https://twitter.com/,ok,https://explorer.ooni.org/m/20260410062600.749041_KR_webconnectivity_67a2e62e6925847c
https://www.facebook.com/,ok,https://explorer.ooni.org/m/20260410062611.767638_KR_webconnectivity_ef76165242e80c9c
https://www.instagram.com/,ok,https://explorer.ooni.org/m/20260410062624.357236_KR_webconnectivity_c8454af76068a751
https://www.youtube.com/,ok,https://explorer.ooni.org/m/20260410062648.475694_KR_webconnectivity_0a3eb539f79eb26a
https://safeabortionpills.org/,http-failure,https://explorer.ooni.org/m/20260410062651.612071_KR_webconnectivity_c5c2b9135c53e370
https://discord.com/,ok,https://explorer.ooni.org/m/20260410062705.418116_KR_webconnectivity_94558877c30e69fe
https://www.tiktok.com/,ok,https://explorer.ooni.org/m/20260410062709.407600_KR_webconnectivity_234f662f81ea125d
https://x.com/,ok,https://explorer.ooni.org/m/20260410062721.478497_KR_webconnectivity_0aab8f0950f0adc5
https://www.reddit.com/,dns,https://explorer.ooni.org/m/20260410062722.560191_KR_webconnectivity_980042e68baf4a34
https://signal.org/,ok,https://explorer.ooni.org/m/20260410062726.104133_KR_webconnectivity_74b510caaf2d9a1a
https://archiveofourown.org/,ok,https://explorer.ooni.org/m/20260410062730.411102_KR_webconnectivity_89a2526d3d6800fc
https://freespeechdebate.com/,tcp_ip,https://explorer.ooni.org/m/20260410062802.026514_KR_webconnectivity_16e904a7877b79bc
https://fronterafundrgv.org/,dns,https://explorer.ooni.org/m/20260410062805.621844_KR_webconnectivity_34b02757428e7d5c
http://fteproxy.org/,dns,https://explorer.ooni.org/m/20260410062810.682063_KR_webconnectivity_719d37da64a00cd1
https://fundtexaschoice.org/,ok,https://explorer.ooni.org/m/20260410062823.470366_KR_webconnectivity_c93d849ca7d0c9b6
https://gaymenshealth.org/,ok,https://explorer.ooni.org/m/20260410062836.667137_KR_webconnectivity_89a952ec65cebed2
https://genderandaids.unwomen.org/,ok,https://explorer.ooni.org/m/20260410062841.515718_KR_webconnectivity_9d8da40b685b23d9
https://globalpressjournal.com/,ok,https://explorer.ooni.org/m/20260410062847.722436_KR_webconnectivity_058bb74e87bd9535
https://globalvoices.org/,error,https://explorer.ooni.org/m/20260410062853.239553_KR_webconnectivity_6a3111573ad1fa9a
http://go.jinbo.net/,ok,https://explorer.ooni.org/m/20260410062859.393837_KR_webconnectivity_69732119cb21bb33
https://gpgtools.org/,ok,https://explorer.ooni.org/m/20260410062904.280005_KR_webconnectivity_0a9e2c075062b9d1
https://guardianproject.info/,ok,https://explorer.ooni.org/m/20260410062913.758713_KR_webconnectivity_6cbd96b05f54ecc9
http://guardster.com/,dns,https://explorer.ooni.org/m/20260410062916.222622_KR_webconnectivity_00ae8c0ba41aa240
http://hbyd.org/,ok,https://explorer.ooni.org/m/20260410062931.750516_KR_webconnectivity_079c7750c7e96f3a
https://help.unhcr.org/,ok,https://explorer.ooni.org/m/20260410062940.870734_KR_webconnectivity_a488c060ea59dcf3
http://hotzone.yahoo.com/,ok,https://explorer.ooni.org/m/20260410062956.028633_KR_webconnectivity_0e7c6728381d8e63
http://hrights.or.kr/,ok,https://explorer.ooni.org/m/20260410063005.063087_KR_webconnectivity_9f831a306c7a5398
http://hrlibrary.umn.edu/iwraw/,ok,https://explorer.ooni.org/m/20260410063010.353957_KR_webconnectivity_43591133cfc71f03
http://humanmed.org/,dns,https://explorer.ooni.org/m/20260410063015.057359_KR_webconnectivity_e3f391ab42fd3134
https://i.gr-assets.com/robots.txt,ok,https://explorer.ooni.org/m/20260410063019.051153_KR_webconnectivity_963f7bc29141e6c9
https://i2p2.de/,error,https://explorer.ooni.org/m/20260410063027.859504_KR_webconnectivity_a858841e322116be
https://i2pd.website/,dns,https://explorer.ooni.org/m/20260410063029.029726_KR_webconnectivity_cfc424599e5d8a3b
https://i2pforum.net/,ok,https://explorer.ooni.org/m/20260410063039.576603_KR_webconnectivity_3e828637d1ca8f11
https://i2pgit.org/,ok,https://explorer.ooni.org/m/20260410063043.563437_KR_webconnectivity_21e0eec75474d410
https://ifeminists.com/,ok,https://explorer.ooni.org/m/20260410063055.166266_KR_webconnectivity_45946f3738268d84
https://ij.org/,ok,https://explorer.ooni.org/m/20260410063057.663501_KR_webconnectivity_3b94444423e1b023
http://ijunnong.net/,ok,https://explorer.ooni.org/m/20260410063103.761831_KR_webconnectivity_7fc4fce11344ba1e
https://ikhwanonline.com/,ok,https://explorer.ooni.org/m/20260410063113.134476_KR_webconnectivity_e886fc37aaa5c5f2
https://ilga.org/,ok,https://explorer.ooni.org/m/20260410063122.793352_KR_webconnectivity_273db7c64239d34a
http://impeter.tistory.com/,ok,https://explorer.ooni.org/m/20260410063125.407700_KR_webconnectivity_dd87bc2d5966768f
https://indymedia.org/,ok,https://explorer.ooni.org/m/20260410063128.867027_KR_webconnectivity_511e05e22678cfd7
http://instinctmagazine.com/,ok,https://explorer.ooni.org/m/20260410063142.143291_KR_webconnectivity_871877ad3362b8aa
https://internationalfamilyequalityday.org/,ok,https://explorer.ooni.org/m/20260410063154.217983_KR_webconnectivity_6d676c6154ebbca7
https://ipi.media/,ok,https://explorer.ooni.org/m/20260410063206.742308_KR_webconnectivity_f0d0dd0931e77d44
https://itgetsbetter.org/,ok,https://explorer.ooni.org/m/20260410063217.797455_KR_webconnectivity_ec8c51d2b3048a63
http://ivancity.com/,dns,https://explorer.ooni.org/m/20260410063220.727737_KR_webconnectivity_4618dd56fe31d74a
https://janesdueprocess.org/,dns,https://explorer.ooni.org/m/20260410063222.146014_KR_webconnectivity_624eb2f2615967e3
https://jezebel.com/,ok,https://explorer.ooni.org/m/20260410063231.071024_KR_webconnectivity_c1fbf94c5c1fb1d9
http://joins.com/,ok,https://explorer.ooni.org/m/20260410063233.915074_KR_webconnectivity_a789f35c626d2186
http://joongang.joins.com/,ok,https://explorer.ooni.org/m/20260410063236.886669_KR_webconnectivity_8388f9e2fa5c8e56
http://joongangdaily.joins.com/,ok,https://explorer.ooni.org/m/20260410063246.647392_KR_webconnectivity_27e23e81224b8c81
http://jtbc.joins.com/,ok,https://explorer.ooni.org/m/20260410063259.489308_KR_webconnectivity_700b29d989dc11c5
https://justassociates.org/,ok,https://explorer.ooni.org/m/20260410063315.920872_KR_webconnectivity_84d836303cf5e695
http://justicewomen.com/,ok,https://explorer.ooni.org/m/20260410063322.650247_KR_webconnectivity_039c15baa903f29a
https://justthepill.com/,dns,https://explorer.ooni.org/m/20260410063323.517063_KR_webconnectivity_b90f964c2e5e3478
https://kaleidoscopetrust.com/,ok,https://explorer.ooni.org/m/20260410063339.664770_KR_webconnectivity_786c2980353eb4d9
https://katcr.to/,dns,https://explorer.ooni.org/m/20260410063341.093008_KR_webconnectivity_7a6737eee24352f7
http://kcnawatch.co/,confirmed,https://explorer.ooni.org/m/20260410063342.722548_KR_webconnectivity_0995fc4519974d31
https://keys.openpgp.org/,ok,https://explorer.ooni.org/m/20260410063346.957589_KR_webconnectivity_51f22129fe94bffe
http://kfcitu.org/,ok,https://explorer.ooni.org/m/20260410063355.323471_KR_webconnectivity_13ed2f54da29e748
http://khilafah.net/,ok,https://explorer.ooni.org/m/20260410063413.839295_KR_webconnectivity_dea1647513cc2013
http://kicc-dprk.org/,confirmed,https://explorer.ooni.org/m/20260410063419.741119_KR_webconnectivity_f3f271bbf93c3190
http://kieu.or.kr/,ok,https://explorer.ooni.org/m/20260410063426.593952_KR_webconnectivity_94bbe2332b026cda
http://koreapinkmap.com/,http-failure,https://explorer.ooni.org/m/20260410063431.607670_KR_webconnectivity_446b2e9a1c3536ff
http://koredufund.org.kp/,dns,https://explorer.ooni.org/m/20260410063438.368695_KR_webconnectivity_b852376fb1bd7ce2
http://korelcfund.org.kp/,dns,https://explorer.ooni.org/m/20260410063442.364708_KR_webconnectivity_a0b6db80f83d33a2
http://ktu.or.kr/,tcp_ip,https://explorer.ooni.org/m/20260410063517.188160_KR_webconnectivity_ed25305abaa3d90a
https://laborrights.org/,ok,https://explorer.ooni.org/m/20260410063527.241322_KR_webconnectivity_6c9b711dc964c436
http://leftworkers.org/,ok,https://explorer.ooni.org/m/20260410063529.494478_KR_webconnectivity_8d9b6e43f2206488
https://lgbt.foundation/,ok,https://explorer.ooni.org/m/20260410063538.187083_KR_webconnectivity_a109f70193296022
http://lgbt.kdlp.org/,ok,https://explorer.ooni.org/m/20260410063539.826718_KR_webconnectivity_47d67accac5c3bd7
http://lgbtact.org/,dns,https://explorer.ooni.org/m/20260410063555.614939_KR_webconnectivity_ff2f6d676362cc54
https://lgbtqia.space/,ok,https://explorer.ooni.org/m/20260410063603.028530_KR_webconnectivity_aa3c836d46f44893
https://liveuamap.com/,ok,https://explorer.ooni.org/m/20260410063616.544990_KR_webconnectivity_2dcaacbdae144a61
https://lokinet.org/,ok,https://explorer.ooni.org/m/20260410063622.629682_KR_webconnectivity_3a092e950a36578a
https://makeamazonpay.com/,ok,https://explorer.ooni.org/m/20260410063635.861976_KR_webconnectivity_c6bad08e904e3ac3
https://mask-api.icloud.com/,ok,https://explorer.ooni.org/m/20260410063641.116391_KR_webconnectivity_b685759f486c97ae
https://mask.icloud.com/,error,https://explorer.ooni.org/m/20260410063644.857271_KR_webconnectivity_27bd7f129cf33b24
https://massbrowser.cs.umass.edu/,ok,https://explorer.ooni.org/m/20260410063648.962490_KR_webconnectivity_d3a330c146a800b6
http://media.daum.net/,ok,https://explorer.ooni.org/m/20260410063709.693838_KR_webconnectivity_4a589f6a5b057194
http://media.nodong.org/,ok,https://explorer.ooni.org/m/20260410063718.467238_KR_webconnectivity_9ec67263cdfbafbe
https://mega.nz/,ok,https://explorer.ooni.org/m/20260410063724.543555_KR_webconnectivity_b0d6325dbca677a9
http://members.tripod.com/~INDIA_RESOURCE/savoice.html,dns,https://explorer.ooni.org/m/20260410063730.060917_KR_webconnectivity_b067ea9f83c87c31
https://messagevortex.net/,ok,https://explorer.ooni.org/m/20260410063735.489226_KR_webconnectivity_84f9e8c262d7f1e0
https://microsoftedge.microsoft.com/,dns,https://explorer.ooni.org/m/20260410063737.475582_KR_webconnectivity_af3968b630b4aec5
http://migrant.nodong.net/,ok,https://explorer.ooni.org/m/20260410063743.032006_KR_webconnectivity_1f6caad90fd589f4
http://minbyun.jinbo.net/,ok,https://explorer.ooni.org/m/20260410063753.935983_KR_webconnectivity_077c90249023a3ca
https://moscow.rtrs.ru/,ok,https://explorer.ooni.org/m/20260410063812.415831_KR_webconnectivity_cd8c4c7abef2748c
http://naenara.com.kp/,dns,https://explorer.ooni.org/m/20260410063816.628510_KR_webconnectivity_978cd60182512d6a
https://ncac.org/,ok,https://explorer.ooni.org/m/20260410063830.591802_KR_webconnectivity_cacf023efab6ad4f
https://neilalexander.s3.dualstack.eu-west-2.amazonaws.com/deb/key.txt,ok,https://explorer.ooni.org/m/20260410063838.771170_KR_webconnectivity_521aed7b843a0ae4
http://news.bbc.co.uk/2/hi/asia-pacific/,ok,https://explorer.ooni.org/m/20260410063852.455812_KR_webconnectivity_9b40959ced72826f
https://news.google.com/,ok,https://explorer.ooni.org/m/20260410063905.920013_KR_webconnectivity_98dc24365257b70f
http://news.naver.com/,ok,https://explorer.ooni.org/m/20260410063924.417215_KR_webconnectivity_090ff85195049533
http://newstapa.org/,ok,https://explorer.ooni.org/m/20260410063931.615124_KR_webconnectivity_bc31344ac542efd6
http://nodong.org/,ok,https://explorer.ooni.org/m/20260410063947.018026_KR_webconnectivity_125750a48d9c3a88
http://noneis.jinbo.net/,ok,https://explorer.ooni.org/m/20260410063952.483266_KR_webconnectivity_091d17162e9ed7c3
https://now.org/,ok,https://explorer.ooni.org/m/20260410064003.736644_KR_webconnectivity_71b14b725ae2ed19
https://numun.fund/,ok,https://explorer.ooni.org/m/20260410064023.111071_KR_webconnectivity_e355407c5fb43f09
https://nypost.com/,ok,https://explorer.ooni.org/m/20260410064038.034704_KR_webconnectivity_97a555e35c4c90d2
https://onionshare.org/,ok,https://explorer.ooni.org/m/20260410064043.192231_KR_webconnectivity_dbe6f0c457afe334
https://ooni.torproject.org/,dns,https://explorer.ooni.org/m/20260410064044.719903_KR_webconnectivity_701b151d4def3a9e
https://opennet.net/,ok,https://explorer.ooni.org/m/20260410064051.877347_KR_webconnectivity_5faba65b90386a70
http://opennet.or.kr/,ok,https://explorer.ooni.org/m/20260410064117.466405_KR_webconnectivity_f5bb8233b0795692
https://openverse.org/,ok,https://explorer.ooni.org/m/20260410064120.057262_KR_webconnectivity_65146f2581355b2a
https://openvpn.net/,dns,https://explorer.ooni.org/m/20260410064121.525399_KR_webconnectivity_ff430d7d87c85476
http://osaka.korea-htr.com/,ok,https://explorer.ooni.org/m/20260410064130.796674_KR_webconnectivity_61b8793779540ba0
https://otr.cypherpunks.ca/,ok,https://explorer.ooni.org/m/20260410064137.056905_KR_webconnectivity_ff9113fb2cb6ceb4
http://outpridekorea.com/,dns,https://explorer.ooni.org/m/20260410064152.803823_KR_webconnectivity_52951304faa21eff
https://outrightinternational.org/,ok,https://explorer.ooni.org/m/20260410064202.226123_KR_webconnectivity_35275fcbbf422396
http://peacekorea.org/,ok,https://explorer.ooni.org/m/20260410064208.774844_KR_webconnectivity_879cf4538c63d964
https://pirateparty.org.au/,ok,https://explorer.ooni.org/m/20260410064212.764828_KR_webconnectivity_e95d7f57a0665249
http://poor.jinbo.net/,ok,https://explorer.ooni.org/m/20260410064218.737906_KR_webconnectivity_9c083affeb4d8e67
http://ppss.kr/,ok,https://explorer.ooni.org/m/20260410064234.970267_KR_webconnectivity_7ec999b065c59158
https://pridesource.com/,ok,https://explorer.ooni.org/m/20260410064242.273381_KR_webconnectivity_c20c54085d66b8b7
https://proton.me/,ok,https://explorer.ooni.org/m/20260410064259.450935_KR_webconnectivity_4108b0e4a3c9a375
https://protonvpn.com/,http-failure,https://explorer.ooni.org/m/20260410064321.537466_KR_webconnectivity_b9d3eb74195aadc2
http://proxy.org/,dns,https://explorer.ooni.org/m/20260410064337.623912_KR_webconnectivity_b1eb9756297232f6
http://proxytools.sourceforge.net/,ok,https://explorer.ooni.org/m/20260410064340.371011_KR_webconnectivity_536f73de19094f92
https://psiphon.ca/,dns,https://explorer.ooni.org/m/20260410064341.460105_KR_webconnectivity_9f330c3cf0aed522
http://pssp.org/,ok,https://explorer.ooni.org/m/20260410064347.206646_KR_webconnectivity_88d413793c39888b
https://queernet-rlp.de/,ok,https://explorer.ooni.org/m/20260410064403.621324_KR_webconnectivity_2dd68159ed122f25
https://radiofreel.github.io/,ok,https://explorer.ooni.org/m/20260410064410.132747_KR_webconnectivity_016683862a02cc67
https://radiofreel.gitlab.io/,ok,https://explorer.ooni.org/m/20260410064416.054874_KR_webconnectivity_05f26e4ff1e5519c
https://reclaimthenet.org/,ok,https://explorer.ooni.org/m/20260410064431.819789_KR_webconnectivity_1aa754fc27d2fd87
https://reliefweb.int/,ok,https://explorer.ooni.org/m/20260410064446.204707_KR_webconnectivity_807335b8bdccef25
https://remailer.paranoici.org/,ok,https://explorer.ooni.org/m/20260410064451.049905_KR_webconnectivity_859dcf9ae531f4f9
https://ren.tv/,ok,https://explorer.ooni.org/m/20260410064503.809193_KR_webconnectivity_c3d789e5db350710
https://reproductiverights.org/,ok,https://explorer.ooni.org/m/20260410064515.929435_KR_webconnectivity_5fdade2bdd780243
https://ria.ru/,ok,https://explorer.ooni.org/m/20260410064534.374598_KR_webconnectivity_aa92219b5e0cebda
http://rodong.rep.kp/,dns,https://explorer.ooni.org/m/20260410064600.539288_KR_webconnectivity_265b9f1e899a3c0c
https://rsf.org/,ok,https://explorer.ooni.org/m/20260410064612.960791_KR_webconnectivity_5cac716f711097e4
https://rtr-planeta.com/,error,https://explorer.ooni.org/m/20260410064633.144840_KR_webconnectivity_36b82466d6a38b85
http://russia.tv/,dns,https://explorer.ooni.org/m/20260410064634.831194_KR_webconnectivity_7bdccea0241a9a53
http://sadd.or.kr/,ok,https://explorer.ooni.org/m/20260410064648.769575_KR_webconnectivity_6fc8220b983bd39b
https://safeabortionpill.org/,ok,https://explorer.ooni.org/m/20260410064655.314964_KR_webconnectivity_061919339d400baf
https://safeabortionpills.com/,ok,https://explorer.ooni.org/m/20260410064700.414459_KR_webconnectivity_19ba616b23a59a29
http://samugol.net/,ok,https://explorer.ooni.org/m/20260410064703.727840_KR_webconnectivity_450b0eaabaa73c96
https://sandbox.cryptpad.info/,ok,https://explorer.ooni.org/m/20260410064707.217727_KR_webconnectivity_907564461ab74a72
https://sea-watch.org/,ok,https://explorer.ooni.org/m/20260410064721.948086_KR_webconnectivity_37f5a6a45b215ffe
https://secfirst.org/,error,https://explorer.ooni.org/m/20260410064725.309851_KR_webconnectivity_17f9e18360a0ec2d
https://securevpn.im/,dns,https://explorer.ooni.org/m/20260410064731.759230_KR_webconnectivity_392337942ef66d63
http://seoul.nodong.org/,ok,https://explorer.ooni.org/m/20260410064736.439873_KR_webconnectivity_3c6da7178f71d286
http://service.nodong.org/,ok,https://explorer.ooni.org/m/20260410064749.190708_KR_webconnectivity_65b9a269eb70913d
http://sewolho416.org/,ok,https://explorer.ooni.org/m/20260410064753.720619_KR_webconnectivity_065f44a231fd118b
https://slate.com/,ok,https://explorer.ooni.org/m/20260410064806.744426_KR_webconnectivity_1944237e463d25e8
https://southfeministfutures.org/,ok,https://explorer.ooni.org/m/20260410064815.035420_KR_webconnectivity_715fe83e181540da
https://sputniknews.cn/,ok,https://explorer.ooni.org/m/20260410064830.466707_KR_webconnectivity_6e9b78b0e657b147
https://subscene.com/,dns,https://explorer.ooni.org/m/20260410064836.066952_KR_webconnectivity_bf432ec4e458c229
http://surprise.or.kr/board/,ok,https://explorer.ooni.org/m/20260410064841.353311_KR_webconnectivity_d2cd3694f67cab13
https://tacticaltech.org/,ok,https://explorer.ooni.org/m/20260410064902.293275_KR_webconnectivity_f11b10eec7c9a9f1
https://tails.net/,ok,https://explorer.ooni.org/m/20260410064907.108032_KR_webconnectivity_7649e7293a5b574b
https://telegram.org/,dns,https://explorer.ooni.org/m/20260410064909.610626_KR_webconnectivity_4c192e3472be97fc
https://theglobalobservatory.org/,ok,https://explorer.ooni.org/m/20260410064919.303742_KR_webconnectivity_7bc5ba3467742136
http://theimpeter.com/,error,https://explorer.ooni.org/m/20260410064937.821621_KR_webconnectivity_384bc55be69cb148
https://threema.ch/,ok,https://explorer.ooni.org/m/20260410064954.249592_KR_webconnectivity_12390e266a8b224a
https://timcast.com/,ok,https://explorer.ooni.org/m/20260410065004.710590_KR_webconnectivity_69f22d221b8aaabb
http://times.hankooki.com/,dns,https://explorer.ooni.org/m/20260410065006.310120_KR_webconnectivity_08a4bca4ec9a4f53
https://timesofindia.indiatimes.com/,ok,https://explorer.ooni.org/m/20260410065019.621023_KR_webconnectivity_bff4c2972f352d00
http://torrentdada.com/,dns,https://explorer.ooni.org/m/20260410065021.113274_KR_webconnectivity_00585bf821f809ca
http://torrentgogo.com/,ok,https://explorer.ooni.org/m/20260410065021.915017_KR_webconnectivity_2cde43ccc0791d25
http://torters.com/,dns,https://explorer.ooni.org/m/20260410065022.618617_KR_webconnectivity_eee3273557c4f609
https://transequality.org/,ok,https://explorer.ooni.org/m/20260410065033.840230_KR_webconnectivity_7137acdc7c742113
http://transparency.or.kr/,ok,https://explorer.ooni.org/m/20260410065041.768089_KR_webconnectivity_5cc80bdc1770a407
http://twokoreas.blogspot.com/,ok,https://explorer.ooni.org/m/20260410065055.711335_KR_webconnectivity_e05276f0e7ddffd8
https://tyt.com/,ok,https://explorer.ooni.org/m/20260410065108.988442_KR_webconnectivity_fb9bb26048999e45
https://unpo.org/,ok,https://explorer.ooni.org/m/20260410065121.206587_KR_webconnectivity_9b789c1d81b3101a
https://urgentactionfund.org/,ok,https://explorer.ooni.org/m/20260410065132.688132_KR_webconnectivity_9c2088e719a7d5f9
https://veracrypt.fr/,ok,https://explorer.ooni.org/m/20260410065137.538846_KR_webconnectivity_10eb169cce78a474
https://vgtrk.ru/,ok,https://explorer.ooni.org/m/20260410065146.629129_KR_webconnectivity_5be76fc79ec2a8bf
http://viewsnnews.com/,ok,https://explorer.ooni.org/m/20260410065156.604957_KR_webconnectivity_3b84892fbde58676
https://vimeo.com/,dns,https://explorer.ooni.org/m/20260410065157.745254_KR_webconnectivity_83404b5b625cba5c
http://vok.rep.kp/,dns,https://explorer.ooni.org/m/20260410065202.375171_KR_webconnectivity_22c697455fce77bb
https://vuejs.org/,ok,https://explorer.ooni.org/m/20260410065209.546509_KR_webconnectivity_5fbbda65ffe3eb2c
http://wcollar.tistory.com/308,ok,https://explorer.ooni.org/m/20260410065212.301855_KR_webconnectivity_0aa248ee8dc0da07
https://wearechange.org/,ok,https://explorer.ooni.org/m/20260410065224.737370_KR_webconnectivity_5920d953534fd456
https://wedo.org/,ok,https://explorer.ooni.org/m/20260410065243.507840_KR_webconnectivity_e9482fff9d55e489
https://wfrtds.org/,ok,https://explorer.ooni.org/m/20260410065259.818889_KR_webconnectivity_99f64831e50a5a14
https://whrdic.org/,ok,https://explorer.ooni.org/m/20260410065313.701517_KR_webconnectivity_ff35f17c1be41211
https://wickr.com/,ok,https://explorer.ooni.org/m/20260410065324.371680_KR_webconnectivity_d67412b1388a69c4
https://wikileaks.org/,ok,https://explorer.ooni.org/m/20260410065331.301746_KR_webconnectivity_46a8b9cf5b1a2d33
https://women-on-web.kr/,ok,https://explorer.ooni.org/m/20260410065344.410035_KR_webconnectivity_467987aed78f9687
https://womeninblack.org/,ok,https://explorer.ooni.org/m/20260410065355.774881_KR_webconnectivity_e3baa842c0071df7
http://workingvoice.net/,ok,https://explorer.ooni.org/m/20260410065405.979806_KR_webconnectivity_fc24f9ad1e34f006
https://world.internationalism.org/,ok,https://explorer.ooni.org/m/20260410065414.769761_KR_webconnectivity_08c43d9d571b7547
http://www.0ubada.net/,ok,https://explorer.ooni.org/m/20260410065416.765270_KR_webconnectivity_064186b55c1a4256
http://www.1koreannews.com/,ok,https://explorer.ooni.org/m/20260410065418.444007_KR_webconnectivity_999c8bbb881c3598
https://www.1tv.ru/,ok,https://explorer.ooni.org/m/20260410065426.367308_KR_webconnectivity_ba0aa4d0c7f30781
http://www.2016change.net/,ok,https://explorer.ooni.org/m/20260410065439.772710_KR_webconnectivity_eae416caf7a57fb0
https://www.access-unlocked.org/,ok,https://explorer.ooni.org/m/20260410065450.749997_KR_webconnectivity_0015347a09a72d67
https://www.accessnow.org/,ok,https://explorer.ooni.org/m/20260410065502.508310_KR_webconnectivity_b2ee5a1621eb5f15
https://www.afp.com/,ok,https://explorer.ooni.org/m/20260410065517.484096_KR_webconnectivity_ff543e7bc6a154ef
https://www.ahram.org.eg/,ok,https://explorer.ooni.org/m/20260410065606.643077_KR_webconnectivity_698b1a922f66f7f2
https://www.alhurra.com/,ok,https://explorer.ooni.org/m/20260410065617.289533_KR_webconnectivity_d967ddb6a90856ec
https://www.aljazeera.com/,ok,https://explorer.ooni.org/m/20260410065632.762069_KR_webconnectivity_ba3e72bc93f24d3e
https://www.aljazeera.net/,ok,https://explorer.ooni.org/m/20260410065648.881917_KR_webconnectivity_a778df48d53b8312
https://www.almanar.com.lb/,ok,https://explorer.ooni.org/m/20260410065657.145910_KR_webconnectivity_c228848b0e8959a7
http://www.amnesty.or.kr/,ok,https://explorer.ooni.org/m/20260410065716.693731_KR_webconnectivity_3e61afb4b7365a6c
https://www.amnesty.org/,ok,https://explorer.ooni.org/m/20260410065729.064074_KR_webconnectivity_e25a5c5e35d9ec1c
https://www.amnestyusa.org/,ok,https://explorer.ooni.org/m/20260410065737.201402_KR_webconnectivity_d900e8d5e3b90d51
http://www.amrc.org.hk/,ok,https://explorer.ooni.org/m/20260410065741.862820_KR_webconnectivity_63d94aa94442c392
https://www.apt.ch/,ok,https://explorer.ooni.org/m/20260410065754.629625_KR_webconnectivity_30624af82fbf1c69
http://www.apwld.org/,http-failure,https://explorer.ooni.org/m/20260410065803.632830_KR_webconnectivity_23680ee7bb13ab0a
http://www.arrc-hre.com/,ok,https://explorer.ooni.org/m/20260410065828.218133_KR_webconnectivity_ee4bd06213622e07
http://www.asia-daily.com/,ok,https://explorer.ooni.org/m/20260410065831.928951_KR_webconnectivity_9a9831c4f604f99b
http://www.asiamedia.ucla.edu/,tcp_ip,https://explorer.ooni.org/m/20260410065918.046315_KR_webconnectivity_3c222f4b8238ee14
http://www.asian-migrants.org/,ok,https://explorer.ooni.org/m/20260410065933.090753_KR_webconnectivity_379b2e310e18cffd
http://www.asiapacificnews.com/,ok,https://explorer.ooni.org/m/20260410065936.833256_KR_webconnectivity_2511ebcda604b43c
https://www.awid.org/,ok,https://explorer.ooni.org/m/20260410065949.145862_KR_webconnectivity_e30029098e433d65
https://www.bbc.com/,ok,https://explorer.ooni.org/m/20260410070002.165756_KR_webconnectivity_45bb5341d7537605
https://www.benarnews.org/,ok,https://explorer.ooni.org/m/20260410070016.403645_KR_webconnectivity_b2ea69e0c2fe94b6
https://www.benedelman.org/,ok,https://explorer.ooni.org/m/20260410070030.902037_KR_webconnectivity_ceb8275859e17067
http://www.bicommunitynews.co.uk/,ok,https://explorer.ooni.org/m/20260410070051.372799_KR_webconnectivity_4559966d4f94e80b
https://www.bitmask.net/,ok,https://explorer.ooni.org/m/20260410070100.389194_KR_webconnectivity_68c0cfef6fcd34f4
https://www.btselem.org/,ok,https://explorer.ooni.org/m/20260410070107.857198_KR_webconnectivity_c1ad193d1d5989e7
http://www.buddy79.com/,ok,https://explorer.ooni.org/m/20260410070113.723089_KR_webconnectivity_896a965703f47b8e
https://www.buzzfeed.com/,ok,https://explorer.ooni.org/m/20260410070124.857947_KR_webconnectivity_fc3246e4112eb807
https://www.caritas.org/,ok,https://explorer.ooni.org/m/20260410070133.148948_KR_webconnectivity_356b4dfe48526679
https://www.cartercenter.org/,ok,https://explorer.ooni.org/m/20260410070146.209969_KR_webconnectivity_eb5c49a73da3a74e
https://www.cbc.ca/,ok,https://explorer.ooni.org/m/20260410070156.325773_KR_webconnectivity_23774d210aad28d2
https://www.cbsnews.com/,ok,https://explorer.ooni.org/m/20260410070208.459050_KR_webconnectivity_4831e8b917179fda
http://www.ccdm.or.kr/,ok,https://explorer.ooni.org/m/20260410070221.067740_KR_webconnectivity_b8afdc9a192a528e
http://www.cesr.org/,ok,https://explorer.ooni.org/m/20260410070233.007903_KR_webconnectivity_2f5a29eef1a3e8dd
https://www.cfr.org/,ok,https://explorer.ooni.org/m/20260410070250.025373_KR_webconnectivity_3af6cc3677e7e5f7
https://www.cgtn.com/,ok,https://explorer.ooni.org/m/20260410070303.239786_KR_webconnectivity_d3118afb8f298125
https://www.change.org/,ok,https://explorer.ooni.org/m/20260410070314.684526_KR_webconnectivity_a2fdeafb27f45f97
http://www.channelnewsasia.com/,ok,https://explorer.ooni.org/m/20260410070323.659163_KR_webconnectivity_26616ad5e9aea1ae
https://www.chinadaily.com.cn/,ok,https://explorer.ooni.org/m/20260410070333.635117_KR_webconnectivity_e07f457ffac99692
http://www.chingusai.net/,dns,https://explorer.ooni.org/m/20260410070338.079170_KR_webconnectivity_5caeb5d07394c65d
http://www.chosun.com/,ok,https://explorer.ooni.org/m/20260410070353.238301_KR_webconnectivity_6ea2f2cf93f9d46a
http://www.cizel.co.kr/,dns,https://explorer.ooni.org/m/20260410070353.980507_KR_webconnectivity_486034fbeaeb4ac2
https://www.cnbc.com/,ok,https://explorer.ooni.org/m/20260410070406.508027_KR_webconnectivity_cac70d48f2d02be0
http://www.collegehumor.com/,dns,https://explorer.ooni.org/m/20260410070422.570909_KR_webconnectivity_8a8cffd1001bbc32
https://www.dailysabah.com/,ok,https://explorer.ooni.org/m/20260410070437.451288_KR_webconnectivity_ee1cbf0912f46da1
https://www.dd-rd.ca/,ok,https://explorer.ooni.org/m/20260410070439.766862_KR_webconnectivity_9d864c7351dc7c0d
http://www.ddanzi.com/,ok,https://explorer.ooni.org/m/20260410070447.064856_KR_webconnectivity_3b5ca7efa82ab48f
https://www.dea.gov/,ok,https://explorer.ooni.org/m/20260410070449.890433_KR_webconnectivity_5f7d9f2356884e1a
https://www.democracycaucus.net/,ok,https://explorer.ooni.org/m/20260410070457.512387_KR_webconnectivity_ae0830fdd705db47
https://www.democracynow.org/,ok,https://explorer.ooni.org/m/20260410070511.063403_KR_webconnectivity_2e03640ebb957213
http://www.depdc.org/,ok,https://explorer.ooni.org/m/20260410070514.432915_KR_webconnectivity_0ff3c77a95686a18
https://www.derechos.org/,ok,https://explorer.ooni.org/m/20260410070520.863877_KR_webconnectivity_492275a9b1973a26
http://www.donga.com/,ok,https://explorer.ooni.org/m/20260410070540.255610_KR_webconnectivity_46ac8ea798b29ae6
https://www.dopplr.com/,ok,https://explorer.ooni.org/m/20260410070546.260289_KR_webconnectivity_8603c3ac66c5bdab
http://www.dprk-stamp.com/,ok,https://explorer.ooni.org/m/20260410070548.948899_KR_webconnectivity_14fed65073bb6fa8
http://www.drudgereport.com/,ok,https://explorer.ooni.org/m/20260410070604.493660_KR_webconnectivity_495990a3450f1f5c
https://www.dw.com/,ok,https://explorer.ooni.org/m/20260410070609.372488_KR_webconnectivity_e25ba048f2d6da90
http://www.ebn.co.kr/,ok,https://explorer.ooni.org/m/20260410070626.530458_KR_webconnectivity_7e69f298bd348f6b
http://www.ecequality.org/,ok,https://explorer.ooni.org/m/20260410070637.558552_KR_webconnectivity_834d2447d2138c72
http://www.eduhope.net/,ok,https://explorer.ooni.org/m/20260410070651.718060_KR_webconnectivity_989a96d1ef0cfd69
https://www.eff.org/,ok,https://explorer.ooni.org/m/20260410070658.999491_KR_webconnectivity_6389fa3589f298d8
http://www.elufa.net/,confirmed,https://explorer.ooni.org/m/20260410070703.746652_KR_webconnectivity_244be7f04c80a035
https://www.eluniversal.com/,ok,https://explorer.ooni.org/m/20260410070716.721389_KR_webconnectivity_b197f0417f407d02
https://www.endfgm.eu/,ok,https://explorer.ooni.org/m/20260410070724.932653_KR_webconnectivity_7f4e471f8723ecd3
http://www.equaline.or.kr/,ok,https://explorer.ooni.org/m/20260410070741.545322_KR_webconnectivity_d98efde99405bc58
https://www.eurobicon.org/,dns,https://explorer.ooni.org/m/20260410070743.058351_KR_webconnectivity_94187f28ed00fffa
https://www.euronews.com/,ok,https://explorer.ooni.org/m/20260410070756.834129_KR_webconnectivity_f6a34c4de0ba28d1
https://www.exitinternational.net/,ok,https://explorer.ooni.org/m/20260410070809.062969_KR_webconnectivity_e7e993b14f941f7c
https://www.expressvpn.com/,ok,https://explorer.ooni.org/m/20260410070820.787371_KR_webconnectivity_8c8a522ee273749c
https://www.f-secure.com/,dns,https://explorer.ooni.org/m/20260410070851.576000_KR_webconnectivity_d4a1042bf5ebdcd3
https://www.familyequality.org/,ok,https://explorer.ooni.org/m/20260410070904.482421_KR_webconnectivity_c80e00f512593909
https://www.fanfiction.net/,ok,https://explorer.ooni.org/m/20260410070908.572497_KR_webconnectivity_9c1dfe4ea4baaffa
https://www.feminist.com/,ok,https://explorer.ooni.org/m/20260410070924.789460_KR_webconnectivity_8f3ea9968b218fcd
https://www.fidh.org/,ok,https://explorer.ooni.org/m/20260410070932.044155_KR_webconnectivity_770b7293c518ddfd
http://www.fktu.or.kr/,ok,https://explorer.ooni.org/m/20260410070940.728979_KR_webconnectivity_21a9cf9cdb6e9764
https://www.fondationdefrance.org/,ok,https://explorer.ooni.org/m/20260410070955.174065_KR_webconnectivity_2c15b34ccb3e27ae
https://www.forbes.com/,ok,https://explorer.ooni.org/m/20260410071011.520584_KR_webconnectivity_c36c7fe2b59e1006
https://www.fordfoundation.org/,ok,https://explorer.ooni.org/m/20260410071027.304417_KR_webconnectivity_1b34b0612ee77012
http://www.forum-asia.org/,ok,https://explorer.ooni.org/m/20260410071030.862160_KR_webconnectivity_b3a6ad424198db4b
https://www.forum18.org/,ok,https://explorer.ooni.org/m/20260410071038.122177_KR_webconnectivity_6540930bcd1bd8d7
https://www.france24.com/,ok,https://explorer.ooni.org/m/20260410071043.232244_KR_webconnectivity_843abde2cb9d7255
https://www.francemediasmonde.com/,ok,https://explorer.ooni.org/m/20260410071058.623290_KR_webconnectivity_0c31f39a8abbccc8
http://www.freedominfo.org/,ok,https://explorer.ooni.org/m/20260410071100.168344_KR_webconnectivity_9afe77e671fdc970
http://www.freeexpression.org/,ok,https://explorer.ooni.org/m/20260410071113.594822_KR_webconnectivity_08b0f3f5aa8ae2f4
https://www.freespeech.com/,ok,https://explorer.ooni.org/m/20260410071124.357318_KR_webconnectivity_4452ead3671a2134
https://www.frontlinedefenders.org/,ok,https://explorer.ooni.org/m/20260410071133.655390_KR_webconnectivity_c0ddfe7f276b5cf0
http://www.ftchinese.com/,ok,https://explorer.ooni.org/m/20260410071143.311523_KR_webconnectivity_e0c608836c52ed35
http://www.gayegypt.com/,dns,https://explorer.ooni.org/m/20260410071144.501844_KR_webconnectivity_0ae1cf12b086400a
http://www.gayrice.com/,dns,https://explorer.ooni.org/m/20260410071146.066337_KR_webconnectivity_71bfdd1071a1fdce
http://www.gayrice.com/gayplaces/country.php?cid=126,dns,https://explorer.ooni.org/m/20260410071147.144248_KR_webconnectivity_453d03fb745355ff
http://www.gayscape.com/,dns,https://explorer.ooni.org/m/20260410071154.354941_KR_webconnectivity_7ec2d0ce723a5f12
https://www.gaystarnews.com/,dns,https://explorer.ooni.org/m/20260410071155.524527_KR_webconnectivity_542c05dbc36ef55c
https://www.gearthblog.com/,ok,https://explorer.ooni.org/m/20260410071204.294965_KR_webconnectivity_12b59578d983bfdf
https://www.genderit.org/,ok,https://explorer.ooni.org/m/20260410071212.591298_KR_webconnectivity_6baa8b75ed36f769
https://www.getoutline.org/,ok,https://explorer.ooni.org/m/20260410071216.640464_KR_webconnectivity_e9282061e4807a67
https://www.girlsnotbrides.org/,ok,https://explorer.ooni.org/m/20260410071234.302831_KR_webconnectivity_9f19587251a908ea
http://www.glaad.org/,ok,https://explorer.ooni.org/m/20260410071251.145709_KR_webconnectivity_b37ed1f4d77fce72
https://www.globaleaks.org/,ok,https://explorer.ooni.org/m/20260410071304.613961_KR_webconnectivity_083dd6ea89b3fd7b
https://www.globalfundforwomen.org/,ok,https://explorer.ooni.org/m/20260410071320.855875_KR_webconnectivity_722dfd98bbfe7549
http://www.globalgayz.com/g-korea.html,ok,https://explorer.ooni.org/m/20260410071334.154587_KR_webconnectivity_c908c8ecfa75d865
http://www.globalr2p.org/,ok,https://explorer.ooni.org/m/20260410071351.666953_KR_webconnectivity_07fbf22d3f89711c
https://www.glsen.org/,ok,https://explorer.ooni.org/m/20260410071405.033388_KR_webconnectivity_0c525dcaedb9a3d4
http://www.gmhc.org/,ok,https://explorer.ooni.org/m/20260410071423.617497_KR_webconnectivity_e10f9343cf8d64b3
https://www.gnu.org/,ok,https://explorer.ooni.org/m/20260410071447.071433_KR_webconnectivity_64e23d2725e64d62
https://www.gnupg.org/,ok,https://explorer.ooni.org/m/20260410071454.017435_KR_webconnectivity_913fd9797d49d11d
http://www.gobalnews.com/,ok,https://explorer.ooni.org/m/20260410071509.638554_KR_webconnectivity_23c59bd036ab8358
http://www.granma.cu/,ok,https://explorer.ooni.org/m/20260410071526.805890_KR_webconnectivity_ba4dfebe1bd68116
https://www.guerrillagirls.com/,dns,https://explorer.ooni.org/m/20260410071527.958413_KR_webconnectivity_3cb915da47a960fa
https://www.haaretz.com/,ok,https://explorer.ooni.org/m/20260410071542.618581_KR_webconnectivity_18d315a2d7002da4
http://www.hani.co.kr/,ok,https://explorer.ooni.org/m/20260410071555.686498_KR_webconnectivity_3390eb4ef4d1e12c
http://www.hankooki.com/,ok,https://explorer.ooni.org/m/20260410071615.364913_KR_webconnectivity_c6dc2458b11f0028
http://www.hellodd.com/,ok,https://explorer.ooni.org/m/20260410071635.075544_KR_webconnectivity_41ad5713459dec0b
https://www.herdict.org/,ok,https://explorer.ooni.org/m/20260410071646.922723_KR_webconnectivity_7d1170086f7f95f0
https://www.heritage.org/,ok,https://explorer.ooni.org/m/20260410071659.829980_KR_webconnectivity_d0f909d5f200d491
https://www.heyjane.com/,ok,https://explorer.ooni.org/m/20260410071717.183367_KR_webconnectivity_da49c59293645ed3
http://www.hizb-ut-tahrir.org/,ok,https://explorer.ooni.org/m/20260410071733.957634_KR_webconnectivity_00b4f164bec4448b
http://www.hopeandlaw.org/,ok,https://explorer.ooni.org/m/20260410071752.698289_KR_webconnectivity_c0cbee8af1041f56
http://www.hotline.or.kr/,ok,https://explorer.ooni.org/m/20260410071812.904939_KR_webconnectivity_51494027d325a73d
http://www.hrc.org/,ok,https://explorer.ooni.org/m/20260410071831.597445_KR_webconnectivity_a0fb6fa6521f03ab
http://www.hrea.org/,ok,https://explorer.ooni.org/m/20260410071845.657073_KR_webconnectivity_6fab84fcde501d79
https://www.huffpost.com/,ok,https://explorer.ooni.org/m/20260410071858.307880_KR_webconnectivity_623e11c3c2d964fe
https://www.humanrightsconnected.org/,ok,https://explorer.ooni.org/m/20260410071904.297297_KR_webconnectivity_beb083f4259fdf26
http://www.humanrightsfirst.org/,ok,https://explorer.ooni.org/m/20260410071922.065174_KR_webconnectivity_7209ec58975b851f
http://www.i615.net/,error,https://explorer.ooni.org/m/20260410071928.037433_KR_webconnectivity_287ababc145baa30
http://www.iaffe.org/,ok,https://explorer.ooni.org/m/20260410071935.883486_KR_webconnectivity_bcf0c8000e34ebd5
https://www.icij.org/,ok,https://explorer.ooni.org/m/20260410071957.287040_KR_webconnectivity_5ef6234ae272e191
http://www.icrw.org/,ok,https://explorer.ooni.org/m/20260410072007.062317_KR_webconnectivity_9acae5bd5a78466b
https://www.ictj.org/,ok,https://explorer.ooni.org/m/20260410072024.644558_KR_webconnectivity_eb241d4d31068d46
http://www.idea.int/,ok,https://explorer.ooni.org/m/20260410072049.578764_KR_webconnectivity_8421c5d318848c9d
http://www.ifj-asia.org/,tcp_ip,https://explorer.ooni.org/m/20260410072135.918978_KR_webconnectivity_3f1e8bde1ce38967
http://www.ifj.org/,ok,https://explorer.ooni.org/m/20260410072147.604994_KR_webconnectivity_e5d183bcfc6e7853
https://www.ifrc.org/,ok,https://explorer.ooni.org/m/20260410072150.023946_KR_webconnectivity_fac6ba7ee5e35dd2
https://www.ihrc.org.uk/,ok,https://explorer.ooni.org/m/20260410072210.870163_KR_webconnectivity_07116b3da2ad13bf
https://www.ijm.org/,ok,https://explorer.ooni.org/m/20260410072229.110692_KR_webconnectivity_d09fc55340a185ee
https://www.iknowpolitics.org/,ok,https://explorer.ooni.org/m/20260410072254.028979_KR_webconnectivity_1c06644cb3a985ae
https://www.ilga-europe.org/,ok,https://explorer.ooni.org/m/20260410072317.016759_KR_webconnectivity_cc5759f195f94e62
http://www.ilga.info/,ok,https://explorer.ooni.org/m/20260410072328.256567_KR_webconnectivity_15cf7f1e27659dd8
http://www.ilga.org/asia/,ok,https://explorer.ooni.org/m/20260410072340.392664_KR_webconnectivity_3fc035fe99eda377
http://www.ilo.org/public/english/region/asro/bangkok/child/trafficking/index.htm,ok,https://explorer.ooni.org/m/20260410072355.374307_KR_webconnectivity_fa9a65949d41cb70
https://www.indiatimes.com/,ok,https://explorer.ooni.org/m/20260410072413.191019_KR_webconnectivity_b4882b6343db2249
http://www.inetprivacy.com/,dns,https://explorer.ooni.org/m/20260410072414.964760_KR_webconnectivity_947bec393e1c2071
http://www.inews24.com/,ok,https://explorer.ooni.org/m/20260410072429.224750_KR_webconnectivity_ed4ef9fd7aca6de6
https://www.infowars.com/,ok,https://explorer.ooni.org/m/20260410072454.047374_KR_webconnectivity_ac792ea6fd09ac1d
http://www.inkwon.or.kr/,ok,https://explorer.ooni.org/m/20260410072507.355527_KR_webconnectivity_7a570e688e175446
http://www.inminds.co.uk/,ok,https://explorer.ooni.org/m/20260410072519.235273_KR_webconnectivity_675cba797429895b
https://www.ipetitions.com/,ok,https://explorer.ooni.org/m/20260410072534.129042_KR_webconnectivity_afeb5932802cdba5
https://www.ipredator.se/,dns,https://explorer.ooni.org/m/20260410072535.140173_KR_webconnectivity_f49935726e65653d
http://www.irna.ir/,ok,https://explorer.ooni.org/m/20260410072539.991528_KR_webconnectivity_7943a94310ecb0f8
http://www.isiswomen.org/,ok,https://explorer.ooni.org/m/20260410072545.287805_KR_webconnectivity_85125c920e923857
http://www.islamawareness.net/,ok,https://explorer.ooni.org/m/20260410072553.127169_KR_webconnectivity_1c0ef22d8512f4ee
http://www.islamawareness.net/Asia/KoreaSouth/,ok,https://explorer.ooni.org/m/20260410072557.575663_KR_webconnectivity_5b75487ffffa2f36
http://www.islamkorea.com/,ok,https://explorer.ooni.org/m/20260410072617.449839_KR_webconnectivity_2f7c09fb236d2489
http://www.iwraw-ap.org/,ok,https://explorer.ooni.org/m/20260410072627.815921_KR_webconnectivity_7a397a4d0c63c4f9
https://www.iwraw-ap.org/,ok,https://explorer.ooni.org/m/20260410072639.729516_KR_webconnectivity_d6cbd98fbf47ad34
http://www.japantimes.co.jp/,ok,https://explorer.ooni.org/m/20260410072657.779503_KR_webconnectivity_0231795409bed80e
http://www.jcmk.org/,ok,https://explorer.ooni.org/m/20260410072716.572525_KR_webconnectivity_634799b169c5ed2e
http://www.jhr.ca/,ok,https://explorer.ooni.org/m/20260410072739.190831_KR_webconnectivity_04737a9ff2291bc0
http://www.jinbocorea.org/,ok,https://explorer.ooni.org/m/20260410072758.502125_KR_webconnectivity_428c0b60b1829b6b
http://www.jmarshall.com/,ok,https://explorer.ooni.org/m/20260410072802.385860_KR_webconnectivity_a5679bdb7a210dc7
https://www.jmarshall.com/,ok,https://explorer.ooni.org/m/20260410072805.476027_KR_webconnectivity_a7596987301997e3
http://www.kcna.co.jp/,confirmed,https://explorer.ooni.org/m/20260410072808.035499_KR_webconnectivity_3ef0a938a1790726
http://www.kctu.org/,ok,https://explorer.ooni.org/m/20260410072815.206158_KR_webconnectivity_31a35581b0b91674
http://www.kdawu.org/,ok,https://explorer.ooni.org/m/20260410072826.195438_KR_webconnectivity_be86aea302c6489b
http://www.kdlp.org/,ok,https://explorer.ooni.org/m/20260410072830.435388_KR_webconnectivity_31e25650885943a9
http://www.kdvr.de/,ok,https://explorer.ooni.org/m/20260410072832.820182_KR_webconnectivity_c03512b601850b38
http://www.khan.co.kr/,ok,https://explorer.ooni.org/m/20260410072851.370826_KR_webconnectivity_0af771d310af59a8
http://www.kita.net/,ok,https://explorer.ooni.org/m/20260410072919.729882_KR_webconnectivity_7506525d682ee83a
http://www.kncc.or.kr/,ok,https://explorer.ooni.org/m/20260410072932.428553_KR_webconnectivity_40f52853399f27ad
http://www.kngo.net/,ok,https://explorer.ooni.org/m/20260410072948.595274_KR_webconnectivity_58d62f88cc6da758
http://www.korea-dpr.com/cgi-bin/simpleforum.cgi,confirmed,https://explorer.ooni.org/m/20260410072951.093864_KR_webconnectivity_40e2a131fea7785b
http://www.korea-htr.com/,confirmed,https://explorer.ooni.org/m/20260410072953.396285_KR_webconnectivity_a07c48215a34afd6
http://www.koreaherald.co.kr/,ok,https://explorer.ooni.org/m/20260410073008.930059_KR_webconnectivity_6f654a96332b0f6c
http://www.korealiberator.org/,ok,https://explorer.ooni.org/m/20260410073018.445760_KR_webconnectivity_a4f255ad91554e6c
http://www.korva.or.kr/,ok,https://explorer.ooni.org/m/20260410073033.984662_KR_webconnectivity_1e94beaead551aa1
http://www.kpil.org/,ok,https://explorer.ooni.org/m/20260410073044.103792_KR_webconnectivity_1f3fc1f9009ebe5e
http://www.kwdi.re.kr/,ok,https://explorer.ooni.org/m/20260410073123.777989_KR_webconnectivity_1dcb3854d2fc591c
http://www.kwpa.org/,ok,https://explorer.ooni.org/m/20260410073138.251767_KR_webconnectivity_cadc2ec642bd0002
http://www.kwwnet.org/,ok,https://explorer.ooni.org/m/20260410073202.911262_KR_webconnectivity_c1b8bbedd3382158
http://www.laborrightsnow.org/,ok,https://explorer.ooni.org/m/20260410073209.425524_KR_webconnectivity_915f1ed07acd82bd
http://www.lanacion.com.ar/,ok,https://explorer.ooni.org/m/20260410073227.466358_KR_webconnectivity_9b07cec93b818ee3
https://www.laquadrature.net/,ok,https://explorer.ooni.org/m/20260410073238.824774_KR_webconnectivity_f60b0fac21b378f1
http://www.latimes.com/,ok,https://explorer.ooni.org/m/20260410073256.841653_KR_webconnectivity_c81ca4972f0912b4
https://www.lds.org/,ok,https://explorer.ooni.org/m/20260410073309.805530_KR_webconnectivity_9cb52f5f08c688a9
http://www.learningpartnership.org/,ok,https://explorer.ooni.org/m/20260410073324.256406_KR_webconnectivity_d800a7b9d5408229
https://www.lemonde.fr/,ok,https://explorer.ooni.org/m/20260410073338.790558_KR_webconnectivity_2ffcc88c493e004b
https://www.lgbtmap.org/,ok,https://explorer.ooni.org/m/20260410073400.508734_KR_webconnectivity_12fda838c91c814a
http://www.lgbtpride.or.kr/,ok,https://explorer.ooni.org/m/20260410073414.372238_KR_webconnectivity_26ad765f8da8939a
https://www.lgbtqnation.com/,ok,https://explorer.ooni.org/m/20260410073430.000009_KR_webconnectivity_50e2149b5a49dade
https://www.lilithfund.org/,ok,https://explorer.ooni.org/m/20260410073446.393757_KR_webconnectivity_2fec5f557d83d147
http://www.littlespeck.com/,ok,https://explorer.ooni.org/m/20260410073456.160607_KR_webconnectivity_637b8f562526c7c3
https://www.logmein.com/,ok,https://explorer.ooni.org/m/20260410073458.448931_KR_webconnectivity_0d3216b69b09700e
https://www.lushstories.com/,dns,https://explorer.ooni.org/m/20260410073501.163701_KR_webconnectivity_e19d4cc565ba4c29
https://www.madre.org/,ok,https://explorer.ooni.org/m/20260410073522.747277_KR_webconnectivity_d6c8201430229719
http://www.mainichi.co.jp/,ok,https://explorer.ooni.org/m/20260410073529.745534_KR_webconnectivity_075d2277ce59a16c
https://www.mamacash.org/,ok,https://explorer.ooni.org/m/20260410073544.648690_KR_webconnectivity_dc4eae5f0fdd3759
https://www.martus.org/,ok,https://explorer.ooni.org/m/20260410073550.217699_KR_webconnectivity_75b2a189426c5e9c
https://www.mc-doualiya.com/,ok,https://explorer.ooni.org/m/20260410073555.613274_KR_webconnectivity_599e84e176877225
http://www.mediareform.co.kr/,ok,https://explorer.ooni.org/m/20260410073603.690810_KR_webconnectivity_b47484c1d8962ac6
http://www.mediatoday.co.kr/,ok,https://explorer.ooni.org/m/20260410073619.825337_KR_webconnectivity_1e3a9ae2cf01500a
http://www.mediaus.co.kr/,ok,https://explorer.ooni.org/m/20260410073637.287942_KR_webconnectivity_210272da6e8d4049
http://www.migrant114.org/,dns,https://explorer.ooni.org/m/20260410073640.215810_KR_webconnectivity_1d055af66574fcde
http://www.mongu.net/,ok,https://explorer.ooni.org/m/20260410073646.834610_KR_webconnectivity_e85f62ddf090841a
https://www.mormon.org/,ok,https://explorer.ooni.org/m/20260410073653.283735_KR_webconnectivity_c2c5c7d20bc75e7e
https://www.muckrock.com/,ok,https://explorer.ooni.org/m/20260410073712.247293_KR_webconnectivity_c1cc4cdb86f29f00
https://www.musalaha.org/,ok,https://explorer.ooni.org/m/20260410073732.163920_KR_webconnectivity_617da04ea4bb98ef
http://www.naeil.com/,ok,https://explorer.ooni.org/m/20260410073747.829118_KR_webconnectivity_704c980f3836dac7
https://www.namecoin.org/,ok,https://explorer.ooni.org/m/20260410073759.365500_KR_webconnectivity_d86f0c198069e385
https://www.nbc.com/,ok,https://explorer.ooni.org/m/20260410073819.182964_KR_webconnectivity_ad1feeeb0cf42d1d
https://www.nbcnews.com/,ok,https://explorer.ooni.org/m/20260410073833.725955_KR_webconnectivity_b49d112f7bb4afb1
https://www.nbcnewyork.com/,ok,https://explorer.ooni.org/m/20260410073849.893162_KR_webconnectivity_43a56112c4962cca
http://www.nclrights.org/,ok,https://explorer.ooni.org/m/20260410073910.014245_KR_webconnectivity_73953c15f8ff97f9
https://www.ndi.org/,ok,https://explorer.ooni.org/m/20260410073926.603644_KR_webconnectivity_3625593214f5aeb1
https://www.ned.org/,ok,https://explorer.ooni.org/m/20260410073939.659535_KR_webconnectivity_bbc4d0d7c94be1f4
http://www.newnownext.com/,ok,https://explorer.ooni.org/m/20260410073955.590738_KR_webconnectivity_fde2cb9957eebb5f
http://www.newnownext.com/franchise/the-backlot/,ok,https://explorer.ooni.org/m/20260410074016.670215_KR_webconnectivity_a9e71e309b40104c
http://www.newscham.net/,ok,https://explorer.ooni.org/m/20260410074025.116269_KR_webconnectivity_82b7b6cb3a0c0530
https://www.njal.la/,ok,https://explorer.ooni.org/m/20260410074035.007887_KR_webconnectivity_bf31c1a80df569cb
http://www.nkzone.org/,tcp_ip,https://explorer.ooni.org/m/20260410074121.633557_KR_webconnectivity_f9abddd31dba442c
http://www.nocutnews.co.kr/,ok,https://explorer.ooni.org/m/20260410074141.034411_KR_webconnectivity_ac65f3106e65324d
http://www.nodong.org/,ok,https://explorer.ooni.org/m/20260410074203.338861_KR_webconnectivity_ab4588a2c6a51440
http://www.nonghyup.com/,ok,https://explorer.ooni.org/m/20260410074208.164764_KR_webconnectivity_065d2c4050a7ec9c
https://www.nostraightnews.com/,ok,https://explorer.ooni.org/m/20260410074229.697183_KR_webconnectivity_af9878e02c41af7b
https://www.npr.org/,ok,https://explorer.ooni.org/m/20260410074251.044704_KR_webconnectivity_fcf9524bf13f3980
https://www.nsa.gov/,ok,https://explorer.ooni.org/m/20260410074254.168772_KR_webconnectivity_589b008078c5239c
https://www.ntv.ru/,ok,https://explorer.ooni.org/m/20260410074317.606559_KR_webconnectivity_c28e7cecc5865c81
https://www.nwci.ie/,ok,https://explorer.ooni.org/m/20260410074327.444745_KR_webconnectivity_dfa7164ac028c83a
https://www.oas.org/,ok,https://explorer.ooni.org/m/20260410074341.203217_KR_webconnectivity_950d225cdc780c0e
https://www.occrp.org/,ok,https://explorer.ooni.org/m/20260410074356.041973_KR_webconnectivity_1637af2eec09e4d7
http://www.ohmynews.com/,ok,https://explorer.ooni.org/m/20260410074415.972354_KR_webconnectivity_460dde649651c26c
http://www.omct.org/,ok,https://explorer.ooni.org/m/20260410074441.332755_KR_webconnectivity_303cbe2de42756ab
https://www.omct.org/,ok,https://explorer.ooni.org/m/20260410074501.055721_KR_webconnectivity_f4387084809c1c24
https://www.opendns.com/,ok,https://explorer.ooni.org/m/20260410074506.536314_KR_webconnectivity_1bb1f997651d0db5
https://www.openpgp.org/,ok,https://explorer.ooni.org/m/20260410074511.670474_KR_webconnectivity_c214e241bb52dfb8
https://www.ou.org/,ok,https://explorer.ooni.org/m/20260410074541.700606_KR_webconnectivity_07bf582083bd01da
http://www.pcusa.org/,ok,https://explorer.ooni.org/m/20260410074557.196883_KR_webconnectivity_024ba4232e839e5c
http://www.people.com.cn/,ok,https://explorer.ooni.org/m/20260410074614.258482_KR_webconnectivity_97198fc1111f9156
http://www.peoplepower21.org/,ok,https://explorer.ooni.org/m/20260410074637.916979_KR_webconnectivity_0a804bfb406e80f3
https://www.phpmyadmin.net/,ok,https://explorer.ooni.org/m/20260410074648.163406_KR_webconnectivity_0c910c2d799291aa
http://www.pic-international.com/,ok,https://explorer.ooni.org/m/20260410074649.907498_KR_webconnectivity_fea9eeaf92aa1291
http://www.pikicast.com/,tcp_ip,https://explorer.ooni.org/m/20260410074736.022166_KR_webconnectivity_27c76ed3f5ca6baa
https://www.pinknews.co.uk/,http-failure,https://explorer.ooni.org/m/20260410074738.886505_KR_webconnectivity_e29c105e7cb37a23
https://www.piratenpartei.ch/,ok,https://explorer.ooni.org/m/20260410074750.316951_KR_webconnectivity_45ad19e9ffe6c279
http://www.piratpartiet.se/,ok,https://explorer.ooni.org/m/20260410074754.851776_KR_webconnectivity_d6490588da022c70
https://www.plancpills.org/,dns,https://explorer.ooni.org/m/20260410074755.730831_KR_webconnectivity_f8fb7ccf56abd3a4
http://www.poweroftruth.net/,ok,https://explorer.ooni.org/m/20260410074807.511327_KR_webconnectivity_750a231394b2ade3
https://www.pravda.ru/,dns,https://explorer.ooni.org/m/20260410074823.703720_KR_webconnectivity_38bdd95e3cd547fe
http://www.pressian.com/,ok,https://explorer.ooni.org/m/20260410074849.911185_KR_webconnectivity_46ff02507a871ff6
https://www.pridemedia.com/,ok,https://explorer.ooni.org/m/20260410074906.911219_KR_webconnectivity_d8c4b0064c5aaa1a
https://www.privacidade.digital/,ok,https://explorer.ooni.org/m/20260410074913.557785_KR_webconnectivity_36aa109e86083f8b
https://www.privacyguides.org/,ok,https://explorer.ooni.org/m/20260410074925.491427_KR_webconnectivity_6ff24505d4ffd712
https://www.privacyinternational.org/,ok,https://explorer.ooni.org/m/20260410074935.276446_KR_webconnectivity_6527c5aafb7bd868
https://www.privacytools.io/,ok,https://explorer.ooni.org/m/20260410074943.520789_KR_webconnectivity_48741f0cb76f8f9a
http://www.privaterra.org/,ok,https://explorer.ooni.org/m/20260410075000.962804_KR_webconnectivity_acc6d1292c957bc5
https://www.projectveritas.com/,ok,https://explorer.ooni.org/m/20260410075024.861620_KR_webconnectivity_3df62917cc976c0d
https://www.propublica.org/,ok,https://explorer.ooni.org/m/20260410075040.266699_KR_webconnectivity_db08001558afc4b6
https://www.protectioninternational.org/,ok,https://explorer.ooni.org/m/20260410075107.237415_KR_webconnectivity_bcfcdf04a3ad4054
http://www.protest.net/,dns,https://explorer.ooni.org/m/20260410075108.757083_KR_webconnectivity_44f12b72967d5f12
http://www.qhnews.com/,ok,https://explorer.ooni.org/m/20260410075128.731666_KR_webconnectivity_4d2060b1942aca65
http://www.radicalparty.org/,ok,https://explorer.ooni.org/m/20260410075205.906384_KR_webconnectivity_969570e9ffaeadd6
http://www.rainbowfoundation.co.kr/,ok,https://explorer.ooni.org/m/20260410075224.281656_KR_webconnectivity_2a777bfffa30c11b
https://www.rambler.ru/,ok,https://explorer.ooni.org/m/20260410075243.095279_KR_webconnectivity_0a389a2737fca675
https://www.rawa.org/,ok,https://explorer.ooni.org/m/20260410075247.356939_KR_webconnectivity_93e58d3b4070f23d
http://www.redian.org/,ok,https://explorer.ooni.org/m/20260410075259.939564_KR_webconnectivity_1960f5a14b05801e
https://www.redstateaccess.com/,ok,https://explorer.ooni.org/m/20260410075304.796893_KR_webconnectivity_19f6b1b8a72d55da
http://www.repubblica.com/,ok,https://explorer.ooni.org/m/20260410075321.610651_KR_webconnectivity_0cf664e9b294ddc9
https://www.reuters.com/,ok,https://explorer.ooni.org/m/20260410075327.065253_KR_webconnectivity_49abf534ee289fe9
https://www.rfa.org/,ok,https://explorer.ooni.org/m/20260410075346.322173_KR_webconnectivity_22c496aada3c7cd3
https://www.rferl.org/,ok,https://explorer.ooni.org/m/20260410075406.645888_KR_webconnectivity_32247c73344978b5
http://www.rights.or.kr/,ok,https://explorer.ooni.org/m/20260410075410.279215_KR_webconnectivity_f9ed46cef3eb44e7
http://www.righttodie.ca/,ok,https://explorer.ooni.org/m/20260410075414.879646_KR_webconnectivity_cd5617af066337db
http://www.rsf.org/article.php3?id_article=17361,ok,https://explorer.ooni.org/m/20260410075432.392591_KR_webconnectivity_3915a85108c477fd
https://www.rt.com/,ok,https://explorer.ooni.org/m/20260410075447.186568_KR_webconnectivity_7b48974acc53bfe1
https://www.rtarabic.com/,ok,https://explorer.ooni.org/m/20260410075508.471378_KR_webconnectivity_7b4d352f7058eae2
https://www.savethechildren.net/,ok,https://explorer.ooni.org/m/20260410075528.762897_KR_webconnectivity_764c0398666eca21
https://www.sbs.com.au/language/coronavirus?cid=infocus,ok,https://explorer.ooni.org/m/20260410075548.346296_KR_webconnectivity_20ed906b485a5954
https://www.scmp.com/,ok,https://explorer.ooni.org/m/20260410075611.821523_KR_webconnectivity_e45067c8ced663ae
https://www.scruff.com/,dns,https://explorer.ooni.org/m/20260410075613.746714_KR_webconnectivity_043d4afbba01646c
https://www.secfirst.org/,error,https://explorer.ooni.org/m/20260410075617.550268_KR_webconnectivity_caa56ca52e6608ce
https://www.securityinabox.org/,ok,https://explorer.ooni.org/m/20260410075620.579315_KR_webconnectivity_474bcf8a2af529c9
http://www.sisainlive.com/,ok,https://explorer.ooni.org/m/20260410075621.340742_KR_webconnectivity_200f8f0b055f3f31
http://www.sisters.or.kr/,ok,https://explorer.ooni.org/m/20260410075644.085531_KR_webconnectivity_9e4c97e7b5d7eb3d
https://www.snapchat.com/,ok,https://explorer.ooni.org/m/20260410075655.448936_KR_webconnectivity_005ab725b5a0929d
http://www.songunpoliticsstudygroup.org/,dns,https://explorer.ooni.org/m/20260410075657.009435_KR_webconnectivity_d38060c45bcb4100
https://www.spiegel.de/,ok,https://explorer.ooni.org/m/20260410075727.956304_KR_webconnectivity_16d4f5e5c781a30f
http://www.state.gov/g/drl/rls/hrrpt/2004/41647.htm,ok,https://explorer.ooni.org/m/20260410075756.374638_KR_webconnectivity_2a7728237da7387d
https://www.stonewall.org.uk/,ok,https://explorer.ooni.org/m/20260410075814.037486_KR_webconnectivity_a84856b0eca8dac6
http://www.stopstreetharassment.org/,ok,https://explorer.ooni.org/m/20260410075825.259141_KR_webconnectivity_888fb5b51875a011
http://www.stratcom.mil/,ok,https://explorer.ooni.org/m/20260410075827.979974_KR_webconnectivity_773b12d3504a0199
https://www.techlore.tech/,ok,https://explorer.ooni.org/m/20260410075841.012693_KR_webconnectivity_372e7c617152a317
https://www.terredeshommes.nl/,ok,https://explorer.ooni.org/m/20260410075904.869200_KR_webconnectivity_9a93adbb0b19bc17
https://www.theatlantic.com/,dns,https://explorer.ooni.org/m/20260410075905.969913_KR_webconnectivity_661590177866a6ff
https://www.theguardian.com/,ok,https://explorer.ooni.org/m/20260410075922.710549_KR_webconnectivity_50d77b10c4f119cd
https://www.thetrevorproject.org/,ok,https://explorer.ooni.org/m/20260410075947.733730_KR_webconnectivity_84cd81f86b5e1c56
http://www.tongilnews.com/,ok,https://explorer.ooni.org/m/20260410080011.716167_KR_webconnectivity_be96351cd6862d94
https://www.tvc.ru/,ok,https://explorer.ooni.org/m/20260410080019.981646_KR_webconnectivity_b04a244861ae805c
http://www.u4.no/,ok,https://explorer.ooni.org/m/20260410080041.647187_KR_webconnectivity_6c3b7c989030f955
https://www.upi.com/Top_News/World-News/2019/07/11/Amnesty-International-LGBT-soldiers-face-abuse-in-South-Korea-military/1461562819145/,ok,https://explorer.ooni.org/m/20260410080105.098074_KR_webconnectivity_ec7c135dfb6d5e2e
https://www.urduvoa.com/,ok,https://explorer.ooni.org/m/20260410080121.381675_KR_webconnectivity_712cec299821b0c5
https://www.usatoday.com/,ok,https://explorer.ooni.org/m/20260410080139.454164_KR_webconnectivity_4fb9ad14c6692bcc
https://www.vesti.ru/,ok,https://explorer.ooni.org/m/20260410080209.929799_KR_webconnectivity_2f6ab9d3a1e7a606
https://www.viber.com/,ok,https://explorer.ooni.org/m/20260410080219.366255_KR_webconnectivity_c029f0250daaad93
https://www.vice.com/,ok,https://explorer.ooni.org/m/20260410080242.437898_KR_webconnectivity_8779e7d5287f1b00
https://www.voanews.com/,ok,https://explorer.ooni.org/m/20260410080301.991559_KR_webconnectivity_f7e41461afdb0d6a
https://www.vpngate.net/,dns,https://explorer.ooni.org/m/20260410080306.491694_KR_webconnectivity_f28e19889fc6510e
https://www.warchild.net/,ok,https://explorer.ooni.org/m/20260410080320.703833_KR_webconnectivity_d67aad00bbee254f
https://www.washingtontimes.com/,ok,https://explorer.ooni.org/m/20260410080336.293493_KR_webconnectivity_4a4d9a4726e564ab
https://www.wechat.com/,ok,https://explorer.ooni.org/m/20260410080340.132401_KR_webconnectivity_d18d74978741a1ab
http://www.well.com/,ok,https://explorer.ooni.org/m/20260410080342.756396_KR_webconnectivity_3c91a1f32edc4df4
http://www.well.com/user/queerjhd/,ok,https://explorer.ooni.org/m/20260410080346.069808_KR_webconnectivity_04bb87c4a8d397b8
http://www.wftucentral.org/,ok,https://explorer.ooni.org/m/20260410080358.462364_KR_webconnectivity_79cceee68623c6fd
https://www.whatsapp.com/,ok,https://explorer.ooni.org/m/20260410080417.356570_KR_webconnectivity_95ecc73f4b8d6e7c
https://www.wiesenthal.com/,ok,https://explorer.ooni.org/m/20260410080436.070505_KR_webconnectivity_60420d378b245ece
https://www.wilpf.org/,ok,https://explorer.ooni.org/m/20260410080453.132201_KR_webconnectivity_119b5dc35a2a7ce1
http://www.withoutwar.org/,ok,https://explorer.ooni.org/m/20260410080509.834104_KR_webconnectivity_2b09657a86685a89
https://www.witness.org/,ok,https://explorer.ooni.org/m/20260410080530.018301_KR_webconnectivity_db4a78b456f10823
http://www.wluml.org/,ok,https://explorer.ooni.org/m/20260410080559.449139_KR_webconnectivity_d0999972233b7854
http://www.wnd.com/,ok,https://explorer.ooni.org/m/20260410080622.026460_KR_webconnectivity_b962b9555c4d8a28
https://www.womankind.org.uk/,ok,https://explorer.ooni.org/m/20260410080624.915170_KR_webconnectivity_4da1b5b489211b12
http://www.women21.or.kr/,ok,https://explorer.ooni.org/m/20260410080633.919784_KR_webconnectivity_74839039d06a0138
https://www.womenforafghanwomen.org/,ok,https://explorer.ooni.org/m/20260410080654.726827_KR_webconnectivity_91a3c68b9915deb2
http://www.womenlink.or.kr/,ok,https://explorer.ooni.org/m/20260410080716.248931_KR_webconnectivity_d8d774a986051324
http://www.womennews.co.kr/,ok,https://explorer.ooni.org/m/20260410080739.680098_KR_webconnectivity_42388706e9966064
https://www.womenpeacemakersprogram.org/,ok,https://explorer.ooni.org/m/20260410080816.753915_KR_webconnectivity_638c9325aff329f7
http://www.womensmediacenter.com/,ok,https://explorer.ooni.org/m/20260410080827.734064_KR_webconnectivity_24c48d476ff35be1
http://www.worldcoalition.org/,ok,https://explorer.ooni.org/m/20260410080849.289237_KR_webconnectivity_0fcb4c1fa1624831
https://www.wsj.com/,ok,https://explorer.ooni.org/m/20260410080853.367139_KR_webconnectivity_959900bf6c049ffd
http://www.xinhuanet.com/,ok,https://explorer.ooni.org/m/20260410080910.864712_KR_webconnectivity_aecaaaa2c5a5c632
https://www.yellowhammerfund.org/,ok,https://explorer.ooni.org/m/20260410080929.286756_KR_webconnectivity_9575eab8980cd015
http://www.yonhapnews.co.kr/,ok,https://explorer.ooni.org/m/20260410080953.194151_KR_webconnectivity_ad8800022028738a
http://www.zeit.de/,ok,https://explorer.ooni.org/m/20260410081013.656056_KR_webconnectivity_8e4cc6cecbeb0d64
http://xxx.lanl.gov/,dns,https://explorer.ooni.org/m/20260410081032.447085_KR_webconnectivity_3ae75eca6b24bf8d
http://yolsa.org/,ok,https://explorer.ooni.org/m/20260410081038.223855_KR_webconnectivity_df03cac80a0d55d6
http://ytimes.org/,ok,https://explorer.ooni.org/m/20260410081050.776100_KR_webconnectivity_40d8bd8abe90020b
https://adium.im/,ok,https://explorer.ooni.org/m/20260410081056.156441_KR_webconnectivity_ec40d3404468f8a8
https://cdn.fbsbx.com/favicon.ico,dns,https://explorer.ooni.org/m/20260410081057.418496_KR_webconnectivity_97cfccaae4756d55
https://ebuddy.com/,ok,https://explorer.ooni.org/m/20260410081103.527601_KR_webconnectivity_390c99992cf7fed6
https://elpha.com/,error,https://explorer.ooni.org/m/20260410081107.100897_KR_webconnectivity_dfbcbc2c6f2cae5e
https://foursquare.com/,ok,https://explorer.ooni.org/m/20260410081123.638087_KR_webconnectivity_356411843ebac3e4
http://friend.com.kp/,dns,https://explorer.ooni.org/m/20260410081128.499345_KR_webconnectivity_9a4e73ff70d2acca
https://gab.com/,ok,https://explorer.ooni.org/m/20260410081139.655368_KR_webconnectivity_b794970cb8b3c76a
https://groups.google.com/,ok,https://explorer.ooni.org/m/20260410081212.904832_KR_webconnectivity_10e776f0d95fa039
https://instagram.fsaw1-13.fna.fbcdn.net/favicon.ico,ok,https://explorer.ooni.org/m/20260410081218.522250_KR_webconnectivity_84d09a90ee540376
https://lookaside.facebook.com/robots.txt,ok,https://explorer.ooni.org/m/20260410081232.504603_KR_webconnectivity_8a5b4ad265942018
https://mastodon.sdf.org/,ok,https://explorer.ooni.org/m/20260410081240.153871_KR_webconnectivity_acd335d442422c65
https://mastodon.xyz/,ok,https://explorer.ooni.org/m/20260410081251.949134_KR_webconnectivity_23578b351929757e
https://myspace.com/,error,https://explorer.ooni.org/m/20260410081255.652856_KR_webconnectivity_57b74a5a17835e1f
https://plus.im/,ok,https://explorer.ooni.org/m/20260410081301.109990_KR_webconnectivity_9f1dc9d96c52c97d
https://scontent-ams4-1.cdninstagram.com/favicon.ico,ok,https://explorer.ooni.org/m/20260410081305.527460_KR_webconnectivity_61235f5ffb0f4c3c
https://secondlife.com/,dns,https://explorer.ooni.org/m/20260410081306.952042_KR_webconnectivity_a1fb09272ae720bf
https://static.xx.fbcdn.net/favicon.ico,ok,https://explorer.ooni.org/m/20260410081321.661503_KR_webconnectivity_fc709cb2320941a9
https://tinder.com/,dns,https://explorer.ooni.org/m/20260410081323.036138_KR_webconnectivity_7357064dca9f8b2c
https://upload.twitter.com/robots.txt,ok,https://explorer.ooni.org/m/20260410081324.825693_KR_webconnectivity_a21e424721994d2c
https://vk.com/,ok,https://explorer.ooni.org/m/20260410081404.276994_KR_webconnectivity_2322f50d4723842e
https://weibo.com/,ok,https://explorer.ooni.org/m/20260410081414.492275_KR_webconnectivity_4299458cb7ee840d
https://www.4chan.org/,dns,https://explorer.ooni.org/m/20260410081419.450649_KR_webconnectivity_2b04103405ca6803
https://www.douyin.com/,ok,https://explorer.ooni.org/m/20260410081427.706881_KR_webconnectivity_06cf670360cc0ec4
https://www.ning.com/,ok,https://explorer.ooni.org/m/20260410081450.430892_KR_webconnectivity_b3b36ce306fb06a0
https://www.quora.com/,ok,https://explorer.ooni.org/m/20260410081453.113246_KR_webconnectivity_e8c0dbfd3c53bb29
https://www.trendsmap.com/,tcp_ip,https://explorer.ooni.org/m/20260410081454.786465_KR_webconnectivity_4e502a9bfb68b65a
https://www.yelp.com/,ok,https://explorer.ooni.org/m/20260410081508.111782_KR_webconnectivity_18eb611a9341cc25
https://1.0.0.1/dns-query?dns=q80BAAABAAAAAAAAA3d3dwdleGFtcGxlA2NvbQAAAQAB,ok,https://explorer.ooni.org/m/20260410081512.242500_KR_webconnectivity_1b61ac7584b2b3f5
https://1.0.0.3/dns-query?dns=q80BAAABAAAAAAAAA3d3dwdleGFtcGxlA2NvbQAAAQAB,ok,https://explorer.ooni.org/m/20260410081516.233802_KR_webconnectivity_2e78e7d541b1af3d
https://149.112.112.9/dns-query?dns=q80BAAABAAAAAAAAA3d3dwdleGFtcGxlA2NvbQAAAQAB,ok,https://explorer.ooni.org/m/20260410081518.664714_KR_webconnectivity_cb74a22667aee63f
https://8.8.8.8/dns-query?dns=q80BAAABAAAAAAAAA3d3dwdleGFtcGxlA2NvbQAAAQAB,ok,https://explorer.ooni.org/m/20260410081521.688811_KR_webconnectivity_52fa5a0838baf3a0
https://9.9.9.9/dns-query?dns=q80BAAABAAAAAAAAA3d3dwdleGFtcGxlA2NvbQAAAQAB,tcp_ip,https://explorer.ooni.org/m/20260410081522.467111_KR_webconnectivity_32a400a47f5be53d
https://archive.org/,ok,https://explorer.ooni.org/m/20260410081525.012494_KR_webconnectivity_786a0eac7e8b934e
https://cdn-client.medium.com/lite/static/js/manifest.ef5f44d2.js,ok,https://explorer.ooni.org/m/20260410081528.834405_KR_webconnectivity_ddca1ac0c15302e0
https://cdn.jsdelivr.net/favicon.ico,ok,https://explorer.ooni.org/m/20260410081532.176906_KR_webconnectivity_1751ce06c3ff9dd6
https://cdn.sstatic.net/Img/home/open-source.svg,ok,https://explorer.ooni.org/m/20260410081534.171463_KR_webconnectivity_e6b3b5213d4b183a
https://cdnjs.cloudflare.com/,ok,https://explorer.ooni.org/m/20260410081536.937366_KR_webconnectivity_ac4ba150582cb66d
https://cites.org/,ok,https://explorer.ooni.org/m/20260410081540.250399_KR_webconnectivity_0798e202f24feeff
https://cloudflare-dns.com/dns-query?dns=q80BAAABAAAAAAAAA3d3dwdleGFtcGxlA2NvbQAAAQAB,tcp_ip,https://explorer.ooni.org/m/20260410081541.967848_KR_webconnectivity_354ff9213ecd3a17
http://cyworld.nate.com/,ok,https://explorer.ooni.org/m/20260410081543.730771_KR_webconnectivity_53cc9fbad801d48f
https://dns.google/,ok,https://explorer.ooni.org/m/20260410081547.805965_KR_webconnectivity_de0dc56ca3a9f75a
https://dns.quad9.net/dns-query?dns=q80BAAABAAAAAAAAA3d3dwdleGFtcGxlA2NvbQAAAQAB,tcp_ip,https://explorer.ooni.org/m/20260410081549.159541_KR_webconnectivity_11db813222e2866e
https://doh-fi.blahdns.com/dns-query?dns=q80BAAABAAAAAAAAA3d3dwdleGFtcGxlA2NvbQAAAQAB,dns,https://explorer.ooni.org/m/20260410081550.245129_KR_webconnectivity_04f8cc9d9c39a2af
https://doh.opendns.com/dns-query?dns=q80BAAABAAAAAAAAA3d3dwdleGFtcGxlA2NvbQAAAQAB,tcp_ip,https://explorer.ooni.org/m/20260410081551.321202_KR_webconnectivity_3f153f6d637fcc90
https://download-installer.cdn.mozilla.net/,ok,https://explorer.ooni.org/m/20260410081553.863643_KR_webconnectivity_70056c9ae827086d
https://media3.giphy.com/robots.txt,ok,https://explorer.ooni.org/m/20260410081556.234389_KR_webconnectivity_b3e8a524472f6624
https://medium.com/,ok,https://explorer.ooni.org/m/20260410081601.005283_KR_webconnectivity_64fe9b5c472561ea
https://movabletype.com/,ok,https://explorer.ooni.org/m/20260410081606.168402_KR_webconnectivity_bf134cbaa8736c5f
http://r3.o.lencr.org/,ok,https://explorer.ooni.org/m/20260410081607.699486_KR_webconnectivity_42dfa848fdaa49c4
https://mozilla.cloudflare-dns.com/dns-query?dns=q80BAAABAAAAAAAAA3d3dwdleGFtcGxlA2NvbQAAAQAB,dns,https://explorer.ooni.org/m/20260410081606.955785_KR_webconnectivity_6d629141a109f4ed
https://raw.githubusercontent.com/ooni/spec/master/README.md,dns,https://explorer.ooni.org/m/20260410081608.877907_KR_webconnectivity_aac4727d2c3ab843
https://stackexchange.com/,ok,https://explorer.ooni.org/m/20260410081613.059064_KR_webconnectivity_153019289db7c58d
https://stackoverflow.com/,ok,https://explorer.ooni.org/m/20260410081615.686774_KR_webconnectivity_d74ac8da7831fd85
https://torah.org/,ok,https://explorer.ooni.org/m/20260410081630.010861_KR_webconnectivity_e693a0bb4e7f6230
https://www.bing-amp.com/v0/amp-iframe-0.1.js,error,https://explorer.ooni.org/m/20260410081631.351996_KR_webconnectivity_32c3adf9e1b4871c
http://www.dogdrip.net/,dns,https://explorer.ooni.org/m/20260410081633.111582_KR_webconnectivity_8fe881b00881f4a1
https://www.dotster.com/,dns,https://explorer.ooni.org/m/20260410081634.341680_KR_webconnectivity_9b0502c1e4706876
http://www.eco.or.kr/,ok,https://explorer.ooni.org/m/20260410081659.762465_KR_webconnectivity_aa4fbe0aaeb8bd3a
https://www.edf.org/,ok,https://explorer.ooni.org/m/20260410081722.418624_KR_webconnectivity_80a1ab3799ccba31
https://www.eea.europa.eu/,ok,https://explorer.ooni.org/m/20260410081753.449927_KR_webconnectivity_0bcaed8f1c981d86
https://www.emailaddresses.com/,ok,https://explorer.ooni.org/m/20260410081800.144269_KR_webconnectivity_5940d311416bebb0
https://www.enom.com/,ok,https://explorer.ooni.org/m/20260410081811.924596_KR_webconnectivity_2230b4e180b183f9
https://www.epik.com/,ok,https://explorer.ooni.org/m/20260410081828.918701_KR_webconnectivity_558bf514b0ef417d
https://www.episcopalchurch.org/,ok,https://explorer.ooni.org/m/20260410081848.888992_KR_webconnectivity_d5ffd8f72bc88a65
https://www.ewg.org/,ok,https://explorer.ooni.org/m/20260410081903.265117_KR_webconnectivity_1d955f5130a6f8c7
https://www.exmormon.org/,tcp_ip,https://explorer.ooni.org/m/20260410081936.881865_KR_webconnectivity_7e625f1b9b213cf8
https://www.fandom.com/,dns,https://explorer.ooni.org/m/20260410081937.969816_KR_webconnectivity_72ee8aa23cec02dd
http://www.fark.com/,dns,https://explorer.ooni.org/m/20260410081938.954684_KR_webconnectivity_3a3abf94d5890a50
https://www.fhi360.org/,ok,https://explorer.ooni.org/m/20260410082002.933986_KR_webconnectivity_289de49ab3b5bfc1
http://www.fmkorea.com/,ok,https://explorer.ooni.org/m/20260410082015.825652_KR_webconnectivity_61c8dea273292cb9
https://www.footprintnetwork.org/,ok,https://explorer.ooni.org/m/20260410082033.106713_KR_webconnectivity_03c1b4527ed10ebc
http://www.formercatholic.com/,ok,https://explorer.ooni.org/m/20260410082045.617548_KR_webconnectivity_804fff7524f29d8a
https://www.frc.org/,ok,https://explorer.ooni.org/m/20260410082054.759981_KR_webconnectivity_d2bef2f347dfedc1
http://www.freehomepage.com/,ok,https://explorer.ooni.org/m/20260410082057.188133_KR_webconnectivity_28ff79802b82e619
http://www.freeservers.com/,ok,https://explorer.ooni.org/m/20260410082103.534524_KR_webconnectivity_35c696f30cca0703
http://www.freewebspace.com/,ok,https://explorer.ooni.org/m/20260410082110.218196_KR_webconnectivity_8bac7717dd99c568
http://www.gabia.com/,error,https://explorer.ooni.org/m/20260410082114.550364_KR_webconnectivity_c5fd7dedf623ac8d
https://www.globalwitness.org/,ok,https://explorer.ooni.org/m/20260410082138.107663_KR_webconnectivity_2fd3f69d389461a2
https://www.goarch.org/,ok,https://explorer.ooni.org/m/20260410082142.524379_KR_webconnectivity_cba85bd08cfa77d3
https://www.godaddy.com/,dns,https://explorer.ooni.org/m/20260410082143.668899_KR_webconnectivity_c419bcc32f134ac6
http://www.godalone.org/,ok,https://explorer.ooni.org/m/20260410082203.652059_KR_webconnectivity_645e53e2bf8d5b56
https://www.googleapis.com/auth/cloud-platform,ok,https://explorer.ooni.org/m/20260410082216.806039_KR_webconnectivity_29f1554920ca3935
http://www.greenkorea.org/,ok,https://explorer.ooni.org/m/20260410082237.394553_KR_webconnectivity_833cf281d6fbd903
http://www.greennet.org.uk/,ok,https://explorer.ooni.org/m/20260410082245.311137_KR_webconnectivity_5cdb44ad64cf1a9a
https://www.greenpeace.org/,ok,https://explorer.ooni.org/m/20260410082247.986710_KR_webconnectivity_019a14ca9ad1dd6b
https://www.gstatic.com/robots.txt,ok,https://explorer.ooni.org/m/20260410082250.707998_KR_webconnectivity_d7f385c109a82112
http://www.hostgator.com/,ok,https://explorer.ooni.org/m/20260410082254.475891_KR_webconnectivity_dae752e7138be24c
http://www.hotge.co.kr/,ok,https://explorer.ooni.org/m/20260410082304.403845_KR_webconnectivity_8092409624eb2f93
https://www.howtouseabortionpill.org/,ok,https://explorer.ooni.org/m/20260410082317.944979_KR_webconnectivity_06638afacbb52731
https://www.iaea.org/,ok,https://explorer.ooni.org/m/20260410082328.608591_KR_webconnectivity_080c8c1e38754a4d
http://www.iavi.org/,ok,https://explorer.ooni.org/m/20260410082345.591777_KR_webconnectivity_f8a76c6ac805b44f
http://www.iico.org/,ok,https://explorer.ooni.org/m/20260410082349.113415_KR_webconnectivity_04d41178f7e2e97c
https://www.internationalrivers.org/,ok,https://explorer.ooni.org/m/20260410082406.199187_KR_webconnectivity_ef03e343d4e75094
https://www.ipcc.ch/,ok,https://explorer.ooni.org/m/20260410082422.326852_KR_webconnectivity_14687243fa315359
https://www.iskcon.org/,ok,https://explorer.ooni.org/m/20260410082431.890820_KR_webconnectivity_31596896ed5b2d75
http://www.islameyat.com/,ok,https://explorer.ooni.org/m/20260410082454.712031_KR_webconnectivity_f7ed85344fb814ba
http://www.islamicity.com/,ok,https://explorer.ooni.org/m/20260410082459.981043_KR_webconnectivity_9638734729e9f597
https://www.islaminstitut.de/en/,ok,https://explorer.ooni.org/m/20260410082514.114014_KR_webconnectivity_38ab91704bfb00ae
https://www.iucn.org/,ok,https://explorer.ooni.org/m/20260410082535.494842_KR_webconnectivity_cfed747f09806b91
http://www.jinbo.net/,ok,https://explorer.ooni.org/m/20260410082545.087374_KR_webconnectivity_19b9102a4d5e8b56
http://www.judaism.com/,ok,https://explorer.ooni.org/m/20260410082553.238423_KR_webconnectivity_f8be0d60b6c1ad52
http://www.judaismconversion.org/,ok,https://explorer.ooni.org/m/20260410082609.604149_KR_webconnectivity_e8c001c98b01a459
https://www.jw.org/,error,https://explorer.ooni.org/m/20260410082613.075494_KR_webconnectivity_9858672b3bedcc71
http://www.kfem.or.kr/,ok,https://explorer.ooni.org/m/20260410082637.395404_KR_webconnectivity_5bb6cecac8761bdd
http://www.kgreens.org/,ok,https://explorer.ooni.org/m/20260410082702.869075_KR_webconnectivity_fc725bbc034d5e77
http://www.krts.or.kr/,ok,https://explorer.ooni.org/m/20260410082713.631746_KR_webconnectivity_df8dbfdf7e11188a
https://www.leaseweb.com/,ok,https://explorer.ooni.org/m/20260410082722.467944_KR_webconnectivity_07d057bc87fba4ce
https://www.livejournal.com/,dns,https://explorer.ooni.org/m/20260410082724.311331_KR_webconnectivity_1e1321219dc8dd58
http://www.mgoon.com/,error,https://explorer.ooni.org/m/20260410082743.711458_KR_webconnectivity_660058aa8a7f138f
http://www.muhammadanism.com/,ok,https://explorer.ooni.org/m/20260410082800.622463_KR_webconnectivity_53bd9d153ae59450
https://www.namecheap.com/,ok,https://explorer.ooni.org/m/20260410082803.545888_KR_webconnectivity_75a145fbbf9c1bf3
http://www.nate.com/,ok,https://explorer.ooni.org/m/20260410082805.776799_KR_webconnectivity_e1fae9a7ec9963dd
http://www.nate.com/?f=pann,ok,https://explorer.ooni.org/m/20260410082807.976579_KR_webconnectivity_069b35f90ac4ec7c
http://www.nature.org/,ok,https://explorer.ooni.org/m/20260410082827.743425_KR_webconnectivity_3a938e3473dda593
http://www.no-ip.com/,ok,https://explorer.ooni.org/m/20260410082845.153530_KR_webconnectivity_56ef8ba44ae930b2
https://www.oca.org/,ok,https://explorer.ooni.org/m/20260410082853.082966_KR_webconnectivity_3cb6dbc1851cb38f
http://www.oicc.org/,ok,https://explorer.ooni.org/m/20260410082902.307572_KR_webconnectivity_45c27ebffa7262f2
http://www.oikoumene.org/,ok,https://explorer.ooni.org/m/20260410082924.749123_KR_webconnectivity_de9db3e514a1cf30
https://www.om.org/,ok,https://explorer.ooni.org/m/20260410082928.724555_KR_webconnectivity_f075b54052f01cea
https://www.orangewebsite.com/,ok,https://explorer.ooni.org/m/20260410082938.561492_KR_webconnectivity_79b109f816ffcc66
http://www.orthodoxconvert.info/,ok,https://explorer.ooni.org/m/20260410082944.400492_KR_webconnectivity_60470f3c32f0dfda
https://www.paganpride.org/,ok,https://explorer.ooni.org/m/20260410083006.065147_KR_webconnectivity_f349b9804a9bf09e
https://www.persecution.org/,ok,https://explorer.ooni.org/m/20260410083024.803289_KR_webconnectivity_ae8894723257f26d
https://www.peta.org/,dns,https://explorer.ooni.org/m/20260410083028.819655_KR_webconnectivity_dbfde4ddbe2fe687
https://www.petside.com/,ok,https://explorer.ooni.org/m/20260410083106.875915_KR_webconnectivity_dbc0409c4e4b010e
http://www.podbbang.com/,ok,https://explorer.ooni.org/m/20260410083125.365086_KR_webconnectivity_d87db0bbfb09519d
http://www.ppfk.or.kr/,ok,https://explorer.ooni.org/m/20260410083142.442109_KR_webconnectivity_a78690245981e9c9
http://www.ppomppu.co.kr/zboard/zboard.php?id=freeboard,ok,https://explorer.ooni.org/m/20260410083144.674233_KR_webconnectivity_da5ecbbe3e04c00f
http://www.ppomppu.co.kr/zboard/zboard.php?id=issue,ok,https://explorer.ooni.org/m/20260410083147.056553_KR_webconnectivity_8c049fef66105eb9
https://www.premaritalsex.info/,dns,https://explorer.ooni.org/m/20260410083149.111834_KR_webconnectivity_b81a7826b45722ed
https://www.privex.io/,ok,https://explorer.ooni.org/m/20260410083203.558729_KR_webconnectivity_e1534c0ecd7a3146
http://www.prolife.or.kr/,ok,https://explorer.ooni.org/m/20260410083220.850955_KR_webconnectivity_9cfd476edeb0db3e
http://www.pullbbang.com/,dns,https://explorer.ooni.org/m/20260410083223.020902_KR_webconnectivity_a46e8f8f5afc4618
https://www.rackspace.com/,ok,https://explorer.ooni.org/m/20260410083246.628741_KR_webconnectivity_7fedc83e9868baca
http://www.ran.org/,ok,https://explorer.ooni.org/m/20260410083301.933661_KR_webconnectivity_53f5710d0833c57e
https://www.ran.org/,ok,https://explorer.ooni.org/m/20260410083320.428675_KR_webconnectivity_2d634eacc78d487f
https://www.rebrandly.com/,ok,https://explorer.ooni.org/m/20260410083337.342461_KR_webconnectivity_20e61f49fb34e6d8
https://www.reprouncensored.org/,ok,https://explorer.ooni.org/m/20260410083357.130736_KR_webconnectivity_fca2b91fd9696be8
https://www.resourcematters.org/,ok,https://explorer.ooni.org/m/20260410083403.714891_KR_webconnectivity_48bff838449300d7
https://www.salvationarmy.org/,ok,https://explorer.ooni.org/m/20260410083417.201612_KR_webconnectivity_a8b643acec1dc175
http://www.sangsaeng.org/,dns,https://explorer.ooni.org/m/20260410083420.614168_KR_webconnectivity_746fbc010621c559
https://www.sbc.net/,ok,https://explorer.ooni.org/m/20260410083438.671703_KR_webconnectivity_abc81bae0f4651d3
http://www.scientology.org/,ok,https://explorer.ooni.org/m/20260410083453.970368_KR_webconnectivity_e6c960bb07b16087
http://www.sex-academy.com/,dns,https://explorer.ooni.org/m/20260410083456.869224_KR_webconnectivity_61a376ed257acd92
http://www.sexandu.ca/,dns,https://explorer.ooni.org/m/20260410083500.656050_KR_webconnectivity_366dc3300889acec
http://www.sexandu.ca/fr/,dns,https://explorer.ooni.org/m/20260410083504.279745_KR_webconnectivity_ab9a8eb5a0997b77
https://www.sfsi.org/,dns,https://explorer.ooni.org/m/20260410083505.605853_KR_webconnectivity_38795242400fba0d
http://www.shinto.org/,ok,https://explorer.ooni.org/m/20260410083528.318570_KR_webconnectivity_f3efa9f9b7df7c66
https://www.sierraclub.org/,ok,https://explorer.ooni.org/m/20260410083530.553760_KR_webconnectivity_40f0de3efca4fc41
http://www.submission.org/,ok,https://explorer.ooni.org/m/20260410083536.868124_KR_webconnectivity_7716d14e34c845f6
http://www.survive.org.uk/,ok,https://explorer.ooni.org/m/20260410083543.521847_KR_webconnectivity_d059e60fd0644ef2
http://www.suyongso.com/,ok,https://explorer.ooni.org/m/20260410083545.139459_KR_webconnectivity_ebd23bc6218fec19
http://www.tcloud.co.kr/,ok,https://explorer.ooni.org/m/20260410083602.622162_KR_webconnectivity_3627f37ed24c3066
http://www.teenhealthfx.com/,ok,https://explorer.ooni.org/m/20260410083617.260074_KR_webconnectivity_6176c26ffa5eb43d
http://www.teensource.org/,dns,https://explorer.ooni.org/m/20260410083618.398607_KR_webconnectivity_99d5e8af1ca9e0e4
http://www.themwl.org/,ok,https://explorer.ooni.org/m/20260410083636.820065_KR_webconnectivity_b95c30dee82a0800
http://www.tistory.com/,ok,https://explorer.ooni.org/m/20260410083648.033649_KR_webconnectivity_0ed46dba0853d693
http://www.todayhumor.co.kr/,ok,https://explorer.ooni.org/m/20260410083715.914596_KR_webconnectivity_619f2866ca4ea17e
http://www.tripod.lycos.com/,ok,https://explorer.ooni.org/m/20260410083721.337913_KR_webconnectivity_d30d03af26c11a54
http://www.truthnet.org/,ok,https://explorer.ooni.org/m/20260410083732.959662_KR_webconnectivity_de92a72a02f2d5e4
http://www.typepad.com/,ok,https://explorer.ooni.org/m/20260410083736.564590_KR_webconnectivity_51cb224bb61ff29c
https://www.ucc.org/,ok,https://explorer.ooni.org/m/20260410083754.761489_KR_webconnectivity_5bd9f45d33b435c5
https://www.ucsusa.org/,ok,https://explorer.ooni.org/m/20260410083817.187813_KR_webconnectivity_4c08fd4b4fc5db47
http://www.ultimatebirthcontrol.com/,dns,https://explorer.ooni.org/m/20260410083823.309572_KR_webconnectivity_37b57b4015c9249b
http://www.umc.org/,ok,https://explorer.ooni.org/m/20260410083840.831535_KR_webconnectivity_e78f6c0f8d5c1f9e
https://www.unep.org/,ok,https://explorer.ooni.org/m/20260410083900.602043_KR_webconnectivity_af642628e62e51ca
http://www.upci.org/,ok,https://explorer.ooni.org/m/20260410083921.394489_KR_webconnectivity_19c8cad32fd75b45
http://www.vatican.va/,ok,https://explorer.ooni.org/m/20260410083924.923105_KR_webconnectivity_66a2019e63c1b26a
http://www.wcicc.org/,ok,https://explorer.ooni.org/m/20260410083929.364764_KR_webconnectivity_eae885a3b5244af0
https://www.weebly.com/,ok,https://explorer.ooni.org/m/20260410083950.405983_KR_webconnectivity_dbb5b56e58165936
http://www.whois.co.kr/,ok,https://explorer.ooni.org/m/20260410084015.314749_KR_webconnectivity_894e05ba449e407b
http://www.wix.com/,ok,https://explorer.ooni.org/m/20260410084028.363069_KR_webconnectivity_e8f9777d3226b16b
http://www.worldjewishcongress.org/,ok,https://explorer.ooni.org/m/20260410084052.649961_KR_webconnectivity_5f1a0ebfb65496f7
https://www.xenu.net/,ok,https://explorer.ooni.org/m/20260410084106.696020_KR_webconnectivity_22e5623d57f333d2
http://www.xyinlove.co.kr/,error,https://explorer.ooni.org/m/20260410084123.270682_KR_webconnectivity_d56fe188c4dc20a9
http://www.ymca.int/,dns,https://explorer.ooni.org/m/20260410084125.304375_KR_webconnectivity_914074689283d874
https://www.yola.com/,ok,https://explorer.ooni.org/m/20260410084144.419653_KR_webconnectivity_0d90ca925b7a2041
https://www.zanzu.nl/,dns,https://explorer.ooni.org/m/20260410084145.443298_KR_webconnectivity_64343e88a47110e9
https://www.zoomshare.com/,dns,https://explorer.ooni.org/m/20260410084147.321305_KR_webconnectivity_268058e590d0086c
http://xanga.com/,ok,https://explorer.ooni.org/m/20260410084150.949175_KR_webconnectivity_b711d85331c7c1ee
https://xda-developers.com/,ok,https://explorer.ooni.org/m/20260410084211.829416_KR_webconnectivity_c0be223c46c42cc9
https://yourls.org/,ok,https://explorer.ooni.org/m/20260410084215.469056_KR_webconnectivity_38c4e01efdb1d5b7
https://yt3.ggpht.com/a-/AOh14GhGCI1dxtHOY_TDQfmxDBK_S7CHTPJ3U6zOUw=s480-c-k-c0x00ffffff-no-rj-mo,ok,https://explorer.ooni.org/m/20260410084234.250954_KR_webconnectivity_ae5e92a3ea228541
https://yt4.ggpht.com/a-/AOh14GhOiUxI-RcMC-Vfl2i15v3xewMr8bt2yNXTfw=s480-c-k-c0x00ffffff-no-rj-mo,ok,https://explorer.ooni.org/m/20260410084257.907179_KR_webconnectivity_9fa99d2f67fbbbeb
https://adultfriendfinder.com/,dns,https://explorer.ooni.org/m/20260410084300.543467_KR_webconnectivity_b752e092e46bafae
https://beeg.com/,dns,https://explorer.ooni.org/m/20260410084301.579464_KR_webconnectivity_1a87bf0eaec4f98c
http://betasia.com/,dns,https://explorer.ooni.org/m/20260410084302.695524_KR_webconnectivity_648275efac905f40
https://dailystormer.in/,dns,https://explorer.ooni.org/m/20260410084303.450764_KR_webconnectivity_5ea1f0637a00e82e
https://godhatesfags.com/,dns,https://explorer.ooni.org/m/20260410084306.053092_KR_webconnectivity_ae5193ca28cfe864
https://hightimes.com/,dns,https://explorer.ooni.org/m/20260410084308.378403_KR_webconnectivity_2b41db5e162ee70d
http://ndfsk.dyndns.org/,ok,https://explorer.ooni.org/m/20260410084309.412035_KR_webconnectivity_e9ce3c6f1333bc45
http://ndfsk.dyndns.org/kuguk8/Title1.htm,ok,https://explorer.ooni.org/m/20260410084310.087592_KR_webconnectivity_e23933d5de978d01
https://onlyfans.com/,dns,https://explorer.ooni.org/m/20260410084311.151483_KR_webconnectivity_94feaf47b59515ab
https://weedmaps.com/,dns,https://explorer.ooni.org/m/20260410084312.062571_KR_webconnectivity_e1073753b06618e0
http://www.4online-gambling.com/,dns,https://explorer.ooni.org/m/20260410084313.772765_KR_webconnectivity_dfe705c44b2fc19a
http://www.abcunderwear.com/,dns,https://explorer.ooni.org/m/20260410084315.263363_KR_webconnectivity_7caa513710e847c3
http://www.barmeister.com/,ok,https://explorer.ooni.org/m/20260410084317.400501_KR_webconnectivity_fcf6cc3c97db022b
http://www.betfair.com/,dns,https://explorer.ooni.org/m/20260410084318.527008_KR_webconnectivity_3f9346ac088235b7
http://www.bglad.com/,dns,https://explorer.ooni.org/m/20260410084322.224150_KR_webconnectivity_3703006f864ba3d5
https://www.cannaweed.com/,dns,https://explorer.ooni.org/m/20260410084324.049290_KR_webconnectivity_76f3a88b1ef4c409
http://www.casinotropez.com/,dns,https://explorer.ooni.org/m/20260410084325.626706_KR_webconnectivity_dd85e5193508913f
http://www.columbus25.com/,ok,https://explorer.ooni.org/m/20260410084327.279731_KR_webconnectivity_e6376f84e4205fd0
http://www.fuckingfreemovies.com/,dns,https://explorer.ooni.org/m/20260410084329.030882_KR_webconnectivity_9c3a2fb0e760c764
http://www.goldenrivieracasino.com/,dns,https://explorer.ooni.org/m/20260410084330.841877_KR_webconnectivity_c3778101ffd346ca
http://www.gotgayporn.com/,dns,https://explorer.ooni.org/m/20260410084332.892074_KR_webconnectivity_2fe65a5e378a9a0e
http://www.hanes.com/,ok,https://explorer.ooni.org/m/20260410084335.987006_KR_webconnectivity_6abbfbf37ef191dd
https://www.jdate.com/,dns,https://explorer.ooni.org/m/20260410084337.222179_KR_webconnectivity_7e4acf479153edca
http://www.luckynugget.com/,dns,https://explorer.ooni.org/m/20260410084338.904427_KR_webconnectivity_dad40c01777cae99
https://www.okcupid.com/,dns,https://explorer.ooni.org/m/20260410084339.703736_KR_webconnectivity_a077a470c4b0e4e8
http://www.online-dating.org/,dns,https://explorer.ooni.org/m/20260410084340.603935_KR_webconnectivity_67c7dec03ceb7350
http://www.partypoker.com/,dns,https://explorer.ooni.org/m/20260410084342.093832_KR_webconnectivity_5ff1edccc9d84a6a
http://www.pof.com/,dns,https://explorer.ooni.org/m/20260410084343.412077_KR_webconnectivity_61dddf5aa258b473
http://www.poker.com/,dns,https://explorer.ooni.org/m/20260410084344.586154_KR_webconnectivity_89e4c656ccbbaab6
http://www.rollitup.org/,dns,https://explorer.ooni.org/m/20260410084346.786503_KR_webconnectivity_0ef6ebd8ad7bfb7c
http://www.royalvegas-casino-kr.com/,dns,https://explorer.ooni.org/m/20260410084352.132742_KR_webconnectivity_79a38e6ea884813a
http://www.royalvegas.com/,dns,https://explorer.ooni.org/m/20260410084357.756958_KR_webconnectivity_704e1da1c87fd0a9
http://www.spinpalace.com/,dns,https://explorer.ooni.org/m/20260410084400.560533_KR_webconnectivity_34075cf98ed89bef
http://www.sportingbet.com/,dns,https://explorer.ooni.org/m/20260410084401.955720_KR_webconnectivity_78bc823fc5a9ffdd
http://www.sportsinteraction.com/,dns,https://explorer.ooni.org/m/20260410084403.256862_KR_webconnectivity_5fc651d9e12c0dc2
http://www.tobacco.org/,ok,https://explorer.ooni.org/m/20260410084405.015569_KR_webconnectivity_3749f9627891ba7b
http://www.topdrawers.com/,dns,https://explorer.ooni.org/m/20260410084407.653250_KR_webconnectivity_6d2917b130bc2578
http://www.venus.com/,dns,https://explorer.ooni.org/m/20260410084409.364618_KR_webconnectivity_5d558ff2e8ab469f
https://www.youporn.com/,dns,https://explorer.ooni.org/m/20260410084410.953325_KR_webconnectivity_618b53a801d8a6eb
https://a.slack-edge.com/f70ec/img/test_cdn_pixel.gif,ok,https://explorer.ooni.org/m/20260410084416.157611_KR_webconnectivity_3c843978e1fd6916
https://about.riot.im/,ok,https://explorer.ooni.org/m/20260410084441.195769_KR_webconnectivity_7e7b336df94d6ae1
http://abpr2.railfan.net/,ok,https://explorer.ooni.org/m/20260410084458.235765_KR_webconnectivity_b54bf54770b64a91
https://account.proton.me/,ok,https://explorer.ooni.org/m/20260410084503.242633_KR_webconnectivity_796aae992e0cdf82
https://app.developer.here.com/coronavirus/,ok,https://explorer.ooni.org/m/20260410084511.465971_KR_webconnectivity_c42b882309bf60bb
https://app.simplelogin.io/,ok,https://explorer.ooni.org/m/20260410084517.180532_KR_webconnectivity_62a21c1d48ad9e8e
https://app.slack.com/robots.txt,ok,https://explorer.ooni.org/m/20260410084527.968173_KR_webconnectivity_abd25ae618b6d3ba
https://app.wire.com/,ok,https://explorer.ooni.org/m/20260410084533.039337_KR_webconnectivity_49a608130eb74e00
https://archive.ph/,ok,https://explorer.ooni.org/m/20260410084540.249347_KR_webconnectivity_7d74e48bcb060fed
https://avatars.mds.yandex.net/robots.txt,dns,https://explorer.ooni.org/m/20260410084541.905505_KR_webconnectivity_6f767d41e293862d
http://bizLGU.com/,error,https://explorer.ooni.org/m/20260410084543.834415_KR_webconnectivity_e98f151709f489a9
http://bizmessage.kakao.com/,ok,https://explorer.ooni.org/m/20260410084551.501513_KR_webconnectivity_f92207f719e02a5c
https://briarproject.org/,ok,https://explorer.ooni.org/m/20260410084556.811252_KR_webconnectivity_62b700b05ba77509
http://bric.postech.ac.kr/,ok,https://explorer.ooni.org/m/20260410084632.085280_KR_webconnectivity_a00e369353ae03e0
http://cafe.daum.net/ahyoomee,ok,https://explorer.ooni.org/m/20260410084635.422987_KR_webconnectivity_23b3076b245daabd
http://caramasia.gn.apc.org/,tcp_ip,https://explorer.ooni.org/m/20260410084722.997067_KR_webconnectivity_90d4dcd82143ffad
https://censored.tv/,ok,https://explorer.ooni.org/m/20260410084746.180558_KR_webconnectivity_dc8e0c01456da45a
https://chat-gpt.org/,ok,https://explorer.ooni.org/m/20260410084802.618693_KR_webconnectivity_08c8b7f3da62c7a0
https://cid.contact/,ok,https://explorer.ooni.org/m/20260410084806.286864_KR_webconnectivity_e305b3ab99e594a8
https://cinemata.org/,ok,https://explorer.ooni.org/m/20260410084812.017572_KR_webconnectivity_1bdc3e4f83bfeef0
https://circumcision.org/,ok,https://explorer.ooni.org/m/20260410084825.816805_KR_webconnectivity_af21967f7a1236f6
https://covidtracking.com/,ok,https://explorer.ooni.org/m/20260410084841.594610_KR_webconnectivity_817092fabc5082ac
https://cwtch.im/,ok,https://explorer.ooni.org/m/20260410084848.395368_KR_webconnectivity_adbc1bfe7b6990f9
https://delta.chat/,ok,https://explorer.ooni.org/m/20260410084852.149568_KR_webconnectivity_b34bf7554f9f6ae3
https://dl.acm.org/,ok,https://explorer.ooni.org/m/20260410084855.532943_KR_webconnectivity_5e4d71d7d4056ebb
https://duckduckgo.com/,http-failure,https://explorer.ooni.org/m/20260410084917.093287_KR_webconnectivity_36bb15d55ba3f3a4
https://element.io/,ok,https://explorer.ooni.org/m/20260410084937.263328_KR_webconnectivity_0678e9f2b39c3116
https://espiv.net/,ok,https://explorer.ooni.org/m/20260410084948.283161_KR_webconnectivity_d7c3014d3b37c633
https://evernote.com/,ok,https://explorer.ooni.org/m/20260410085007.449227_KR_webconnectivity_2b79055162b23850
https://external-content.duckduckgo.com/robots.txt,http-failure,https://explorer.ooni.org/m/20260410085030.102697_KR_webconnectivity_483197e5d24c2986
http://gall.dcinside.com/board/lists/?id=disease,ok,https://explorer.ooni.org/m/20260410085059.349710_KR_webconnectivity_6a51904548612ba0
https://gemini.google.com/,ok,https://explorer.ooni.org/m/20260410085120.550505_KR_webconnectivity_951d8d5f0e5d1d00
https://getsession.org/,ok,https://explorer.ooni.org/m/20260410085135.759527_KR_webconnectivity_bd492efcd3baf2db
https://gisanddata.maps.arcgis.com/apps/dashboards/bda7594740fd40299423467b48e9ecf6,ok,https://explorer.ooni.org/m/20260410085141.120243_KR_webconnectivity_d62f9a9a1cb70263
http://giveu.net/,ok,https://explorer.ooni.org/m/20260410085200.643520_KR_webconnectivity_834ca84b00eb78d1
https://go-text.me/,ok,https://explorer.ooni.org/m/20260410085207.382762_KR_webconnectivity_38629b1613dfd49b
https://icao.maps.arcgis.com/apps/opsdashboard/index.html#/977dde48256b489fb48fa98e724721e8,ok,https://explorer.ooni.org/m/20260410085214.779694_KR_webconnectivity_4aec6332cf9b6e12
https://icao.maps.arcgis.com/apps/webappviewer3d/index.html?id=d9d3f8fa9a23425c8f0889baab626186,ok,https://explorer.ooni.org/m/20260410085223.675108_KR_webconnectivity_3d09a5140e27ea98
https://icq.com/,ok,https://explorer.ooni.org/m/20260410085231.908351_KR_webconnectivity_142e7a606f2a3941
https://ifacetimeapp.com/,ok,https://explorer.ooni.org/m/20260410085247.735851_KR_webconnectivity_3f17aefa0d478b37
https://im0-tub-com.yandex.net/i?id=462f375c96139f1e41d919b44be2d780&n=13&exp=1,dns,https://explorer.ooni.org/m/20260410085303.745438_KR_webconnectivity_0498befbc353e77a
https://imageshack.com/,ok,https://explorer.ooni.org/m/20260410085309.896186_KR_webconnectivity_5f8654d5b15f7608
https://imgur.com/,dns,https://explorer.ooni.org/m/20260410085318.743340_KR_webconnectivity_d9f25af57e778a0f
https://imp.free.fr/,ok,https://explorer.ooni.org/m/20260410085332.324820_KR_webconnectivity_3d056018a356678a
https://jami.net/,ok,https://explorer.ooni.org/m/20260410085345.858257_KR_webconnectivity_34df3c463c2348be
https://kidshealth.org/,ok,https://explorer.ooni.org/m/20260410085359.158058_KR_webconnectivity_a99519e28ca69915
http://kr.yahoo.com/,ok,https://explorer.ooni.org/m/20260410085419.287147_KR_webconnectivity_b5440e25dc9fa225
https://lens.google.com/uploadbyurl?url=https%3A%2F%2Fwww.google.com%2Fimages%2Fbranding%2Fgooglelogo%2F1x%2Fgooglelogo_color_150x54dp.png&hl=en-US&ep=gisb,ok,https://explorer.ooni.org/m/20260410085432.667482_KR_webconnectivity_de2542f13313a048
http://lifeline.or.kr/,error,https://explorer.ooni.org/m/20260410085444.625411_KR_webconnectivity_7a331db0fec78553
https://login.live.com/,ok,https://explorer.ooni.org/m/20260410085454.911618_KR_webconnectivity_778a0fb031b3ef87
http://mail.daum.net/,ok,https://explorer.ooni.org/m/20260410085502.901982_KR_webconnectivity_3236b4b1a09fcab0
https://mail.google.com/,ok,https://explorer.ooni.org/m/20260410085524.162806_KR_webconnectivity_05cf36d7a07e9d3b
http://mail.naver.com/,ok,https://explorer.ooni.org/m/20260410085531.073123_KR_webconnectivity_ac05cd6b79088930
https://mail.proton.me/,ok,https://explorer.ooni.org/m/20260410085535.459658_KR_webconnectivity_5f3ef2463ed7bcb5
https://mail.ru/,ok,https://explorer.ooni.org/m/20260410085601.277112_KR_webconnectivity_cba789eadd5e61b4
https://mail.yahoo.com/,ok,https://explorer.ooni.org/m/20260410085608.386217_KR_webconnectivity_01391f8e147ebe13
https://media.fevn1-1.fna.whatsapp.net/robots.txt,ok,https://explorer.ooni.org/m/20260410085612.173225_KR_webconnectivity_3794e2c3cac205ab
https://messages.google.com/,ok,https://explorer.ooni.org/m/20260410085615.307788_KR_webconnectivity_5f26e812c75d6ce2
https://mmg.whatsapp.net/robots.txt,ok,https://explorer.ooni.org/m/20260410085618.156456_KR_webconnectivity_1088e62698b88756
https://mobile.element.io/,ok,https://explorer.ooni.org/m/20260410085621.807491_KR_webconnectivity_373d66dcdaa16da3
https://msh.org/,ok,https://explorer.ooni.org/m/20260410085636.967067_KR_webconnectivity_374d9c1d1744f10d
https://mytrans.com.tw/,ok,https://explorer.ooni.org/m/20260410085639.790079_KR_webconnectivity_122a8495ddca86d7
https://nextstrain.org/ncov,ok,https://explorer.ooni.org/m/20260410085646.257132_KR_webconnectivity_2e1f6056af1f276f
https://nostr.com/,ok,https://explorer.ooni.org/m/20260410085657.235079_KR_webconnectivity_beb7d081661e4207
https://obsproject.com/,ok,https://explorer.ooni.org/m/20260410085702.114226_KR_webconnectivity_388e616afffbf423
https://opera.com/,ok,https://explorer.ooni.org/m/20260410085719.840725_KR_webconnectivity_58203398c78385aa
https://outlook.live.com/,ok,https://explorer.ooni.org/m/20260410085727.142759_KR_webconnectivity_72b9072b1d9908c7
https://photos.google.com/,ok,https://explorer.ooni.org/m/20260410085748.257743_KR_webconnectivity_94b07397f0c2fd3d
https://posteo.de/,ok,https://explorer.ooni.org/m/20260410085802.927359_KR_webconnectivity_7e2ea2abb4912ebe
https://presearch.org/,ok,https://explorer.ooni.org/m/20260410085809.292692_KR_webconnectivity_69d011f845af7e5f
https://rumble.com/,ok,https://explorer.ooni.org/m/20260410085829.265201_KR_webconnectivity_80a3a00def7865f7
https://search.aol.com/,ok,https://explorer.ooni.org/m/20260410085839.026652_KR_webconnectivity_a57f481d9e68c5a7
https://search.brave.com/,ok,https://explorer.ooni.org/m/20260410085851.463311_KR_webconnectivity_57e97c53ac50d6da
https://secure.hi5.com/,ok,https://explorer.ooni.org/m/20260410085915.276605_KR_webconnectivity_869bf2e0ed859b16
https://spideroak.com/,ok,https://explorer.ooni.org/m/20260410085935.042679_KR_webconnectivity_6632e72c1a5f5bfc
https://startpage.com/,http-failure,https://explorer.ooni.org/m/20260410085939.431538_KR_webconnectivity_be44695dde19955c
https://status.im/,ok,https://explorer.ooni.org/m/20260410090002.462502_KR_webconnectivity_8dbfcc65e944c54c
https://storymaps.arcgis.com/,ok,https://explorer.ooni.org/m/20260410090023.227499_KR_webconnectivity_6f64cf4d6a06dc88
https://support.delta.chat/,ok,https://explorer.ooni.org/m/20260410090052.862641_KR_webconnectivity_97900e67a95e12a7
https://tamtam.chat/,ok,https://explorer.ooni.org/m/20260410090059.607077_KR_webconnectivity_f65696ef82ef9745
http://tcafek.com/,confirmed,https://explorer.ooni.org/m/20260410090116.429776_KR_webconnectivity_a6e30427e799235c
https://teams.microsoft.com/,ok,https://explorer.ooni.org/m/20260410090136.237742_KR_webconnectivity_d92ba86a65511611
https://test-ipv6.com/,ok,https://explorer.ooni.org/m/20260410090142.929659_KR_webconnectivity_e5a2f4f9bc4cfb8f
https://th.bing.com/th/id/OIP.YnpdokcN_OQYn3n41AlqZAHaEe?w=250&h=180&c=7&o=5&pid=1.7,ok,https://explorer.ooni.org/m/20260410090155.324452_KR_webconnectivity_2d423c1df673e038
https://translate.google.com/,ok,https://explorer.ooni.org/m/20260410090211.567508_KR_webconnectivity_78d8c2adde3ba8c5
https://translation2.paralink.com/,ok,https://explorer.ooni.org/m/20260410090229.315990_KR_webconnectivity_988356d038c8db85
https://transparencyreport.google.com/,ok,https://explorer.ooni.org/m/20260410090236.018004_KR_webconnectivity_b1597f651b5c023e
https://tuta.com/,ok,https://explorer.ooni.org/m/20260410090304.326738_KR_webconnectivity_2e9f8362d31d0fd7
http://tvcast.naver.com/,ok,https://explorer.ooni.org/m/20260410090322.961786_KR_webconnectivity_1f41fa8581ae018a
https://tx.me/,ok,https://explorer.ooni.org/m/20260410090328.517003_KR_webconnectivity_cfa223b8feee1881
https://vector.im/_matrix/identity/api/v1,ok,https://explorer.ooni.org/m/20260410090331.616277_KR_webconnectivity_c802f18efe6e85b7
https://video-preview.s3.yandex.net/robots.txt,dns,https://explorer.ooni.org/m/20260410090332.896519_KR_webconnectivity_49ace5fc93ed4277
https://web.wechat.com/,ok,https://explorer.ooni.org/m/20260410090345.509751_KR_webconnectivity_41f5dac9a5b965a6
https://worldhealth.net/,ok,https://explorer.ooni.org/m/20260410090356.577357_KR_webconnectivity_d6d8a1509dd9bf0b
http://www.aids.or.kr/,ok,https://explorer.ooni.org/m/20260410090402.505896_KR_webconnectivity_e2f6089b5aee9fc4
https://www.ananzi.co.za/,ok,https://explorer.ooni.org/m/20260410090406.484890_KR_webconnectivity_a25da277241c1d75
http://www.asiansexgazette.com/,dns,https://explorer.ooni.org/m/20260410090408.519647_KR_webconnectivity_55ef1a94702c8d88
http://www.asiansexgazette.com/asg/asian_health.htm,dns,https://explorer.ooni.org/m/20260410090411.289975_KR_webconnectivity_556b901b5225431c
https://www.baidu.com/,ok,https://explorer.ooni.org/m/20260410090432.629206_KR_webconnectivity_7a4b3b1fb6f083f1
https://www.bbm.com/,ok,https://explorer.ooni.org/m/20260410090454.967374_KR_webconnectivity_0bf55a0b8140602a
https://www.bing.com/,ok,https://explorer.ooni.org/m/20260410090522.728904_KR_webconnectivity_38914715b421e3b1
https://www.broadvoice.com/,ok,https://explorer.ooni.org/m/20260410090545.571318_KR_webconnectivity_724701f3a60228a9
https://www.cdc.gov/,ok,https://explorer.ooni.org/m/20260410090555.468804_KR_webconnectivity_50d85cdb5deda473
http://www.cirp.org/,ok,https://explorer.ooni.org/m/20260410090601.606877_KR_webconnectivity_e6f78acf9264585d
http://www.dailymotion.com/kr,ok,https://explorer.ooni.org/m/20260410090612.350312_KR_webconnectivity_af687be3013da865
http://www.daum.net/,ok,https://explorer.ooni.org/m/20260410090629.965210_KR_webconnectivity_9b47b6d31a042d53
https://www.doctorswithoutborders.org/,ok,https://explorer.ooni.org/m/20260410090647.704994_KR_webconnectivity_e8d405612135fa4d
http://www.dogpile.com/,ok,https://explorer.ooni.org/m/20260410090651.677485_KR_webconnectivity_ab5bca19d6417740
http://www.dreamwiz.com/,ok,https://explorer.ooni.org/m/20260410090713.847012_KR_webconnectivity_4dcf6f696327810b
https://www.ecdc.europa.eu/,ok,https://explorer.ooni.org/m/20260410090729.460926_KR_webconnectivity_2c6836156280ea34
https://www.engenderhealth.org/,ok,https://explorer.ooni.org/m/20260410090743.679230_KR_webconnectivity_e1d1c66b803e7647
http://www.euthanasia.cc/,ok,https://explorer.ooni.org/m/20260410090750.299690_KR_webconnectivity_6efdcacb3b2c9613
https://www.fotki.com/,ok,https://explorer.ooni.org/m/20260410090756.651823_KR_webconnectivity_521efb98ed76441d
http://www.fotolog.com/,ok,https://explorer.ooni.org/m/20260410090815.397592_KR_webconnectivity_e34ed7e358730161
https://www.freepik.com/,ok,https://explorer.ooni.org/m/20260410090820.767205_KR_webconnectivity_3d5723a75a7d2343
https://www.gatesfoundation.org/,ok,https://explorer.ooni.org/m/20260410090840.126119_KR_webconnectivity_c93d65111083d1ed
http://www.getdrupe.com/,ok,https://explorer.ooni.org/m/20260410090854.409714_KR_webconnectivity_b19e0372f58fed09
https://www.google.co.kr/,ok,https://explorer.ooni.org/m/20260410090911.484629_KR_webconnectivity_9088fed03ebe0239
https://www.google.com/,ok,https://explorer.ooni.org/m/20260410090931.829775_KR_webconnectivity_2f0bfb763ebc81e0
https://www.health.com/,ok,https://explorer.ooni.org/m/20260410090935.777968_KR_webconnectivity_e4f8dc1b0fa76bcc
https://www.healthmap.org/covid-19/,ok,https://explorer.ooni.org/m/20260410090938.750173_KR_webconnectivity_f0119bd8de131652
https://www.hightail.com/,ok,https://explorer.ooni.org/m/20260410090950.764811_KR_webconnectivity_dc019fe26ed57d26
https://www.hotbot.com/,dns,https://explorer.ooni.org/m/20260410090952.764502_KR_webconnectivity_84058b8060d76946
https://www.hushmail.com/,ok,https://explorer.ooni.org/m/20260410091017.644450_KR_webconnectivity_d05b4677855395c6
https://www.iconnecthere.com/,ok,https://explorer.ooni.org/m/20260410091025.384767_KR_webconnectivity_3e0b96df285ee688
http://www.implantinfo.com/,ok,https://explorer.ooni.org/m/20260410091045.453547_KR_webconnectivity_ef8f2b6916c2019b
http://www.inbox.com/,ok,https://explorer.ooni.org/m/20260410091057.797449_KR_webconnectivity_b4fc280a0effe837
http://www.internet-phone.co.kr/,tcp_ip,https://explorer.ooni.org/m/20260410091145.124254_KR_webconnectivity_c68598d836c7e823
http://www.isscr.org/,ok,https://explorer.ooni.org/m/20260410091209.266749_KR_webconnectivity_57175462a342ba70
https://www.jabber.ru/,ok,https://explorer.ooni.org/m/20260410091212.706701_KR_webconnectivity_39c8a5e94726aa2f
http://www.kakao.com/services/8,ok,https://explorer.ooni.org/m/20260410091234.980286_KR_webconnectivity_6f462496e176f6d5
http://www.keptprivate.com/,ok,https://explorer.ooni.org/m/20260410091240.854022_KR_webconnectivity_7e2c206e0c98781f
https://www.kff.org/,ok,https://explorer.ooni.org/m/20260410091259.882984_KR_webconnectivity_bb0c7311ccca941c
http://www.kftel.com/,ok,https://explorer.ooni.org/m/20260410091304.837249_KR_webconnectivity_4de7d952f46792a2
https://www.last.fm/,ok,https://explorer.ooni.org/m/20260410091322.809182_KR_webconnectivity_a90286542ac0fbb9
http://www.lingo.com/,error,https://explorer.ooni.org/m/20260410091326.266853_KR_webconnectivity_26d250028b336c82
http://www.linphone.org/,ok,https://explorer.ooni.org/m/20260410091352.398168_KR_webconnectivity_8d6171f9956d9a18
http://www.love4one.com/,ok,https://explorer.ooni.org/m/20260410091420.803499_KR_webconnectivity_36746b03c4c4022f
http://www.lycos.com/,ok,https://explorer.ooni.org/m/20260410091425.939075_KR_webconnectivity_bdcf7b2494099af7
http://www.magicjack.com/,ok,https://explorer.ooni.org/m/20260410091435.645345_KR_webconnectivity_e618418978819f04
https://www.mail.com/,ok,https://explorer.ooni.org/m/20260410091452.843024_KR_webconnectivity_2fe9ffe47aaed40e
http://www.mail.lycos.com/,ok,https://explorer.ooni.org/m/20260410091502.978756_KR_webconnectivity_f132ab5440946412
http://www.mail2web.com/,ok,https://explorer.ooni.org/m/20260410091522.555792_KR_webconnectivity_bd619bdd7475b61e
http://www.mailinator.com/,ok,https://explorer.ooni.org/m/20260410091542.157593_KR_webconnectivity_b399ed4d132591e6
https://www.mamma.com/,ok,https://explorer.ooni.org/m/20260410091551.117566_KR_webconnectivity_c8db21badbc21556
https://www.mariestopes.org.uk/,ok,https://explorer.ooni.org/m/20260410091613.339090_KR_webconnectivity_80a7b93ad9631aea
http://www.medecinsdumonde.org/,ok,https://explorer.ooni.org/m/20260410091643.904483_KR_webconnectivity_49363fad58ac0501
https://www.mediafire.com/,ok,https://explorer.ooni.org/m/20260410091653.503876_KR_webconnectivity_42b32aabc29220f9
http://www.medicinenet.com/,ok,https://explorer.ooni.org/m/20260410091714.475360_KR_webconnectivity_d717bf5df657d76a
http://www.mersjido.com/,ok,https://explorer.ooni.org/m/20260410091716.504576_KR_webconnectivity_e9591d75affa1d2a
https://www.messenger.com/,ok,https://explorer.ooni.org/m/20260410091735.269392_KR_webconnectivity_e339975141190a09
http://www.metacrawler.com/,dns,https://explorer.ooni.org/m/20260410091736.823029_KR_webconnectivity_0c60f3e410be9cd2
https://www.microsoft.com/,ok,https://explorer.ooni.org/m/20260410091751.940512_KR_webconnectivity_49bf285366eb232b
http://www.microsofttranslator.com/,ok,https://explorer.ooni.org/m/20260410091811.457898_KR_webconnectivity_3d0314eb4dde7e97
https://www.mojeek.com/,ok,https://explorer.ooni.org/m/20260410091815.192898_KR_webconnectivity_2234a042eb39aeee
http://www.moohan.net/,dns,https://explorer.ooni.org/m/20260410091817.394432_KR_webconnectivity_fe465aa0ab673684
https://www.msf.org/,ok,https://explorer.ooni.org/m/20260410091821.013947_KR_webconnectivity_2bb0e411e5c36d16
https://www.msn.com/,ok,https://explorer.ooni.org/m/20260410091830.503093_KR_webconnectivity_e7cb65fbbec6b7ff
http://www.munjanara.co.kr/,error,https://explorer.ooni.org/m/20260410091854.595044_KR_webconnectivity_55998641c3dec91c
http://www.naver.com/,ok,https://explorer.ooni.org/m/20260410091916.279270_KR_webconnectivity_8f522173d1176ef0
http://www.netaddress.com/,ok,https://explorer.ooni.org/m/20260410091921.303478_KR_webconnectivity_63817bfcdd09ca0d
https://www.netaddress.com/,ok,https://explorer.ooni.org/m/20260410091925.315588_KR_webconnectivity_1e254634780e105e
https://www.netflix.com/,ok,https://explorer.ooni.org/m/20260410091945.090573_KR_webconnectivity_629e3f3af3e8d5d6
http://www.nicesms.co.kr/,dns,https://explorer.ooni.org/m/20260410091948.632090_KR_webconnectivity_86b5a11f45b5b633
http://www.olleh-kt.kr/,ok,https://explorer.ooni.org/m/20260410091956.012418_KR_webconnectivity_b4b77f83f6c3676f
http://www.online-translator.com/,ok,https://explorer.ooni.org/m/20260410092011.932962_KR_webconnectivity_4092453ddcc806cb
http://www.oovoo.com/,ok,https://explorer.ooni.org/m/20260410092027.572236_KR_webconnectivity_86a4ed0f5ec6dcee
https://www.openstreetmap.org/,ok,https://explorer.ooni.org/m/20260410092034.670520_KR_webconnectivity_c2721cb785022c5a
http://www.orgio.com/,ok,https://explorer.ooni.org/m/20260410092038.969467_KR_webconnectivity_d64adfb18d7b1854
http://www.paltalk.com/,ok,https://explorer.ooni.org/m/20260410092043.646414_KR_webconnectivity_84e40629bc7a1c3c
http://www.pandora.com/,ok,https://explorer.ooni.org/m/20260410092052.761893_KR_webconnectivity_0ae5d23bd5971e0a
https://www.perplexity.ai/,ok,https://explorer.ooni.org/m/20260410092056.164308_KR_webconnectivity_01447dd85b960161
https://www.pinterest.com/,ok,https://explorer.ooni.org/m/20260410092119.788515_KR_webconnectivity_1e97d5cbe89db8e9
https://www.postmaster.co.uk/,ok,https://explorer.ooni.org/m/20260410092124.145224_KR_webconnectivity_e9d20cf3dabd111c
http://www.ppca.co.kr/,ok,https://explorer.ooni.org/m/20260410092124.833777_KR_webconnectivity_878ce8721074658d
http://www.ppurio.com/,dns,https://explorer.ooni.org/m/20260410092129.948045_KR_webconnectivity_498655939c6f4169
https://www.projectbaseline.com/studies/covid-research/,ok,https://explorer.ooni.org/m/20260410092144.510819_KR_webconnectivity_10511378da6e47ee
https://www.proton.me/,ok,https://explorer.ooni.org/m/20260410092207.368493_KR_webconnectivity_b42390f87de57540
https://www.rki.de/,ok,https://explorer.ooni.org/m/20260410092232.123705_KR_webconnectivity_fde6bfe97881c2fe
https://www.search.com/,ok,https://explorer.ooni.org/m/20260410092253.470772_KR_webconnectivity_c3c97e5a3f763c02
http://www.searchindia.com/,ok,https://explorer.ooni.org/m/20260410092310.673341_KR_webconnectivity_0241d7b6e6280bc3
http://www.securenym.net/,ok,https://explorer.ooni.org/m/20260410092313.046694_KR_webconnectivity_6e5116cc6b0e8026
https://www.sendthisfile.com/,ok,https://explorer.ooni.org/m/20260410092330.563161_KR_webconnectivity_0356be81178e8b6c
http://www.shinbiro.com/,tcp_ip,https://explorer.ooni.org/m/20260410092416.599485_KR_webconnectivity_b24c38e0ecb6879c
http://www.sina.com.cn/,ok,https://explorer.ooni.org/m/20260410092435.315389_KR_webconnectivity_3174aa1b31a82c93
https://www.skype.com/,ok,https://explorer.ooni.org/m/20260410092449.090290_KR_webconnectivity_d62ae748c302b32b
http://www.skysms.co.kr/,ok,https://explorer.ooni.org/m/20260410092451.782093_KR_webconnectivity_3d4afbf705152dea
http://www.slideshare.net/,ok,https://explorer.ooni.org/m/20260410092511.328490_KR_webconnectivity_98032956e42765fa
https://www.startmail.com/,ok,https://explorer.ooni.org/m/20260410092526.724805_KR_webconnectivity_c47b5128fd19c861
https://www.subscribestar.com/,ok,https://explorer.ooni.org/m/20260410092542.122040_KR_webconnectivity_deebd3a2516d957f
http://www.talkyou.me/,ok,https://explorer.ooni.org/m/20260410092547.962642_KR_webconnectivity_17d75d4e8ee2111e
http://www.tango.me/,ok,https://explorer.ooni.org/m/20260410092550.930464_KR_webconnectivity_cf85603fcc98e04e
https://www.tawk.to/,ok,https://explorer.ooni.org/m/20260410092611.001549_KR_webconnectivity_59b5819d09e3640a
https://www.ted.com/,ok,https://explorer.ooni.org/m/20260410092626.741081_KR_webconnectivity_2a3ffc8512725a89
https://www.textra.me/,ok,https://explorer.ooni.org/m/20260410092636.000105_KR_webconnectivity_10ee40e54675d7dd
https://www.theglobalfund.org/,ok,https://explorer.ooni.org/m/20260410092654.826248_KR_webconnectivity_d382388df9e029d4
http://www.tialsoft.com/download/,ok,https://explorer.ooni.org/m/20260410092659.894305_KR_webconnectivity_c844047daa27919c
http://www.tialsoft.com/multitranse/,ok,https://explorer.ooni.org/m/20260410092706.345888_KR_webconnectivity_6cf4582bbf75a981
https://www.transferbigfiles.com/,ok,https://explorer.ooni.org/m/20260410092711.818014_KR_webconnectivity_791392c22998c37b
http://www.translate.ru/,http-failure,https://explorer.ooni.org/m/20260410092729.385996_KR_webconnectivity_8d3b659b6b4018f2
http://www.transwhiz.com/,ok,https://explorer.ooni.org/m/20260410092734.094310_KR_webconnectivity_91cd5d03f965d589
https://www.truecaller.com/,ok,https://explorer.ooni.org/m/20260410092748.532017_KR_webconnectivity_fb9c0f93fda6e552
https://www.unaids.org/,ok,https://explorer.ooni.org/m/20260410092807.459147_KR_webconnectivity_56616d6ca0754834
http://www.vtv.co.kr/,ok,https://explorer.ooni.org/m/20260410092811.404454_KR_webconnectivity_3b98aa89783fe4b5
https://www.vyke.com/,ok,https://explorer.ooni.org/m/20260410092823.395920_KR_webconnectivity_991522dd5a6a9e8a
http://www.webbox.com/index.php,ok,https://explorer.ooni.org/m/20260410092824.652610_KR_webconnectivity_f632531a8aad7c14
http://www.wevo.co.kr/,error,https://explorer.ooni.org/m/20260410092841.090245_KR_webconnectivity_795562149da52378
http://www.whitepages.com/,ok,https://explorer.ooni.org/m/20260410092858.814827_KR_webconnectivity_4fd356625cb05877
https://www.who.int/,ok,https://explorer.ooni.org/m/20260410092917.231350_KR_webconnectivity_2b36eb8108f7d3b2
https://www.worldometers.info/coronavirus/,ok,https://explorer.ooni.org/m/20260410092935.969146_KR_webconnectivity_481d138b451ebe4f
https://www.y2mate.com/,dns,https://explorer.ooni.org/m/20260410092937.271236_KR_webconnectivity_a4582b709ccdabd2
http://www.yahoo.co.kr/,ok,https://explorer.ooni.org/m/20260410092957.565513_KR_webconnectivity_debcd05918070575
https://www.yahoo.com/,ok,https://explorer.ooni.org/m/20260410093021.554942_KR_webconnectivity_8303f2e0bb34f65a
https://yandex.com/,dns,https://explorer.ooni.org/m/20260410093023.929618_KR_webconnectivity_6d07389655e9541c
https://yandexwebcache.net/robots.txt,ok,https://explorer.ooni.org/m/20260410093033.454445_KR_webconnectivity_b84352950686b8f6
https://zoom.us/,ok,https://explorer.ooni.org/m/20260410093055.919040_KR_webconnectivity_e8c015276d88184f
https://1.1.1.1/,tcp_ip,https://explorer.ooni.org/m/20260410093127.633125_KR_webconnectivity_3059ac90f923f0e3
http://2015peoplepower.tistory.com/,ok,https://explorer.ooni.org/m/20260410093130.224676_KR_webconnectivity_cea6db446b9e8747
https://4genderjustice.org/,ok,https://explorer.ooni.org/m/20260410093145.068899_KR_webconnectivity_2627ec66137bc243
https://76crimes.com/,ok,https://explorer.ooni.org/m/20260410093203.825746_KR_webconnectivity_6734814811365d91
http://abc.go.com/,ok,https://explorer.ooni.org/m/20260410093221.116509_KR_webconnectivity_454af8586db10627
http://act.jinbo.net/,ok,https://explorer.ooni.org/m/20260410093238.772784_KR_webconnectivity_142be43ad520840f
https://actionaid.org/,ok,https://explorer.ooni.org/m/20260410093252.505568_KR_webconnectivity_1250370c45ca9ada
https://advox.globalvoices.org/,error,https://explorer.ooni.org/m/20260410093258.621017_KR_webconnectivity_640c2984d48cfed5
https://amnezia.org/,dns,https://explorer.ooni.org/m/20260410093300.633454_KR_webconnectivity_786cfa94cbd185c8
http://anonymizer.secuser.com/,dns,https://explorer.ooni.org/m/20260410093302.085551_KR_webconnectivity_50e8cb35276cfe07
http://anonymouse.org/,dns,https://explorer.ooni.org/m/20260410093318.113507_KR_webconnectivity_d65195b524d0f7e7
https://antivigilancia.org/,dns,https://explorer.ooni.org/m/20260410093321.208323_KR_webconnectivity_cbefbc4c03af94f5
https://arc-international.net/,ok,https://explorer.ooni.org/m/20260410093339.186176_KR_webconnectivity_9e651f692f54ac34
https://asiatimes.com/,ok,https://explorer.ooni.org/m/20260410093353.456738_KR_webconnectivity_f29e98ec109e25fa
https://atlasofsurveillance.org/,ok,https://explorer.ooni.org/m/20260410093400.705088_KR_webconnectivity_1ed0c821df7fd790
https://banthis.tv/,dns,https://explorer.ooni.org/m/20260410093401.515650_KR_webconnectivity_7ef22ecb78487eb6
http://base21.jinbo.net/,ok,https://explorer.ooni.org/m/20260410093423.753688_KR_webconnectivity_a893a2e817ed880a
https://blog.genderwatchdog.org/,ok,https://explorer.ooni.org/m/20260410093430.967390_KR_webconnectivity_7d5d7cad96cba712
http://blog.jinbo.net/,ok,https://explorer.ooni.org/m/20260410093446.101832_KR_webconnectivity_07e2cc948ee91367
https://bouncer.ooni.io/,ok,https://explorer.ooni.org/m/20260410093452.314489_KR_webconnectivity_c52aab5a244cf2a4
https://bricspress.live/,ok,https://explorer.ooni.org/m/20260410093453.088750_KR_webconnectivity_2a0af3d94e18f92b
https://brothersroad.org/,ok,https://explorer.ooni.org/m/20260410093509.439738_KR_webconnectivity_5a5098abaaffc0d9
https://btguard.com/,dns,https://explorer.ooni.org/m/20260410093511.046233_KR_webconnectivity_9510352ef67c8305
http://cafe.daum.net/,ok,https://explorer.ooni.org/m/20260410093522.493616_KR_webconnectivity_fed820f0b45971fe
http://cafe.daum.net/antimb,ok,https://explorer.ooni.org/m/20260410093526.829008_KR_webconnectivity_4ce745230d81e593
http://cafe.daum.net/libertyofthepress,ok,https://explorer.ooni.org/m/20260410093530.178689_KR_webconnectivity_a767cdc02f599c77
http://cafe.daum.net/pridecare,ok,https://explorer.ooni.org/m/20260410093534.324851_KR_webconnectivity_53a0ce5bb2134fca
http://cafe.daum.net/stopcjd,ok,https://explorer.ooni.org/m/20260410093537.849296_KR_webconnectivity_e14b1e763b4fde25
http://cafe.naver.com/asunaro/,ok,https://explorer.ooni.org/m/20260410093558.634804_KR_webconnectivity_e4c0dc8605d51465
https://carafem.org/,dns,https://explorer.ooni.org/m/20260410093559.643407_KR_webconnectivity_fbdf7ba3d8fb4cf8
https://carnegieendowment.org/,ok,https://explorer.ooni.org/m/20260410093617.329610_KR_webconnectivity_c3cc4c1ccbef0dfe
https://certbot.eff.org/,ok,https://explorer.ooni.org/m/20260410093627.076198_KR_webconnectivity_172d7676cecc008f
https://citizenlab.ca/,ok,https://explorer.ooni.org/m/20260410093646.962217_KR_webconnectivity_f3020278eec0d449
https://cpj.org/,ok,https://explorer.ooni.org/m/20260410093704.175027_KR_webconnectivity_5b556781dbc9452f
https://cryptpad.fr/,ok,https://explorer.ooni.org/m/20260410093707.558550_KR_webconnectivity_107a31558a2e880c
https://cryptpad.org/instances/,ok,https://explorer.ooni.org/m/20260410093715.472044_KR_webconnectivity_d6754575e9838c24
https://csid-online.org/,ok,https://explorer.ooni.org/m/20260410093733.861816_KR_webconnectivity_dcc542efb1c963b7
https://cyber.harvard.edu/,ok,https://explorer.ooni.org/m/20260410093747.803387_KR_webconnectivity_1888e39e3693ebf9
https://ddosecrets.com/,ok,https://explorer.ooni.org/m/20260410093755.279232_KR_webconnectivity_e7ade1ca73cb0e3d
https://disclose.ngo/,ok,https://explorer.ooni.org/m/20260410093801.008478_KR_webconnectivity_eb5582545decb782
https://dn42.dev/,ok,https://explorer.ooni.org/m/20260410093807.324921_KR_webconnectivity_e71505df2b5f1282
https://docs.mvt.re/,dns,https://explorer.ooni.org/m/20260410093809.675446_KR_webconnectivity_018408c9bafab532
https://edition.cnn.com/,ok,https://explorer.ooni.org/m/20260410093828.974696_KR_webconnectivity_6a3b7fe277376c8b
http://english.eduhope.net/,ok,https://explorer.ooni.org/m/20260410093832.744320_KR_webconnectivity_c39c7ecfc37b23f6
http://english.hani.co.kr/,ok,https://explorer.ooni.org/m/20260410093852.322110_KR_webconnectivity_0fd6dd221e737b6e
http://english.yna.co.kr/,error,https://explorer.ooni.org/m/20260410093854.718629_KR_webconnectivity_68729447d1fcdb51
https://epic.org/,ok,https://explorer.ooni.org/m/20260410093857.533110_KR_webconnectivity_4cbfcc7ad4310b64
https://feminist.org/,ok,https://explorer.ooni.org/m/20260410093916.693675_KR_webconnectivity_f855dbbde5c0dce5
https://fleegle.mixmin.net/,ok,https://explorer.ooni.org/m/20260410093920.542393_KR_webconnectivity_3d336ab4ee935521
https://fondfbr.ru/,dns,https://explorer.ooni.org/m/20260410093922.716710_KR_webconnectivity_4322f501303e6316
https://freedomhouse.org/,ok,https://explorer.ooni.org/m/20260410093938.707614_KR_webconnectivity_59db27c32dd3d833
https://freemuse.org/,ok,https://explorer.ooni.org/m/20260410093958.828248_KR_webconnectivity_3dc830d88f7205c3
https://googleweblight.com/i?u=https%3A%2F%2Fexample.com%2F,dns,https://explorer.ooni.org/m/20260410093959.887970_KR_webconnectivity_219311cce2e1f078
https://mullvad.net/,dns,https://explorer.ooni.org/m/20260410094000.927333_KR_webconnectivity_d83b7fed89de34c1
http://northkoreatech.org/,ok,https://explorer.ooni.org/m/20260410094003.338117_KR_webconnectivity_c628cecf25ec1f2a
https://proxy.i2phides.me/,dns,https://explorer.ooni.org/m/20260410094009.530818_KR_webconnectivity_8efde80e221947b6
https://safervpn.com/,dns,https://explorer.ooni.org/m/20260410094011.583667_KR_webconnectivity_025e654fe0d42dee
https://spys.one/,dns,https://explorer.ooni.org/m/20260410094014.595993_KR_webconnectivity_0a5890355dc6caaf
http://www.cnnasiapacific.com/,tcp_ip,https://explorer.ooni.org/m/20260410094101.889298_KR_webconnectivity_ccaa27974e947315
https://www.crisisgroup.org/,ok,https://explorer.ooni.org/m/20260410094124.685358_KR_webconnectivity_ec6005a5141613f4
https://www.csmonitor.com/,ok,https://explorer.ooni.org/m/20260410094150.196435_KR_webconnectivity_60dfba813dd93ee2
https://www.currenttime.tv/,ok,https://explorer.ooni.org/m/20260410094218.568846_KR_webconnectivity_75cc4e360dc253df
http://www.cwgl.rutgers.edu/,ok,https://explorer.ooni.org/m/20260410094231.654399_KR_webconnectivity_db5039dca53bc59a
https://www.cyberghostvpn.com/,dns,https://explorer.ooni.org/m/20260410094233.190073_KR_webconnectivity_0d4e408917441f9f
https://www.dailymail.co.uk/,ok,https://explorer.ooni.org/m/20260410094250.397529_KR_webconnectivity_0fb025872f10caf4
https://www.hotspotshield.com/,dns,https://explorer.ooni.org/m/20260410094251.614322_KR_webconnectivity_e6fd10874cb77d9d
http://www.migrantsinkorea.net/,ok,https://explorer.ooni.org/m/20260410094252.495682_KR_webconnectivity_1c02f01d6d00d9ad
http://www.naral.org/,ok,https://explorer.ooni.org/m/20260410094255.108086_KR_webconnectivity_170fd20b9c20712d
https://www.out.com/,dns,https://explorer.ooni.org/m/20260410094256.223171_KR_webconnectivity_d0bcbba2066aad9c
http://www.pangari.net/,ok,https://explorer.ooni.org/m/20260410094256.998829_KR_webconnectivity_a6a57e239629bc20
https://www.planetromeo.com/,dns,https://explorer.ooni.org/m/20260410094258.387023_KR_webconnectivity_ba7e6b12bb717df2
http://www.publiuspundit.com/,ok,https://explorer.ooni.org/m/20260410094317.071430_KR_webconnectivity_361e13a78736828e
https://www.purevpn.com/,dns,https://explorer.ooni.org/m/20260410094320.438148_KR_webconnectivity_3282a43c9589f6cb
http://www.qhtyzx.com/,ok,https://explorer.ooni.org/m/20260410094321.717338_KR_webconnectivity_48637ac79eddba10
https://www.reprolegalhelpline.org/,dns,https://explorer.ooni.org/m/20260410094324.243260_KR_webconnectivity_8814c5897da549db
http://www.samesexmarriage.ca/,dns,https://explorer.ooni.org/m/20260410094329.399694_KR_webconnectivity_07ee8f3db21ffbe3
http://www.seapa.org/,tcp_ip,https://explorer.ooni.org/m/20260410094331.105170_KR_webconnectivity_7e84b1087a98afff
https://www.surfeasy.com/,dns,https://explorer.ooni.org/m/20260410094334.431128_KR_webconnectivity_3a53bb3dd9e3e3f3
https://www.tunnelbear.com/,dns,https://explorer.ooni.org/m/20260410094336.103254_KR_webconnectivity_62a455766ff6eaf5
http://www.ultimate-anonymity.com/,dns,https://explorer.ooni.org/m/20260410094339.538715_KR_webconnectivity_f848ea57b0c1aa33
https://www.uproxy.org/,dns,https://explorer.ooni.org/m/20260410094341.532196_KR_webconnectivity_408fd0a203a0c5f8
https://www.vpnunlimited.com/,dns,https://explorer.ooni.org/m/20260410094343.089002_KR_webconnectivity_241c21e64c7d8e37
https://www.womenonwaves.org/,dns,https://explorer.ooni.org/m/20260410094344.823025_KR_webconnectivity_ec72e41b7ce0803d
https://yggdrasil-network.github.io/,dns,https://explorer.ooni.org/m/20260410094346.550049_KR_webconnectivity_c3c6feea097dad8d
http://blogmarks.net/,dns,https://explorer.ooni.org/m/20260410094348.071580_KR_webconnectivity_86af4f958c381577
https://edge-chat.instagram.com/robots.txt,ok,https://explorer.ooni.org/m/20260410094351.835355_KR_webconnectivity_b6c668866c93ce33
https://edge-mqtt.facebook.com/favicon.ico,ok,https://explorer.ooni.org/m/20260410094358.536667_KR_webconnectivity_1cdb1db1e2c672a5
https://ntc.party/,dns,https://explorer.ooni.org/m/20260410094400.126658_KR_webconnectivity_b6c2ceb8960cdc6a
https://qph.fs.quoracdn.net/main-thumb-1117688072-200-uijiqfjcmlvaxczdrlawbgyaomfocdnt.jpeg,ok,https://explorer.ooni.org/m/20260410094404.750801_KR_webconnectivity_4d4908a578566a36
https://scontent-frt3-2.cdninstagram.com/favicon.ico,ok,https://explorer.ooni.org/m/20260410094405.452614_KR_webconnectivity_6d6097b2d7426508
https://scontent.cdninstagram.com/robots.txt,ok,https://explorer.ooni.org/m/20260410094408.067585_KR_webconnectivity_dc4817d503e41d63
https://styles.redditmedia.com/robots.txt,ok,https://explorer.ooni.org/m/20260410094409.753232_KR_webconnectivity_f2a35694210aa657
https://triller.co/,error,https://explorer.ooni.org/m/20260410094411.588080_KR_webconnectivity_3ff5a74dbad45613
https://www.clubhouseapi.com/,ok,https://explorer.ooni.org/m/20260410094413.951464_KR_webconnectivity_670ed0443bb016c0
https://www.meetup.com/,dns,https://explorer.ooni.org/m/20260410094415.122381_KR_webconnectivity_9b279a426a34ec64
https://www.redditstatic.com/robots.txt,ok,https://explorer.ooni.org/m/20260410094417.124486_KR_webconnectivity_d9b2021c71702839
https://albiononline.com/,dns,https://explorer.ooni.org/m/20260410094418.307666_KR_webconnectivity_60c234b59d87a520
https://bogus.d2a8n1.rootcanary.net/,ok,https://explorer.ooni.org/m/20260410094427.251485_KR_webconnectivity_987f7379b2565ac4
http://clients3.google.com/generate_204,ok,https://explorer.ooni.org/m/20260410094429.315024_KR_webconnectivity_0a847dcfb3dcdc10
http://connectivitycheck.android.com/generate_204,ok,https://explorer.ooni.org/m/20260410094431.862243_KR_webconnectivity_df376013bb024581
https://gamersclub.gg/,dns,https://explorer.ooni.org/m/20260410094433.295880_KR_webconnectivity_93ffa7fa75f77ab2
https://matcha.xyz/,dns,https://explorer.ooni.org/m/20260410094434.323710_KR_webconnectivity_1ef260bf4969ce02
http://networkcheck.kde.org/,ok,https://explorer.ooni.org/m/20260410094436.675159_KR_webconnectivity_043920684c4d7967
http://nmcheck.gnome.org/check_network_status.txt,ok,https://explorer.ooni.org/m/20260410094439.328431_KR_webconnectivity_e090ec7ce180efd7
https://o0.ingest.sentry.io/api/0,ok,https://explorer.ooni.org/m/20260410094441.083912_KR_webconnectivity_f64476443cf012e4
http://phrack.org/,dns,https://explorer.ooni.org/m/20260410094442.275179_KR_webconnectivity_5c6bfc0320bf1c4c
https://repo1.maven.org/,ok,https://explorer.ooni.org/m/20260410094448.770760_KR_webconnectivity_566cdc773f497bc8
https://sentry.io/api/0/,ok,https://explorer.ooni.org/m/20260410094450.916712_KR_webconnectivity_fb332a3db62ecdd8
http://wowbogo.net/,ok,https://explorer.ooni.org/m/20260410094451.683973_KR_webconnectivity_30018f23c18c33f6
http://www.auction.co.kr/,ok,https://explorer.ooni.org/m/20260410094454.821725_KR_webconnectivity_84ec3433643e1f45
https://www.bitfinex.com/,dns,https://explorer.ooni.org/m/20260410094455.981749_KR_webconnectivity_23c77349eb0716f6
https://www.blockchain.com/,dns,https://explorer.ooni.org/m/20260410094457.051338_KR_webconnectivity_f6f1ec16c221dd92
https://www.chromium.org/,ok,https://explorer.ooni.org/m/20260410094458.598558_KR_webconnectivity_3109ae65605c250c
https://www.coinbase.com/,dns,https://explorer.ooni.org/m/20260410094459.359944_KR_webconnectivity_ff29e268298afc97
https://www.crs.org/,ok,https://explorer.ooni.org/m/20260410094503.105057_KR_webconnectivity_de14ea1c15abed97
http://www.feedtheminds.org/,tcp_ip,https://explorer.ooni.org/m/20260410094504.950602_KR_webconnectivity_8fd1f2e861167e84
https://www.gamespot.com/,dns,https://explorer.ooni.org/m/20260410094506.486583_KR_webconnectivity_8d612df6837c1e37
http://www.hackforums.net/,dns,https://explorer.ooni.org/m/20260410094508.886240_KR_webconnectivity_1e26230bae6e7ddd
http://www.idsoftware.com/,dns,https://explorer.ooni.org/m/20260410094510.180998_KR_webconnectivity_062d270e66857ad8
https://www.imf.org/,ok,https://explorer.ooni.org/m/20260410094514.502101_KR_webconnectivity_87f6fb031bfc0a6f
http://www.pcgamer.com/,dns,https://explorer.ooni.org/m/20260410094516.103376_KR_webconnectivity_a7209bd4eeb94b2b
http://www.pmang.com/,dns,https://explorer.ooni.org/m/20260410094516.899339_KR_webconnectivity_c2851627d55d1948
http://www.zone-h.org/,ok,https://explorer.ooni.org/m/20260410094519.199885_KR_webconnectivity_6530a29c146f4447
https://1337x.st/,dns,https://explorer.ooni.org/m/20260410094520.124256_KR_webconnectivity_ca542be4c9669dd2
http://4shared.com/,confirmed,https://explorer.ooni.org/m/20260410094523.363681_KR_webconnectivity_72464a34e9c26dc0
https://911truth.org/,ok,https://explorer.ooni.org/m/20260410094548.285055_KR_webconnectivity_8e1be4e540b6206c
https://addons.mozilla.org/,ok,https://explorer.ooni.org/m/20260410094610.083223_KR_webconnectivity_dc912cc803c7e616
https://addons.opera.com/,ok,https://explorer.ooni.org/m/20260410094622.370377_KR_webconnectivity_5ba1d62caa075096
https://addons.opera.com/en/extensions/,ok,https://explorer.ooni.org/m/20260410094636.503563_KR_webconnectivity_a67d9a9254740d46
http://applefile.com/,dns,https://explorer.ooni.org/m/20260410094639.384160_KR_webconnectivity_e0d48f35ec9610d0
https://ar.m.wikipedia.org/,ok,https://explorer.ooni.org/m/20260410094700.566245_KR_webconnectivity_d937ce435231f5ba
https://ar.wikipedia.org/,ok,https://explorer.ooni.org/m/20260410094723.299081_KR_webconnectivity_44f78a9a9c57fa8c
https://arxiv.org/,ok,https://explorer.ooni.org/m/20260410094734.197333_KR_webconnectivity_2799a54e350cff71
https://asean.org/,ok,https://explorer.ooni.org/m/20260410094737.367155_KR_webconnectivity_3b814da15ce77b78
https://bintray.com/,ok,https://explorer.ooni.org/m/20260410094758.896923_KR_webconnectivity_1f524c0ebea6ca05
http://bommin.net/,confirmed,https://explorer.ooni.org/m/20260410094802.890910_KR_webconnectivity_4a55baab5cab3583
https://ca.wikipedia.org/,ok,https://explorer.ooni.org/m/20260410094828.565981_KR_webconnectivity_e4bfbbce779499e4
http://cafe.daum.net/seoulminart,ok,https://explorer.ooni.org/m/20260410094833.477188_KR_webconnectivity_1824d1b823f338c5
http://cafe.naver.com/newartcafe,ok,https://explorer.ooni.org/m/20260410094858.671539_KR_webconnectivity_b43711e567b4091f
https://catbox.moe/,ok,https://explorer.ooni.org/m/20260410094904.631723_KR_webconnectivity_fedd2daff3435ba8
https://chat.openai.com/,ok,https://explorer.ooni.org/m/20260410094910.403944_KR_webconnectivity_e26789fdb076f462
http://chongryon.com/,confirmed,https://explorer.ooni.org/m/20260410094927.235630_KR_webconnectivity_00665aedbce62d97
https://chrome.google.com/webstore/category/extensions,ok,https://explorer.ooni.org/m/20260410094944.831110_KR_webconnectivity_2cf69cbd7a42c942
https://chromewebstore.google.com/,ok,https://explorer.ooni.org/m/20260410095003.738746_KR_webconnectivity_d412c14480de6c6c
https://code.org/,ok,https://explorer.ooni.org/m/20260410095022.605623_KR_webconnectivity_fb6ab9d8aa169d65
https://commons.wikimedia.org/,ok,https://explorer.ooni.org/m/20260410095040.345431_KR_webconnectivity_27627cc47398879b
https://credibilitycoalition.org/,ok,https://explorer.ooni.org/m/20260410095044.473475_KR_webconnectivity_2b5872ccb612f4db
https://crypt.ee/,ok,https://explorer.ooni.org/m/20260410095054.489915_KR_webconnectivity_c134289e965594b6
http://data.donkeyhote.co.kr/,dns,https://explorer.ooni.org/m/20260410095055.558245_KR_webconnectivity_e86bd4ce88dce556
https://de.wikipedia.org/,ok,https://explorer.ooni.org/m/20260410095117.595594_KR_webconnectivity_d7ec8c5d0b56c145
https://dfiles.eu/,ok,https://explorer.ooni.org/m/20260410095126.231582_KR_webconnectivity_4b3d620a3d12e851
https://digg.com/,ok,https://explorer.ooni.org/m/20260410095131.824910_KR_webconnectivity_7168eec59b2bb906
https://docs.google.com/,ok,https://explorer.ooni.org/m/20260410095148.241095_KR_webconnectivity_afcbb7296fcdab41
https://download.cnet.com/,dns,https://explorer.ooni.org/m/20260410095150.136604_KR_webconnectivity_f1b9ad3ea022b210
https://drive.google.com/,ok,https://explorer.ooni.org/m/20260410095218.793797_KR_webconnectivity_eaee55c194a4fe1a
https://en.m.wikipedia.org/,ok,https://explorer.ooni.org/m/20260410095239.245301_KR_webconnectivity_4f7ddc94a3eaa40f
https://en.wikipedia.org/,ok,https://explorer.ooni.org/m/20260410095300.365529_KR_webconnectivity_1b884d76161a88e5
https://ente.io/,ok,https://explorer.ooni.org/m/20260410095315.044952_KR_webconnectivity_e42d5e5bf44c565a
https://es.m.wikipedia.org/,ok,https://explorer.ooni.org/m/20260410095343.820506_KR_webconnectivity_6fcf78d5ec35cff8
https://es.wikipedia.org/,ok,https://explorer.ooni.org/m/20260410095404.977708_KR_webconnectivity_a472d56f56d66b6a
https://eztv.re/,dns,https://explorer.ooni.org/m/20260410095406.396226_KR_webconnectivity_13ac97dbdde0f1f5
https://f-droid.org/,ok,https://explorer.ooni.org/m/20260410095414.705241_KR_webconnectivity_4b73f092206c6bca
https://fdroid.tetaneutral.net/fdroid/repo,ok,https://explorer.ooni.org/m/20260410095421.546075_KR_webconnectivity_712fb7764f16a47e
http://file.daum.net/,ok,https://explorer.ooni.org/m/20260410095423.295187_KR_webconnectivity_c35bd90a5571ecef
http://filecast.co.kr/,dns,https://explorer.ooni.org/m/20260410095426.926365_KR_webconnectivity_f29aee175e1b3d89
https://filen.io/,ok,https://explorer.ooni.org/m/20260410095454.855334_KR_webconnectivity_64d3dbb85a9df21e
https://files.pythonhosted.org/,ok,https://explorer.ooni.org/m/20260410095459.388511_KR_webconnectivity_ca798289008b5b8e
https://fr.wikipedia.org/,ok,https://explorer.ooni.org/m/20260410095521.251904_KR_webconnectivity_6c9b813e5da0410e
https://ftp.fau.de/fdroid/repo,ok,https://explorer.ooni.org/m/20260410095527.106840_KR_webconnectivity_644c03a50f83aff1
http://gnu.rep.kp/,dns,https://explorer.ooni.org/m/20260410095531.698253_KR_webconnectivity_ce89a0d2bf2f7d16
https://hackerspaces.org/,ok,https://explorer.ooni.org/m/20260410095536.935650_KR_webconnectivity_96e81b92f83d7fb4
http://historyedu.or.kr/,ok,https://explorer.ooni.org/m/20260410095602.983856_KR_webconnectivity_475d446f2e37d667
http://hksh.koreanhistory.or.kr/,ok,https://explorer.ooni.org/m/20260410095606.298158_KR_webconnectivity_0b7898652c884079
https://infidels.org/,ok,https://explorer.ooni.org/m/20260410095616.906369_KR_webconnectivity_3337264cca5aa5ad
https://int.soccerway.com/,http-failure,https://explorer.ooni.org/m/20260410095620.492713_KR_webconnectivity_8c7935ee3456e31a
https://intelligence.weforum.org/,ok,https://explorer.ooni.org/m/20260410095626.391759_KR_webconnectivity_530dabbd9d32b48f
https://isa.gov.ly/,ok,https://explorer.ooni.org/m/20260410095635.351599_KR_webconnectivity_bd3f6d4cc0b08c14
https://it.wikipedia.org/,ok,https://explorer.ooni.org/m/20260410095659.000782_KR_webconnectivity_c7514fd252248f1a
https://ja.wikipedia.org/,ok,https://explorer.ooni.org/m/20260410095719.172300_KR_webconnectivity_e7e23dbfbe5d2072
http://kancc.org/,dns,https://explorer.ooni.org/m/20260410095724.545357_KR_webconnectivity_b7dcedd360f86883
http://kass.org.kp/,dns,https://explorer.ooni.org/m/20260410095742.183452_KR_webconnectivity_28f84c25e0fe891b
https://kat.am/,dns,https://explorer.ooni.org/m/20260410095759.195722_KR_webconnectivity_939ca2df551cb6d1
https://kickasstorrents.to/,dns,https://explorer.ooni.org/m/20260410095801.193881_KR_webconnectivity_e5751b6d61c92141
http://kiyctc.com.kp/,dns,https://explorer.ooni.org/m/20260410095805.237470_KR_webconnectivity_6060c529c7acaae2
http://ko.internationalism.org/,ok,https://explorer.ooni.org/m/20260410095823.682552_KR_webconnectivity_6bbba30ae63c9c3b
https://ko.wiktionary.org/,ok,https://explorer.ooni.org/m/20260410095848.914906_KR_webconnectivity_5130eef003e5347e
http://korfilm.com.kp/,dns,https://explorer.ooni.org/m/20260410095906.225595_KR_webconnectivity_f0d8d23c53a91cad
http://kremlin.ru/,ok,https://explorer.ooni.org/m/20260410095932.182876_KR_webconnectivity_81308298bc72f078
https://libgen.fun/,error,https://explorer.ooni.org/m/20260410095934.574354_KR_webconnectivity_525de57bbe19b266
https://libgen.is/,dns,https://explorer.ooni.org/m/20260410095950.264202_KR_webconnectivity_43ce89f7e28a32ae
http://libgen.lc/,ok,https://explorer.ooni.org/m/20260410095952.697754_KR_webconnectivity_bb3c1dc1abd20ce7
http://libgen.li/,dns,https://explorer.ooni.org/m/20260410095954.594999_KR_webconnectivity_fd807c2ce9df4784
https://libgen.life/,tcp_ip,https://explorer.ooni.org/m/20260410100025.791670_KR_webconnectivity_612527fddb2c6ec8
https://libgen.me/,error,https://explorer.ooni.org/m/20260410100029.030921_KR_webconnectivity_dc8623e5280e6f97
http://libgen.rs/,dns,https://explorer.ooni.org/m/20260410100045.286651_KR_webconnectivity_c09b9503474e5fc0
https://libgen.space/,error,https://explorer.ooni.org/m/20260410100048.129415_KR_webconnectivity_16a5eb1d2bed88e2
http://libgen.st/,tcp_ip,https://explorer.ooni.org/m/20260410100135.087700_KR_webconnectivity_37d987f3f4028bbf
https://limetorrents.pro/,dns,https://explorer.ooni.org/m/20260410100137.394488_KR_webconnectivity_95006c1176b80395
https://login.infomaniak.com/,ok,https://explorer.ooni.org/m/20260410100144.835101_KR_webconnectivity_358944590c369dd9
https://login.tailscale.com/,ok,https://explorer.ooni.org/m/20260410100208.308168_KR_webconnectivity_b227ae041506ce01
http://ma.gov.kp/,dns,https://explorer.ooni.org/m/20260410100213.705528_KR_webconnectivity_5675675f608d7ae5
https://mashable.com/,ok,https://explorer.ooni.org/m/20260410100228.822786_KR_webconnectivity_a78e6873fc82b3e6
https://mirror.cyberbits.eu/fdroid/repo,ok,https://explorer.ooni.org/m/20260410100240.803117_KR_webconnectivity_ccef0e1badc56014
https://mymemory.translated.net/,ok,https://explorer.ooni.org/m/20260410100305.506120_KR_webconnectivity_495bd8a35faecc87
http://naenara.com/,ok,https://explorer.ooni.org/m/20260410100338.591354_KR_webconnectivity_89dd1d0ba0006720
https://newalbumreleases.net/,dns,https://explorer.ooni.org/m/20260410100341.007660_KR_webconnectivity_8b19cc370514fbe4
https://notesnook.com/,ok,https://explorer.ooni.org/m/20260410100355.706406_KR_webconnectivity_1afd83038fcbb1ea
https://nsw2u.com/,dns,https://explorer.ooni.org/m/20260410100357.667191_KR_webconnectivity_9e4a36a647eb8949
http://onekorea.org/,ok,https://explorer.ooni.org/m/20260410100406.939007_KR_webconnectivity_7ea0f5bf9e2d0a37
https://plug-mirror.rcac.purdue.edu/fdroid/repo,ok,https://explorer.ooni.org/m/20260410100414.802840_KR_webconnectivity_4139489c4e727fc0
https://pt.m.wikipedia.org/,ok,https://explorer.ooni.org/m/20260410100436.077238_KR_webconnectivity_b691588323822cf5
https://pulse.internetsociety.org/,ok,https://explorer.ooni.org/m/20260410100443.071511_KR_webconnectivity_30651a60e8b65d98
https://put.io/,ok,https://explorer.ooni.org/m/20260410100458.074849_KR_webconnectivity_ef15cf818adcec5b
https://radiofreetexas.com/,ok,https://explorer.ooni.org/m/20260410100520.499800_KR_webconnectivity_04ed5b9a11248b49
https://rapidgator.net/,dns,https://explorer.ooni.org/m/20260410100521.563887_KR_webconnectivity_7cc305032cc44af9
https://ru.wikipedia.org/,ok,https://explorer.ooni.org/m/20260410100542.116988_KR_webconnectivity_f2350a547b5a1eed
https://s.gr-assets.com/robots.txt,ok,https://explorer.ooni.org/m/20260410100544.048060_KR_webconnectivity_573e3f19f34aadd7
https://savefrom.net/,dns,https://explorer.ooni.org/m/20260410100545.426174_KR_webconnectivity_6db1d53da0392af1
http://sdprk.org.kp/,dns,https://explorer.ooni.org/m/20260410100548.597317_KR_webconnectivity_312025a8c536ca4e
http://sfkuk.freeservers.com/,ok,https://explorer.ooni.org/m/20260410100554.693291_KR_webconnectivity_68bd6f28869930eb
http://simfile.uplusbox.co.kr/,dns,https://explorer.ooni.org/m/20260410100611.427266_KR_webconnectivity_b769516a2c2335f5
https://simple.wikipedia.org/,ok,https://explorer.ooni.org/m/20260410100633.464814_KR_webconnectivity_ea340b7069a1812a
https://skiff.com/,ok,https://explorer.ooni.org/m/20260410100652.512956_KR_webconnectivity_72feb930c3e84f4b
https://soundcloud.com/,ok,https://explorer.ooni.org/m/20260410100703.225520_KR_webconnectivity_246b3e99bd1fee42
https://sourceforge.net/,ok,https://explorer.ooni.org/m/20260410100724.051511_KR_webconnectivity_1fa8553a2cb72084
https://standardnotes.com/,ok,https://explorer.ooni.org/m/20260410100741.663859_KR_webconnectivity_755b02a75416b9cf
https://thepiratebay.org/,dns,https://explorer.ooni.org/m/20260410100743.697194_KR_webconnectivity_238e0b2eaf3e1248
http://tongil-i.net/,ok,https://explorer.ooni.org/m/20260410100744.449516_KR_webconnectivity_0386548cdbb51b17
http://torrenters.com/,dns,https://explorer.ooni.org/m/20260410100746.097482_KR_webconnectivity_d16df6177ca36d74
https://uea.org/,ok,https://explorer.ooni.org/m/20260410100753.731975_KR_webconnectivity_5c1d7f02f015d359
https://upload.wikimedia.org/wikipedia/commons/thumb/3/37/Generic_Camera_Icon.svg/100px-Generic_Camera_Icon.svg.png,ok,https://explorer.ooni.org/m/20260410100756.914982_KR_webconnectivity_2da2bb1685112ff8
http://usacrime.or.kr/,ok,https://explorer.ooni.org/m/20260410100805.516405_KR_webconnectivity_fe3730490db0da32
https://w3schools.com/,ok,https://explorer.ooni.org/m/20260410100823.138522_KR_webconnectivity_5bea54db96db1a0b
https://web.archive.org/,dns,https://explorer.ooni.org/m/20260410100824.852663_KR_webconnectivity_72e1899eb101efd9
https://wikidata.org/,ok,https://explorer.ooni.org/m/20260410100847.916779_KR_webconnectivity_4742e6113aee230b
https://wikihow.com/,ok,https://explorer.ooni.org/m/20260410100902.048800_KR_webconnectivity_649747a20d88a76f
https://wikimapia.org/,ok,https://explorer.ooni.org/m/20260410100905.819541_KR_webconnectivity_a47242e5dab61994
https://www.2shared.com/,ok,https://explorer.ooni.org/m/20260410100927.250539_KR_webconnectivity_901c4732068da231
https://www.4shared.com/,ok,https://explorer.ooni.org/m/20260410100947.514786_KR_webconnectivity_6021397874951490
https://www.911memorial.org/,ok,https://explorer.ooni.org/m/20260410101005.938842_KR_webconnectivity_d5932b9cd1b71a90
http://www.acquisitionx.com/,ok,https://explorer.ooni.org/m/20260410101008.394073_KR_webconnectivity_1aea0a785a8b245c
https://www.af.mil/,ok,https://explorer.ooni.org/m/20260410101011.860508_KR_webconnectivity_d9c3eebc03153a1d
http://www.aha.ru/,ok,https://explorer.ooni.org/m/20260410101031.426058_KR_webconnectivity_3fe231d9e01e7c23
http://www.aha.ru/~zentsov/korea.htm,ok,https://explorer.ooni.org/m/20260410101048.868372_KR_webconnectivity_7998ccd7a8fee6f6
http://www.arirang.dprkorea.com/,dns,https://explorer.ooni.org/m/20260410101101.168984_KR_webconnectivity_1fdf78f527c77eef
https://www.army.mil/,ok,https://explorer.ooni.org/m/20260410101124.717625_KR_webconnectivity_c1e111579703f53f
https://www.auswaertiges-amt.de/,ok,https://explorer.ooni.org/m/20260410101145.968846_KR_webconnectivity_308305846c71758c
http://www.big.or.jp/,ok,https://explorer.ooni.org/m/20260410101149.072611_KR_webconnectivity_f65e91cbc899927c
http://www.bitcomet.com/,dns,https://explorer.ooni.org/m/20260410101150.328171_KR_webconnectivity_01ee4b44f088c741
http://www.bittornado.com/,dns,https://explorer.ooni.org/m/20260410101206.218052_KR_webconnectivity_9cfd38e22091bed8
https://www.bme.com/,dns,https://explorer.ooni.org/m/20260410101207.612429_KR_webconnectivity_642b6e433a9f7cf2
http://www.bommin.net/,confirmed,https://explorer.ooni.org/m/20260410101210.639265_KR_webconnectivity_b80217cf4d438ed6
http://www.centcom.mil/,ok,https://explorer.ooni.org/m/20260410101218.135951_KR_webconnectivity_fbfe12bbfc058e0b
http://www.chaju.org/,ok,https://explorer.ooni.org/m/20260410101219.817656_KR_webconnectivity_1c300f398b8e8c61
http://www.chongryon.com/,confirmed,https://explorer.ooni.org/m/20260410101235.771828_KR_webconnectivity_7448a0815ba9197f
https://www.cia.gov/,ok,https://explorer.ooni.org/m/20260410101254.908550_KR_webconnectivity_30652e44c43081a7
http://www.cinetown.co.kr/,ok,https://explorer.ooni.org/m/20260410101313.821081_KR_webconnectivity_56d5f416eaeef893
http://www.cinewel.com/,dns,https://explorer.ooni.org/m/20260410101314.963580_KR_webconnectivity_290900fe3760ad7c
https://www.cis.minsk.by/,ok,https://explorer.ooni.org/m/20260410101333.114712_KR_webconnectivity_1f7d7c148b9b1232
http://www.cnet-ta.ne.jp/,ok,https://explorer.ooni.org/m/20260410101337.902544_KR_webconnectivity_7fdf5a20320e1f2f
http://www.coreaone-news.com/,confirmed,https://explorer.ooni.org/m/20260410101346.137356_KR_webconnectivity_a42d90adf9c7dd38
https://www.darpa.mil/,ok,https://explorer.ooni.org/m/20260410101409.931044_KR_webconnectivity_0e4c4ad0950e3a85
https://www.datpiff.com/,dns,https://explorer.ooni.org/m/20260410101411.385093_KR_webconnectivity_d3b0777e7d37add0
https://www.deathmetal.org/,ok,https://explorer.ooni.org/m/20260410101421.945544_KR_webconnectivity_4c0f9f4083ff1d5c
https://www.defense.gov/,ok,https://explorer.ooni.org/m/20260410101425.467607_KR_webconnectivity_c96df71eb653d8b0
https://www.dia.mil/,ok,https://explorer.ooni.org/m/20260410101430.747269_KR_webconnectivity_bd4cfd536cfae9c5
https://www.dictionary.com/,ok,https://explorer.ooni.org/m/20260410101437.760052_KR_webconnectivity_3d386ad172518b48
http://www.dklotto.com/,dns,https://explorer.ooni.org/m/20260410101441.041273_KR_webconnectivity_6511d7b740cf9789
http://www.dprk-book.com/,tcp_ip,https://explorer.ooni.org/m/20260410101528.660319_KR_webconnectivity_c2f40ad2c30ed00f
http://www.dprkorea.com/,dns,https://explorer.ooni.org/m/20260410101536.598669_KR_webconnectivity_43873eb0cb107ae2
http://www.dprkstudies.org/,dns,https://explorer.ooni.org/m/20260410101538.029080_KR_webconnectivity_19c21546ae65cf98
https://www.dropbox.com/,ok,https://explorer.ooni.org/m/20260410101553.253233_KR_webconnectivity_3be39973acaa567e
http://www.enppy.com/,dns,https://explorer.ooni.org/m/20260410101556.612815_KR_webconnectivity_2d74dd1cf3cce805
https://www.epa.gov/,ok,https://explorer.ooni.org/m/20260410101613.430125_KR_webconnectivity_996677874b97a202
https://www.eventbrite.com/,ok,https://explorer.ooni.org/m/20260410101634.359502_KR_webconnectivity_c8617e80bebe4153
http://www.ez0u.co.kr/,ok,https://explorer.ooni.org/m/20260410101635.109217_KR_webconnectivity_26b2829ee4952a4d
http://www.fileguri.com/,http-failure,https://explorer.ooni.org/m/20260410101638.455413_KR_webconnectivity_27a6b20f8199c0eb
http://www.filenara.co.kr/,dns,https://explorer.ooni.org/m/20260410101639.213899_KR_webconnectivity_db26cc83680b202c
http://www.filenori.com/,ok,https://explorer.ooni.org/m/20260410101642.236930_KR_webconnectivity_0a3eb4eff82b6dab
http://www.foreignaffairs.org/,ok,https://explorer.ooni.org/m/20260410101657.940728_KR_webconnectivity_782eb328eecced6a
http://www.fsb.ru/,ok,https://explorer.ooni.org/m/20260410101708.412177_KR_webconnectivity_074c12aa23cd6821
https://www.fsf.org/,error,https://explorer.ooni.org/m/20260410101711.965300_KR_webconnectivity_2438ee401c6e4b31
https://www.gawker.com/,ok,https://explorer.ooni.org/m/20260410101719.621423_KR_webconnectivity_e0e1bdfca08d5da2
https://www.givesendgo.com/,ok,https://explorer.ooni.org/m/20260410101723.331666_KR_webconnectivity_126245c498888196
https://www.globalpolicy.org/,ok,https://explorer.ooni.org/m/20260410101735.075724_KR_webconnectivity_33116e6f8e6c207d
https://www.goodreads.com/,ok,https://explorer.ooni.org/m/20260410101744.880215_KR_webconnectivity_aa14b4f987a20110
https://www.gov.uk/,ok,https://explorer.ooni.org/m/20260410101757.363062_KR_webconnectivity_418ef35535948c77
https://www.gutenberg.org/,ok,https://explorer.ooni.org/m/20260410101807.888862_KR_webconnectivity_3b11bc284e488d88
http://www.hanguksa.org/,ok,https://explorer.ooni.org/m/20260410101816.563587_KR_webconnectivity_50da0075876f7bce
http://www.hisedu.or.kr/,ok,https://explorer.ooni.org/m/20260410101834.431926_KR_webconnectivity_b90cc7bc1a53ac10
http://www.honamhistory.org/,ok,https://explorer.ooni.org/m/20260410101840.606088_KR_webconnectivity_a3f3121ea24580e2
http://www.honduras.com/,ok,https://explorer.ooni.org/m/20260410101900.616881_KR_webconnectivity_75c319d123e973d8
https://www.iaru.org/,ok,https://explorer.ooni.org/m/20260410101917.067620_KR_webconnectivity_e1e6db3b11869c7a
https://www.ibe.unesco.org/,ok,https://explorer.ooni.org/m/20260410101933.760753_KR_webconnectivity_262b2199f02c1ead
https://www.icrc.org/,ok,https://explorer.ooni.org/m/20260410101948.503536_KR_webconnectivity_710ccff8adea229a
https://www.ideasbeyondborders.org/,ok,https://explorer.ooni.org/m/20260410102006.835452_KR_webconnectivity_9a7c9877067543c9
http://www.iea.org/,ok,https://explorer.ooni.org/m/20260410102027.529168_KR_webconnectivity_7dab0d3f45e93613
http://www.ihr.org/,ok,https://explorer.ooni.org/m/20260410102048.411551_KR_webconnectivity_692db88a627b2200
http://www.iias.nl/,tcp_ip,https://explorer.ooni.org/m/20260410102052.696660_KR_webconnectivity_3cef7e4bc2132bab
https://www.ilo.org/,ok,https://explorer.ooni.org/m/20260410102107.546548_KR_webconnectivity_c29aaac902b77df0
http://www.imdb.com/,dns,https://explorer.ooni.org/m/20260410102108.271202_KR_webconnectivity_c7d32e2296b06bd6
http://www.inhard.com/,ok,https://explorer.ooni.org/m/20260410102111.194874_KR_webconnectivity_a0c15401433ce389
https://www.interpol.int/,ok,https://explorer.ooni.org/m/20260410102122.654346_KR_webconnectivity_ee927fde0e045a19
https://www.isa.org.jm/,ok,https://explorer.ooni.org/m/20260410102147.775126_KR_webconnectivity_cda59fdf39e636fc
http://www.isj.org.uk/,ok,https://explorer.ooni.org/m/20260410102201.370610_KR_webconnectivity_e8f01d9c7969098a
http://www.jjangfile.net/,dns,https://explorer.ooni.org/m/20260410102217.438026_KR_webconnectivity_09e96a7133aae835
https://www.jsf.mil/,ok,https://explorer.ooni.org/m/20260410102229.371874_KR_webconnectivity_466436fae2a5cefd
http://www.kancc.org/,confirmed,https://explorer.ooni.org/m/20260410102237.281617_KR_webconnectivity_50e63b0a49801d2a
http://www.kcckp.net/,confirmed,https://explorer.ooni.org/m/20260410102243.141663_KR_webconnectivity_c0f026424c34545b
https://www.khanacademy.org/,ok,https://explorer.ooni.org/m/20260410102257.861516_KR_webconnectivity_44f0796de7ce530a
http://www.kickassclassical.com/,dns,https://explorer.ooni.org/m/20260410102313.594075_KR_webconnectivity_bae3c8191ed796a1
http://www.korea-dpr.com/,confirmed,https://explorer.ooni.org/m/20260410102318.531204_KR_webconnectivity_e6f011c1e755d126
http://www.korea-dpr.com/library/entrance.htm,confirmed,https://explorer.ooni.org/m/20260410102322.306695_KR_webconnectivity_4b055a1eb0aa948f
http://www.korea-dpr.com/menu.htm,confirmed,https://explorer.ooni.org/m/20260410102325.021592_KR_webconnectivity_9ad1cd26ac66988d
http://www.korea-dpr.com/users/jisge/,confirmed,https://explorer.ooni.org/m/20260410102327.440562_KR_webconnectivity_763e0da94b549275
http://www.korea-is-one.org/,ok,https://explorer.ooni.org/m/20260410102348.941181_KR_webconnectivity_6f156c21653a5533
http://www.korea-is-one.org/rubrique.php3?id_rubrique=5,ok,https://explorer.ooni.org/m/20260410102402.835455_KR_webconnectivity_ba1e40dc65509ca6
http://www.korea-np.co.jp/,tcp_ip,https://explorer.ooni.org/m/20260410102413.860051_KR_webconnectivity_6c8d30cd99008031
http://www.koreanhistory.org/,ok,https://explorer.ooni.org/m/20260410102421.975112_KR_webconnectivity_70ee05127202b673
http://www.krbook.net/,ok,https://explorer.ooni.org/m/20260410102426.444026_KR_webconnectivity_6e0fc62c06f8182d
https://www.libgen.tw/,ok,https://explorer.ooni.org/m/20260410102430.947329_KR_webconnectivity_dbcbdfa5c0dc6ffc
https://www.limetorrents.lol/,http-failure,https://explorer.ooni.org/m/20260410102435.016814_KR_webconnectivity_c65921ee7b4a8284
https://www.literotica.com/,dns,https://explorer.ooni.org/m/20260410102436.569175_KR_webconnectivity_90cf423e8ac0c16a
https://www.marxists.org/,ok,https://explorer.ooni.org/m/20260410102441.769444_KR_webconnectivity_17ec7fd7df80519a
http://www.metal-archives.com/,ok,https://explorer.ooni.org/m/20260410102446.018210_KR_webconnectivity_b0053a1c0f06bf80
http://www.minjok.com/,dns,https://explorer.ooni.org/m/20260410102449.915549_KR_webconnectivity_a35958dbca7625ed
http://www.mnr.gov.cn/,dns,https://explorer.ooni.org/m/20260410102501.122726_KR_webconnectivity_acd9cc889f206564
http://www.monkey3.co.kr/,dns,https://explorer.ooni.org/m/20260410102517.677614_KR_webconnectivity_cc4aa95c5039b996
https://www.mozilla.org/,ok,https://explorer.ooni.org/m/20260410102535.895560_KR_webconnectivity_93bb7a5ec4455d76
https://www.mp3.com/,tcp_ip,https://explorer.ooni.org/m/20260410102607.716910_KR_webconnectivity_6ad3a65ea05a17f5
https://www.musixmatch.com/,ok,https://explorer.ooni.org/m/20260410102616.086871_KR_webconnectivity_7398a54cc76347ae
http://www.nato.int/,ok,https://explorer.ooni.org/m/20260410102630.707538_KR_webconnectivity_83a2fa0243c8c3b2
http://www.navy.mil/,ok,https://explorer.ooni.org/m/20260410102632.971898_KR_webconnectivity_9586f90d49600eaf
http://www.nkland.org/,ok,https://explorer.ooni.org/m/20260410102635.858482_KR_webconnectivity_c65f107d984436aa
http://www.nzeen.com/,ok,https://explorer.ooni.org/m/20260410102647.664928_KR_webconnectivity_6f689e05fb4a05c0
http://www.onekorea.org/,ok,https://explorer.ooni.org/m/20260410102657.139164_KR_webconnectivity_2e429d0e27753518
http://www.onfile.co.kr/,ok,https://explorer.ooni.org/m/20260410102659.574811_KR_webconnectivity_bdc1659368ec7d02
http://www.opec.org/,ok,https://explorer.ooni.org/m/20260410102714.832732_KR_webconnectivity_5883d005a1348dea
http://www.openart.or.kr/,ok,https://explorer.ooni.org/m/20260410102723.404314_KR_webconnectivity_7931d91c58617caa
http://www.orangefile.com/,dns,https://explorer.ooni.org/m/20260410102726.451266_KR_webconnectivity_a636cdf7b3c822a3
https://www.osce.org/,ok,https://explorer.ooni.org/m/20260410102750.041446_KR_webconnectivity_3a23b23b263dbe92
http://www.ournation-school.com/,confirmed,https://explorer.ooni.org/m/20260410102752.573082_KR_webconnectivity_6d0ef216de08f22d
https://www.overdrive.com/,ok,https://explorer.ooni.org/m/20260410102759.205308_KR_webconnectivity_8f265add579df4d3
http://www.pacom.mil/,ok,https://explorer.ooni.org/m/20260410102802.314053_KR_webconnectivity_4ff560e6fcf9a5d2
http://www.pruna.com/,dns,https://explorer.ooni.org/m/20260410102805.885515_KR_webconnectivity_bcd1252d690217a5
http://www.quantico.marines.mil/,ok,https://explorer.ooni.org/m/20260410102808.815925_KR_webconnectivity_991dc0adeffcc753
https://www.researchgate.net/,ok,https://explorer.ooni.org/m/20260410102810.269331_KR_webconnectivity_349885ecc96caf3c
http://www.ryongnamsan.edu.kp/,dns,https://explorer.ooni.org/m/20260410102815.105826_KR_webconnectivity_60c84e5f6660124a
http://www.schwarzreport.org/,ok,https://explorer.ooni.org/m/20260410102821.217150_KR_webconnectivity_ed5c82930e7f6977
https://www.scribd.com/,ok,https://explorer.ooni.org/m/20260410102841.165052_KR_webconnectivity_132c5c6561ae04ef
http://www.sealswcc.com/,ok,https://explorer.ooni.org/m/20260410102846.674412_KR_webconnectivity_c4c2d571f264ae63
https://www.shazam.com/,ok,https://explorer.ooni.org/m/20260410102905.055296_KR_webconnectivity_f519ed8ad29807ba
http://www.silibank.com/,ok,https://explorer.ooni.org/m/20260410102908.157915_KR_webconnectivity_dd5e76612058a5cd
http://www.slsknet.org/,ok,https://explorer.ooni.org/m/20260410102910.104021_KR_webconnectivity_5d8eb71ffadfce2c
http://www.socom.mil/,tcp_ip,https://explorer.ooni.org/m/20260410102956.503414_KR_webconnectivity_83c4f8dc1a439d33
http://www.soribada.com/,ok,https://explorer.ooni.org/m/20260410103001.651330_KR_webconnectivity_986ead490492b51e
http://www.southcom.mil/,ok,https://explorer.ooni.org/m/20260410103005.041323_KR_webconnectivity_d4f0db6955e75a06
https://www.spotify.com/,ok,https://explorer.ooni.org/m/20260410103012.254906_KR_webconnectivity_7f179b04b083b0d4
https://www.state.gov/,ok,https://explorer.ooni.org/m/20260410103043.351385_KR_webconnectivity_8e8b524c4936c042
http://www.syccr.com/,tcp_ip,https://explorer.ooni.org/m/20260410103120.222565_KR_webconnectivity_62c6b6df721183e3
https://www.timeout.com/,ok,https://explorer.ooni.org/m/20260410103149.099490_KR_webconnectivity_3a3d439f98544ef4
http://www.tmz.com/,ok,https://explorer.ooni.org/m/20260410103207.740665_KR_webconnectivity_4db0cc5c1178d815
https://www.un.int/,ok,https://explorer.ooni.org/m/20260410103236.664134_KR_webconnectivity_6bdf1ce40575c7fe
https://www.un.org/,ok,https://explorer.ooni.org/m/20260410103245.106397_KR_webconnectivity_012a4ca9d9859dc8
https://www.undp.org/,ok,https://explorer.ooni.org/m/20260410103253.295678_KR_webconnectivity_0d1064f30cbb8dd3
https://www.unwomen.org/,ok,https://explorer.ooni.org/m/20260410103315.324310_KR_webconnectivity_328d43d844dc38c1
http://www.uriminzokkiri.com/,tcp_ip,https://explorer.ooni.org/m/20260410103401.437569_KR_webconnectivity_3aa5730fe1ace8ce
http://www.usafa.af.mil/,ok,https://explorer.ooni.org/m/20260410103403.743843_KR_webconnectivity_8fe731f4ad41eb58
http://www.uscg.mil/,ok,https://explorer.ooni.org/m/20260410103406.307386_KR_webconnectivity_2f434bd8cc4c2959
https://www.ushmm.org/,ok,https://explorer.ooni.org/m/20260410103448.815407_KR_webconnectivity_24a991c9f26354f4
https://www.utorrent.com/,ok,https://explorer.ooni.org/m/20260410103512.196237_KR_webconnectivity_3b4cbb40c4f5b0e9
http://www.vibe.com/,ok,https://explorer.ooni.org/m/20260410103530.086096_KR_webconnectivity_504bd1b1254605d7
https://www.videolan.org/,ok,https://explorer.ooni.org/m/20260410103542.561864_KR_webconnectivity_2fec756d73c21028
https://www.wfp.org/,ok,https://explorer.ooni.org/m/20260410103556.749529_KR_webconnectivity_62fd81417f0383db
https://www.wikipedia.org/,ok,https://explorer.ooni.org/m/20260410103609.979446_KR_webconnectivity_b7ae171988cd5233
https://www.wiktionary.org/,ok,https://explorer.ooni.org/m/20260410103626.793999_KR_webconnectivity_4772928e28ff395a
http://www.worldcorea.net/,confirmed,https://explorer.ooni.org/m/20260410103632.122079_KR_webconnectivity_96111466cae1da96
https://www.xinjiang.gov.cn/,ok,https://explorer.ooni.org/m/20260410103653.739567_KR_webconnectivity_835cbb0bccfc1eb0
http://www.xxlmag.com/,ok,https://explorer.ooni.org/m/20260410103720.877681_KR_webconnectivity_f3990ae2df0ae04b
https://www.zoho.com/,ok,https://explorer.ooni.org/m/20260410103727.629916_KR_webconnectivity_e6321a09a910ca7e
https://x1337x.eu/,ok,https://explorer.ooni.org/m/20260410103733.286635_KR_webconnectivity_efdd81b467775f48
http://yesfile.com/,dns,https://explorer.ooni.org/m/20260410103736.194191_KR_webconnectivity_aacc4014e99ce3f3
https://z-lib.org/,error,https://explorer.ooni.org/m/20260410103740.010299_KR_webconnectivity_cc2342735e9adee9
https://zh.wikipedia.org/,ok,https://explorer.ooni.org/m/20260410103802.758455_KR_webconnectivity_4b0414ec581c6a8d
https://1.1.1.1/dns-query?dns=q80BAAABAAAAAAAAA3d3dwdleGFtcGxlA2NvbQAAAQAB,tcp_ip,https://explorer.ooni.org/m/20260410103833.759325_KR_webconnectivity_6fc1776ccafe8454
https://1.1.1.3/dns-query?dns=q80BAAABAAAAAAAAA3d3dwdleGFtcGxlA2NvbQAAAQAB,tcp_ip,https://explorer.ooni.org/m/20260410103904.423672_KR_webconnectivity_05a7b98fc816aca9
https://350.org/,ok,https://explorer.ooni.org/m/20260410103925.356839_KR_webconnectivity_2e36940ccc94d721
https://8.8.4.4/dns-query?dns=q80BAAABAAAAAAAAA3d3dwdleGFtcGxlA2NvbQAAAQAB,ok,https://explorer.ooni.org/m/20260410103927.425695_KR_webconnectivity_b821be0938b7a884
https://8kun.top/,dns,https://explorer.ooni.org/m/20260410103930.360336_KR_webconnectivity_ea493b423f5d4096
https://abortion-korea.org/,http-failure,https://explorer.ooni.org/m/20260410103933.817306_KR_webconnectivity_368b894e8d5de299
https://abortion.eu/,dns,https://explorer.ooni.org/m/20260410103935.541086_KR_webconnectivity_cceabe8482514f85
https://abortion.kr/,dns,https://explorer.ooni.org/m/20260410103937.870104_KR_webconnectivity_ff28ee6f52d82855
https://abortionfunds.org/,dns,https://explorer.ooni.org/m/20260410103940.254205_KR_webconnectivity_b5260ec95aa1c650
https://abortionnetwork.amsterdam/,dns,https://explorer.ooni.org/m/20260410103944.575574_KR_webconnectivity_a88129405af38011
https://abortionpillinfo.org/,ok,https://explorer.ooni.org/m/20260410103950.685876_KR_webconnectivity_3939407eebd8824e
https://aidaccess.org/,dns,https://explorer.ooni.org/m/20260410103951.797912_KR_webconnectivity_a6c64224bd90d736
https://ajax.aspnetcdn.com/ajax/4.5.2/1/MicrosoftAjax.js,ok,https://explorer.ooni.org/m/20260410104007.199587_KR_webconnectivity_639f14cb6d867a16
https://amp.cloudflare.com/v0/amp-iframe-0.1.js,ok,https://explorer.ooni.org/m/20260410104009.216016_KR_webconnectivity_405154a19ab2878c
https://android.apis.google.com/robots.txt,ok,https://explorer.ooni.org/m/20260410104016.225967_KR_webconnectivity_d754bcedabe39861
https://android.googleapis.com/robots.txt,ok,https://explorer.ooni.org/m/20260410104022.876572_KR_webconnectivity_1cf8049776943f9f
https://api.github.com/,ok,https://explorer.ooni.org/m/20260410104028.518829_KR_webconnectivity_d97549bb9a5aee89
https://apps.apple.com/us/developer/apple/id284417353/,ok,https://explorer.ooni.org/m/20260410104046.597899_KR_webconnectivity_fb2dbb1788f2203a
https://archive.is/,ok,https://explorer.ooni.org/m/20260410104101.854734_KR_webconnectivity_1b4d31181fc9e106
http://bestiz.net/,ok,https://explorer.ooni.org/m/20260410104104.373418_KR_webconnectivity_dc9d9876e3e1e2ef
https://bit.ly/,http-failure,https://explorer.ooni.org/m/20260410104107.737114_KR_webconnectivity_706b932d3ddfe089
https://bitbucket.org/,ok,https://explorer.ooni.org/m/20260410104126.804735_KR_webconnectivity_ebbec768f51e8d72
https://bitly.com/,dns,https://explorer.ooni.org/m/20260410104127.980642_KR_webconnectivity_33fbdd625de18b19
http://blog.naver.com/,ok,https://explorer.ooni.org/m/20260410104137.692307_KR_webconnectivity_8e65dd535aa629fd
http://cafe.daum.net/Kgreens,ok,https://explorer.ooni.org/m/20260410104140.396812_KR_webconnectivity_cfddb3144b07057e
http://cafe.daum.net/chiwoo/,ok,https://explorer.ooni.org/m/20260410104143.724273_KR_webconnectivity_45b4a1ce029e3a24
http://cafe.daum.net/ok1221,ok,https://explorer.ooni.org/m/20260410104147.067068_KR_webconnectivity_2602f313d0496f05
http://cafe.daum.net/ssaumjil,ok,https://explorer.ooni.org/m/20260410104150.619556_KR_webconnectivity_af6e13e68dab1682
http://cafe.daum.net/subdued20club/,ok,https://explorer.ooni.org/m/20260410104154.027165_KR_webconnectivity_7775515e5e49cc23
http://cafe.daum.net/truepicture/,ok,https://explorer.ooni.org/m/20260410104156.980003_KR_webconnectivity_60e22bf122a386fb
http://cafe.naver.com/imsanbu,ok,https://explorer.ooni.org/m/20260410104221.693873_KR_webconnectivity_af45a333a48a1f62
https://cdn.ampproject.org/v0/amp-iframe-0.1.js,ok,https://explorer.ooni.org/m/20260410104229.330399_KR_webconnectivity_15119a41049d17a1
https://churchofgodinchristmennonite.net/,ok,https://explorer.ooni.org/m/20260410104244.834074_KR_webconnectivity_7e631e85019c67a4
https://citizensclimatelobby.org/,ok,https://explorer.ooni.org/m/20260410104303.510625_KR_webconnectivity_aa4b159b49659331
http://cloud.naver.com/,ok,https://explorer.ooni.org/m/20260410104309.752098_KR_webconnectivity_c5deec415e263bd8
https://cloudflare-ech.com/,ok,https://explorer.ooni.org/m/20260410104324.094410_KR_webconnectivity_ee4ac768d847c2d1
http://clparty.kr/,error,https://explorer.ooni.org/m/20260410104341.527694_KR_webconnectivity_19c864d93f489746
https://code.jquery.com/,ok,https://explorer.ooni.org/m/20260410104352.287088_KR_webconnectivity_db3c626208df31d5
https://codeberg.org/,ok,https://explorer.ooni.org/m/20260410104359.863386_KR_webconnectivity_a289183f7299d764
https://codeload.github.com/github/rally/tar.gz/v1.0.1,ok,https://explorer.ooni.org/m/20260410104421.432445_KR_webconnectivity_46b2ce4196ccb71c
https://data.worldbank.org/topic/environment,ok,https://explorer.ooni.org/m/20260410104425.007428_KR_webconnectivity_8a1f8dc8933fde20
http://debate.org.uk/,ok,https://explorer.ooni.org/m/20260410104431.589189_KR_webconnectivity_37292d470de3a79b
https://dharmanet.org/,ok,https://explorer.ooni.org/m/20260410104450.192423_KR_webconnectivity_334134229ba9cf6a
https://digital.globalclimatestrike.net/,ok,https://explorer.ooni.org/m/20260410104510.155705_KR_webconnectivity_8c82790cd765a874
https://dl.bintray.com/jfrog/xray/,ok,https://explorer.ooni.org/m/20260410104526.250620_KR_webconnectivity_a798d632b438b34c
https://dl.google.com/robots.txt,ok,https://explorer.ooni.org/m/20260410104530.859853_KR_webconnectivity_17759108efcc046f
https://dlive.tv/,dns,https://explorer.ooni.org/m/20260410104532.178819_KR_webconnectivity_3195cd78b5ee8997
https://dns.adguard.com/dns-query?dns=q80BAAABAAAAAAAAA3d3dwdleGFtcGxlA2NvbQAAAQAB,tcp_ip,https://explorer.ooni.org/m/20260410104533.371116_KR_webconnectivity_219b7f06106fd9ff
https://docs.github.com/,ok,https://explorer.ooni.org/m/20260410104600.829635_KR_webconnectivity_bf414be69159c0f4
https://doh.centraleu.pi-dns.com/dns-query?dns=q80BAAABAAAAAAAAA3d3dwdleGFtcGxlA2NvbQAAAQAB,dns,https://explorer.ooni.org/m/20260410104602.182261_KR_webconnectivity_49a5ceeaf37b320d
https://doh.dns.sb/dns-query?dns=q80BAAABAAAAAAAAA3d3dwdleGFtcGxlA2NvbQAAAQAB,dns,https://explorer.ooni.org/m/20260410104619.411760_KR_webconnectivity_d59c9cc7bcc2d17c
https://dzen.ru/,dns,https://explorer.ooni.org/m/20260410104621.364898_KR_webconnectivity_3b056d578f1eec19
https://earthobservatory.nasa.gov/global-maps,ok,https://explorer.ooni.org/m/20260410104644.389420_KR_webconnectivity_a0c1166889c0a1e9
https://earthwatch.org/,ok,https://explorer.ooni.org/m/20260410104656.258749_KR_webconnectivity_5c401da3372b9151
https://emchurch.org/,ok,https://explorer.ooni.org/m/20260410104702.302253_KR_webconnectivity_c69d8d864bef5d97
https://espivblogs.net/,ok,https://explorer.ooni.org/m/20260410104727.290173_KR_webconnectivity_7e72841a5791ba18
https://family.cloudflare-dns.com/dns-query?dns=q80BAAABAAAAAAAAA3d3dwdleGFtcGxlA2NvbQAAAQAB,dns,https://explorer.ooni.org/m/20260410104728.832897_KR_webconnectivity_640784476b2fbced
https://fcm.googleapis.com/$discovery/rest?version=v1,ok,https://explorer.ooni.org/m/20260410104737.486107_KR_webconnectivity_92d4152e9b158f7a
https://findmymethod.org/,dns,https://explorer.ooni.org/m/20260410104739.025829_KR_webconnectivity_b4d61dea0158585a
https://firebaseinstallations.googleapis.com/robots.txt,ok,https://explorer.ooni.org/m/20260410104755.804819_KR_webconnectivity_528f5b86489b7875
https://fosfeminista.org/,ok,https://explorer.ooni.org/m/20260410104801.613023_KR_webconnectivity_ef7d98a079ae4ec2
https://freedns.afraid.org/,dns,https://explorer.ooni.org/m/20260410104803.325080_KR_webconnectivity_ab990fbbd37cb247
https://fridaysforfuture.org/,ok,https://explorer.ooni.org/m/20260410104827.266974_KR_webconnectivity_f2b927bb3651336e
https://friendsoftheearth.uk/,ok,https://explorer.ooni.org/m/20260410104849.417332_KR_webconnectivity_029b8918349ba1ca
https://frontlineaids.org/,ok,https://explorer.ooni.org/m/20260410104909.538747_KR_webconnectivity_0198ac7b7cc87172
https://gaggaalliance.org/,ok,https://explorer.ooni.org/m/20260410104928.641006_KR_webconnectivity_8b188d70251f1c89
http://gall.dcinside.com/,ok,https://explorer.ooni.org/m/20260410104954.073554_KR_webconnectivity_793aaa5321fb5581
http://gesomoon.com/Ver2/,ok,https://explorer.ooni.org/m/20260410104956.487220_KR_webconnectivity_974de85647415673
https://ghost.org/,ok,https://explorer.ooni.org/m/20260410105017.280440_KR_webconnectivity_cc3d12409d6e6f4e
https://gist.github.com/,ok,https://explorer.ooni.org/m/20260410105037.147804_KR_webconnectivity_f989e1b5ccc26e74
https://git.io/,dns,https://explorer.ooni.org/m/20260410105038.384516_KR_webconnectivity_a265c34b07e6b7cd
https://github.com/,ok,https://explorer.ooni.org/m/20260410105100.185968_KR_webconnectivity_bd696f17ce130805
https://github.com/twbs/bootstrap/releases/download/v4.5.3/bootstrap-4.5.3-examples.zip,ok,https://explorer.ooni.org/m/20260410105126.268050_KR_webconnectivity_ed0959195995bb9e
https://github.githubassets.com/images/modules/open_graph/github-logo.png,ok,https://explorer.ooni.org/m/20260410105136.682650_KR_webconnectivity_3f25f844873e29b6
https://globalconservation.org/,ok,https://explorer.ooni.org/m/20260410105158.656206_KR_webconnectivity_934d45d83e9662f1
https://goaskalice.columbia.edu/,ok,https://explorer.ooni.org/m/20260410105215.450858_KR_webconnectivity_0427ed0a226f5fa1
https://greenhost.net/,ok,https://explorer.ooni.org/m/20260410105221.968455_KR_webconnectivity_d9891314581d4931
https://i.ytimg.com/vi/JBRf3nEqfZ8/hq720.jpg,ok,https://explorer.ooni.org/m/20260410105240.028995_KR_webconnectivity_b28cee266ea21efb
https://iarf.net/,ok,https://explorer.ooni.org/m/20260410105258.564559_KR_webconnectivity_ba4aa6a7bd369510
https://impactlab.org/,ok,https://explorer.ooni.org/m/20260410105316.049869_KR_webconnectivity_61fb1bc45fd3332f
https://isaalmasih.net/,ok,https://explorer.ooni.org/m/20260410105321.489840_KR_webconnectivity_122a6e66a5b578d4
https://islamic-relief.org/,ok,https://explorer.ooni.org/m/20260410105347.627652_KR_webconnectivity_4a3c8aea77566c69
https://islamonline.net/,ok,https://explorer.ooni.org/m/20260410105410.589862_KR_webconnectivity_465618329a0fe96d
https://jainworld.com/,ok,https://explorer.ooni.org/m/20260410105425.230529_KR_webconnectivity_f0ed1f4fd96ce20d
https://joturl.com/,ok,https://explorer.ooni.org/m/20260410105432.821574_KR_webconnectivity_6da93ff8d4af9f62
https://krishna.com/,ok,https://explorer.ooni.org/m/20260410105456.858490_KR_webconnectivity_c8279d7e65c09e0a
https://letsencrypt.org/,ok,https://explorer.ooni.org/m/20260410105512.099191_KR_webconnectivity_edd364cdb78c1996
https://lh3.ggpht.com/_mm3cDcdhxkc/SzkPLt_zDUI/AAAAAAAAAZM/UplZlTSCVQc/s800/DSC_5305.jpg,ok,https://explorer.ooni.org/m/20260410105543.118870_KR_webconnectivity_c61c0799f805781e
https://lh3.googleusercontent.com/favicon.ico,ok,https://explorer.ooni.org/m/20260410105545.806796_KR_webconnectivity_38887ced66cd6ebf
https://lh4.ggpht.com/_PvLDsC2pRvk/ShwiscZujVI/AAAAAAAAFIQ/4q-TYiQ13-k/s512/DSC01330.jpg,ok,https://explorer.ooni.org/m/20260410105559.581671_KR_webconnectivity_036c7843635fc682
https://media0.giphy.com/robots.txt,ok,https://explorer.ooni.org/m/20260410105603.160223_KR_webconnectivity_4dd5b5802da7613c
https://miro.medium.com/robots.txt,ok,https://explorer.ooni.org/m/20260410105606.171081_KR_webconnectivity_ecb3bef2d4f09f8d
http://mlbpark.donga.com/,ok,https://explorer.ooni.org/m/20260410105623.975156_KR_webconnectivity_f4ef251b8169f443
https://moodle.com/,ok,https://explorer.ooni.org/m/20260410105642.881690_KR_webconnectivity_6d203672a56f0757
https://myabortionstory.tumblr.com/,dns,https://explorer.ooni.org/m/20260410105644.847030_KR_webconnectivity_5136ba12913476bb
https://nazarene.org/,ok,https://explorer.ooni.org/m/20260410105702.991845_KR_webconnectivity_61d3e413546b31a5
http://ndrive.naver.com/,ok,https://explorer.ooni.org/m/20260410105709.997538_KR_webconnectivity_1ee2dc5b4140dec9
https://noblogs.org/,ok,https://explorer.ooni.org/m/20260410105719.694099_KR_webconnectivity_fbf947d6919c18da
https://notifications-pa.googleapis.com/robots.txt,ok,https://explorer.ooni.org/m/20260410105726.218468_KR_webconnectivity_2c75050d4409830c
https://oceanconservancy.org/,ok,https://explorer.ooni.org/m/20260410105741.062687_KR_webconnectivity_d68242c67665eff6
https://ooni.github.io/,ok,https://explorer.ooni.org/m/20260410105747.563829_KR_webconnectivity_49ff4e5754a2de12
https://ow.ly/,ok,https://explorer.ooni.org/m/20260410105751.535483_KR_webconnectivity_78c02651bdcdd9b7
https://pastebin.com/,dns,https://explorer.ooni.org/m/20260410105753.727023_KR_webconnectivity_9fbf52dc4344d5e0
http://peta.xxx/,dns,https://explorer.ooni.org/m/20260410105755.412056_KR_webconnectivity_21b6376eaa1fb52e
https://pingomatic.com/,ok,https://explorer.ooni.org/m/20260410105759.236382_KR_webconnectivity_579ab42a22671a4e
https://play-lh.googleusercontent.com/SZ7vNaa9txw_JsYsiOOP4_4fOaKfJVMQ-_aM10MW7x93IPDYoqdIkHSw-ffCgBABFSM=s256-rw,ok,https://explorer.ooni.org/m/20260410105805.653570_KR_webconnectivity_bf865c512b7b00cc
https://play.google.com/,ok,https://explorer.ooni.org/m/20260410105827.778444_KR_webconnectivity_126f1104210811a4
https://play.googleapis.com/robots.txt,ok,https://explorer.ooni.org/m/20260410105832.687272_KR_webconnectivity_49fa4b3d2dd4ba80
https://private.canadianshield.cira.ca/dns-query?dns=q80BAAABAAAAAAAAA3d3dwdleGFtcGxlA2NvbQAAAQAB,ok,https://explorer.ooni.org/m/20260410105836.013613_KR_webconnectivity_6c05dca161dd9efc
https://prolife.com/,dns,https://explorer.ooni.org/m/20260410105841.201724_KR_webconnectivity_7ae5bed1a11d2b0f
https://prq.se/,dns,https://explorer.ooni.org/m/20260410105842.418231_KR_webconnectivity_d8d08e4f48f11cb9
https://quran.com/,ok,https://explorer.ooni.org/m/20260410105909.114966_KR_webconnectivity_cc48c59113ffbbf0
https://rebellion.global/,ok,https://explorer.ooni.org/m/20260410105921.471833_KR_webconnectivity_3baa3b3d585df02b
https://redapes.org/,ok,https://explorer.ooni.org/m/20260410105948.974081_KR_webconnectivity_3e96827059331113
https://replug.io/,ok,https://explorer.ooni.org/m/20260410110006.932492_KR_webconnectivity_4860067b749be14c
http://ruliweb.daum.net/,http-failure,https://explorer.ooni.org/m/20260410110011.597737_KR_webconnectivity_232b630907ed3f13
https://rutube.ru/,ok,https://explorer.ooni.org/m/20260410110042.869616_KR_webconnectivity_c8b01b3f49ca73e2
https://safe2choose.org/,dns,https://explorer.ooni.org/m/20260410110044.309482_KR_webconnectivity_0dcb35aaf0d449ea
http://sex.clinic.co.kr/,dns,https://explorer.ooni.org/m/20260410110050.857241_KR_webconnectivity_372f2d0e4b1ab4a6
https://sexetc.org/,dns,https://explorer.ooni.org/m/20260410110052.559200_KR_webconnectivity_9d898bd0c04ac378
http://shamash.org/,error,https://explorer.ooni.org/m/20260410110056.436514_KR_webconnectivity_f510d9b23e63a5b0
http://shia.org/,tcp_ip,https://explorer.ooni.org/m/20260410110127.405206_KR_webconnectivity_5e6b72ffaf2ef9cf
https://short.io/,ok,https://explorer.ooni.org/m/20260410110155.833629_KR_webconnectivity_89df12581816c752
https://sites.google.com/,ok,https://explorer.ooni.org/m/20260410110223.776560_KR_webconnectivity_b52be3c428d85731
https://sniply.io/,ok,https://explorer.ooni.org/m/20260410110251.052576_KR_webconnectivity_c41dd8b1b57d2369
https://solar-aid.org/,ok,https://explorer.ooni.org/m/20260410110306.314482_KR_webconnectivity_d594e259a0b810cb
https://srhrforall.org/,ok,https://explorer.ooni.org/m/20260410110310.703375_KR_webconnectivity_6559daf9bb706932
https://t2mio.com/,ok,https://explorer.ooni.org/m/20260410110330.276500_KR_webconnectivity_eb2290e4eea6cb10
http://tanzil.net/,ok,https://explorer.ooni.org/m/20260410110338.660115_KR_webconnectivity_f7da76e0ad1eb770
https://technorati.com/,ok,https://explorer.ooni.org/m/20260410110343.157382_KR_webconnectivity_b1f63ded96eccb5d
https://telegra.ph/,dns,https://explorer.ooni.org/m/20260410110348.216473_KR_webconnectivity_694cfe062fda4807
https://thereisnoearthb.org/,ok,https://explorer.ooni.org/m/20260410110400.306722_KR_webconnectivity_ea92206db4a5c820
https://tiny.cc/,ok,https://explorer.ooni.org/m/20260410110407.088771_KR_webconnectivity_a22b16abe0fc62a9
https://tinyurl.com/,ok,https://explorer.ooni.org/m/20260410110412.757745_KR_webconnectivity_023d1cbe4419147d
https://turbobit.net/,ok,https://explorer.ooni.org/m/20260410110419.042785_KR_webconnectivity_fbdc63ae87908bba
https://vesselthefilm.com/,ok,https://explorer.ooni.org/m/20260410110435.142482_KR_webconnectivity_eab28742975bd5bc
https://we.riseup.net/,ok,https://explorer.ooni.org/m/20260410110442.069821_KR_webconnectivity_cfb1544c09309c5d
http://web.humoruniv.com/main.html,ok,https://explorer.ooni.org/m/20260410110504.076260_KR_webconnectivity_801dc29932c290b4
http://web.khu.ac.kr/,ok,https://explorer.ooni.org/m/20260410110507.440481_KR_webconnectivity_fa3b7d54c3e7cfbf
http://weblogs.us/,ok,https://explorer.ooni.org/m/20260410110519.015511_KR_webconnectivity_2f36d775ef0c5394
https://womenfirstdigital.org/,ok,https://explorer.ooni.org/m/20260410110539.706295_KR_webconnectivity_e89a5243b5b9d9b2
https://womenonweb.kr/,dns,https://explorer.ooni.org/m/20260410110551.605263_KR_webconnectivity_34e3b2d2785afde1
https://wordpress.com/,ok,https://explorer.ooni.org/m/20260410110608.890078_KR_webconnectivity_f9e4c0b08e27d157
https://wordpress.org/,ok,https://explorer.ooni.org/m/20260410110631.566797_KR_webconnectivity_1ab304fe735068b5
https://write.as/,ok,https://explorer.ooni.org/m/20260410110637.754108_KR_webconnectivity_487ad6709dd260b8
https://wupj.org/,ok,https://explorer.ooni.org/m/20260410110648.886963_KR_webconnectivity_4df675d947bcdd35
https://wwf.panda.org/,ok,https://explorer.ooni.org/m/20260410110712.169907_KR_webconnectivity_f160babe174bb072
https://www.100webspace.com/,ok,https://explorer.ooni.org/m/20260410110732.207430_KR_webconnectivity_3ede7fedee20bfab
https://www.1800respect.org.au/languages/,ok,https://explorer.ooni.org/m/20260410110753.536744_KR_webconnectivity_61e11e3dd2d53044
https://www.abortionno.org/,dns,https://explorer.ooni.org/m/20260410110755.845698_KR_webconnectivity_9bccb417351a63b4
https://www.abortoinfosegura.com/,ok,https://explorer.ooni.org/m/20260410110801.631133_KR_webconnectivity_364304b797a2f8f6
https://www.adl.org/,ok,https://explorer.ooni.org/m/20260410110822.369527_KR_webconnectivity_e22770403ac555c9
https://www.adventist.org/,ok,https://explorer.ooni.org/m/20260410110828.046396_KR_webconnectivity_c6879d704f1855ea
https://www.advocatesforyouth.org/,ok,https://explorer.ooni.org/m/20260410110831.116084_KR_webconnectivity_f4b273b2523d55b0
http://www.afreeca.com/,ok,https://explorer.ooni.org/m/20260410110836.124147_KR_webconnectivity_522afd08dbde50e8
http://www.ahsex.org/,error,https://explorer.ooni.org/m/20260410110852.973614_KR_webconnectivity_b661380e3b7566ef
https://www.angelfire.lycos.com/,ok,https://explorer.ooni.org/m/20260410110940.755522_KR_webconnectivity_1539bf87f24d5e46
https://www.anglicancommunion.org/,ok,https://explorer.ooni.org/m/20260410110957.946759_KR_webconnectivity_e648390f7b9eac3e
http://www.arder.co.kr/,dns,https://explorer.ooni.org/m/20260410111008.186520_KR_webconnectivity_b074c7231a3a12b3
http://www.asiatour.com/,ok,https://explorer.ooni.org/m/20260410111024.536998_KR_webconnectivity_c5adbcc37a9d517b
https://www.atheistalliance.org/,ok,https://explorer.ooni.org/m/20260410111054.531957_KR_webconnectivity_136a2f46d9723560
https://www.atheists.org/,ok,https://explorer.ooni.org/m/20260410111202.061542_KR_webconnectivity_281f41be27b0fecb
http://www.auduboninternational.org/,ok,https://explorer.ooni.org/m/20260410111206.461456_KR_webconnectivity_c21fd610faeb18f2
https://www.autistici.org/,ok,https://explorer.ooni.org/m/20260410111210.930278_KR_webconnectivity_b2d832af34f2d922
http://www.bahai.org/,ok,https://explorer.ooni.org/m/20260410111214.209169_KR_webconnectivity_091774575fca90c7
https://www.birthcontrol.com/,dns,https://explorer.ooni.org/m/20260410111218.305149_KR_webconnectivity_55d8bbfdfcb1489f
http://www.biz.ly/,ok,https://explorer.ooni.org/m/20260410111223.921193_KR_webconnectivity_28787376a62602d6
https://www.bl.ink/,ok,https://explorer.ooni.org/m/20260410111226.743272_KR_webconnectivity_0ef510afade2c78b
http://www.blogeasy.com/,ok,https://explorer.ooni.org/m/20260410111228.199533_KR_webconnectivity_6c7fb89e48f718a9
https://www.blogger.com/,ok,https://explorer.ooni.org/m/20260410111232.994429_KR_webconnectivity_724ce1d5340dca2a
http://www.blogsome.com/,ok,https://explorer.ooni.org/m/20260410111240.651523_KR_webconnectivity_30a35bb8adeda5d1
https://www.brinkster.com/,ok,https://explorer.ooni.org/m/20260410111244.549276_KR_webconnectivity_27606b97145a4678
http://www.buddhanet.net/,ok,https://explorer.ooni.org/m/20260410111252.954622_KR_webconnectivity_572b90d958a631fd
http://www.cafe24.com/,dns,https://explorer.ooni.org/m/20260410111255.016771_KR_webconnectivity_462daebf01b66e3c
https://www.carbonbrief.org/,ok,https://explorer.ooni.org/m/20260410111258.393411_KR_webconnectivity_0f6ac8a124372234
https://www.carbonmap.org/,ok,https://explorer.ooni.org/m/20260410111301.745713_KR_webconnectivity_01bd4b35a5930b7c
https://www.catholic.org/,ok,https://explorer.ooni.org/m/20260410111305.757870_KR_webconnectivity_2ae864eaa2653903
https://www.catholicsforchoice.org/,ok,https://explorer.ooni.org/m/20260410111308.517550_KR_webconnectivity_fe2ef4066755275d
https://www.ccel.org/,ok,https://explorer.ooni.org/m/20260410111312.813694_KR_webconnectivity_d4ea2fb8aa63ca85
https://www.ceceurope.org/,ok,https://explorer.ooni.org/m/20260410111318.954275_KR_webconnectivity_0c3eee690a710453
https://www.christianity.com/,ok,https://explorer.ooni.org/m/20260410111322.352325_KR_webconnectivity_3b2df99531ad9c25
https://www.christianitytoday.com/,ok,https://explorer.ooni.org/m/20260410111325.098986_KR_webconnectivity_c2fdcb250e3632e7
https://www.cleanwateraction.org/,ok,https://explorer.ooni.org/m/20260410111328.181630_KR_webconnectivity_6db2a1b6ebf6782d
https://www.climaterealityproject.org/,ok,https://explorer.ooni.org/m/20260410111333.048723_KR_webconnectivity_df1b7d8aada21e2c
https://www.coolearth.org/,ok,https://explorer.ooni.org/m/20260410111336.587642_KR_webconnectivity_a2900b306533cec2
https://www.copticchurch.net/,ok,https://explorer.ooni.org/m/20260410111339.485121_KR_webconnectivity_7c7c9ad3a9fbcdfe
https://www.cseindia.org/,ok,https://explorer.ooni.org/m/20260410111349.387567_KR_webconnectivity_c4eff653567467fb
https://www.dreamhost.com/,ok,https://explorer.ooni.org/m/20260410111356.142978_KR_webconnectivity_184c7a0b2d8a6d90
https://www.earthaction.org/,ok,https://explorer.ooni.org/m/20260410111401.005946_KR_webconnectivity_360a837d8e22087a
https://www.earthrights.org/,ok,https://explorer.ooni.org/m/20260410111402.380824_KR_webconnectivity_49da15fbcd2b6d2a
http://www.ebaumsworld.com/,dns,https://explorer.ooni.org/m/20260410111404.246592_KR_webconnectivity_3919d9f0bfb4baa8
http://chakantv.co.kr/,ok,https://explorer.ooni.org/m/20260410111405.740334_KR_webconnectivity_474ae03072d907e6
https://cc.bingj.com/cache.aspx?q=nothing,dns,https://explorer.ooni.org/m/20260410111404.988256_KR_webconnectivity_69505855f64a9f27
http://imagebingo.naver.com/,ok,https://explorer.ooni.org/m/20260410111406.511976_KR_webconnectivity_a21dd95f998e68f2
http://internetphone114.com/,ok,https://explorer.ooni.org/m/20260410111407.442663_KR_webconnectivity_a660c9dd4a2ec7b3
https://t.me/,dns,https://explorer.ooni.org/m/20260410111408.309662_KR_webconnectivity_317bfeb0cb4c19ee
https://www.doctissimo.fr/,dns,https://explorer.ooni.org/m/20260410111414.285815_KR_webconnectivity_c900a951cad81ab2
https://www.gmx.com/,dns,https://explorer.ooni.org/m/20260410111415.057016_KR_webconnectivity_504976ee6934dc3d
http://www.lsinc.co.kr/,ok,https://explorer.ooni.org/m/20260410111415.839891_KR_webconnectivity_12c5bfba340870a5
https://www.twitch.tv/,dns,https://explorer.ooni.org/m/20260410111416.673636_KR_webconnectivity_5dd56351e3bb886a
https://www.vonage.com/,ok,https://explorer.ooni.org/m/20260410111418.190821_KR_webconnectivity_c60f8935c1386433
https://airvpn.org/,dns,https://explorer.ooni.org/m/20260410111419.177187_KR_webconnectivity_480cda5170748ea1
https://allthefallen.moe/,dns,https://explorer.ooni.org/m/20260410111420.686512_KR_webconnectivity_671b157d38713532
https://anon.inf.tu-dresden.de/,dns,https://explorer.ooni.org/m/20260410111421.731174_KR_webconnectivity_3dd837dcee0f523f
https://boingboing.net/,dns,https://explorer.ooni.org/m/20260410111426.263791_KR_webconnectivity_18334b7b67cf6817
https://bridges.torproject.org/,dns,https://explorer.ooni.org/m/20260410111433.143337_KR_webconnectivity_89cd3b31e49fef3d
https://ccrjustice.org/,ok,https://explorer.ooni.org/m/20260410111434.828155_KR_webconnectivity_7726e1086418aba4
https://cdns.grindr.com/,dns,https://explorer.ooni.org/m/20260410111436.703811_KR_webconnectivity_e20b5c2c9ac9b42d
http://english.chosun.com/,ok,https://explorer.ooni.org/m/20260410111437.954277_KR_webconnectivity_c79f19fde98af6c9
https://freenetproject.org/,dns,https://explorer.ooni.org/m/20260410111438.898509_KR_webconnectivity_c92bc01bbc7c4c0f
https://freespeech.org/,dns,https://explorer.ooni.org/m/20260410111439.818500_KR_webconnectivity_8aa574fef92c36ad
https://genderdysphoria.fyi/,dns,https://explorer.ooni.org/m/20260410111441.706236_KR_webconnectivity_ea24843ee1bc7a34
https://geti2p.net/,dns,https://explorer.ooni.org/m/20260410111442.544108_KR_webconnectivity_ef9a7e14ff1981cf
https://getlantern.org/,dns,https://explorer.ooni.org/m/20260410111443.321355_KR_webconnectivity_b124e1b730e1bef4
https://gijn.org/,ok,https://explorer.ooni.org/m/20260410111444.752675_KR_webconnectivity_930302bbc9741808
https://grindr.mobi/,ok,https://explorer.ooni.org/m/20260410111445.991965_KR_webconnectivity_befb7ae2d3199a36
https://hide.me/,dns,https://explorer.ooni.org/m/20260410111448.056688_KR_webconnectivity_18adb99f23b56371
http://inter.kdlp.org/,ok,https://explorer.ooni.org/m/20260410111449.710643_KR_webconnectivity_437ca0b73277a3f2
https://hornet.com/,dns,https://explorer.ooni.org/m/20260410111448.868376_KR_webconnectivity_c1dae276f5b7dc4a
https://mega.io/,dns,https://explorer.ooni.org/m/20260410111450.527625_KR_webconnectivity_7e2a185dee2128f6
https://privatevpn.com/,dns,https://explorer.ooni.org/m/20260410111451.767618_KR_webconnectivity_70bfde19c56e2001
https://proxify.com/,dns,https://explorer.ooni.org/m/20260410111452.911133_KR_webconnectivity_05d067a12320748b
https://resurj.org/,dns,https://explorer.ooni.org/m/20260410111454.027621_KR_webconnectivity_f3daaa0b38d25b60
https://shadowsocks.org/,dns,https://explorer.ooni.org/m/20260410111455.131864_KR_webconnectivity_298ae2ec5d1680cd
https://smotrim.ru/,ok,https://explorer.ooni.org/m/20260410111501.063566_KR_webconnectivity_f70ce7c8be2aacb7
https://speedify.com/,dns,https://explorer.ooni.org/m/20260410111501.991080_KR_webconnectivity_c4c1fca793b9a110
https://strongvpn.com/,dns,https://explorer.ooni.org/m/20260410111504.135058_KR_webconnectivity_b3f38a1bf17dfe29
https://surfshark.com/,dns,https://explorer.ooni.org/m/20260410111510.134395_KR_webconnectivity_1934c3bf11c67c77
https://thegailygrind.com/,dns,https://explorer.ooni.org/m/20260410111512.324773_KR_webconnectivity_8e38d5ce29831547
http://transsexual.org/,dns,https://explorer.ooni.org/m/20260410111517.570549_KR_webconnectivity_cfb12bab3adbf8ce
https://trustvpn.me/,dns,https://explorer.ooni.org/m/20260410111520.016417_KR_webconnectivity_f9aa520db0bf6b35
https://ultrasurf.us/,dns,https://explorer.ooni.org/m/20260410111523.506020_KR_webconnectivity_a5d3f83865cc6c33
https://www.advocate.com/,dns,https://explorer.ooni.org/m/20260410111525.670167_KR_webconnectivity_c805144199cc4678
http://www.anonymsurfen.com/,dns,https://explorer.ooni.org/m/20260410111526.865623_KR_webconnectivity_ac543966c1c71edd
https://www.arabnews.com/,ok,https://explorer.ooni.org/m/20260410111528.237109_KR_webconnectivity_679d8211bd022a16
https://www.article19.org/,ok,https://explorer.ooni.org/m/20260410111529.816728_KR_webconnectivity_79528a83a3ef3366
https://www.business-humanrights.org/,ok,https://explorer.ooni.org/m/20260410111532.584305_KR_webconnectivity_60bbef8cf3bf674f
https://www.clintonfoundation.org/,ok,https://explorer.ooni.org/m/20260410111534.066424_KR_webconnectivity_a9e94ac607d53723
http://www.dit-inc.us/,dns,https://explorer.ooni.org/m/20260410111535.486902_KR_webconnectivity_c6c4479e8d719b26
http://www.e-ju.net/,ok,https://explorer.ooni.org/m/20260410111536.273632_KR_webconnectivity_7914647572bf740b
https://www.echr.coe.int/,ok,https://explorer.ooni.org/m/20260410111537.905630_KR_webconnectivity_e55b2c688bdfc34f
http://www.feer.com/,ok,https://explorer.ooni.org/m/20260410111539.040125_KR_webconnectivity_47034ccfbe91e2ec
https://www.feministfrequency.com/,dns,https://explorer.ooni.org/m/20260410111539.844237_KR_webconnectivity_3bf631ee904c9a12
https://www.grindr.com/,dns,https://explorer.ooni.org/m/20260410111540.753446_KR_webconnectivity_fcfc10b70244a88a
https://www.knapsackforhope.org/,ok,https://explorer.ooni.org/m/20260410111542.663807_KR_webconnectivity_057b44a6f02e99c5
https://www.msichoices.org/,dns,https://explorer.ooni.org/m/20260410111543.544720_KR_webconnectivity_271529a0c513dd4d
https://www.opentech.fund/,dns,https://explorer.ooni.org/m/20260410111544.402650_KR_webconnectivity_e6845f20295d8e4d
http://www.peacefire.org/circumventor/simple-circumventor-instructions.html,dns,https://explorer.ooni.org/m/20260410111545.515391_KR_webconnectivity_d85e65d1fae367f0
https://www.queerty.com/,dns,https://explorer.ooni.org/m/20260410111546.284302_KR_webconnectivity_610f9a14f03f5944
https://www.shoe.org/,dns,https://explorer.ooni.org/m/20260410111547.458847_KR_webconnectivity_861224db25ad8f51
http://www.theregister.co.uk/,dns,https://explorer.ooni.org/m/20260410111548.526821_KR_webconnectivity_171c0d987848c200
https://www.unfe.org/,ok,https://explorer.ooni.org/m/20260410111550.042496_KR_webconnectivity_5e69551823e2f2e8
https://www.unicef.org/,ok,https://explorer.ooni.org/m/20260410111551.332089_KR_webconnectivity_a15c34507d308ca9
https://www.washingtonpost.com/,dns,https://explorer.ooni.org/m/20260410111552.200422_KR_webconnectivity_c832fff898a40318
https://www.womenonweb.org/,dns,https://explorer.ooni.org/m/20260410111553.020499_KR_webconnectivity_481b8f76a72ccd31
https://9gag.com/,dns,https://explorer.ooni.org/m/20260410111553.998558_KR_webconnectivity_1fc3d1080d2ac8c4
https://abs.twimg.com/sticky/default_profile_images/default_profile_normal.png,ok,https://explorer.ooni.org/m/20260410111555.630156_KR_webconnectivity_8e1954b4ce52e709
https://badoo.com/,dns,https://explorer.ooni.org/m/20260410111556.447514_KR_webconnectivity_b9df7b73d9d03bff
https://fbcdn.net/robots.txt,ok,https://explorer.ooni.org/m/20260410111558.491061_KR_webconnectivity_fb0b826f8912530c
https://qsbr.fs.quoracdn.net/-4-web.entry.js.out-34-8f7d03da0b7a24ae.webpack,ok,https://explorer.ooni.org/m/20260410111600.486451_KR_webconnectivity_771aee93a0e955b3
https://video.cdninstagram.com/favicon.ico,ok,https://explorer.ooni.org/m/20260410111602.248558_KR_webconnectivity_548cae6ddd86729b
https://www.joinclubhouse.com/,ok,https://explorer.ooni.org/m/20260410111603.926296_KR_webconnectivity_73dd96ed0d5ecaec
https://www.meetme.com/,dns,https://explorer.ooni.org/m/20260410111604.799006_KR_webconnectivity_d75ca4105295006b
https://www.yubo.live/,ok,https://explorer.ooni.org/m/20260410111606.941234_KR_webconnectivity_099f3f122c5dace3
https://alt.com/,dns,https://explorer.ooni.org/m/20260410111609.274403_KR_webconnectivity_4ea2c095e894a8f6
https://amphetamines.com/,ok,https://explorer.ooni.org/m/20260410111611.239633_KR_webconnectivity_a00eb82fbcef8ddd
http://asiafriendfinder.com/,dns,https://explorer.ooni.org/m/20260410111613.751289_KR_webconnectivity_7d7b87ed73dd1d8c
http://asiansmaster.com/,dns,https://explorer.ooni.org/m/20260410111614.993633_KR_webconnectivity_bad9248942720ea6
https://btggaming.com/,dns,https://explorer.ooni.org/m/20260410111617.782798_KR_webconnectivity_5116c4799ced1b8b
http://cafe.daum.net/amc21,ok,https://explorer.ooni.org/m/20260410111620.719431_KR_webconnectivity_c1a143a6d2111d52
http://cafe.daum.net/dacultureNO,ok,https://explorer.ooni.org/m/20260410111623.137530_KR_webconnectivity_ece224e3cad96ab2
http://cafe.naver.com/mansdotcom,ok,https://explorer.ooni.org/m/20260410111626.540527_KR_webconnectivity_bde638ac0f00b840
http://cafe.naver.com/rtbnmm/,ok,https://explorer.ooni.org/m/20260410111632.819106_KR_webconnectivity_20a2f0248a76d7a2
http://creamasia.com/,dns,https://explorer.ooni.org/m/20260410111634.365575_KR_webconnectivity_4912439130290a34
https://drugs-forum.com/,dns,https://explorer.ooni.org/m/20260410111635.131203_KR_webconnectivity_91f5ed83571e4ad6
https://eln-voces.net/,ok,https://explorer.ooni.org/m/20260410111640.300881_KR_webconnectivity_4658bf885563b0a4
https://forum.grasscity.com/,dns,https://explorer.ooni.org/m/20260410111641.076855_KR_webconnectivity_7977fe0d0811dfcc
https://friendfinder.com/,dns,https://explorer.ooni.org/m/20260410111642.890015_KR_webconnectivity_6978ed7dd28cd067
https://heroin.org/,dns,https://explorer.ooni.org/m/20260410111643.702908_KR_webconnectivity_06ef8d78a58dadac
https://hitomi.la/,dns,https://explorer.ooni.org/m/20260410111644.797817_KR_webconnectivity_4f8ba1db97537335
http://hotgaylist.com/,dns,https://explorer.ooni.org/m/20260410111645.842243_KR_webconnectivity_d286985e498a7dec
https://howtogrowmarijuana.com/,dns,https://explorer.ooni.org/m/20260410111701.639227_KR_webconnectivity_dfdb9d5a67517f72
https://hustler.com/,dns,https://explorer.ooni.org/m/20260410111702.474947_KR_webconnectivity_5640c343f6e126f8
http://indianfriendfinder.com/,dns,https://explorer.ooni.org/m/20260410111704.271496_KR_webconnectivity_41e4150dfd1c040f
https://kiwifarms.net/,dns,https://explorer.ooni.org/m/20260410111719.965203_KR_webconnectivity_67f32971ab8afb55
http://koreanfriendfinder.com/,dns,https://explorer.ooni.org/m/20260410111722.527612_KR_webconnectivity_f16f4e975faf341d
http://makemodel.net/,ok,https://explorer.ooni.org/m/20260410111726.569348_KR_webconnectivity_925c2323f50cbeed
https://maps.org/,ok,https://explorer.ooni.org/m/20260410111728.824932_KR_webconnectivity_05c48f0d69b636ed
http://mingky.org/,dns,https://explorer.ooni.org/m/20260410111729.787452_KR_webconnectivity_7d42fb7076b663a7
https://norml.org/,dns,https://explorer.ooni.org/m/20260410111733.661309_KR_webconnectivity_4eb9797700f5c6f9
https://nsdapao.info/,dns,https://explorer.ooni.org/m/20260410111749.479694_KR_webconnectivity_9d9afac15dcca6ae
http://onlybingo.com/,dns,https://explorer.ooni.org/m/20260410111805.270312_KR_webconnectivity_88f67ebeacf495ac
https://panties.com/,dns,https://explorer.ooni.org/m/20260410111819.533630_KR_webconnectivity_cffc4f9b3cd429b1
http://sexkorea.net/,dns,https://explorer.ooni.org/m/20260410111824.747110_KR_webconnectivity_6bcb00c41332e0a7
http://thaigirls.net/,dns,https://explorer.ooni.org/m/20260410111826.489277_KR_webconnectivity_7e33ba68aff9ae8a
https://trashy.com/,dns,https://explorer.ooni.org/m/20260410111827.685182_KR_webconnectivity_2194c7e03dc0c84e
http://user.chollian.net/,dns,https://explorer.ooni.org/m/20260410111830.774044_KR_webconnectivity_b8c2c5153255de2b
http://user.chollian.net/~yesooj/mincho/deama.htm,dns,https://explorer.ooni.org/m/20260410111833.194134_KR_webconnectivity_f65b5a096fa4a342
http://via89.kr/,ok,https://explorer.ooni.org/m/20260410111834.248343_KR_webconnectivity_42d702f9fc44c989
http://video.fc2.com/ko/a/,dns,https://explorer.ooni.org/m/20260410111837.356603_KR_webconnectivity_d3bd1a56dd2bba97
https://worldsingles.com/,dns,https://explorer.ooni.org/m/20260410111840.258349_KR_webconnectivity_fb5cd21d98130c38
https://www.3wishes.com/,dns,https://explorer.ooni.org/m/20260410111841.128196_KR_webconnectivity_c93d6192e984ab2c
http://www.888casino.com/,dns,https://explorer.ooni.org/m/20260410111842.154098_KR_webconnectivity_ee7ed7598811fc3e
http://www.absinth.com/,ok,https://explorer.ooni.org/m/20260410111845.074310_KR_webconnectivity_9f3b50ffd33b027b
http://www.absolut.com/,ok,https://explorer.ooni.org/m/20260410111848.585586_KR_webconnectivity_d37a4e40feb43343
https://www.agentprovocateur.com/,dns,https://explorer.ooni.org/m/20260410111850.441000_KR_webconnectivity_c711639e6d1e263e
https://www.americannaziparty.com/,ok,https://explorer.ooni.org/m/20260410111852.882317_KR_webconnectivity_aa391417018fc63c
https://www.ariannelingerie.com/,dns,https://explorer.ooni.org/m/20260410111855.058668_KR_webconnectivity_b89ff0e93569206e
https://www.ashleymadison.com/,dns,https://explorer.ooni.org/m/20260410111855.780525_KR_webconnectivity_c88c688f1dbfeb49
http://www.asiabynight.com/,dns,https://explorer.ooni.org/m/20260410111911.484808_KR_webconnectivity_17235e08fa58c6e1
https://www.bacardi.com/,ok,https://explorer.ooni.org/m/20260410111914.704003_KR_webconnectivity_1272930cdd5a909c
https://www.bat.com/,ok,https://explorer.ooni.org/m/20260410111920.025096_KR_webconnectivity_a70d251e485a48e5
http://www.beer.com/,ok,https://explorer.ooni.org/m/20260410111935.279647_KR_webconnectivity_ed817ef73a418003
https://www.beerinfo.com/,ok,https://explorer.ooni.org/m/20260410111940.219170_KR_webconnectivity_027b5308dca1fdd6
http://www.blackjackinfo.com/,dns,https://explorer.ooni.org/m/20260410111942.488886_KR_webconnectivity_c9bb54e27564aef5
https://www.bravoporn.com/,dns,https://explorer.ooni.org/m/20260410111943.221021_KR_webconnectivity_59b609c52e469b29
http://www.budweiser.com/,ok,https://explorer.ooni.org/m/20260410111947.377029_KR_webconnectivity_3490a128fed7ae44
https://www.buydutchseeds.com/,dns,https://explorer.ooni.org/m/20260410111948.249133_KR_webconnectivity_a68a0b4eb10bb04f
https://www.casino.com/,dns,https://explorer.ooni.org/m/20260410111949.121615_KR_webconnectivity_6d37baa85d5e9186
http://www.chantelle.com/,dns,https://explorer.ooni.org/m/20260410111949.958739_KR_webconnectivity_f8229dfe3b04ecfd
https://www.churchofeuthanasia.org/,dns,https://explorer.ooni.org/m/20260410111951.385863_KR_webconnectivity_e9d425ad81c25d90
http://www.coquette.com/,dns,https://explorer.ooni.org/m/20260410111952.448210_KR_webconnectivity_845150504b68ecfa
http://www.date.com/,dns,https://explorer.ooni.org/m/20260410111954.435743_KR_webconnectivity_a53677a3a425023d
https://www.dating.com/,dns,https://explorer.ooni.org/m/20260410111955.600120_KR_webconnectivity_59499afa8b017e88
http://www.dekaron.co.kr/,dns,https://explorer.ooni.org/m/20260410111959.829184_KR_webconnectivity_32549889c47369d3
http://www.delicates.co.uk/,ok,https://explorer.ooni.org/m/20260410112006.326820_KR_webconnectivity_c524179a9e9e2b3e
https://www.dextroverse.org/,ok,https://explorer.ooni.org/m/20260410112009.781887_KR_webconnectivity_84c94d4cabceb6da
https://www.drugsdata.org/,dns,https://explorer.ooni.org/m/20260410112013.488444_KR_webconnectivity_fd624490c528091b
http://www.drugsense.org/,ok,https://explorer.ooni.org/m/20260410112018.383381_KR_webconnectivity_52111ffa20d64a07
http://www.dsnet.co.kr/,ok,https://explorer.ooni.org/m/20260410112034.210174_KR_webconnectivity_ce8b23d2ce444d52
https://www.eharmony.com/,dns,https://explorer.ooni.org/m/20260410112035.453181_KR_webconnectivity_a786a21e62e08cff
https://www.erowid.org/,tcp_ip,https://explorer.ooni.org/m/20260410112111.380610_KR_webconnectivity_eed0683e06c088b3
http://www.forbiddenasian.com/,dns,https://explorer.ooni.org/m/20260410112113.537942_KR_webconnectivity_e1de90f3154f1689
http://www.freshpair.com/,dns,https://explorer.ooni.org/m/20260410112114.936158_KR_webconnectivity_0012fa423b9e3b7d
https://www.gambling.com/,dns,https://explorer.ooni.org/m/20260410112115.871246_KR_webconnectivity_890b7f18eb9a1a7d
http://www.gamemeca.com/,dns,https://explorer.ooni.org/m/20260410112118.706365_KR_webconnectivity_56d21a35cb587416
http://www.gamespot.co.kr/,dns,https://explorer.ooni.org/m/20260410112122.185196_KR_webconnectivity_1735932f81ebfd7f
http://www.gayapatal.com/,dns,https://explorer.ooni.org/m/20260410112123.043225_KR_webconnectivity_dcf9c3aa936edb0c
http://www.globalfire.tv/,ok,https://explorer.ooni.org/m/20260410112127.656613_KR_webconnectivity_477760c46b3f014c
https://www.goldenpalace.com/,dns,https://explorer.ooni.org/m/20260410112128.888460_KR_webconnectivity_7e6be256dfc384d2
https://www.happn.com/,dns,https://explorer.ooni.org/m/20260410112129.689776_KR_webconnectivity_78df0f644a594d16
http://www.hiliq.net/,ok,https://explorer.ooni.org/m/20260410112136.331961_KR_webconnectivity_145a2ee765406284
http://www.i-um.com/,dns,https://explorer.ooni.org/m/20260410112142.493103_KR_webconnectivity_fa67d8cf5d9aa81f
http://www.ilbe.com/,dns,https://explorer.ooni.org/m/20260410112152.632141_KR_webconnectivity_24415529f4a649a4
http://www.indianporngirls.com/,dns,https://explorer.ooni.org/m/20260410112155.089760_KR_webconnectivity_2a6616a980467053
https://www.ipair.com/,dns,https://explorer.ooni.org/m/20260410112156.419258_KR_webconnectivity_9c9f1ecf1c7b7edb
http://www.jackdaniels.com/,ok,https://explorer.ooni.org/m/20260410112204.692831_KR_webconnectivity_622aeb5ef3fcec51
https://www.jackpotcitycasino1.com/,dns,https://explorer.ooni.org/m/20260410112206.128698_KR_webconnectivity_46cb57e2e536ff7e
http://www.joyhunting.com/,dns,https://explorer.ooni.org/m/20260410112222.145901_KR_webconnectivity_f856f3810ea9de26
http://www.jupae.com/,ok,https://explorer.ooni.org/m/20260410112239.902241_KR_webconnectivity_4553b7b1491aa5a7
http://www.lesbiansubmission.com/,dns,https://explorer.ooni.org/m/20260410112242.028122_KR_webconnectivity_ccbd106fb1c0fa1b
http://www.lineage.co.kr/,dns,https://explorer.ooni.org/m/20260410112247.110001_KR_webconnectivity_f6c6e5d3328a9567
http://www.marijuanatravels.com/,dns,https://explorer.ooni.org/m/20260410112303.619444_KR_webconnectivity_0f9a03557ef1b4fb
https://www.lovoo.com/,dns,https://explorer.ooni.org/m/20260410112247.904026_KR_webconnectivity_7ab78ed6881b2a78
http://www.mgame.com/,dns,https://explorer.ooni.org/m/20260410112305.517551_KR_webconnectivity_0c6049002ac455d9
http://www.moderndrunkardmagazine.com/,ok,https://explorer.ooni.org/m/20260410112322.907357_KR_webconnectivity_3058bec619565a55
http://www.monacogoldcasino.com/,dns,https://explorer.ooni.org/m/20260410112323.826163_KR_webconnectivity_670be4d2c3fbda63
http://www.mrchewsasianbeaver.com/,dns,https://explorer.ooni.org/m/20260410112327.198132_KR_webconnectivity_80ddf1ac66082de4
http://www.neonjoint.com/,dns,https://explorer.ooni.org/m/20260410112328.259002_KR_webconnectivity_33b915f54efe9c16
https://www.onlinegambling.com/,dns,https://explorer.ooni.org/m/20260410112330.269974_KR_webconnectivity_5d5f62ce1921f817
http://www.originalelf.com/,error,https://explorer.ooni.org/m/20260410112335.048787_KR_webconnectivity_e43d95f960cf7a5e
https://www.partypoker.net/,dns,https://explorer.ooni.org/m/20260410112335.896524_KR_webconnectivity_ae6c805c9cc6a6c3
https://www.playboy.com/,dns,https://explorer.ooni.org/m/20260410112337.320188_KR_webconnectivity_49306a88cbc44e0a
https://www.pmi.com/,ok,https://explorer.ooni.org/m/20260410112341.365058_KR_webconnectivity_89a8778be59dcb3b
http://www.pokerstars.com/,dns,https://explorer.ooni.org/m/20260410112343.293121_KR_webconnectivity_4f666b7f612d77a9
http://www.ranking.co.kr/,dns,https://explorer.ooni.org/m/20260410112346.900634_KR_webconnectivity_515f15fafb41eb3a
http://www.realbeer.com/,ok,https://explorer.ooni.org/m/20260410112350.046249_KR_webconnectivity_312066b7286e21fb
http://www.ricefever.com/,dns,https://explorer.ooni.org/m/20260410112351.752571_KR_webconnectivity_04775c7f5db09825
http://www.riverbelle.com/,dns,https://explorer.ooni.org/m/20260410112353.668886_KR_webconnectivity_7b64366d73192443
http://www.rxmarijuana.com/,dns,https://explorer.ooni.org/m/20260410112354.889336_KR_webconnectivity_aaceba07569d4936
http://www.satp.org/,ok,https://explorer.ooni.org/m/20260410112401.022304_KR_webconnectivity_78c596e745aeecef
https://www.shroomery.org/,dns,https://explorer.ooni.org/m/20260410112402.980297_KR_webconnectivity_a431b4a29a1ca687
http://www.slotland.com/,dns,https://explorer.ooni.org/m/20260410112404.211986_KR_webconnectivity_7950c4a33fa263f4
http://www.soramall.kr/,dns,https://explorer.ooni.org/m/20260410112420.246145_KR_webconnectivity_ce97a9899f07feff
https://www.spark.com/,dns,https://explorer.ooni.org/m/20260410112421.020610_KR_webconnectivity_11ae05bba1c9f873
http://www.speeddater.co.uk/,ok,https://explorer.ooni.org/m/20260410112425.167122_KR_webconnectivity_2e612fe338fb920d
http://www.taima.org/,dns,https://explorer.ooni.org/m/20260410112428.013705_KR_webconnectivity_1da109ebb74a7391
http://www.vanguardnewsnetwork.com/,ok,https://explorer.ooni.org/m/20260410112431.119683_KR_webconnectivity_7fc308fcde44c740
https://www.victoriassecret.com/,dns,https://explorer.ooni.org/m/20260410112432.350338_KR_webconnectivity_1c6e4db967ccef19
http://www.wegames.net/,dns,https://explorer.ooni.org/m/20260410112435.134337_KR_webconnectivity_b346f2e6be918b0d
http://www.winespectator.com/,ok,https://explorer.ooni.org/m/20260410112437.836947_KR_webconnectivity_601560fee8a82fef
https://www.xnxx.com/,dns,https://explorer.ooni.org/m/20260410112438.906374_KR_webconnectivity_7697426cc799c106
http://www.xvideos.com/,dns,https://explorer.ooni.org/m/20260410112450.207350_KR_webconnectivity_0f6f78ec45cab501
https://www.xvideos.com/,dns,https://explorer.ooni.org/m/20260410112454.186132_KR_webconnectivity_99dbc7664f5b4a36
https://xhamster.com/,dns,https://explorer.ooni.org/m/20260410112456.431935_KR_webconnectivity_cf1c2202bd0e422f
http://ywoos.com/,dns,https://explorer.ooni.org/m/20260410112512.139238_KR_webconnectivity_d8ba606134d47e93
https://bsky.app/,ok,https://explorer.ooni.org/m/20260410112514.325941_KR_webconnectivity_f12a47fcd57c21ef
https://clubhouse.pubnub.com/,ok,https://explorer.ooni.org/m/20260410112516.574747_KR_webconnectivity_585ba9e6fc4c0c47
https://external.xx.fbcdn.net/robots.txt,ok,https://explorer.ooni.org/m/20260410112518.361104_KR_webconnectivity_5ac160ec5e64478c
https://gettr.com/,ok,https://explorer.ooni.org/m/20260410112521.289350_KR_webconnectivity_efd53614223e9a0f
https://i.instagram.com/robots.txt,ok,https://explorer.ooni.org/m/20260410112523.438871_KR_webconnectivity_d19d3414d1f4494c
https://mastodon.social/,ok,https://explorer.ooni.org/m/20260410112525.588743_KR_webconnectivity_a89a1e3f45649725
https://pbs.twimg.com/profile_images/941658150889054208/lFeD3554_200x200.jpg,ok,https://explorer.ooni.org/m/20260410112527.434040_KR_webconnectivity_fd43c1253f0df587
https://preview.redd.it/robots.txt,ok,https://explorer.ooni.org/m/20260410112528.967366_KR_webconnectivity_5afac3825abc8546
https://scontent.xx.fbcdn.net/robots.txt,ok,https://explorer.ooni.org/m/20260410112530.783357_KR_webconnectivity_8ba32c94a7d46284
https://static.cdninstagram.com/robots.txt,ok,https://explorer.ooni.org/m/20260410112532.805245_KR_webconnectivity_9ba7daf90e3aea79
https://staticxx.facebook.com/robots.txt,ok,https://explorer.ooni.org/m/20260410112534.700916_KR_webconnectivity_d6fcb361000bb709
https://valence.community/,ok,https://explorer.ooni.org/m/20260410112536.796780_KR_webconnectivity_db239a4ed4078532
https://web.facebook.com/robots.txt,ok,https://explorer.ooni.org/m/20260410112538.959005_KR_webconnectivity_542c58c79be2be37
https://www.clubhouse.com/,ok,https://explorer.ooni.org/m/20260410112541.151028_KR_webconnectivity_a27be4a4fb9a0fa6
https://www.imqq.com/,ok,https://explorer.ooni.org/m/20260410112542.995645_KR_webconnectivity_4dd25d72157f972f
https://www.worldpulse.com/,ok,https://explorer.ooni.org/m/20260410112544.480239_KR_webconnectivity_3e51b7f72026337e
https://afterellen.com/,ok,https://explorer.ooni.org/m/20260410112546.016602_KR_webconnectivity_afee5b47de1ebdf5
https://allout.org/,dns,https://explorer.ooni.org/m/20260410112548.243467_KR_webconnectivity_edbc6384c6f114be
https://api.protonvpn.ch/tests/ping,dns,https://explorer.ooni.org/m/20260410112549.071377_KR_webconnectivity_354c0b481f839e7d
http://beyondexgay.com/,http-diff,https://explorer.ooni.org/m/20260410112550.824396_KR_webconnectivity_237c82826e06f378
https://bi.org/,dns,https://explorer.ooni.org/m/20260410112552.027897_KR_webconnectivity_bd93c68f80eecefe
https://censorship.no/,dns,https://explorer.ooni.org/m/20260410112552.897398_KR_webconnectivity_f04f39c436bee2e4
http://comingout.narun.net/,ok,https://explorer.ooni.org/m/20260410112554.310011_KR_webconnectivity_16a10e2a28fcded8
https://creativecommons.org/,dns,https://explorer.ooni.org/m/20260410112555.133759_KR_webconnectivity_fa44efe0fa679f50
https://dartcenter.org/,ok,https://explorer.ooni.org/m/20260410112556.817359_KR_webconnectivity_3a600f7ee92abc56
https://explorer.ooni.org/,ok,https://explorer.ooni.org/m/20260410112558.719380_KR_webconnectivity_2bcfef3c086e650a
https://freesocks.org/,dns,https://explorer.ooni.org/m/20260410112559.461462_KR_webconnectivity_2f34c47a2e7d364e
http://gaytoday.com/,dns,https://explorer.ooni.org/m/20260410112601.709740_KR_webconnectivity_1aa891f18888048a
https://getintra.org/,ok,https://explorer.ooni.org/m/20260410112603.535008_KR_webconnectivity_b7cf05f408bbc358
https://lantern.io/,dns,https://explorer.ooni.org/m/20260410112604.332869_KR_webconnectivity_d4a33727d614f1a3
https://mask-h2.icloud.com/,error,https://explorer.ooni.org/m/20260410112606.035111_KR_webconnectivity_07b22626efb5d6d1
https://multiproxy.org/,dns,https://explorer.ooni.org/m/20260410112607.411218_KR_webconnectivity_c9064250385106f0
http://nkhumanrights.or.kr/,ok,https://explorer.ooni.org/m/20260410112610.501507_KR_webconnectivity_4a5d16a112942e29
http://nocensor.org/,ok,https://explorer.ooni.org/m/20260410112616.120904_KR_webconnectivity_626100aa2371119c
https://nordvpn.com/,ok,https://explorer.ooni.org/m/20260410112617.503345_KR_webconnectivity_cb222b8e2a5216db
https://ooni.org/,ok,https://explorer.ooni.org/m/20260410112618.730256_KR_webconnectivity_d3df8d7ed0bb5e35
https://securevpn.com/,dns,https://explorer.ooni.org/m/20260410112620.133550_KR_webconnectivity_946cf984c6ebfc9f
https://thunder.free-signal.com/,dns,https://explorer.ooni.org/m/20260410112620.991840_KR_webconnectivity_b874b5c8c3c9c6b6
https://ultravpn.com/,dns,https://explorer.ooni.org/m/20260410112622.024787_KR_webconnectivity_137238deb23bc7b9
https://unredacted.org/,ok,https://explorer.ooni.org/m/20260410112623.492198_KR_webconnectivity_0d4727156f59dda1
http://www.anonymizer.ru/,dns,https://explorer.ooni.org/m/20260410112624.461382_KR_webconnectivity_a5dd9c688386dbf5
https://www.betternet.co/,dns,https://explorer.ooni.org/m/20260410112625.399789_KR_webconnectivity_354fa832f3094c13
https://www.cato.org/,ok,https://explorer.ooni.org/m/20260410112626.657451_KR_webconnectivity_abfd166f7fdaa907
http://www.cawinfo.org/,ok,https://explorer.ooni.org/m/20260410112703.907617_KR_webconnectivity_fd32a770d503abb0
https://www.economist.com/,ok,https://explorer.ooni.org/m/20260410112704.945289_KR_webconnectivity_59d381d8518f49e4
https://www.freespeechcoalition.com/,dns,https://explorer.ooni.org/m/20260410112705.829477_KR_webconnectivity_f2db6c3ff6e6b7e0
https://www.hidemyass.com/,dns,https://explorer.ooni.org/m/20260410112706.889480_KR_webconnectivity_ee98ef6814da440c
http://www.http-tunnel.com/,dns,https://explorer.ooni.org/m/20260410112707.892227_KR_webconnectivity_eb71d4f120fed1e3
https://www.hyphanet.org/,dns,https://explorer.ooni.org/m/20260410112708.688003_KR_webconnectivity_4dd21e42066bd558
https://www.icj.org/,dns,https://explorer.ooni.org/m/20260410112709.686549_KR_webconnectivity_5c6d8fe615eae65b
http://www.ifge.org/,dns,https://explorer.ooni.org/m/20260410112711.194164_KR_webconnectivity_5edd191752cd9d90
https://www.ipvanish.com/,dns,https://explorer.ooni.org/m/20260410112711.975241_KR_webconnectivity_4c8b669f6bd78fbb
https://www.ivpn.net/,dns,https://explorer.ooni.org/m/20260410112713.272040_KR_webconnectivity_02b6c22eed52c252
https://www.jihadwatch.org/,ok,https://explorer.ooni.org/m/20260410112714.540442_KR_webconnectivity_99709652b2091a18
http://www.korea-htr.com/chuo/,confirmed,https://explorer.ooni.org/m/20260410112715.541878_KR_webconnectivity_7448c5875abb781d
https://www.megaproxy.com/,dns,https://explorer.ooni.org/m/20260410112716.657578_KR_webconnectivity_774fa8b8b87cf34e
http://www.mfasia.org/,ok,https://explorer.ooni.org/m/20260410112729.602114_KR_webconnectivity_be9bc08ec6b8455e
http://www.mizzima.com/,ok,https://explorer.ooni.org/m/20260410112730.879554_KR_webconnectivity_890b3deff3e10b2b
http://www.newsweekasia.com/,ok,https://explorer.ooni.org/m/20260410112748.593300_KR_webconnectivity_78949a00630ff1ad
https://www.nifty.org/,dns,https://explorer.ooni.org/m/20260410112749.803965_KR_webconnectivity_5f461fbbd72c8c69
https://www.ohchr.org/,ok,https://explorer.ooni.org/m/20260410112751.610154_KR_webconnectivity_df64d64bc93f8a5f
https://www.pinkcupid.com/,dns,https://explorer.ooni.org/m/20260410112752.763222_KR_webconnectivity_731de4170326d5fe
https://www.privateinternetaccess.com/,dns,https://explorer.ooni.org/m/20260410112754.500717_KR_webconnectivity_c930875912322291
http://www.seapabkk.org/,dns,https://explorer.ooni.org/m/20260410112758.403419_KR_webconnectivity_9a47fd6cafa0f039
http://www.sp.or.kr/,dns,https://explorer.ooni.org/m/20260410112800.615549_KR_webconnectivity_17ef77320db6f411
http://www.taipeitimes.com/,ok,https://explorer.ooni.org/m/20260410112805.348988_KR_webconnectivity_cf9d58e191c52d97
https://www.teafund.org/,dns,https://explorer.ooni.org/m/20260410112807.531695_KR_webconnectivity_ec7e05780106e77b
https://www.torproject.org/,dns,https://explorer.ooni.org/m/20260410112808.720965_KR_webconnectivity_ab4be78c49326ebc
http://www.towleroad.com/,dns,https://explorer.ooni.org/m/20260410112810.267323_KR_webconnectivity_c0441b5b4b1c3c0b
https://www.unhcr.org/,ok,https://explorer.ooni.org/m/20260410112811.488384_KR_webconnectivity_a905b1b74939e862
http://www.zdnetasia.com/,ok,https://explorer.ooni.org/m/20260410112817.154375_KR_webconnectivity_a7ae071cde8898d1
"http://www.zdnetasia.com/downloads/pc/swinfo/0,39043052,39222404s,00.htm",ok,https://explorer.ooni.org/m/20260410112822.238805_KR_webconnectivity_34bcf7f73a5c923e
https://cocaine.org/,dns,https://explorer.ooni.org/m/20260410112823.840555_KR_webconnectivity_c6486dcc1ace7e98
https://zenvpn.net/,dns,https://explorer.ooni.org/m/20260410112823.030818_KR_webconnectivity_b28a2ff39b53e2f6
https://coronavirus.app/,dns,https://explorer.ooni.org/m/20260410112824.923681_KR_webconnectivity_12aa9c39ceb88c63
https://deepseek.ai/,dns,https://explorer.ooni.org/m/20260410112825.639258_KR_webconnectivity_88766d3214823c27
https://dweb.link/,dns,https://explorer.ooni.org/m/20260410112826.456563_KR_webconnectivity_ac1167b00c2f16f3
http://h50030.www5.hp.com/,ok,https://explorer.ooni.org/m/20260410112827.295486_KR_webconnectivity_07c09fbc6dd36323
https://ipfs.io/,dns,https://explorer.ooni.org/m/20260410112828.118391_KR_webconnectivity_33183c1841c7780b
https://kick.com/,dns,https://explorer.ooni.org/m/20260410112828.944782_KR_webconnectivity_1e896c568fcaeb66
https://pps.whatsapp.net/robots.txt,ok,https://explorer.ooni.org/m/20260410112830.818051_KR_webconnectivity_8df52935b727ff92
https://support.therapytribe.com/hivaids-support-group/,ok,https://explorer.ooni.org/m/20260410112832.071221_KR_webconnectivity_92583e62fa2140ac
http://tvpot.media.daum.net/,ok,https://explorer.ooni.org/m/20260410112834.198570_KR_webconnectivity_bb56649aa3b47c6d
https://tse1.explicit.bing.net/robots.txt,dns,https://explorer.ooni.org/m/20260410112832.935953_KR_webconnectivity_d0463f3d106e94b7
https://www.bittorrent.com/,dns,https://explorer.ooni.org/m/20260410112840.085178_KR_webconnectivity_a8117fc4a08724f7
https://www.ectaco.com/,dns,https://explorer.ooni.org/m/20260410112841.197522_KR_webconnectivity_690375714090890b
http://www.photobucket.com/,dns,https://explorer.ooni.org/m/20260410112842.018538_KR_webconnectivity_4db1f373a9a7911c
https://www.sendspace.com/,dns,https://explorer.ooni.org/m/20260410112847.043890_KR_webconnectivity_68dc5b577658fcad
https://www.tumblr.com/,dns,https://explorer.ooni.org/m/20260410112848.061507_KR_webconnectivity_157b583b1e2719a2
http://www.veoh.com/,ok,https://explorer.ooni.org/m/20260410112849.105187_KR_webconnectivity_127e6166908032ce
https://ya.ru/,dns,https://explorer.ooni.org/m/20260410112850.194671_KR_webconnectivity_5347a532ee631fa5
https://assets.gitlab-static.net/robots.txt,ok,https://explorer.ooni.org/m/20260410112851.008953_KR_webconnectivity_3c3e83a56db19573
https://gitlab.com/,dns,https://explorer.ooni.org/m/20260410112852.061489_KR_webconnectivity_0fa755d000b3739d
http://www.pandora.tv/,ok,https://explorer.ooni.org/m/20260410112853.713293_KR_webconnectivity_6660218af47925b2
https://t.co/,dns,https://explorer.ooni.org/m/20260410112852.852114_KR_webconnectivity_8577f7ff1aba6dbd
http://bitsnoop.com/,dns,https://explorer.ooni.org/m/20260410112858.514572_KR_webconnectivity_a46fbdb6b0477392
https://sci-hub.se/,dns,https://explorer.ooni.org/m/20260410112859.254069_KR_webconnectivity_8ebb1dc73a7fb0ad
http://software.naver.com/,dns,https://explorer.ooni.org/m/20260410112904.168528_KR_webconnectivity_b51e15e437f10bae
https://theonion.com/,dns,https://explorer.ooni.org/m/20260410112904.980736_KR_webconnectivity_7ef6398d7d1fa068
http://torrent82.com/,ok,https://explorer.ooni.org/m/20260410112906.030335_KR_webconnectivity_38a4fa110c535a9e
http://adb.org/,ok,https://explorer.ooni.org/m/20260410112913.942160_KR_webconnectivity_1fdf5e8a328183aa
https://www.rollingstone.com/,dns,https://explorer.ooni.org/m/20260410112906.787303_KR_webconnectivity_3f166845096e5208
https://alignpay.com/,dns,https://explorer.ooni.org/m/20260410112929.863145_KR_webconnectivity_4ff0c4d49bdaf4ac
https://api.revenuecat.com/,ok,https://explorer.ooni.org/m/20260410112935.057999_KR_webconnectivity_c513b82697bbab69
https://apis.google.com/robots.txt,ok,https://explorer.ooni.org/m/20260410112940.585651_KR_webconnectivity_8a28ada9051b4d86
http://archive.ubuntu.com/,ok,https://explorer.ooni.org/m/20260410112946.910617_KR_webconnectivity_e73987a94b79ad69
https://astalavista.box.sk/,dns,https://explorer.ooni.org/m/20260410112948.112965_KR_webconnectivity_be5973c3c3b222cc
https://attrition.org/,ok,https://explorer.ooni.org/m/20260410112951.720679_KR_webconnectivity_21a34a97a94ae609
https://beacondb.net/,ok,https://explorer.ooni.org/m/20260410112954.661859_KR_webconnectivity_84d2f48a660f6dc9
https://bitcoin.org/,dns,https://explorer.ooni.org/m/20260410112955.819093_KR_webconnectivity_2c1bdd2e2999798d
https://bitcoin.sipa.be/,dns,https://explorer.ooni.org/m/20260410112956.877121_KR_webconnectivity_d251543d463c0ef4
https://blockdx.co/,error,https://explorer.ooni.org/m/20260410112958.930319_KR_webconnectivity_f1dbcd1468c495fa
https://blog.counter-strike.net/,dns,https://explorer.ooni.org/m/20260410112959.658410_KR_webconnectivity_703eee5da414327a
https://blog.mozilla.org/,ok,https://explorer.ooni.org/m/20260410113003.340449_KR_webconnectivity_661f0c32784f3dd9
https://brave.com/,ok,https://explorer.ooni.org/m/20260410113006.522225_KR_webconnectivity_d7502ed77904f068
https://bughunters.google.com/,ok,https://explorer.ooni.org/m/20260410113009.051215_KR_webconnectivity_cc7643460eb8d7dc
https://cdnjs.com/,ok,https://explorer.ooni.org/m/20260410113011.532506_KR_webconnectivity_3025a4291b8c1ce4
https://clients5.google.com/robots.txt,ok,https://explorer.ooni.org/m/20260410113013.891604_KR_webconnectivity_e048f658e53881e5
https://coinmarketcap.com/,dns,https://explorer.ooni.org/m/20260410113014.651619_KR_webconnectivity_9b39e850a7f9eba3
https://company.wizards.com/,dns,https://explorer.ooni.org/m/20260410113015.577231_KR_webconnectivity_abec03b93fae0b72
http://connect.rom.miui.com/generate_204,ok,https://explorer.ooni.org/m/20260410113017.475426_KR_webconnectivity_b20957fdb29ba663
http://connectivitycheck.gstatic.com/generate_204,ok,https://explorer.ooni.org/m/20260410113019.045536_KR_webconnectivity_06444624f1da804b
https://cultdeadcow.com/,dns,https://explorer.ooni.org/m/20260410113020.235296_KR_webconnectivity_adfa77399f2285be
https://dashjr.org/,dns,https://explorer.ooni.org/m/20260410113021.442098_KR_webconnectivity_1bbabf13eda0febe
https://defcon.org/,ok,https://explorer.ooni.org/m/20260410113026.650064_KR_webconnectivity_a73dd8eb65ff2a04
http://detectportal.firefox.com/success.txt,ok,https://explorer.ooni.org/m/20260410113027.459519_KR_webconnectivity_291a6a0a976fe043
https://dnsleaktest.com/,dns,https://explorer.ooni.org/m/20260410113028.726840_KR_webconnectivity_2932cedd647f0492
https://dnsviz.net/,ok,https://explorer.ooni.org/m/20260410113031.277981_KR_webconnectivity_beb2169e4a9bc135
https://doubleclick.net/,ok,https://explorer.ooni.org/m/20260410113035.269095_KR_webconnectivity_0aa176151a8774ce
https://earth.google.com/web/,ok,https://explorer.ooni.org/m/20260410113037.634535_KR_webconnectivity_b65f03a917f39085
https://en.miui.com/,ok,https://explorer.ooni.org/m/20260410113043.254061_KR_webconnectivity_abc0d2bffadcc41c
https://epicgames.com/,dns,https://explorer.ooni.org/m/20260410113044.326959_KR_webconnectivity_4703194d92771d04
https://etherscan.io/,dns,https://explorer.ooni.org/m/20260410113045.094908_KR_webconnectivity_6d96353532ae186f
https://fedoramagazine.org/,ok,https://explorer.ooni.org/m/20260410113049.226099_KR_webconnectivity_f3ee7646f49a34b8
https://giganews.com/,dns,https://explorer.ooni.org/m/20260410113051.082056_KR_webconnectivity_74c6581707712677
http://gmarket.co.kr/,ok,https://explorer.ooni.org/m/20260410113053.371674_KR_webconnectivity_0f9d9d5571b0444e
https://hodlhodl.com/,ok,https://explorer.ooni.org/m/20260410113056.971608_KR_webconnectivity_8c101c7fe213abe3
https://insecure.org/,ok,https://explorer.ooni.org/m/20260410113101.383503_KR_webconnectivity_5070ba7f16a87e16
https://kh.google.com/rt/earth/PlanetoidMetadata,ok,https://explorer.ooni.org/m/20260410113104.018411_KR_webconnectivity_86c6b850360a53e1
https://khms0.google.com/kh/v=908?x=81&y=103&z=8,ok,https://explorer.ooni.org/m/20260410113106.421664_KR_webconnectivity_cc2a874613b6b366
https://khms1.google.com/kh/v=908?x=327&y=414&z=10,ok,https://explorer.ooni.org/m/20260410113108.820406_KR_webconnectivity_7d35bc54257103d7
http://knic.com.kp/,dns,https://explorer.ooni.org/m/20260410113114.192013_KR_webconnectivity_87d6e6752903b917
https://krunker.io/,dns,https://explorer.ooni.org/m/20260410113115.330648_KR_webconnectivity_6a7fbaa768ea180b
https://localmonero.co/,ok,https://explorer.ooni.org/m/20260410113119.500916_KR_webconnectivity_c11dc532a9a3a26a
https://maps.gstatic.com/tactile/basepage/grid-image.png,ok,https://explorer.ooni.org/m/20260410113121.518870_KR_webconnectivity_b57d3bffcc6b41e5
https://metasploit.com/,ok,https://explorer.ooni.org/m/20260410113125.218087_KR_webconnectivity_b87699b541de5129
https://moodle.org/,ok,https://explorer.ooni.org/m/20260410113128.611009_KR_webconnectivity_80ba0d30c38d4921
https://nemtudo.me/,dns,https://explorer.ooni.org/m/20260410113129.477507_KR_webconnectivity_c0003b83497f85f2
https://nmap.org/,ok,https://explorer.ooni.org/m/20260410113133.207859_KR_webconnectivity_187a91ad95598502
http://opportunity.org/,ok,https://explorer.ooni.org/m/20260410113135.666156_KR_webconnectivity_bb338e22e8c679d4
https://packetstormsecurity.com/,ok,https://explorer.ooni.org/m/20260410113139.453213_KR_webconnectivity_bde0bb847c0f75de
http://ping.archlinux.org/,ok,https://explorer.ooni.org/m/20260410113141.319339_KR_webconnectivity_97ff0a2a37fe25ad
https://plan-uk.org/,ok,https://explorer.ooni.org/m/20260410113145.199818_KR_webconnectivity_dfd318ad8bf0bb4c
https://poki.com/,dns,https://explorer.ooni.org/m/20260410113146.126510_KR_webconnectivity_cbc91f2a6b2c5220
https://root-key-sentinel-is-ta-20326.d2a8n3.rootcanary.net/,ok,https://explorer.ooni.org/m/20260410113149.844799_KR_webconnectivity_79ac80cc079fa0b6
https://root-key-sentinel-is-ta-38696.d2a8n3.rootcanary.net/,ok,https://explorer.ooni.org/m/20260410113153.525572_KR_webconnectivity_df81096775ecb9a5
https://root-key-sentinel-not-ta-20326.d2a8n3.rootcanary.net/,ok,https://explorer.ooni.org/m/20260410113156.944125_KR_webconnectivity_85c22969377c6ea7
https://root-key-sentinel-not-ta-38696.d2a8n3.rootcanary.net/,ok,https://explorer.ooni.org/m/20260410113200.563557_KR_webconnectivity_7fc57c6fb549da6a
https://s3.amazonaws.com/ooni-data/archives-raw/yaml_tar_vault.json,ok,https://explorer.ooni.org/m/20260410113206.041179_KR_webconnectivity_ae7d7481e4e68919
https://seclists.org/,ok,https://explorer.ooni.org/m/20260410113211.107390_KR_webconnectivity_8d7ccc144b536bac
https://sourceforge.net/projects/loic/,ok,https://explorer.ooni.org/m/20260410113213.868616_KR_webconnectivity_80ca118b2d541db8
http://start.ubuntu.com/connectivity-check.html,ok,https://explorer.ooni.org/m/20260410113215.926419_KR_webconnectivity_1e3a18e41efa2f0b
https://store.steampowered.com/,dns,https://explorer.ooni.org/m/20260410113216.947355_KR_webconnectivity_30d3d8849199a129
https://swift.org/,ok,https://explorer.ooni.org/m/20260410113218.776491_KR_webconnectivity_f3a6a64b4c234c8c
https://thehackernews.com/,ok,https://explorer.ooni.org/m/20260410113221.251709_KR_webconnectivity_6219662defc6bc75
https://tigerweb.ru/,ok,https://explorer.ooni.org/m/20260410113227.080356_KR_webconnectivity_f86a6921aca10266
https://toolbox.googleapps.com/,ok,https://explorer.ooni.org/m/20260410113230.905750_KR_webconnectivity_573120eb0f074ac6
https://totaljerkface.com/,dns,https://explorer.ooni.org/m/20260410113233.148299_KR_webconnectivity_8ca36fa8e76f4364
https://trisquel.info/,ok,https://explorer.ooni.org/m/20260410113238.947415_KR_webconnectivity_fde5df9e06a76de3
https://use-application-dns.net/,ok,https://explorer.ooni.org/m/20260410113242.024802_KR_webconnectivity_0548afca6540ad1f
https://wasabiwallet.io/,ok,https://explorer.ooni.org/m/20260410113246.560718_KR_webconnectivity_a4c0da6ea0a7e09e
https://wkkf.org/,ok,https://explorer.ooni.org/m/20260410113249.804402_KR_webconnectivity_e2f1dac300e1b674
https://worldofwarcraft.com/,dns,https://explorer.ooni.org/m/20260410113251.200032_KR_webconnectivity_70907b8f33546854
http://www.11st.co.kr/,ok,https://explorer.ooni.org/m/20260410113253.024240_KR_webconnectivity_84a1ff663faaaccc
https://www.2600.com/,dns,https://explorer.ooni.org/m/20260410113256.741411_KR_webconnectivity_23857c1c23fccfb7
https://www.airbnb.co.kr/,ok,https://explorer.ooni.org/m/20260410113300.780356_KR_webconnectivity_52eb696f92f190fa
https://www.akdn.org/,ok,https://explorer.ooni.org/m/20260410113305.949926_KR_webconnectivity_2ac2e3356dca99eb
https://www.amazon.com/,ok,https://explorer.ooni.org/m/20260410113307.337348_KR_webconnectivity_ac5284014f8025f6
http://www.apple.com/library/test/success.html,ok,https://explorer.ooni.org/m/20260410113308.739400_KR_webconnectivity_1be5583be24eb592
https://www.apple.com/,ok,https://explorer.ooni.org/m/20260410113311.531216_KR_webconnectivity_ba6ad6f0d23d65df
https://www.babbel.com/,ok,https://explorer.ooni.org/m/20260410113314.394779_KR_webconnectivity_7d58423c3846dabc
http://www.barnesandnoble.com/,error,https://explorer.ooni.org/m/20260410113414.733501_KR_webconnectivity_c5fd51e4694c7372
http://www.blackhat.be/,dns,https://explorer.ooni.org/m/20260410113416.758626_KR_webconnectivity_fd139c47057394b6
https://www.blizzard.com/,dns,https://explorer.ooni.org/m/20260410113417.664527_KR_webconnectivity_b8b81ac8673cfd86
http://www.bobaedream.co.kr/,ok,https://explorer.ooni.org/m/20260410113422.174479_KR_webconnectivity_2eb503ce96e55c47
https://www.care.org/,ok,https://explorer.ooni.org/m/20260410113427.048326_KR_webconnectivity_45aa5e454aa6a86b
https://www.ccc.de/,ok,https://explorer.ooni.org/m/20260410113429.913028_KR_webconnectivity_f22979fba0957d67
http://www.ccej.or.kr/,ok,https://explorer.ooni.org/m/20260410113435.090325_KR_webconnectivity_29a7279a7b3430d6
https://www.chess.com/,dns,https://explorer.ooni.org/m/20260410113435.855112_KR_webconnectivity_2ee96685c7da4dd9
https://www.coinex.com/,dns,https://explorer.ooni.org/m/20260410113437.259440_KR_webconnectivity_843ddddd64155ede
https://www.common-fund.org/,ok,https://explorer.ooni.org/m/20260410113441.330019_KR_webconnectivity_c7449b6e25c5eb4f
https://www.concern.net/,ok,https://explorer.ooni.org/m/20260410113443.375751_KR_webconnectivity_d0b9c0c75b1fd033
https://www.craigslist.org/,dns,https://explorer.ooni.org/m/20260410113446.313057_KR_webconnectivity_1add59e7be729878
http://www.cyber-pirates.org/,ok,https://explorer.ooni.org/m/20260410113500.534387_KR_webconnectivity_5f31f0a31a0ab7ad
https://www.darknet.org.uk/,dns,https://explorer.ooni.org/m/20260410113502.206865_KR_webconnectivity_d99be9ca9c2616f8
https://www.ddo.com/,dns,https://explorer.ooni.org/m/20260410113504.576721_KR_webconnectivity_104a86e153c66919
https://www.ea.com/,dns,https://explorer.ooni.org/m/20260410113505.334734_KR_webconnectivity_48acf8a03778e37c
https://www.ebay.com/,ok,https://explorer.ooni.org/m/20260410113509.144232_KR_webconnectivity_7eaba231192ea974
https://www.eccouncil.org/,ok,https://explorer.ooni.org/m/20260410113512.977082_KR_webconnectivity_71bf630a47547766
https://www.episcopalrelief.org/,ok,https://explorer.ooni.org/m/20260410113515.585066_KR_webconnectivity_d00edd885159ceeb
https://www.eveonline.com/,dns,https://explorer.ooni.org/m/20260410113516.699856_KR_webconnectivity_9bc2f34c9625487c
https://www.exploit-db.com/,dns,https://explorer.ooni.org/m/20260410113518.112673_KR_webconnectivity_260e9255a37ac9b2
https://www.f-list.net/,dns,https://explorer.ooni.org/m/20260410113519.120227_KR_webconnectivity_451f96297bcf9c12
http://www.fki.or.kr/,ok,https://explorer.ooni.org/m/20260410113521.562204_KR_webconnectivity_31fee8f15095d758
https://www.g5.com/,dns,https://explorer.ooni.org/m/20260410113524.360520_KR_webconnectivity_dd4ab3f03da01c79
https://www.gazprombank.ru/,ok,https://explorer.ooni.org/m/20260410113529.763250_KR_webconnectivity_b4e74d44f2c0f1e1
https://www.genymotion.com/,ok,https://explorer.ooni.org/m/20260410113533.086711_KR_webconnectivity_dd6cc0a31cb4d531
https://www.globalgiving.org/,ok,https://explorer.ooni.org/m/20260410113534.973918_KR_webconnectivity_49fd1cde8beff399
https://www.gofundme.com/,ok,https://explorer.ooni.org/m/20260410113539.282862_KR_webconnectivity_e5ebe44eddcaf7b7
https://www.gog.com/,dns,https://explorer.ooni.org/m/20260410113540.117991_KR_webconnectivity_42c710490b5930e0
https://www.groupon.com/,ok,https://explorer.ooni.org/m/20260410113544.769124_KR_webconnectivity_1388a211b51c20e8
https://www.guildwars.com/,dns,https://explorer.ooni.org/m/20260410113545.847218_KR_webconnectivity_359600dbdc4e8c71
https://www.habbo.com/,dns,https://explorer.ooni.org/m/20260410113546.714254_KR_webconnectivity_6e6186a3ff1d68ac
http://www.hackhull.com/,dns,https://explorer.ooni.org/m/20260410113547.593575_KR_webconnectivity_1e470f0af28af8ea
http://www.hackinthebox.org/,tcp_ip,https://explorer.ooni.org/m/20260410113557.507764_KR_webconnectivity_8c60f7448eee1e90
http://www.hacktivismo.com/,dns,https://explorer.ooni.org/m/20260410113559.201672_KR_webconnectivity_c4a28fc00ffaedd2
https://www.helvetas.ch/,ok,https://explorer.ooni.org/m/20260410113610.569773_KR_webconnectivity_0f482700da2455b9
https://www.idrc.ca/,ok,https://explorer.ooni.org/m/20260410113617.477858_KR_webconnectivity_b5bcf17b065d5997
https://www.ifad.org/,ok,https://explorer.ooni.org/m/20260410113618.613968_KR_webconnectivity_d0540cecfb853bd7
https://www.ifc.org/,ok,https://explorer.ooni.org/m/20260410113621.988724_KR_webconnectivity_63211fa2c29eba68
https://www.international.gc.ca/,ok,https://explorer.ooni.org/m/20260410113627.056577_KR_webconnectivity_faa33adab9071d35
https://www.internetsociety.org/,ok,https://explorer.ooni.org/m/20260410113631.552989_KR_webconnectivity_2f4d149288370545
http://www.inven.co.kr/,dns,https://explorer.ooni.org/m/20260410113634.888926_KR_webconnectivity_e660aaad45232d73
https://www.kali.org/,ok,https://explorer.ooni.org/m/20260410113638.821176_KR_webconnectivity_fc4ab9a4b8b81a1b
https://www.kbs-frb.be/,ok,https://explorer.ooni.org/m/20260410113644.055268_KR_webconnectivity_cb21a82845b6dfb1
https://www.kraken.com/,dns,https://explorer.ooni.org/m/20260410113649.888681_KR_webconnectivity_58de2fe04df1c9ae
https://www.kucoin.com/,dns,https://explorer.ooni.org/m/20260410113651.601913_KR_webconnectivity_f43a0c624858b886
https://www.lastwar.com/,dns,https://explorer.ooni.org/m/20260410113652.358625_KR_webconnectivity_6e59587f0ef847cd
https://www.macfound.org/,ok,https://explorer.ooni.org/m/20260410113655.470884_KR_webconnectivity_ccc71ab53123207a
https://www.malwares.com/,ok,https://explorer.ooni.org/m/20260410113656.775813_KR_webconnectivity_097ffa321b6ca8ca
https://www.minecraft.net/,dns,https://explorer.ooni.org/m/20260410113657.671424_KR_webconnectivity_8c23fc566b5e5328
http://www.msftconnecttest.com/connecttest.txt,ok,https://explorer.ooni.org/m/20260410113659.255472_KR_webconnectivity_1a840e688ea310e3
http://www.msftncsi.com/ncsi.txt,ok,https://explorer.ooni.org/m/20260410113700.792494_KR_webconnectivity_6768fda6719fc31b
http://www.netmarble.net/,dns,https://explorer.ooni.org/m/20260410113703.434772_KR_webconnectivity_704418f50df4756b
http://www.nexon.com/,dns,https://explorer.ooni.org/m/20260410113704.708782_KR_webconnectivity_67be5f79cd97f2a3
http://www.nmrc.org/,dns,https://explorer.ooni.org/m/20260410113707.280486_KR_webconnectivity_be8ae3b81f3d071f
https://www.oxfam.org/,ok,https://explorer.ooni.org/m/20260410113712.166268_KR_webconnectivity_d83a5b1f3c082402
https://www.paralleleconomy.com/,ok,https://explorer.ooni.org/m/20260410113717.390810_KR_webconnectivity_7a027532ec184b9b
https://www.paypal.com/,ok,https://explorer.ooni.org/m/20260410113720.671931_KR_webconnectivity_dd3ec509be91da5e
https://www.playstation.com/,dns,https://explorer.ooni.org/m/20260410113721.498417_KR_webconnectivity_c289728bd2ccdaf5
https://www.pogo.com/,dns,https://explorer.ooni.org/m/20260410113722.502155_KR_webconnectivity_a704eafc655a5778
https://www.progressio.org.uk/,ok,https://explorer.ooni.org/m/20260410113725.591976_KR_webconnectivity_4e74067239646ea3
https://www.rbf.org/,ok,https://explorer.ooni.org/m/20260410113727.115968_KR_webconnectivity_6d0199e18990269e
https://www.roblox.com/,dns,https://explorer.ooni.org/m/20260410113728.438143_KR_webconnectivity_bdfe2c46f4606ed1
http://www.rockstargames.com/,dns,https://explorer.ooni.org/m/20260410113729.218144_KR_webconnectivity_cbed2734fcc5850c
http://www.runescape.com/,dns,https://explorer.ooni.org/m/20260410113731.545523_KR_webconnectivity_08172ba57bf6c75f
http://www.sida.se/,ok,https://explorer.ooni.org/m/20260410113738.278985_KR_webconnectivity_7e2e34707f5bfe56
http://www.square-enix.com/,dns,https://explorer.ooni.org/m/20260410113740.321287_KR_webconnectivity_5815fcb25b9806e1
https://www.thegeekdiary.com/,ok,https://explorer.ooni.org/m/20260410113741.203545_KR_webconnectivity_7c5aae633f442ca3
https://www.uber.com/,ok,https://explorer.ooni.org/m/20260410113745.248814_KR_webconnectivity_fb1af8cce0fd0258
https://www.ubisoft.com/,dns,https://explorer.ooni.org/m/20260410113746.477916_KR_webconnectivity_cc7661897a4c08e8
http://www.unlockme.co.uk/,ok,https://explorer.ooni.org/m/20260410113748.795082_KR_webconnectivity_95fe48c65a496f9b
https://www.usaid.gov/,ok,https://explorer.ooni.org/m/20260410113751.371496_KR_webconnectivity_3ecfffa72224e3a3
https://www.walmart.com/,ok,https://explorer.ooni.org/m/20260410113754.143375_KR_webconnectivity_bfeebfc9948ed350
https://www.weforum.org/,ok,https://explorer.ooni.org/m/20260410113756.825226_KR_webconnectivity_766a6b426a10dbd3
https://www.westernunion.com/,ok,https://explorer.ooni.org/m/20260410113801.224903_KR_webconnectivity_6782a00523252061
https://www.wmtransfer.com/,ok,https://explorer.ooni.org/m/20260410113841.091385_KR_webconnectivity_fe6e93ec17ae195e
https://www.worldbank.org/,ok,https://explorer.ooni.org/m/20260410113842.987073_KR_webconnectivity_9869fce8e6dd8c26
https://xe.com/,ok,https://explorer.ooni.org/m/20260410113847.867254_KR_webconnectivity_a425ca2f8ef372b7
http://zipbogo.net/,confirmed,https://explorer.ooni.org/m/20260410113849.969979_KR_webconnectivity_4e6152251898cfbe
https://i.pinimg.com/236x/78/6e/00/786e00eab219eca59803d118fbe0feb3.jpg,ok,https://explorer.ooni.org/m/20260410113851.837272_KR_webconnectivity_5035b1bc1401553e
https://joinmastodon.org/,ok,https://explorer.ooni.org/m/20260410113854.055586_KR_webconnectivity_3673f4fd56cb7899
https://locals.com/,ok,https://explorer.ooni.org/m/20260410113856.767750_KR_webconnectivity_207769f24e3f41b1
https://mastodon.cloud/,ok,https://explorer.ooni.org/m/20260410113859.678113_KR_webconnectivity_b60b3363a2c46eba
https://mstdn.io/,ok,https://explorer.ooni.org/m/20260410113902.440694_KR_webconnectivity_a3310e861ebc468f
https://mstdn.jp/,ok,https://explorer.ooni.org/m/20260410113904.898585_KR_webconnectivity_97b20b189686041d
https://pixelfed.social/,ok,https://explorer.ooni.org/m/20260410113906.637748_KR_webconnectivity_007fa9b500d948f7
https://s.pinimg.com/robots.txt,ok,https://explorer.ooni.org/m/20260410113908.275304_KR_webconnectivity_dbbb25d2e1bbba50
https://scontent-vie1-1.cdninstagram.com/favicon.ico,ok,https://explorer.ooni.org/m/20260410113911.488243_KR_webconnectivity_fdec011c52aec124
https://untappd.com/,ok,https://explorer.ooni.org/m/20260410113914.896903_KR_webconnectivity_766d69b9887e98ec
https://video.twimg.com/tweet_video/EC6DSXDXsAEhHAa.mp4,ok,https://explorer.ooni.org/m/20260410113917.340919_KR_webconnectivity_5c46ae097c829fee
https://www.hootsuite.com/,ok,https://explorer.ooni.org/m/20260410113918.931015_KR_webconnectivity_034f4bdca88fae6a
https://www.linkedin.com/,ok,https://explorer.ooni.org/m/20260410113921.498134_KR_webconnectivity_b41ec7d1c680ebcb
https://www.minds.com/,ok,https://explorer.ooni.org/m/20260410113925.801864_KR_webconnectivity_080e59018b64741d
https://www.patreon.com/,ok,https://explorer.ooni.org/m/20260410113927.649837_KR_webconnectivity_e14ca6295a2da7f2
https://cdt.org/,ok,https://explorer.ooni.org/m/20260410113928.733195_KR_webconnectivity_539c9a131eaa3022
https://cryptome.org/,dns,https://explorer.ooni.org/m/20260410113930.392244_KR_webconnectivity_b1bcd9774c6abc90
http://freedom.jinbo.net/,ok,https://explorer.ooni.org/m/20260410113932.461705_KR_webconnectivity_3db46772a93c7891
https://getoutline.org/,ok,https://explorer.ooni.org/m/20260410113934.590885_KR_webconnectivity_0b532f6d54d02539
https://hola.org/,dns,https://explorer.ooni.org/m/20260410113936.253784_KR_webconnectivity_30de5d7db5d27564
http://hrnet.jinbo.net/,ok,https://explorer.ooni.org/m/20260410113938.277560_KR_webconnectivity_1904868b38766b66
https://iyfglobal.org/,ok,https://explorer.ooni.org/m/20260410113939.814041_KR_webconnectivity_cb986ae946a040dc
http://kscrc.org/,ok,https://explorer.ooni.org/m/20260410113941.980127_KR_webconnectivity_9e30317d60423239
https://lalgbtcenter.org/,ok,https://explorer.ooni.org/m/20260410113943.446125_KR_webconnectivity_c11e470a338c83d5
https://leap.se/,dns,https://explorer.ooni.org/m/20260410113945.054824_KR_webconnectivity_dd5390fe1103cedb
https://lgbtnewsnow.org/,http-failure,https://explorer.ooni.org/m/20260410113946.877709_KR_webconnectivity_58b3889dcc28351f
https://minorityrights.org/,ok,https://explorer.ooni.org/m/20260410113948.822379_KR_webconnectivity_56baadbc2dde34fc
http://nodongsarang.org/,ok,https://explorer.ooni.org/m/20260410113950.513709_KR_webconnectivity_60289b0871472bad
https://orbot.app/,ok,https://explorer.ooni.org/m/20260410113953.311454_KR_webconnectivity_3796034e73a3b95e
https://pflag.org/,dns,https://explorer.ooni.org/m/20260410113954.830143_KR_webconnectivity_29f75a63c050c867
https://riseup.net/,dns,https://explorer.ooni.org/m/20260410113956.741589_KR_webconnectivity_136fa0a5346579f9
http://slownews.kr/,ok,https://explorer.ooni.org/m/20260410113959.741723_KR_webconnectivity_e513e74bc0e94191
https://sputnikglobe.com/,dns,https://explorer.ooni.org/m/20260410114000.971444_KR_webconnectivity_9205af76b7b2f94b
https://tor.eff.org/,dns,https://explorer.ooni.org/m/20260410114003.291333_KR_webconnectivity_79b73ee787baf35b
https://transfemscience.org/,ok,https://explorer.ooni.org/m/20260410114005.257744_KR_webconnectivity_cd416906cb429531
https://triplebit.org/,dns,https://explorer.ooni.org/m/20260410114007.196595_KR_webconnectivity_0449c98e407ccaeb
https://womenhelp.org/,dns,https://explorer.ooni.org/m/20260410114008.814441_KR_webconnectivity_2180ef5475f6bfe0
https://www.404media.co/,ok,https://explorer.ooni.org/m/20260410114010.952966_KR_webconnectivity_847553ec8dbd1731
http://www.asiantribune.com/,dns,https://explorer.ooni.org/m/20260410114012.331798_KR_webconnectivity_6538828b268ca113
https://www.bnaibrith.org/,ok,https://explorer.ooni.org/m/20260410114013.860428_KR_webconnectivity_2f10159de4234af7
https://www.chinatimes.com/,ok,https://explorer.ooni.org/m/20260410114016.195095_KR_webconnectivity_fbddf53deab9462c
https://www.exgay.com/,ok,https://explorer.ooni.org/m/20260410114017.376458_KR_webconnectivity_4d809905b5693b70
http://www.fridae.com/,dns,https://explorer.ooni.org/m/20260410114018.647561_KR_webconnectivity_79b84079a13a631d
https://www.ft.com/,ok,https://explorer.ooni.org/m/20260410114020.635552_KR_webconnectivity_5a6db8022da5be67
http://www.glbtqarchive.com/,ok,https://explorer.ooni.org/m/20260410114023.763386_KR_webconnectivity_34ffedcffe697430
http://www.goodasyou.net/,dns,https://explorer.ooni.org/m/20260410114025.096806_KR_webconnectivity_228fb36dac0d2de0
http://www.ifex.org/,ok,https://explorer.ooni.org/m/20260410114026.507529_KR_webconnectivity_253e2a245f397c49
https://www.ineedana.com/,dns,https://explorer.ooni.org/m/20260410114028.492686_KR_webconnectivity_e61f9fd96d431175
https://www.infomigrants.net/,ok,https://explorer.ooni.org/m/20260410114030.502854_KR_webconnectivity_c8556a78c9aca2a2
http://www.inochong.org/,ok,https://explorer.ooni.org/m/20260410114033.135478_KR_webconnectivity_1956db42c223c7fb
http://www.kcna.kp/,dns,https://explorer.ooni.org/m/20260410114034.626434_KR_webconnectivity_a3718d99de225971
http://www.kqcf.org/,ok,https://explorer.ooni.org/m/20260410114036.310155_KR_webconnectivity_b92e3d48f1b91872
https://www.mombian.com/,ok,https://explorer.ooni.org/m/20260410114037.496001_KR_webconnectivity_84e24397d813da22
http://www.oneworld.net/,ok,https://explorer.ooni.org/m/20260410114046.136088_KR_webconnectivity_8cd6f6e8cd30774b
https://www.rescue.org/,ok,https://explorer.ooni.org/m/20260410114047.979912_KR_webconnectivity_575b98ffbb0161b7
https://www.rfi.fr/,ok,https://explorer.ooni.org/m/20260410114052.312025_KR_webconnectivity_8d26abd3ef12ab4e
http://www.snumaum.org/,ok,https://explorer.ooni.org/m/20260410114056.570052_KR_webconnectivity_0bd74ad0b354b9c5
https://www.telegraph.co.uk/,ok,https://explorer.ooni.org/m/20260410114058.798971_KR_webconnectivity_da38dcad073f08fd
http://www.upschool.net/xe/,ok,https://explorer.ooni.org/m/20260410114100.213585_KR_webconnectivity_1e268bbafcf3227d
http://www.vop.co.kr/,error,https://explorer.ooni.org/m/20260410114102.206671_KR_webconnectivity_7703a0fd1441686d
http://baykoreans.net/,dns,https://explorer.ooni.org/m/20260410114103.033194_KR_webconnectivity_f07ba67dd4a624a8
https://chika.aangat.lahat.computer/,dns,https://explorer.ooni.org/m/20260410114104.308989_KR_webconnectivity_9fb44b3031241241
http://cyworld.nate.com/club/clubsection/clubSection4_main.asp,ok,https://explorer.ooni.org/m/20260410114105.630466_KR_webconnectivity_e16467dad35ec1a5
http://dongyoungsang.com/,dns,https://explorer.ooni.org/m/20260410114106.697531_KR_webconnectivity_dfbe81f8a8f7cd19
https://mail.yandex.ru/,dns,https://explorer.ooni.org/m/20260410114107.798604_KR_webconnectivity_95dcfdf373b641ad
https://matrix-client.matrix.org/_matrix/client/versions,ok,https://explorer.ooni.org/m/20260410114109.207237_KR_webconnectivity_279fe0161493fc9d
https://openai.com/,ok,https://explorer.ooni.org/m/20260410114110.438480_KR_webconnectivity_33f9f327fa06a6dc
https://presearch.com/,ok,https://explorer.ooni.org/m/20260410114111.972047_KR_webconnectivity_5538f01d398d4bd5
https://st1.zoom.us/zoom.ico,ok,https://explorer.ooni.org/m/20260410114113.509883_KR_webconnectivity_5722e0346521e409
https://www.bitchute.com/,ok,https://explorer.ooni.org/m/20260410114115.151838_KR_webconnectivity_f24631e2a1f3f871
http://www.kissphoto.net/,ok,https://explorer.ooni.org/m/20260410114116.615860_KR_webconnectivity_196f61ffa9b7fac2
https://www.beintheknow.org/,dns,https://explorer.ooni.org/m/20260410114117.482240_KR_webconnectivity_05bbbb165768b6f5
http://www.scarleteen.com/,dns,https://explorer.ooni.org/m/20260410114119.021560_KR_webconnectivity_d4a7648683d740d6
http://416family.org/,ok,https://explorer.ooni.org/m/20260410114121.957691_KR_webconnectivity_27691184ef57d965
https://1337x.to/,dns,https://explorer.ooni.org/m/20260410114119.799194_KR_webconnectivity_1e9da3aa05f25a05
https://abortion-pills.org/,http-failure,https://explorer.ooni.org/m/20260410114123.582233_KR_webconnectivity_97953854bd80e001
https://annas-archive.org/,dns,https://explorer.ooni.org/m/20260410114124.289126_KR_webconnectivity_0077277149969cd3
http://canna.to/,dns,https://explorer.ooni.org/m/20260410114125.104601_KR_webconnectivity_1c7db9f7eb83b78f
https://defenddefenders.org/,ok,https://explorer.ooni.org/m/20260410114126.663334_KR_webconnectivity_8f08f6c6a9bbe921
https://equal-eyes.org/,ok,https://explorer.ooni.org/m/20260410114129.498412_KR_webconnectivity_106295e369d166c9
https://foreignpolicy.com/,ok,https://explorer.ooni.org/m/20260410114132.055674_KR_webconnectivity_fca5fbca96c97151
http://hcy.jinbo.net/,ok,https://explorer.ooni.org/m/20260410114134.811460_KR_webconnectivity_1bedf35bf8e24bee
https://forum.mhut.org/,dns,https://explorer.ooni.org/m/20260410114132.901740_KR_webconnectivity_af16091afb2429cf
http://lambdalegal.org/,ok,https://explorer.ooni.org/m/20260410114137.493257_KR_webconnectivity_da02dc1e8e692764
https://lgbtvacationplanners.com/,error,https://explorer.ooni.org/m/20260410114139.680568_KR_webconnectivity_b3b0fef9bfd22ff7
http://napo.jinbo.net/,ok,https://explorer.ooni.org/m/20260410114141.522863_KR_webconnectivity_3f62ebca6353d2cc
https://ourworldindata.org/,ok,https://explorer.ooni.org/m/20260410114143.934105_KR_webconnectivity_11c58215b9b3ef6d
https://prism-break.org/,ok,https://explorer.ooni.org/m/20260410114146.326329_KR_webconnectivity_6fa75fe13a75dc93
http://seapa.wordpress.com/,ok,https://explorer.ooni.org/m/20260410114149.163116_KR_webconnectivity_79634dbcd12786ed
https://secure.avaaz.org/,ok,https://explorer.ooni.org/m/20260410114150.953064_KR_webconnectivity_2a5722fe380e6ec9
https://slashdot.org/,ok,https://explorer.ooni.org/m/20260410114152.932665_KR_webconnectivity_6ebea59fd1a3fc3e
https://sputniknews.com/,http-failure,https://explorer.ooni.org/m/20260410114155.646692_KR_webconnectivity_749d3d153fba7b5b
https://ssd.eff.org/,ok,https://explorer.ooni.org/m/20260410114159.227442_KR_webconnectivity_89f358014d5a36cd
https://substack.com/,ok,https://explorer.ooni.org/m/20260410114201.762068_KR_webconnectivity_4ad4adc9a7555fbe
https://tdov.org/,ok,https://explorer.ooni.org/m/20260410114204.197781_KR_webconnectivity_b8be2d39f7fe159a
https://theintercept.com/,ok,https://explorer.ooni.org/m/20260410114208.008525_KR_webconnectivity_d4ea4d7cded600b8
https://unwatch.org/,ok,https://explorer.ooni.org/m/20260410114214.356931_KR_webconnectivity_7a35999c2fdb95ed
https://www.alarabiya.net/,ok,https://explorer.ooni.org/m/20260410114216.310789_KR_webconnectivity_c612da639ea2207c
http://www.anarclan.net/,ok,https://explorer.ooni.org/m/20260410114219.626229_KR_webconnectivity_199e27ecc05b3ec7
http://www.asiafoundation.org/,ok,https://explorer.ooni.org/m/20260410114221.198749_KR_webconnectivity_1af469c27b426f72
https://www.bbc.co.uk/,ok,https://explorer.ooni.org/m/20260410114224.492396_KR_webconnectivity_9ba10c5d4eb0769b
https://www.brookings.edu/,ok,https://explorer.ooni.org/m/20260410114226.589713_KR_webconnectivity_66f859b5d6975e58
https://www.childrensdefense.org/,ok,https://explorer.ooni.org/m/20260410114229.044259_KR_webconnectivity_968340da14cfde89
https://www.cpj.org/,ok,https://explorer.ooni.org/m/20260410114232.586685_KR_webconnectivity_fcc5005dd78885d0
https://www.dailywire.com/,ok,https://explorer.ooni.org/m/20260410114235.347648_KR_webconnectivity_01e4c5242f3837a4
https://www.disabilityrightsfund.org/,ok,https://explorer.ooni.org/m/20260410114238.623430_KR_webconnectivity_57f1fe275f4591f4
https://www.doriafeministfund.org/,ok,https://explorer.ooni.org/m/20260410114240.398287_KR_webconnectivity_37d1a221d6cc99b5
https://www.foxnews.com/,ok,https://explorer.ooni.org/m/20260410114243.030215_KR_webconnectivity_c364cc9bca640d8b
https://www.hrw.org/,ok,https://explorer.ooni.org/m/20260410114245.948292_KR_webconnectivity_d7400f05531d1e8e
https://www.hrw.org/asia/south-korea,ok,https://explorer.ooni.org/m/20260410114249.019803_KR_webconnectivity_d7b6663eb4d69eb3
https://www.icc-cpi.int/,ok,https://explorer.ooni.org/m/20260410114251.004047_KR_webconnectivity_dc7ecb625d29788e
http://www.khrp.org/,ok,https://explorer.ooni.org/m/20260410114253.299836_KR_webconnectivity_55b63a8e4d26e4d7
https://www.mideastyouth.com/,ok,https://explorer.ooni.org/m/20260410114255.625057_KR_webconnectivity_e0261e6d598ab0f8
http://www.nkhumanrights.or.kr/,ok,https://explorer.ooni.org/m/20260410114258.945595_KR_webconnectivity_4ac4eeff3647d242
https://www.nytimes.com/,ok,https://explorer.ooni.org/m/20260410114301.611881_KR_webconnectivity_989988fd5aa8e7c3
https://www.opensocietyfoundations.org/,ok,https://explorer.ooni.org/m/20260410114303.617832_KR_webconnectivity_51b216df906c9cfa
https://www.refugeesinternational.org/,ok,https://explorer.ooni.org/m/20260410114306.834626_KR_webconnectivity_003681d6b2433ade
http://www.sarangbang.or.kr/,ok,https://explorer.ooni.org/m/20260410114312.194073_KR_webconnectivity_82279b6d148d3d1b
http://www.scmp.com/,ok,https://explorer.ooni.org/m/20260410114314.968626_KR_webconnectivity_01422edc0b6802d8
https://www.starlink.com/,ok,https://explorer.ooni.org/m/20260410114317.011684_KR_webconnectivity_8008e7df72b3673b
http://www.theepochtimes.com/,ok,https://explorer.ooni.org/m/20260410114319.580346_KR_webconnectivity_a9986fbee6055a00
https://www.transgendermap.com/,ok,https://explorer.ooni.org/m/20260410114322.858421_KR_webconnectivity_2c191c7ad8e4d1ef
https://www.transparency.org/,ok,https://explorer.ooni.org/m/20260410114326.032586_KR_webconnectivity_954ab3a4008648ec
https://www.unfpa.org/,ok,https://explorer.ooni.org/m/20260410114327.877340_KR_webconnectivity_49b0cd666cc2b429
https://www.womenforwomen.org/,ok,https://explorer.ooni.org/m/20260410114331.774325_KR_webconnectivity_5eb92bd0406b59ad
http://www.womenvoters.or.kr/,ok,https://explorer.ooni.org/m/20260410114335.235187_KR_webconnectivity_5a57d4f738c932a9
https://app.element.io/,ok,https://explorer.ooni.org/m/20260410114336.771464_KR_webconnectivity_4cbb3321f1abfd78
https://bcc.chat/,ok,https://explorer.ooni.org/m/20260410114339.473424_KR_webconnectivity_8cbc62efdc87a28e
https://chatgpt.com/,ok,https://explorer.ooni.org/m/20260410114340.913951_KR_webconnectivity_99f39ef1bd84037e
https://claude.ai/,ok,https://explorer.ooni.org/m/20260410114342.445472_KR_webconnectivity_a903cdc98e8dcfe8
https://dit.whatsapp.net/robots.txt,ok,https://explorer.ooni.org/m/20260410114343.944866_KR_webconnectivity_aeaf976e229ead7e
https://journals.lww.com/,ok,https://explorer.ooni.org/m/20260410114345.287098_KR_webconnectivity_bba5b985a7806a23
https://odysee.com/,ok,https://explorer.ooni.org/m/20260410114347.054765_KR_webconnectivity_b4e2753fd65460ef
http://onairkorean.tv/,dns,https://explorer.ooni.org/m/20260410114348.321594_KR_webconnectivity_e9c436c797f5c513
http://sakhr.com/,ok,https://explorer.ooni.org/m/20260410114349.922575_KR_webconnectivity_10cb9f4a80071b4d
https://slack-imgs.com/,ok,https://explorer.ooni.org/m/20260410114351.668278_KR_webconnectivity_1bc50811530c35c7
http://tvpot.daum.net/,dns,https://explorer.ooni.org/m/20260410114352.960447_KR_webconnectivity_25f0079026c9b7e3
https://www.asterisk.org/,ok,https://explorer.ooni.org/m/20260410114354.857232_KR_webconnectivity_b2494c9095f181fd
https://www.deepseek.com/,dns,https://explorer.ooni.org/m/20260410114355.677476_KR_webconnectivity_a50fc25a073deeaf
http://www.empas.com/,ok,https://explorer.ooni.org/m/20260410114357.882021_KR_webconnectivity_471983e3fd7ab104
http://www.zzn.com/,ok,https://explorer.ooni.org/m/20260410114359.699458_KR_webconnectivity_e70eb3b56e26290d
https://www.coolmathgames.com/,dns,https://explorer.ooni.org/m/20260410114400.474354_KR_webconnectivity_9da0ba97308a8ea9
https://www.pubg.com/,dns,https://explorer.ooni.org/m/20260410114401.312870_KR_webconnectivity_a50f543480930a38
https://www.plannedparenthood.org/,dns,https://explorer.ooni.org/m/20260410114407.686116_KR_webconnectivity_ffe90b35a4f4a3f2
http://www.siecus.org/,dns,https://explorer.ooni.org/m/20260410114410.462385_KR_webconnectivity_0bd09c41b81c9d61
https://europedatingonline.com/,dns,https://explorer.ooni.org/m/20260410114411.209105_KR_webconnectivity_3801f669fe1b966b
http://www.asiangirlsnextdoor.com/,dns,https://explorer.ooni.org/m/20260410114412.770256_KR_webconnectivity_0a3b0be0a6f10706
https://uk.match.com/,dns,https://explorer.ooni.org/m/20260410114411.970517_KR_webconnectivity_0ec9026924c0a714
https://www.blueskyswimwear.com/,dns,https://explorer.ooni.org/m/20260410114415.971279_KR_webconnectivity_7a718198b5fff236
http://www.dateinasia.com/,dns,https://explorer.ooni.org/m/20260410114416.762874_KR_webconnectivity_e70193b3ea3814f2
http://www.koreancupid.com/,dns,https://explorer.ooni.org/m/20260410114418.156476_KR_webconnectivity_1f9d0945b0f33f67
https://www.match.com/,dns,https://explorer.ooni.org/m/20260410114418.944001_KR_webconnectivity_87ae9281f1102d57
https://www.pornhub.com/,dns,https://explorer.ooni.org/m/20260410114419.987614_KR_webconnectivity_2631a6eaef070237
http://www.sex.com/,dns,https://explorer.ooni.org/m/20260410114420.776617_KR_webconnectivity_42d41ecb288ea569
http://cafe.naver.com/gjhlk,ok,https://explorer.ooni.org/m/20260410114424.059067_KR_webconnectivity_c9786d933e9fd02c
https://coronavirus.jhu.edu/map.html,error,https://explorer.ooni.org/m/20260410114425.893447_KR_webconnectivity_473c627fb9ee21f2
https://disqus.com/,ok,https://explorer.ooni.org/m/20260410114428.531731_KR_webconnectivity_b1545f9d525cbae8
https://encrypted-tbn0.gstatic.com/robots.txt,ok,https://explorer.ooni.org/m/20260410114430.678589_KR_webconnectivity_5dbddd5371706a9e
https://experience.arcgis.com/experience/685d0ace521648f8a5beeeee1b9125cd,ok,https://explorer.ooni.org/m/20260410114432.985366_KR_webconnectivity_ec1b2bc4ff37743a
https://hgis.uw.edu/virus/,ok,https://explorer.ooni.org/m/20260410114437.294314_KR_webconnectivity_3973358f6f908ccd
http://imo.im/,ok,https://explorer.ooni.org/m/20260410114439.743455_KR_webconnectivity_7941d4498c3a0583
https://lbry.com/,ok,https://explorer.ooni.org/m/20260410114443.274774_KR_webconnectivity_02107e25ebe2cf9f
https://lbry.org/,ok,https://explorer.ooni.org/m/20260410114445.485478_KR_webconnectivity_b706973e6de331bd
https://line.me/,ok,https://explorer.ooni.org/m/20260410114450.093011_KR_webconnectivity_66ec81679dc5f0d0
https://livestream.com/,ok,https://explorer.ooni.org/m/20260410114452.499248_KR_webconnectivity_45662c390c222f53
https://matrix.org/,ok,https://explorer.ooni.org/m/20260410114454.798152_KR_webconnectivity_2753031ce93e3118
https://matrix.to/,ok,https://explorer.ooni.org/m/20260410114456.489252_KR_webconnectivity_03da773f2d97d95f
https://mattermost.com/,ok,https://explorer.ooni.org/m/20260410114500.962068_KR_webconnectivity_2c49554d612e3b9f
https://media-arn2-1.cdn.whatsapp.net/robots.txt,ok,https://explorer.ooni.org/m/20260410114503.642501_KR_webconnectivity_ad826d951d443e9e
https://meet.jit.si/,ok,https://explorer.ooni.org/m/20260410114505.452699_KR_webconnectivity_aacf849abdca2a17
https://openobservatory.slack.com/,ok,https://explorer.ooni.org/m/20260410114508.316744_KR_webconnectivity_7687f00a7ce6f2a5
https://pinboard.in/,ok,https://explorer.ooni.org/m/20260410114510.753195_KR_webconnectivity_f866602e0191c7f8
https://postimage.io/,http-failure,https://explorer.ooni.org/m/20260410114513.380437_KR_webconnectivity_8da7e72ce0eaab29
https://simplex.chat/,ok,https://explorer.ooni.org/m/20260410114515.900333_KR_webconnectivity_b0efe1b625701c0f
https://slack.com/,ok,https://explorer.ooni.org/m/20260410114519.397866_KR_webconnectivity_2e11e7b85e31cb5f
https://telegram.me/,dns,https://explorer.ooni.org/m/20260410114520.177724_KR_webconnectivity_9ddedcfae8fe82bd
https://trello.com/,ok,https://explorer.ooni.org/m/20260410114523.290047_KR_webconnectivity_7713a62a8921ad6d
https://tvzil.com/,dns,https://explorer.ooni.org/m/20260410114524.778408_KR_webconnectivity_22a59629bdab6d20
https://webcache.googleusercontent.com/robots.txt,ok,https://explorer.ooni.org/m/20260410114527.173127_KR_webconnectivity_558a372543f63470
https://wire.com/,ok,https://explorer.ooni.org/m/20260410114530.348127_KR_webconnectivity_f6d02b382d965330
http://www.ask.com/,ok,https://explorer.ooni.org/m/20260410114532.900385_KR_webconnectivity_d2c20bcb3250f945
https://www.blackberry.com/,ok,https://explorer.ooni.org/m/20260410114535.872977_KR_webconnectivity_4a55e952c52c2c16
https://www.cdc.go.kr/board/board.es?mid=&bid=0030,error,https://explorer.ooni.org/m/20260410114538.423526_KR_webconnectivity_dfaeb3c7624a6ba9
http://www.chol.com/,dns,https://explorer.ooni.org/m/20260410114541.504650_KR_webconnectivity_b37c045f1c48a4a3
https://www.dailymotion.com/,ok,https://explorer.ooni.org/m/20260410114545.183837_KR_webconnectivity_d0d79b4ab34a30a5
https://www.excite.com/,dns,https://explorer.ooni.org/m/20260410114546.576133_KR_webconnectivity_f3b116b218c5ad01
https://www.fastmail.com/,ok,https://explorer.ooni.org/m/20260410114548.884764_KR_webconnectivity_d9faa0ef9132ded1
https://www.flickr.com/,ok,https://explorer.ooni.org/m/20260410114551.231640_KR_webconnectivity_bfc00054718ef249
http://www.lets070.net/,ok,https://explorer.ooni.org/m/20260410114553.408388_KR_webconnectivity_5d736752836467ba
https://www.liveleak.com/,error,https://explorer.ooni.org/m/20260410114556.718425_KR_webconnectivity_318c5300a24f8ab4
http://www.lxnetworks.co.kr/,error,https://explorer.ooni.org/m/20260410114601.682767_KR_webconnectivity_430bee74f44a41a0
https://www.ushareit.com/,dns,https://explorer.ooni.org/m/20260410114603.804032_KR_webconnectivity_41ee7e9212682c25
https://www.wordreference.com/,ok,https://explorer.ooni.org/m/20260410114605.299164_KR_webconnectivity_17776940cd7b01c6
https://eztv.ag/,dns,https://explorer.ooni.org/m/20260410114606.138955_KR_webconnectivity_8cd92085fed039d7
http://libgen.gs/,dns,https://explorer.ooni.org/m/20260410114606.977942_KR_webconnectivity_a5f408c97acb2210
https://libgen.xyz/,dns,https://explorer.ooni.org/m/20260410114608.074046_KR_webconnectivity_04ced1567364693e
https://microsoftedge.microsoft.com/addons/Microsoft-Edge-Extensions-Home,dns,https://explorer.ooni.org/m/20260410114608.941364_KR_webconnectivity_eabb9810c416185e
https://rargb.to/,dns,https://explorer.ooni.org/m/20260410114610.068089_KR_webconnectivity_3268606096b422d7
http://www.utopia-asia.com/,dns,https://explorer.ooni.org/m/20260410114613.048236_KR_webconnectivity_1c3df8443a7a26ac
https://yts.lt/,dns,https://explorer.ooni.org/m/20260410114610.850885_KR_webconnectivity_117fb46a67fa35f8
http://www.womenforpeaceandjustice.org/,ok,https://explorer.ooni.org/m/20260410114620.409654_KR_webconnectivity_bcafc2e710232308
https://electrum.org/,dns,https://explorer.ooni.org/m/20260410114621.209071_KR_webconnectivity_cfae595cd49c3e72
https://uphold.com/,dns,https://explorer.ooni.org/m/20260410114622.311707_KR_webconnectivity_b2b89add40e037bb
http://www.unescap.org/,ok,https://explorer.ooni.org/m/20260410114623.851644_KR_webconnectivity_d996ae02dc994c5b
https://www.xbox.com/,dns,https://explorer.ooni.org/m/20260410114624.577864_KR_webconnectivity_1159ed0b4a6d6f9c
http://www.lasenza.com/,dns,https://explorer.ooni.org/m/20260410114625.747877_KR_webconnectivity_b8d6da46bca8c822
http://www.thegooddrugsguide.com/,dns,https://explorer.ooni.org/m/20260410114626.558412_KR_webconnectivity_1993f98726d911cc
https://ko.wikipedia.org/,ok,https://explorer.ooni.org/m/20260410114630.550588_KR_webconnectivity_68803b465c780406
https://www.douban.com/,ok,https://explorer.ooni.org/m/20260410114638.641025_KR_webconnectivity_741c9a6d0debbdc2
http://www.dprkstudies.org/documents/nkpics/picgal.html,dns,https://explorer.ooni.org/m/20260410114639.795019_KR_webconnectivity_1850e94245367f3d
https://yts.mx/,dns,https://explorer.ooni.org/m/20260410114640.645143_KR_webconnectivity_cfab8505c7ec1a7e
http://www.jesussaves.cc/,ok,https://explorer.ooni.org/m/20260410114646.014845_KR_webconnectivity_ac5828ecbe04e1fc
https://www.worldwildlife.org/,ok,https://explorer.ooni.org/m/20260410114648.016602_KR_webconnectivity_a0252717e57aaffd
https://store.epicgames.com/,dns,https://explorer.ooni.org/m/20260410114648.758522_KR_webconnectivity_917e09e7a9a7889c
http://streetmeatasia.com/,dns,https://explorer.ooni.org/m/20260410114653.416272_KR_webconnectivity_a71d31c6628631b1
http://www.88square.com/,dns,https://explorer.ooni.org/m/20260410114709.148498_KR_webconnectivity_daf4e1c1174a0807
http://www.asianthumbs.org/,dns,https://explorer.ooni.org/m/20260410114716.344199_KR_webconnectivity_eea87e663240bb71
http://www.bangkokstreetwhores.com/,dns,https://explorer.ooni.org/m/20260410114719.825970_KR_webconnectivity_a9d3f7b33bca116b
https://www.binance.com/,dns,https://explorer.ooni.org/m/20260410114721.062558_KR_webconnectivity_4cb61af386e6e37e
http://www.exploitedteensasia.com/,dns,https://explorer.ooni.org/m/20260410114725.694888_KR_webconnectivity_3885f3cf2c3a8468
http://www.gayasianamateurs.com/,dns,https://explorer.ooni.org/m/20260410114726.611945_KR_webconnectivity_7ae825c708eb7ae6
http://www.riftgame.com/,dns,https://explorer.ooni.org/m/20260410114727.947532_KR_webconnectivity_b76afd666379f425
https://alqassam.ps/,dns,https://explorer.ooni.org/m/20260410114728.759092_KR_webconnectivity_3ab4099ed12f81e4
https://tlauncher.org/,dns,https://explorer.ooni.org/m/20260410114729.646449_KR_webconnectivity_57713457bf413501
https://www.origin.com/,dns,https://explorer.ooni.org/m/20260410114731.026560_KR_webconnectivity_95cccf97bdbb08d3
http://www.globalgayz.com/,ok,https://explorer.ooni.org/m/20260410114735.467750_KR_webconnectivity_3f9c2c315c9a7b19
http://www.thaichix.com/,dns,https://explorer.ooni.org/m/20260410114736.610181_KR_webconnectivity_3ab7bf228b5df1b9
http://www.thaicuties.com/,dns,https://explorer.ooni.org/m/20260410114737.822271_KR_webconnectivity_4db4480c7b962ad4
http://www.secularislam.org/,ok,https://explorer.ooni.org/m/20260410114742.231604_KR_webconnectivity_9e30c56aa7906b2a
https://en.wiktionary.org/,ok,https://explorer.ooni.org/m/20260410114746.242752_KR_webconnectivity_10e5599b0199f2cc
ok,dns,tcp_ip,http-diff,http-failure,confirmed,error,no_data,http(legacy)
1542,561,34,1,19,23,41,0,0
2221/2221 (expected)
