https://twitter.com/,ok,https://explorer.ooni.org/m/20260327055844.200177_KR_webconnectivity_bcbbe614eaca53cf
https://www.facebook.com/,ok,https://explorer.ooni.org/m/20260327055849.836231_KR_webconnectivity_de72d0fd546f79a5
https://www.instagram.com/,ok,https://explorer.ooni.org/m/20260327055854.814018_KR_webconnectivity_1c50e0da3cdcbf97
https://www.youtube.com/,ok,https://explorer.ooni.org/m/20260327055901.502041_KR_webconnectivity_ea2f20158dea3f3d
https://x.com/,ok,https://explorer.ooni.org/m/20260327055905.769757_KR_webconnectivity_f6846df1a19400b6
https://discord.com/,ok,https://explorer.ooni.org/m/20260327055909.387049_KR_webconnectivity_506dce4fa5cfb590
https://www.tiktok.com/,ok,https://explorer.ooni.org/m/20260327055913.218249_KR_webconnectivity_d237c87af5cf4868
https://safeabortionpills.org/,http-failure,https://explorer.ooni.org/m/20260327055917.802428_KR_webconnectivity_c644eac11a48e637
https://telegram.org/,dns,https://explorer.ooni.org/m/20260327055920.894819_KR_webconnectivity_01dd9aa59241a34d
https://vimeo.com/,dns,https://explorer.ooni.org/m/20260327055924.423716_KR_webconnectivity_3a83bd14bc371b3e
https://www.hyphanet.org/,dns,https://explorer.ooni.org/m/20260327055928.078218_KR_webconnectivity_6ec4fea4efd66548
http://www.inetprivacy.com/,dns,https://explorer.ooni.org/m/20260327055932.012627_KR_webconnectivity_387ac8110ecac347
https://www.reddit.com/,dns,https://explorer.ooni.org/m/20260327055935.721101_KR_webconnectivity_33fb41ba6abc48de
https://signal.org/,ok,https://explorer.ooni.org/m/20260327055939.993661_KR_webconnectivity_cb07d166f79c2133
https://www.snapchat.com/,ok,https://explorer.ooni.org/m/20260327055944.571046_KR_webconnectivity_baf7fb6a987ed515
https://www.viber.com/,ok,https://explorer.ooni.org/m/20260327055949.322455_KR_webconnectivity_d45d01db9756e6bb
https://www.wechat.com/,ok,https://explorer.ooni.org/m/20260327055953.023186_KR_webconnectivity_a39e228aaf1be50a
https://yts.lt/,dns,https://explorer.ooni.org/m/20260327055955.989041_KR_webconnectivity_dfc34463e43fee75
https://9gag.com/,dns,https://explorer.ooni.org/m/20260327055959.271722_KR_webconnectivity_67ccbb4535c1305f
http://blogmarks.net/,dns,https://explorer.ooni.org/m/20260327060003.545837_KR_webconnectivity_7fdd98addad19887
https://cdn.fbsbx.com/favicon.ico,dns,https://explorer.ooni.org/m/20260327060007.903731_KR_webconnectivity_1f111e1a6db1cadb
https://www.whatsapp.com/,ok,https://explorer.ooni.org/m/20260327060015.527946_KR_webconnectivity_442cab42e4f789d2
https://europedatingonline.com/,dns,https://explorer.ooni.org/m/20260327060024.177117_KR_webconnectivity_f59479cd20c12b4e
https://airvpn.org/,dns,https://explorer.ooni.org/m/20260327060031.690430_KR_webconnectivity_a0209d5f5a2ff88e
http://anonymizer.secuser.com/,dns,https://explorer.ooni.org/m/20260327060038.188540_KR_webconnectivity_99d55e6e9d0dbb54
http://inter.kdlp.org/,ok,https://explorer.ooni.org/m/20260327060045.406989_KR_webconnectivity_cfc01df57e1f680e
https://lantern.io/,dns,https://explorer.ooni.org/m/20260327060053.240770_KR_webconnectivity_72cac590453c6341
https://safervpn.com/,dns,https://explorer.ooni.org/m/20260327060059.770728_KR_webconnectivity_4f8e0302c04560fb
https://thunder.free-signal.com/,dns,https://explorer.ooni.org/m/20260327060106.893624_KR_webconnectivity_97221b5666aad646
http://www.e-ju.net/,ok,https://explorer.ooni.org/m/20260327060112.485481_KR_webconnectivity_4a10f48240c72d96
https://www.feministfrequency.com/,dns,https://explorer.ooni.org/m/20260327060120.283193_KR_webconnectivity_03afd635fdbee9b0
https://www.planetromeo.com/,dns,https://explorer.ooni.org/m/20260327060127.924237_KR_webconnectivity_921696cb66ef3eb6
https://www.purevpn.com/,dns,https://explorer.ooni.org/m/20260327060135.233652_KR_webconnectivity_5aee7da8e59ee12c
http://www.qhtyzx.com/,ok,https://explorer.ooni.org/m/20260327060142.490717_KR_webconnectivity_ab09c26ac7388592
https://www.teafund.org/,dns,https://explorer.ooni.org/m/20260327060148.774844_KR_webconnectivity_71eb764974d502ff
https://www.theatlantic.com/,dns,https://explorer.ooni.org/m/20260327060154.677125_KR_webconnectivity_ca845753e7bd838d
http://www.theregister.co.uk/,dns,https://explorer.ooni.org/m/20260327060201.959642_KR_webconnectivity_620d6d3db7fdc0cd
https://www.tunnelbear.com/,dns,https://explorer.ooni.org/m/20260327060208.044785_KR_webconnectivity_84d2f2a36013b610
https://www.womenonwaves.org/,dns,https://explorer.ooni.org/m/20260327060214.028653_KR_webconnectivity_28a35e7df50f329e
https://yggdrasil-network.github.io/,dns,https://explorer.ooni.org/m/20260327060219.959544_KR_webconnectivity_6894bafdb3e9baa0
https://doh.centraleu.pi-dns.com/dns-query?dns=q80BAAABAAAAAAAAA3d3dwdleGFtcGxlA2NvbQAAAQAB,dns,https://explorer.ooni.org/m/20260327060227.490738_KR_webconnectivity_fe98d38c67a89dc3
https://www.plannedparenthood.org/,dns,https://explorer.ooni.org/m/20260327060235.302839_KR_webconnectivity_a9ebc4e6a4801a55
https://myspace.com/,error,https://explorer.ooni.org/m/20260327060241.817059_KR_webconnectivity_c4ad88b5bf10ef95
https://qph.fs.quoracdn.net/main-thumb-1117688072-200-uijiqfjcmlvaxczdrlawbgyaomfocdnt.jpeg,ok,https://explorer.ooni.org/m/20260327060249.332481_KR_webconnectivity_3f797714b7174327
https://tinder.com/,dns,https://explorer.ooni.org/m/20260327060256.700709_KR_webconnectivity_ab966f0ff44ddb1c
https://triller.co/,error,https://explorer.ooni.org/m/20260327060304.490599_KR_webconnectivity_bae89b02ea6f62fc
https://www.4chan.org/,dns,https://explorer.ooni.org/m/20260327060309.608162_KR_webconnectivity_37bcc803b854b5a1
https://www.quora.com/,ok,https://explorer.ooni.org/m/20260327060314.760781_KR_webconnectivity_49d607d8bbe3e81e
https://www.redditstatic.com/robots.txt,ok,https://explorer.ooni.org/m/20260327060320.529832_KR_webconnectivity_384ef5de36c2a0f6
http://chakantv.co.kr/,ok,https://explorer.ooni.org/m/20260327060324.910478_KR_webconnectivity_7dcad916bca23a11
https://cocaine.org/,dns,https://explorer.ooni.org/m/20260327060331.634520_KR_webconnectivity_00484ba100ece6b1
https://deepseek.ai/,dns,https://explorer.ooni.org/m/20260327060338.060261_KR_webconnectivity_5e4bfac03bf0142f
https://dweb.link/,dns,https://explorer.ooni.org/m/20260327060348.214468_KR_webconnectivity_6392f0633f9cf686
https://1337x.to/,dns,https://explorer.ooni.org/m/20260327060357.673567_KR_webconnectivity_33755b226d6fcd7a
https://bricspress.live/,ok,https://explorer.ooni.org/m/20260327060405.271243_KR_webconnectivity_e9642993ba132079
https://bridges.torproject.org/,dns,https://explorer.ooni.org/m/20260327060411.023449_KR_webconnectivity_8c6170898f762faa
https://freesocks.org/,dns,https://explorer.ooni.org/m/20260327060418.118614_KR_webconnectivity_92f75d907c668880
https://genderdysphoria.fyi/,dns,https://explorer.ooni.org/m/20260327060424.145416_KR_webconnectivity_001f67325e2ac816
https://hide.me/,dns,https://explorer.ooni.org/m/20260327060431.080151_KR_webconnectivity_525ccefe2bf8e460
http://lgbt.kdlp.org/,ok,https://explorer.ooni.org/m/20260327060437.430212_KR_webconnectivity_6243464f86a0642f
http://libgen.gs/,ok,https://explorer.ooni.org/m/20260327060443.420531_KR_webconnectivity_121fb3fafdee6348
https://mega.io/,dns,https://explorer.ooni.org/m/20260327060451.791597_KR_webconnectivity_6d562fcb45de4c13
https://proxy.i2phides.me/,dns,https://explorer.ooni.org/m/20260327060458.902030_KR_webconnectivity_a89a2f1f5ee999f3
https://shadowsocks.org/,dns,https://explorer.ooni.org/m/20260327060505.511102_KR_webconnectivity_b10b9dd66be45413
https://surfshark.com/,dns,https://explorer.ooni.org/m/20260327060511.830456_KR_webconnectivity_2ae664146b173983
https://theonion.com/,dns,https://explorer.ooni.org/m/20260327060530.769003_KR_webconnectivity_67328cd95ef492f5
https://www.betternet.co/,dns,https://explorer.ooni.org/m/20260327060539.136421_KR_webconnectivity_f64b16eb3070a8e3
https://www.business-humanrights.org/,ok,https://explorer.ooni.org/m/20260327060554.871766_KR_webconnectivity_29cc9edd50787ac4
http://www.gayrice.com/,dns,https://explorer.ooni.org/m/20260327060601.878939_KR_webconnectivity_bd638d719aee78e8
https://www.ipredator.se/,dns,https://explorer.ooni.org/m/20260327060607.549907_KR_webconnectivity_53b62fa0fa6c5ae6
http://www.migrantsinkorea.net/,ok,https://explorer.ooni.org/m/20260327060611.756275_KR_webconnectivity_2220aa0d50da1bc8
http://www.mizzima.com/,ok,https://explorer.ooni.org/m/20260327060617.193757_KR_webconnectivity_e3b0afb49285c2fe
https://www.msichoices.org/,dns,https://explorer.ooni.org/m/20260327060623.017266_KR_webconnectivity_53e0d8a0f86fb79d
http://www.naral.org/,ok,https://explorer.ooni.org/m/20260327060628.453263_KR_webconnectivity_b659b14d7532e18e
http://www.oneworld.net/,ok,https://explorer.ooni.org/m/20260327060634.390641_KR_webconnectivity_314c786733f84a19
https://www.opentech.fund/,dns,https://explorer.ooni.org/m/20260327060638.439689_KR_webconnectivity_7a45cfd7649e3602
https://www.out.com/,dns,https://explorer.ooni.org/m/20260327060644.263385_KR_webconnectivity_91d56eddfaaf9ff7
http://www.protest.net/,dns,https://explorer.ooni.org/m/20260327060650.148432_KR_webconnectivity_6cd3042725079173
https://www.queerty.com/,dns,https://explorer.ooni.org/m/20260327060655.572049_KR_webconnectivity_4f2970b7a435d4f8
http://www.samesexmarriage.ca/,dns,https://explorer.ooni.org/m/20260327060700.935013_KR_webconnectivity_4d57395c2bf54326
https://www.shoe.org/,dns,https://explorer.ooni.org/m/20260327060706.885188_KR_webconnectivity_71071ec657af171f
https://www.surfeasy.com/,dns,https://explorer.ooni.org/m/20260327060711.551791_KR_webconnectivity_9886b98104b98d8d
http://www.ultimate-anonymity.com/,dns,https://explorer.ooni.org/m/20260327060716.291900_KR_webconnectivity_449d99456403875c
https://www.washingtonpost.com/,dns,https://explorer.ooni.org/m/20260327060719.515044_KR_webconnectivity_7193de490bd113db
https://www.womenonweb.org/,dns,https://explorer.ooni.org/m/20260327060723.085767_KR_webconnectivity_c8073da1aed16b4d
https://zenvpn.net/,dns,https://explorer.ooni.org/m/20260327060726.662121_KR_webconnectivity_0849e789978f7936
https://external.xx.fbcdn.net/robots.txt,ok,https://explorer.ooni.org/m/20260327060731.534637_KR_webconnectivity_52b0ec5ce12315fc
https://fbcdn.net/robots.txt,ok,https://explorer.ooni.org/m/20260327060737.149939_KR_webconnectivity_6edd5ce1252b4d8a
https://i.pinimg.com/236x/78/6e/00/786e00eab219eca59803d118fbe0feb3.jpg,ok,https://explorer.ooni.org/m/20260327060741.250927_KR_webconnectivity_afb3d47d4ac03df8
https://mstdn.jp/,ok,https://explorer.ooni.org/m/20260327060746.349916_KR_webconnectivity_1db4e9a1b7f971dc
https://ntc.party/,dns,https://explorer.ooni.org/m/20260327060750.618019_KR_webconnectivity_bc4ac7336fe8a505
https://pbs.twimg.com/profile_images/941658150889054208/lFeD3554_200x200.jpg,ok,https://explorer.ooni.org/m/20260327060754.754764_KR_webconnectivity_0d47bd9d787726d4
https://qsbr.fs.quoracdn.net/-4-web.entry.js.out-34-8f7d03da0b7a24ae.webpack,ok,https://explorer.ooni.org/m/20260327060800.359418_KR_webconnectivity_a47aa8cc1d706963
https://scontent-frt3-2.cdninstagram.com/favicon.ico,ok,https://explorer.ooni.org/m/20260327060805.303867_KR_webconnectivity_e801157b29e9d750
https://scontent.xx.fbcdn.net/robots.txt,ok,https://explorer.ooni.org/m/20260327060810.355740_KR_webconnectivity_97e4a6bf29cd313a
https://secondlife.com/,dns,https://explorer.ooni.org/m/20260327060813.770915_KR_webconnectivity_6c2c37387149309b
https://static.cdninstagram.com/robots.txt,ok,https://explorer.ooni.org/m/20260327060816.701216_KR_webconnectivity_83598c1677ebac74
https://styles.redditmedia.com/robots.txt,ok,https://explorer.ooni.org/m/20260327060818.357605_KR_webconnectivity_c4fad4c12640a8e0
https://untappd.com/,ok,https://explorer.ooni.org/m/20260327060820.652108_KR_webconnectivity_e480d31cd2328c54
https://upload.twitter.com/robots.txt,ok,https://explorer.ooni.org/m/20260327060828.994568_KR_webconnectivity_e090f1891e8bf850
https://video.cdninstagram.com/favicon.ico,ok,https://explorer.ooni.org/m/20260327060832.146739_KR_webconnectivity_2e2575b1a718bcdd
https://www.clubhouse.com/,ok,https://explorer.ooni.org/m/20260327060834.010593_KR_webconnectivity_00a3a49e8125f0e2
https://www.clubhouseapi.com/,ok,https://explorer.ooni.org/m/20260327060834.783297_KR_webconnectivity_3de4fcef3bcd1ef0
https://www.joinclubhouse.com/,ok,https://explorer.ooni.org/m/20260327060836.037225_KR_webconnectivity_f1b5766cb089a9d9
https://www.meetme.com/,dns,https://explorer.ooni.org/m/20260327060837.165164_KR_webconnectivity_f303e64d19d0ba3d
https://www.meetup.com/,dns,https://explorer.ooni.org/m/20260327060838.928319_KR_webconnectivity_d874b923abfc7fb2
https://www.yubo.live/,ok,https://explorer.ooni.org/m/20260327060840.621801_KR_webconnectivity_d61e7a0418edf350
https://dns.adguard.com/dns-query?dns=q80BAAABAAAAAAAAA3d3dwdleGFtcGxlA2NvbQAAAQAB,tcp_ip,https://explorer.ooni.org/m/20260327060846.671450_KR_webconnectivity_df018d63cb7a0c3e
https://t.co/,dns,https://explorer.ooni.org/m/20260327060847.564131_KR_webconnectivity_9e7afa8d3a26324a
http://www.pandora.tv/,ok,https://explorer.ooni.org/m/20260327060848.561012_KR_webconnectivity_6c610172f65c1137
https://www.premaritalsex.info/,dns,https://explorer.ooni.org/m/20260327060854.513193_KR_webconnectivity_d2e1a49d218ff0f4
https://www.worldwildlife.org/,ok,https://explorer.ooni.org/m/20260327060855.599212_KR_webconnectivity_c9460a43b5b22d38
https://app.element.io/,ok,https://explorer.ooni.org/m/20260327060857.146855_KR_webconnectivity_1d419dfdc89bf6ce
http://baykoreans.net/,dns,https://explorer.ooni.org/m/20260327060912.157564_KR_webconnectivity_29c3136f9c4b50cd
https://cc.bingj.com/cache.aspx?q=nothing,dns,https://explorer.ooni.org/m/20260327060931.834807_KR_webconnectivity_9d6a4797afc63d03
https://coronavirus.app/,dns,https://explorer.ooni.org/m/20260327060932.676528_KR_webconnectivity_0b646d809308c572
http://cyworld.nate.com/club/clubsection/clubSection4_main.asp,ok,https://explorer.ooni.org/m/20260327060935.224344_KR_webconnectivity_ab458ae146f86bc5
http://dongyoungsang.com/,confirmed,https://explorer.ooni.org/m/20260327060937.260981_KR_webconnectivity_903d84c024ce7462
http://h50030.www5.hp.com/,ok,https://explorer.ooni.org/m/20260327060943.210987_KR_webconnectivity_5adcef4f41c8b0f8
http://internetphone114.com/,ok,https://explorer.ooni.org/m/20260327060945.077295_KR_webconnectivity_f347659e176a2750
https://ipfs.io/,dns,https://explorer.ooni.org/m/20260327060945.871923_KR_webconnectivity_91336b0c8d269223
https://kick.com/,dns,https://explorer.ooni.org/m/20260327060946.836567_KR_webconnectivity_56bafafef0251b53
https://support.therapytribe.com/hivaids-support-group/,ok,https://explorer.ooni.org/m/20260327060947.972320_KR_webconnectivity_44c59dbb6a529167
https://t.me/,dns,https://explorer.ooni.org/m/20260327060952.690934_KR_webconnectivity_5831cf4f356fb258
https://tse1.explicit.bing.net/robots.txt,dns,https://explorer.ooni.org/m/20260327060957.366638_KR_webconnectivity_8a4a457bf25be3c8
https://www.doctissimo.fr/,dns,https://explorer.ooni.org/m/20260327060959.336222_KR_webconnectivity_5bccd8c0b8ad9fbf
http://www.ppca.co.kr/,ok,https://explorer.ooni.org/m/20260327061000.273806_KR_webconnectivity_9d7af4e5ec5a07f8
https://www.sendspace.com/,dns,https://explorer.ooni.org/m/20260327061001.401985_KR_webconnectivity_1a73a33fecfebfc6
http://www.veoh.com/,ok,https://explorer.ooni.org/m/20260327061003.700340_KR_webconnectivity_8ac0eb2a33aa4d39
https://abortion-pills.org/,http-failure,https://explorer.ooni.org/m/20260327061005.106632_KR_webconnectivity_1636007c6fc10236
https://afterellen.com/,ok,https://explorer.ooni.org/m/20260327061006.348834_KR_webconnectivity_e3b3bceb1652e8bd
https://allout.org/,dns,https://explorer.ooni.org/m/20260327061019.369263_KR_webconnectivity_e778f5b81f995bf2
https://api.protonvpn.ch/tests/ping,dns,https://explorer.ooni.org/m/20260327061025.178294_KR_webconnectivity_9fcc039b3df0fddb
https://ccrjustice.org/,ok,https://explorer.ooni.org/m/20260327061026.477736_KR_webconnectivity_96788b0391221379
https://cdns.grindr.com/,dns,https://explorer.ooni.org/m/20260327061028.175913_KR_webconnectivity_73ab2790646a18d2
https://cdt.org/,ok,https://explorer.ooni.org/m/20260327061034.720624_KR_webconnectivity_e32fe2de32f32739
http://comingout.narun.net/,dns,https://explorer.ooni.org/m/20260327061044.753833_KR_webconnectivity_ebdc837dfa78d576
https://creativecommons.org/,dns,https://explorer.ooni.org/m/20260327061047.515015_KR_webconnectivity_0011a0f1e5bbf17a
http://english.chosun.com/,ok,https://explorer.ooni.org/m/20260327061051.985988_KR_webconnectivity_4a03653253e6c661
https://explorer.ooni.org/,ok,https://explorer.ooni.org/m/20260327061055.850617_KR_webconnectivity_a81f3b9385433d00
http://freedom.jinbo.net/,ok,https://explorer.ooni.org/m/20260327061059.992938_KR_webconnectivity_e45befbd30336517
https://freespeech.org/,dns,https://explorer.ooni.org/m/20260327061102.993023_KR_webconnectivity_73fc327c71e84562
http://gaytoday.com/,dns,https://explorer.ooni.org/m/20260327061107.513892_KR_webconnectivity_f9749974b0a8eab6
https://getintra.org/,ok,https://explorer.ooni.org/m/20260327061109.747642_KR_webconnectivity_5e7cf6b195f5dcb4
https://getlantern.org/,dns,https://explorer.ooni.org/m/20260327061110.643812_KR_webconnectivity_a29721252a853105
https://getoutline.org/,ok,https://explorer.ooni.org/m/20260327061112.654636_KR_webconnectivity_f17ad42b71b866ac
https://gijn.org/,ok,https://explorer.ooni.org/m/20260327061113.823190_KR_webconnectivity_110a2cd509137678
https://googleweblight.com/i?u=https%3A%2F%2Fexample.com%2F,dns,https://explorer.ooni.org/m/20260327061116.729881_KR_webconnectivity_26d0cec56f4a98ab
https://grindr.mobi/,ok,https://explorer.ooni.org/m/20260327061121.851324_KR_webconnectivity_867b8791ce0734fd
http://guardster.com/,dns,https://explorer.ooni.org/m/20260327061122.563658_KR_webconnectivity_ec8a251d82d8f013
https://hola.org/,dns,https://explorer.ooni.org/m/20260327061125.116622_KR_webconnectivity_2856dfa1e4b583b8
https://iyfglobal.org/,ok,https://explorer.ooni.org/m/20260327061126.376629_KR_webconnectivity_08a3f2f2877ec3c9
http://kscrc.org/,ok,https://explorer.ooni.org/m/20260327061132.383179_KR_webconnectivity_96104703d826f774
https://lalgbtcenter.org/,ok,https://explorer.ooni.org/m/20260327061133.768396_KR_webconnectivity_cdaa4cdb8f473250
http://lambdalegal.org/,ok,https://explorer.ooni.org/m/20260327061137.394562_KR_webconnectivity_2f05d10f4db8a826
https://leap.se/,dns,https://explorer.ooni.org/m/20260327061138.858305_KR_webconnectivity_cd0912d7e9c8e969
https://lgbtnewsnow.org/,http-failure,https://explorer.ooni.org/m/20260327061142.169720_KR_webconnectivity_dc91dd8ce04f2016
https://lgbtvacationplanners.com/,error,https://explorer.ooni.org/m/20260327061143.894963_KR_webconnectivity_373ec4ecc316905c
https://mask-h2.icloud.com/,error,https://explorer.ooni.org/m/20260327061145.466131_KR_webconnectivity_57dbaeaf083e7370
https://minorityrights.org/,ok,https://explorer.ooni.org/m/20260327061146.760591_KR_webconnectivity_7e765593f4d4806e
https://mullvad.net/,dns,https://explorer.ooni.org/m/20260327061149.587381_KR_webconnectivity_fc2b2424fd077b14
https://multiproxy.org/,dns,https://explorer.ooni.org/m/20260327061153.128553_KR_webconnectivity_0a9f30f664e88fc4
http://napo.jinbo.net/,ok,https://explorer.ooni.org/m/20260327061158.544107_KR_webconnectivity_c316ce8308f85214
http://nkhumanrights.or.kr/,ok,https://explorer.ooni.org/m/20260327061200.434176_KR_webconnectivity_c9f8b5115b0c0718
http://nocensor.org/,ok,https://explorer.ooni.org/m/20260327061203.440807_KR_webconnectivity_1db7bc326b76580e
http://nodongsarang.org/,ok,https://explorer.ooni.org/m/20260327061205.119039_KR_webconnectivity_233abdbe0a2387d4
https://nordvpn.com/,ok,https://explorer.ooni.org/m/20260327061206.331995_KR_webconnectivity_cc7b9abbbfc3572c
http://northkoreatech.org/,ok,https://explorer.ooni.org/m/20260327061207.856000_KR_webconnectivity_82a3bd41923628e3
https://ooni.org/,ok,https://explorer.ooni.org/m/20260327061209.012987_KR_webconnectivity_f5e9d8db8485e018
https://orbot.app/,ok,https://explorer.ooni.org/m/20260327061211.572505_KR_webconnectivity_f11932b8718a6dde
https://ourworldindata.org/,ok,https://explorer.ooni.org/m/20260327061213.508091_KR_webconnectivity_0a958ed5c4b10048
https://pflag.org/,dns,https://explorer.ooni.org/m/20260327061215.999523_KR_webconnectivity_0e5e37a6741a8112
https://prism-break.org/,ok,https://explorer.ooni.org/m/20260327061222.359095_KR_webconnectivity_93be0ab497a2c7ea
https://privatevpn.com/,dns,https://explorer.ooni.org/m/20260327061223.500794_KR_webconnectivity_110daf8303077fc5
https://proxify.com/,dns,https://explorer.ooni.org/m/20260327061225.319260_KR_webconnectivity_82eb271227f1f203
https://resurj.org/,dns,https://explorer.ooni.org/m/20260327061231.538025_KR_webconnectivity_2b1ec1b91f8994ae
https://riseup.net/,dns,https://explorer.ooni.org/m/20260327061233.343485_KR_webconnectivity_1e29243da58bd317
http://seapa.wordpress.com/,ok,https://explorer.ooni.org/m/20260327061245.255679_KR_webconnectivity_ea7f882d33c1aebc
https://secure.avaaz.org/,ok,https://explorer.ooni.org/m/20260327061246.751746_KR_webconnectivity_b598fb8f1da89145
https://securevpn.com/,dns,https://explorer.ooni.org/m/20260327061247.909159_KR_webconnectivity_ccf7895a3cb8cf5f
https://slashdot.org/,ok,https://explorer.ooni.org/m/20260327061250.133661_KR_webconnectivity_02ffef5abccf0e09
http://slownews.kr/,ok,https://explorer.ooni.org/m/20260327061252.783230_KR_webconnectivity_c12be86143ce515d
https://smotrim.ru/,ok,https://explorer.ooni.org/m/20260327061254.148189_KR_webconnectivity_5fd97b51044857fa
https://speedify.com/,dns,https://explorer.ooni.org/m/20260327061300.123515_KR_webconnectivity_448d39d4c477792f
https://sputnikglobe.com/,dns,https://explorer.ooni.org/m/20260327061301.471903_KR_webconnectivity_191c354fc8fbbec6
https://sputniknews.com/,http-failure,https://explorer.ooni.org/m/20260327061303.402466_KR_webconnectivity_ba98c162882826d2
https://spys.one/,dns,https://explorer.ooni.org/m/20260327061304.161775_KR_webconnectivity_5f8f5506cadb7ff2
https://ssd.eff.org/,ok,https://explorer.ooni.org/m/20260327061306.891976_KR_webconnectivity_169d18f4722bedef
https://strongvpn.com/,dns,https://explorer.ooni.org/m/20260327061307.574811_KR_webconnectivity_1fa365c6fce0539e
https://substack.com/,ok,https://explorer.ooni.org/m/20260327061312.669679_KR_webconnectivity_5a7384869ae17394
https://tdov.org/,ok,https://explorer.ooni.org/m/20260327061320.045916_KR_webconnectivity_87e40c630bbeab2a
https://thegailygrind.com/,dns,https://explorer.ooni.org/m/20260327061326.368343_KR_webconnectivity_28020f4d4bdefa1a
https://theintercept.com/,ok,https://explorer.ooni.org/m/20260327061328.555812_KR_webconnectivity_d8b12ddff79751cd
https://tor.eff.org/,dns,https://explorer.ooni.org/m/20260327061331.592225_KR_webconnectivity_7a83923f6f03be93
https://transfemscience.org/,ok,https://explorer.ooni.org/m/20260327061333.205056_KR_webconnectivity_879aa404ecaa6adc
http://transsexual.org/,dns,https://explorer.ooni.org/m/20260327061338.552102_KR_webconnectivity_b80f39436ac8736c
https://triplebit.org/,dns,https://explorer.ooni.org/m/20260327061342.244719_KR_webconnectivity_65704b04d8f3352c
https://trustvpn.me/,dns,https://explorer.ooni.org/m/20260327061343.112482_KR_webconnectivity_35a50f38a29ecc81
https://ultrasurf.us/,dns,https://explorer.ooni.org/m/20260327061344.100555_KR_webconnectivity_824b165aa60e2a32
https://ultravpn.com/,dns,https://explorer.ooni.org/m/20260327061345.024903_KR_webconnectivity_de3c729620a2ea32
https://unredacted.org/,ok,https://explorer.ooni.org/m/20260327061347.197860_KR_webconnectivity_c2cc17b25edfbe83
https://unwatch.org/,ok,https://explorer.ooni.org/m/20260327061353.377256_KR_webconnectivity_f51990d2ccebe2ae
https://womenhelp.org/,dns,https://explorer.ooni.org/m/20260327061356.003993_KR_webconnectivity_dde362b6429aa87b
https://www.404media.co/,ok,https://explorer.ooni.org/m/20260327061358.420493_KR_webconnectivity_9644428a004047ad
https://www.advocate.com/,dns,https://explorer.ooni.org/m/20260327061400.264040_KR_webconnectivity_868ca78f7fecc047
https://www.alarabiya.net/,ok,https://explorer.ooni.org/m/20260327061401.538429_KR_webconnectivity_f1fca5f479e91b67
http://www.anarclan.net/,ok,https://explorer.ooni.org/m/20260327061403.606872_KR_webconnectivity_970288a50748f432
http://www.anonymizer.ru/,dns,https://explorer.ooni.org/m/20260327061405.690614_KR_webconnectivity_750c0bc49bcd407c
http://www.anonymsurfen.com/,dns,https://explorer.ooni.org/m/20260327061406.424801_KR_webconnectivity_6cbe61c0acf0d1d7
https://www.arabnews.com/,ok,https://explorer.ooni.org/m/20260327061407.627158_KR_webconnectivity_007f607f9522c1e8
https://www.article19.org/,ok,https://explorer.ooni.org/m/20260327061408.790471_KR_webconnectivity_778f809988f298a0
http://www.asiafoundation.org/,ok,https://explorer.ooni.org/m/20260327061411.418310_KR_webconnectivity_05bc9d1cd06c72c4
https://www.bbc.co.uk/,ok,https://explorer.ooni.org/m/20260327061414.546356_KR_webconnectivity_7c1503029fbf4239
https://www.bnaibrith.org/,ok,https://explorer.ooni.org/m/20260327061415.613376_KR_webconnectivity_f03c6289e2c40767
https://www.brookings.edu/,ok,https://explorer.ooni.org/m/20260327061417.722101_KR_webconnectivity_ca063e81596e380b
https://www.cato.org/,ok,https://explorer.ooni.org/m/20260327061420.631705_KR_webconnectivity_3e95862b7a7e1272
http://www.cawinfo.org/,tcp_ip,https://explorer.ooni.org/m/20260327061421.448922_KR_webconnectivity_9588d4dbf9d3b6b5
https://www.childrensdefense.org/,ok,https://explorer.ooni.org/m/20260327061423.860344_KR_webconnectivity_49f9deafaec0d521
https://www.chinatimes.com/,ok,https://explorer.ooni.org/m/20260327061425.615503_KR_webconnectivity_4cb60ab696cc323d
https://www.clintonfoundation.org/,ok,https://explorer.ooni.org/m/20260327061426.693925_KR_webconnectivity_7c2e83deb187ca75
https://www.cpj.org/,ok,https://explorer.ooni.org/m/20260327061428.908582_KR_webconnectivity_fb28ac2eb52048e5
https://www.cyberghostvpn.com/,dns,https://explorer.ooni.org/m/20260327061430.606725_KR_webconnectivity_d5c228fe21017053
https://www.dailywire.com/,ok,https://explorer.ooni.org/m/20260327061432.969809_KR_webconnectivity_2ac4a8705f4a0de2
https://www.disabilityrightsfund.org/,ok,https://explorer.ooni.org/m/20260327061435.438580_KR_webconnectivity_42d7f6ea4912a943
http://www.dit-inc.us/,dns,https://explorer.ooni.org/m/20260327061437.659526_KR_webconnectivity_13b1daf83b812c00
https://www.doriafeministfund.org/,ok,https://explorer.ooni.org/m/20260327061439.144168_KR_webconnectivity_d5968d4a183a5ee8
https://www.echr.coe.int/,ok,https://explorer.ooni.org/m/20260327061440.657604_KR_webconnectivity_63a61730764c1f46
https://www.economist.com/,ok,https://explorer.ooni.org/m/20260327061441.722635_KR_webconnectivity_cdcca3550f12b543
https://www.exgay.com/,ok,https://explorer.ooni.org/m/20260327061443.083492_KR_webconnectivity_b70a885d72979097
http://www.feer.com/,ok,https://explorer.ooni.org/m/20260327061445.048636_KR_webconnectivity_b58d5f74772aa4bc
https://www.foxnews.com/,ok,https://explorer.ooni.org/m/20260327061453.459279_KR_webconnectivity_a6b58f10f33ebe91
https://www.freespeechcoalition.com/,dns,https://explorer.ooni.org/m/20260327061454.222172_KR_webconnectivity_da3730814e062886
http://www.fridae.com/,dns,https://explorer.ooni.org/m/20260327061456.008910_KR_webconnectivity_d2440edd6c24d9e9
https://www.ft.com/,ok,https://explorer.ooni.org/m/20260327061457.051853_KR_webconnectivity_dcd1cef461460ed4
http://www.gayrice.com/gayplaces/country.php?cid=126,dns,https://explorer.ooni.org/m/20260327061457.750539_KR_webconnectivity_cce986aef1605b8c
https://www.gaystarnews.com/,dns,https://explorer.ooni.org/m/20260327061459.512938_KR_webconnectivity_9f929292e7bb7f7a
http://www.glbtqarchive.com/,ok,https://explorer.ooni.org/m/20260327061501.878396_KR_webconnectivity_1d14d7dc7228fbf7
http://www.goodasyou.net/,dns,https://explorer.ooni.org/m/20260327061502.768894_KR_webconnectivity_82b30eec41b90ddb
https://www.grindr.com/,dns,https://explorer.ooni.org/m/20260327061503.729116_KR_webconnectivity_84ead84426e693b3
https://www.hidemyass.com/,dns,https://explorer.ooni.org/m/20260327061504.534722_KR_webconnectivity_d0c7a1a3009ede87
https://www.hotspotshield.com/,dns,https://explorer.ooni.org/m/20260327061505.271188_KR_webconnectivity_8f8aec2b0963b7e8
https://www.hrw.org/,ok,https://explorer.ooni.org/m/20260327061508.207048_KR_webconnectivity_bbb91a0f41a497cf
https://www.hrw.org/asia/south-korea,ok,https://explorer.ooni.org/m/20260327061510.449935_KR_webconnectivity_fd4ab5ef8758c404
http://www.http-tunnel.com/,dns,https://explorer.ooni.org/m/20260327061511.215968_KR_webconnectivity_a30c95b88e59408a
https://www.icc-cpi.int/,ok,https://explorer.ooni.org/m/20260327061513.588582_KR_webconnectivity_5d370a2c32a66215
https://www.icj.org/,dns,https://explorer.ooni.org/m/20260327061514.447612_KR_webconnectivity_99963b590220cf54
http://www.ifex.org/,ok,https://explorer.ooni.org/m/20260327061515.302727_KR_webconnectivity_234a886c9ae2d216
http://www.ifge.org/,dns,https://explorer.ooni.org/m/20260327061517.717073_KR_webconnectivity_be23d9813498937a
https://www.ineedana.com/,dns,https://explorer.ooni.org/m/20260327061519.733459_KR_webconnectivity_57c90e6d95261fe2
https://www.infomigrants.net/,ok,https://explorer.ooni.org/m/20260327061526.347221_KR_webconnectivity_7184a342e84a3321
http://www.inochong.org/,ok,https://explorer.ooni.org/m/20260327061530.076055_KR_webconnectivity_2ab890115c9b225f
https://www.ipvanish.com/,dns,https://explorer.ooni.org/m/20260327061531.825303_KR_webconnectivity_2030d419efb8c5c3
https://www.ivpn.net/,dns,https://explorer.ooni.org/m/20260327061533.007225_KR_webconnectivity_1e1ae18a02fa00b4
https://www.jihadwatch.org/,ok,https://explorer.ooni.org/m/20260327061533.977359_KR_webconnectivity_d27c3902d640b5ec
http://www.kcna.kp/,dns,https://explorer.ooni.org/m/20260327061535.525309_KR_webconnectivity_0204fbce2efb8727
http://www.khrp.org/,ok,https://explorer.ooni.org/m/20260327061537.432409_KR_webconnectivity_260a47653d65e7ac
https://www.knapsackforhope.org/,ok,https://explorer.ooni.org/m/20260327061538.383297_KR_webconnectivity_de0377dae882551c
http://www.korea-htr.com/,confirmed,https://explorer.ooni.org/m/20260327061539.410663_KR_webconnectivity_2334277b9ba57782
http://www.korea-htr.com/chuo/,confirmed,https://explorer.ooni.org/m/20260327061540.331771_KR_webconnectivity_842a249472eab4ce
http://www.kqcf.org/,ok,https://explorer.ooni.org/m/20260327061543.111274_KR_webconnectivity_d98250a3aa44d2bf
https://www.megaproxy.com/,dns,https://explorer.ooni.org/m/20260327061549.288660_KR_webconnectivity_6e5e51b360b617e6
https://www.mideastyouth.com/,ok,https://explorer.ooni.org/m/20260327061552.305961_KR_webconnectivity_9e4a3cc8af3170d2
https://www.mombian.com/,ok,https://explorer.ooni.org/m/20260327061553.849126_KR_webconnectivity_5c4455ef33056f5c
https://www.nifty.org/,dns,https://explorer.ooni.org/m/20260327061556.146303_KR_webconnectivity_d1628bec70053e58
http://www.nkhumanrights.or.kr/,ok,https://explorer.ooni.org/m/20260327061600.510994_KR_webconnectivity_6926a859d4869453
https://www.nytimes.com/,ok,https://explorer.ooni.org/m/20260327061605.114193_KR_webconnectivity_91c134304a5c392f
https://www.ohchr.org/,ok,https://explorer.ooni.org/m/20260327061606.659122_KR_webconnectivity_4868c8e9e39dd373
https://www.opensocietyfoundations.org/,ok,https://explorer.ooni.org/m/20260327061608.772386_KR_webconnectivity_5a27305037c75afa
http://www.pangari.net/,ok,https://explorer.ooni.org/m/20260327061609.511747_KR_webconnectivity_f7b30f19865a4b15
http://www.peacefire.org/circumventor/simple-circumventor-instructions.html,dns,https://explorer.ooni.org/m/20260327061610.517776_KR_webconnectivity_26f2bcdf31772373
https://www.pinkcupid.com/,dns,https://explorer.ooni.org/m/20260327061613.386417_KR_webconnectivity_29794de8845d3d86
https://www.privateinternetaccess.com/,dns,https://explorer.ooni.org/m/20260327061614.474869_KR_webconnectivity_dba36282fc075714
https://www.refugeesinternational.org/,ok,https://explorer.ooni.org/m/20260327061617.272064_KR_webconnectivity_d426be8e9cda0e6c
https://www.reprolegalhelpline.org/,dns,https://explorer.ooni.org/m/20260327061618.090720_KR_webconnectivity_4adade52b59ae2e1
https://www.rescue.org/,ok,https://explorer.ooni.org/m/20260327061621.289133_KR_webconnectivity_2defc992ab7d77d4
https://www.rfi.fr/,ok,https://explorer.ooni.org/m/20260327061627.617974_KR_webconnectivity_3eb26c16bc502a47
http://www.sarangbang.or.kr/,ok,https://explorer.ooni.org/m/20260327061633.192650_KR_webconnectivity_d578383c726bf6c1
http://www.scmp.com/,ok,https://explorer.ooni.org/m/20260327061635.519574_KR_webconnectivity_9f88fb05958e931a
https://www.scruff.com/,dns,https://explorer.ooni.org/m/20260327061636.352109_KR_webconnectivity_0a2076877a307693
http://www.sisainlive.com/,ok,https://explorer.ooni.org/m/20260327061637.211930_KR_webconnectivity_985419d3e3fdae58
http://www.snumaum.org/,ok,https://explorer.ooni.org/m/20260327061640.348774_KR_webconnectivity_d4000031fbb011f6
http://www.sp.or.kr/,dns,https://explorer.ooni.org/m/20260327061641.841565_KR_webconnectivity_9a58bb8c72ef94b2
https://www.starlink.com/,ok,https://explorer.ooni.org/m/20260327061644.070011_KR_webconnectivity_eabb7e21dd0d0867
https://www.telegraph.co.uk/,ok,https://explorer.ooni.org/m/20260327061645.683020_KR_webconnectivity_c2f7a31b08ba4db4
http://www.theepochtimes.com/,ok,https://explorer.ooni.org/m/20260327061648.936314_KR_webconnectivity_71afbe21d1edfd33
https://www.torproject.org/,dns,https://explorer.ooni.org/m/20260327061650.937472_KR_webconnectivity_c751b603e90c24c9
http://www.towleroad.com/,dns,https://explorer.ooni.org/m/20260327061652.438457_KR_webconnectivity_8aecd8daccc19ba2
https://www.transgendermap.com/,ok,https://explorer.ooni.org/m/20260327061655.648175_KR_webconnectivity_546c315b43818228
https://www.transparency.org/,ok,https://explorer.ooni.org/m/20260327061658.163423_KR_webconnectivity_c048c4b864c5ebe7
https://www.unfe.org/,ok,https://explorer.ooni.org/m/20260327061659.167658_KR_webconnectivity_3caecae98ec31296
https://www.unfpa.org/,ok,https://explorer.ooni.org/m/20260327061701.908652_KR_webconnectivity_ac728c740514e0dd
https://www.unhcr.org/,ok,https://explorer.ooni.org/m/20260327061702.781122_KR_webconnectivity_b22899066d0d0ef6
https://www.unicef.org/,ok,https://explorer.ooni.org/m/20260327061703.564296_KR_webconnectivity_311e51bf818b77de
https://www.uproxy.org/,dns,https://explorer.ooni.org/m/20260327061704.471762_KR_webconnectivity_a5da51e80e4e4631
http://www.upschool.net/xe/,ok,https://explorer.ooni.org/m/20260327061706.048312_KR_webconnectivity_e6df6dc987c14520
http://www.vop.co.kr/,error,https://explorer.ooni.org/m/20260327061728.749894_KR_webconnectivity_93bfa016339c128e
https://www.vpnunlimited.com/,dns,https://explorer.ooni.org/m/20260327061734.677154_KR_webconnectivity_8168e35268992526
https://www.womenforwomen.org/,ok,https://explorer.ooni.org/m/20260327061737.236188_KR_webconnectivity_98b8442a4ccd8479
http://www.womenvoters.or.kr/,ok,https://explorer.ooni.org/m/20260327061739.976426_KR_webconnectivity_48bbf97a3c3f1cf9
https://abs.twimg.com/sticky/default_profile_images/default_profile_normal.png,ok,https://explorer.ooni.org/m/20260327061741.386050_KR_webconnectivity_6d7a9432561bbb9a
https://badoo.com/,dns,https://explorer.ooni.org/m/20260327061749.482962_KR_webconnectivity_536a5729cde431d4
https://bsky.app/,ok,https://explorer.ooni.org/m/20260327061751.610875_KR_webconnectivity_1e68cb056a493df7
https://clubhouse.pubnub.com/,ok,https://explorer.ooni.org/m/20260327061753.678541_KR_webconnectivity_7d6b09aee1ac3a1d
https://edge-chat.instagram.com/robots.txt,ok,https://explorer.ooni.org/m/20260327061755.398283_KR_webconnectivity_c6ee8f70f676011e
https://edge-mqtt.facebook.com/favicon.ico,ok,https://explorer.ooni.org/m/20260327061756.678632_KR_webconnectivity_9d9c854261005517
https://gettr.com/,ok,https://explorer.ooni.org/m/20260327061759.178503_KR_webconnectivity_4e6a6b95abe0b50d
https://i.instagram.com/robots.txt,ok,https://explorer.ooni.org/m/20260327061801.262225_KR_webconnectivity_85b01c7eaba2df01
https://joinmastodon.org/,ok,https://explorer.ooni.org/m/20260327061803.041769_KR_webconnectivity_24009c0151a30882
https://locals.com/,ok,https://explorer.ooni.org/m/20260327061805.584846_KR_webconnectivity_db2b70fa5a1945bc
https://mastodon.cloud/,ok,https://explorer.ooni.org/m/20260327061807.817530_KR_webconnectivity_e0b8a63fdf1c7012
https://mastodon.social/,ok,https://explorer.ooni.org/m/20260327061810.040804_KR_webconnectivity_cc37748ec651421b
https://mstdn.io/,ok,https://explorer.ooni.org/m/20260327061812.392315_KR_webconnectivity_9aa9562ac738d118
https://pixelfed.social/,ok,https://explorer.ooni.org/m/20260327061815.104420_KR_webconnectivity_a5eaa820217590d9
https://preview.redd.it/robots.txt,ok,https://explorer.ooni.org/m/20260327061819.426825_KR_webconnectivity_1078e33da5f8dba1
https://s.pinimg.com/robots.txt,ok,https://explorer.ooni.org/m/20260327061821.482742_KR_webconnectivity_a39a11410d35a729
https://scontent-vie1-1.cdninstagram.com/favicon.ico,ok,https://explorer.ooni.org/m/20260327061824.108907_KR_webconnectivity_a23a2eb231ed7cf2
https://scontent.cdninstagram.com/robots.txt,ok,https://explorer.ooni.org/m/20260327061825.810290_KR_webconnectivity_62381b0c9d16d7c7
https://staticxx.facebook.com/robots.txt,ok,https://explorer.ooni.org/m/20260327061831.109658_KR_webconnectivity_e2a31b8541af5931
https://valence.community/,ok,https://explorer.ooni.org/m/20260327061837.322238_KR_webconnectivity_efccd4a564062a12
https://video.twimg.com/tweet_video/EC6DSXDXsAEhHAa.mp4,ok,https://explorer.ooni.org/m/20260327061843.223544_KR_webconnectivity_8213796388ebcdfe
https://web.facebook.com/robots.txt,ok,https://explorer.ooni.org/m/20260327061845.095871_KR_webconnectivity_d80c4de53c37b28f
https://www.hootsuite.com/,ok,https://explorer.ooni.org/m/20260327061847.199885_KR_webconnectivity_f1cdf1d0554d24bd
https://www.imqq.com/,ok,https://explorer.ooni.org/m/20260327061849.305809_KR_webconnectivity_0bf41f35f5603c92
https://www.linkedin.com/,ok,https://explorer.ooni.org/m/20260327061851.504751_KR_webconnectivity_21dc5b2c68c4d058
https://www.minds.com/,ok,https://explorer.ooni.org/m/20260327061903.923048_KR_webconnectivity_ca8e89e2e83d7448
https://www.patreon.com/,ok,https://explorer.ooni.org/m/20260327061905.443836_KR_webconnectivity_4d251829bfd69bb6
https://www.trendsmap.com/,dns,https://explorer.ooni.org/m/20260327061906.479661_KR_webconnectivity_62894794a271b8a8
https://www.worldpulse.com/,ok,https://explorer.ooni.org/m/20260327061907.784867_KR_webconnectivity_df27aba1145d1c50
http://detectportal.firefox.com/success.txt,ok,https://explorer.ooni.org/m/20260327061909.598399_KR_webconnectivity_d1b386e4d6206e5f
https://electrum.org/,dns,https://explorer.ooni.org/m/20260327061914.435900_KR_webconnectivity_85585f2d743105df
https://store.epicgames.com/,dns,https://explorer.ooni.org/m/20260327061915.189550_KR_webconnectivity_06ad0415c096e3f5
https://tlauncher.org/,dns,https://explorer.ooni.org/m/20260327061915.998849_KR_webconnectivity_882b9a5bdde9cbaa
https://uphold.com/,dns,https://explorer.ooni.org/m/20260327061916.910453_KR_webconnectivity_586d7e2f89cf70bd
http://www.riftgame.com/,dns,https://explorer.ooni.org/m/20260327061920.772307_KR_webconnectivity_778ea7cddc085260
https://www.coolmathgames.com/,dns,https://explorer.ooni.org/m/20260327061917.691435_KR_webconnectivity_a7c319e9caa5ed2a
https://www.xbox.com/,dns,https://explorer.ooni.org/m/20260327061925.494454_KR_webconnectivity_fd2944b6b75198e0
https://forum.mhut.org/,dns,https://explorer.ooni.org/m/20260327061926.481244_KR_webconnectivity_ff2801a1b0c432ab
https://microsoftedge.microsoft.com/addons/Microsoft-Edge-Extensions-Home,dns,https://explorer.ooni.org/m/20260327061928.254179_KR_webconnectivity_2dbb994e2f368862
https://rargb.to/,dns,https://explorer.ooni.org/m/20260327061936.229866_KR_webconnectivity_fad3181cae2f3fd3
https://sci-hub.se/,dns,https://explorer.ooni.org/m/20260327061936.914588_KR_webconnectivity_e48f630e1e7f4e29
http://software.naver.com/,ok,https://explorer.ooni.org/m/20260327061937.785492_KR_webconnectivity_19baec77d06f45a1
http://tongil-i.net/,ok,https://explorer.ooni.org/m/20260327061939.416449_KR_webconnectivity_7065acb5ba87f295
http://torrent82.com/,ok,https://explorer.ooni.org/m/20260327061941.218704_KR_webconnectivity_1c4abbef95a39848
http://www.dprkstudies.org/documents/nkpics/picgal.html,dns,https://explorer.ooni.org/m/20260327061949.628697_KR_webconnectivity_ede0b830eb325772
https://www.rollingstone.com/,dns,https://explorer.ooni.org/m/20260327061951.376803_KR_webconnectivity_8b749cf50c697b13
https://yts.mx/,dns,https://explorer.ooni.org/m/20260327061957.139650_KR_webconnectivity_69ab561d1e02b28f
https://1.0.0.3/dns-query?dns=q80BAAABAAAAAAAAA3d3dwdleGFtcGxlA2NvbQAAAQAB,ok,https://explorer.ooni.org/m/20260327061957.879620_KR_webconnectivity_3a369592cbdf1315
https://9.9.9.9/dns-query?dns=q80BAAABAAAAAAAAA3d3dwdleGFtcGxlA2NvbQAAAQAB,tcp_ip,https://explorer.ooni.org/m/20260327061958.462041_KR_webconnectivity_2a63da50c699d4e7
https://assets.gitlab-static.net/robots.txt,ok,https://explorer.ooni.org/m/20260327061959.200378_KR_webconnectivity_928fbcd3859cb24e
https://gitlab.com/,dns,https://explorer.ooni.org/m/20260327062000.223562_KR_webconnectivity_b1771f8e6dac337c
https://mozilla.cloudflare-dns.com/dns-query?dns=q80BAAABAAAAAAAAA3d3dwdleGFtcGxlA2NvbQAAAQAB,dns,https://explorer.ooni.org/m/20260327062000.982762_KR_webconnectivity_eab64aa8c1da6f4f
http://r3.o.lencr.org/,ok,https://explorer.ooni.org/m/20260327062001.745923_KR_webconnectivity_cd3fd3199f38a40c
https://telegra.ph/,dns,https://explorer.ooni.org/m/20260327062002.784843_KR_webconnectivity_a24f693da13ae653
https://www.beintheknow.org/,dns,https://explorer.ooni.org/m/20260327062007.736130_KR_webconnectivity_a2218a0223d49fc9
http://www.scarleteen.com/,dns,https://explorer.ooni.org/m/20260327062019.880321_KR_webconnectivity_c5bad587733abfee
http://www.siecus.org/,dns,https://explorer.ooni.org/m/20260327062020.653490_KR_webconnectivity_5b6be9f554d10ec1
https://bcc.chat/,ok,https://explorer.ooni.org/m/20260327062024.122601_KR_webconnectivity_7a38eae5d0b75212
http://cafe.naver.com/gjhlk,ok,https://explorer.ooni.org/m/20260327062026.812382_KR_webconnectivity_a586fd82b03bb780
https://chatgpt.com/,ok,https://explorer.ooni.org/m/20260327062027.899402_KR_webconnectivity_87d39336209337d8
https://chika.aangat.lahat.computer/,dns,https://explorer.ooni.org/m/20260327062029.034180_KR_webconnectivity_97944e4382d2e1ad
https://claude.ai/,ok,https://explorer.ooni.org/m/20260327062030.281496_KR_webconnectivity_49c415a271c7728d
https://coronavirus.jhu.edu/map.html,ok,https://explorer.ooni.org/m/20260327062032.803876_KR_webconnectivity_78eaf04ca01e0a08
https://disqus.com/,ok,https://explorer.ooni.org/m/20260327062033.822830_KR_webconnectivity_d8bc542b84fba2f2
https://dit.whatsapp.net/robots.txt,ok,https://explorer.ooni.org/m/20260327062040.993005_KR_webconnectivity_3d0cf4bf2367ee22
https://encrypted-tbn0.gstatic.com/robots.txt,ok,https://explorer.ooni.org/m/20260327062043.383052_KR_webconnectivity_7abe614b35dc317f
https://experience.arcgis.com/experience/685d0ace521648f8a5beeeee1b9125cd,ok,https://explorer.ooni.org/m/20260327062045.369385_KR_webconnectivity_32a7cfbfcba84d31
https://hgis.uw.edu/virus/,ok,https://explorer.ooni.org/m/20260327062055.961757_KR_webconnectivity_8dfe2a5272c6f9d7
http://imagebingo.naver.com/,ok,https://explorer.ooni.org/m/20260327062057.599525_KR_webconnectivity_6d2d2d04fc534b9a
http://imo.im/,ok,https://explorer.ooni.org/m/20260327062103.022851_KR_webconnectivity_438a0d685fbffa58
https://journals.lww.com/,ok,https://explorer.ooni.org/m/20260327062106.303799_KR_webconnectivity_67bf6b3bac1f42a4
https://lbry.com/,ok,https://explorer.ooni.org/m/20260327062108.659023_KR_webconnectivity_c3d02918dbeb64ad
https://lbry.org/,ok,https://explorer.ooni.org/m/20260327062110.407358_KR_webconnectivity_e0b900cb268904fd
https://line.me/,ok,https://explorer.ooni.org/m/20260327062112.297741_KR_webconnectivity_a8dd0af3b28d5364
https://livestream.com/,ok,https://explorer.ooni.org/m/20260327062114.292678_KR_webconnectivity_455a01c80b938458
https://mail.yandex.ru/,dns,https://explorer.ooni.org/m/20260327062115.380292_KR_webconnectivity_faa21369d145ed23
https://matrix-client.matrix.org/_matrix/client/versions,ok,https://explorer.ooni.org/m/20260327062116.458611_KR_webconnectivity_818c5b9b9974a3ba
https://matrix.org/,ok,https://explorer.ooni.org/m/20260327062118.926589_KR_webconnectivity_3b7cbde28791765d
https://matrix.to/,ok,https://explorer.ooni.org/m/20260327062120.321542_KR_webconnectivity_13ec050905f92340
https://mattermost.com/,ok,https://explorer.ooni.org/m/20260327062122.702967_KR_webconnectivity_c03cf5a12b64bf73
https://media-arn2-1.cdn.whatsapp.net/robots.txt,ok,https://explorer.ooni.org/m/20260327062128.088949_KR_webconnectivity_b23c8c731273e484
https://meet.jit.si/,ok,https://explorer.ooni.org/m/20260327062129.863058_KR_webconnectivity_329c975d18541e13
https://odysee.com/,ok,https://explorer.ooni.org/m/20260327062131.424810_KR_webconnectivity_e9fe59f8d5ee12db
http://onairkorean.tv/,dns,https://explorer.ooni.org/m/20260327062132.554936_KR_webconnectivity_a221b85c38f7bea3
https://openai.com/,ok,https://explorer.ooni.org/m/20260327062133.666348_KR_webconnectivity_623770f9e6eb4427
https://openobservatory.slack.com/,ok,https://explorer.ooni.org/m/20260327062137.219939_KR_webconnectivity_09eb82e2f50326ce
https://pinboard.in/,ok,https://explorer.ooni.org/m/20260327062139.594692_KR_webconnectivity_a19fa773b486981b
https://postimage.io/,http-failure,https://explorer.ooni.org/m/20260327062142.037903_KR_webconnectivity_a77699080a02c450
https://pps.whatsapp.net/robots.txt,ok,https://explorer.ooni.org/m/20260327062143.654482_KR_webconnectivity_64db0990b6b1b5c2
https://presearch.com/,ok,https://explorer.ooni.org/m/20260327062144.867008_KR_webconnectivity_d8c91069d35616b4
http://sakhr.com/,ok,https://explorer.ooni.org/m/20260327062146.229341_KR_webconnectivity_e4fd06231cd8564c
https://simplex.chat/,ok,https://explorer.ooni.org/m/20260327062148.489139_KR_webconnectivity_7148f6d313636113
https://slack-imgs.com/,ok,https://explorer.ooni.org/m/20260327062150.198242_KR_webconnectivity_004140a9dd7773a3
https://slack.com/,ok,https://explorer.ooni.org/m/20260327062153.397211_KR_webconnectivity_6ff1ae12ff686ad7
https://st1.zoom.us/zoom.ico,ok,https://explorer.ooni.org/m/20260327062154.450950_KR_webconnectivity_5ddb95a1af78d8c4
https://telegram.me/,dns,https://explorer.ooni.org/m/20260327062155.324776_KR_webconnectivity_17a404bce66bef54
https://trello.com/,ok,https://explorer.ooni.org/m/20260327062157.591112_KR_webconnectivity_66100fe0f013841f
http://tvpot.daum.net/,dns,https://explorer.ooni.org/m/20260327062158.842272_KR_webconnectivity_4bdc64e0b266df80
http://tvpot.media.daum.net/,ok,https://explorer.ooni.org/m/20260327062200.067697_KR_webconnectivity_8caaa330ac54aa6b
https://tvzil.com/,dns,https://explorer.ooni.org/m/20260327062201.771688_KR_webconnectivity_854a6dc90fefa7b4
https://webcache.googleusercontent.com/robots.txt,ok,https://explorer.ooni.org/m/20260327062203.663480_KR_webconnectivity_62b67d7f92a6945e
https://wire.com/,ok,https://explorer.ooni.org/m/20260327062206.123562_KR_webconnectivity_a80ba24d72dca2fc
http://www.ask.com/,ok,https://explorer.ooni.org/m/20260327062209.388366_KR_webconnectivity_b9a862fa80f7fae0
https://www.asterisk.org/,ok,https://explorer.ooni.org/m/20260327062217.177168_KR_webconnectivity_31db08add85fecaf
https://www.bitchute.com/,ok,https://explorer.ooni.org/m/20260327062218.487226_KR_webconnectivity_4fb6df5bffd03560
https://www.bittorrent.com/,dns,https://explorer.ooni.org/m/20260327062219.225591_KR_webconnectivity_bf4b416028121ddf
https://www.blackberry.com/,ok,https://explorer.ooni.org/m/20260327062222.560824_KR_webconnectivity_5de561a2e4b00e83
https://www.cdc.go.kr/board/board.es?mid=&bid=0030,error,https://explorer.ooni.org/m/20260327062224.907143_KR_webconnectivity_6e849bdcd73e7c7f
http://www.chol.com/,dns,https://explorer.ooni.org/m/20260327062226.918854_KR_webconnectivity_8b29a2a1d5c8cbbe
https://www.dailymotion.com/,ok,https://explorer.ooni.org/m/20260327062229.922864_KR_webconnectivity_8f3f476e500c320b
https://www.deepseek.com/,dns,https://explorer.ooni.org/m/20260327062230.710636_KR_webconnectivity_819bf152e69e11c6
https://www.ectaco.com/,dns,https://explorer.ooni.org/m/20260327062231.774298_KR_webconnectivity_d350aa9926cf0a62
http://www.empas.com/,ok,https://explorer.ooni.org/m/20260327062237.364277_KR_webconnectivity_b2d17de48a3cc06d
https://www.excite.com/,dns,https://explorer.ooni.org/m/20260327062238.622522_KR_webconnectivity_bef851417631a686
https://www.fastmail.com/,ok,https://explorer.ooni.org/m/20260327062240.703983_KR_webconnectivity_c5084af261cb84a0
https://www.flickr.com/,ok,https://explorer.ooni.org/m/20260327062243.115095_KR_webconnectivity_c836a8c6f409e51b
http://www.kissphoto.net/,ok,https://explorer.ooni.org/m/20260327062244.803772_KR_webconnectivity_fa2234308e3b0d8c
https://www.gmx.com/,dns,https://explorer.ooni.org/m/20260327062243.846355_KR_webconnectivity_981374e27cfc71f9
http://www.lets070.net/,ok,https://explorer.ooni.org/m/20260327062246.755597_KR_webconnectivity_0f21f481fafa8bd3
https://www.liveleak.com/,error,https://explorer.ooni.org/m/20260327062249.269577_KR_webconnectivity_3f93ff1b5e4d4858
http://www.lsinc.co.kr/,ok,https://explorer.ooni.org/m/20260327062249.946149_KR_webconnectivity_eb160fae0b8d261f
http://www.lxnetworks.co.kr/,error,https://explorer.ooni.org/m/20260327062254.768626_KR_webconnectivity_f347d2ff64308805
http://www.photobucket.com/,dns,https://explorer.ooni.org/m/20260327062255.618956_KR_webconnectivity_737015b8a0357e00
https://www.tumblr.com/,dns,https://explorer.ooni.org/m/20260327062256.951945_KR_webconnectivity_1992d6237776b5d4
https://www.twitch.tv/,dns,https://explorer.ooni.org/m/20260327062257.876491_KR_webconnectivity_6343e4770ff58643
https://www.ushareit.com/,dns,https://explorer.ooni.org/m/20260327062259.810519_KR_webconnectivity_a3482d86dadb37db
https://www.vonage.com/,ok,https://explorer.ooni.org/m/20260327062300.858653_KR_webconnectivity_8db193d9c2c4d74b
http://www.webbox.com/index.php,ok,https://explorer.ooni.org/m/20260327062302.040397_KR_webconnectivity_fbe00859d3caf445
https://www.wordreference.com/,ok,https://explorer.ooni.org/m/20260327062303.538269_KR_webconnectivity_d2bba4661d0a0464
https://www.y2mate.com/,dns,https://explorer.ooni.org/m/20260327062304.287329_KR_webconnectivity_4d762a54480e1c64
http://www.zzn.com/,ok,https://explorer.ooni.org/m/20260327062305.921306_KR_webconnectivity_8ec7db09b6a9b10b
https://ya.ru/,dns,https://explorer.ooni.org/m/20260327062306.953192_KR_webconnectivity_dba4df3f06d5dc68
http://416family.org/,ok,https://explorer.ooni.org/m/20260327062308.956351_KR_webconnectivity_3fc77287901f5216
https://allthefallen.moe/,dns,https://explorer.ooni.org/m/20260327062310.267421_KR_webconnectivity_6d4b0305e687f6b0
https://anon.inf.tu-dresden.de/,dns,https://explorer.ooni.org/m/20260327062311.157837_KR_webconnectivity_71ba42ab7efdea59
http://beyondexgay.com/,http-diff,https://explorer.ooni.org/m/20260327062313.452956_KR_webconnectivity_0c18d24ee2b6682d
https://bi.org/,dns,https://explorer.ooni.org/m/20260327062314.683658_KR_webconnectivity_89e86d8fcbe6d1c3
https://boingboing.net/,dns,https://explorer.ooni.org/m/20260327062317.584163_KR_webconnectivity_0ce80b706d4c2e67
https://carafem.org/,dns,https://explorer.ooni.org/m/20260327062322.498623_KR_webconnectivity_3c65c00ff9765372
https://cryptome.org/,dns,https://explorer.ooni.org/m/20260327062326.171278_KR_webconnectivity_3d9532b3210f9c4d
https://dartcenter.org/,ok,https://explorer.ooni.org/m/20260327062327.555890_KR_webconnectivity_51657bb3e1208ef3
https://defenddefenders.org/,ok,https://explorer.ooni.org/m/20260327062328.780960_KR_webconnectivity_421a58bd7ebc1f2f
https://equal-eyes.org/,ok,https://explorer.ooni.org/m/20260327062331.680065_KR_webconnectivity_36a955ca2d74bd77
https://foreignpolicy.com/,ok,https://explorer.ooni.org/m/20260327062334.011354_KR_webconnectivity_14be501df0dba816
https://freenetproject.org/,dns,https://explorer.ooni.org/m/20260327062334.821329_KR_webconnectivity_1b3c385b47981915
https://geti2p.net/,dns,https://explorer.ooni.org/m/20260327062335.631652_KR_webconnectivity_53a85ae7aed5995c
http://hcy.jinbo.net/,ok,https://explorer.ooni.org/m/20260327062337.633020_KR_webconnectivity_d5d2e7878f569323
https://hornet.com/,dns,https://explorer.ooni.org/m/20260327062338.450542_KR_webconnectivity_bb16f9083d57f140
http://hrnet.jinbo.net/,ok,https://explorer.ooni.org/m/20260327062340.395690_KR_webconnectivity_7e68277d4598698d
https://i2pd.website/,dns,https://explorer.ooni.org/m/20260327062342.198907_KR_webconnectivity_fc8cbdc8fb3b639a
http://joins.com/,ok,https://explorer.ooni.org/m/20260327062343.566311_KR_webconnectivity_65bfa1cda74fa15d
https://justthepill.com/,dns,https://explorer.ooni.org/m/20260327062348.338677_KR_webconnectivity_9d236f8e426c6b1e
https://kaleidoscopetrust.com/,ok,https://explorer.ooni.org/m/20260327062355.333002_KR_webconnectivity_d17dd5d92805e9d7
https://keys.openpgp.org/,ok,https://explorer.ooni.org/m/20260327062359.693548_KR_webconnectivity_db3cd7fe000bd54e
http://kfcitu.org/,ok,https://explorer.ooni.org/m/20260327062407.382927_KR_webconnectivity_666e0b585dac12c9
http://khilafah.net/,ok,https://explorer.ooni.org/m/20260327062413.588845_KR_webconnectivity_2d8149af655b7ac2
http://kieu.or.kr/,ok,https://explorer.ooni.org/m/20260327062416.137106_KR_webconnectivity_397305f4a761f521
http://koreapinkmap.com/,http-failure,https://explorer.ooni.org/m/20260327062420.866287_KR_webconnectivity_39e0758626cfb270
http://koredufund.org.kp/,dns,https://explorer.ooni.org/m/20260327062424.678635_KR_webconnectivity_30cda802cacc8fa5
http://korelcfund.org.kp/,dns,https://explorer.ooni.org/m/20260327062430.124482_KR_webconnectivity_b4d8d18adb312996
http://ktu.or.kr/,tcp_ip,https://explorer.ooni.org/m/20260327062516.145055_KR_webconnectivity_baf90d0786de938f
https://laborrights.org/,ok,https://explorer.ooni.org/m/20260327062521.244004_KR_webconnectivity_c881d6d4cff5e545
http://leftworkers.org/,ok,https://explorer.ooni.org/m/20260327062522.440084_KR_webconnectivity_2d514404cc81615f
https://lgbt.foundation/,ok,https://explorer.ooni.org/m/20260327062526.022989_KR_webconnectivity_6e7df54e3d95aeab
http://lgbtact.org/,dns,https://explorer.ooni.org/m/20260327062541.741733_KR_webconnectivity_272312374acf2499
https://lgbtqia.space/,ok,https://explorer.ooni.org/m/20260327062545.125442_KR_webconnectivity_2b3ee9fa4d1921e7
https://liveuamap.com/,ok,https://explorer.ooni.org/m/20260327062548.238136_KR_webconnectivity_6371825a9d1703f9
https://lokinet.org/,ok,https://explorer.ooni.org/m/20260327062551.402994_KR_webconnectivity_a1b828c765e1f35a
https://makeamazonpay.com/,ok,https://explorer.ooni.org/m/20260327062555.910429_KR_webconnectivity_935150de39cb280c
https://mask-api.icloud.com/,ok,https://explorer.ooni.org/m/20260327062558.317745_KR_webconnectivity_e1a999f802cf82a7
https://mask.icloud.com/,error,https://explorer.ooni.org/m/20260327062600.341111_KR_webconnectivity_aefc41249aa88f34
https://massbrowser.cs.umass.edu/,ok,https://explorer.ooni.org/m/20260327062603.831463_KR_webconnectivity_f24b1900dab41cd2
http://media.daum.net/,ok,https://explorer.ooni.org/m/20260327062611.278089_KR_webconnectivity_f3a081db6605ae63
http://media.nodong.org/,ok,https://explorer.ooni.org/m/20260327062615.224556_KR_webconnectivity_edd8aab0f78bc7ca
https://mega.nz/,ok,https://explorer.ooni.org/m/20260327062620.210294_KR_webconnectivity_9907d59c154ab3f3
http://members.tripod.com/~INDIA_RESOURCE/savoice.html,dns,https://explorer.ooni.org/m/20260327062627.857595_KR_webconnectivity_435880fca5d23e6f
https://messagevortex.net/,ok,https://explorer.ooni.org/m/20260327062630.966411_KR_webconnectivity_11ef509790bdce1a
http://migrant.nodong.net/,ok,https://explorer.ooni.org/m/20260327062633.726118_KR_webconnectivity_60d1753e62bba79f
http://minbyun.jinbo.net/,ok,https://explorer.ooni.org/m/20260327062638.561619_KR_webconnectivity_e108f9b8fffe4775
https://moscow.rtrs.ru/,ok,https://explorer.ooni.org/m/20260327062642.782541_KR_webconnectivity_64e65323c6f2d086
http://naenara.com.kp/,dns,https://explorer.ooni.org/m/20260327062649.404507_KR_webconnectivity_97df6431030d8a09
https://ncac.org/,ok,https://explorer.ooni.org/m/20260327062653.003481_KR_webconnectivity_b530bc1bf6af9832
https://neilalexander.s3.dualstack.eu-west-2.amazonaws.com/deb/key.txt,ok,https://explorer.ooni.org/m/20260327062700.110176_KR_webconnectivity_960daa2ccbe7e591
http://news.bbc.co.uk/2/hi/asia-pacific/,ok,https://explorer.ooni.org/m/20260327062704.769676_KR_webconnectivity_348cf0a7a2226472
https://news.google.com/,ok,https://explorer.ooni.org/m/20260327062708.426434_KR_webconnectivity_80efc7225a09f466
http://news.naver.com/,ok,https://explorer.ooni.org/m/20260327062712.363143_KR_webconnectivity_5d6f7dfcce898b8f
http://newstapa.org/,ok,https://explorer.ooni.org/m/20260327062716.327667_KR_webconnectivity_dd016edc00e1b5a0
http://nodong.org/,ok,https://explorer.ooni.org/m/20260327062722.584207_KR_webconnectivity_1d27187616ccd347
http://noneis.jinbo.net/,ok,https://explorer.ooni.org/m/20260327062727.056107_KR_webconnectivity_6a84d32975eef4e9
https://now.org/,ok,https://explorer.ooni.org/m/20260327062730.307632_KR_webconnectivity_351724a4323f9077
https://numun.fund/,ok,https://explorer.ooni.org/m/20260327062738.359482_KR_webconnectivity_9418c7bd52dde088
https://nypost.com/,ok,https://explorer.ooni.org/m/20260327062742.266097_KR_webconnectivity_ae8b81701fe2b8b0
https://onionshare.org/,ok,https://explorer.ooni.org/m/20260327062745.555182_KR_webconnectivity_4ffc215fa2ac229a
https://ooni.torproject.org/,dns,https://explorer.ooni.org/m/20260327062746.657366_KR_webconnectivity_405cff02abef4298
https://opennet.net/,ok,https://explorer.ooni.org/m/20260327062751.524288_KR_webconnectivity_fe3a39e39bef25a9
http://opennet.or.kr/,ok,https://explorer.ooni.org/m/20260327062758.808251_KR_webconnectivity_a7a376753e2ab131
https://openvpn.net/,dns,https://explorer.ooni.org/m/20260327062759.712357_KR_webconnectivity_5acb5420bed473c9
https://otr.cypherpunks.ca/,ok,https://explorer.ooni.org/m/20260327062803.032118_KR_webconnectivity_7d7d22cee0637de4
http://outpridekorea.com/,dns,https://explorer.ooni.org/m/20260327062819.782499_KR_webconnectivity_b1518f5c04ed0572
https://outrightinternational.org/,ok,https://explorer.ooni.org/m/20260327062824.010066_KR_webconnectivity_38abcf06619ee5eb
http://peacekorea.org/,ok,https://explorer.ooni.org/m/20260327062826.594947_KR_webconnectivity_d7b3bb12f76868a1
https://pirateparty.org.au/,ok,https://explorer.ooni.org/m/20260327062828.266686_KR_webconnectivity_aebb3f80eb62ebd1
http://poor.jinbo.net/,ok,https://explorer.ooni.org/m/20260327062831.761395_KR_webconnectivity_9c3709d0fa12abce
http://ppss.kr/,ok,https://explorer.ooni.org/m/20260327062837.282769_KR_webconnectivity_2e5ceb8931fec909
https://pridesource.com/,ok,https://explorer.ooni.org/m/20260327062839.902591_KR_webconnectivity_73116b2c357a7cdd
https://proton.me/,ok,https://explorer.ooni.org/m/20260327062844.460162_KR_webconnectivity_f64d34d9b8a51afa
https://protonvpn.com/,dns,https://explorer.ooni.org/m/20260327062905.577939_KR_webconnectivity_4fd99bdcb1325a89
http://proxy.org/,dns,https://explorer.ooni.org/m/20260327062921.468790_KR_webconnectivity_d9f066b90b1dacd2
http://proxytools.sourceforge.net/,ok,https://explorer.ooni.org/m/20260327062922.887479_KR_webconnectivity_07d16991f11b9309
https://psiphon.ca/,dns,https://explorer.ooni.org/m/20260327062924.827515_KR_webconnectivity_255fad337e22e1ca
http://pssp.org/,ok,https://explorer.ooni.org/m/20260327062929.557108_KR_webconnectivity_1137ec585aba1d66
https://queernet-rlp.de/,ok,https://explorer.ooni.org/m/20260327062934.222652_KR_webconnectivity_fd2fb01846c9cc95
https://radiofreel.github.io/,ok,https://explorer.ooni.org/m/20260327062935.605586_KR_webconnectivity_30326b7bbbacc5f0
https://radiofreel.gitlab.io/,ok,https://explorer.ooni.org/m/20260327062938.429313_KR_webconnectivity_2da626f2d1c740c4
https://reclaimthenet.org/,ok,https://explorer.ooni.org/m/20260327062940.683825_KR_webconnectivity_ba256265e46b59ea
https://reliefweb.int/,ok,https://explorer.ooni.org/m/20260327062945.309419_KR_webconnectivity_7a10ebf905e767f9
https://remailer.paranoici.org/,ok,https://explorer.ooni.org/m/20260327062948.639435_KR_webconnectivity_805c184785acffb0
https://ren.tv/,ok,https://explorer.ooni.org/m/20260327062952.479393_KR_webconnectivity_f81b5762825f3002
https://reproductiverights.org/,ok,https://explorer.ooni.org/m/20260327062955.410663_KR_webconnectivity_fa853953de062827
https://ria.ru/,ok,https://explorer.ooni.org/m/20260327063000.654491_KR_webconnectivity_9afad0aa7a3ebf96
http://rodong.rep.kp/,dns,https://explorer.ooni.org/m/20260327063028.448107_KR_webconnectivity_6867e41aa8dbcb70
https://rsf.org/,ok,https://explorer.ooni.org/m/20260327063032.449999_KR_webconnectivity_dec835aee6a4ea5b
https://rtr-planeta.com/,ok,https://explorer.ooni.org/m/20260327063037.220942_KR_webconnectivity_6585aa1b5b922538
http://russia.tv/,tcp_ip,https://explorer.ooni.org/m/20260327063053.629568_KR_webconnectivity_54f38261a82228bc
http://sadd.or.kr/,ok,https://explorer.ooni.org/m/20260327063103.042023_KR_webconnectivity_7985a52f69307144
https://safeabortionpill.org/,ok,https://explorer.ooni.org/m/20260327063107.636353_KR_webconnectivity_f589a178bf73540d
https://safeabortionpills.com/,ok,https://explorer.ooni.org/m/20260327063111.896005_KR_webconnectivity_3e23ea931aae05fb
http://samugol.net/,ok,https://explorer.ooni.org/m/20260327063116.148623_KR_webconnectivity_98ea183cb23b6627
https://sandbox.cryptpad.info/,ok,https://explorer.ooni.org/m/20260327063119.437515_KR_webconnectivity_adf08cf4f391e2b9
https://sea-watch.org/,ok,https://explorer.ooni.org/m/20260327063123.171594_KR_webconnectivity_3fe322fe4966a8f4
https://secfirst.org/,error,https://explorer.ooni.org/m/20260327063125.319985_KR_webconnectivity_f913184e49f30da4
https://securevpn.im/,dns,https://explorer.ooni.org/m/20260327063127.056661_KR_webconnectivity_dfb72805fb4c67b1
http://seoul.nodong.org/,ok,https://explorer.ooni.org/m/20260327063130.427785_KR_webconnectivity_11deae4c6ba3e454
http://service.nodong.org/,ok,https://explorer.ooni.org/m/20260327063137.588111_KR_webconnectivity_529556501baa27a5
http://sewolho416.org/,ok,https://explorer.ooni.org/m/20260327063147.245370_KR_webconnectivity_cc6d794a2d099e82
https://slate.com/,ok,https://explorer.ooni.org/m/20260327063155.629467_KR_webconnectivity_d833a1a9913c3e5b
https://southfeministfutures.org/,ok,https://explorer.ooni.org/m/20260327063158.953919_KR_webconnectivity_62ec2d2f581d49a6
https://sputniknews.cn/,ok,https://explorer.ooni.org/m/20260327063203.796568_KR_webconnectivity_e7d74817e17a6ddc
http://surprise.or.kr/board/,ok,https://explorer.ooni.org/m/20260327063207.315585_KR_webconnectivity_6613cd71350d24e4
https://tacticaltech.org/,ok,https://explorer.ooni.org/m/20260327063212.473647_KR_webconnectivity_68ae1ea3f6f89008
https://tails.net/,ok,https://explorer.ooni.org/m/20260327063216.596902_KR_webconnectivity_16123871fc5a0d5c
https://theglobalobservatory.org/,ok,https://explorer.ooni.org/m/20260327063218.931118_KR_webconnectivity_7fcc7e9fe6085c60
http://theimpeter.com/,error,https://explorer.ooni.org/m/20260327063236.208793_KR_webconnectivity_cb07766d036bfc6f
https://threema.ch/,ok,https://explorer.ooni.org/m/20260327063242.389856_KR_webconnectivity_7c6fee90520e8f3f
https://timcast.com/,ok,https://explorer.ooni.org/m/20260327063245.461404_KR_webconnectivity_94491d97c8744bb8
http://times.hankooki.com/,dns,https://explorer.ooni.org/m/20260327063247.230771_KR_webconnectivity_9fee69fe89aba2cb
https://timesofindia.indiatimes.com/,ok,https://explorer.ooni.org/m/20260327063249.929518_KR_webconnectivity_20aac0b62cce2075
https://transequality.org/,ok,https://explorer.ooni.org/m/20260327063253.585177_KR_webconnectivity_00a36522d220bf50
http://transparency.or.kr/,ok,https://explorer.ooni.org/m/20260327063257.036960_KR_webconnectivity_6d0a8e2589cee3fb
http://twokoreas.blogspot.com/,ok,https://explorer.ooni.org/m/20260327063259.792974_KR_webconnectivity_080d8324c3f78f0a
https://tyt.com/,ok,https://explorer.ooni.org/m/20260327063306.465873_KR_webconnectivity_4744e5bedf7fc5ca
https://unpo.org/,ok,https://explorer.ooni.org/m/20260327063313.267771_KR_webconnectivity_70a111ca2922bcb6
https://urgentactionfund.org/,ok,https://explorer.ooni.org/m/20260327063318.059052_KR_webconnectivity_d30313569a0b0f2e
https://veracrypt.fr/,ok,https://explorer.ooni.org/m/20260327063322.171472_KR_webconnectivity_05629efca790b9ec
https://vgtrk.ru/,ok,https://explorer.ooni.org/m/20260327063326.431216_KR_webconnectivity_733b371babde57dc
http://viewsnnews.com/,ok,https://explorer.ooni.org/m/20260327063334.728335_KR_webconnectivity_e8139879e84ffb8e
http://vok.rep.kp/,dns,https://explorer.ooni.org/m/20260327063343.199039_KR_webconnectivity_51a9a29647487919
https://vuejs.org/,ok,https://explorer.ooni.org/m/20260327063345.832262_KR_webconnectivity_81f56e8cc05a654a
http://wcollar.tistory.com/308,ok,https://explorer.ooni.org/m/20260327063347.760241_KR_webconnectivity_53499dfd6a43cfb7
https://wearechange.org/,ok,https://explorer.ooni.org/m/20260327063349.950349_KR_webconnectivity_f15ca44e1efbbd80
https://wedo.org/,ok,https://explorer.ooni.org/m/20260327063353.700291_KR_webconnectivity_00c75e65471c7391
https://wfrtds.org/,ok,https://explorer.ooni.org/m/20260327063356.879726_KR_webconnectivity_2dd5d0c703cffc7b
https://whrdic.org/,ok,https://explorer.ooni.org/m/20260327063401.226170_KR_webconnectivity_95b65f94793b89aa
https://wickr.com/,ok,https://explorer.ooni.org/m/20260327063404.072812_KR_webconnectivity_dcecccc9fcbcef23
https://wikileaks.org/,ok,https://explorer.ooni.org/m/20260327063408.375248_KR_webconnectivity_176ca01a71d76a67
https://women-on-web.kr/,ok,https://explorer.ooni.org/m/20260327063416.956091_KR_webconnectivity_fe89e734baefbd38
https://womeninblack.org/,ok,https://explorer.ooni.org/m/20260327063421.270403_KR_webconnectivity_8759db4f6bbdad15
http://workingvoice.net/,ok,https://explorer.ooni.org/m/20260327063427.564332_KR_webconnectivity_cab15ee361ce575f
https://world.internationalism.org/,ok,https://explorer.ooni.org/m/20260327063430.148128_KR_webconnectivity_2c685980a7949906
https://www.1tv.ru/,ok,https://explorer.ooni.org/m/20260327063435.295641_KR_webconnectivity_fc208ee89dde3e53
http://www.2016change.net/,ok,https://explorer.ooni.org/m/20260327063441.170130_KR_webconnectivity_dfb1399cf9feacfc
https://www.access-unlocked.org/,ok,https://explorer.ooni.org/m/20260327063443.627786_KR_webconnectivity_f62da8ddf7f6cca6
https://www.accessnow.org/,ok,https://explorer.ooni.org/m/20260327063446.941326_KR_webconnectivity_bf01ed3a58d5ef22
https://www.afp.com/,ok,https://explorer.ooni.org/m/20260327063449.920461_KR_webconnectivity_fda0b8f8c4529634
https://www.ahram.org.eg/,ok,https://explorer.ooni.org/m/20260327063533.717734_KR_webconnectivity_1e40a0ffcbb71e9b
https://www.alhurra.com/,ok,https://explorer.ooni.org/m/20260327063536.255791_KR_webconnectivity_f4e520cdac204ed8
https://www.aljazeera.com/,ok,https://explorer.ooni.org/m/20260327063539.166629_KR_webconnectivity_1b0f702353911a14
https://www.aljazeera.net/,ok,https://explorer.ooni.org/m/20260327063544.300593_KR_webconnectivity_86d185e2f7c758e2
https://www.almanar.com.lb/,ok,https://explorer.ooni.org/m/20260327063551.764345_KR_webconnectivity_8458bc4a66bf7a70
http://www.amnesty.or.kr/,ok,https://explorer.ooni.org/m/20260327063558.715855_KR_webconnectivity_70c14905d8437345
https://www.amnesty.org/,ok,https://explorer.ooni.org/m/20260327063601.783297_KR_webconnectivity_740ca12b7b59e4d5
https://www.amnestyusa.org/,ok,https://explorer.ooni.org/m/20260327063611.843345_KR_webconnectivity_fe139ad210e55bc5
http://www.amrc.org.hk/,ok,https://explorer.ooni.org/m/20260327063614.654593_KR_webconnectivity_0563858ab2355cd0
https://www.apt.ch/,ok,https://explorer.ooni.org/m/20260327063618.700134_KR_webconnectivity_180e929df8ddd753
http://www.apwld.org/,http-failure,https://explorer.ooni.org/m/20260327063630.535899_KR_webconnectivity_5e09d9672da8db9f
http://www.arrc-hre.com/,ok,https://explorer.ooni.org/m/20260327063649.679896_KR_webconnectivity_709f684f8ac72179
http://www.asia-daily.com/,ok,https://explorer.ooni.org/m/20260327063653.524661_KR_webconnectivity_fc863cd7fbd8dfcf
http://www.asiamedia.ucla.edu/,tcp_ip,https://explorer.ooni.org/m/20260327063739.824270_KR_webconnectivity_ae33b46e039ae2ed
http://www.asian-migrants.org/,http-failure,https://explorer.ooni.org/m/20260327063744.416176_KR_webconnectivity_99a01c5a2377a795
http://www.asiapacificnews.com/,ok,https://explorer.ooni.org/m/20260327063745.882666_KR_webconnectivity_347c13ef6a83f57f
https://www.awid.org/,ok,https://explorer.ooni.org/m/20260327063747.954483_KR_webconnectivity_55e8e30f43e5160b
https://www.bbc.com/,ok,https://explorer.ooni.org/m/20260327063750.607202_KR_webconnectivity_ef4dfc90bc9a9e51
https://www.benarnews.org/,ok,https://explorer.ooni.org/m/20260327063753.419963_KR_webconnectivity_97edac9218e30fc3
https://www.benedelman.org/,ok,https://explorer.ooni.org/m/20260327063756.811880_KR_webconnectivity_9afdf0a771129556
http://www.bicommunitynews.co.uk/,ok,https://explorer.ooni.org/m/20260327063802.726891_KR_webconnectivity_52f7b764dafc97d9
https://www.bitmask.net/,ok,https://explorer.ooni.org/m/20260327063805.752235_KR_webconnectivity_0185d857c5e4611e
https://www.btselem.org/,ok,https://explorer.ooni.org/m/20260327063809.178092_KR_webconnectivity_0d6958d2cf8e4d81
http://www.buddy79.com/,ok,https://explorer.ooni.org/m/20260327063812.317514_KR_webconnectivity_1d0b2a1030a56862
https://www.buzzfeed.com/,ok,https://explorer.ooni.org/m/20260327063814.544520_KR_webconnectivity_11db35a834cbe466
https://www.caritas.org/,ok,https://explorer.ooni.org/m/20260327063818.542616_KR_webconnectivity_ac9f76daad2c943b
https://www.cartercenter.org/,ok,https://explorer.ooni.org/m/20260327063822.698805_KR_webconnectivity_d4efeb2f5e619e0d
https://www.cbc.ca/,ok,https://explorer.ooni.org/m/20260327063830.012994_KR_webconnectivity_80c078fa17d39cb9
https://www.cbsnews.com/,ok,https://explorer.ooni.org/m/20260327063837.762525_KR_webconnectivity_b70a32d93ab1ffbb
http://www.ccdm.or.kr/,ok,https://explorer.ooni.org/m/20260327063840.930436_KR_webconnectivity_c760703cda354330
http://www.cesr.org/,ok,https://explorer.ooni.org/m/20260327063843.986581_KR_webconnectivity_28b7112e359e6f57
https://www.cfr.org/,ok,https://explorer.ooni.org/m/20260327063846.855356_KR_webconnectivity_d6acc2ec7eb7fcaf
https://www.cgtn.com/,ok,https://explorer.ooni.org/m/20260327063850.562429_KR_webconnectivity_1a276485f0bd568f
https://www.change.org/,ok,https://explorer.ooni.org/m/20260327063857.665202_KR_webconnectivity_19165bdd6d0d5fc1
http://www.channelnewsasia.com/,ok,https://explorer.ooni.org/m/20260327063859.872134_KR_webconnectivity_fd237a88c6276e04
https://www.chinadaily.com.cn/,ok,https://explorer.ooni.org/m/20260327063902.868192_KR_webconnectivity_01eb70045ba40bf7
http://www.chingusai.net/,dns,https://explorer.ooni.org/m/20260327063908.870181_KR_webconnectivity_e971a7f355de8c3e
http://www.chosun.com/,ok,https://explorer.ooni.org/m/20260327063911.496822_KR_webconnectivity_654a812508a19d1c
https://www.cnbc.com/,ok,https://explorer.ooni.org/m/20260327063915.010652_KR_webconnectivity_b559b7ac6050e21a
http://www.cnnasiapacific.com/,tcp_ip,https://explorer.ooni.org/m/20260327064000.860301_KR_webconnectivity_2f5445c8094f09b9
https://www.crisisgroup.org/,ok,https://explorer.ooni.org/m/20260327064004.379175_KR_webconnectivity_61b7ddd1e9236fb1
https://www.csmonitor.com/,ok,https://explorer.ooni.org/m/20260327064008.012680_KR_webconnectivity_32230b192d95ddf1
https://www.currenttime.tv/,ok,https://explorer.ooni.org/m/20260327064012.223104_KR_webconnectivity_6415367610601575
http://www.cwgl.rutgers.edu/,ok,https://explorer.ooni.org/m/20260327064015.939513_KR_webconnectivity_a7d300c973d83dd7
https://www.dailymail.co.uk/,ok,https://explorer.ooni.org/m/20260327064019.438537_KR_webconnectivity_96e74e0cd1c817c4
https://www.dailysabah.com/,ok,https://explorer.ooni.org/m/20260327064024.430825_KR_webconnectivity_819ac849f0124fa0
https://www.dd-rd.ca/,ok,https://explorer.ooni.org/m/20260327064026.809369_KR_webconnectivity_0083ef636681cce0
http://www.ddanzi.com/,ok,https://explorer.ooni.org/m/20260327064030.184601_KR_webconnectivity_4df9e78b26dd20c3
https://www.democracycaucus.net/,ok,https://explorer.ooni.org/m/20260327064033.543929_KR_webconnectivity_2c63c71185cf2c92
https://www.democracynow.org/,ok,https://explorer.ooni.org/m/20260327064037.218441_KR_webconnectivity_50e884e9f0a2fe90
http://www.depdc.org/,ok,https://explorer.ooni.org/m/20260327064037.973014_KR_webconnectivity_f2011b1b3da05316
https://www.derechos.org/,ok,https://explorer.ooni.org/m/20260327064042.925868_KR_webconnectivity_895f202008db8d3e
http://www.donga.com/,ok,https://explorer.ooni.org/m/20260327064051.482476_KR_webconnectivity_60552fa0d1d2686a
https://www.dopplr.com/,ok,https://explorer.ooni.org/m/20260327064054.630165_KR_webconnectivity_c07b1e9d376cdebe
http://www.drudgereport.com/,ok,https://explorer.ooni.org/m/20260327064057.083753_KR_webconnectivity_ffed92e95501bf20
https://www.dw.com/,ok,https://explorer.ooni.org/m/20260327064059.147352_KR_webconnectivity_77e55108c0efad2d
http://www.ebn.co.kr/,ok,https://explorer.ooni.org/m/20260327064103.919416_KR_webconnectivity_f2ccc9a4e073e4f9
http://www.ecequality.org/,ok,https://explorer.ooni.org/m/20260327064106.738403_KR_webconnectivity_eb29637d5ee98466
http://www.eduhope.net/,ok,https://explorer.ooni.org/m/20260327064113.743634_KR_webconnectivity_605c6e1450377a9d
https://www.eff.org/,ok,https://explorer.ooni.org/m/20260327064116.058823_KR_webconnectivity_25b77fc9d64f8c63
https://www.eluniversal.com/,ok,https://explorer.ooni.org/m/20260327064120.022829_KR_webconnectivity_8ba9e0ed05f8bb48
https://www.endfgm.eu/,ok,https://explorer.ooni.org/m/20260327064123.687580_KR_webconnectivity_f64b67fd51a95c41
http://www.equaline.or.kr/,ok,https://explorer.ooni.org/m/20260327064129.733236_KR_webconnectivity_cb55a82fb7146b24
https://www.eurobicon.org/,dns,https://explorer.ooni.org/m/20260327064130.792213_KR_webconnectivity_8afefe3f5b0832ac
https://www.euronews.com/,ok,https://explorer.ooni.org/m/20260327064133.874557_KR_webconnectivity_fa3446aa117aa024
https://www.exitinternational.net/,ok,https://explorer.ooni.org/m/20260327064137.597836_KR_webconnectivity_bf6e57a493083716
https://www.expressvpn.com/,ok,https://explorer.ooni.org/m/20260327064141.891158_KR_webconnectivity_70f2cdad5ff3e078
https://www.f-secure.com/,http-failure,https://explorer.ooni.org/m/20260327064203.323386_KR_webconnectivity_b258bef9f43aca8d
https://www.familyequality.org/,ok,https://explorer.ooni.org/m/20260327064205.997902_KR_webconnectivity_e7cb8801a631a166
https://www.feminist.com/,ok,https://explorer.ooni.org/m/20260327064209.658240_KR_webconnectivity_6901718edf15d926
https://www.fidh.org/,ok,https://explorer.ooni.org/m/20260327064213.517385_KR_webconnectivity_7f55518b053da6eb
http://www.fktu.or.kr/,ok,https://explorer.ooni.org/m/20260327064217.228844_KR_webconnectivity_11923fb9a5139568
https://www.fondationdefrance.org/,ok,https://explorer.ooni.org/m/20260327064221.863505_KR_webconnectivity_a8fdafd0a42b3f08
https://www.forbes.com/,ok,https://explorer.ooni.org/m/20260327064223.933718_KR_webconnectivity_fc190c09447f85ea
https://www.fordfoundation.org/,ok,https://explorer.ooni.org/m/20260327064225.724704_KR_webconnectivity_96216438b30a2140
http://www.forum-asia.org/,ok,https://explorer.ooni.org/m/20260327064226.928327_KR_webconnectivity_5eaa20fecd3a889e
https://www.forum18.org/,ok,https://explorer.ooni.org/m/20260327064230.791384_KR_webconnectivity_efce3fbb1319ce9f
https://www.france24.com/,ok,https://explorer.ooni.org/m/20260327064236.624923_KR_webconnectivity_fb2a2f41f5a67d3e
https://www.francemediasmonde.com/,ok,https://explorer.ooni.org/m/20260327064241.803739_KR_webconnectivity_87f36bfc6545d3b6
http://www.freedominfo.org/,ok,https://explorer.ooni.org/m/20260327064243.894753_KR_webconnectivity_ea14db878ee7d8c8
http://www.freeexpression.org/,ok,https://explorer.ooni.org/m/20260327064247.519492_KR_webconnectivity_57e90232fc6c6d7a
https://www.freespeech.com/,ok,https://explorer.ooni.org/m/20260327064253.638734_KR_webconnectivity_c2ccf68d8707f641
https://www.frontlinedefenders.org/,ok,https://explorer.ooni.org/m/20260327064257.112785_KR_webconnectivity_046dbcba52628b79
http://www.ftchinese.com/,ok,https://explorer.ooni.org/m/20260327064259.220925_KR_webconnectivity_0f376d8e44f75fd2
http://www.gayegypt.com/,dns,https://explorer.ooni.org/m/20260327064300.254499_KR_webconnectivity_5679add5b5e7a8b9
http://www.gayscape.com/,dns,https://explorer.ooni.org/m/20260327064303.146313_KR_webconnectivity_5e8d2f8cf908ee85
https://www.gearthblog.com/,ok,https://explorer.ooni.org/m/20260327064309.657340_KR_webconnectivity_32716bee3731b070
https://www.genderit.org/,ok,https://explorer.ooni.org/m/20260327064312.996169_KR_webconnectivity_dc8185bea7cfb033
https://www.getoutline.org/,ok,https://explorer.ooni.org/m/20260327064315.370849_KR_webconnectivity_17b19dcf734ad723
https://www.girlsnotbrides.org/,ok,https://explorer.ooni.org/m/20260327064322.174070_KR_webconnectivity_44e973a7f2693365
http://www.glaad.org/,ok,https://explorer.ooni.org/m/20260327064327.984238_KR_webconnectivity_f5106f0457cf0480
https://www.globaleaks.org/,ok,https://explorer.ooni.org/m/20260327064332.864649_KR_webconnectivity_c8bdf2159cd20997
https://www.globalfundforwomen.org/,ok,https://explorer.ooni.org/m/20260327064335.414115_KR_webconnectivity_afc884ac9eb2986f
http://www.globalgayz.com/g-korea.html,ok,https://explorer.ooni.org/m/20260327064342.474972_KR_webconnectivity_6bbbfa3ab0d5e5de
http://www.globalr2p.org/,ok,https://explorer.ooni.org/m/20260327064346.073599_KR_webconnectivity_040bbc146b89b178
https://www.glsen.org/,ok,https://explorer.ooni.org/m/20260327064349.970847_KR_webconnectivity_b8d441814c0ff263
http://www.gmhc.org/,ok,https://explorer.ooni.org/m/20260327064354.195045_KR_webconnectivity_d50dc31870cf969d
https://www.gnu.org/,ok,https://explorer.ooni.org/m/20260327064412.232102_KR_webconnectivity_5097fcf2e87ef745
https://www.gnupg.org/,ok,https://explorer.ooni.org/m/20260327064415.794996_KR_webconnectivity_b0f62263425c3894
http://www.gobalnews.com/,ok,https://explorer.ooni.org/m/20260327064420.442213_KR_webconnectivity_f5bc6f3b6f7b1061
http://www.granma.cu/,ok,https://explorer.ooni.org/m/20260327064431.577153_KR_webconnectivity_67a957bd6af19b13
https://www.guerrillagirls.com/,dns,https://explorer.ooni.org/m/20260327064432.514147_KR_webconnectivity_398a02be60a17018
https://www.haaretz.com/,ok,https://explorer.ooni.org/m/20260327064436.555827_KR_webconnectivity_2aadb1f39cfde321
http://www.hani.co.kr/,ok,https://explorer.ooni.org/m/20260327064438.997535_KR_webconnectivity_a604e205ec508a31
http://www.hankooki.com/,ok,https://explorer.ooni.org/m/20260327064445.214052_KR_webconnectivity_0e326a6795fcf9b8
http://www.hellodd.com/,ok,https://explorer.ooni.org/m/20260327064451.889025_KR_webconnectivity_df6fe9a4505744f6
https://www.herdict.org/,ok,https://explorer.ooni.org/m/20260327064456.563117_KR_webconnectivity_7413a5dc37383586
https://www.heritage.org/,ok,https://explorer.ooni.org/m/20260327064458.612697_KR_webconnectivity_31ec9e8aad456b24
https://www.heyjane.com/,ok,https://explorer.ooni.org/m/20260327064500.391255_KR_webconnectivity_29b4d0808795db56
http://www.hizb-ut-tahrir.org/,dns,https://explorer.ooni.org/m/20260327064546.262115_KR_webconnectivity_d2f13804d8c3d8cc
http://www.hopeandlaw.org/,ok,https://explorer.ooni.org/m/20260327064555.464320_KR_webconnectivity_f5708c1f922d6bed
http://www.hotline.or.kr/,ok,https://explorer.ooni.org/m/20260327064601.657743_KR_webconnectivity_642906e148fa92ca
http://www.hrc.org/,ok,https://explorer.ooni.org/m/20260327064605.848641_KR_webconnectivity_b54cc568e6b5e67e
http://www.hrea.org/,ok,https://explorer.ooni.org/m/20260327064610.358729_KR_webconnectivity_77fe1fe7f14520a4
https://www.huffpost.com/,ok,https://explorer.ooni.org/m/20260327064612.960501_KR_webconnectivity_4c4fec262e5780d6
https://www.humanrightsconnected.org/,ok,https://explorer.ooni.org/m/20260327064616.926947_KR_webconnectivity_7fe3d5fca620d232
http://www.humanrightsfirst.org/,ok,https://explorer.ooni.org/m/20260327064619.925910_KR_webconnectivity_983d46f8446e05c0
http://www.i615.net/,error,https://explorer.ooni.org/m/20260327064624.940944_KR_webconnectivity_e7d3f3798d32dd5b
http://www.iaffe.org/,ok,https://explorer.ooni.org/m/20260327064628.460888_KR_webconnectivity_fd5ba708ce56ba96
https://www.icij.org/,ok,https://explorer.ooni.org/m/20260327064633.027204_KR_webconnectivity_90c12b72c08819a7
http://www.icrw.org/,ok,https://explorer.ooni.org/m/20260327064635.120601_KR_webconnectivity_20f530b332d97fc7
https://www.ictj.org/,ok,https://explorer.ooni.org/m/20260327064641.502700_KR_webconnectivity_580c33a265714a7c
http://www.idea.int/,ok,https://explorer.ooni.org/m/20260327064649.202893_KR_webconnectivity_af5ffb1d8996ff38
http://www.ifj-asia.org/,tcp_ip,https://explorer.ooni.org/m/20260327064734.947484_KR_webconnectivity_203d86f964f121e7
http://www.ifj.org/,ok,https://explorer.ooni.org/m/20260327064739.297902_KR_webconnectivity_3864c9a0695b734a
https://www.ihrc.org.uk/,ok,https://explorer.ooni.org/m/20260327064745.278135_KR_webconnectivity_a3fc9314c0490d9a
https://www.ijm.org/,ok,https://explorer.ooni.org/m/20260327064746.990723_KR_webconnectivity_c0a1035c1fa104c0
https://www.iknowpolitics.org/,ok,https://explorer.ooni.org/m/20260327064752.515127_KR_webconnectivity_b62096be4f986776
https://www.ilga-europe.org/,ok,https://explorer.ooni.org/m/20260327064757.796164_KR_webconnectivity_23a4cf47de92b5c0
http://www.ilga.info/,ok,https://explorer.ooni.org/m/20260327064802.537622_KR_webconnectivity_8ac1286dca3e3e86
http://www.ilga.org/asia/,ok,https://explorer.ooni.org/m/20260327064807.174241_KR_webconnectivity_2e2dd003ba5e84db
http://www.ilo.org/public/english/region/asro/bangkok/child/trafficking/index.htm,ok,https://explorer.ooni.org/m/20260327064817.420422_KR_webconnectivity_15f52802c3e44fbe
https://www.indiatimes.com/,ok,https://explorer.ooni.org/m/20260327064820.890779_KR_webconnectivity_a90829aef70fc08a
http://www.inews24.com/,ok,https://explorer.ooni.org/m/20260327064826.067010_KR_webconnectivity_16d81b73dc5357ff
https://www.infowars.com/,ok,https://explorer.ooni.org/m/20260327064829.114111_KR_webconnectivity_2faf2f98ecdead87
http://www.inkwon.or.kr/,ok,https://explorer.ooni.org/m/20260327064834.334051_KR_webconnectivity_8581654309b3e845
http://www.inminds.co.uk/,ok,https://explorer.ooni.org/m/20260327064838.449220_KR_webconnectivity_8605dd21e555a24c
https://www.ipetitions.com/,ok,https://explorer.ooni.org/m/20260327064842.893511_KR_webconnectivity_e5d1ba2fc67b6831
http://www.irna.ir/,ok,https://explorer.ooni.org/m/20260327064845.855132_KR_webconnectivity_fbea728d067300ac
http://www.isiswomen.org/,ok,https://explorer.ooni.org/m/20260327064849.670144_KR_webconnectivity_2125ebbc1a40efd6
http://www.islamawareness.net/,ok,https://explorer.ooni.org/m/20260327064853.510021_KR_webconnectivity_a84efe2f450c9370
http://www.islamawareness.net/Asia/KoreaSouth/,ok,https://explorer.ooni.org/m/20260327064856.394750_KR_webconnectivity_4d63738527a76644
http://www.islamkorea.com/,ok,https://explorer.ooni.org/m/20260327064905.720916_KR_webconnectivity_835993a2def91d4a
http://www.iwraw-ap.org/,ok,https://explorer.ooni.org/m/20260327064912.457674_KR_webconnectivity_a5b6d693c3083386
https://www.iwraw-ap.org/,ok,https://explorer.ooni.org/m/20260327064915.893646_KR_webconnectivity_3d87e3ed284860f0
http://www.japantimes.co.jp/,ok,https://explorer.ooni.org/m/20260327064920.422212_KR_webconnectivity_36e3e08118060150
http://www.jcmk.org/,ok,https://explorer.ooni.org/m/20260327064925.948703_KR_webconnectivity_09a1a00576a0f896
http://www.jhr.ca/,ok,https://explorer.ooni.org/m/20260327064931.176828_KR_webconnectivity_d4cb3ad9916a7385
http://www.jinbocorea.org/,ok,https://explorer.ooni.org/m/20260327064939.745375_KR_webconnectivity_175991e118a05ec3
http://www.jmarshall.com/,ok,https://explorer.ooni.org/m/20260327064943.463228_KR_webconnectivity_3d31b7581a9f8843
https://www.jmarshall.com/,ok,https://explorer.ooni.org/m/20260327064945.504290_KR_webconnectivity_9fd182708ddf9bad
http://www.kcna.co.jp/,confirmed,https://explorer.ooni.org/m/20260327064947.939530_KR_webconnectivity_335f31ff3ab36340
http://www.kctu.org/,ok,https://explorer.ooni.org/m/20260327064951.476641_KR_webconnectivity_69bf9a1b03baa686
http://www.kdawu.org/,ok,https://explorer.ooni.org/m/20260327064955.876131_KR_webconnectivity_810e610fd98d948b
http://www.kdlp.org/,ok,https://explorer.ooni.org/m/20260327064959.118081_KR_webconnectivity_90e4d2be32045e3a
http://www.khan.co.kr/,ok,https://explorer.ooni.org/m/20260327065003.223974_KR_webconnectivity_70c4d4158c9d9eba
http://www.kita.net/,ok,https://explorer.ooni.org/m/20260327065011.182703_KR_webconnectivity_1fd2fb8759cf9bb9
http://www.kncc.or.kr/,ok,https://explorer.ooni.org/m/20260327065017.245088_KR_webconnectivity_5747d0b624191b1e
http://www.kngo.net/,http-failure,https://explorer.ooni.org/m/20260327065021.331684_KR_webconnectivity_eb010278fa80da64
http://www.koreaherald.co.kr/,ok,https://explorer.ooni.org/m/20260327065032.854529_KR_webconnectivity_021f7c17aa63e8ef
http://www.korealiberator.org/,ok,https://explorer.ooni.org/m/20260327065038.152117_KR_webconnectivity_9572f5eebbd7b1ca
http://www.korva.or.kr/,ok,https://explorer.ooni.org/m/20260327065045.683891_KR_webconnectivity_a7ced547595ed5d5
http://www.kpil.org/,ok,https://explorer.ooni.org/m/20260327065049.548310_KR_webconnectivity_219dcaa9739b0c5b
http://www.kwdi.re.kr/,ok,https://explorer.ooni.org/m/20260327065111.880541_KR_webconnectivity_4e21363ed00610ae
http://www.kwpa.org/,ok,https://explorer.ooni.org/m/20260327065116.900667_KR_webconnectivity_1e8c5a41125b559b
http://www.kwwnet.org/,ok,https://explorer.ooni.org/m/20260327065122.775788_KR_webconnectivity_34083315b5ef7b53
http://www.laborrightsnow.org/,ok,https://explorer.ooni.org/m/20260327065126.498302_KR_webconnectivity_4f9e14adfee6ec04
http://www.lanacion.com.ar/,ok,https://explorer.ooni.org/m/20260327065129.895192_KR_webconnectivity_3ad480fe62069ed3
https://www.laquadrature.net/,ok,https://explorer.ooni.org/m/20260327065134.622563_KR_webconnectivity_63af242462e4290d
http://www.latimes.com/,ok,https://explorer.ooni.org/m/20260327065137.131718_KR_webconnectivity_06c4c7d434b8190b
https://www.lds.org/,ok,https://explorer.ooni.org/m/20260327065141.820777_KR_webconnectivity_f60ab6dedf3f4b73
http://www.learningpartnership.org/,ok,https://explorer.ooni.org/m/20260327065145.412330_KR_webconnectivity_57996dce72021e2b
https://www.lemonde.fr/,ok,https://explorer.ooni.org/m/20260327065148.915795_KR_webconnectivity_b10018e53c0f38b7
https://www.lgbtmap.org/,ok,https://explorer.ooni.org/m/20260327065153.624969_KR_webconnectivity_208a2ea289f5b3cd
http://www.lgbtpride.or.kr/,ok,https://explorer.ooni.org/m/20260327065200.600118_KR_webconnectivity_1effe314611ea19c
https://www.lgbtqnation.com/,ok,https://explorer.ooni.org/m/20260327065203.021447_KR_webconnectivity_2b9c22833a16c1f2
https://www.lilithfund.org/,ok,https://explorer.ooni.org/m/20260327065208.915562_KR_webconnectivity_fdc079833d27c17a
http://www.littlespeck.com/,ok,https://explorer.ooni.org/m/20260327065212.386609_KR_webconnectivity_976fd358b534ac18
https://www.logmein.com/,ok,https://explorer.ooni.org/m/20260327065214.115115_KR_webconnectivity_11ad0d30700db396
https://www.madre.org/,ok,https://explorer.ooni.org/m/20260327065217.635413_KR_webconnectivity_76096b820899c6dd
http://www.mainichi.co.jp/,ok,https://explorer.ooni.org/m/20260327065223.839506_KR_webconnectivity_6914e29c3ea50584
https://www.mamacash.org/,ok,https://explorer.ooni.org/m/20260327065227.740071_KR_webconnectivity_37f5e4f4bcf597fe
https://www.martus.org/,ok,https://explorer.ooni.org/m/20260327065230.284449_KR_webconnectivity_82eb0d1549b6fa46
https://www.mc-doualiya.com/,ok,https://explorer.ooni.org/m/20260327065232.168119_KR_webconnectivity_1bf37dacc4135fac
http://www.mediareform.co.kr/,ok,https://explorer.ooni.org/m/20260327065237.491267_KR_webconnectivity_379148c725c4254c
http://www.mediatoday.co.kr/,ok,https://explorer.ooni.org/m/20260327065242.449967_KR_webconnectivity_7e39fd126af6008b
http://www.mediaus.co.kr/,ok,https://explorer.ooni.org/m/20260327065247.122319_KR_webconnectivity_3542fd2433974fca
http://www.migrant114.org/,dns,https://explorer.ooni.org/m/20260327065249.812940_KR_webconnectivity_1c5be99afd3752a4
http://www.mongu.net/,ok,https://explorer.ooni.org/m/20260327065252.896666_KR_webconnectivity_715eadfd38b358ce
https://www.mormon.org/,ok,https://explorer.ooni.org/m/20260327065304.497565_KR_webconnectivity_55d7d4a178acd088
https://www.muckrock.com/,ok,https://explorer.ooni.org/m/20260327065308.093177_KR_webconnectivity_3006f9d0e2cc01a8
https://www.musalaha.org/,ok,https://explorer.ooni.org/m/20260327065315.446948_KR_webconnectivity_8679881b24f16309
http://www.naeil.com/,ok,https://explorer.ooni.org/m/20260327065318.657663_KR_webconnectivity_7f73a9460c745cc9
https://www.namecoin.org/,ok,https://explorer.ooni.org/m/20260327065322.017894_KR_webconnectivity_29e176c5fbfa6749
https://www.nbc.com/,ok,https://explorer.ooni.org/m/20260327065327.262546_KR_webconnectivity_702269db902bb58f
https://www.nbcnews.com/,ok,https://explorer.ooni.org/m/20260327065330.461310_KR_webconnectivity_736d6d218b44344a
https://www.nbcnewyork.com/,ok,https://explorer.ooni.org/m/20260327065333.318959_KR_webconnectivity_e1ffbc2daa72e06e
http://www.nclrights.org/,ok,https://explorer.ooni.org/m/20260327065336.962043_KR_webconnectivity_64821a9f7d2fafc8
https://www.ndi.org/,ok,https://explorer.ooni.org/m/20260327065340.372834_KR_webconnectivity_9417c76951d59947
https://www.ned.org/,ok,https://explorer.ooni.org/m/20260327065342.107367_KR_webconnectivity_670178f44481697a
http://www.newnownext.com/,ok,https://explorer.ooni.org/m/20260327065346.575985_KR_webconnectivity_aa76492883e6131c
http://www.newnownext.com/franchise/the-backlot/,ok,https://explorer.ooni.org/m/20260327065349.523125_KR_webconnectivity_e0ace25ce3f64f76
http://www.newscham.net/,ok,https://explorer.ooni.org/m/20260327065352.481491_KR_webconnectivity_33e5299e2d70b039
https://www.njal.la/,ok,https://explorer.ooni.org/m/20260327065403.208193_KR_webconnectivity_1522715de2f2c35f
http://www.nkzone.org/,tcp_ip,https://explorer.ooni.org/m/20260327065449.577594_KR_webconnectivity_57c902fd2e7c6692
http://www.nocutnews.co.kr/,ok,https://explorer.ooni.org/m/20260327065454.854310_KR_webconnectivity_c6738c145d4dc18a
http://www.nodong.org/,ok,https://explorer.ooni.org/m/20260327065501.119758_KR_webconnectivity_5381187349cfff8b
http://www.nonghyup.com/,ok,https://explorer.ooni.org/m/20260327065505.379999_KR_webconnectivity_f967e6279f8e4ec0
https://www.nostraightnews.com/,ok,https://explorer.ooni.org/m/20260327065511.782099_KR_webconnectivity_396e485b73ca68af
https://www.npr.org/,ok,https://explorer.ooni.org/m/20260327065514.125765_KR_webconnectivity_36185417805a8c47
https://www.ntv.ru/,ok,https://explorer.ooni.org/m/20260327065518.802188_KR_webconnectivity_24c96f92a7eb60b8
https://www.nwci.ie/,ok,https://explorer.ooni.org/m/20260327065523.008592_KR_webconnectivity_8bcfed51e4995580
https://www.oas.org/,ok,https://explorer.ooni.org/m/20260327065525.906955_KR_webconnectivity_191a981269370482
https://www.occrp.org/,ok,https://explorer.ooni.org/m/20260327065528.761555_KR_webconnectivity_d029a2d6a4864a3c
http://www.ohmynews.com/,ok,https://explorer.ooni.org/m/20260327065530.831911_KR_webconnectivity_cfa49b35e55f7ac4
http://www.omct.org/,ok,https://explorer.ooni.org/m/20260327065535.451036_KR_webconnectivity_7f90c2c1e415f61b
https://www.omct.org/,ok,https://explorer.ooni.org/m/20260327065540.638813_KR_webconnectivity_ee3bb5e926af4e17
https://www.opendns.com/,ok,https://explorer.ooni.org/m/20260327065543.096453_KR_webconnectivity_53494c3226bbe051
https://www.openpgp.org/,ok,https://explorer.ooni.org/m/20260327065545.893254_KR_webconnectivity_957685647833038a
https://www.ou.org/,ok,https://explorer.ooni.org/m/20260327065548.197376_KR_webconnectivity_b333a04b07c1ba87
http://www.pcusa.org/,ok,https://explorer.ooni.org/m/20260327065550.420909_KR_webconnectivity_28365d414785e420
http://www.people.com.cn/,ok,https://explorer.ooni.org/m/20260327065553.162323_KR_webconnectivity_dc0939dc39ae91f3
http://www.peoplepower21.org/,ok,https://explorer.ooni.org/m/20260327065556.262589_KR_webconnectivity_a6fd459ee3175eec
https://www.phpmyadmin.net/,ok,https://explorer.ooni.org/m/20260327065558.758909_KR_webconnectivity_56004bf7a3a32a53
http://www.pikicast.com/,error,https://explorer.ooni.org/m/20260327065601.509927_KR_webconnectivity_fcffd3da82e95375
https://www.pinknews.co.uk/,http-failure,https://explorer.ooni.org/m/20260327065603.310617_KR_webconnectivity_ce908d617cdea029
https://www.piratenpartei.ch/,ok,https://explorer.ooni.org/m/20260327065607.099390_KR_webconnectivity_e4bf0455a2c03b47
http://www.piratpartiet.se/,ok,https://explorer.ooni.org/m/20260327065615.424487_KR_webconnectivity_8d2bb62c01fa5605
https://www.plancpills.org/,dns,https://explorer.ooni.org/m/20260327065616.203195_KR_webconnectivity_26c5281e8f2f44d3
http://www.poweroftruth.net/,ok,https://explorer.ooni.org/m/20260327065619.867038_KR_webconnectivity_65fd0815606e1d20
https://www.pravda.ru/,dns,https://explorer.ooni.org/m/20260327065635.548615_KR_webconnectivity_7dd7b397882d2204
http://www.pressian.com/,ok,https://explorer.ooni.org/m/20260327065639.864935_KR_webconnectivity_b1b30204e671e5b2
https://www.pridemedia.com/,ok,https://explorer.ooni.org/m/20260327065643.300659_KR_webconnectivity_819072c3d2183f79
https://www.privacidade.digital/,ok,https://explorer.ooni.org/m/20260327065645.679845_KR_webconnectivity_4e799914056f5fc5
https://www.privacyguides.org/,ok,https://explorer.ooni.org/m/20260327065648.912342_KR_webconnectivity_606ff3d7e6aaebda
https://www.privacyinternational.org/,ok,https://explorer.ooni.org/m/20260327065651.499342_KR_webconnectivity_db6539823ba0ed28
https://www.privacytools.io/,ok,https://explorer.ooni.org/m/20260327065654.344893_KR_webconnectivity_e5c9c26445cb4a32
http://www.privaterra.org/,ok,https://explorer.ooni.org/m/20260327065657.731628_KR_webconnectivity_3e670b4ca3a95cdd
https://www.projectveritas.com/,ok,https://explorer.ooni.org/m/20260327065700.333617_KR_webconnectivity_8da85902474847a5
https://www.propublica.org/,ok,https://explorer.ooni.org/m/20260327065702.411777_KR_webconnectivity_777680af1e9b1b58
https://www.protectioninternational.org/,ok,https://explorer.ooni.org/m/20260327065709.464064_KR_webconnectivity_e653c603442a64e2
http://www.qhnews.com/,ok,https://explorer.ooni.org/m/20260327065720.979810_KR_webconnectivity_66e05c173f629264
http://www.radicalparty.org/,ok,https://explorer.ooni.org/m/20260327065726.643169_KR_webconnectivity_4679e96da2ef5b2f
http://www.rainbowfoundation.co.kr/,ok,https://explorer.ooni.org/m/20260327065733.407174_KR_webconnectivity_7703f8b5ea2ea6b7
https://www.rambler.ru/,ok,https://explorer.ooni.org/m/20260327065737.528317_KR_webconnectivity_e9e44cb9c47033b4
https://www.rawa.org/,ok,https://explorer.ooni.org/m/20260327065740.225339_KR_webconnectivity_e9b7eee95b692a08
http://www.redian.org/,ok,https://explorer.ooni.org/m/20260327065744.458281_KR_webconnectivity_5adc8be5964af5be
https://www.redstateaccess.com/,ok,https://explorer.ooni.org/m/20260327065746.849026_KR_webconnectivity_ff98dddc67097d88
http://www.repubblica.com/,ok,https://explorer.ooni.org/m/20260327065750.740212_KR_webconnectivity_425267b275d7e848
https://www.reuters.com/,ok,https://explorer.ooni.org/m/20260327065752.370569_KR_webconnectivity_f298a640ba9d6892
https://www.rfa.org/,ok,https://explorer.ooni.org/m/20260327065754.841214_KR_webconnectivity_a0df1544ec6d658a
https://www.rferl.org/,ok,https://explorer.ooni.org/m/20260327065758.603916_KR_webconnectivity_d09aebfda012edf3
http://www.rights.or.kr/,ok,https://explorer.ooni.org/m/20260327065811.752021_KR_webconnectivity_9c8ee510a303117e
http://www.righttodie.ca/,ok,https://explorer.ooni.org/m/20260327065814.468053_KR_webconnectivity_364d4b72095117f3
http://www.rsf.org/article.php3?id_article=17361,ok,https://explorer.ooni.org/m/20260327065818.163686_KR_webconnectivity_179e73bba43f473c
https://www.rt.com/,ok,https://explorer.ooni.org/m/20260327065826.338772_KR_webconnectivity_352573df1961884f
https://www.rtarabic.com/,ok,https://explorer.ooni.org/m/20260327065845.741847_KR_webconnectivity_d2bfcd8ba7ee86d8
https://www.savethechildren.net/,ok,https://explorer.ooni.org/m/20260327065848.978420_KR_webconnectivity_ff569d9a0a2628b7
https://www.sbs.com.au/language/coronavirus?cid=infocus,ok,https://explorer.ooni.org/m/20260327065854.920563_KR_webconnectivity_6ae9971bcc7a6e3b
https://www.scmp.com/,ok,https://explorer.ooni.org/m/20260327065856.512504_KR_webconnectivity_00cdbcaa4288e03e
https://www.secfirst.org/,error,https://explorer.ooni.org/m/20260327065859.153865_KR_webconnectivity_3843f5f12e718c02
https://www.securityinabox.org/,ok,https://explorer.ooni.org/m/20260327065901.647165_KR_webconnectivity_ef2df8720d894474
http://www.sisters.or.kr/,ok,https://explorer.ooni.org/m/20260327065915.006409_KR_webconnectivity_e0961d73b9be5e04
https://www.spiegel.de/,ok,https://explorer.ooni.org/m/20260327065920.648732_KR_webconnectivity_0ae3d3aeebb12449
http://www.state.gov/g/drl/rls/hrrpt/2004/41647.htm,ok,https://explorer.ooni.org/m/20260327065924.308144_KR_webconnectivity_8b0f678cb27d6779
https://www.stonewall.org.uk/,ok,https://explorer.ooni.org/m/20260327065929.448633_KR_webconnectivity_9a821649b57a7de8
http://www.stopstreetharassment.org/,ok,https://explorer.ooni.org/m/20260327065935.476033_KR_webconnectivity_e60d0e93d3096f7a
https://www.techlore.tech/,ok,https://explorer.ooni.org/m/20260327065938.906626_KR_webconnectivity_d07ddc896d2af9a3
https://www.terredeshommes.nl/,ok,https://explorer.ooni.org/m/20260327065943.465324_KR_webconnectivity_9943e4d5df4645d4
https://www.theguardian.com/,ok,https://explorer.ooni.org/m/20260327065946.776790_KR_webconnectivity_e883a8e146a08a69
https://www.thetrevorproject.org/,ok,https://explorer.ooni.org/m/20260327065952.166205_KR_webconnectivity_8afa5064aa0d8caa
http://www.tongilnews.com/,ok,https://explorer.ooni.org/m/20260327065957.039914_KR_webconnectivity_c529abcc5d4e8d63
https://www.tvc.ru/,ok,https://explorer.ooni.org/m/20260327065959.529218_KR_webconnectivity_f0ab9bb47f3212a3
http://www.u4.no/,ok,https://explorer.ooni.org/m/20260327070002.397004_KR_webconnectivity_9b485b23de1088f5
https://www.upi.com/Top_News/World-News/2019/07/11/Amnesty-International-LGBT-soldiers-face-abuse-in-South-Korea-military/1461562819145/,ok,https://explorer.ooni.org/m/20260327070006.396591_KR_webconnectivity_f34c3ed1df685bc4
https://www.urduvoa.com/,ok,https://explorer.ooni.org/m/20260327070010.303589_KR_webconnectivity_f5a098fc00594ce4
https://www.usatoday.com/,ok,https://explorer.ooni.org/m/20260327070013.610226_KR_webconnectivity_b32bb942bdd1d657
https://www.vesti.ru/,ok,https://explorer.ooni.org/m/20260327070017.159044_KR_webconnectivity_9442d316d569b9eb
https://www.vice.com/,ok,https://explorer.ooni.org/m/20260327070019.699655_KR_webconnectivity_7b482a5c42f097a4
https://www.voanews.com/,ok,https://explorer.ooni.org/m/20260327070022.338109_KR_webconnectivity_69a9678264c89d04
https://www.vpngate.net/,dns,https://explorer.ooni.org/m/20260327070026.160351_KR_webconnectivity_adf23ba5673cec0e
https://www.warchild.net/,ok,https://explorer.ooni.org/m/20260327070030.738563_KR_webconnectivity_f260e35dd3744d9e
https://www.washingtontimes.com/,ok,https://explorer.ooni.org/m/20260327070032.965786_KR_webconnectivity_294ab394b0122783
http://www.well.com/,ok,https://explorer.ooni.org/m/20260327070036.896917_KR_webconnectivity_26cc73f273db7a1e
http://www.well.com/user/queerjhd/,ok,https://explorer.ooni.org/m/20260327070039.261425_KR_webconnectivity_746cf3dbd355c98d
http://www.wftucentral.org/,ok,https://explorer.ooni.org/m/20260327070042.709875_KR_webconnectivity_4a0573e85dfa4d76
https://www.wiesenthal.com/,ok,https://explorer.ooni.org/m/20260327070046.743618_KR_webconnectivity_7ed70e98d353bbc2
https://www.wilpf.org/,ok,https://explorer.ooni.org/m/20260327070051.549624_KR_webconnectivity_0537745fc7051309
http://www.withoutwar.org/,ok,https://explorer.ooni.org/m/20260327070102.667125_KR_webconnectivity_5dd6f4260c6054f4
https://www.witness.org/,ok,https://explorer.ooni.org/m/20260327070108.129639_KR_webconnectivity_864008266f8865b6
http://www.wluml.org/,ok,https://explorer.ooni.org/m/20260327070115.039144_KR_webconnectivity_4aa018d2678806cc
http://www.wnd.com/,ok,https://explorer.ooni.org/m/20260327070117.504377_KR_webconnectivity_f9cf36083dca9be0
https://www.womankind.org.uk/,ok,https://explorer.ooni.org/m/20260327070119.682011_KR_webconnectivity_36cecb1e75cf0c3c
http://www.women21.or.kr/,ok,https://explorer.ooni.org/m/20260327070122.652851_KR_webconnectivity_4c002738de41e3b8
https://www.womenforafghanwomen.org/,ok,https://explorer.ooni.org/m/20260327070126.097952_KR_webconnectivity_b157af3b039c55db
http://www.womenlink.or.kr/,ok,https://explorer.ooni.org/m/20260327070133.453594_KR_webconnectivity_958beff275def9ad
http://www.womennews.co.kr/,ok,https://explorer.ooni.org/m/20260327070138.787757_KR_webconnectivity_34407097ca4832a6
https://www.womenpeacemakersprogram.org/,ok,https://explorer.ooni.org/m/20260327070143.101660_KR_webconnectivity_64c5e1a46c43e6be
http://www.womensmediacenter.com/,ok,https://explorer.ooni.org/m/20260327070148.484909_KR_webconnectivity_720a1acdc810c89f
http://www.worldcoalition.org/,ok,https://explorer.ooni.org/m/20260327070152.982572_KR_webconnectivity_7e69f8bd3c7a8687
https://www.wsj.com/,ok,https://explorer.ooni.org/m/20260327070155.754545_KR_webconnectivity_289b1ca4102250c8
http://www.xinhuanet.com/,ok,https://explorer.ooni.org/m/20260327070159.036737_KR_webconnectivity_5a7d77a1d1c690db
https://www.yellowhammerfund.org/,ok,https://explorer.ooni.org/m/20260327070201.636447_KR_webconnectivity_226a589ed6ea4a16
http://www.yonhapnews.co.kr/,ok,https://explorer.ooni.org/m/20260327070208.499967_KR_webconnectivity_45cb36b9be31dd79
http://www.zeit.de/,ok,https://explorer.ooni.org/m/20260327070211.414808_KR_webconnectivity_65b3471406123faf
http://xxx.lanl.gov/,dns,https://explorer.ooni.org/m/20260327070227.189215_KR_webconnectivity_25f77d90c8a90112
http://yolsa.org/,ok,https://explorer.ooni.org/m/20260327070229.997997_KR_webconnectivity_de331278fe5ca86b
http://ytimes.org/,ok,https://explorer.ooni.org/m/20260327070233.708099_KR_webconnectivity_e3841242de421444
https://adium.im/,ok,https://explorer.ooni.org/m/20260327070236.719026_KR_webconnectivity_b1f73e031a787221
https://ebuddy.com/,ok,https://explorer.ooni.org/m/20260327070239.530089_KR_webconnectivity_416fb1a10226aaf0
https://elpha.com/,error,https://explorer.ooni.org/m/20260327070241.096490_KR_webconnectivity_8195caa850901595
https://foursquare.com/,ok,https://explorer.ooni.org/m/20260327070243.098618_KR_webconnectivity_4788829dc85b2076
http://friend.com.kp/,dns,https://explorer.ooni.org/m/20260327070248.395653_KR_webconnectivity_4443df5a299dd487
https://gab.com/,ok,https://explorer.ooni.org/m/20260327070250.254839_KR_webconnectivity_7b253d65393418b7
https://groups.google.com/,ok,https://explorer.ooni.org/m/20260327070257.378897_KR_webconnectivity_ac94e883f7a47fea
https://instagram.fsaw1-13.fna.fbcdn.net/favicon.ico,ok,https://explorer.ooni.org/m/20260327070300.074867_KR_webconnectivity_1c3fb00ac102c515
https://lookaside.facebook.com/robots.txt,ok,https://explorer.ooni.org/m/20260327070306.064434_KR_webconnectivity_50697bce722348ee
https://mastodon.sdf.org/,error,https://explorer.ooni.org/m/20260327070406.616334_KR_webconnectivity_e9a7bb5e4a7b7269
https://mastodon.xyz/,ok,https://explorer.ooni.org/m/20260327070411.627265_KR_webconnectivity_dce43d1f51bc3f9a
https://plus.im/,ok,https://explorer.ooni.org/m/20260327070414.404472_KR_webconnectivity_c80211d9c6b88b0c
https://scontent-ams4-1.cdninstagram.com/favicon.ico,ok,https://explorer.ooni.org/m/20260327070416.856987_KR_webconnectivity_f31fa3f126a873cb
https://static.xx.fbcdn.net/favicon.ico,ok,https://explorer.ooni.org/m/20260327070420.073493_KR_webconnectivity_9d8808831273029f
https://vk.com/,ok,https://explorer.ooni.org/m/20260327070423.626603_KR_webconnectivity_e16e227af11110f4
https://weibo.com/,ok,https://explorer.ooni.org/m/20260327070425.901387_KR_webconnectivity_816a6f702aa926c6
https://www.douyin.com/,ok,https://explorer.ooni.org/m/20260327070429.159053_KR_webconnectivity_e53a9dee2b2b18aa
https://www.ning.com/,ok,https://explorer.ooni.org/m/20260327070433.241357_KR_webconnectivity_8e8cbcc00ea92353
https://www.yelp.com/,ok,https://explorer.ooni.org/m/20260327070436.889166_KR_webconnectivity_07494838231fcb4c
https://alqassam.ps/,dns,https://explorer.ooni.org/m/20260327070437.708471_KR_webconnectivity_2dafca8649577f97
https://beeg.com/,dns,https://explorer.ooni.org/m/20260327070440.634133_KR_webconnectivity_7ac0616a9b3791cd
https://dailystormer.in/,dns,https://explorer.ooni.org/m/20260327070442.343129_KR_webconnectivity_5e9c81d1f8274efd
https://drugs-forum.com/,dns,https://explorer.ooni.org/m/20260327070443.093772_KR_webconnectivity_f83753482481fad4
https://godhatesfags.com/,dns,https://explorer.ooni.org/m/20260327070448.856725_KR_webconnectivity_11fe7c051c866e14
https://heroin.org/,dns,https://explorer.ooni.org/m/20260327070449.608690_KR_webconnectivity_4135b161e0a3f6c0
http://ndfsk.dyndns.org/,ok,https://explorer.ooni.org/m/20260327070450.293112_KR_webconnectivity_a6856cc4514d835e
https://onlyfans.com/,dns,https://explorer.ooni.org/m/20260327070451.072465_KR_webconnectivity_68a1f3c64abc12ad
https://uk.match.com/,dns,https://explorer.ooni.org/m/20260327070451.780536_KR_webconnectivity_692128337d064981
https://worldsingles.com/,dns,https://explorer.ooni.org/m/20260327070452.448390_KR_webconnectivity_afd82dfb30abcbb8
http://www.barmeister.com/,ok,https://explorer.ooni.org/m/20260327070453.257321_KR_webconnectivity_7dfcfd27699add88
http://www.betfair.com/,dns,https://explorer.ooni.org/m/20260327070453.962857_KR_webconnectivity_16bd8e095e1f7524
https://www.blueskyswimwear.com/,dns,https://explorer.ooni.org/m/20260327070454.819005_KR_webconnectivity_5d692a3c8a039ff1
https://www.bravoporn.com/,dns,https://explorer.ooni.org/m/20260327070455.545704_KR_webconnectivity_1567a9911a7acc54
https://www.cannaweed.com/,dns,https://explorer.ooni.org/m/20260327070456.252957_KR_webconnectivity_2f9176bc4d8ca0f6
https://www.casino.com/,dns,https://explorer.ooni.org/m/20260327070457.046798_KR_webconnectivity_ba1ff0d4c87beb77
https://www.churchofeuthanasia.org/,dns,https://explorer.ooni.org/m/20260327070458.274249_KR_webconnectivity_67da5f4381982c3f
http://www.columbus25.com/,ok,https://explorer.ooni.org/m/20260327070459.049508_KR_webconnectivity_0004dc98244f4dea
http://www.koreancupid.com/,dns,https://explorer.ooni.org/m/20260327070459.921146_KR_webconnectivity_168a40dd7ed2598c
http://www.lasenza.com/,dns,https://explorer.ooni.org/m/20260327070500.899310_KR_webconnectivity_5c3003cb7e74f3ed
https://www.lovoo.com/,dns,https://explorer.ooni.org/m/20260327070505.019716_KR_webconnectivity_dd8d9ce068bc47d2
https://www.match.com/,dns,https://explorer.ooni.org/m/20260327070505.812619_KR_webconnectivity_70f8c7ce89eac9c8
https://www.okcupid.com/,dns,https://explorer.ooni.org/m/20260327070506.527409_KR_webconnectivity_d8cac07d26ca1c49
http://www.partypoker.com/,dns,https://explorer.ooni.org/m/20260327070507.260208_KR_webconnectivity_73046f8967f1c4d5
https://www.partypoker.net/,dns,https://explorer.ooni.org/m/20260327070508.168977_KR_webconnectivity_02bbcdb701b6fb96
https://www.playboy.com/,dns,https://explorer.ooni.org/m/20260327070509.204951_KR_webconnectivity_d8bcf978f966c0af
http://www.rollitup.org/,dns,https://explorer.ooni.org/m/20260327070509.953677_KR_webconnectivity_0bff69114fd3c9a5
http://www.sex.com/,dns,https://explorer.ooni.org/m/20260327070510.755162_KR_webconnectivity_839960654a5f67e8
https://www.shroomery.org/,dns,https://explorer.ooni.org/m/20260327070511.476451_KR_webconnectivity_395da1b55f928075
http://www.taima.org/,dns,https://explorer.ooni.org/m/20260327070512.189073_KR_webconnectivity_b239d5298904fc9a
http://www.thegooddrugsguide.com/,dns,https://explorer.ooni.org/m/20260327070512.917195_KR_webconnectivity_94f493bd8174943f
https://1.1.1.1/,tcp_ip,https://explorer.ooni.org/m/20260327070543.538218_KR_webconnectivity_b8c155bd0ee2c325
http://2015peoplepower.tistory.com/,ok,https://explorer.ooni.org/m/20260327070545.672878_KR_webconnectivity_64b36c49fda92870
https://4genderjustice.org/,ok,https://explorer.ooni.org/m/20260327070550.794413_KR_webconnectivity_999b9b5532075873
https://76crimes.com/,ok,https://explorer.ooni.org/m/20260327070554.662157_KR_webconnectivity_88ff5abd354ce4cf
http://abc.go.com/,ok,https://explorer.ooni.org/m/20260327070604.005082_KR_webconnectivity_5bf7f30a7557ea4c
http://act.jinbo.net/,ok,https://explorer.ooni.org/m/20260327070611.060634_KR_webconnectivity_d306a90c941c8307
https://actionaid.org/,ok,https://explorer.ooni.org/m/20260327070614.770629_KR_webconnectivity_36ec15db20bf6148
https://advox.globalvoices.org/,error,https://explorer.ooni.org/m/20260327070619.361983_KR_webconnectivity_6bac17cea15aa259
https://amnezia.org/,dns,https://explorer.ooni.org/m/20260327070620.258209_KR_webconnectivity_09d7ae4e7a9724b5
http://anonymouse.org/,dns,https://explorer.ooni.org/m/20260327070635.913686_KR_webconnectivity_7b0d37bc8411e9bc
https://antivigilancia.org/,dns,https://explorer.ooni.org/m/20260327070638.135035_KR_webconnectivity_282f308008cd46d2
https://arc-international.net/,ok,https://explorer.ooni.org/m/20260327070648.501204_KR_webconnectivity_3c75971d25849599
https://asiatimes.com/,ok,https://explorer.ooni.org/m/20260327070651.469314_KR_webconnectivity_338f4f4ae72efe67
https://atlasofsurveillance.org/,ok,https://explorer.ooni.org/m/20260327070654.338085_KR_webconnectivity_08000636b938c59f
https://banthis.tv/,dns,https://explorer.ooni.org/m/20260327070655.059816_KR_webconnectivity_ecd3ebd60ba32012
http://base21.jinbo.net/,ok,https://explorer.ooni.org/m/20260327070700.414494_KR_webconnectivity_7ffc930796c15c5b
https://blog.genderwatchdog.org/,ok,https://explorer.ooni.org/m/20260327070702.298652_KR_webconnectivity_bf8b95e2a7f75e08
http://blog.jinbo.net/,ok,https://explorer.ooni.org/m/20260327070709.675644_KR_webconnectivity_d0e440f3f3343fd3
https://bouncer.ooni.io/,ok,https://explorer.ooni.org/m/20260327070712.909894_KR_webconnectivity_4ae031727cb3aab0
https://brothersroad.org/,ok,https://explorer.ooni.org/m/20260327070714.879761_KR_webconnectivity_74faf49097f7162b
https://btguard.com/,dns,https://explorer.ooni.org/m/20260327070716.073713_KR_webconnectivity_b36322b0d0bb3c45
http://cafe.daum.net/,ok,https://explorer.ooni.org/m/20260327070719.362476_KR_webconnectivity_65dd21e1e0270585
http://cafe.daum.net/antimb,ok,https://explorer.ooni.org/m/20260327070722.199947_KR_webconnectivity_0386aa44e1ad1e74
http://cafe.daum.net/libertyofthepress,ok,https://explorer.ooni.org/m/20260327070724.573030_KR_webconnectivity_50b34d11b6263562
http://cafe.daum.net/pridecare,ok,https://explorer.ooni.org/m/20260327070726.908411_KR_webconnectivity_db3bf89f4a40dee3
http://cafe.daum.net/stopcjd,ok,https://explorer.ooni.org/m/20260327070729.329174_KR_webconnectivity_a09a9c34dcc8cdb7
http://cafe.naver.com/asunaro/,ok,https://explorer.ooni.org/m/20260327070734.635221_KR_webconnectivity_ec661a922be83e43
https://carnegieendowment.org/,ok,https://explorer.ooni.org/m/20260327070737.009613_KR_webconnectivity_ff4b1d624caeaa25
https://censorship.no/,dns,https://explorer.ooni.org/m/20260327070737.866498_KR_webconnectivity_55052bfc5beaea7e
https://certbot.eff.org/,ok,https://explorer.ooni.org/m/20260327070740.940839_KR_webconnectivity_4572d4b39190fcc5
https://citizenlab.ca/,ok,https://explorer.ooni.org/m/20260327070743.539205_KR_webconnectivity_c01f8119a949c04d
https://cpj.org/,ok,https://explorer.ooni.org/m/20260327070745.565528_KR_webconnectivity_347de5e3b51de102
https://cryptpad.fr/,ok,https://explorer.ooni.org/m/20260327070748.235403_KR_webconnectivity_402690e36bc7fbd9
https://cryptpad.org/instances/,ok,https://explorer.ooni.org/m/20260327070751.878445_KR_webconnectivity_793f23bf88bfbc8b
https://csid-online.org/,ok,https://explorer.ooni.org/m/20260327070755.407958_KR_webconnectivity_baeea32ae72331eb
https://cyber.harvard.edu/,ok,https://explorer.ooni.org/m/20260327070758.393914_KR_webconnectivity_edc5325ae9730189
https://ddosecrets.com/,ok,https://explorer.ooni.org/m/20260327070818.467394_KR_webconnectivity_9ca95e112f27d24c
https://disclose.ngo/,ok,https://explorer.ooni.org/m/20260327070820.904284_KR_webconnectivity_b01058c91050f07a
https://dn42.dev/,ok,https://explorer.ooni.org/m/20260327070822.657379_KR_webconnectivity_5c94a05a1928f606
https://docs.mvt.re/,dns,https://explorer.ooni.org/m/20260327070823.590716_KR_webconnectivity_d349f1e3c157fd34
https://edition.cnn.com/,ok,https://explorer.ooni.org/m/20260327070825.659947_KR_webconnectivity_e33e19e248d0d9c4
http://english.eduhope.net/,ok,https://explorer.ooni.org/m/20260327070828.455691_KR_webconnectivity_1a9f0f7efde6218d
http://english.hani.co.kr/,ok,https://explorer.ooni.org/m/20260327070831.972664_KR_webconnectivity_725ad17bc91bcf34
http://english.yna.co.kr/,error,https://explorer.ooni.org/m/20260327070833.882785_KR_webconnectivity_ae01fe51993cb684
https://epic.org/,ok,https://explorer.ooni.org/m/20260327070835.907762_KR_webconnectivity_19da5f751ba61d83
https://feminist.org/,ok,https://explorer.ooni.org/m/20260327070838.486953_KR_webconnectivity_a5f7e89ab45f76d3
https://fleegle.mixmin.net/,ok,https://explorer.ooni.org/m/20260327070840.962546_KR_webconnectivity_ded292b5d2072a41
https://fondfbr.ru/,dns,https://explorer.ooni.org/m/20260327070842.998412_KR_webconnectivity_1bcf848184b2b406
https://freedomhouse.org/,ok,https://explorer.ooni.org/m/20260327070844.974450_KR_webconnectivity_f5654e365834f162
https://freemuse.org/,ok,https://explorer.ooni.org/m/20260327070854.814723_KR_webconnectivity_1fd7017faad33211
https://freespeechdebate.com/,tcp_ip,https://explorer.ooni.org/m/20260327070925.566956_KR_webconnectivity_f6f069475ead523a
https://fronterafundrgv.org/,dns,https://explorer.ooni.org/m/20260327070928.473182_KR_webconnectivity_c4353596e20290e0
http://fteproxy.org/,dns,https://explorer.ooni.org/m/20260327070929.651427_KR_webconnectivity_9e6210e8d8a04b11
https://fundtexaschoice.org/,ok,https://explorer.ooni.org/m/20260327070932.374279_KR_webconnectivity_2bca0dd1e5da1bd4
https://gaymenshealth.org/,ok,https://explorer.ooni.org/m/20260327070936.195760_KR_webconnectivity_423eabc407717025
https://genderandaids.unwomen.org/,ok,https://explorer.ooni.org/m/20260327070938.471760_KR_webconnectivity_29bf3e454985d92e
https://globalpressjournal.com/,ok,https://explorer.ooni.org/m/20260327070940.625418_KR_webconnectivity_f6acee510199c743
https://globalvoices.org/,error,https://explorer.ooni.org/m/20260327071040.940342_KR_webconnectivity_911a642b9ec311de
http://go.jinbo.net/,ok,https://explorer.ooni.org/m/20260327071045.633523_KR_webconnectivity_2d0ed86192a72002
https://gpgtools.org/,ok,https://explorer.ooni.org/m/20260327071049.678631_KR_webconnectivity_e9ba3defd4aa8a29
https://guardianproject.info/,ok,https://explorer.ooni.org/m/20260327071052.546781_KR_webconnectivity_476a654ef873fb69
http://hbyd.org/,ok,https://explorer.ooni.org/m/20260327071102.483914_KR_webconnectivity_655d94009d230b6c
https://help.unhcr.org/,ok,https://explorer.ooni.org/m/20260327071104.736862_KR_webconnectivity_ca98c5ed01ba711d
http://hotzone.yahoo.com/,ok,https://explorer.ooni.org/m/20260327071107.348918_KR_webconnectivity_2087e2cbc8ef9fec
http://hrights.or.kr/,ok,https://explorer.ooni.org/m/20260327071113.688177_KR_webconnectivity_451311af1c313a54
http://hrlibrary.umn.edu/iwraw/,ok,https://explorer.ooni.org/m/20260327071117.090815_KR_webconnectivity_94c36d7442fc389b
http://humanmed.org/,dns,https://explorer.ooni.org/m/20260327071118.706357_KR_webconnectivity_3eac33270679d882
https://i2p2.de/,error,https://explorer.ooni.org/m/20260327071124.788441_KR_webconnectivity_3ccd159fc0dd062c
https://i2pforum.net/,ok,https://explorer.ooni.org/m/20260327071138.365886_KR_webconnectivity_1f9cd7e7553a7b8a
https://i2pgit.org/,ok,https://explorer.ooni.org/m/20260327071141.857338_KR_webconnectivity_74ba8e218ecbce57
https://ifeminists.com/,ok,https://explorer.ooni.org/m/20260327071158.431728_KR_webconnectivity_34dbae45ef91150b
https://ij.org/,ok,https://explorer.ooni.org/m/20260327071207.772297_KR_webconnectivity_ceb364d7df22dbcd
http://ijunnong.net/,ok,https://explorer.ooni.org/m/20260327071215.612544_KR_webconnectivity_ae1b06ad049e25c0
https://ikhwanonline.com/,ok,https://explorer.ooni.org/m/20260327071224.755501_KR_webconnectivity_74dbb6656cf85394
https://ilga.org/,ok,https://explorer.ooni.org/m/20260327071237.260268_KR_webconnectivity_fcc5aff187668259
http://impeter.tistory.com/,ok,https://explorer.ooni.org/m/20260327071239.909924_KR_webconnectivity_5ea2038692e31c0e
https://indymedia.org/,ok,https://explorer.ooni.org/m/20260327071245.087637_KR_webconnectivity_90dcde79ab5d1a96
http://instinctmagazine.com/,ok,https://explorer.ooni.org/m/20260327071300.024574_KR_webconnectivity_dd031611c7eaa650
https://internationalfamilyequalityday.org/,ok,https://explorer.ooni.org/m/20260327071318.226741_KR_webconnectivity_5791f2a098c31ceb
https://ipi.media/,ok,https://explorer.ooni.org/m/20260327071331.905975_KR_webconnectivity_e6d865b6f1515d35
https://itgetsbetter.org/,ok,https://explorer.ooni.org/m/20260327071342.061704_KR_webconnectivity_1c02fbe12ff86e66
http://ivancity.com/,dns,https://explorer.ooni.org/m/20260327071345.198453_KR_webconnectivity_efb3195fb5f89390
https://janesdueprocess.org/,dns,https://explorer.ooni.org/m/20260327071346.654314_KR_webconnectivity_20155ea568c48ec7
https://jezebel.com/,ok,https://explorer.ooni.org/m/20260327071358.791418_KR_webconnectivity_d956115b4d4f1b6e
http://joongang.joins.com/,ok,https://explorer.ooni.org/m/20260327071402.683380_KR_webconnectivity_39394508c7e38a9d
http://joongangdaily.joins.com/,ok,https://explorer.ooni.org/m/20260327071415.038208_KR_webconnectivity_2e710e6ff9a5c612
http://jtbc.joins.com/,ok,https://explorer.ooni.org/m/20260327071441.639455_KR_webconnectivity_9357a87022c1e15c
https://justassociates.org/,ok,https://explorer.ooni.org/m/20260327071457.647076_KR_webconnectivity_93e1a5230c108fc3
http://justicewomen.com/,ok,https://explorer.ooni.org/m/20260327071500.098377_KR_webconnectivity_7531e3bd6dd29d91
https://a.slack-edge.com/f70ec/img/test_cdn_pixel.gif,ok,https://explorer.ooni.org/m/20260327071504.289318_KR_webconnectivity_c75addcd39ffe1ce
https://about.riot.im/,ok,https://explorer.ooni.org/m/20260327071520.621789_KR_webconnectivity_a269e07c070c4631
http://abpr2.railfan.net/,ok,https://explorer.ooni.org/m/20260327071529.068090_KR_webconnectivity_75182654d6380f02
https://account.proton.me/,ok,https://explorer.ooni.org/m/20260327071532.285935_KR_webconnectivity_cc4111d5ab39f994
https://app.developer.here.com/coronavirus/,ok,https://explorer.ooni.org/m/20260327071538.359761_KR_webconnectivity_c124e4679ec53f4b
https://app.simplelogin.io/,ok,https://explorer.ooni.org/m/20260327071542.036206_KR_webconnectivity_b3045740abda9a89
https://app.slack.com/robots.txt,ok,https://explorer.ooni.org/m/20260327071545.618574_KR_webconnectivity_42e9ce811eaab59b
https://app.wire.com/,ok,https://explorer.ooni.org/m/20260327071548.778424_KR_webconnectivity_deb5e6c8d4dbac6f
https://archive.ph/,ok,https://explorer.ooni.org/m/20260327071553.132038_KR_webconnectivity_86e6a597318b899f
https://avatars.mds.yandex.net/robots.txt,http-failure,https://explorer.ooni.org/m/20260327071615.497567_KR_webconnectivity_2389a7a3faa044c7
http://bizLGU.com/,error,https://explorer.ooni.org/m/20260327071617.086726_KR_webconnectivity_b808e0e76b0a0316
http://bizmessage.kakao.com/,ok,https://explorer.ooni.org/m/20260327071622.639510_KR_webconnectivity_2f908675d8eeebb2
https://briarproject.org/,ok,https://explorer.ooni.org/m/20260327071626.307774_KR_webconnectivity_1d443a88a05499d7
http://bric.postech.ac.kr/,ok,https://explorer.ooni.org/m/20260327071645.905235_KR_webconnectivity_1685807b86f31729
http://cafe.daum.net/ahyoomee,ok,https://explorer.ooni.org/m/20260327071649.060704_KR_webconnectivity_79cd0b002c093cc0
http://caramasia.gn.apc.org/,tcp_ip,https://explorer.ooni.org/m/20260327071736.137941_KR_webconnectivity_0e5ecc1f073b9b8b
https://censored.tv/,ok,https://explorer.ooni.org/m/20260327071752.269991_KR_webconnectivity_b0c34e3768449d7e
https://chat-gpt.org/,ok,https://explorer.ooni.org/m/20260327071800.487183_KR_webconnectivity_b46616be61207647
https://cid.contact/,ok,https://explorer.ooni.org/m/20260327071804.652199_KR_webconnectivity_3c590a1f50d067d0
https://cinemata.org/,ok,https://explorer.ooni.org/m/20260327071810.447037_KR_webconnectivity_ce0385a472f3f5d0
https://circumcision.org/,ok,https://explorer.ooni.org/m/20260327071821.906778_KR_webconnectivity_d47ce3f781472ee7
https://covidtracking.com/,ok,https://explorer.ooni.org/m/20260327071832.381643_KR_webconnectivity_21ddba1250a1489b
https://cwtch.im/,ok,https://explorer.ooni.org/m/20260327071842.187502_KR_webconnectivity_bd9d78705f0bb774
https://delta.chat/,ok,https://explorer.ooni.org/m/20260327071845.245288_KR_webconnectivity_0c834d8d6ef85b5a
https://dl.acm.org/,ok,https://explorer.ooni.org/m/20260327071846.986660_KR_webconnectivity_03582e6183780e9c
https://duckduckgo.com/,http-failure,https://explorer.ooni.org/m/20260327071908.555617_KR_webconnectivity_411c7c0b4e6ac667
https://element.io/,ok,https://explorer.ooni.org/m/20260327071920.855457_KR_webconnectivity_7fb7d0a49a2fdbc8
https://espiv.net/,ok,https://explorer.ooni.org/m/20260327071929.914325_KR_webconnectivity_863d1cf94bfa9186
https://evernote.com/,ok,https://explorer.ooni.org/m/20260327071943.768337_KR_webconnectivity_5538a59a2ccfb3b8
https://external-content.duckduckgo.com/robots.txt,http-failure,https://explorer.ooni.org/m/20260327072005.535332_KR_webconnectivity_e0b1627206852ae5
http://gall.dcinside.com/board/lists/?id=disease,ok,https://explorer.ooni.org/m/20260327072017.784366_KR_webconnectivity_3002f6aaea4d834d
https://gemini.google.com/,ok,https://explorer.ooni.org/m/20260327072031.639923_KR_webconnectivity_ec43ac2e8103515a
https://getsession.org/,ok,https://explorer.ooni.org/m/20260327072042.939342_KR_webconnectivity_aaacd75b7e8c19a5
https://gisanddata.maps.arcgis.com/apps/dashboards/bda7594740fd40299423467b48e9ecf6,ok,https://explorer.ooni.org/m/20260327072048.897344_KR_webconnectivity_de5112c6071c1b4c
http://giveu.net/,ok,https://explorer.ooni.org/m/20260327072107.092962_KR_webconnectivity_dd7082b4bcc4a774
https://go-text.me/,ok,https://explorer.ooni.org/m/20260327072113.220658_KR_webconnectivity_ed389462aa961177
https://icao.maps.arcgis.com/apps/opsdashboard/index.html#/977dde48256b489fb48fa98e724721e8,ok,https://explorer.ooni.org/m/20260327072120.456440_KR_webconnectivity_3a88d6409d6383f1
https://icao.maps.arcgis.com/apps/webappviewer3d/index.html?id=d9d3f8fa9a23425c8f0889baab626186,ok,https://explorer.ooni.org/m/20260327072124.849037_KR_webconnectivity_0bf917304209329a
https://icq.com/,ok,https://explorer.ooni.org/m/20260327072132.566013_KR_webconnectivity_5fe721cddf5c3e73
https://ifacetimeapp.com/,ok,https://explorer.ooni.org/m/20260327072147.504128_KR_webconnectivity_9c955885bd4cebf8
https://im0-tub-com.yandex.net/i?id=462f375c96139f1e41d919b44be2d780&n=13&exp=1,tcp_ip,https://explorer.ooni.org/m/20260327072248.079123_KR_webconnectivity_1eee71a655187d6e
https://imageshack.com/,ok,https://explorer.ooni.org/m/20260327072253.335407_KR_webconnectivity_caf2645bab63d108
https://imgur.com/,dns,https://explorer.ooni.org/m/20260327072254.324317_KR_webconnectivity_3c75755dfd245aef
https://imp.free.fr/,ok,https://explorer.ooni.org/m/20260327072300.360268_KR_webconnectivity_2c42b48c709a798e
https://jami.net/,ok,https://explorer.ooni.org/m/20260327072309.898240_KR_webconnectivity_81b54968b4ca5424
https://kidshealth.org/,ok,https://explorer.ooni.org/m/20260327072318.332545_KR_webconnectivity_a2bcd35e8655878f
http://kr.yahoo.com/,ok,https://explorer.ooni.org/m/20260327072333.040906_KR_webconnectivity_c1e7a00d9d5426f3
https://lens.google.com/uploadbyurl?url=https%3A%2F%2Fwww.google.com%2Fimages%2Fbranding%2Fgooglelogo%2F1x%2Fgooglelogo_color_150x54dp.png&hl=en-US&ep=gisb,ok,https://explorer.ooni.org/m/20260327072342.538361_KR_webconnectivity_8a8dc6cd52b94c2c
http://lifeline.or.kr/,error,https://explorer.ooni.org/m/20260327072353.049759_KR_webconnectivity_589415980129c3be
https://login.live.com/,ok,https://explorer.ooni.org/m/20260327072404.520464_KR_webconnectivity_7cb31a828fc36798
http://mail.daum.net/,ok,https://explorer.ooni.org/m/20260327072411.226606_KR_webconnectivity_588b81b4a873a6f1
https://mail.google.com/,ok,https://explorer.ooni.org/m/20260327072425.245078_KR_webconnectivity_ad6f33eabfd318dd
http://mail.naver.com/,ok,https://explorer.ooni.org/m/20260327072432.867400_KR_webconnectivity_32d5f52da3720272
https://mail.proton.me/,ok,https://explorer.ooni.org/m/20260327072436.333703_KR_webconnectivity_8e2bc8af0797513b
https://mail.ru/,ok,https://explorer.ooni.org/m/20260327072502.047807_KR_webconnectivity_0c19f8b6ab05fd7f
https://mail.yahoo.com/,ok,https://explorer.ooni.org/m/20260327072506.951556_KR_webconnectivity_0586d4ac69206c65
https://media.fevn1-1.fna.whatsapp.net/robots.txt,ok,https://explorer.ooni.org/m/20260327072509.552965_KR_webconnectivity_231f0c4ba94443fa
https://messages.google.com/,ok,https://explorer.ooni.org/m/20260327072513.782504_KR_webconnectivity_deb724420f2dc2ac
https://mmg.whatsapp.net/robots.txt,ok,https://explorer.ooni.org/m/20260327072516.212217_KR_webconnectivity_3e5fc859531578d3
https://mobile.element.io/,ok,https://explorer.ooni.org/m/20260327072518.056369_KR_webconnectivity_91e6c564fba3c26a
https://msh.org/,ok,https://explorer.ooni.org/m/20260327072528.738799_KR_webconnectivity_78b3e0f8e5ccc61c
https://mytrans.com.tw/,ok,https://explorer.ooni.org/m/20260327072531.376364_KR_webconnectivity_4cda61dca4faf5db
https://nextstrain.org/ncov,ok,https://explorer.ooni.org/m/20260327072538.587849_KR_webconnectivity_232c2178d54ca892
https://nostr.com/,ok,https://explorer.ooni.org/m/20260327072544.858393_KR_webconnectivity_27ccdbfaf8e82a0b
https://obsproject.com/,ok,https://explorer.ooni.org/m/20260327072551.123712_KR_webconnectivity_d5b368cc97e5da9b
https://opera.com/,ok,https://explorer.ooni.org/m/20260327072601.983374_KR_webconnectivity_220fb2ba1cfd24f0
https://outlook.live.com/,ok,https://explorer.ooni.org/m/20260327072609.808358_KR_webconnectivity_c202fd3e3e52ba58
https://photos.google.com/,ok,https://explorer.ooni.org/m/20260327072625.234175_KR_webconnectivity_0fcb4cfb2049538c
https://posteo.de/,ok,https://explorer.ooni.org/m/20260327072635.169336_KR_webconnectivity_c292d7ca152904ac
https://presearch.org/,ok,https://explorer.ooni.org/m/20260327072638.342130_KR_webconnectivity_46b1cc6e2ea9bb9e
https://rumble.com/,ok,https://explorer.ooni.org/m/20260327072649.058597_KR_webconnectivity_33492fd85573ffa7
https://search.aol.com/,ok,https://explorer.ooni.org/m/20260327072656.075953_KR_webconnectivity_f13a8d7b9147e810
https://search.brave.com/,ok,https://explorer.ooni.org/m/20260327072717.200678_KR_webconnectivity_d3e0a280a8655be9
https://secure.hi5.com/,ok,https://explorer.ooni.org/m/20260327072731.066626_KR_webconnectivity_8f0ea608f479a045
https://spideroak.com/,ok,https://explorer.ooni.org/m/20260327072749.683271_KR_webconnectivity_bd400446c889ba56
https://startpage.com/,http-failure,https://explorer.ooni.org/m/20260327072754.044273_KR_webconnectivity_727ab9d16369a46c
https://status.im/,ok,https://explorer.ooni.org/m/20260327072804.718230_KR_webconnectivity_506a83fb7284c8c6
https://storymaps.arcgis.com/,ok,https://explorer.ooni.org/m/20260327072825.778520_KR_webconnectivity_995c8ee2e426b70d
https://support.delta.chat/,ok,https://explorer.ooni.org/m/20260327072844.396620_KR_webconnectivity_181d4eed4dd5bd5d
https://tamtam.chat/,ok,https://explorer.ooni.org/m/20260327072907.789360_KR_webconnectivity_ebe0ed74c4701fc1
http://tcafek.com/,confirmed,https://explorer.ooni.org/m/20260327072925.679793_KR_webconnectivity_f11a3861c3194535
https://teams.microsoft.com/,ok,https://explorer.ooni.org/m/20260327072940.708217_KR_webconnectivity_02e1c8ff6da1c284
https://test-ipv6.com/,ok,https://explorer.ooni.org/m/20260327072947.206541_KR_webconnectivity_760e93db9a499894
https://th.bing.com/th/id/OIP.YnpdokcN_OQYn3n41AlqZAHaEe?w=250&h=180&c=7&o=5&pid=1.7,ok,https://explorer.ooni.org/m/20260327072954.142106_KR_webconnectivity_d8a178ca6954f156
https://translate.google.com/,ok,https://explorer.ooni.org/m/20260327073006.254941_KR_webconnectivity_7072996245c189de
https://translation2.paralink.com/,ok,https://explorer.ooni.org/m/20260327073014.913214_KR_webconnectivity_abe3c694d32e9bb0
https://transparencyreport.google.com/,ok,https://explorer.ooni.org/m/20260327073025.345914_KR_webconnectivity_9e114a793dbc5885
https://tuta.com/,ok,https://explorer.ooni.org/m/20260327073038.230916_KR_webconnectivity_02944732fb7e354c
http://tvcast.naver.com/,ok,https://explorer.ooni.org/m/20260327073047.643466_KR_webconnectivity_9a15369edce944e1
https://tx.me/,ok,https://explorer.ooni.org/m/20260327073052.411630_KR_webconnectivity_68e4bf776e550e92
https://vector.im/_matrix/identity/api/v1,ok,https://explorer.ooni.org/m/20260327073054.355073_KR_webconnectivity_cb09aa749cf1f437
https://video-preview.s3.yandex.net/robots.txt,http-failure,https://explorer.ooni.org/m/20260327073116.600324_KR_webconnectivity_2028940a8b51f538
https://web.wechat.com/,ok,https://explorer.ooni.org/m/20260327073126.171511_KR_webconnectivity_b3914cbd09e13df5
https://worldhealth.net/,ok,https://explorer.ooni.org/m/20260327073134.629793_KR_webconnectivity_d871b6399b1e701e
http://www.aids.or.kr/,ok,https://explorer.ooni.org/m/20260327073139.624474_KR_webconnectivity_fa22fbb263ea30ec
https://www.ananzi.co.za/,ok,https://explorer.ooni.org/m/20260327073143.841570_KR_webconnectivity_108c3d96e0e21e7f
http://www.asiansexgazette.com/,dns,https://explorer.ooni.org/m/20260327073146.136998_KR_webconnectivity_6328cc5cdd62819c
http://www.asiansexgazette.com/asg/asian_health.htm,dns,https://explorer.ooni.org/m/20260327073148.352682_KR_webconnectivity_3ac7813ce27307b0
https://www.baidu.com/,ok,https://explorer.ooni.org/m/20260327073157.403839_KR_webconnectivity_4b0081518ef5e514
https://www.bbm.com/,ok,https://explorer.ooni.org/m/20260327073216.822065_KR_webconnectivity_a802b4d129e50188
https://www.bing.com/,ok,https://explorer.ooni.org/m/20260327073239.693998_KR_webconnectivity_f36a4420e512fc6e
https://www.broadvoice.com/,ok,https://explorer.ooni.org/m/20260327073257.021728_KR_webconnectivity_190fb226a76c3fb4
https://www.cdc.gov/,ok,https://explorer.ooni.org/m/20260327073304.803221_KR_webconnectivity_b837044942e0eefe
http://www.cirp.org/,ok,https://explorer.ooni.org/m/20260327073310.741708_KR_webconnectivity_89257ecd4bb7848e
http://www.dailymotion.com/kr,ok,https://explorer.ooni.org/m/20260327073318.210909_KR_webconnectivity_5c536f51d448ac10
http://www.daum.net/,ok,https://explorer.ooni.org/m/20260327073332.521725_KR_webconnectivity_87bcd3b4a697d217
https://www.doctorswithoutborders.org/,ok,https://explorer.ooni.org/m/20260327073344.428391_KR_webconnectivity_99d04c28a23f61fc
http://www.dogpile.com/,ok,https://explorer.ooni.org/m/20260327073346.778958_KR_webconnectivity_6ce3fd45176a81d0
http://www.dreamwiz.com/,ok,https://explorer.ooni.org/m/20260327073402.169197_KR_webconnectivity_7f6972c36fca6c22
https://www.ecdc.europa.eu/,ok,https://explorer.ooni.org/m/20260327073416.401370_KR_webconnectivity_955472e6a0640df9
https://www.engenderhealth.org/,ok,https://explorer.ooni.org/m/20260327073429.076611_KR_webconnectivity_29777f14f21822d5
http://www.euthanasia.cc/,ok,https://explorer.ooni.org/m/20260327073435.631020_KR_webconnectivity_22e1c4de10e13abf
https://www.fotki.com/,ok,https://explorer.ooni.org/m/20260327073440.584758_KR_webconnectivity_68051f02485c7102
http://www.fotolog.com/,ok,https://explorer.ooni.org/m/20260327073456.496281_KR_webconnectivity_a5243b64d7f2bd53
https://www.freepik.com/,ok,https://explorer.ooni.org/m/20260327073500.197346_KR_webconnectivity_3c0629cc35817475
https://www.gatesfoundation.org/,ok,https://explorer.ooni.org/m/20260327073514.656886_KR_webconnectivity_1835dde6a87c4230
http://www.getdrupe.com/,ok,https://explorer.ooni.org/m/20260327073529.688290_KR_webconnectivity_5648ab3dcb67c169
https://www.google.co.kr/,ok,https://explorer.ooni.org/m/20260327073545.937970_KR_webconnectivity_3d2fcc1d629e3ee5
https://www.google.com/,ok,https://explorer.ooni.org/m/20260327073605.030487_KR_webconnectivity_8af1dc4d15724c0a
https://www.health.com/,ok,https://explorer.ooni.org/m/20260327073606.858643_KR_webconnectivity_96895bc260ac3edb
https://www.healthmap.org/covid-19/,ok,https://explorer.ooni.org/m/20260327073610.627822_KR_webconnectivity_264f2f4f7b3ae664
https://www.hightail.com/,ok,https://explorer.ooni.org/m/20260327073617.862110_KR_webconnectivity_57b5ad5d12b8424a
https://www.hotbot.com/,dns,https://explorer.ooni.org/m/20260327073619.434011_KR_webconnectivity_c6a7fc096a93aea2
https://www.hushmail.com/,ok,https://explorer.ooni.org/m/20260327073630.676270_KR_webconnectivity_f9eeeeac48b740ff
https://www.iconnecthere.com/,ok,https://explorer.ooni.org/m/20260327073636.073298_KR_webconnectivity_96d8d363e32e329d
http://www.implantinfo.com/,ok,https://explorer.ooni.org/m/20260327073650.242294_KR_webconnectivity_441550d2b3308f02
http://www.inbox.com/,ok,https://explorer.ooni.org/m/20260327073657.299514_KR_webconnectivity_1dfe5ec722aafdad
http://www.internet-phone.co.kr/,tcp_ip,https://explorer.ooni.org/m/20260327073743.248467_KR_webconnectivity_45aa1b978f513408
http://www.isscr.org/,ok,https://explorer.ooni.org/m/20260327073758.744152_KR_webconnectivity_e518239432b01ac9
https://www.jabber.ru/,ok,https://explorer.ooni.org/m/20260327073801.925729_KR_webconnectivity_62589f03132e126c
http://www.kakao.com/services/8,ok,https://explorer.ooni.org/m/20260327073814.810538_KR_webconnectivity_c59d867b91669855
http://www.keptprivate.com/,ok,https://explorer.ooni.org/m/20260327073817.591891_KR_webconnectivity_1a4bb57443ebdbe8
https://www.kff.org/,ok,https://explorer.ooni.org/m/20260327073828.600134_KR_webconnectivity_d3bd60ef9e1c1d43
http://www.kftel.com/,ok,https://explorer.ooni.org/m/20260327073831.681474_KR_webconnectivity_34e1bd0c435f0528
https://www.last.fm/,ok,https://explorer.ooni.org/m/20260327073849.631434_KR_webconnectivity_1716d651380f535c
http://www.lingo.com/,error,https://explorer.ooni.org/m/20260327073851.677661_KR_webconnectivity_a113aadd43984c9c
http://www.linphone.org/,ok,https://explorer.ooni.org/m/20260327073916.143105_KR_webconnectivity_9a97adfce4bf4489
http://www.love4one.com/,ok,https://explorer.ooni.org/m/20260327073929.455405_KR_webconnectivity_699bb8b031d36984
http://www.lycos.com/,ok,https://explorer.ooni.org/m/20260327073932.774668_KR_webconnectivity_c6401eb3c6ad0eb7
http://www.magicjack.com/,ok,https://explorer.ooni.org/m/20260327073939.688050_KR_webconnectivity_2cf5db9e9993b036
https://www.mail.com/,ok,https://explorer.ooni.org/m/20260327073953.513413_KR_webconnectivity_07bfed5db09f9b6f
http://www.mail.lycos.com/,ok,https://explorer.ooni.org/m/20260327073959.625724_KR_webconnectivity_43f3fb3646be39b9
http://www.mail2web.com/,ok,https://explorer.ooni.org/m/20260327074014.523469_KR_webconnectivity_424d24875bbec97a
http://www.mailinator.com/,ok,https://explorer.ooni.org/m/20260327074028.526524_KR_webconnectivity_5b10570f53309673
https://www.mamma.com/,ok,https://explorer.ooni.org/m/20260327074034.715559_KR_webconnectivity_b84c7aad6e1169b7
https://www.mariestopes.org.uk/,ok,https://explorer.ooni.org/m/20260327074046.812722_KR_webconnectivity_9ad4ce173f8b2022
http://www.medecinsdumonde.org/,ok,https://explorer.ooni.org/m/20260327074104.427314_KR_webconnectivity_9228356a8097fec2
https://www.mediafire.com/,ok,https://explorer.ooni.org/m/20260327074110.313675_KR_webconnectivity_74110655c0d9a6c7
http://www.medicinenet.com/,ok,https://explorer.ooni.org/m/20260327074122.410351_KR_webconnectivity_5d8aaf75c6b84a40
http://www.mersjido.com/,ok,https://explorer.ooni.org/m/20260327074130.894065_KR_webconnectivity_6f4963c86e226878
https://www.messenger.com/,ok,https://explorer.ooni.org/m/20260327074147.517585_KR_webconnectivity_c3894cb464cb2582
http://www.metacrawler.com/,dns,https://explorer.ooni.org/m/20260327074150.127502_KR_webconnectivity_e622ebcf614dc07e
https://www.microsoft.com/,ok,https://explorer.ooni.org/m/20260327074206.713804_KR_webconnectivity_ba12c2ef36fa1fc8
http://www.microsofttranslator.com/,ok,https://explorer.ooni.org/m/20260327074220.292564_KR_webconnectivity_66ff986f47e86fd5
https://www.mojeek.com/,ok,https://explorer.ooni.org/m/20260327074225.585347_KR_webconnectivity_790c7312b00519f5
http://www.moohan.net/,dns,https://explorer.ooni.org/m/20260327074229.549845_KR_webconnectivity_54ca0e6347b126b4
https://www.msf.org/,ok,https://explorer.ooni.org/m/20260327074233.994312_KR_webconnectivity_9fe46bcc48d3c109
https://www.msn.com/,ok,https://explorer.ooni.org/m/20260327074244.049920_KR_webconnectivity_29ab9aa5593f2be9
http://www.munjanara.co.kr/,error,https://explorer.ooni.org/m/20260327074306.198128_KR_webconnectivity_a83d2328e9cd7200
http://www.naver.com/,ok,https://explorer.ooni.org/m/20260327074319.289172_KR_webconnectivity_a28626e9cf254756
http://www.netaddress.com/,ok,https://explorer.ooni.org/m/20260327074327.210254_KR_webconnectivity_9a59feebca6a7a28
https://www.netaddress.com/,ok,https://explorer.ooni.org/m/20260327074334.231057_KR_webconnectivity_ec90d56628c80c42
https://www.netflix.com/,ok,https://explorer.ooni.org/m/20260327074349.936964_KR_webconnectivity_e4ad0c751e4fa73d
http://www.nicesms.co.kr/,dns,https://explorer.ooni.org/m/20260327074356.012274_KR_webconnectivity_fdc431a1622a481a
http://www.olleh-kt.kr/,ok,https://explorer.ooni.org/m/20260327074359.941816_KR_webconnectivity_e47d91320f1b6571
http://www.online-translator.com/,ok,https://explorer.ooni.org/m/20260327074407.789672_KR_webconnectivity_64f2a2bc492100b8
http://www.oovoo.com/,ok,https://explorer.ooni.org/m/20260327074427.044813_KR_webconnectivity_9f3752cde0c734dc
https://www.openstreetmap.org/,ok,https://explorer.ooni.org/m/20260327074433.248090_KR_webconnectivity_808f939c43d6b3fa
http://www.orgio.com/,ok,https://explorer.ooni.org/m/20260327074441.158249_KR_webconnectivity_a64c2dac9fda935d
http://www.paltalk.com/,ok,https://explorer.ooni.org/m/20260327074445.299284_KR_webconnectivity_a5a3f96178c020b3
http://www.pandora.com/,ok,https://explorer.ooni.org/m/20260327074451.932618_KR_webconnectivity_e8141ae5a0ffd517
https://www.perplexity.ai/,ok,https://explorer.ooni.org/m/20260327074455.530134_KR_webconnectivity_43de4b01c9646a48
https://www.pinterest.com/,ok,https://explorer.ooni.org/m/20260327074514.789227_KR_webconnectivity_b43fc6898846ea50
https://www.postmaster.co.uk/,ok,https://explorer.ooni.org/m/20260327074521.230892_KR_webconnectivity_7a157d3ab29f2cec
http://www.ppurio.com/,dns,https://explorer.ooni.org/m/20260327074526.761064_KR_webconnectivity_e4e83d385519a9a2
https://www.projectbaseline.com/studies/covid-research/,ok,https://explorer.ooni.org/m/20260327074538.584395_KR_webconnectivity_ea4cc6cb1a688d17
https://www.proton.me/,ok,https://explorer.ooni.org/m/20260327074551.637875_KR_webconnectivity_c514af1187e3effc
https://www.rki.de/,ok,https://explorer.ooni.org/m/20260327074612.880957_KR_webconnectivity_9f4328e9e1586bc2
https://www.search.com/,ok,https://explorer.ooni.org/m/20260327074628.880374_KR_webconnectivity_e2aaa05ec6f6f66a
http://www.searchindia.com/,ok,https://explorer.ooni.org/m/20260327074631.724187_KR_webconnectivity_44e15575ace2580d
http://www.securenym.net/,ok,https://explorer.ooni.org/m/20260327074633.600935_KR_webconnectivity_b6a631d5b9dd73ad
https://www.sendthisfile.com/,ok,https://explorer.ooni.org/m/20260327074657.952852_KR_webconnectivity_3197404d73e1ae56
http://www.shinbiro.com/,tcp_ip,https://explorer.ooni.org/m/20260327074744.407889_KR_webconnectivity_1def867aad0b41a3
http://www.sina.com.cn/,ok,https://explorer.ooni.org/m/20260327074800.505771_KR_webconnectivity_0fef3607056b10ee
https://www.skype.com/,ok,https://explorer.ooni.org/m/20260327074805.242895_KR_webconnectivity_41706118a32c6229
http://www.skysms.co.kr/,ok,https://explorer.ooni.org/m/20260327074808.253579_KR_webconnectivity_44fb26322e52bc33
http://www.slideshare.net/,ok,https://explorer.ooni.org/m/20260327074821.463955_KR_webconnectivity_49bae503f396c8c2
https://www.startmail.com/,ok,https://explorer.ooni.org/m/20260327074832.837496_KR_webconnectivity_cf8c7bb38d337e2b
https://www.subscribestar.com/,ok,https://explorer.ooni.org/m/20260327074841.041556_KR_webconnectivity_259c4a361c5988ab
http://www.talkyou.me/,ok,https://explorer.ooni.org/m/20260327074845.607222_KR_webconnectivity_7f2a2706cdc24d56
http://www.tango.me/,ok,https://explorer.ooni.org/m/20260327074848.001577_KR_webconnectivity_fa3ab04c472db7a0
https://www.tawk.to/,ok,https://explorer.ooni.org/m/20260327074900.045407_KR_webconnectivity_35f1c75d75c82ad3
https://www.ted.com/,ok,https://explorer.ooni.org/m/20260327074912.124475_KR_webconnectivity_99909f78d1f30177
https://www.textra.me/,ok,https://explorer.ooni.org/m/20260327074920.402546_KR_webconnectivity_c36954c7c0a322f9
https://www.theglobalfund.org/,ok,https://explorer.ooni.org/m/20260327074930.814813_KR_webconnectivity_459af29149ed71a4
http://www.tialsoft.com/download/,ok,https://explorer.ooni.org/m/20260327074934.220369_KR_webconnectivity_7e7d05cc7d823178
http://www.tialsoft.com/multitranse/,ok,https://explorer.ooni.org/m/20260327074937.498010_KR_webconnectivity_1d2e6f127b422516
https://www.transferbigfiles.com/,ok,https://explorer.ooni.org/m/20260327074940.776372_KR_webconnectivity_f25275d7894a60f3
http://www.translate.ru/,ok,https://explorer.ooni.org/m/20260327074952.351650_KR_webconnectivity_5056c628ebc3bf4c
http://www.transwhiz.com/,ok,https://explorer.ooni.org/m/20260327074956.672916_KR_webconnectivity_fa6b326bdde5dc40
https://www.truecaller.com/,ok,https://explorer.ooni.org/m/20260327075008.091753_KR_webconnectivity_6708d987be6844fb
https://www.unaids.org/,ok,https://explorer.ooni.org/m/20260327075026.879046_KR_webconnectivity_9021ca702a0478f8
http://www.vtv.co.kr/,ok,https://explorer.ooni.org/m/20260327075040.204720_KR_webconnectivity_07bd760bc36523fa
https://www.vyke.com/,ok,https://explorer.ooni.org/m/20260327075048.400275_KR_webconnectivity_828a484b465faf4a
http://www.wevo.co.kr/,error,https://explorer.ooni.org/m/20260327075105.891715_KR_webconnectivity_28437277643019d9
http://www.whitepages.com/,ok,https://explorer.ooni.org/m/20260327075115.165199_KR_webconnectivity_139cfc4adeea9e87
https://www.who.int/,ok,https://explorer.ooni.org/m/20260327075128.496390_KR_webconnectivity_fed159123fa36756
https://www.worldometers.info/coronavirus/,ok,https://explorer.ooni.org/m/20260327075139.771448_KR_webconnectivity_9192e6998a10311d
http://www.yahoo.co.kr/,ok,https://explorer.ooni.org/m/20260327075150.872618_KR_webconnectivity_662579aca7d1c8ab
https://www.yahoo.com/,ok,https://explorer.ooni.org/m/20260327075205.435911_KR_webconnectivity_61d7f4c3c799a40c
https://yandex.com/,dns,https://explorer.ooni.org/m/20260327075207.137552_KR_webconnectivity_b605693446bce0e8
https://yandexwebcache.net/robots.txt,ok,https://explorer.ooni.org/m/20260327075211.698490_KR_webconnectivity_533a210f37f07867
https://zoom.us/,ok,https://explorer.ooni.org/m/20260327075220.464075_KR_webconnectivity_7f1f4c0075479c9d
https://1.0.0.1/dns-query?dns=q80BAAABAAAAAAAAA3d3dwdleGFtcGxlA2NvbQAAAQAB,ok,https://explorer.ooni.org/m/20260327075221.906790_KR_webconnectivity_5bda770c4fdd1c29
https://149.112.112.9/dns-query?dns=q80BAAABAAAAAAAAA3d3dwdleGFtcGxlA2NvbQAAAQAB,ok,https://explorer.ooni.org/m/20260327075224.226425_KR_webconnectivity_3fd84859f78fad1e
https://8.8.4.4/dns-query?dns=q80BAAABAAAAAAAAA3d3dwdleGFtcGxlA2NvbQAAAQAB,ok,https://explorer.ooni.org/m/20260327075226.604147_KR_webconnectivity_7f1c3baeb1526004
https://8.8.8.8/dns-query?dns=q80BAAABAAAAAAAAA3d3dwdleGFtcGxlA2NvbQAAAQAB,ok,https://explorer.ooni.org/m/20260327075228.962896_KR_webconnectivity_0247a8cf366ac038
https://abortion-korea.org/,http-failure,https://explorer.ooni.org/m/20260327075232.228157_KR_webconnectivity_ace268e62c8ac84f
https://abortion.eu/,dns,https://explorer.ooni.org/m/20260327075233.437879_KR_webconnectivity_59476db52f9f092d
https://abortion.kr/,dns,https://explorer.ooni.org/m/20260327075236.278331_KR_webconnectivity_883db1b8d4c59502
https://abortionnetwork.amsterdam/,dns,https://explorer.ooni.org/m/20260327075238.840737_KR_webconnectivity_44a1367956e03b03
https://aidaccess.org/,dns,https://explorer.ooni.org/m/20260327075239.918294_KR_webconnectivity_9f631a2b2af734f9
https://amp.cloudflare.com/v0/amp-iframe-0.1.js,ok,https://explorer.ooni.org/m/20260327075241.897288_KR_webconnectivity_c9d7a509ea83d4f5
https://bit.ly/,http-failure,https://explorer.ooni.org/m/20260327075243.503975_KR_webconnectivity_442ab1dadf500419
https://bitly.com/,dns,https://explorer.ooni.org/m/20260327075244.724834_KR_webconnectivity_f7d166ad28361f25
https://cdn-client.medium.com/lite/static/js/manifest.ef5f44d2.js,ok,https://explorer.ooni.org/m/20260327075248.112753_KR_webconnectivity_85084e159a851fd1
https://cdn.sstatic.net/Img/home/open-source.svg,ok,https://explorer.ooni.org/m/20260327075249.736940_KR_webconnectivity_93e1144bf174b1ac
https://cdnjs.cloudflare.com/,ok,https://explorer.ooni.org/m/20260327075251.477647_KR_webconnectivity_59498a401a6cce5e
https://cites.org/,ok,https://explorer.ooni.org/m/20260327075254.475824_KR_webconnectivity_2643b62812dd130a
https://cloudflare-dns.com/dns-query?dns=q80BAAABAAAAAAAAA3d3dwdleGFtcGxlA2NvbQAAAQAB,tcp_ip,https://explorer.ooni.org/m/20260327075255.756048_KR_webconnectivity_928ddf05f0837a06
http://cyworld.nate.com/,ok,https://explorer.ooni.org/m/20260327075257.355448_KR_webconnectivity_6efe4acd41ce4e87
https://dlive.tv/,dns,https://explorer.ooni.org/m/20260327075259.188067_KR_webconnectivity_af2aebb106741f53
https://dns.quad9.net/dns-query?dns=q80BAAABAAAAAAAAA3d3dwdleGFtcGxlA2NvbQAAAQAB,tcp_ip,https://explorer.ooni.org/m/20260327075300.207275_KR_webconnectivity_a15dd573ad868a16
https://doh-fi.blahdns.com/dns-query?dns=q80BAAABAAAAAAAAA3d3dwdleGFtcGxlA2NvbQAAAQAB,dns,https://explorer.ooni.org/m/20260327075300.970436_KR_webconnectivity_7f4777aeae9d5aaf
https://doh.opendns.com/dns-query?dns=q80BAAABAAAAAAAAA3d3dwdleGFtcGxlA2NvbQAAAQAB,tcp_ip,https://explorer.ooni.org/m/20260327075301.691963_KR_webconnectivity_0ab150a65f734d19
https://download-installer.cdn.mozilla.net/,ok,https://explorer.ooni.org/m/20260327075304.107111_KR_webconnectivity_52007e0d44b850a7
https://dzen.ru/,dns,https://explorer.ooni.org/m/20260327075305.600677_KR_webconnectivity_ae288e172b835171
https://family.cloudflare-dns.com/dns-query?dns=q80BAAABAAAAAAAAA3d3dwdleGFtcGxlA2NvbQAAAQAB,dns,https://explorer.ooni.org/m/20260327075306.640071_KR_webconnectivity_b67eb5474f3df7d1
https://findmymethod.org/,dns,https://explorer.ooni.org/m/20260327075307.748378_KR_webconnectivity_e9ee0e2884f27e4c
https://freedns.afraid.org/,dns,https://explorer.ooni.org/m/20260327075309.517538_KR_webconnectivity_5a84b45ba58285b7
https://media3.giphy.com/robots.txt,ok,https://explorer.ooni.org/m/20260327075311.242739_KR_webconnectivity_94de043b29d6d2ea
https://medium.com/,ok,https://explorer.ooni.org/m/20260327075313.444708_KR_webconnectivity_1ec64fae6460b6fb
https://movabletype.com/,ok,https://explorer.ooni.org/m/20260327075316.934654_KR_webconnectivity_2a9aa5030fb80897
https://myabortionstory.tumblr.com/,dns,https://explorer.ooni.org/m/20260327075318.707735_KR_webconnectivity_d7b874c74616af89
https://pastebin.com/,dns,https://explorer.ooni.org/m/20260327075320.085933_KR_webconnectivity_6166abd688151b9c
http://peta.xxx/,dns,https://explorer.ooni.org/m/20260327075321.694327_KR_webconnectivity_9bb75d14f7c0f584
https://pingomatic.com/,ok,https://explorer.ooni.org/m/20260327075325.771415_KR_webconnectivity_97d3217ad9d80803
https://prq.se/,dns,https://explorer.ooni.org/m/20260327075327.281922_KR_webconnectivity_49c5aa2e417ee280
https://raw.githubusercontent.com/ooni/spec/master/README.md,dns,https://explorer.ooni.org/m/20260327075329.003887_KR_webconnectivity_5707f1d5966bb79c
https://safe2choose.org/,dns,https://explorer.ooni.org/m/20260327075330.061836_KR_webconnectivity_f937f734b83af818
https://sexetc.org/,dns,https://explorer.ooni.org/m/20260327075331.805139_KR_webconnectivity_2bf44cfa600878d0
http://shamash.org/,error,https://explorer.ooni.org/m/20260327075334.445814_KR_webconnectivity_1c32d51bbc4e4d07
https://stackexchange.com/,ok,https://explorer.ooni.org/m/20260327075336.094930_KR_webconnectivity_e65e7716c527b9ee
http://web.khu.ac.kr/,ok,https://explorer.ooni.org/m/20260327075338.212295_KR_webconnectivity_23b4c5a8d6749238
https://womenonweb.kr/,http-failure,https://explorer.ooni.org/m/20260327075341.486589_KR_webconnectivity_1378cdfd518d02a1
https://www.bing-amp.com/v0/amp-iframe-0.1.js,error,https://explorer.ooni.org/m/20260327075342.858637_KR_webconnectivity_f0a21f64b9a7423e
http://www.dogdrip.net/,dns,https://explorer.ooni.org/m/20260327075345.088912_KR_webconnectivity_88bff7ef76487546
https://www.dotster.com/,dns,https://explorer.ooni.org/m/20260327075346.089101_KR_webconnectivity_d46c34b386d01e22
http://www.ebaumsworld.com/,dns,https://explorer.ooni.org/m/20260327075347.513628_KR_webconnectivity_d84f08a3aae412b2
https://www.fandom.com/,dns,https://explorer.ooni.org/m/20260327075348.708159_KR_webconnectivity_02f8beaadaa229a9
http://www.fark.com/,dns,https://explorer.ooni.org/m/20260327075349.835234_KR_webconnectivity_5681c39d53cfec69
http://www.freehomepage.com/,ok,https://explorer.ooni.org/m/20260327075351.871209_KR_webconnectivity_09077d6a489c1ee4
https://www.godaddy.com/,dns,https://explorer.ooni.org/m/20260327075352.660987_KR_webconnectivity_ca025bc6f3f3eab6
https://www.gstatic.com/robots.txt,ok,https://explorer.ooni.org/m/20260327075355.059598_KR_webconnectivity_63fee9a6bfaca543
http://www.jesussaves.cc/,ok,https://explorer.ooni.org/m/20260327075355.906096_KR_webconnectivity_ee27f1136c5265c6
https://www.jw.org/,error,https://explorer.ooni.org/m/20260327075357.782389_KR_webconnectivity_72ec1f7b85a968f4
http://www.nate.com/,ok,https://explorer.ooni.org/m/20260327075359.561841_KR_webconnectivity_41fe48b03ebda76d
http://www.nate.com/?f=pann,ok,https://explorer.ooni.org/m/20260327075401.201369_KR_webconnectivity_340d96e989528ff4
https://www.peta.org/,dns,https://explorer.ooni.org/m/20260327075401.970113_KR_webconnectivity_b9021ba12e987b41
http://www.ppomppu.co.kr/zboard/zboard.php?id=issue,ok,https://explorer.ooni.org/m/20260327075403.420519_KR_webconnectivity_d7a1ed015e4ed718
https://www.sfsi.org/,dns,https://explorer.ooni.org/m/20260327075406.492509_KR_webconnectivity_d46f5397fb5bde86
http://www.suyongso.com/,ok,https://explorer.ooni.org/m/20260327075407.259147_KR_webconnectivity_7ba7f7072695d118
http://www.teensource.org/,dns,https://explorer.ooni.org/m/20260327075408.546076_KR_webconnectivity_74217fbefb65cdaa
http://www.typepad.com/,ok,https://explorer.ooni.org/m/20260327075411.503675_KR_webconnectivity_55d3c42263a58dcd
https://www.zoomshare.com/,dns,https://explorer.ooni.org/m/20260327075413.275479_KR_webconnectivity_739f7bc8a2cd4cd3
https://annas-archive.org/,dns,https://explorer.ooni.org/m/20260327075413.920234_KR_webconnectivity_0bf3096a8e059e06
https://eztv.ag/,dns,https://explorer.ooni.org/m/20260327075414.874296_KR_webconnectivity_f1e6dbe5331f03f4
https://eztv.re/,dns,https://explorer.ooni.org/m/20260327075415.656356_KR_webconnectivity_edac47948b824d2d
http://hksh.koreanhistory.or.kr/,ok,https://explorer.ooni.org/m/20260327075417.190129_KR_webconnectivity_65b412beeaba1300
https://kat.am/,dns,https://explorer.ooni.org/m/20260327075418.374462_KR_webconnectivity_39916eb3856129a2
https://katcr.to/,dns,https://explorer.ooni.org/m/20260327075420.218956_KR_webconnectivity_1e124e6ebe04c8aa
http://kcnawatch.co/,confirmed,https://explorer.ooni.org/m/20260327075421.235001_KR_webconnectivity_a4d40618f4bc945b
https://microsoftedge.microsoft.com/,dns,https://explorer.ooni.org/m/20260327075422.795647_KR_webconnectivity_e662919a38a5bc27
https://newalbumreleases.net/,dns,https://explorer.ooni.org/m/20260327075423.642635_KR_webconnectivity_1a30c22f8a793621
https://nsw2u.com/,dns,https://explorer.ooni.org/m/20260327075424.683032_KR_webconnectivity_6a3daf2e0069c9f3
http://osaka.korea-htr.com/,ok,https://explorer.ooni.org/m/20260327075426.400650_KR_webconnectivity_c6c58fdb65fdc93d
https://rapidgator.net/,dns,https://explorer.ooni.org/m/20260327075427.437837_KR_webconnectivity_d933021e64b82ebf
https://savefrom.net/,dns,https://explorer.ooni.org/m/20260327075428.462243_KR_webconnectivity_08a4b36ca30afee3
https://subscene.com/,dns,https://explorer.ooni.org/m/20260327075429.537296_KR_webconnectivity_e1f1946500b43bb0
http://torrentgogo.com/,ok,https://explorer.ooni.org/m/20260327075430.755617_KR_webconnectivity_4fd206a6fcb7cf3e
http://www.0ubada.net/,ok,https://explorer.ooni.org/m/20260327075432.124064_KR_webconnectivity_9c0fe8ee374cb24a
http://www.1koreannews.com/,ok,https://explorer.ooni.org/m/20260327075433.186076_KR_webconnectivity_87e8d33489a5af2a
http://www.bitcomet.com/,dns,https://explorer.ooni.org/m/20260327075434.193705_KR_webconnectivity_813e55a144f8a68f
http://www.cinewel.com/,dns,https://explorer.ooni.org/m/20260327075435.693573_KR_webconnectivity_458744d2a6e7eadb
https://www.dea.gov/,ok,https://explorer.ooni.org/m/20260327075438.614443_KR_webconnectivity_7e2f2fcab6b37171
http://www.dprk-stamp.com/,ok,https://explorer.ooni.org/m/20260327075439.615341_KR_webconnectivity_758183806fd6ec0f
http://www.dprkstudies.org/,dns,https://explorer.ooni.org/m/20260327075440.988879_KR_webconnectivity_eb7653ca885278a7
http://www.ez0u.co.kr/,ok,https://explorer.ooni.org/m/20260327075442.538722_KR_webconnectivity_bdd2b9f8104bd5c9
https://www.fanfiction.net/,ok,https://explorer.ooni.org/m/20260327075444.455759_KR_webconnectivity_619cf6218fc8fbe6
http://www.imdb.com/,dns,https://explorer.ooni.org/m/20260327075445.380153_KR_webconnectivity_9371a50ea12dc553
http://www.kdvr.de/,ok,https://explorer.ooni.org/m/20260327075447.562342_KR_webconnectivity_b254dc7db04009bd
http://www.korea-dpr.com/library/entrance.htm,confirmed,https://explorer.ooni.org/m/20260327075450.240786_KR_webconnectivity_d7aa621785b43a10
http://www.korea-dpr.com/menu.htm,confirmed,https://explorer.ooni.org/m/20260327075452.337502_KR_webconnectivity_6142d1aec6ce7bf5
https://www.literotica.com/,dns,https://explorer.ooni.org/m/20260327075453.632786_KR_webconnectivity_280712961c0a1d6d
https://www.lushstories.com/,dns,https://explorer.ooni.org/m/20260327075455.764934_KR_webconnectivity_fbdddc361946d63c
http://www.metal-archives.com/,ok,https://explorer.ooni.org/m/20260327075459.113721_KR_webconnectivity_d263da218a8c9ac1
http://www.navy.mil/,ok,https://explorer.ooni.org/m/20260327075501.346916_KR_webconnectivity_92684d35535a4f64
https://www.nsa.gov/,ok,https://explorer.ooni.org/m/20260327075504.313984_KR_webconnectivity_83bf8668df9cb2bd
http://www.onfile.co.kr/,ok,https://explorer.ooni.org/m/20260327075505.730628_KR_webconnectivity_c8a3f322bc611a12
http://www.ournation-school.com/,confirmed,https://explorer.ooni.org/m/20260327075507.803951_KR_webconnectivity_02175b62d5b9084c
http://www.pic-international.com/,ok,https://explorer.ooni.org/m/20260327075509.230194_KR_webconnectivity_95673148dcf0aae0
http://www.songunpoliticsstudygroup.org/,dns,https://explorer.ooni.org/m/20260327075511.462732_KR_webconnectivity_2fca614e0ef58694
https://www.undp.org/,ok,https://explorer.ooni.org/m/20260327075515.302846_KR_webconnectivity_42ef23372c733f1b
http://yesfile.com/,dns,https://explorer.ooni.org/m/20260327075517.790137_KR_webconnectivity_196017a39136587a
https://albiononline.com/,dns,https://explorer.ooni.org/m/20260327075519.359589_KR_webconnectivity_29f4be0f252d96ba
https://blog.counter-strike.net/,dns,https://explorer.ooni.org/m/20260327075520.749155_KR_webconnectivity_bf39bf40b8eaba3f
https://gamersclub.gg/,dns,https://explorer.ooni.org/m/20260327075523.566953_KR_webconnectivity_23a350269cac3601
https://nemtudo.me/,dns,https://explorer.ooni.org/m/20260327075524.556009_KR_webconnectivity_2b8166d7eeea0040
https://poki.com/,dns,https://explorer.ooni.org/m/20260327075525.548997_KR_webconnectivity_de4581dec9a58b18
http://wowbogo.net/,ok,https://explorer.ooni.org/m/20260327075526.426548_KR_webconnectivity_454ea18f85190891
http://www.feedtheminds.org/,tcp_ip,https://explorer.ooni.org/m/20260327075527.590487_KR_webconnectivity_449936a3d689924f
https://www.gamespot.com/,dns,https://explorer.ooni.org/m/20260327075528.519410_KR_webconnectivity_3751f7b7a5bab4cd
https://www.guildwars.com/,dns,https://explorer.ooni.org/m/20260327075529.535825_KR_webconnectivity_6ed9c07eae63cd6c
http://www.hackhull.com/,dns,https://explorer.ooni.org/m/20260327075530.416476_KR_webconnectivity_6e6d36f55c64f44b
https://www.lastwar.com/,dns,https://explorer.ooni.org/m/20260327075531.215434_KR_webconnectivity_62ebd9d5f3a54c68
http://www.nexon.com/,dns,https://explorer.ooni.org/m/20260327075532.428389_KR_webconnectivity_6d50463f8550b55e
https://www.thegeekdiary.com/,ok,https://explorer.ooni.org/m/20260327075533.167242_KR_webconnectivity_ad6eebbf0998b78e
https://alt.com/,dns,https://explorer.ooni.org/m/20260327075534.573644_KR_webconnectivity_6a5c2d50e6ca65f4
http://asiansmaster.com/,dns,https://explorer.ooni.org/m/20260327075536.076467_KR_webconnectivity_159f5e99d8f3daba
http://betasia.com/,dns,https://explorer.ooni.org/m/20260327075537.074575_KR_webconnectivity_ae062c5afff34249
https://btggaming.com/,dns,https://explorer.ooni.org/m/20260327075539.533190_KR_webconnectivity_0a3bbf2abaf3e370
http://creamasia.com/,dns,https://explorer.ooni.org/m/20260327075541.164550_KR_webconnectivity_a3c21740714c8dcf
https://forum.grasscity.com/,dns,https://explorer.ooni.org/m/20260327075542.582238_KR_webconnectivity_b81fbe9b8a51d99e
https://friendfinder.com/,dns,https://explorer.ooni.org/m/20260327075544.601455_KR_webconnectivity_13a3f0c760708d23
https://hightimes.com/,dns,https://explorer.ooni.org/m/20260327075550.199249_KR_webconnectivity_4963e579bdc78e24
http://hotgaylist.com/,dns,https://explorer.ooni.org/m/20260327075552.608967_KR_webconnectivity_5e79677f9237f254
https://hustler.com/,dns,https://explorer.ooni.org/m/20260327075554.090277_KR_webconnectivity_057352640c2df0b2
http://indianfriendfinder.com/,dns,https://explorer.ooni.org/m/20260327075556.350157_KR_webconnectivity_10880a9650a78499
http://koreanfriendfinder.com/,dns,https://explorer.ooni.org/m/20260327075559.705151_KR_webconnectivity_d3d395291ca8ee44
http://ndfsk.dyndns.org/kuguk8/Title1.htm,ok,https://explorer.ooni.org/m/20260327075601.187566_KR_webconnectivity_46fd31d05fc194e0
https://panties.com/,dns,https://explorer.ooni.org/m/20260327075602.847575_KR_webconnectivity_f22484a2e8d5e038
http://thaigirls.net/,dns,https://explorer.ooni.org/m/20260327075606.085686_KR_webconnectivity_b7aa5878eb9a1a89
https://trashy.com/,dns,https://explorer.ooni.org/m/20260327075607.257458_KR_webconnectivity_c675e4fc6a6fe721
http://user.chollian.net/,dns,https://explorer.ooni.org/m/20260327075611.468136_KR_webconnectivity_130471f649b56aea
http://via89.kr/,ok,https://explorer.ooni.org/m/20260327075612.673886_KR_webconnectivity_7d606e6e9a65bcb5
https://weedmaps.com/,dns,https://explorer.ooni.org/m/20260327075614.370787_KR_webconnectivity_d96e48d4b545bd90
https://www.3wishes.com/,dns,https://explorer.ooni.org/m/20260327075616.731648_KR_webconnectivity_152b8ea44e872dc5
http://www.888casino.com/,dns,https://explorer.ooni.org/m/20260327075617.773905_KR_webconnectivity_6d5b2358647ccd17
http://www.abcunderwear.com/,dns,https://explorer.ooni.org/m/20260327075619.093638_KR_webconnectivity_bc63f4d0631d55b9
https://www.agentprovocateur.com/,dns,https://explorer.ooni.org/m/20260327075620.167274_KR_webconnectivity_2f46bd7cb57e7ea9
https://www.ashleymadison.com/,dns,https://explorer.ooni.org/m/20260327075621.450380_KR_webconnectivity_d99f3f662d556785
https://www.buydutchseeds.com/,dns,https://explorer.ooni.org/m/20260327075622.564561_KR_webconnectivity_2a88e3bdaa2107e4
http://www.casinotropez.com/,dns,https://explorer.ooni.org/m/20260327075623.964003_KR_webconnectivity_093b9c4bae5edc5d
http://www.chantelle.com/,dns,https://explorer.ooni.org/m/20260327075625.293352_KR_webconnectivity_ec44ba9b5612ed23
http://www.coquette.com/,dns,https://explorer.ooni.org/m/20260327075626.588110_KR_webconnectivity_844618c05cbfb70f
http://www.date.com/,dns,https://explorer.ooni.org/m/20260327075628.507498_KR_webconnectivity_adb39009001c31ae
https://www.dating.com/,dns,https://explorer.ooni.org/m/20260327075629.733575_KR_webconnectivity_a8d315bcaac65c6a
https://www.eharmony.com/,dns,https://explorer.ooni.org/m/20260327075631.717025_KR_webconnectivity_74796e278ad37df2
http://www.freshpair.com/,dns,https://explorer.ooni.org/m/20260327075633.131438_KR_webconnectivity_885be572b6f64322
http://www.fuckingfreemovies.com/,dns,https://explorer.ooni.org/m/20260327075634.726013_KR_webconnectivity_859980c20c72a6ec
https://www.gambling.com/,dns,https://explorer.ooni.org/m/20260327075636.124367_KR_webconnectivity_f59aa7614b327124
http://www.gamespot.co.kr/,dns,https://explorer.ooni.org/m/20260327075640.252050_KR_webconnectivity_d6f3405251c9b2b6
http://www.gayapatal.com/,dns,https://explorer.ooni.org/m/20260327075641.688775_KR_webconnectivity_b8987a65a7c665f8
https://www.goldenpalace.com/,dns,https://explorer.ooni.org/m/20260327075643.018269_KR_webconnectivity_6a3d0d30ed35a7ad
http://www.goldenrivieracasino.com/,dns,https://explorer.ooni.org/m/20260327075645.191534_KR_webconnectivity_c160650ca7d3e95e
https://www.happn.com/,dns,https://explorer.ooni.org/m/20260327075646.677338_KR_webconnectivity_7a9e3937ef0d52c4
http://www.i-um.com/,dns,https://explorer.ooni.org/m/20260327075647.939191_KR_webconnectivity_ebe3dea1bbdd396c
http://www.indianporngirls.com/,dns,https://explorer.ooni.org/m/20260327075649.875200_KR_webconnectivity_32f7fa7d9481c933
https://www.ipair.com/,dns,https://explorer.ooni.org/m/20260327075651.293552_KR_webconnectivity_2e4326a430b205ea
https://www.jackpotcitycasino1.com/,dns,https://explorer.ooni.org/m/20260327075652.809565_KR_webconnectivity_9c69e804beb5b057
https://www.jdate.com/,dns,https://explorer.ooni.org/m/20260327075654.014379_KR_webconnectivity_48560cccbde38234
http://www.luckynugget.com/,dns,https://explorer.ooni.org/m/20260327075657.699446_KR_webconnectivity_d3f63d3e609ca28f
http://www.mgame.com/,dns,https://explorer.ooni.org/m/20260327075659.686104_KR_webconnectivity_1c4642eedc02967e
http://www.monacogoldcasino.com/,dns,https://explorer.ooni.org/m/20260327075700.732957_KR_webconnectivity_331b5d623a25aaa5
http://www.neonjoint.com/,dns,https://explorer.ooni.org/m/20260327075702.307189_KR_webconnectivity_298aa32457e9f119
http://www.online-dating.org/,dns,https://explorer.ooni.org/m/20260327075703.288360_KR_webconnectivity_1f74a85ee1473fe9
https://www.onlinegambling.com/,dns,https://explorer.ooni.org/m/20260327075704.892552_KR_webconnectivity_72a6bcc6161dafa0
http://www.pokerstars.com/,dns,https://explorer.ooni.org/m/20260327075705.944362_KR_webconnectivity_d1d1e53a2fd2fdb5
http://www.realbeer.com/,ok,https://explorer.ooni.org/m/20260327075711.340840_KR_webconnectivity_a05d0ef062e0c111
http://www.ricefever.com/,dns,https://explorer.ooni.org/m/20260327075712.192559_KR_webconnectivity_e8634aee1c3c81b7
http://www.riverbelle.com/,dns,https://explorer.ooni.org/m/20260327075713.349602_KR_webconnectivity_0cf98efcd208f454
http://www.rxmarijuana.com/,dns,https://explorer.ooni.org/m/20260327075714.456559_KR_webconnectivity_69329aa504d18452
http://www.slotland.com/,dns,https://explorer.ooni.org/m/20260327075715.830648_KR_webconnectivity_3d92094d0137b4e4
https://www.spark.com/,dns,https://explorer.ooni.org/m/20260327075717.052806_KR_webconnectivity_695962421c26f34c
http://www.sportingbet.com/,dns,https://explorer.ooni.org/m/20260327075718.208377_KR_webconnectivity_9feea3927a15fdeb
http://www.sportsinteraction.com/,dns,https://explorer.ooni.org/m/20260327075719.135935_KR_webconnectivity_9ee63676808ac9aa
http://www.tobacco.org/,ok,https://explorer.ooni.org/m/20260327075721.419920_KR_webconnectivity_b700820800587efa
http://www.venus.com/,dns,https://explorer.ooni.org/m/20260327075722.549546_KR_webconnectivity_2a66b42cfe8a1c54
https://www.victoriassecret.com/,dns,https://explorer.ooni.org/m/20260327075724.066212_KR_webconnectivity_7e87660ea9aa1edb
http://www.wegames.net/,dns,https://explorer.ooni.org/m/20260327075726.787658_KR_webconnectivity_25facc0233ba90fb
https://www.xnxx.com/,dns,https://explorer.ooni.org/m/20260327075728.669908_KR_webconnectivity_14a3315d7be636ed
http://www.xvideos.com/,dns,https://explorer.ooni.org/m/20260327075730.294811_KR_webconnectivity_eb5acd77b4d778c7
https://www.xvideos.com/,dns,https://explorer.ooni.org/m/20260327075731.623275_KR_webconnectivity_237a3d4a0ced1366
https://www.youporn.com/,dns,https://explorer.ooni.org/m/20260327075732.571573_KR_webconnectivity_15171b4e2db5dcf7
https://1.1.1.1/dns-query?dns=q80BAAABAAAAAAAAA3d3dwdleGFtcGxlA2NvbQAAAQAB,tcp_ip,https://explorer.ooni.org/m/20260327075804.266307_KR_webconnectivity_3cf81e271aea885d
https://1.1.1.3/dns-query?dns=q80BAAABAAAAAAAAA3d3dwdleGFtcGxlA2NvbQAAAQAB,tcp_ip,https://explorer.ooni.org/m/20260327075835.135887_KR_webconnectivity_2c061b9a930e241f
https://350.org/,ok,https://explorer.ooni.org/m/20260327075847.953540_KR_webconnectivity_7b43a08618bd04a1
https://8kun.top/,dns,https://explorer.ooni.org/m/20260327075850.264633_KR_webconnectivity_5bdc1a217b0f8b95
https://abortionfunds.org/,dns,https://explorer.ooni.org/m/20260327075853.594114_KR_webconnectivity_6d93dd7a9f48a1a5
https://abortionpillinfo.org/,ok,https://explorer.ooni.org/m/20260327075858.532372_KR_webconnectivity_65b0c5e17b839d91
https://ajax.aspnetcdn.com/ajax/4.5.2/1/MicrosoftAjax.js,ok,https://explorer.ooni.org/m/20260327075913.335997_KR_webconnectivity_b9d0105143c89e3f
https://android.apis.google.com/robots.txt,ok,https://explorer.ooni.org/m/20260327075915.596577_KR_webconnectivity_8b38b98c7353c3a7
https://android.googleapis.com/robots.txt,ok,https://explorer.ooni.org/m/20260327075917.974955_KR_webconnectivity_f7a271a00e600a8b
https://api.github.com/,ok,https://explorer.ooni.org/m/20260327075919.994699_KR_webconnectivity_1df77038cb301771
https://apps.apple.com/us/developer/apple/id284417353/,ok,https://explorer.ooni.org/m/20260327075933.981335_KR_webconnectivity_7f05385c8aaa044c
https://archive.is/,ok,https://explorer.ooni.org/m/20260327075940.816801_KR_webconnectivity_bf1978714507a7cd
https://archive.org/,ok,https://explorer.ooni.org/m/20260327075942.864565_KR_webconnectivity_52d6e05fd9a0ec0e
http://bestiz.net/,ok,https://explorer.ooni.org/m/20260327075946.775001_KR_webconnectivity_52d26f0c228794bc
https://bitbucket.org/,ok,https://explorer.ooni.org/m/20260327075959.683480_KR_webconnectivity_60566615f91c558d
http://blog.naver.com/,ok,https://explorer.ooni.org/m/20260327080005.624204_KR_webconnectivity_61e8c3a6f213ff37
http://cafe.daum.net/Kgreens,ok,https://explorer.ooni.org/m/20260327080008.736531_KR_webconnectivity_163b17b3d8dce3a0
http://cafe.daum.net/chiwoo/,ok,https://explorer.ooni.org/m/20260327080012.643825_KR_webconnectivity_ed48e1b56432cb02
http://cafe.daum.net/ok1221,ok,https://explorer.ooni.org/m/20260327080017.060975_KR_webconnectivity_bed2b888d93499b9
http://cafe.daum.net/ssaumjil,ok,https://explorer.ooni.org/m/20260327080024.719532_KR_webconnectivity_5f0f8825c08d70de
http://cafe.daum.net/subdued20club/,ok,https://explorer.ooni.org/m/20260327080027.880818_KR_webconnectivity_f04de39b88d44a0d
http://cafe.daum.net/truepicture/,ok,https://explorer.ooni.org/m/20260327080030.999792_KR_webconnectivity_7ce548b017e39e66
http://cafe.naver.com/imsanbu,ok,https://explorer.ooni.org/m/20260327080050.482269_KR_webconnectivity_bacda0fd2d180bf2
https://cdn.ampproject.org/v0/amp-iframe-0.1.js,ok,https://explorer.ooni.org/m/20260327080055.383774_KR_webconnectivity_9921a39652f72e41
https://cdn.jsdelivr.net/favicon.ico,ok,https://explorer.ooni.org/m/20260327080059.347363_KR_webconnectivity_5e3b55f2c446df9d
https://churchofgodinchristmennonite.net/,ok,https://explorer.ooni.org/m/20260327080105.358513_KR_webconnectivity_90916e0e7537fa36
https://citizensclimatelobby.org/,ok,https://explorer.ooni.org/m/20260327080118.394918_KR_webconnectivity_d285f04596ee7205
http://cloud.naver.com/,ok,https://explorer.ooni.org/m/20260327080127.341417_KR_webconnectivity_ecbd54a9a1200c6a
https://cloudflare-ech.com/,ok,https://explorer.ooni.org/m/20260327080134.922755_KR_webconnectivity_0b15b9738bec7177
http://clparty.kr/,error,https://explorer.ooni.org/m/20260327080151.728390_KR_webconnectivity_2bf2a1f73f0b42f8
https://code.jquery.com/,ok,https://explorer.ooni.org/m/20260327080158.234158_KR_webconnectivity_8bbc7420309656fe
https://codeberg.org/,ok,https://explorer.ooni.org/m/20260327080203.260304_KR_webconnectivity_fecae36fb95e337d
https://codeload.github.com/github/rally/tar.gz/v1.0.1,ok,https://explorer.ooni.org/m/20260327080215.831597_KR_webconnectivity_9cc362e1d60f5bfd
https://data.worldbank.org/topic/environment,ok,https://explorer.ooni.org/m/20260327080227.905105_KR_webconnectivity_09677fe643d726d7
http://debate.org.uk/,ok,https://explorer.ooni.org/m/20260327080232.722664_KR_webconnectivity_eb92352e206f62e1
https://dharmanet.org/,ok,https://explorer.ooni.org/m/20260327080252.443823_KR_webconnectivity_4cba73b6665a10bf
https://digital.globalclimatestrike.net/,ok,https://explorer.ooni.org/m/20260327080300.179417_KR_webconnectivity_2948d7a62ef62aae
https://dl.bintray.com/jfrog/xray/,ok,https://explorer.ooni.org/m/20260327080310.695887_KR_webconnectivity_21967fa1c088b274
https://dl.google.com/robots.txt,ok,https://explorer.ooni.org/m/20260327080313.745636_KR_webconnectivity_d0e1a03a8103c995
https://dns.google/,ok,https://explorer.ooni.org/m/20260327080317.975679_KR_webconnectivity_da41e8fe781c0605
https://docs.github.com/,ok,https://explorer.ooni.org/m/20260327080330.363822_KR_webconnectivity_d633d01290667f9d
https://doh.dns.sb/dns-query?dns=q80BAAABAAAAAAAAA3d3dwdleGFtcGxlA2NvbQAAAQAB,dns,https://explorer.ooni.org/m/20260327080349.301659_KR_webconnectivity_4e740ee719860346
https://earthobservatory.nasa.gov/global-maps,ok,https://explorer.ooni.org/m/20260327080359.314160_KR_webconnectivity_1dfa6bb0d3380884
https://earthwatch.org/,ok,https://explorer.ooni.org/m/20260327080404.151088_KR_webconnectivity_363b50d794f7e40d
https://emchurch.org/,ok,https://explorer.ooni.org/m/20260327080415.803530_KR_webconnectivity_d53d87e672884e7f
https://espivblogs.net/,ok,https://explorer.ooni.org/m/20260327080430.136197_KR_webconnectivity_5bbac50cf9233e76
https://fcm.googleapis.com/$discovery/rest?version=v1,ok,https://explorer.ooni.org/m/20260327080435.158038_KR_webconnectivity_24fd5107ee7355d8
https://firebaseinstallations.googleapis.com/robots.txt,ok,https://explorer.ooni.org/m/20260327080441.132859_KR_webconnectivity_f5fdb168bdbdfe8a
https://fosfeminista.org/,ok,https://explorer.ooni.org/m/20260327080445.736108_KR_webconnectivity_405c17f19335cb9c
https://fridaysforfuture.org/,ok,https://explorer.ooni.org/m/20260327080500.214247_KR_webconnectivity_5f21ffe7d4512c4c
https://friendsoftheearth.uk/,ok,https://explorer.ooni.org/m/20260327080511.559760_KR_webconnectivity_ed3c8dbe00f060e2
https://frontlineaids.org/,ok,https://explorer.ooni.org/m/20260327080526.225333_KR_webconnectivity_6a29842417dc9d36
https://gaggaalliance.org/,ok,https://explorer.ooni.org/m/20260327080539.681986_KR_webconnectivity_cde77e235caa92fe
http://gall.dcinside.com/,ok,https://explorer.ooni.org/m/20260327080558.861000_KR_webconnectivity_36898cb431df796a
http://gesomoon.com/Ver2/,ok,https://explorer.ooni.org/m/20260327080600.937383_KR_webconnectivity_43e737a0cbaf0fbd
https://ghost.org/,ok,https://explorer.ooni.org/m/20260327080612.538267_KR_webconnectivity_00b8c8c24c8e1e97
https://gist.github.com/,ok,https://explorer.ooni.org/m/20260327080629.117478_KR_webconnectivity_b7c4aa998ba40b9a
https://git.io/,dns,https://explorer.ooni.org/m/20260327080631.156339_KR_webconnectivity_d62d01a35bf01d40
https://github.com/,ok,https://explorer.ooni.org/m/20260327080642.081932_KR_webconnectivity_bc8c17ca2ef8de89
https://github.com/twbs/bootstrap/releases/download/v4.5.3/bootstrap-4.5.3-examples.zip,ok,https://explorer.ooni.org/m/20260327080655.208518_KR_webconnectivity_3fd17a0b3cfd5568
https://github.githubassets.com/images/modules/open_graph/github-logo.png,ok,https://explorer.ooni.org/m/20260327080700.501254_KR_webconnectivity_33a1ae5748ebb25d
https://globalconservation.org/,ok,https://explorer.ooni.org/m/20260327080715.949116_KR_webconnectivity_5fcae3c4141de5c1
https://goaskalice.columbia.edu/,ok,https://explorer.ooni.org/m/20260327080726.232471_KR_webconnectivity_7f0c14396f76432f
https://greenhost.net/,ok,https://explorer.ooni.org/m/20260327080732.156621_KR_webconnectivity_3adbf623a0f4226f
https://i.ytimg.com/vi/JBRf3nEqfZ8/hq720.jpg,ok,https://explorer.ooni.org/m/20260327080747.667926_KR_webconnectivity_e21bf490382a4473
https://iarf.net/,ok,https://explorer.ooni.org/m/20260327080814.966531_KR_webconnectivity_35c8a9ffeb76ebfc
https://impactlab.org/,ok,https://explorer.ooni.org/m/20260327080823.387005_KR_webconnectivity_944d4d1bfd947aee
https://isaalmasih.net/,ok,https://explorer.ooni.org/m/20260327080826.458804_KR_webconnectivity_6fef0722d842e5d3
https://islamic-relief.org/,ok,https://explorer.ooni.org/m/20260327080835.601928_KR_webconnectivity_a0ae755a4da658e0
https://islamonline.net/,ok,https://explorer.ooni.org/m/20260327080850.125511_KR_webconnectivity_e2cd23506043c02a
https://jainworld.com/,ok,https://explorer.ooni.org/m/20260327080907.204271_KR_webconnectivity_197de993886d5ce2
https://joturl.com/,ok,https://explorer.ooni.org/m/20260327080913.881294_KR_webconnectivity_5a179f8775646df9
https://krishna.com/,ok,https://explorer.ooni.org/m/20260327080930.321547_KR_webconnectivity_27383ffbab571418
https://letsencrypt.org/,ok,https://explorer.ooni.org/m/20260327080940.842759_KR_webconnectivity_0441f1b0d1efaec3
https://lh3.ggpht.com/_mm3cDcdhxkc/SzkPLt_zDUI/AAAAAAAAAZM/UplZlTSCVQc/s800/DSC_5305.jpg,ok,https://explorer.ooni.org/m/20260327080955.108973_KR_webconnectivity_56be0d524167a840
https://lh3.googleusercontent.com/favicon.ico,ok,https://explorer.ooni.org/m/20260327080959.010410_KR_webconnectivity_73022a5cfe3bcd6f
https://lh4.ggpht.com/_PvLDsC2pRvk/ShwiscZujVI/AAAAAAAAFIQ/4q-TYiQ13-k/s512/DSC01330.jpg,ok,https://explorer.ooni.org/m/20260327081007.944210_KR_webconnectivity_e7fb351664db082d
https://media0.giphy.com/robots.txt,ok,https://explorer.ooni.org/m/20260327081009.590482_KR_webconnectivity_4cffdef89dc359d2
https://miro.medium.com/robots.txt,ok,https://explorer.ooni.org/m/20260327081012.568940_KR_webconnectivity_7b6819d0179ab38d
http://mlbpark.donga.com/,ok,https://explorer.ooni.org/m/20260327081024.757517_KR_webconnectivity_f14aa2f8041f6da3
https://moodle.com/,ok,https://explorer.ooni.org/m/20260327081033.774356_KR_webconnectivity_7871d4458cf34725
https://nazarene.org/,ok,https://explorer.ooni.org/m/20260327081047.198970_KR_webconnectivity_d0296e11900ebb41
http://ndrive.naver.com/,ok,https://explorer.ooni.org/m/20260327081051.063807_KR_webconnectivity_abcc5d0169e34633
https://noblogs.org/,ok,https://explorer.ooni.org/m/20260327081058.153280_KR_webconnectivity_f90ee27f42791bec
https://notifications-pa.googleapis.com/robots.txt,ok,https://explorer.ooni.org/m/20260327081101.592978_KR_webconnectivity_b9cf7fa11baa5fae
https://oceanconservancy.org/,ok,https://explorer.ooni.org/m/20260327081112.356731_KR_webconnectivity_f4d932e907e101e8
https://ooni.github.io/,ok,https://explorer.ooni.org/m/20260327081117.790686_KR_webconnectivity_f2b33cd0bc218dea
https://ow.ly/,ok,https://explorer.ooni.org/m/20260327081120.980697_KR_webconnectivity_1c6109b4c4ef1bb8
https://play-lh.googleusercontent.com/SZ7vNaa9txw_JsYsiOOP4_4fOaKfJVMQ-_aM10MW7x93IPDYoqdIkHSw-ffCgBABFSM=s256-rw,ok,https://explorer.ooni.org/m/20260327081124.361958_KR_webconnectivity_020650f7d26e9594
https://play.google.com/,ok,https://explorer.ooni.org/m/20260327081136.942733_KR_webconnectivity_03894148bce58a8f
https://play.googleapis.com/robots.txt,ok,https://explorer.ooni.org/m/20260327081141.164648_KR_webconnectivity_763a369907eb700f
https://private.canadianshield.cira.ca/dns-query?dns=q80BAAABAAAAAAAAA3d3dwdleGFtcGxlA2NvbQAAAQAB,ok,https://explorer.ooni.org/m/20260327081144.066512_KR_webconnectivity_f61050ead2124527
https://prolife.com/,dns,https://explorer.ooni.org/m/20260327081148.715964_KR_webconnectivity_1685b60267912a3d
https://quran.com/,ok,https://explorer.ooni.org/m/20260327081200.301971_KR_webconnectivity_54bdb43702d5bfd3
https://rebellion.global/,ok,https://explorer.ooni.org/m/20260327081205.557982_KR_webconnectivity_3c53535fb16fd5f5
https://redapes.org/,ok,https://explorer.ooni.org/m/20260327081217.044117_KR_webconnectivity_b529e28c157c9f84
https://replug.io/,ok,https://explorer.ooni.org/m/20260327081229.947618_KR_webconnectivity_3a8d21941aad68d9
http://ruliweb.daum.net/,http-failure,https://explorer.ooni.org/m/20260327081234.220156_KR_webconnectivity_8057757c6e0abbf3
https://rutube.ru/,ok,https://explorer.ooni.org/m/20260327081252.180693_KR_webconnectivity_18fa77b9a95e322d
http://sex.clinic.co.kr/,dns,https://explorer.ooni.org/m/20260327081256.753535_KR_webconnectivity_9df67dedda0a44e9
http://shia.org/,tcp_ip,https://explorer.ooni.org/m/20260327081327.696335_KR_webconnectivity_b9dc820bd41f5e9d
https://short.io/,ok,https://explorer.ooni.org/m/20260327081342.015225_KR_webconnectivity_fe3918f30d51e5ec
https://sites.google.com/,ok,https://explorer.ooni.org/m/20260327081355.345231_KR_webconnectivity_097be14268106bae
https://sniply.io/,ok,https://explorer.ooni.org/m/20260327081406.842954_KR_webconnectivity_7385975dcbf37aa6
https://solar-aid.org/,ok,https://explorer.ooni.org/m/20260327081414.153487_KR_webconnectivity_1eccdb490a9f2056
https://srhrforall.org/,ok,https://explorer.ooni.org/m/20260327081417.767945_KR_webconnectivity_fc4bc7f6e078e5b2
https://stackoverflow.com/,ok,https://explorer.ooni.org/m/20260327081419.560798_KR_webconnectivity_2f811acf36ea8113
https://t2mio.com/,ok,https://explorer.ooni.org/m/20260327081434.401852_KR_webconnectivity_3498de7b5d576a26
http://tanzil.net/,ok,https://explorer.ooni.org/m/20260327081438.735781_KR_webconnectivity_9dcf159620d52e7a
https://technorati.com/,ok,https://explorer.ooni.org/m/20260327081443.975232_KR_webconnectivity_206cef7f92331acc
https://thereisnoearthb.org/,ok,https://explorer.ooni.org/m/20260327081449.584860_KR_webconnectivity_cadeaeb56f5f3881
https://tiny.cc/,ok,https://explorer.ooni.org/m/20260327081453.376797_KR_webconnectivity_5721d3175889e169
https://tinyurl.com/,ok,https://explorer.ooni.org/m/20260327081456.821551_KR_webconnectivity_c93ea5459d29e16b
https://torah.org/,ok,https://explorer.ooni.org/m/20260327081500.151882_KR_webconnectivity_eddd57ddec0240f5
https://turbobit.net/,ok,https://explorer.ooni.org/m/20260327081503.515047_KR_webconnectivity_93331297607727f7
https://vesselthefilm.com/,ok,https://explorer.ooni.org/m/20260327081515.224645_KR_webconnectivity_94e9aa608c313212
https://we.riseup.net/,ok,https://explorer.ooni.org/m/20260327081521.477855_KR_webconnectivity_817d944ac87c7711
http://web.humoruniv.com/main.html,ok,https://explorer.ooni.org/m/20260327081535.088294_KR_webconnectivity_86ed61a814e16341
http://weblogs.us/,ok,https://explorer.ooni.org/m/20260327081543.686959_KR_webconnectivity_f423b3b4143a64f4
https://womenfirstdigital.org/,ok,https://explorer.ooni.org/m/20260327081556.448494_KR_webconnectivity_916652f35daf5138
https://wordpress.com/,ok,https://explorer.ooni.org/m/20260327081610.670786_KR_webconnectivity_2aa5bbaf1f07559b
https://wordpress.org/,ok,https://explorer.ooni.org/m/20260327081622.966006_KR_webconnectivity_e50fe9987fd5ff84
https://write.as/,ok,https://explorer.ooni.org/m/20260327081627.080744_KR_webconnectivity_ea3e5bffd2c32303
https://wupj.org/,ok,https://explorer.ooni.org/m/20260327081634.456314_KR_webconnectivity_bbb484a575897d0f
https://wwf.panda.org/,ok,https://explorer.ooni.org/m/20260327081649.236435_KR_webconnectivity_33c529439bbaa1fd
https://www.100webspace.com/,ok,https://explorer.ooni.org/m/20260327081705.334957_KR_webconnectivity_432ab007f87cdfce
https://www.1800respect.org.au/languages/,ok,https://explorer.ooni.org/m/20260327081718.416944_KR_webconnectivity_7f526c9ebdc45c01
https://www.abortionno.org/,dns,https://explorer.ooni.org/m/20260327081719.666985_KR_webconnectivity_85350c0072ed2a56
https://www.abortoinfosegura.com/,ok,https://explorer.ooni.org/m/20260327081724.997860_KR_webconnectivity_2db69d964c82c1b2
https://www.adl.org/,ok,https://explorer.ooni.org/m/20260327081734.732642_KR_webconnectivity_c4402eed18baec2f
https://www.adventist.org/,ok,https://explorer.ooni.org/m/20260327081739.774704_KR_webconnectivity_061c0cf13d445b9c
https://www.advocatesforyouth.org/,ok,https://explorer.ooni.org/m/20260327081741.679751_KR_webconnectivity_d2cb5ea8eb717a12
http://www.afreeca.com/,ok,https://explorer.ooni.org/m/20260327081745.928449_KR_webconnectivity_f56eabe7b4ca0ca8
http://www.ahsex.org/,error,https://explorer.ooni.org/m/20260327081802.540789_KR_webconnectivity_a03a092b69bc201d
https://www.angelfire.lycos.com/,ok,https://explorer.ooni.org/m/20260327081830.759740_KR_webconnectivity_9c7ba5d830c513a2
https://www.anglicancommunion.org/,ok,https://explorer.ooni.org/m/20260327081844.582977_KR_webconnectivity_26760de2ee297021
http://www.arder.co.kr/,dns,https://explorer.ooni.org/m/20260327081854.247852_KR_webconnectivity_5058d9b98224d2c0
http://www.asiatour.com/,ok,https://explorer.ooni.org/m/20260327081858.454727_KR_webconnectivity_be75079017f335bf
https://www.atheistalliance.org/,ok,https://explorer.ooni.org/m/20260327081912.838059_KR_webconnectivity_209a37c0e3c4d4d5
https://www.atheists.org/,ok,https://explorer.ooni.org/m/20260327081922.152351_KR_webconnectivity_55db6ae67e9bed84
http://www.auduboninternational.org/,ok,https://explorer.ooni.org/m/20260327081932.495324_KR_webconnectivity_aa5b3c3dd2c0baf2
https://www.autistici.org/,ok,https://explorer.ooni.org/m/20260327081938.184273_KR_webconnectivity_9a77cf2088e20253
http://www.bahai.org/,ok,https://explorer.ooni.org/m/20260327081951.377826_KR_webconnectivity_830bfd3af6960092
https://www.birthcontrol.com/,dns,https://explorer.ooni.org/m/20260327081954.352068_KR_webconnectivity_971f3d7cd764e616
http://www.biz.ly/,ok,https://explorer.ooni.org/m/20260327082002.098245_KR_webconnectivity_bdd378425eef0422
https://www.bl.ink/,ok,https://explorer.ooni.org/m/20260327082011.118437_KR_webconnectivity_499fd66c1b713917
http://www.blogeasy.com/,ok,https://explorer.ooni.org/m/20260327082013.660155_KR_webconnectivity_6680bd374cad59d9
https://www.blogger.com/,ok,https://explorer.ooni.org/m/20260327082025.353509_KR_webconnectivity_6417c69ec57dbc96
http://www.blogsome.com/,ok,https://explorer.ooni.org/m/20260327082038.739905_KR_webconnectivity_0967b2516d39a7bc
https://www.brinkster.com/,ok,https://explorer.ooni.org/m/20260327082045.372263_KR_webconnectivity_595005625003579f
http://www.buddhanet.net/,ok,https://explorer.ooni.org/m/20260327082100.167315_KR_webconnectivity_83c9226d400471f3
http://www.cafe24.com/,ok,https://explorer.ooni.org/m/20260327082114.884794_KR_webconnectivity_c413562c9a01bdcd
https://www.carbonbrief.org/,ok,https://explorer.ooni.org/m/20260327082126.039595_KR_webconnectivity_4ecebc45a481e7d8
https://www.carbonmap.org/,ok,https://explorer.ooni.org/m/20260327082130.093933_KR_webconnectivity_c03e810195631d39
https://www.catholic.org/,ok,https://explorer.ooni.org/m/20260327082143.172877_KR_webconnectivity_2619c1437cc4f077
https://www.catholicsforchoice.org/,ok,https://explorer.ooni.org/m/20260327082151.377064_KR_webconnectivity_12f849cab0b90e00
https://www.ccel.org/,ok,https://explorer.ooni.org/m/20260327082200.705787_KR_webconnectivity_5bd74f6d037de333
https://www.ceceurope.org/,ok,https://explorer.ooni.org/m/20260327082208.688654_KR_webconnectivity_ed35f3e25a5299ce
https://www.christianity.com/,ok,https://explorer.ooni.org/m/20260327082225.213734_KR_webconnectivity_b1ecf95c8d867882
https://www.christianitytoday.com/,ok,https://explorer.ooni.org/m/20260327082237.230345_KR_webconnectivity_9372c7d920f28021
https://www.cleanwateraction.org/,ok,https://explorer.ooni.org/m/20260327082248.338475_KR_webconnectivity_a11e39fa0ffdb037
https://www.climaterealityproject.org/,ok,https://explorer.ooni.org/m/20260327082259.028248_KR_webconnectivity_4e612d902c2db925
https://www.coolearth.org/,ok,https://explorer.ooni.org/m/20260327082310.239289_KR_webconnectivity_ae32ea91494dfea2
https://www.copticchurch.net/,ok,https://explorer.ooni.org/m/20260327082318.230010_KR_webconnectivity_e838c96e8bc2f07f
https://www.cseindia.org/,ok,https://explorer.ooni.org/m/20260327082331.181624_KR_webconnectivity_7674fa8ae5151494
https://www.dreamhost.com/,ok,https://explorer.ooni.org/m/20260327082344.180912_KR_webconnectivity_09f2568b0c0c5cdc
https://www.earthaction.org/,ok,https://explorer.ooni.org/m/20260327082354.779054_KR_webconnectivity_e4ffc7e6910fc98e
https://www.earthrights.org/,ok,https://explorer.ooni.org/m/20260327082402.818559_KR_webconnectivity_a975cc78035cfd5d
http://www.eco.or.kr/,ok,https://explorer.ooni.org/m/20260327082416.645890_KR_webconnectivity_479458c4d5ca6e56
https://www.edf.org/,ok,https://explorer.ooni.org/m/20260327082427.518034_KR_webconnectivity_e185fbf2d398a6c8
https://www.eea.europa.eu/,ok,https://explorer.ooni.org/m/20260327082447.276166_KR_webconnectivity_e8082c72338bfb95
https://www.emailaddresses.com/,ok,https://explorer.ooni.org/m/20260327082451.079087_KR_webconnectivity_559542f65b63d397
https://www.enom.com/,ok,https://explorer.ooni.org/m/20260327082501.635519_KR_webconnectivity_f99ac94d34873e3e
https://www.epik.com/,ok,https://explorer.ooni.org/m/20260327082513.128311_KR_webconnectivity_ef30292a2fb56aa2
https://www.episcopalchurch.org/,ok,https://explorer.ooni.org/m/20260327082527.923491_KR_webconnectivity_10d870159c9034fb
https://www.ewg.org/,ok,https://explorer.ooni.org/m/20260327082542.340840_KR_webconnectivity_619beddacbde4f77
https://www.exmormon.org/,tcp_ip,https://explorer.ooni.org/m/20260327082618.461773_KR_webconnectivity_a35d88ff2e3eee0a
https://www.fhi360.org/,ok,https://explorer.ooni.org/m/20260327082631.842659_KR_webconnectivity_5aa7450e4224cbb4
http://www.fmkorea.com/,ok,https://explorer.ooni.org/m/20260327082643.868861_KR_webconnectivity_200f8e559fe4b9b3
https://www.footprintnetwork.org/,ok,https://explorer.ooni.org/m/20260327082657.086765_KR_webconnectivity_028385adf7f9c660
http://www.formercatholic.com/,ok,https://explorer.ooni.org/m/20260327082703.272645_KR_webconnectivity_185ba7768f0e07b0
https://www.frc.org/,ok,https://explorer.ooni.org/m/20260327082709.510087_KR_webconnectivity_dc213e7382e17f91
http://www.freeservers.com/,ok,https://explorer.ooni.org/m/20260327082712.135070_KR_webconnectivity_10c338dc47d84ae6
http://www.freewebspace.com/,ok,https://explorer.ooni.org/m/20260327082718.658776_KR_webconnectivity_686294f370e579ed
http://www.gabia.com/,error,https://explorer.ooni.org/m/20260327082722.970751_KR_webconnectivity_8139acb3e45e9bc0
https://www.globalwitness.org/,ok,https://explorer.ooni.org/m/20260327082739.131607_KR_webconnectivity_b9113e23b0a9f3dc
https://www.goarch.org/,ok,https://explorer.ooni.org/m/20260327082743.538937_KR_webconnectivity_41010a78213a3612
http://www.godalone.org/,ok,https://explorer.ooni.org/m/20260327082752.246977_KR_webconnectivity_138d8a2dde936956
https://www.googleapis.com/auth/cloud-platform,ok,https://explorer.ooni.org/m/20260327082802.545721_KR_webconnectivity_0f0f68460e5bfdb2
http://www.greenkorea.org/,ok,https://explorer.ooni.org/m/20260327082815.043816_KR_webconnectivity_5cbb88685100c367
http://www.greennet.org.uk/,ok,https://explorer.ooni.org/m/20260327082821.306770_KR_webconnectivity_7d0ed834f39143a1
https://www.greenpeace.org/,ok,https://explorer.ooni.org/m/20260327082825.073371_KR_webconnectivity_5d54b2f3ed91c9f3
http://www.hostgator.com/,ok,https://explorer.ooni.org/m/20260327082828.080486_KR_webconnectivity_c50902ae476e560f
http://www.hotge.co.kr/,ok,https://explorer.ooni.org/m/20260327082834.939255_KR_webconnectivity_b91fa68091cab721
https://www.howtouseabortionpill.org/,ok,https://explorer.ooni.org/m/20260327082848.365100_KR_webconnectivity_c3a75396bb7ea99b
https://www.iaea.org/,ok,https://explorer.ooni.org/m/20260327082855.553717_KR_webconnectivity_09a72aae54dfe4d0
http://www.iavi.org/,ok,https://explorer.ooni.org/m/20260327082906.409867_KR_webconnectivity_536e17ac98b66058
http://www.iico.org/,ok,https://explorer.ooni.org/m/20260327082921.155874_KR_webconnectivity_4f20cacb925c2128
https://www.internationalrivers.org/,ok,https://explorer.ooni.org/m/20260327082934.749679_KR_webconnectivity_f5758249aee665d7
https://www.ipcc.ch/,ok,https://explorer.ooni.org/m/20260327082944.139873_KR_webconnectivity_c0e989ba7846f1e5
https://www.iskcon.org/,ok,https://explorer.ooni.org/m/20260327082946.053354_KR_webconnectivity_901f860471213c07
http://www.islameyat.com/,ok,https://explorer.ooni.org/m/20260327083001.181100_KR_webconnectivity_9b53cd321cb9fbf0
http://www.islamicity.com/,ok,https://explorer.ooni.org/m/20260327083003.828415_KR_webconnectivity_d8e3aed14983529d
https://www.islaminstitut.de/en/,ok,https://explorer.ooni.org/m/20260327083012.045628_KR_webconnectivity_c2848b41f4bef1bb
https://www.iucn.org/,ok,https://explorer.ooni.org/m/20260327083030.149949_KR_webconnectivity_570d03120affb1d0
http://www.jinbo.net/,ok,https://explorer.ooni.org/m/20260327083034.306816_KR_webconnectivity_be239c9b499b7ff4
http://www.judaism.com/,ok,https://explorer.ooni.org/m/20260327083041.462956_KR_webconnectivity_e6cc540000afe856
http://www.judaismconversion.org/,ok,https://explorer.ooni.org/m/20260327083058.018594_KR_webconnectivity_e4aa19e2591f834e
http://www.kfem.or.kr/,ok,https://explorer.ooni.org/m/20260327083117.322927_KR_webconnectivity_596cc7b8283aac82
http://www.kgreens.org/,ok,https://explorer.ooni.org/m/20260327083132.537935_KR_webconnectivity_ad0dbe34f8e7692b
http://www.krts.or.kr/,ok,https://explorer.ooni.org/m/20260327083142.916205_KR_webconnectivity_a3135138a7ef350f
https://www.leaseweb.com/,ok,https://explorer.ooni.org/m/20260327083201.092147_KR_webconnectivity_084e783ffba1ce87
https://www.livejournal.com/,dns,https://explorer.ooni.org/m/20260327083203.995785_KR_webconnectivity_9f45fe36af02441b
http://www.mgoon.com/,error,https://explorer.ooni.org/m/20260327083222.474493_KR_webconnectivity_02c7b8b057c0898e
http://www.muhammadanism.com/,ok,https://explorer.ooni.org/m/20260327083236.683820_KR_webconnectivity_3cae8965e46f21e9
https://www.namecheap.com/,ok,https://explorer.ooni.org/m/20260327083239.858807_KR_webconnectivity_fdb060207d68f720
http://www.nature.org/,ok,https://explorer.ooni.org/m/20260327083256.692655_KR_webconnectivity_e0c35f3654d6ac12
http://www.no-ip.com/,ok,https://explorer.ooni.org/m/20260327083308.971889_KR_webconnectivity_3dbe8f11b404bcfe
https://www.oca.org/,ok,https://explorer.ooni.org/m/20260327083320.734882_KR_webconnectivity_203fd68128100347
http://www.oicc.org/,ok,https://explorer.ooni.org/m/20260327083329.034132_KR_webconnectivity_a669b4f39cacda1f
http://www.oikoumene.org/,ok,https://explorer.ooni.org/m/20260327083342.771750_KR_webconnectivity_e8e701628b2932f2
https://www.om.org/,ok,https://explorer.ooni.org/m/20260327083349.497215_KR_webconnectivity_550952dd97d923ed
https://www.orangewebsite.com/,ok,https://explorer.ooni.org/m/20260327083357.951245_KR_webconnectivity_71df3e4ec1ce5b37
http://www.orthodoxconvert.info/,ok,https://explorer.ooni.org/m/20260327083401.950218_KR_webconnectivity_49fec9998c61dd61
https://www.paganpride.org/,ok,https://explorer.ooni.org/m/20260327083411.806296_KR_webconnectivity_a125ee0da265f145
https://www.persecution.org/,ok,https://explorer.ooni.org/m/20260327083427.500490_KR_webconnectivity_4be25dccb23c820b
https://www.petside.com/,ok,https://explorer.ooni.org/m/20260327083523.450438_KR_webconnectivity_24d52ad7efa2bd3b
http://www.podbbang.com/,ok,https://explorer.ooni.org/m/20260327083535.894968_KR_webconnectivity_2b393646d2ebf207
http://www.ppfk.or.kr/,ok,https://explorer.ooni.org/m/20260327083549.954776_KR_webconnectivity_a5edfe34e381dcf2
http://www.ppomppu.co.kr/zboard/zboard.php?id=freeboard,ok,https://explorer.ooni.org/m/20260327083556.969022_KR_webconnectivity_c6847283bc1baec9
https://www.privex.io/,ok,https://explorer.ooni.org/m/20260327083604.957160_KR_webconnectivity_8d61702df67135fe
http://www.prolife.or.kr/,ok,https://explorer.ooni.org/m/20260327083618.449596_KR_webconnectivity_67eb9346ac77a19e
http://www.pullbbang.com/,dns,https://explorer.ooni.org/m/20260327083620.755029_KR_webconnectivity_6e3ee822170f5180
https://www.rackspace.com/,ok,https://explorer.ooni.org/m/20260327083634.966118_KR_webconnectivity_23b14e0476637ba5
http://www.ran.org/,ok,https://explorer.ooni.org/m/20260327083643.543166_KR_webconnectivity_c33634795c59d11b
https://www.ran.org/,ok,https://explorer.ooni.org/m/20260327083653.264972_KR_webconnectivity_fb7b647dea61240c
https://www.rebrandly.com/,ok,https://explorer.ooni.org/m/20260327083704.309311_KR_webconnectivity_f793024c004b294f
https://www.reprouncensored.org/,ok,https://explorer.ooni.org/m/20260327083716.681734_KR_webconnectivity_c4587ed9a21cf4a9
https://www.resourcematters.org/,ok,https://explorer.ooni.org/m/20260327083725.497147_KR_webconnectivity_34d0ce2978cd6ada
https://www.salvationarmy.org/,ok,https://explorer.ooni.org/m/20260327083736.529796_KR_webconnectivity_a938269a122ba78b
http://www.sangsaeng.org/,dns,https://explorer.ooni.org/m/20260327083739.813116_KR_webconnectivity_9cd929fca424213f
https://www.sbc.net/,ok,https://explorer.ooni.org/m/20260327083753.763375_KR_webconnectivity_591a1a9a3beefef5
http://www.scientology.org/,ok,https://explorer.ooni.org/m/20260327083805.485126_KR_webconnectivity_686a802568f1a8ac
http://www.sex-academy.com/,dns,https://explorer.ooni.org/m/20260327083807.808259_KR_webconnectivity_fc264665fd2c93ce
http://www.sexandu.ca/,dns,https://explorer.ooni.org/m/20260327083811.473651_KR_webconnectivity_e3a66e93fa7844b9
http://www.sexandu.ca/fr/,dns,https://explorer.ooni.org/m/20260327083815.195553_KR_webconnectivity_fcb200d422f6578b
http://www.shinto.org/,ok,https://explorer.ooni.org/m/20260327083826.903421_KR_webconnectivity_b153c3ef1bbf48da
https://www.sierraclub.org/,ok,https://explorer.ooni.org/m/20260327083828.863054_KR_webconnectivity_cdda5d6546c5ed8d
http://www.submission.org/,ok,https://explorer.ooni.org/m/20260327083833.803864_KR_webconnectivity_d4d19faef2e1b8e3
http://www.survive.org.uk/,ok,https://explorer.ooni.org/m/20260327083838.847232_KR_webconnectivity_a9389a2808c2b773
http://www.tcloud.co.kr/,ok,https://explorer.ooni.org/m/20260327083855.698376_KR_webconnectivity_99c149e01ffebb47
http://www.teenhealthfx.com/,ok,https://explorer.ooni.org/m/20260327083903.082070_KR_webconnectivity_482c2e3c04cc6e01
http://www.themwl.org/,ok,https://explorer.ooni.org/m/20260327083919.561636_KR_webconnectivity_32b45e30b3c02ea9
http://www.tistory.com/,ok,https://explorer.ooni.org/m/20260327083927.780429_KR_webconnectivity_dd8e71c82d37577a
http://www.todayhumor.co.kr/,ok,https://explorer.ooni.org/m/20260327083935.896084_KR_webconnectivity_c69c363c32caad1e
http://www.tripod.lycos.com/,ok,https://explorer.ooni.org/m/20260327083940.725241_KR_webconnectivity_87e0740bc20af6b9
http://www.truthnet.org/,ok,https://explorer.ooni.org/m/20260327083945.960667_KR_webconnectivity_661c61097fbe9d09
https://www.ucc.org/,ok,https://explorer.ooni.org/m/20260327083955.952899_KR_webconnectivity_7e6c8ff80fec8b69
https://www.ucsusa.org/,ok,https://explorer.ooni.org/m/20260327084006.942762_KR_webconnectivity_8a4a66c8cc28ea3b
http://www.ultimatebirthcontrol.com/,dns,https://explorer.ooni.org/m/20260327084008.695055_KR_webconnectivity_8febc33cb34ce408
http://www.umc.org/,ok,https://explorer.ooni.org/m/20260327084016.060706_KR_webconnectivity_e239a5ba6fa00dc8
https://www.unep.org/,ok,https://explorer.ooni.org/m/20260327084028.324559_KR_webconnectivity_1b4bb4335349c781
http://www.upci.org/,ok,https://explorer.ooni.org/m/20260327084041.108690_KR_webconnectivity_d36a1353ee15194c
http://www.vatican.va/,ok,https://explorer.ooni.org/m/20260327084045.667459_KR_webconnectivity_181693d7b59dbae0
http://www.wcicc.org/,ok,https://explorer.ooni.org/m/20260327084049.280099_KR_webconnectivity_33ce3af18e04c287
https://www.weebly.com/,ok,https://explorer.ooni.org/m/20260327084103.415452_KR_webconnectivity_1aa88c06c01a40dd
http://www.whois.co.kr/,ok,https://explorer.ooni.org/m/20260327084121.599625_KR_webconnectivity_c3e071a0835253d5
http://www.wix.com/,ok,https://explorer.ooni.org/m/20260327084131.278767_KR_webconnectivity_69f520951243b4d9
http://www.worldjewishcongress.org/,ok,https://explorer.ooni.org/m/20260327084148.780027_KR_webconnectivity_66a9e14f4d7be047
https://www.xenu.net/,ok,https://explorer.ooni.org/m/20260327084159.964329_KR_webconnectivity_aaa1cc5479de2abf
http://www.xyinlove.co.kr/,error,https://explorer.ooni.org/m/20260327084217.144834_KR_webconnectivity_14f00e2ff0873d10
http://www.ymca.int/,dns,https://explorer.ooni.org/m/20260327084219.056885_KR_webconnectivity_4cf76003dd8af95f
https://www.yola.com/,ok,https://explorer.ooni.org/m/20260327084230.961858_KR_webconnectivity_55b6f8e271ef100f
https://www.zanzu.nl/,dns,https://explorer.ooni.org/m/20260327084232.780452_KR_webconnectivity_b11291d5e41a1fe8
http://xanga.com/,ok,https://explorer.ooni.org/m/20260327084236.624775_KR_webconnectivity_c0e07ff43cabc4d0
https://xda-developers.com/,ok,https://explorer.ooni.org/m/20260327084253.346765_KR_webconnectivity_0bb9d7a2e8b88315
https://yourls.org/,ok,https://explorer.ooni.org/m/20260327084257.557647_KR_webconnectivity_f33d1ddae4e47788
https://yt3.ggpht.com/a-/AOh14GhGCI1dxtHOY_TDQfmxDBK_S7CHTPJ3U6zOUw=s480-c-k-c0x00ffffff-no-rj-mo,ok,https://explorer.ooni.org/m/20260327084320.438384_KR_webconnectivity_984d406bb64764d6
https://yt4.ggpht.com/a-/AOh14GhOiUxI-RcMC-Vfl2i15v3xewMr8bt2yNXTfw=s480-c-k-c0x00ffffff-no-rj-mo,ok,https://explorer.ooni.org/m/20260327084337.880232_KR_webconnectivity_3ea4e7b1b4042b61
http://bitsnoop.com/,dns,https://explorer.ooni.org/m/20260327084338.883401_KR_webconnectivity_026622dfa28d144d
http://canna.to/,dns,https://explorer.ooni.org/m/20260327084339.929525_KR_webconnectivity_2c15d5cb9369b033
https://chat.openai.com/,ok,https://explorer.ooni.org/m/20260327084343.260765_KR_webconnectivity_fe05b30673198c4c
http://data.donkeyhote.co.kr/,dns,https://explorer.ooni.org/m/20260327084344.590546_KR_webconnectivity_684ed981781ed81d
https://download.cnet.com/,dns,https://explorer.ooni.org/m/20260327084345.798191_KR_webconnectivity_b56bceaee7c5b11b
http://file.daum.net/,ok,https://explorer.ooni.org/m/20260327084347.988602_KR_webconnectivity_e5752d85952ce586
https://i.gr-assets.com/robots.txt,ok,https://explorer.ooni.org/m/20260327084350.449860_KR_webconnectivity_845ce3e10c143c40
https://isa.gov.ly/,ok,https://explorer.ooni.org/m/20260327084354.081853_KR_webconnectivity_e03ed1c777fdd4ab
https://kickasstorrents.to/,dns,https://explorer.ooni.org/m/20260327084354.873042_KR_webconnectivity_52e6141afba4d5ac
https://libgen.fun/,error,https://explorer.ooni.org/m/20260327084357.336007_KR_webconnectivity_b6cf2df46c3b5d5d
http://libgen.lc/,ok,https://explorer.ooni.org/m/20260327084358.825918_KR_webconnectivity_fe1f9cdde06b45ae
http://libgen.li/,dns,https://explorer.ooni.org/m/20260327084400.298101_KR_webconnectivity_87aa478ca7db8a92
https://libgen.me/,error,https://explorer.ooni.org/m/20260327084402.702851_KR_webconnectivity_8bc433f9de1819a8
https://libgen.space/,error,https://explorer.ooni.org/m/20260327084405.226623_KR_webconnectivity_693e368cdb7bdaa0
https://limetorrents.pro/,dns,https://explorer.ooni.org/m/20260327084406.005517_KR_webconnectivity_e8f48ce0d3fb8b6a
https://s.gr-assets.com/robots.txt,ok,https://explorer.ooni.org/m/20260327084407.875273_KR_webconnectivity_8fb01dc68967f6b4
https://thepiratebay.org/,dns,https://explorer.ooni.org/m/20260327084409.639600_KR_webconnectivity_11e9dc1133d75bcd
http://torrentdada.com/,dns,https://explorer.ooni.org/m/20260327084410.446484_KR_webconnectivity_40803e051069a2d5
http://torrenters.com/,dns,https://explorer.ooni.org/m/20260327084412.292015_KR_webconnectivity_0749d092ac7ae549
http://torters.com/,dns,https://explorer.ooni.org/m/20260327084413.488115_KR_webconnectivity_29c41559c6428fc9
https://web.archive.org/,dns,https://explorer.ooni.org/m/20260327084415.770344_KR_webconnectivity_92aae57afbdb52f8
https://www.bme.com/,dns,https://explorer.ooni.org/m/20260327084417.744999_KR_webconnectivity_a82dcf94c50a6b4d
http://www.centcom.mil/,ok,https://explorer.ooni.org/m/20260327084421.259044_KR_webconnectivity_55328db35412f388
http://www.chaju.org/,ok,https://explorer.ooni.org/m/20260327084425.587134_KR_webconnectivity_3c0a1191b62797d2
http://www.cizel.co.kr/,dns,https://explorer.ooni.org/m/20260327084426.883859_KR_webconnectivity_14c2e76f265b937d
https://www.datpiff.com/,dns,https://explorer.ooni.org/m/20260327084429.476860_KR_webconnectivity_f3360c576d7da503
https://www.deathmetal.org/,ok,https://explorer.ooni.org/m/20260327084437.493043_KR_webconnectivity_325835f8b0829d26
https://www.defense.gov/,ok,https://explorer.ooni.org/m/20260327084439.766087_KR_webconnectivity_86b9ee15365b8685
https://www.dia.mil/,ok,https://explorer.ooni.org/m/20260327084444.253227_KR_webconnectivity_3de8fd386226dc3e
https://www.dictionary.com/,ok,https://explorer.ooni.org/m/20260327084449.459449_KR_webconnectivity_053914b0de75faa9
http://www.dklotto.com/,dns,https://explorer.ooni.org/m/20260327084452.186083_KR_webconnectivity_27b2e0e34951a19c
http://www.dprk-book.com/,tcp_ip,https://explorer.ooni.org/m/20260327084538.696526_KR_webconnectivity_53e9f7c0979cae81
http://www.dprkorea.com/,dns,https://explorer.ooni.org/m/20260327084550.547769_KR_webconnectivity_3a43db04b5963c57
https://www.dropbox.com/,ok,https://explorer.ooni.org/m/20260327084601.928124_KR_webconnectivity_1cc89355a545303f
http://www.elufa.net/,confirmed,https://explorer.ooni.org/m/20260327084603.758553_KR_webconnectivity_8a82235cfb9bde0a
http://www.enppy.com/,dns,https://explorer.ooni.org/m/20260327084606.855551_KR_webconnectivity_6bc8c3921406e5f8
https://www.epa.gov/,ok,https://explorer.ooni.org/m/20260327084617.827805_KR_webconnectivity_0a8cfa8ebfa85885
https://www.eventbrite.com/,ok,https://explorer.ooni.org/m/20260327084639.249387_KR_webconnectivity_a32c5f7e9f449a1c
http://www.fileguri.com/,http-failure,https://explorer.ooni.org/m/20260327084647.727160_KR_webconnectivity_9815a7872e42d688
http://www.filenara.co.kr/,dns,https://explorer.ooni.org/m/20260327084649.604982_KR_webconnectivity_9759da7cc5b36c96
http://www.filenori.com/,ok,https://explorer.ooni.org/m/20260327084651.903695_KR_webconnectivity_eb0d45d698181d40
http://www.foreignaffairs.org/,ok,https://explorer.ooni.org/m/20260327084704.496971_KR_webconnectivity_090cec777c6b03a7
http://www.fsb.ru/,http-failure,https://explorer.ooni.org/m/20260327084741.101602_KR_webconnectivity_0ea9c49022dc2116
https://www.fsf.org/,error,https://explorer.ooni.org/m/20260327084743.479009_KR_webconnectivity_cad4fdb94eacb65a
https://www.gawker.com/,ok,https://explorer.ooni.org/m/20260327084748.126901_KR_webconnectivity_4655a4a557d1db0c
https://www.givesendgo.com/,ok,https://explorer.ooni.org/m/20260327084750.026767_KR_webconnectivity_934dd46b8d313efb
https://www.globalpolicy.org/,ok,https://explorer.ooni.org/m/20260327084758.434306_KR_webconnectivity_110da0bc81974271
https://www.goodreads.com/,ok,https://explorer.ooni.org/m/20260327084804.795437_KR_webconnectivity_5160f94781c3d9a8
https://www.gov.uk/,ok,https://explorer.ooni.org/m/20260327084815.375149_KR_webconnectivity_072e0a9dcf5017f2
https://www.gutenberg.org/,ok,https://explorer.ooni.org/m/20260327084824.434298_KR_webconnectivity_b45676ff08431668
http://www.hanguksa.org/,ok,https://explorer.ooni.org/m/20260327084832.884280_KR_webconnectivity_1aba9c19ba5113cb
http://www.hisedu.or.kr/,ok,https://explorer.ooni.org/m/20260327084845.852737_KR_webconnectivity_f355dd5df8ececcd
http://www.honamhistory.org/,ok,https://explorer.ooni.org/m/20260327084849.892779_KR_webconnectivity_b0aca521781dfb38
http://www.honduras.com/,ok,https://explorer.ooni.org/m/20260327084904.169899_KR_webconnectivity_03b5bde9d32e5bb6
https://www.iaru.org/,ok,https://explorer.ooni.org/m/20260327084915.452989_KR_webconnectivity_74924a2dfefea33a
https://www.ibe.unesco.org/,ok,https://explorer.ooni.org/m/20260327084930.079499_KR_webconnectivity_e6793d392b5dbf61
https://www.icrc.org/,ok,https://explorer.ooni.org/m/20260327084943.372339_KR_webconnectivity_5d8514119842bd5b
https://www.ideasbeyondborders.org/,ok,https://explorer.ooni.org/m/20260327084955.987656_KR_webconnectivity_06ddf78fbb8b1140
http://www.iea.org/,ok,https://explorer.ooni.org/m/20260327085009.157635_KR_webconnectivity_aaccbea248d2df64
https://www.ifrc.org/,ok,https://explorer.ooni.org/m/20260327085011.580989_KR_webconnectivity_a7c7f862c9b130db
http://www.ihr.org/,ok,https://explorer.ooni.org/m/20260327085026.191267_KR_webconnectivity_c14e79cd987fe8d4
http://www.iias.nl/,tcp_ip,https://explorer.ooni.org/m/20260327085028.139806_KR_webconnectivity_1c1609d59754b0c1
https://www.ilo.org/,ok,https://explorer.ooni.org/m/20260327085036.922175_KR_webconnectivity_4d1ac83541a7a782
http://www.inhard.com/,ok,https://explorer.ooni.org/m/20260327085040.996853_KR_webconnectivity_ec7858ca4209bb44
https://www.interpol.int/,ok,https://explorer.ooni.org/m/20260327085049.591614_KR_webconnectivity_687f614da89b32c8
https://www.isa.org.jm/,ok,https://explorer.ooni.org/m/20260327085109.906486_KR_webconnectivity_b39c7713592f85fb
http://www.isj.org.uk/,ok,https://explorer.ooni.org/m/20260327085122.752484_KR_webconnectivity_b8004f4d5e1443da
http://www.jjangfile.net/,dns,https://explorer.ooni.org/m/20260327085138.529051_KR_webconnectivity_d8902ee35dece978
https://www.jsf.mil/,ok,https://explorer.ooni.org/m/20260327085145.913734_KR_webconnectivity_41f7490beed28992
http://www.kancc.org/,confirmed,https://explorer.ooni.org/m/20260327085154.503495_KR_webconnectivity_58bb280497cde6f2
http://www.kcckp.net/,confirmed,https://explorer.ooni.org/m/20260327085158.604896_KR_webconnectivity_bfb931d906cc5e00
https://www.khanacademy.org/,ok,https://explorer.ooni.org/m/20260327085212.624172_KR_webconnectivity_963c407d3d464a7b
http://www.kickassclassical.com/,tcp_ip,https://explorer.ooni.org/m/20260327085303.531648_KR_webconnectivity_a8e63cf84859ddd9
http://www.korea-dpr.com/,confirmed,https://explorer.ooni.org/m/20260327085307.013692_KR_webconnectivity_20f6bb8f08c9f534
http://www.korea-dpr.com/cgi-bin/simpleforum.cgi,confirmed,https://explorer.ooni.org/m/20260327085308.577381_KR_webconnectivity_c48b68c5ba0bec95
http://www.korea-dpr.com/users/jisge/,confirmed,https://explorer.ooni.org/m/20260327085310.613179_KR_webconnectivity_3ae7ec6206bfa76e
http://www.korea-is-one.org/,dns,https://explorer.ooni.org/m/20260327085313.541055_KR_webconnectivity_02c2a402d3496699
http://www.korea-is-one.org/rubrique.php3?id_rubrique=5,dns,https://explorer.ooni.org/m/20260327085315.599665_KR_webconnectivity_4858e077add14dc9
http://www.korea-np.co.jp/,tcp_ip,https://explorer.ooni.org/m/20260327085326.670066_KR_webconnectivity_8f2d5f5f58351635
http://www.koreanhistory.org/,ok,https://explorer.ooni.org/m/20260327085334.838383_KR_webconnectivity_1a2741fa5f573171
http://www.krbook.net/,ok,https://explorer.ooni.org/m/20260327085337.241562_KR_webconnectivity_ab0d3c4643aed086
https://www.libgen.tw/,ok,https://explorer.ooni.org/m/20260327085340.662463_KR_webconnectivity_e188ee3c33e2ca7e
https://www.limetorrents.lol/,http-failure,https://explorer.ooni.org/m/20260327085343.919617_KR_webconnectivity_400a79c921e77fe3
https://www.marxists.org/,ok,https://explorer.ooni.org/m/20260327085348.739775_KR_webconnectivity_a7324d633619685f
http://www.minjok.com/,dns,https://explorer.ooni.org/m/20260327085352.065598_KR_webconnectivity_c1dc47638456e128
http://www.mnr.gov.cn/,dns,https://explorer.ooni.org/m/20260327085411.202228_KR_webconnectivity_96c1f70de92d708d
http://www.monkey3.co.kr/,dns,https://explorer.ooni.org/m/20260327085427.999620_KR_webconnectivity_dd8c2b11a1f95314
https://www.mozilla.org/,ok,https://explorer.ooni.org/m/20260327085443.383750_KR_webconnectivity_89a02b86cc150087
https://www.mp3.com/,tcp_ip,https://explorer.ooni.org/m/20260327085529.275358_KR_webconnectivity_9cacf36e0bd8a1a3
https://www.musixmatch.com/,ok,https://explorer.ooni.org/m/20260327085535.884442_KR_webconnectivity_ee0de2d163f0119e
http://www.nato.int/,ok,https://explorer.ooni.org/m/20260327085546.773893_KR_webconnectivity_89b4408c5d58ddfe
http://www.nkland.org/,ok,https://explorer.ooni.org/m/20260327085549.970457_KR_webconnectivity_b0f3adea001f3243
http://www.nzeen.com/,ok,https://explorer.ooni.org/m/20260327085559.091779_KR_webconnectivity_6749bfa48fe1d0fc
http://www.onekorea.org/,ok,https://explorer.ooni.org/m/20260327085606.989658_KR_webconnectivity_a2b4cb8c786b3cb0
http://www.opec.org/,ok,https://explorer.ooni.org/m/20260327085616.707744_KR_webconnectivity_76a9ff0ce9545a61
http://www.openart.or.kr/,ok,https://explorer.ooni.org/m/20260327085622.211186_KR_webconnectivity_3d1d6ab381a146da
http://www.orangefile.com/,dns,https://explorer.ooni.org/m/20260327085625.030182_KR_webconnectivity_b10c0c8cc04dfa41
https://www.osce.org/,ok,https://explorer.ooni.org/m/20260327085640.560963_KR_webconnectivity_e319803fd74753af
https://www.overdrive.com/,ok,https://explorer.ooni.org/m/20260327085643.703867_KR_webconnectivity_d4f5cddc234fc44c
http://www.pacom.mil/,ok,https://explorer.ooni.org/m/20260327085646.252333_KR_webconnectivity_71fbeba756b26b6c
http://www.pruna.com/,dns,https://explorer.ooni.org/m/20260327085649.057574_KR_webconnectivity_9c373033ed582309
http://www.quantico.marines.mil/,ok,https://explorer.ooni.org/m/20260327085651.620384_KR_webconnectivity_c8e5b7b75358bbe5
https://www.researchgate.net/,ok,https://explorer.ooni.org/m/20260327085653.172849_KR_webconnectivity_6dedf642dd612ef5
http://www.ryongnamsan.edu.kp/,dns,https://explorer.ooni.org/m/20260327085656.225992_KR_webconnectivity_3ce4b3f765b4df16
http://www.schwarzreport.org/,ok,https://explorer.ooni.org/m/20260327085659.466545_KR_webconnectivity_b480b08f5870a0ae
https://www.scribd.com/,ok,https://explorer.ooni.org/m/20260327085709.724361_KR_webconnectivity_5e4b876aacf49e47
http://www.sealswcc.com/,ok,https://explorer.ooni.org/m/20260327085714.389594_KR_webconnectivity_6d58fac5cfb426c6
http://www.seapa.org/,tcp_ip,https://explorer.ooni.org/m/20260327085716.454664_KR_webconnectivity_7bd088a05113990b
https://www.shazam.com/,ok,https://explorer.ooni.org/m/20260327085728.143551_KR_webconnectivity_6cbf9cacac389730
http://www.silibank.com/,ok,https://explorer.ooni.org/m/20260327085731.783078_KR_webconnectivity_7c9558720afeab1b
http://www.slsknet.org/,ok,https://explorer.ooni.org/m/20260327085734.256078_KR_webconnectivity_99f557582ee2c66d
http://www.socom.mil/,tcp_ip,https://explorer.ooni.org/m/20260327085820.837597_KR_webconnectivity_9e4db92cda399d45
http://www.soribada.com/,ok,https://explorer.ooni.org/m/20260327085825.454295_KR_webconnectivity_14affbe33e379332
http://www.southcom.mil/,ok,https://explorer.ooni.org/m/20260327085827.356441_KR_webconnectivity_dd38c34c5d392322
https://www.spotify.com/,ok,https://explorer.ooni.org/m/20260327085830.138792_KR_webconnectivity_14813b3d9383a7af
https://www.state.gov/,ok,https://explorer.ooni.org/m/20260327085844.694891_KR_webconnectivity_9a260b6900fb6185
http://www.stratcom.mil/,ok,https://explorer.ooni.org/m/20260327085846.970012_KR_webconnectivity_97d780ccf6e4d272
http://www.syccr.com/,ok,https://explorer.ooni.org/m/20260327085858.536180_KR_webconnectivity_176b96713e1d0add
https://www.timeout.com/,ok,https://explorer.ooni.org/m/20260327085918.166903_KR_webconnectivity_fc24c67f497ee67b
http://www.tmz.com/,ok,https://explorer.ooni.org/m/20260327085933.078867_KR_webconnectivity_fa402df50a51e89e
https://www.un.int/,ok,https://explorer.ooni.org/m/20260327085948.791597_KR_webconnectivity_e90fc8a53a68b3d3
https://www.un.org/,ok,https://explorer.ooni.org/m/20260327085955.779238_KR_webconnectivity_1263257bea644a3c
https://www.unwomen.org/,ok,https://explorer.ooni.org/m/20260327090009.314784_KR_webconnectivity_163b391bea192812
http://www.uriminzokkiri.com/,tcp_ip,https://explorer.ooni.org/m/20260327090055.541089_KR_webconnectivity_47d38076569f8d5f
http://www.usafa.af.mil/,ok,https://explorer.ooni.org/m/20260327090058.238560_KR_webconnectivity_05568c830541fc0d
http://www.uscg.mil/,ok,https://explorer.ooni.org/m/20260327090101.193463_KR_webconnectivity_e0ed24cb3291bd3b
https://www.ushmm.org/,ok,https://explorer.ooni.org/m/20260327090117.561492_KR_webconnectivity_0e83e9e24d5532b5
https://www.utorrent.com/,ok,https://explorer.ooni.org/m/20260327090131.994727_KR_webconnectivity_d869bc1830244122
http://www.vibe.com/,ok,https://explorer.ooni.org/m/20260327090144.614518_KR_webconnectivity_5b66a0341dc33676
https://www.videolan.org/,ok,https://explorer.ooni.org/m/20260327090153.471706_KR_webconnectivity_41245cc22a470940
https://www.wfp.org/,ok,https://explorer.ooni.org/m/20260327090205.401844_KR_webconnectivity_c63f699c7163b1d1
https://www.wikipedia.org/,ok,https://explorer.ooni.org/m/20260327090222.080874_KR_webconnectivity_bdd0bf108b509474
https://www.wiktionary.org/,ok,https://explorer.ooni.org/m/20260327090231.837742_KR_webconnectivity_eb6a1faaeac5468b
http://www.worldcorea.net/,confirmed,https://explorer.ooni.org/m/20260327090234.240449_KR_webconnectivity_d578b9064c231cfa
https://www.xinjiang.gov.cn/,ok,https://explorer.ooni.org/m/20260327090254.658129_KR_webconnectivity_b2b897327b57a07d
http://www.xxlmag.com/,ok,https://explorer.ooni.org/m/20260327090307.396577_KR_webconnectivity_760f6febeb1e6ed0
https://www.zoho.com/,ok,https://explorer.ooni.org/m/20260327090314.322408_KR_webconnectivity_e0e08810ff6a6606
https://x1337x.eu/,ok,https://explorer.ooni.org/m/20260327090317.132755_KR_webconnectivity_1efc96230666651e
https://z-lib.org/,error,https://explorer.ooni.org/m/20260327090319.766350_KR_webconnectivity_b34da8ef79f5a089
https://zh.wikipedia.org/,ok,https://explorer.ooni.org/m/20260327090332.492719_KR_webconnectivity_49dc04dc5410697d
https://astalavista.box.sk/,dns,https://explorer.ooni.org/m/20260327090333.750091_KR_webconnectivity_1e4b95232aa7c46b
https://bitcoin.org/,dns,https://explorer.ooni.org/m/20260327090335.177381_KR_webconnectivity_b827b5cd17ec6982
https://bitcoin.sipa.be/,dns,https://explorer.ooni.org/m/20260327090336.721458_KR_webconnectivity_bd90b2d654b803c9
https://blockdx.co/,error,https://explorer.ooni.org/m/20260327090339.087870_KR_webconnectivity_c51b2704f78de808
http://clients3.google.com/generate_204,ok,https://explorer.ooni.org/m/20260327090340.868764_KR_webconnectivity_a8a537e8f9a3a103
https://coinmarketcap.com/,dns,https://explorer.ooni.org/m/20260327090342.490670_KR_webconnectivity_1b1fedab0273845c
https://company.wizards.com/,dns,https://explorer.ooni.org/m/20260327090344.227413_KR_webconnectivity_3f0a73ac283141b1
http://connect.rom.miui.com/generate_204,ok,https://explorer.ooni.org/m/20260327090346.248645_KR_webconnectivity_23b71dd9e484f78f
http://connectivitycheck.android.com/generate_204,ok,https://explorer.ooni.org/m/20260327090347.963663_KR_webconnectivity_a106b0c78d367fbf
http://connectivitycheck.gstatic.com/generate_204,ok,https://explorer.ooni.org/m/20260327090349.853075_KR_webconnectivity_74892ee0750f2686
https://cultdeadcow.com/,dns,https://explorer.ooni.org/m/20260327090351.408680_KR_webconnectivity_7883bef18b521484
https://dashjr.org/,dns,https://explorer.ooni.org/m/20260327090352.834931_KR_webconnectivity_1b71edbd30e1a648
https://dnsleaktest.com/,dns,https://explorer.ooni.org/m/20260327090354.361135_KR_webconnectivity_763b6c856f656a19
https://dnsviz.net/,ok,https://explorer.ooni.org/m/20260327090358.328230_KR_webconnectivity_1bd9412a2f9bde2d
https://epicgames.com/,dns,https://explorer.ooni.org/m/20260327090359.671480_KR_webconnectivity_a997578d72ce7de0
https://etherscan.io/,dns,https://explorer.ooni.org/m/20260327090400.777930_KR_webconnectivity_3b379a5867ea90ff
https://krunker.io/,dns,https://explorer.ooni.org/m/20260327090401.952792_KR_webconnectivity_f169edfb4c8a5ef4
https://matcha.xyz/,dns,https://explorer.ooni.org/m/20260327090402.987750_KR_webconnectivity_cf489d426cff7d78
https://repo1.maven.org/,ok,https://explorer.ooni.org/m/20260327090404.804925_KR_webconnectivity_1aa0cf27f4565e05
http://start.ubuntu.com/connectivity-check.html,ok,https://explorer.ooni.org/m/20260327090407.411474_KR_webconnectivity_baa25bb48efecdb7
https://store.steampowered.com/,dns,https://explorer.ooni.org/m/20260327090408.662126_KR_webconnectivity_5b7b359be448cf04
https://totaljerkface.com/,dns,https://explorer.ooni.org/m/20260327090409.664811_KR_webconnectivity_f614fcc5be3da8d0
https://worldofwarcraft.com/,dns,https://explorer.ooni.org/m/20260327090410.953470_KR_webconnectivity_6214a9ad5f5100fe
https://www.2600.com/,dns,https://explorer.ooni.org/m/20260327090414.539307_KR_webconnectivity_bb6b5929120b9173
https://www.amazon.com/,ok,https://explorer.ooni.org/m/20260327090427.496596_KR_webconnectivity_6d5dad338e8204e9
http://www.apple.com/library/test/success.html,ok,https://explorer.ooni.org/m/20260327090429.156372_KR_webconnectivity_63f7d01ac7ceda24
https://www.binance.com/,dns,https://explorer.ooni.org/m/20260327090429.823665_KR_webconnectivity_3bb0c602fdff83fc
https://www.bitfinex.com/,dns,https://explorer.ooni.org/m/20260327090430.961814_KR_webconnectivity_7edff2ce3c74a76c
http://www.blackhat.be/,dns,https://explorer.ooni.org/m/20260327090434.989671_KR_webconnectivity_0ccd726a045f8a82
https://www.blizzard.com/,dns,https://explorer.ooni.org/m/20260327090436.106301_KR_webconnectivity_5382f542e59b6a3f
https://www.blockchain.com/,dns,https://explorer.ooni.org/m/20260327090438.181174_KR_webconnectivity_59e5c0567553677a
https://www.chess.com/,dns,https://explorer.ooni.org/m/20260327090439.695204_KR_webconnectivity_9fc3c1ce75c0a614
https://www.coinbase.com/,dns,https://explorer.ooni.org/m/20260327090441.709863_KR_webconnectivity_480628d0d26a6608
https://www.coinex.com/,dns,https://explorer.ooni.org/m/20260327090443.276518_KR_webconnectivity_be6e1101bde2b7a0
https://www.crs.org/,ok,https://explorer.ooni.org/m/20260327090445.695706_KR_webconnectivity_543af6c4d328e154
https://www.darknet.org.uk/,dns,https://explorer.ooni.org/m/20260327090447.585060_KR_webconnectivity_3fd514b4be9a4736
https://www.ea.com/,dns,https://explorer.ooni.org/m/20260327090448.515194_KR_webconnectivity_b0cb931b119c8be2
https://www.eveonline.com/,dns,https://explorer.ooni.org/m/20260327090450.243055_KR_webconnectivity_1ee4b94f9a52f072
https://www.exploit-db.com/,dns,https://explorer.ooni.org/m/20260327090451.477397_KR_webconnectivity_c024c8b752f23d39
https://www.f-list.net/,dns,https://explorer.ooni.org/m/20260327090453.824348_KR_webconnectivity_960a4eea916a0d93
https://www.gog.com/,dns,https://explorer.ooni.org/m/20260327090455.048398_KR_webconnectivity_45943847768ce52e
https://www.habbo.com/,dns,https://explorer.ooni.org/m/20260327090456.754181_KR_webconnectivity_5aa1d9de7501290e
http://www.hackforums.net/,dns,https://explorer.ooni.org/m/20260327090458.676462_KR_webconnectivity_a5eaae577173b319
http://www.hacktivismo.com/,dns,https://explorer.ooni.org/m/20260327090500.092835_KR_webconnectivity_e12bfe26ed5b5c21
http://www.idsoftware.com/,dns,https://explorer.ooni.org/m/20260327090501.829039_KR_webconnectivity_c658a062a3a2c12c
https://www.kraken.com/,dns,https://explorer.ooni.org/m/20260327090503.037128_KR_webconnectivity_3c34053119c7cbda
https://www.minecraft.net/,dns,https://explorer.ooni.org/m/20260327090504.296163_KR_webconnectivity_a5659f8c7981d579
http://www.msftconnecttest.com/connecttest.txt,ok,https://explorer.ooni.org/m/20260327090505.776731_KR_webconnectivity_62d8ba2338753af9
http://www.msftncsi.com/ncsi.txt,ok,https://explorer.ooni.org/m/20260327090507.423377_KR_webconnectivity_28f422e522b787a8
http://www.nmrc.org/,dns,https://explorer.ooni.org/m/20260327090508.912171_KR_webconnectivity_0600aeb8be835bb9
http://www.pcgamer.com/,dns,https://explorer.ooni.org/m/20260327090510.452123_KR_webconnectivity_c9b2f6b2863c00de
https://www.origin.com/,dns,https://explorer.ooni.org/m/20260327090509.675723_KR_webconnectivity_5aa22d22fdb9161c
https://www.playstation.com/,dns,https://explorer.ooni.org/m/20260327090511.469138_KR_webconnectivity_b86cfebfaf7ac3e0
http://www.pmang.com/,dns,https://explorer.ooni.org/m/20260327090512.357617_KR_webconnectivity_22f3acb392cabc36
https://www.pogo.com/,dns,https://explorer.ooni.org/m/20260327090513.825182_KR_webconnectivity_e4f9e419e45e1aec
https://www.pubg.com/,dns,https://explorer.ooni.org/m/20260327090514.721611_KR_webconnectivity_5781493a96b09080
https://www.roblox.com/,dns,https://explorer.ooni.org/m/20260327090516.618739_KR_webconnectivity_dde6ff67619fe1b4
http://www.rockstargames.com/,dns,https://explorer.ooni.org/m/20260327090517.621809_KR_webconnectivity_a8301df67689c44b
https://www.ubisoft.com/,dns,https://explorer.ooni.org/m/20260327090520.041205_KR_webconnectivity_a4f37fe6690239f2
https://www.weforum.org/,ok,https://explorer.ooni.org/m/20260327090522.181124_KR_webconnectivity_4affa8b4467b5f65
http://www.zone-h.org/,ok,https://explorer.ooni.org/m/20260327090524.252050_KR_webconnectivity_daa3440cf7078b12
https://adultfriendfinder.com/,dns,https://explorer.ooni.org/m/20260327090527.368939_KR_webconnectivity_014923f5b499121a
https://amphetamines.com/,ok,https://explorer.ooni.org/m/20260327090533.426763_KR_webconnectivity_e5fc860efa6553b5
http://asiafriendfinder.com/,dns,https://explorer.ooni.org/m/20260327090536.173849_KR_webconnectivity_4bb3916d6687ded3
http://cafe.daum.net/amc21,ok,https://explorer.ooni.org/m/20260327090539.068622_KR_webconnectivity_3846436c0f5aa038
http://cafe.daum.net/dacultureNO,ok,https://explorer.ooni.org/m/20260327090541.846731_KR_webconnectivity_d5ae4e28bc0418b3
http://cafe.naver.com/mansdotcom,ok,https://explorer.ooni.org/m/20260327090545.200910_KR_webconnectivity_3485cf468697b383
http://cafe.naver.com/rtbnmm/,ok,https://explorer.ooni.org/m/20260327090559.969860_KR_webconnectivity_fdbdbe434922b0fe
https://eln-voces.net/,ok,https://explorer.ooni.org/m/20260327090611.494032_KR_webconnectivity_e5b45926b76cf503
https://hitomi.la/,dns,https://explorer.ooni.org/m/20260327090612.773889_KR_webconnectivity_3f4494f6cf0bac2a
https://howtogrowmarijuana.com/,dns,https://explorer.ooni.org/m/20260327090628.512561_KR_webconnectivity_41ab0bb83f5ab624
https://kiwifarms.net/,dns,https://explorer.ooni.org/m/20260327090644.810182_KR_webconnectivity_27e739d5efc34031
http://makemodel.net/,ok,https://explorer.ooni.org/m/20260327090648.487305_KR_webconnectivity_d03a676aaee6efeb
https://maps.org/,ok,https://explorer.ooni.org/m/20260327090702.788571_KR_webconnectivity_ab64c99e1108b0b9
http://mingky.org/,dns,https://explorer.ooni.org/m/20260327090704.077101_KR_webconnectivity_14c06ec30af747fa
https://norml.org/,dns,https://explorer.ooni.org/m/20260327090708.089849_KR_webconnectivity_7c9d797244b884bd
https://nsdapao.info/,dns,https://explorer.ooni.org/m/20260327090724.276120_KR_webconnectivity_4b203713414d775f
http://onlybingo.com/,dns,https://explorer.ooni.org/m/20260327090739.907648_KR_webconnectivity_4350167818c87551
http://sexkorea.net/,dns,https://explorer.ooni.org/m/20260327090745.231446_KR_webconnectivity_81599492804bbe98
http://user.chollian.net/~yesooj/mincho/deama.htm,dns,https://explorer.ooni.org/m/20260327090747.223506_KR_webconnectivity_457279046e65fde9
http://video.fc2.com/ko/a/,dns,https://explorer.ooni.org/m/20260327090749.520180_KR_webconnectivity_76659c47b36f8fa6
http://www.4online-gambling.com/,dns,https://explorer.ooni.org/m/20260327090750.815168_KR_webconnectivity_7812a4a14933dc28
http://www.absinth.com/,ok,https://explorer.ooni.org/m/20260327090753.601867_KR_webconnectivity_e14656ec4a20b4a6
http://www.absolut.com/,ok,https://explorer.ooni.org/m/20260327090755.164991_KR_webconnectivity_14575039a43f244f
https://www.americannaziparty.com/,ok,https://explorer.ooni.org/m/20260327090803.315047_KR_webconnectivity_33a4d9d953d5c05d
https://www.ariannelingerie.com/,dns,https://explorer.ooni.org/m/20260327090804.696593_KR_webconnectivity_6dee61b69d0142a6
http://www.asiabynight.com/,dns,https://explorer.ooni.org/m/20260327090820.401787_KR_webconnectivity_e065ace0121d765e
https://www.bacardi.com/,ok,https://explorer.ooni.org/m/20260327090834.881551_KR_webconnectivity_e65bb3327690a7f2
https://www.bat.com/,ok,https://explorer.ooni.org/m/20260327090849.734437_KR_webconnectivity_d5f8f9aedac4ba5d
http://www.beer.com/,ok,https://explorer.ooni.org/m/20260327090900.173569_KR_webconnectivity_ff0db6787e017f75
https://www.beerinfo.com/,ok,https://explorer.ooni.org/m/20260327090916.724155_KR_webconnectivity_f33cd4f5a9433bb2
http://www.bglad.com/,dns,https://explorer.ooni.org/m/20260327090920.095212_KR_webconnectivity_c722f5d6ac3d8774
http://www.blackjackinfo.com/,dns,https://explorer.ooni.org/m/20260327090923.061651_KR_webconnectivity_8a77833d6de7e531
http://www.budweiser.com/,ok,https://explorer.ooni.org/m/20260327090937.376069_KR_webconnectivity_3c19cf54d193bedc
http://www.dekaron.co.kr/,dns,https://explorer.ooni.org/m/20260327090940.260176_KR_webconnectivity_46879b8f48e21184
http://www.delicates.co.uk/,ok,https://explorer.ooni.org/m/20260327091006.669645_KR_webconnectivity_c2cde6cc2e429c05
https://www.dextroverse.org/,ok,https://explorer.ooni.org/m/20260327091042.978336_KR_webconnectivity_6b3456c5706ffb07
https://www.drugsdata.org/,dns,https://explorer.ooni.org/m/20260327091046.022333_KR_webconnectivity_ae870744bda0dd82
http://www.drugsense.org/,ok,https://explorer.ooni.org/m/20260327091053.205123_KR_webconnectivity_30e9e324da9a3165
http://www.dsnet.co.kr/,ok,https://explorer.ooni.org/m/20260327091109.562662_KR_webconnectivity_25edfd4a6d202adb
https://www.erowid.org/,tcp_ip,https://explorer.ooni.org/m/20260327091153.187322_KR_webconnectivity_5d1fb8b8b0b763c5
http://www.forbiddenasian.com/,dns,https://explorer.ooni.org/m/20260327091155.608289_KR_webconnectivity_0334d0edeae56149
http://www.gamemeca.com/,dns,https://explorer.ooni.org/m/20260327091159.032182_KR_webconnectivity_443db18c67ae9b15
http://www.globalfire.tv/,ok,https://explorer.ooni.org/m/20260327091202.432939_KR_webconnectivity_d33ea7a782e73d30
http://www.gotgayporn.com/,dns,https://explorer.ooni.org/m/20260327091204.214439_KR_webconnectivity_a04b6f4db857b0bb
http://www.hanes.com/,ok,https://explorer.ooni.org/m/20260327091205.908764_KR_webconnectivity_208b4785746b7833
http://www.hiliq.net/,ok,https://explorer.ooni.org/m/20260327091227.817423_KR_webconnectivity_b04848837b368d53
http://www.ilbe.com/,dns,https://explorer.ooni.org/m/20260327091230.584984_KR_webconnectivity_7d099f7e9f76534f
http://www.jackdaniels.com/,ok,https://explorer.ooni.org/m/20260327091244.506403_KR_webconnectivity_3cea10dfd0c9a8d5
http://www.joyhunting.com/,dns,https://explorer.ooni.org/m/20260327091300.745390_KR_webconnectivity_4d21f028b19f4111
http://www.jupae.com/,ok,https://explorer.ooni.org/m/20260327091319.954254_KR_webconnectivity_d0008d26141cd34f
http://www.lesbiansubmission.com/,dns,https://explorer.ooni.org/m/20260327091322.249925_KR_webconnectivity_df63a64e2c1207b7
http://www.lineage.co.kr/,dns,https://explorer.ooni.org/m/20260327091325.930680_KR_webconnectivity_2060ed56049198a0
http://www.marijuanatravels.com/,dns,https://explorer.ooni.org/m/20260327091341.683043_KR_webconnectivity_640debc6f7fb1347
http://www.moderndrunkardmagazine.com/,ok,https://explorer.ooni.org/m/20260327091359.365887_KR_webconnectivity_f73fe8bb7fb63b4d
http://www.mrchewsasianbeaver.com/,dns,https://explorer.ooni.org/m/20260327091402.145278_KR_webconnectivity_36d53d15ab38c37f
http://www.originalelf.com/,error,https://explorer.ooni.org/m/20260327091409.049607_KR_webconnectivity_a75c6a85eda8abaa
https://www.pmi.com/,ok,https://explorer.ooni.org/m/20260327091423.689348_KR_webconnectivity_dea09e25aaa87577
http://www.pof.com/,dns,https://explorer.ooni.org/m/20260327091425.013835_KR_webconnectivity_51f56be7f1820ff2
http://www.poker.com/,dns,https://explorer.ooni.org/m/20260327091425.944602_KR_webconnectivity_4b013130d4e56cd2
http://www.ranking.co.kr/,dns,https://explorer.ooni.org/m/20260327091429.250626_KR_webconnectivity_60c5b1cdb75dde54
https://www.pornhub.com/,dns,https://explorer.ooni.org/m/20260327091426.854770_KR_webconnectivity_3ae062028f7265c3
http://www.royalvegas-casino-kr.com/,dns,https://explorer.ooni.org/m/20260327091442.171669_KR_webconnectivity_692002e6818ddf5f
http://www.royalvegas.com/,dns,https://explorer.ooni.org/m/20260327091443.688889_KR_webconnectivity_98a0f6c4ed324c0a
http://www.satp.org/,ok,https://explorer.ooni.org/m/20260327091457.219578_KR_webconnectivity_478959269cb6c856
http://www.soramall.kr/,dns,https://explorer.ooni.org/m/20260327091513.481835_KR_webconnectivity_03aeadd5306a07f2
http://www.speeddater.co.uk/,ok,https://explorer.ooni.org/m/20260327091516.131117_KR_webconnectivity_022d5f62799a2335
http://www.spinpalace.com/,dns,https://explorer.ooni.org/m/20260327091517.739614_KR_webconnectivity_22ebbfcba50596c1
http://www.topdrawers.com/,dns,https://explorer.ooni.org/m/20260327091519.966710_KR_webconnectivity_239349088314d083
http://www.vanguardnewsnetwork.com/,ok,https://explorer.ooni.org/m/20260327091537.184879_KR_webconnectivity_2a4b089a17089f1b
http://www.winespectator.com/,ok,https://explorer.ooni.org/m/20260327091553.080691_KR_webconnectivity_f1a97f202c6ca71b
https://xhamster.com/,dns,https://explorer.ooni.org/m/20260327091554.921065_KR_webconnectivity_918fb94fc77d87e8
http://ywoos.com/,dns,https://explorer.ooni.org/m/20260327091610.854550_KR_webconnectivity_d5f7dc98624b96f6
https://1337x.st/,dns,https://explorer.ooni.org/m/20260327091611.795278_KR_webconnectivity_72ddd36d27d15175
http://4shared.com/,confirmed,https://explorer.ooni.org/m/20260327091615.023222_KR_webconnectivity_7a8157487f302bb1
https://911truth.org/,ok,https://explorer.ooni.org/m/20260327091631.615632_KR_webconnectivity_f8dde8b0f98bd79e
https://addons.mozilla.org/,ok,https://explorer.ooni.org/m/20260327091645.107588_KR_webconnectivity_df29852e3bbcb778
https://addons.opera.com/,ok,https://explorer.ooni.org/m/20260327091654.076678_KR_webconnectivity_1d913700af79e26e
https://addons.opera.com/en/extensions/,ok,https://explorer.ooni.org/m/20260327091709.300355_KR_webconnectivity_8538f039aa9b87c0
http://applefile.com/,dns,https://explorer.ooni.org/m/20260327091712.358977_KR_webconnectivity_b31e661e5e0f43ff
https://ar.m.wikipedia.org/,ok,https://explorer.ooni.org/m/20260327091730.528736_KR_webconnectivity_917ad877a6b8eca2
https://ar.wikipedia.org/,ok,https://explorer.ooni.org/m/20260327091744.317310_KR_webconnectivity_ede8f8b910b9dd4c
https://archiveofourown.org/,ok,https://explorer.ooni.org/m/20260327091749.467020_KR_webconnectivity_c824f5a3c2cb3e78
https://arxiv.org/,ok,https://explorer.ooni.org/m/20260327091757.214630_KR_webconnectivity_1f0de756bda9fdf9
https://asean.org/,ok,https://explorer.ooni.org/m/20260327091759.179566_KR_webconnectivity_4ff301d7fb529957
https://bintray.com/,ok,https://explorer.ooni.org/m/20260327091816.040267_KR_webconnectivity_2a481a4f84d94233
http://bommin.net/,confirmed,https://explorer.ooni.org/m/20260327091818.871858_KR_webconnectivity_cebf257b6921a9db
https://ca.wikipedia.org/,ok,https://explorer.ooni.org/m/20260327091833.759253_KR_webconnectivity_9d8ebc9eaeb28811
http://cafe.daum.net/seoulminart,ok,https://explorer.ooni.org/m/20260327091836.623161_KR_webconnectivity_18099d286edf322e
http://cafe.naver.com/newartcafe,ok,https://explorer.ooni.org/m/20260327091851.772334_KR_webconnectivity_8e35405203bce152
https://catbox.moe/,ok,https://explorer.ooni.org/m/20260327091855.079424_KR_webconnectivity_1d621836ee0e5fe7
http://chongryon.com/,confirmed,https://explorer.ooni.org/m/20260327091911.819581_KR_webconnectivity_a7803ef271c1b4a5
https://chrome.google.com/webstore/category/extensions,ok,https://explorer.ooni.org/m/20260327091925.148637_KR_webconnectivity_1dd36393d9c3cb95
https://chromewebstore.google.com/,ok,https://explorer.ooni.org/m/20260327091940.882196_KR_webconnectivity_37d0d4859e855a3b
https://code.org/,ok,https://explorer.ooni.org/m/20260327091953.736773_KR_webconnectivity_7ff7b881516c822b
https://commons.wikimedia.org/,ok,https://explorer.ooni.org/m/20260327092008.458193_KR_webconnectivity_e37c7626abb1fa60
https://credibilitycoalition.org/,ok,https://explorer.ooni.org/m/20260327092011.882903_KR_webconnectivity_690b399b4e749a8b
https://crypt.ee/,ok,https://explorer.ooni.org/m/20260327092018.315235_KR_webconnectivity_7839d485e13a0352
https://de.wikipedia.org/,ok,https://explorer.ooni.org/m/20260327092032.979621_KR_webconnectivity_ad5dca25989abcce
https://dfiles.eu/,ok,https://explorer.ooni.org/m/20260327092039.814707_KR_webconnectivity_71dc1348201d0f86
https://digg.com/,ok,https://explorer.ooni.org/m/20260327092043.329694_KR_webconnectivity_d358f90aec4387e9
https://docs.google.com/,ok,https://explorer.ooni.org/m/20260327092058.207025_KR_webconnectivity_0106c5c5b656c562
https://drive.google.com/,ok,https://explorer.ooni.org/m/20260327092119.306383_KR_webconnectivity_83c754b0993c89d7
https://en.m.wikipedia.org/,ok,https://explorer.ooni.org/m/20260327092131.247817_KR_webconnectivity_cb29f905734fe01b
https://en.wikipedia.org/,ok,https://explorer.ooni.org/m/20260327092147.155289_KR_webconnectivity_532e006893ba35c1
https://ente.io/,ok,https://explorer.ooni.org/m/20260327092200.659557_KR_webconnectivity_ef8104bf73b2634f
https://es.m.wikipedia.org/,ok,https://explorer.ooni.org/m/20260327092220.067819_KR_webconnectivity_f22ff61b062afbaa
https://es.wikipedia.org/,ok,https://explorer.ooni.org/m/20260327092233.851911_KR_webconnectivity_5f4ab748340eb405
https://f-droid.org/,ok,https://explorer.ooni.org/m/20260327092239.247999_KR_webconnectivity_4e6fbfc215c86316
https://fdroid.tetaneutral.net/fdroid/repo,ok,https://explorer.ooni.org/m/20260327092243.531525_KR_webconnectivity_f2b90d345cc71c9a
http://filecast.co.kr/,dns,https://explorer.ooni.org/m/20260327092247.300417_KR_webconnectivity_17d086326dab26b9
https://filen.io/,ok,https://explorer.ooni.org/m/20260327092302.938843_KR_webconnectivity_a964e24283fb9bc1
https://files.pythonhosted.org/,ok,https://explorer.ooni.org/m/20260327092306.114364_KR_webconnectivity_0ed897d8684120d3
https://fr.wikipedia.org/,ok,https://explorer.ooni.org/m/20260327092322.912118_KR_webconnectivity_868c98c927d3a3b8
https://ftp.fau.de/fdroid/repo,ok,https://explorer.ooni.org/m/20260327092332.917871_KR_webconnectivity_9f532010446e2176
http://gnu.rep.kp/,dns,https://explorer.ooni.org/m/20260327092338.764578_KR_webconnectivity_88c48fa055abb849
https://hackerspaces.org/,ok,https://explorer.ooni.org/m/20260327092342.448610_KR_webconnectivity_71b36110574b3d21
http://historyedu.or.kr/,ok,https://explorer.ooni.org/m/20260327092358.662543_KR_webconnectivity_02e2ec4abc78adde
https://infidels.org/,ok,https://explorer.ooni.org/m/20260327092406.619210_KR_webconnectivity_7a18ebfd6980246b
https://int.soccerway.com/,http-failure,https://explorer.ooni.org/m/20260327092409.212454_KR_webconnectivity_bbccf72b54ef9a6b
https://intelligence.weforum.org/,ok,https://explorer.ooni.org/m/20260327092416.070424_KR_webconnectivity_97e17b2cff54eb25
https://it.wikipedia.org/,ok,https://explorer.ooni.org/m/20260327092434.453186_KR_webconnectivity_893063c041aa338c
https://ja.wikipedia.org/,ok,https://explorer.ooni.org/m/20260327092449.029579_KR_webconnectivity_bb7d9c410b502afa
http://kancc.org/,dns,https://explorer.ooni.org/m/20260327092457.426376_KR_webconnectivity_92b733255bb7d299
http://kass.org.kp/,dns,https://explorer.ooni.org/m/20260327092514.305627_KR_webconnectivity_274ad265c53baa1a
http://kicc-dprk.org/,confirmed,https://explorer.ooni.org/m/20260327092516.698619_KR_webconnectivity_e3dd999d13655dd4
http://kiyctc.com.kp/,dns,https://explorer.ooni.org/m/20260327092521.991835_KR_webconnectivity_8b2eafb2a91b4d47
http://ko.internationalism.org/,ok,https://explorer.ooni.org/m/20260327092536.372081_KR_webconnectivity_7e6a8dd9710017ba
https://ko.wiktionary.org/,ok,https://explorer.ooni.org/m/20260327092549.862337_KR_webconnectivity_f0e4459f001dacb5
http://korfilm.com.kp/,dns,https://explorer.ooni.org/m/20260327092606.869218_KR_webconnectivity_d776cfdb2b5cbcc2
http://kremlin.ru/,ok,https://explorer.ooni.org/m/20260327092701.733714_KR_webconnectivity_f05fc44d7714857e
https://libgen.is/,dns,https://explorer.ooni.org/m/20260327092717.490646_KR_webconnectivity_d004c22e2044aee5
https://libgen.life/,tcp_ip,https://explorer.ooni.org/m/20260327092803.903258_KR_webconnectivity_7de693a58eae0af3
http://libgen.rs/,dns,https://explorer.ooni.org/m/20260327092819.791351_KR_webconnectivity_102249b92adea5df
http://libgen.st/,tcp_ip,https://explorer.ooni.org/m/20260327092905.913542_KR_webconnectivity_f15dd2e92829d4f6
https://libgen.xyz/,dns,https://explorer.ooni.org/m/20260327092906.859424_KR_webconnectivity_4e2db94837a8eb9e
https://login.infomaniak.com/,ok,https://explorer.ooni.org/m/20260327092912.695281_KR_webconnectivity_cbb257ef8d07ce14
https://login.tailscale.com/,ok,https://explorer.ooni.org/m/20260327092927.748809_KR_webconnectivity_f8f7414ce3392ef9
http://ma.gov.kp/,dns,https://explorer.ooni.org/m/20260327092932.855076_KR_webconnectivity_24c2942046f98363
https://mashable.com/,ok,https://explorer.ooni.org/m/20260327092946.573613_KR_webconnectivity_365b76d7955af129
https://mirror.cyberbits.eu/fdroid/repo,ok,https://explorer.ooni.org/m/20260327092950.407154_KR_webconnectivity_acf0949bc267b6ad
https://mymemory.translated.net/,ok,https://explorer.ooni.org/m/20260327092958.381688_KR_webconnectivity_72981b0e4ffa0024
http://naenara.com/,ok,https://explorer.ooni.org/m/20260327093001.183593_KR_webconnectivity_1e502f9b72f0f5f4
https://notesnook.com/,ok,https://explorer.ooni.org/m/20260327093013.352710_KR_webconnectivity_cfef24f96f3bafba
http://onekorea.org/,ok,https://explorer.ooni.org/m/20260327093025.492749_KR_webconnectivity_d58016bbe986fb60
https://openverse.org/,ok,https://explorer.ooni.org/m/20260327093028.309164_KR_webconnectivity_f6cb4be281a06340
https://plug-mirror.rcac.purdue.edu/fdroid/repo,ok,https://explorer.ooni.org/m/20260327093032.079638_KR_webconnectivity_27039428244b1eb3
https://pt.m.wikipedia.org/,ok,https://explorer.ooni.org/m/20260327093049.159930_KR_webconnectivity_ad45e8abbec3a73c
https://pulse.internetsociety.org/,ok,https://explorer.ooni.org/m/20260327093055.511857_KR_webconnectivity_4ad0e3c678afa6a7
https://put.io/,ok,https://explorer.ooni.org/m/20260327093107.368118_KR_webconnectivity_a804df89d7ac57ef
https://radiofreetexas.com/,ok,https://explorer.ooni.org/m/20260327093121.665663_KR_webconnectivity_a2c7834f3a633098
https://ru.wikipedia.org/,ok,https://explorer.ooni.org/m/20260327093133.753856_KR_webconnectivity_323258229eb670d3
http://sdprk.org.kp/,dns,https://explorer.ooni.org/m/20260327093137.254030_KR_webconnectivity_1b8141a07551f7a0
http://sfkuk.freeservers.com/,ok,https://explorer.ooni.org/m/20260327093139.754799_KR_webconnectivity_3dfe84194ca09312
http://simfile.uplusbox.co.kr/,dns,https://explorer.ooni.org/m/20260327093155.823131_KR_webconnectivity_1b7b139e1fca16f2
https://simple.wikipedia.org/,ok,https://explorer.ooni.org/m/20260327093203.058971_KR_webconnectivity_1845c021d3e86807
https://skiff.com/,ok,https://explorer.ooni.org/m/20260327093213.888353_KR_webconnectivity_b63694882fdf1188
https://soundcloud.com/,ok,https://explorer.ooni.org/m/20260327093221.803797_KR_webconnectivity_8d39165f724cc11f
https://sourceforge.net/,ok,https://explorer.ooni.org/m/20260327093236.114352_KR_webconnectivity_29bcb36815cddc51
https://standardnotes.com/,ok,https://explorer.ooni.org/m/20260327093445.412517_KR_webconnectivity_17df1812742e4271
https://uea.org/,ok,https://explorer.ooni.org/m/20260327093451.847036_KR_webconnectivity_6b3e1cc92641d8cc
https://upload.wikimedia.org/wikipedia/commons/thumb/3/37/Generic_Camera_Icon.svg/100px-Generic_Camera_Icon.svg.png,ok,https://explorer.ooni.org/m/20260327093455.466502_KR_webconnectivity_172c22252f3c1d86
http://usacrime.or.kr/,ok,https://explorer.ooni.org/m/20260327093505.716458_KR_webconnectivity_7c4dde6e4b74cd69
https://w3schools.com/,ok,https://explorer.ooni.org/m/20260327093525.998273_KR_webconnectivity_f4bf9f7a1760e2ff
https://wikidata.org/,ok,https://explorer.ooni.org/m/20260327093543.602919_KR_webconnectivity_fb2a0160339e40e9
https://wikihow.com/,ok,https://explorer.ooni.org/m/20260327093556.936592_KR_webconnectivity_6bfdea13146bbfb1
https://wikimapia.org/,ok,https://explorer.ooni.org/m/20260327093607.681026_KR_webconnectivity_f792d7477a1520f7
https://www.2shared.com/,ok,https://explorer.ooni.org/m/20260327093625.220453_KR_webconnectivity_7728c6fe627181d7
https://www.4shared.com/,ok,https://explorer.ooni.org/m/20260327093645.644646_KR_webconnectivity_19732047b546c15d
https://www.911memorial.org/,ok,https://explorer.ooni.org/m/20260327093656.420641_KR_webconnectivity_e1301c75fe6d87c4
http://www.acquisitionx.com/,ok,https://explorer.ooni.org/m/20260327093659.372486_KR_webconnectivity_cff77b77f9f9286f
https://www.af.mil/,ok,https://explorer.ooni.org/m/20260327093704.243402_KR_webconnectivity_842af736798ade21
http://www.aha.ru/,ok,https://explorer.ooni.org/m/20260327093732.897098_KR_webconnectivity_0adbea8c4f429516
http://www.aha.ru/~zentsov/korea.htm,ok,https://explorer.ooni.org/m/20260327093750.058760_KR_webconnectivity_cd2fbb0ba08cd1b1
http://www.arirang.dprkorea.com/,dns,https://explorer.ooni.org/m/20260327093806.735772_KR_webconnectivity_e24071e01091fb6e
https://www.army.mil/,ok,https://explorer.ooni.org/m/20260327093823.990675_KR_webconnectivity_e859549c062262b2
https://www.auswaertiges-amt.de/,ok,https://explorer.ooni.org/m/20260327093848.803609_KR_webconnectivity_9d58bd82c6c016cb
http://www.big.or.jp/,ok,https://explorer.ooni.org/m/20260327093851.150516_KR_webconnectivity_6e62506686e7a160
http://www.bittornado.com/,dns,https://explorer.ooni.org/m/20260327093906.960707_KR_webconnectivity_d518f9da908a45a9
http://www.bommin.net/,confirmed,https://explorer.ooni.org/m/20260327093911.206161_KR_webconnectivity_a54dce232b96b1dd
http://www.chongryon.com/,confirmed,https://explorer.ooni.org/m/20260327093927.402887_KR_webconnectivity_32d21394c65c4065
https://www.cia.gov/,ok,https://explorer.ooni.org/m/20260327093940.390401_KR_webconnectivity_70d9e9f2a339a2f9
http://www.cinetown.co.kr/,ok,https://explorer.ooni.org/m/20260327093958.295349_KR_webconnectivity_8091c49d577fe732
https://www.cis.minsk.by/,ok,https://explorer.ooni.org/m/20260327094009.953868_KR_webconnectivity_c44c40c72fad0771
http://www.cnet-ta.ne.jp/,ok,https://explorer.ooni.org/m/20260327094013.770650_KR_webconnectivity_68ef8f8ec651839a
http://www.collegehumor.com/,dns,https://explorer.ooni.org/m/20260327094029.436922_KR_webconnectivity_bff84ea10683e4a3
http://www.coreaone-news.com/,confirmed,https://explorer.ooni.org/m/20260327094032.115217_KR_webconnectivity_08e72f32e6746796
https://www.darpa.mil/,ok,https://explorer.ooni.org/m/20260327094047.478348_KR_webconnectivity_cf8967a4f287e8a1
http://www.mfasia.org/,error,https://explorer.ooni.org/m/20260327094104.471420_KR_webconnectivity_75f063fbab4d82a4
http://www.newsweekasia.com/,ok,https://explorer.ooni.org/m/20260327094128.560045_KR_webconnectivity_640f2cbfa861387d
http://www.publiuspundit.com/,ok,https://explorer.ooni.org/m/20260327094138.122459_KR_webconnectivity_8ce18d56e6ac7771
http://www.seapabkk.org/,dns,https://explorer.ooni.org/m/20260327094140.815411_KR_webconnectivity_7f87e16888eb0d45
http://www.taipeitimes.com/,ok,https://explorer.ooni.org/m/20260327094150.803848_KR_webconnectivity_206da0d4c7262c30
http://www.zdnetasia.com/,ok,https://explorer.ooni.org/m/20260327094206.349184_KR_webconnectivity_a467e8ef71b8d196
"http://www.zdnetasia.com/downloads/pc/swinfo/0,39043052,39222404s,00.htm",ok,https://explorer.ooni.org/m/20260327094223.485291_KR_webconnectivity_71e4649294655db7
http://adb.org/,ok,https://explorer.ooni.org/m/20260327094237.630457_KR_webconnectivity_38ec38dbe142fae2
https://alignpay.com/,dns,https://explorer.ooni.org/m/20260327094253.546644_KR_webconnectivity_02158a3300fd0519
https://api.revenuecat.com/,ok,https://explorer.ooni.org/m/20260327094305.708011_KR_webconnectivity_0fca56c24535a73f
https://apis.google.com/robots.txt,ok,https://explorer.ooni.org/m/20260327094322.012075_KR_webconnectivity_450477b296b04310
http://archive.ubuntu.com/,ok,https://explorer.ooni.org/m/20260327094324.379796_KR_webconnectivity_a6e7f3bf6a4945bf
https://attrition.org/,ok,https://explorer.ooni.org/m/20260327094327.321999_KR_webconnectivity_7f6d1117280b4e64
https://beacondb.net/,ok,https://explorer.ooni.org/m/20260327094337.876614_KR_webconnectivity_bcfb0dc2f23fa4f8
https://blog.mozilla.org/,ok,https://explorer.ooni.org/m/20260327094346.895386_KR_webconnectivity_4049d55a54d61594
https://bogus.d2a8n1.rootcanary.net/,ok,https://explorer.ooni.org/m/20260327094351.359927_KR_webconnectivity_dbac7cb085010e1d
https://brave.com/,ok,https://explorer.ooni.org/m/20260327094406.873033_KR_webconnectivity_cf354d3f1706bc70
https://bughunters.google.com/,ok,https://explorer.ooni.org/m/20260327094410.955358_KR_webconnectivity_37ff9f7d1a4f14f6
https://cdnjs.com/,ok,https://explorer.ooni.org/m/20260327094418.875981_KR_webconnectivity_bce6df5b9640020d
https://clients5.google.com/robots.txt,ok,https://explorer.ooni.org/m/20260327094421.929278_KR_webconnectivity_9801e691cf39e770
https://defcon.org/,ok,https://explorer.ooni.org/m/20260327094433.308975_KR_webconnectivity_c78ab98fda7ff75a
https://doubleclick.net/,ok,https://explorer.ooni.org/m/20260327094447.633770_KR_webconnectivity_907285d2d068bcf1
https://earth.google.com/web/,ok,https://explorer.ooni.org/m/20260327094450.546335_KR_webconnectivity_456b78cefb3d1022
https://en.miui.com/,ok,https://explorer.ooni.org/m/20260327094505.608757_KR_webconnectivity_a080fd88c7b00076
https://fedoramagazine.org/,ok,https://explorer.ooni.org/m/20260327094511.847877_KR_webconnectivity_673c3b5fe2ccaf07
https://giganews.com/,dns,https://explorer.ooni.org/m/20260327094513.033647_KR_webconnectivity_436eab2689726a3d
http://gmarket.co.kr/,ok,https://explorer.ooni.org/m/20260327094515.311457_KR_webconnectivity_c17151da46b72334
https://hodlhodl.com/,ok,https://explorer.ooni.org/m/20260327094525.736179_KR_webconnectivity_5a1664533b48b578
https://insecure.org/,ok,https://explorer.ooni.org/m/20260327094533.457019_KR_webconnectivity_56fb42abed0ee801
https://kh.google.com/rt/earth/PlanetoidMetadata,ok,https://explorer.ooni.org/m/20260327094535.431541_KR_webconnectivity_ecf3c49a8800a82a
https://khms0.google.com/kh/v=908?x=81&y=103&z=8,ok,https://explorer.ooni.org/m/20260327094537.869220_KR_webconnectivity_3afff3f5ad5e381b
https://khms1.google.com/kh/v=908?x=327&y=414&z=10,ok,https://explorer.ooni.org/m/20260327094540.064833_KR_webconnectivity_6dd80dd0fb7277d6
http://knic.com.kp/,dns,https://explorer.ooni.org/m/20260327094544.417247_KR_webconnectivity_4845a7afe4691ece
https://localmonero.co/,ok,https://explorer.ooni.org/m/20260327094555.105185_KR_webconnectivity_ceec667aced57320
https://maps.gstatic.com/tactile/basepage/grid-image.png,ok,https://explorer.ooni.org/m/20260327094557.312697_KR_webconnectivity_69d657f2cc9f3732
https://metasploit.com/,ok,https://explorer.ooni.org/m/20260327094606.769334_KR_webconnectivity_fd6bc25b309a47ad
https://moodle.org/,ok,https://explorer.ooni.org/m/20260327094619.196060_KR_webconnectivity_e958ab76146b4415
http://networkcheck.kde.org/,ok,https://explorer.ooni.org/m/20260327094620.887854_KR_webconnectivity_088ce93275e26ce6
https://nmap.org/,ok,https://explorer.ooni.org/m/20260327094626.382790_KR_webconnectivity_3d4e98cf80157be2
http://nmcheck.gnome.org/check_network_status.txt,ok,https://explorer.ooni.org/m/20260327094627.977732_KR_webconnectivity_69abfc57530fd7ef
https://o0.ingest.sentry.io/api/0,ok,https://explorer.ooni.org/m/20260327094629.996658_KR_webconnectivity_2022e606c95babb0
http://opportunity.org/,ok,https://explorer.ooni.org/m/20260327094634.213050_KR_webconnectivity_467aa9b6a62ea476
https://packetstormsecurity.com/,ok,https://explorer.ooni.org/m/20260327094640.368297_KR_webconnectivity_4403234681d7fdfe
http://phrack.org/,dns,https://explorer.ooni.org/m/20260327094641.373192_KR_webconnectivity_3858ed3fba7f2759
http://ping.archlinux.org/,ok,https://explorer.ooni.org/m/20260327094643.484382_KR_webconnectivity_222d6d41c9b79378
https://plan-uk.org/,ok,https://explorer.ooni.org/m/20260327094658.970811_KR_webconnectivity_71208f66a3c0547e
https://root-key-sentinel-is-ta-20326.d2a8n3.rootcanary.net/,ok,https://explorer.ooni.org/m/20260327094704.366118_KR_webconnectivity_98be44e6c0a7b8d5
https://root-key-sentinel-is-ta-38696.d2a8n3.rootcanary.net/,ok,https://explorer.ooni.org/m/20260327094709.055436_KR_webconnectivity_cb277112215b804a
https://root-key-sentinel-not-ta-20326.d2a8n3.rootcanary.net/,ok,https://explorer.ooni.org/m/20260327094713.617262_KR_webconnectivity_fc2a448a2548b3f4
https://root-key-sentinel-not-ta-38696.d2a8n3.rootcanary.net/,ok,https://explorer.ooni.org/m/20260327094718.042422_KR_webconnectivity_7ad43ae073554dfc
https://s3.amazonaws.com/ooni-data/archives-raw/yaml_tar_vault.json,ok,https://explorer.ooni.org/m/20260327094732.298147_KR_webconnectivity_af5d1452528bbabb
https://seclists.org/,ok,https://explorer.ooni.org/m/20260327094748.050899_KR_webconnectivity_d00e3db77b39db3d
https://sentry.io/api/0/,ok,https://explorer.ooni.org/m/20260327094749.857252_KR_webconnectivity_4b8dd36bdfeb09d9
https://sourceforge.net/projects/loic/,ok,https://explorer.ooni.org/m/20260327094802.509223_KR_webconnectivity_449fed3b29d01762
https://swift.org/,ok,https://explorer.ooni.org/m/20260327094804.493905_KR_webconnectivity_9e4e9c9f35d0999e
https://thehackernews.com/,ok,https://explorer.ooni.org/m/20260327094819.287250_KR_webconnectivity_e6ca62cd36a2edc3
https://tigerweb.ru/,ok,https://explorer.ooni.org/m/20260327094846.862844_KR_webconnectivity_f82f849ea8b51049
https://toolbox.googleapps.com/,ok,https://explorer.ooni.org/m/20260327094851.195533_KR_webconnectivity_ffeb4385f0dfed80
https://trisquel.info/,ok,https://explorer.ooni.org/m/20260327094857.757374_KR_webconnectivity_f60888ce6abe35a0
https://use-application-dns.net/,ok,https://explorer.ooni.org/m/20260327094906.086134_KR_webconnectivity_471a978c1571591f
https://wasabiwallet.io/,ok,https://explorer.ooni.org/m/20260327094917.345296_KR_webconnectivity_73510a78a59eb2f3
https://wkkf.org/,ok,https://explorer.ooni.org/m/20260327094925.373267_KR_webconnectivity_afa8e98f56197d52
http://www.11st.co.kr/,ok,https://explorer.ooni.org/m/20260327094929.874281_KR_webconnectivity_0d7746573c18b1e8
https://www.airbnb.co.kr/,ok,https://explorer.ooni.org/m/20260327094948.877061_KR_webconnectivity_f22cc4de651a1fef
https://www.akdn.org/,ok,https://explorer.ooni.org/m/20260327095007.241676_KR_webconnectivity_6b89bf813ba3d16d
https://www.apple.com/,ok,https://explorer.ooni.org/m/20260327095019.751301_KR_webconnectivity_7f291a2d650edfd8
http://www.auction.co.kr/,ok,https://explorer.ooni.org/m/20260327095021.938248_KR_webconnectivity_1d3777fc8b74adbe
https://www.babbel.com/,ok,https://explorer.ooni.org/m/20260327095038.492903_KR_webconnectivity_944195ad6b43a7f1
http://www.barnesandnoble.com/,error,https://explorer.ooni.org/m/20260327095139.104238_KR_webconnectivity_e260619ab022e782
http://www.bobaedream.co.kr/,ok,https://explorer.ooni.org/m/20260327095145.817080_KR_webconnectivity_35f052ad4329f019
https://www.care.org/,ok,https://explorer.ooni.org/m/20260327095156.520108_KR_webconnectivity_30c652fb90df54d8
https://www.ccc.de/,ok,https://explorer.ooni.org/m/20260327095200.689246_KR_webconnectivity_53ff73a85ffa8b61
http://www.ccej.or.kr/,ok,https://explorer.ooni.org/m/20260327095213.415385_KR_webconnectivity_19f82b77cf8255c7
https://www.chromium.org/,ok,https://explorer.ooni.org/m/20260327095214.718479_KR_webconnectivity_627cd86e77d44872
https://www.common-fund.org/,ok,https://explorer.ooni.org/m/20260327095224.869364_KR_webconnectivity_7315217dd4aaecdd
https://www.concern.net/,ok,https://explorer.ooni.org/m/20260327095235.608222_KR_webconnectivity_4aa0b5e6c16d5f80
https://www.craigslist.org/,dns,https://explorer.ooni.org/m/20260327095238.781054_KR_webconnectivity_0df89706d1bf8b95
http://www.cyber-pirates.org/,ok,https://explorer.ooni.org/m/20260327095302.497097_KR_webconnectivity_8d4ffd8aead2305e
https://www.ddo.com/,dns,https://explorer.ooni.org/m/20260327095304.717753_KR_webconnectivity_9084deb8c63550c8
https://www.ebay.com/,ok,https://explorer.ooni.org/m/20260327095319.466318_KR_webconnectivity_32109623785cdba8
https://www.eccouncil.org/,ok,https://explorer.ooni.org/m/20260327095331.644524_KR_webconnectivity_f10cc9ce5db31e9f
https://www.episcopalrelief.org/,ok,https://explorer.ooni.org/m/20260327095344.670799_KR_webconnectivity_1e8bf5dd4b22d1b1
http://www.fki.or.kr/,ok,https://explorer.ooni.org/m/20260327095347.862339_KR_webconnectivity_2787919d130ddea0
https://www.g5.com/,dns,https://explorer.ooni.org/m/20260327095350.903918_KR_webconnectivity_9d551e64faf1f232
https://www.gazprombank.ru/,ok,https://explorer.ooni.org/m/20260327095408.821400_KR_webconnectivity_7ab41c0b691f019e
https://www.genymotion.com/,ok,https://explorer.ooni.org/m/20260327095419.602159_KR_webconnectivity_324c97c46264039b
https://www.globalgiving.org/,ok,https://explorer.ooni.org/m/20260327095423.640555_KR_webconnectivity_b4e878281184e436
https://www.gofundme.com/,ok,https://explorer.ooni.org/m/20260327095439.413995_KR_webconnectivity_61e4846948071a1a
https://www.groupon.com/,ok,https://explorer.ooni.org/m/20260327095454.574419_KR_webconnectivity_7d92a844bd2e2fd8
http://www.hackinthebox.org/,tcp_ip,https://explorer.ooni.org/m/20260327095505.097271_KR_webconnectivity_69abb1c79671056e
https://www.helvetas.ch/,ok,https://explorer.ooni.org/m/20260327095524.299350_KR_webconnectivity_c55c264e1bbdbc3d
https://www.idrc.ca/,ok,https://explorer.ooni.org/m/20260327095535.187672_KR_webconnectivity_a5544eb294ea5505
https://www.ifad.org/,ok,https://explorer.ooni.org/m/20260327095537.589784_KR_webconnectivity_2e758e8dfe5fbd37
https://www.ifc.org/,ok,https://explorer.ooni.org/m/20260327095549.443170_KR_webconnectivity_ce7361de8dc63716
https://www.imf.org/,ok,https://explorer.ooni.org/m/20260327095551.642507_KR_webconnectivity_a94b84b1c483e258
https://www.international.gc.ca/,ok,https://explorer.ooni.org/m/20260327095558.484416_KR_webconnectivity_c1fac06ec7c4d2a5
https://www.internetsociety.org/,ok,https://explorer.ooni.org/m/20260327095610.030029_KR_webconnectivity_b1fe675cd309cce7
http://www.inven.co.kr/,dns,https://explorer.ooni.org/m/20260327095614.259941_KR_webconnectivity_85973dbfedf24872
https://www.kali.org/,ok,https://explorer.ooni.org/m/20260327095622.008923_KR_webconnectivity_a16eed5fa94dea48
https://www.kbs-frb.be/,ok,https://explorer.ooni.org/m/20260327095639.141008_KR_webconnectivity_9c21a7b30df39033
https://www.kucoin.com/,dns,https://explorer.ooni.org/m/20260327095640.893093_KR_webconnectivity_04d25f29de45d7d4
https://www.macfound.org/,ok,https://explorer.ooni.org/m/20260327095651.146569_KR_webconnectivity_5ef59ed5e6e74441
https://www.malwares.com/,ok,https://explorer.ooni.org/m/20260327095652.949799_KR_webconnectivity_c7ebd9f5211daac0
http://www.netmarble.net/,dns,https://explorer.ooni.org/m/20260327095654.695159_KR_webconnectivity_99357aaf736ccc98
https://www.oxfam.org/,ok,https://explorer.ooni.org/m/20260327095708.578475_KR_webconnectivity_ef2e4147cfb716c8
https://www.paralleleconomy.com/,ok,https://explorer.ooni.org/m/20260327095720.455203_KR_webconnectivity_2cd49f373a2adc49
https://www.paypal.com/,ok,https://explorer.ooni.org/m/20260327095733.674289_KR_webconnectivity_6ced8766e42f8ce1
https://www.progressio.org.uk/,ok,https://explorer.ooni.org/m/20260327095737.105735_KR_webconnectivity_2697638d8e1f02ee
https://www.rbf.org/,ok,https://explorer.ooni.org/m/20260327095742.030968_KR_webconnectivity_51baaa80a3f21202
http://www.runescape.com/,dns,https://explorer.ooni.org/m/20260327095744.828008_KR_webconnectivity_cb6d006154d1aa6f
http://www.sida.se/,ok,https://explorer.ooni.org/m/20260327095805.940853_KR_webconnectivity_602fac05f7bf71aa
http://www.square-enix.com/,dns,https://explorer.ooni.org/m/20260327095807.531710_KR_webconnectivity_48153407b2ad507e
https://www.uber.com/,ok,https://explorer.ooni.org/m/20260327095821.030491_KR_webconnectivity_65dd8a29ccaafa46
http://www.unlockme.co.uk/,ok,https://explorer.ooni.org/m/20260327095824.162871_KR_webconnectivity_be7e16124c7ef6f1
https://www.usaid.gov/,ok,https://explorer.ooni.org/m/20260327095828.709718_KR_webconnectivity_841504dc88435b86
https://www.walmart.com/,ok,https://explorer.ooni.org/m/20260327095839.465819_KR_webconnectivity_a11c5c6efe8c176a
https://www.westernunion.com/,ok,https://explorer.ooni.org/m/20260327095849.003909_KR_webconnectivity_7046e0a7fbc0df0a
https://www.wmtransfer.com/,ok,https://explorer.ooni.org/m/20260327095902.448375_KR_webconnectivity_a50bf6a660e6c31d
https://www.worldbank.org/,ok,https://explorer.ooni.org/m/20260327095910.366906_KR_webconnectivity_d2083b951a14d6c1
https://xe.com/,ok,https://explorer.ooni.org/m/20260327095921.747368_KR_webconnectivity_6ea6db48912dc34f
http://zipbogo.net/,confirmed,https://explorer.ooni.org/m/20260327095924.261742_KR_webconnectivity_5e8bf834bc3a5f22
http://www.asiangirlsnextdoor.com/,dns,https://explorer.ooni.org/m/20260327095927.840564_KR_webconnectivity_dc160e04e0158ac7
http://www.asiantribune.com/,dns,https://explorer.ooni.org/m/20260327095929.524793_KR_webconnectivity_3e73a21067620753
http://www.gayasianamateurs.com/,dns,https://explorer.ooni.org/m/20260327095930.754614_KR_webconnectivity_9b76acf78e628a6e
http://www.utopia-asia.com/,dns,https://explorer.ooni.org/m/20260327095932.685337_KR_webconnectivity_a051e161a54b3913
http://www.womenforpeaceandjustice.org/,ok,https://explorer.ooni.org/m/20260327095945.616717_KR_webconnectivity_0578c1d5f37c59de
http://www.bangkokstreetwhores.com/,dns,https://explorer.ooni.org/m/20260327095948.168819_KR_webconnectivity_44859e5b5ba2f267
http://www.dateinasia.com/,dns,https://explorer.ooni.org/m/20260327095950.231713_KR_webconnectivity_3f0c196c1fd4e1fa
http://www.exploitedteensasia.com/,dns,https://explorer.ooni.org/m/20260327095953.160817_KR_webconnectivity_308f30491e77aa85
https://ko.wikipedia.org/,ok,https://explorer.ooni.org/m/20260327100007.492744_KR_webconnectivity_c18a65688fcb7ed4
https://www.douban.com/,ok,https://explorer.ooni.org/m/20260327100022.328842_KR_webconnectivity_1145ad57647c97ac
http://www.unescap.org/,ok,https://explorer.ooni.org/m/20260327100025.811666_KR_webconnectivity_51dcc514eabb2854
http://streetmeatasia.com/,dns,https://explorer.ooni.org/m/20260327100030.931343_KR_webconnectivity_483763673f968715
http://www.88square.com/,dns,https://explorer.ooni.org/m/20260327100046.696861_KR_webconnectivity_541ee8fd2957dd84
http://www.asianthumbs.org/,dns,https://explorer.ooni.org/m/20260327100048.766332_KR_webconnectivity_e1aaaa58aee47ec0
http://www.thaicuties.com/,dns,https://explorer.ooni.org/m/20260327100050.151394_KR_webconnectivity_67baf0e497207683
http://www.globalgayz.com/,ok,https://explorer.ooni.org/m/20260327100059.154663_KR_webconnectivity_d1cefc17aeb012aa
http://www.thaichix.com/,dns,https://explorer.ooni.org/m/20260327100100.433664_KR_webconnectivity_e72f430e41676bed
http://www.secularislam.org/,ok,https://explorer.ooni.org/m/20260327100104.622603_KR_webconnectivity_290a1d1aa2a16c7c
https://en.wiktionary.org/,ok,https://explorer.ooni.org/m/20260327100116.857228_KR_webconnectivity_06ea1309bc5520bb
ok,dns,tcp_ip,http-diff,http-failure,confirmed,error,no_data,http(legacy)
1539,556,35,1,24,24,42,0,0
2221/2221 (expected)
