https://twitter.com/,ok,https://explorer.ooni.org/m/20260403055356.495142_KR_webconnectivity_d530b35f0fc409b7
https://www.facebook.com/,ok,https://explorer.ooni.org/m/20260403055359.183279_KR_webconnectivity_8ce61bdd39d497f9
https://www.instagram.com/,ok,https://explorer.ooni.org/m/20260403055401.963356_KR_webconnectivity_d1842b3a71a52abd
https://www.youtube.com/,ok,https://explorer.ooni.org/m/20260403055406.965211_KR_webconnectivity_d66e87f9b3d95772
https://www.tiktok.com/,ok,https://explorer.ooni.org/m/20260403055408.741515_KR_webconnectivity_67376a852e1b670f
https://x.com/,ok,https://explorer.ooni.org/m/20260403055416.929987_KR_webconnectivity_6e9cb300a75766e3
https://discord.com/,ok,https://explorer.ooni.org/m/20260403055423.105838_KR_webconnectivity_3d79f94c830d0dca
https://doh.opendns.com/dns-query?dns=q80BAAABAAAAAAAAA3d3dwdleGFtcGxlA2NvbQAAAQAB,tcp_ip,https://explorer.ooni.org/m/20260403055423.750334_KR_webconnectivity_41223bfce54955fb
http://r3.o.lencr.org/,ok,https://explorer.ooni.org/m/20260403055424.438574_KR_webconnectivity_7f3e2352247a3f3f
https://telegra.ph/,dns,https://explorer.ooni.org/m/20260403055425.177490_KR_webconnectivity_3faf46a066294cda
https://www.premaritalsex.info/,dns,https://explorer.ooni.org/m/20260403055425.894760_KR_webconnectivity_c3c6543c4f357ecf
https://secondlife.com/,dns,https://explorer.ooni.org/m/20260403055426.872413_KR_webconnectivity_b9d80520f0fb270a
https://tinder.com/,dns,https://explorer.ooni.org/m/20260403055427.599579_KR_webconnectivity_62762ad8e80cc559
https://www.4chan.org/,dns,https://explorer.ooni.org/m/20260403055428.306801_KR_webconnectivity_bff658d090a4958e
https://www.meetup.com/,dns,https://explorer.ooni.org/m/20260403055429.060431_KR_webconnectivity_58edea644857c65b
https://vimeo.com/,dns,https://explorer.ooni.org/m/20260403055429.894131_KR_webconnectivity_46bf3aa6f69cd86c
https://safeabortionpills.org/,http-failure,https://explorer.ooni.org/m/20260403055431.775149_KR_webconnectivity_c56aed8d61b6d341
http://hotgaylist.com/,dns,https://explorer.ooni.org/m/20260403055432.516023_KR_webconnectivity_2a99a8f0b81082e1
https://anon.inf.tu-dresden.de/,dns,https://explorer.ooni.org/m/20260403055448.210491_KR_webconnectivity_04550b6c1f30c94c
https://bricspress.live/,ok,https://explorer.ooni.org/m/20260403055448.825988_KR_webconnectivity_afb6361430864534
https://carafem.org/,dns,https://explorer.ooni.org/m/20260403055449.556304_KR_webconnectivity_d2bcb17d7b831a5f
https://freespeech.org/,dns,https://explorer.ooni.org/m/20260403055450.389648_KR_webconnectivity_de825e0b9aec3f56
https://resurj.org/,dns,https://explorer.ooni.org/m/20260403055451.545185_KR_webconnectivity_40ea6ca646be563a
https://smotrim.ru/,ok,https://explorer.ooni.org/m/20260403055459.431337_KR_webconnectivity_acae2bfd6456c4c2
https://surfshark.com/,dns,https://explorer.ooni.org/m/20260403055500.204786_KR_webconnectivity_1e2664380d530ea9
http://transsexual.org/,dns,https://explorer.ooni.org/m/20260403055501.596731_KR_webconnectivity_a645433a53a6e662
https://ultrasurf.us/,dns,https://explorer.ooni.org/m/20260403055502.676573_KR_webconnectivity_61dbacfa8f862bd6
https://www.cyberghostvpn.com/,dns,https://explorer.ooni.org/m/20260403055503.721189_KR_webconnectivity_fb40772322aaee7c
http://www.korea-htr.com/,confirmed,https://explorer.ooni.org/m/20260403055504.696449_KR_webconnectivity_fe6e9c058e544ee6
https://signal.org/,ok,https://explorer.ooni.org/m/20260403055506.755560_KR_webconnectivity_375f0457c9cc7bef
https://www.pubg.com/,dns,https://explorer.ooni.org/m/20260403055505.375062_KR_webconnectivity_40832f0d4cbd1e6b
https://www.snapchat.com/,ok,https://explorer.ooni.org/m/20260403055508.986944_KR_webconnectivity_8d481e6e6dc5bc97
https://www.viber.com/,ok,https://explorer.ooni.org/m/20260403055511.300551_KR_webconnectivity_8cc6fce9c1923bae
https://www.whatsapp.com/,ok,https://explorer.ooni.org/m/20260403055514.836965_KR_webconnectivity_e71538a362949924
http://imagebingo.naver.com/,ok,https://explorer.ooni.org/m/20260403055515.473890_KR_webconnectivity_81a8e91befe4d99e
http://internetphone114.com/,ok,https://explorer.ooni.org/m/20260403055516.158355_KR_webconnectivity_8dc7acfe97e7a5e1
https://ipfs.io/,dns,https://explorer.ooni.org/m/20260403055517.063232_KR_webconnectivity_ecbb5a63396e5579
https://pps.whatsapp.net/robots.txt,ok,https://explorer.ooni.org/m/20260403055518.549170_KR_webconnectivity_4c14d33e4cfd0361
https://support.therapytribe.com/hivaids-support-group/,ok,https://explorer.ooni.org/m/20260403055519.788789_KR_webconnectivity_bf2f0863f81bb6c8
https://t.me/,dns,https://explorer.ooni.org/m/20260403055520.505334_KR_webconnectivity_36cb60be5ae8b057
https://tse1.explicit.bing.net/robots.txt,dns,https://explorer.ooni.org/m/20260403055521.211730_KR_webconnectivity_76a56799c3b68808
http://tvpot.media.daum.net/,ok,https://explorer.ooni.org/m/20260403055522.372443_KR_webconnectivity_cc5477520852caa4
https://www.bittorrent.com/,dns,https://explorer.ooni.org/m/20260403055523.076219_KR_webconnectivity_87e28a4500338cc3
https://www.doctissimo.fr/,dns,https://explorer.ooni.org/m/20260403055523.840697_KR_webconnectivity_ee19cbe44c8ea2bc
https://www.ectaco.com/,dns,https://explorer.ooni.org/m/20260403055524.863214_KR_webconnectivity_737a8dcc823bb060
http://www.lsinc.co.kr/,ok,https://explorer.ooni.org/m/20260403055526.507109_KR_webconnectivity_c90ccd8cd286d2b0
https://www.gmx.com/,dns,https://explorer.ooni.org/m/20260403055525.564503_KR_webconnectivity_5fa530945166ee6d
http://www.photobucket.com/,dns,https://explorer.ooni.org/m/20260403055527.226970_KR_webconnectivity_8b32444d20f3580b
https://www.sendspace.com/,dns,https://explorer.ooni.org/m/20260403055528.111818_KR_webconnectivity_d5d20b1509ce901f
https://www.tumblr.com/,dns,https://explorer.ooni.org/m/20260403055529.205426_KR_webconnectivity_a23985538d2629b6
https://www.twitch.tv/,dns,https://explorer.ooni.org/m/20260403055529.883067_KR_webconnectivity_e2a782c9fb36119e
http://www.veoh.com/,ok,https://explorer.ooni.org/m/20260403055531.475147_KR_webconnectivity_883ea3619d3c47b1
https://www.vonage.com/,ok,https://explorer.ooni.org/m/20260403055532.710711_KR_webconnectivity_6ef1988b39030482
http://www.webbox.com/index.php,ok,https://explorer.ooni.org/m/20260403055533.817628_KR_webconnectivity_9258dcdd083bcadf
https://www.y2mate.com/,dns,https://explorer.ooni.org/m/20260403055534.453800_KR_webconnectivity_14c1e44797543b4a
https://ya.ru/,dns,https://explorer.ooni.org/m/20260403055535.459484_KR_webconnectivity_06b9c1d012c9a4fd
https://9gag.com/,dns,https://explorer.ooni.org/m/20260403055536.206025_KR_webconnectivity_d3e37c2661a2c5b2
https://abs.twimg.com/sticky/default_profile_images/default_profile_normal.png,ok,https://explorer.ooni.org/m/20260403055537.609259_KR_webconnectivity_6d23d3be86853f00
https://badoo.com/,dns,https://explorer.ooni.org/m/20260403055538.485728_KR_webconnectivity_68312c83614f7139
http://blogmarks.net/,dns,https://explorer.ooni.org/m/20260403055539.243782_KR_webconnectivity_ee94994b043422f3
https://cdn.fbsbx.com/favicon.ico,dns,https://explorer.ooni.org/m/20260403055539.893132_KR_webconnectivity_a8d0cb4eda932762
https://edge-chat.instagram.com/robots.txt,ok,https://explorer.ooni.org/m/20260403055541.569198_KR_webconnectivity_bafe12de85cd7311
https://edge-mqtt.facebook.com/favicon.ico,ok,https://explorer.ooni.org/m/20260403055542.857062_KR_webconnectivity_b8308bcc3b76a311
https://fbcdn.net/robots.txt,ok,https://explorer.ooni.org/m/20260403055544.740053_KR_webconnectivity_0142dcfea0cb4fdd
https://myspace.com/,error,https://explorer.ooni.org/m/20260403055545.521376_KR_webconnectivity_35104962edbf93c5
https://ntc.party/,dns,https://explorer.ooni.org/m/20260403055546.725973_KR_webconnectivity_1ed30b53aa69b469
https://qph.fs.quoracdn.net/main-thumb-1117688072-200-uijiqfjcmlvaxczdrlawbgyaomfocdnt.jpeg,ok,https://explorer.ooni.org/m/20260403055547.938479_KR_webconnectivity_632938c793c47ed1
https://qsbr.fs.quoracdn.net/-4-web.entry.js.out-34-8f7d03da0b7a24ae.webpack,ok,https://explorer.ooni.org/m/20260403055549.565950_KR_webconnectivity_133c708a4172d629
https://scontent-frt3-2.cdninstagram.com/favicon.ico,ok,https://explorer.ooni.org/m/20260403055550.204512_KR_webconnectivity_b2af66a5c5019395
https://scontent.cdninstagram.com/robots.txt,ok,https://explorer.ooni.org/m/20260403055551.891070_KR_webconnectivity_4dabf4382684d485
https://styles.redditmedia.com/robots.txt,ok,https://explorer.ooni.org/m/20260403055553.648205_KR_webconnectivity_7b2a478d0a26135b
https://triller.co/,error,https://explorer.ooni.org/m/20260403055555.027658_KR_webconnectivity_d6f7640529c45045
https://upload.twitter.com/robots.txt,ok,https://explorer.ooni.org/m/20260403055555.932787_KR_webconnectivity_3359789598214829
https://video.cdninstagram.com/favicon.ico,ok,https://explorer.ooni.org/m/20260403055557.532296_KR_webconnectivity_14c2b126fbd67792
https://www.clubhouseapi.com/,ok,https://explorer.ooni.org/m/20260403055558.584801_KR_webconnectivity_cf0ce73142f70b52
https://www.meetme.com/,dns,https://explorer.ooni.org/m/20260403055559.277322_KR_webconnectivity_5c8dd8b70b7c8c48
https://www.quora.com/,ok,https://explorer.ooni.org/m/20260403055600.368332_KR_webconnectivity_56cfe0228001f597
https://www.redditstatic.com/robots.txt,ok,https://explorer.ooni.org/m/20260403055601.749049_KR_webconnectivity_2b080839946c598f
https://www.trendsmap.com/,tcp_ip,https://explorer.ooni.org/m/20260403055602.766822_KR_webconnectivity_7311629757419d57
https://www.yubo.live/,ok,https://explorer.ooni.org/m/20260403055604.405311_KR_webconnectivity_d4446533d2c04eee
https://1.0.0.1/dns-query?dns=q80BAAABAAAAAAAAA3d3dwdleGFtcGxlA2NvbQAAAQAB,ok,https://explorer.ooni.org/m/20260403055605.148779_KR_webconnectivity_e63e2a01c6407655
https://1.0.0.3/dns-query?dns=q80BAAABAAAAAAAAA3d3dwdleGFtcGxlA2NvbQAAAQAB,ok,https://explorer.ooni.org/m/20260403055605.911612_KR_webconnectivity_1c0e9d97e4f87243
https://assets.gitlab-static.net/robots.txt,ok,https://explorer.ooni.org/m/20260403055606.491396_KR_webconnectivity_da9ac8d6d921c9d0
https://dns.adguard.com/dns-query?dns=q80BAAABAAAAAAAAA3d3dwdleGFtcGxlA2NvbQAAAQAB,tcp_ip,https://explorer.ooni.org/m/20260403055607.107007_KR_webconnectivity_32741817d96dfc4e
https://doh-fi.blahdns.com/dns-query?dns=q80BAAABAAAAAAAAA3d3dwdleGFtcGxlA2NvbQAAAQAB,dns,https://explorer.ooni.org/m/20260403055607.740697_KR_webconnectivity_941d35e460354c4b
https://gitlab.com/,dns,https://explorer.ooni.org/m/20260403055608.872354_KR_webconnectivity_732c993009a3b959
https://mozilla.cloudflare-dns.com/dns-query?dns=q80BAAABAAAAAAAAA3d3dwdleGFtcGxlA2NvbQAAAQAB,dns,https://explorer.ooni.org/m/20260403055609.555944_KR_webconnectivity_452aa15e7329ff37
https://www.beintheknow.org/,dns,https://explorer.ooni.org/m/20260403055610.582782_KR_webconnectivity_7da2c811924fd7a5
http://www.pandora.tv/,ok,https://explorer.ooni.org/m/20260403055611.498523_KR_webconnectivity_ea70403a83094180
https://airvpn.org/,dns,https://explorer.ooni.org/m/20260403055612.280172_KR_webconnectivity_03bd2830a5e588f6
https://allout.org/,dns,https://explorer.ooni.org/m/20260403055613.741790_KR_webconnectivity_3699a6736d78d6bc
https://allthefallen.moe/,dns,https://explorer.ooni.org/m/20260403055614.818793_KR_webconnectivity_6d9a6813c52ba50e
http://beyondexgay.com/,http-diff,https://explorer.ooni.org/m/20260403055617.295322_KR_webconnectivity_39918ec7bd73dd56
https://banthis.tv/,dns,https://explorer.ooni.org/m/20260403055615.506683_KR_webconnectivity_17032ac82654291d
https://bi.org/,dns,https://explorer.ooni.org/m/20260403055618.398732_KR_webconnectivity_a3a1c36c82229520
https://boingboing.net/,dns,https://explorer.ooni.org/m/20260403055619.489542_KR_webconnectivity_709ffb0acf4b8a0a
https://bridges.torproject.org/,dns,https://explorer.ooni.org/m/20260403055620.283639_KR_webconnectivity_0bd35e5e2412f5ea
https://btguard.com/,dns,https://explorer.ooni.org/m/20260403055621.397862_KR_webconnectivity_83ea5f23c38afc39
https://ccrjustice.org/,ok,https://explorer.ooni.org/m/20260403055622.760547_KR_webconnectivity_03ff555e72aaa696
https://cdns.grindr.com/,dns,https://explorer.ooni.org/m/20260403055623.748324_KR_webconnectivity_2014aca532dd304a
https://censorship.no/,dns,https://explorer.ooni.org/m/20260403055624.835363_KR_webconnectivity_8c28d816d25bf521
http://comingout.narun.net/,ok,https://explorer.ooni.org/m/20260403055626.164326_KR_webconnectivity_e75452b3ee48cab2
https://creativecommons.org/,dns,https://explorer.ooni.org/m/20260403055626.925585_KR_webconnectivity_296f087d383bea26
https://dartcenter.org/,ok,https://explorer.ooni.org/m/20260403055628.185917_KR_webconnectivity_f08db48a29b254d0
https://docs.mvt.re/,dns,https://explorer.ooni.org/m/20260403055629.047941_KR_webconnectivity_6fcff4f9b1d22685
http://english.chosun.com/,ok,https://explorer.ooni.org/m/20260403055630.234722_KR_webconnectivity_5b949a2f49001495
https://explorer.ooni.org/,ok,https://explorer.ooni.org/m/20260403055631.714180_KR_webconnectivity_fca62ddb943e2bd0
https://freenetproject.org/,dns,https://explorer.ooni.org/m/20260403055632.448087_KR_webconnectivity_b9a51b10b8e11357
https://freesocks.org/,dns,https://explorer.ooni.org/m/20260403055633.131240_KR_webconnectivity_4800b96094bd9054
http://gaytoday.com/,dns,https://explorer.ooni.org/m/20260403055634.765478_KR_webconnectivity_2e6c1f3b586b3ee5
https://gijn.org/,ok,https://explorer.ooni.org/m/20260403055636.199542_KR_webconnectivity_1da3b5f07248c848
https://grindr.mobi/,ok,https://explorer.ooni.org/m/20260403055637.311612_KR_webconnectivity_7423315e7956962b
https://multiproxy.org/,dns,https://explorer.ooni.org/m/20260403055638.509749_KR_webconnectivity_a666133675748a29
http://nkhumanrights.or.kr/,ok,https://explorer.ooni.org/m/20260403055640.288686_KR_webconnectivity_5aecc0ae8eb00c30
https://nordvpn.com/,ok,https://explorer.ooni.org/m/20260403055641.662851_KR_webconnectivity_3b913eaeb34b1efc
http://northkoreatech.org/,ok,https://explorer.ooni.org/m/20260403055642.876691_KR_webconnectivity_0a0dcc5a12f9d576
https://ooni.org/,ok,https://explorer.ooni.org/m/20260403055644.058564_KR_webconnectivity_9887b87404452a76
https://openvpn.net/,dns,https://explorer.ooni.org/m/20260403055644.722155_KR_webconnectivity_b60064a6d0c858c5
https://proxify.com/,dns,https://explorer.ooni.org/m/20260403055645.759195_KR_webconnectivity_9605592d1a0407a5
http://russia.tv/,http-failure,https://explorer.ooni.org/m/20260403055704.121360_KR_webconnectivity_1a0ec4380386d717
https://strongvpn.com/,dns,https://explorer.ooni.org/m/20260403055704.802510_KR_webconnectivity_342bc34b1b0e9ffb
https://thegailygrind.com/,dns,https://explorer.ooni.org/m/20260403055705.852974_KR_webconnectivity_02d19e410282f9b7
http://times.hankooki.com/,dns,https://explorer.ooni.org/m/20260403055707.496366_KR_webconnectivity_99376780915aec5f
https://www.arabnews.com/,ok,https://explorer.ooni.org/m/20260403055708.618081_KR_webconnectivity_1685dad914002f93
https://www.article19.org/,ok,https://explorer.ooni.org/m/20260403055709.875584_KR_webconnectivity_a0e9caab0f5301df
http://www.cawinfo.org/,tcp_ip,https://explorer.ooni.org/m/20260403055725.597757_KR_webconnectivity_2b66dfda78d5e57b
https://www.echr.coe.int/,ok,https://explorer.ooni.org/m/20260403055727.049113_KR_webconnectivity_2daeadbd44395dc9
https://www.mc-doualiya.com/,ok,https://explorer.ooni.org/m/20260403055728.760815_KR_webconnectivity_dbf5f63199f0ce63
https://1337x.st/,dns,https://explorer.ooni.org/m/20260403055729.449944_KR_webconnectivity_15728e3abba5a7db
https://1337x.to/,dns,https://explorer.ooni.org/m/20260403055730.128848_KR_webconnectivity_a3ccef88e25d5d3a
https://annas-archive.org/,dns,https://explorer.ooni.org/m/20260403055731.839474_KR_webconnectivity_09f2533f51e84835
http://bitsnoop.com/,dns,https://explorer.ooni.org/m/20260403055732.521613_KR_webconnectivity_6e247067e419c889
http://canna.to/,dns,https://explorer.ooni.org/m/20260403055733.310140_KR_webconnectivity_994f963fc90e475b
https://eztv.ag/,dns,https://explorer.ooni.org/m/20260403055734.006195_KR_webconnectivity_22f6c2a1b4b18183
https://forum.mhut.org/,dns,https://explorer.ooni.org/m/20260403055734.753332_KR_webconnectivity_effd602bd9fcb7ef
http://torrent82.com/,ok,https://explorer.ooni.org/m/20260403055735.434743_KR_webconnectivity_e8461c2198b2c88a
https://mail.yandex.ru/,dns,https://explorer.ooni.org/m/20260403055736.469570_KR_webconnectivity_34adcb4c1acbbd42
https://presearch.com/,ok,https://explorer.ooni.org/m/20260403055737.579259_KR_webconnectivity_2e018280bac0a852
http://www.kissphoto.net/,ok,https://explorer.ooni.org/m/20260403055738.412898_KR_webconnectivity_93b9aa1808fa1f70
https://bsky.app/,ok,https://explorer.ooni.org/m/20260403055740.372013_KR_webconnectivity_4daeca5088135635
https://clubhouse.pubnub.com/,ok,https://explorer.ooni.org/m/20260403055742.486569_KR_webconnectivity_547614477e355f8d
https://external.xx.fbcdn.net/robots.txt,ok,https://explorer.ooni.org/m/20260403055744.095469_KR_webconnectivity_50aa18987c8ef2cc
https://gettr.com/,ok,https://explorer.ooni.org/m/20260403055746.155260_KR_webconnectivity_64553dd0fad07887
https://i.instagram.com/robots.txt,ok,https://explorer.ooni.org/m/20260403055748.189428_KR_webconnectivity_8f45f48786951314
https://mastodon.social/,ok,https://explorer.ooni.org/m/20260403055750.053380_KR_webconnectivity_6233cf8ecba1be84
https://preview.redd.it/robots.txt,ok,https://explorer.ooni.org/m/20260403055751.218025_KR_webconnectivity_fc31578dbc083ec8
https://scontent.xx.fbcdn.net/robots.txt,ok,https://explorer.ooni.org/m/20260403055752.733118_KR_webconnectivity_3a7c8dd400014fdd
https://static.cdninstagram.com/robots.txt,ok,https://explorer.ooni.org/m/20260403055754.197060_KR_webconnectivity_ebb1939f3ba104b8
https://staticxx.facebook.com/robots.txt,ok,https://explorer.ooni.org/m/20260403055755.747763_KR_webconnectivity_b6416d118ad68f7a
https://valence.community/,ok,https://explorer.ooni.org/m/20260403055757.438884_KR_webconnectivity_1ef5c20bb6954910
https://web.facebook.com/robots.txt,ok,https://explorer.ooni.org/m/20260403055759.404923_KR_webconnectivity_c7ea74590ccbf9c3
https://www.clubhouse.com/,ok,https://explorer.ooni.org/m/20260403055801.419200_KR_webconnectivity_941378b48eb4d5c2
https://www.imqq.com/,ok,https://explorer.ooni.org/m/20260403055803.456313_KR_webconnectivity_d5f8159946d81491
https://www.joinclubhouse.com/,ok,https://explorer.ooni.org/m/20260403055804.877528_KR_webconnectivity_0ffc6330a38a45f9
https://www.worldpulse.com/,ok,https://explorer.ooni.org/m/20260403055806.147290_KR_webconnectivity_4a78bd6eaee3dcb6
https://beeg.com/,dns,https://explorer.ooni.org/m/20260403055806.832930_KR_webconnectivity_3c3006d9c4c41cf1
https://uk.match.com/,dns,https://explorer.ooni.org/m/20260403055807.598073_KR_webconnectivity_cd6f25ae659bfc48
https://www.agentprovocateur.com/,dns,https://explorer.ooni.org/m/20260403055808.303147_KR_webconnectivity_a5c1457df6fa3de1
http://www.betfair.com/,dns,https://explorer.ooni.org/m/20260403055809.036417_KR_webconnectivity_5f231d6ec869f61c
https://www.blueskyswimwear.com/,dns,https://explorer.ooni.org/m/20260403055809.842919_KR_webconnectivity_d8a23dd3c52153d7
http://www.koreancupid.com/,dns,https://explorer.ooni.org/m/20260403055811.481978_KR_webconnectivity_1f622175feaeade5
https://www.cannaweed.com/,dns,https://explorer.ooni.org/m/20260403055810.525272_KR_webconnectivity_89c14c5a646e760a
http://www.lasenza.com/,dns,https://explorer.ooni.org/m/20260403055812.482491_KR_webconnectivity_3ae179f08d2e7f2e
https://www.match.com/,dns,https://explorer.ooni.org/m/20260403055813.233351_KR_webconnectivity_cdb4fe2161b601f9
http://www.neonjoint.com/,dns,https://explorer.ooni.org/m/20260403055814.294372_KR_webconnectivity_632f79641a57ad8d
http://www.pokerstars.com/,dns,https://explorer.ooni.org/m/20260403055815.137894_KR_webconnectivity_1ec1041b49b5ae65
https://www.pornhub.com/,dns,https://explorer.ooni.org/m/20260403055816.075057_KR_webconnectivity_e4e0736630b5c829
https://www.xnxx.com/,dns,https://explorer.ooni.org/m/20260403055816.996613_KR_webconnectivity_2144b0be68fd881c
https://afterellen.com/,ok,https://explorer.ooni.org/m/20260403055818.337981_KR_webconnectivity_e10e4bcc3997975f
https://cdt.org/,ok,https://explorer.ooni.org/m/20260403055819.601982_KR_webconnectivity_d61131ac674f2429
https://cryptome.org/,dns,https://explorer.ooni.org/m/20260403055822.026527_KR_webconnectivity_2b60a1e4e91b1834
http://freedom.jinbo.net/,ok,https://explorer.ooni.org/m/20260403055823.737621_KR_webconnectivity_ca28e46e0b2c5341
https://getintra.org/,ok,https://explorer.ooni.org/m/20260403055825.481119_KR_webconnectivity_e042c8aea8c2aec5
https://getoutline.org/,ok,https://explorer.ooni.org/m/20260403055827.350124_KR_webconnectivity_5deb98a0c7b8c8c6
http://hrnet.jinbo.net/,ok,https://explorer.ooni.org/m/20260403055829.271475_KR_webconnectivity_37e02df815b4bcdf
https://iyfglobal.org/,ok,https://explorer.ooni.org/m/20260403055830.532953_KR_webconnectivity_442b85316fd1dffa
http://kscrc.org/,ok,https://explorer.ooni.org/m/20260403055832.488104_KR_webconnectivity_7f0d2893f6ddb301
https://lalgbtcenter.org/,ok,https://explorer.ooni.org/m/20260403055833.872194_KR_webconnectivity_a2df960cb68b2e9a
https://lgbtnewsnow.org/,http-failure,https://explorer.ooni.org/m/20260403055837.812189_KR_webconnectivity_e8f9d9b29c04b831
https://mask-h2.icloud.com/,error,https://explorer.ooni.org/m/20260403055839.386066_KR_webconnectivity_616ddabe8fdb40c3
https://minorityrights.org/,ok,https://explorer.ooni.org/m/20260403055840.956826_KR_webconnectivity_1c6c51163fb85e1a
https://orbot.app/,ok,https://explorer.ooni.org/m/20260403055843.520622_KR_webconnectivity_89e4899c85809628
https://radiofreel.github.io/,ok,https://explorer.ooni.org/m/20260403055845.245349_KR_webconnectivity_990514a52a324350
https://transfemscience.org/,ok,https://explorer.ooni.org/m/20260403055846.707265_KR_webconnectivity_911ea7283fd77c7f
https://unredacted.org/,ok,https://explorer.ooni.org/m/20260403055847.971045_KR_webconnectivity_c50a8ebedccc2b58
https://www.bnaibrith.org/,ok,https://explorer.ooni.org/m/20260403055849.675689_KR_webconnectivity_2f12d7a221d0b78d
https://www.business-humanrights.org/,ok,https://explorer.ooni.org/m/20260403055850.928522_KR_webconnectivity_b4f5e3cbe009f79c
https://www.exgay.com/,ok,https://explorer.ooni.org/m/20260403055852.312270_KR_webconnectivity_a1b681309ec97309
https://www.ft.com/,ok,https://explorer.ooni.org/m/20260403055854.028031_KR_webconnectivity_6f08e2e80a25a6fe
http://www.glbtqarchive.com/,ok,https://explorer.ooni.org/m/20260403055856.093540_KR_webconnectivity_1becdc77ce9b8abc
https://www.ictj.org/,ok,https://explorer.ooni.org/m/20260403055858.276444_KR_webconnectivity_aa69f536609128f3
https://www.ijm.org/,ok,https://explorer.ooni.org/m/20260403055900.145971_KR_webconnectivity_e29227007cd9a161
https://www.infomigrants.net/,ok,https://explorer.ooni.org/m/20260403055901.793800_KR_webconnectivity_525bd201ce1add26
http://www.inochong.org/,ok,https://explorer.ooni.org/m/20260403055903.872502_KR_webconnectivity_2bd4742bab38b372
http://www.isiswomen.org/,ok,https://explorer.ooni.org/m/20260403055906.601518_KR_webconnectivity_8b5d2ad5b9e8b058
http://www.kqcf.org/,ok,https://explorer.ooni.org/m/20260403055908.285923_KR_webconnectivity_287b0fa521503c3f
http://www.mizzima.com/,ok,https://explorer.ooni.org/m/20260403055909.857524_KR_webconnectivity_2724ac37395dc546
https://www.pinknews.co.uk/,http-failure,https://explorer.ooni.org/m/20260403055911.262843_KR_webconnectivity_709457299e087631
http://www.sp.or.kr/,dns,https://explorer.ooni.org/m/20260403055912.944739_KR_webconnectivity_f431ce6e1408c66a
https://www.unhcr.org/,ok,https://explorer.ooni.org/m/20260403055914.052027_KR_webconnectivity_bd6da8ea543ae774
http://www.vop.co.kr/,error,https://explorer.ooni.org/m/20260403055915.726523_KR_webconnectivity_a4a9a0cc2ab0d674
http://peta.xxx/,dns,https://explorer.ooni.org/m/20260403055916.447577_KR_webconnectivity_79ee146b18f36e8a
https://raw.githubusercontent.com/ooni/spec/master/README.md,dns,https://explorer.ooni.org/m/20260403055921.089474_KR_webconnectivity_8134df819b33571c
https://t.co/,dns,https://explorer.ooni.org/m/20260403055922.913373_KR_webconnectivity_501552cf51b5af5a
http://www.scarleteen.com/,dns,https://explorer.ooni.org/m/20260403055923.929377_KR_webconnectivity_82cd11dcdc2f2434
http://www.suyongso.com/,ok,https://explorer.ooni.org/m/20260403055924.640241_KR_webconnectivity_31c7bcfbd149a5b6
https://albiononline.com/,dns,https://explorer.ooni.org/m/20260403055926.053275_KR_webconnectivity_76fc2e326afc1d55
https://www.zanzu.nl/,dns,https://explorer.ooni.org/m/20260403055925.400694_KR_webconnectivity_f3c2a850a301410a
http://detectportal.firefox.com/success.txt,ok,https://explorer.ooni.org/m/20260403055926.756564_KR_webconnectivity_9c4ae00fd0e9c195
http://phrack.org/,dns,https://explorer.ooni.org/m/20260403055928.146773_KR_webconnectivity_2690566fb1efeb47
https://electrum.org/,dns,https://explorer.ooni.org/m/20260403055927.430322_KR_webconnectivity_26c357448c33048a
https://poki.com/,dns,https://explorer.ooni.org/m/20260403055928.837431_KR_webconnectivity_e592e8551218346e
https://uphold.com/,dns,https://explorer.ooni.org/m/20260403055929.531684_KR_webconnectivity_08afd1d63b7022f7
https://www.binance.com/,dns,https://explorer.ooni.org/m/20260403055930.231191_KR_webconnectivity_2da1b3718b7d72ef
https://www.chess.com/,dns,https://explorer.ooni.org/m/20260403055931.019320_KR_webconnectivity_5793d78f534059cb
https://www.coolmathgames.com/,dns,https://explorer.ooni.org/m/20260403055931.742491_KR_webconnectivity_efcc0f340bdb2582
https://www.gamespot.com/,dns,https://explorer.ooni.org/m/20260403055932.475497_KR_webconnectivity_1b550512202e5ed1
https://www.reddit.com/,dns,https://explorer.ooni.org/m/20260403055933.145717_KR_webconnectivity_9e4416867bc4a57f
https://www.xbox.com/,dns,https://explorer.ooni.org/m/20260403055933.877224_KR_webconnectivity_cd25a5886c0d435a
https://i.pinimg.com/236x/78/6e/00/786e00eab219eca59803d118fbe0feb3.jpg,ok,https://explorer.ooni.org/m/20260403055935.698610_KR_webconnectivity_6076c86b257181b6
https://joinmastodon.org/,ok,https://explorer.ooni.org/m/20260403055937.834682_KR_webconnectivity_9f3cb5eea6f72401
https://locals.com/,ok,https://explorer.ooni.org/m/20260403055940.794411_KR_webconnectivity_870e67db0f15011a
https://mastodon.cloud/,ok,https://explorer.ooni.org/m/20260403055942.651652_KR_webconnectivity_aed83d6c6cdc0425
https://mstdn.io/,ok,https://explorer.ooni.org/m/20260403055944.616518_KR_webconnectivity_26d64ae10304574b
https://mstdn.jp/,ok,https://explorer.ooni.org/m/20260403055946.704538_KR_webconnectivity_c90a112ff74dca61
https://pbs.twimg.com/profile_images/941658150889054208/lFeD3554_200x200.jpg,ok,https://explorer.ooni.org/m/20260403055948.425837_KR_webconnectivity_884e36baa4efc510
https://pixelfed.social/,ok,https://explorer.ooni.org/m/20260403055949.820005_KR_webconnectivity_ce68cb559b1eb9b2
https://s.pinimg.com/robots.txt,ok,https://explorer.ooni.org/m/20260403055951.687640_KR_webconnectivity_9cb021fa863d5dc6
https://scontent-vie1-1.cdninstagram.com/favicon.ico,ok,https://explorer.ooni.org/m/20260403055954.134873_KR_webconnectivity_f270db04f865d514
https://untappd.com/,ok,https://explorer.ooni.org/m/20260403055956.569245_KR_webconnectivity_1005142e56a4570b
https://video.twimg.com/tweet_video/EC6DSXDXsAEhHAa.mp4,ok,https://explorer.ooni.org/m/20260403055958.669956_KR_webconnectivity_9dafed7a0a903591
https://www.hootsuite.com/,ok,https://explorer.ooni.org/m/20260403060000.361896_KR_webconnectivity_516d82c1bb636b6e
https://www.linkedin.com/,ok,https://explorer.ooni.org/m/20260403060002.485972_KR_webconnectivity_38c4b62c2b9c535e
https://www.minds.com/,ok,https://explorer.ooni.org/m/20260403060008.854686_KR_webconnectivity_4ee0a2b10f6ce3da
https://www.patreon.com/,ok,https://explorer.ooni.org/m/20260403060010.836951_KR_webconnectivity_6a6b168b25ecfbe2
https://app.element.io/,ok,https://explorer.ooni.org/m/20260403060012.878768_KR_webconnectivity_df3b482ba8cb597d
https://telegram.org/,dns,https://explorer.ooni.org/m/20260403060011.538921_KR_webconnectivity_04069adfdf5186de
https://imgur.com/,dns,https://explorer.ooni.org/m/20260403060013.536651_KR_webconnectivity_6b59839682e70bf9
https://journals.lww.com/,ok,https://explorer.ooni.org/m/20260403060014.731762_KR_webconnectivity_818ab216f44ed651
https://kick.com/,dns,https://explorer.ooni.org/m/20260403060015.445527_KR_webconnectivity_5bd2387ff45a7123
https://matrix-client.matrix.org/_matrix/client/versions,ok,https://explorer.ooni.org/m/20260403060016.756027_KR_webconnectivity_cdcc2d249bbe6b3d
https://mmg.whatsapp.net/robots.txt,ok,https://explorer.ooni.org/m/20260403060018.237725_KR_webconnectivity_ca4e83b25eaeb14f
https://odysee.com/,ok,https://explorer.ooni.org/m/20260403060019.904850_KR_webconnectivity_5324b94067e14d6d
http://onairkorean.tv/,dns,https://explorer.ooni.org/m/20260403060020.941026_KR_webconnectivity_8d840ecd577a1b7a
https://st1.zoom.us/zoom.ico,ok,https://explorer.ooni.org/m/20260403060022.304496_KR_webconnectivity_b1c7fe9c3315ae18
https://www.deepseek.com/,dns,https://explorer.ooni.org/m/20260403060022.969876_KR_webconnectivity_667d8dc70f17c34b
http://www.dogpile.com/,ok,https://explorer.ooni.org/m/20260403060024.446354_KR_webconnectivity_3b60d827314c1b80
https://www.health.com/,ok,https://explorer.ooni.org/m/20260403060025.535993_KR_webconnectivity_eda557d84d9779be
https://www.msf.org/,ok,https://explorer.ooni.org/m/20260403060026.939949_KR_webconnectivity_0b0e381ef2bf1036
http://www.transwhiz.com/,tcp_ip,https://explorer.ooni.org/m/20260403060028.215275_KR_webconnectivity_229cccf8a205b264
http://www.zzn.com/,ok,https://explorer.ooni.org/m/20260403060030.379963_KR_webconnectivity_09168cb4c426fe46
http://416family.org/,ok,https://explorer.ooni.org/m/20260403060032.356697_KR_webconnectivity_e39ad3ee96d7a8ec
https://abortion-pills.org/,http-failure,https://explorer.ooni.org/m/20260403060033.748510_KR_webconnectivity_781b245444ec2b39
https://defenddefenders.org/,ok,https://explorer.ooni.org/m/20260403060034.984235_KR_webconnectivity_7dd201934b3946e8
https://download.cnet.com/,dns,https://explorer.ooni.org/m/20260403060035.688392_KR_webconnectivity_59ddd52cedd9b676
https://equal-eyes.org/,ok,https://explorer.ooni.org/m/20260403060038.310731_KR_webconnectivity_7a4bd258a69858d0
https://eztv.re/,dns,https://explorer.ooni.org/m/20260403060039.084929_KR_webconnectivity_c2e5950a615ac222
https://foreignpolicy.com/,ok,https://explorer.ooni.org/m/20260403060041.211731_KR_webconnectivity_3cc55161488eb51c
https://globalvoices.org/,error,https://explorer.ooni.org/m/20260403060044.423749_KR_webconnectivity_2a084b3b6a40469f
http://hcy.jinbo.net/,ok,https://explorer.ooni.org/m/20260403060046.220560_KR_webconnectivity_c3dbe626ea3cc151
http://joins.com/,ok,https://explorer.ooni.org/m/20260403060047.421370_KR_webconnectivity_589ef0ac9f4eb60e
http://lambdalegal.org/,ok,https://explorer.ooni.org/m/20260403060049.626774_KR_webconnectivity_2068410c2b01e558
http://leftworkers.org/,ok,https://explorer.ooni.org/m/20260403060051.757385_KR_webconnectivity_8c9875704db1dee6
https://lgbtvacationplanners.com/,error,https://explorer.ooni.org/m/20260403060053.441627_KR_webconnectivity_cf45c6ce745909c9
http://napo.jinbo.net/,ok,https://explorer.ooni.org/m/20260403060056.368732_KR_webconnectivity_a75e4f1266218017
https://newalbumreleases.net/,dns,https://explorer.ooni.org/m/20260403060103.523462_KR_webconnectivity_75d9cdba64d90f57
https://nypost.com/,ok,https://explorer.ooni.org/m/20260403060107.306537_KR_webconnectivity_d5329804e405e684
https://onionshare.org/,ok,https://explorer.ooni.org/m/20260403060109.612263_KR_webconnectivity_a4e0c9eb74b32aab
https://opennet.net/,ok,https://explorer.ooni.org/m/20260403060114.372410_KR_webconnectivity_0f1d6955610747b7
http://opennet.or.kr/,ok,https://explorer.ooni.org/m/20260403060122.399390_KR_webconnectivity_a9e10bc20f0f118d
https://otr.cypherpunks.ca/,ok,https://explorer.ooni.org/m/20260403060124.836816_KR_webconnectivity_c416d50ef923d967
https://ourworldindata.org/,ok,https://explorer.ooni.org/m/20260403060126.930707_KR_webconnectivity_69c76843c2c3c107
http://outpridekorea.com/,dns,https://explorer.ooni.org/m/20260403060142.737131_KR_webconnectivity_b7feaa6593f001c7
https://outrightinternational.org/,ok,https://explorer.ooni.org/m/20260403060147.449895_KR_webconnectivity_c2cbf41195fdeb53
http://peacekorea.org/,ok,https://explorer.ooni.org/m/20260403060150.049539_KR_webconnectivity_6f67df48060b6240
https://pirateparty.org.au/,ok,https://explorer.ooni.org/m/20260403060151.705953_KR_webconnectivity_814ab290768973f4
http://poor.jinbo.net/,ok,https://explorer.ooni.org/m/20260403060154.662956_KR_webconnectivity_306e03c3c73cd13d
http://ppss.kr/,ok,https://explorer.ooni.org/m/20260403060159.837924_KR_webconnectivity_afbc925b7d92c6a6
https://pridesource.com/,ok,https://explorer.ooni.org/m/20260403060202.352417_KR_webconnectivity_00b5532426d2cd3f
https://prism-break.org/,ok,https://explorer.ooni.org/m/20260403060204.381849_KR_webconnectivity_4ae644e482887350
https://proton.me/,ok,https://explorer.ooni.org/m/20260403060208.694189_KR_webconnectivity_7c58f28ce72055d4
https://protonvpn.com/,http-failure,https://explorer.ooni.org/m/20260403060229.931991_KR_webconnectivity_d6acc6524debb616
http://proxy.org/,dns,https://explorer.ooni.org/m/20260403060246.003905_KR_webconnectivity_35e9ee1ab8d60396
http://proxytools.sourceforge.net/,ok,https://explorer.ooni.org/m/20260403060247.267633_KR_webconnectivity_9e31871b3909d0cb
http://pssp.org/,ok,https://explorer.ooni.org/m/20260403060252.362536_KR_webconnectivity_65f0bf71cb67a899
https://queernet-rlp.de/,ok,https://explorer.ooni.org/m/20260403060259.852996_KR_webconnectivity_bc54bbab3f976228
https://radiofreel.gitlab.io/,ok,https://explorer.ooni.org/m/20260403060302.575327_KR_webconnectivity_175a06da8ec8818f
https://reclaimthenet.org/,ok,https://explorer.ooni.org/m/20260403060304.813625_KR_webconnectivity_1a831f0d36a35859
https://reliefweb.int/,ok,https://explorer.ooni.org/m/20260403060308.307109_KR_webconnectivity_c6a86eee573cf9ab
https://remailer.paranoici.org/,http-failure,https://explorer.ooni.org/m/20260403060329.917513_KR_webconnectivity_698dd1bf6f19b62b
https://ren.tv/,ok,https://explorer.ooni.org/m/20260403060333.270483_KR_webconnectivity_df20990f055d685b
https://reproductiverights.org/,ok,https://explorer.ooni.org/m/20260403060341.278018_KR_webconnectivity_157da777ae6dfecb
https://ria.ru/,ok,https://explorer.ooni.org/m/20260403060346.755925_KR_webconnectivity_c0402d46d1544312
http://rodong.rep.kp/,dns,https://explorer.ooni.org/m/20260403060412.780499_KR_webconnectivity_cb7463893febbc24
https://rsf.org/,ok,https://explorer.ooni.org/m/20260403060416.573147_KR_webconnectivity_fb13be1d34c96c39
https://rtr-planeta.com/,ok,https://explorer.ooni.org/m/20260403060422.561385_KR_webconnectivity_4e3e4b58abe06b44
http://sadd.or.kr/,ok,https://explorer.ooni.org/m/20260403060425.610734_KR_webconnectivity_dd4f5ead4cbd4098
https://safeabortionpill.org/,ok,https://explorer.ooni.org/m/20260403060428.723773_KR_webconnectivity_837a7bcd46e661a7
https://safeabortionpills.com/,ok,https://explorer.ooni.org/m/20260403060432.540819_KR_webconnectivity_6360e1cea356288b
http://samugol.net/,ok,https://explorer.ooni.org/m/20260403060434.698710_KR_webconnectivity_fb778d0e0387d8ce
https://sandbox.cryptpad.info/,ok,https://explorer.ooni.org/m/20260403060437.433622_KR_webconnectivity_737393d2e2927c71
https://sea-watch.org/,ok,https://explorer.ooni.org/m/20260403060441.458883_KR_webconnectivity_3cca8027851e0272
http://seapa.wordpress.com/,ok,https://explorer.ooni.org/m/20260403060443.465745_KR_webconnectivity_356cbf5a1e8f8b8d
https://secfirst.org/,error,https://explorer.ooni.org/m/20260403060445.565420_KR_webconnectivity_0f65cee30cc28130
https://secure.avaaz.org/,ok,https://explorer.ooni.org/m/20260403060447.537147_KR_webconnectivity_e660445d6d470ba8
http://seoul.nodong.org/,ok,https://explorer.ooni.org/m/20260403060450.669167_KR_webconnectivity_89733bfaae0d8e6f
http://service.nodong.org/,ok,https://explorer.ooni.org/m/20260403060457.736958_KR_webconnectivity_e3b57a060cd6bb8e
http://sewolho416.org/,ok,https://explorer.ooni.org/m/20260403060501.989917_KR_webconnectivity_f0856807d9522ca8
https://slashdot.org/,ok,https://explorer.ooni.org/m/20260403060504.168715_KR_webconnectivity_1577e4244c3078d8
https://slate.com/,ok,https://explorer.ooni.org/m/20260403060505.892387_KR_webconnectivity_bbaf7a08e3926ffc
http://slownews.kr/,ok,https://explorer.ooni.org/m/20260403060507.987234_KR_webconnectivity_7fc586bfebff86e1
https://southfeministfutures.org/,ok,https://explorer.ooni.org/m/20260403060511.116322_KR_webconnectivity_eb85fe482e170e00
https://sputniknews.cn/,ok,https://explorer.ooni.org/m/20260403060517.026155_KR_webconnectivity_47cf32bc3cdd6b48
https://sputniknews.com/,http-failure,https://explorer.ooni.org/m/20260403060520.439187_KR_webconnectivity_bf5124f9a076fa45
https://ssd.eff.org/,ok,https://explorer.ooni.org/m/20260403060523.302745_KR_webconnectivity_5ac409d7535c0265
https://substack.com/,ok,https://explorer.ooni.org/m/20260403060525.387400_KR_webconnectivity_3011f0275f2766f1
http://surprise.or.kr/board/,ok,https://explorer.ooni.org/m/20260403060528.218745_KR_webconnectivity_0ef81cfb8d19a7d9
https://tacticaltech.org/,ok,https://explorer.ooni.org/m/20260403060533.880746_KR_webconnectivity_10ef48871cf4d1b8
https://tails.net/,ok,https://explorer.ooni.org/m/20260403060536.632423_KR_webconnectivity_95de6dd29a1d4bbb
https://tdov.org/,ok,https://explorer.ooni.org/m/20260403060538.815979_KR_webconnectivity_cca81233f394aa50
https://theglobalobservatory.org/,ok,https://explorer.ooni.org/m/20260403060541.422911_KR_webconnectivity_94464aa119096a47
http://theimpeter.com/,error,https://explorer.ooni.org/m/20260403060558.650181_KR_webconnectivity_4bd8440b2ec6969b
https://theintercept.com/,ok,https://explorer.ooni.org/m/20260403060600.873432_KR_webconnectivity_3009d9bea0fa22e0
https://threema.ch/,ok,https://explorer.ooni.org/m/20260403060607.167502_KR_webconnectivity_a744e360be5efc79
https://timcast.com/,ok,https://explorer.ooni.org/m/20260403060611.019255_KR_webconnectivity_6a8c8c27f302976e
https://timesofindia.indiatimes.com/,ok,https://explorer.ooni.org/m/20260403060614.239767_KR_webconnectivity_b0c2eff8c00efadf
http://torrentdada.com/,dns,https://explorer.ooni.org/m/20260403060615.029214_KR_webconnectivity_c36e8298f43ca3b4
http://torrentgogo.com/,ok,https://explorer.ooni.org/m/20260403060615.793886_KR_webconnectivity_539b3f610e40d8f1
http://torters.com/,dns,https://explorer.ooni.org/m/20260403060616.607533_KR_webconnectivity_0ee4de5ac8bcbaec
https://transequality.org/,ok,https://explorer.ooni.org/m/20260403060621.181608_KR_webconnectivity_cac4cd68af28f84f
http://transparency.or.kr/,ok,https://explorer.ooni.org/m/20260403060624.721450_KR_webconnectivity_40f8cfb43f6ae571
http://twokoreas.blogspot.com/,ok,https://explorer.ooni.org/m/20260403060627.875008_KR_webconnectivity_c00292b02a4ba979
https://tyt.com/,ok,https://explorer.ooni.org/m/20260403060632.224875_KR_webconnectivity_aa6b6ab258024d51
https://unpo.org/,ok,https://explorer.ooni.org/m/20260403060637.739458_KR_webconnectivity_eef18ea19a2f4597
https://unwatch.org/,ok,https://explorer.ooni.org/m/20260403060642.434337_KR_webconnectivity_b5cd5c68083f5d84
https://urgentactionfund.org/,ok,https://explorer.ooni.org/m/20260403060647.888783_KR_webconnectivity_e4f303ac179e00c8
https://veracrypt.fr/,ok,https://explorer.ooni.org/m/20260403060652.066539_KR_webconnectivity_9dddabe0c7b20693
https://vgtrk.ru/,ok,https://explorer.ooni.org/m/20260403060656.319915_KR_webconnectivity_4012c50f0fe216a3
http://viewsnnews.com/,ok,https://explorer.ooni.org/m/20260403060701.843810_KR_webconnectivity_641452be44f195bd
http://vok.rep.kp/,dns,https://explorer.ooni.org/m/20260403060707.598063_KR_webconnectivity_1a1f620a61d9dee8
https://vuejs.org/,ok,https://explorer.ooni.org/m/20260403060709.986164_KR_webconnectivity_e1f42980dbb3a74c
http://wcollar.tistory.com/308,ok,https://explorer.ooni.org/m/20260403060711.847756_KR_webconnectivity_194467c3cf8133d2
https://wearechange.org/,ok,https://explorer.ooni.org/m/20260403060714.568742_KR_webconnectivity_4c39d449f6377860
https://wedo.org/,ok,https://explorer.ooni.org/m/20260403060721.000040_KR_webconnectivity_4eae234b2ef35230
https://wfrtds.org/,ok,https://explorer.ooni.org/m/20260403060724.356487_KR_webconnectivity_465959b2c20a8ccf
https://whrdic.org/,ok,https://explorer.ooni.org/m/20260403060728.341671_KR_webconnectivity_4ab8a5da740a90f0
https://wickr.com/,ok,https://explorer.ooni.org/m/20260403060731.187601_KR_webconnectivity_db20466b83ba069d
https://wikileaks.org/,ok,https://explorer.ooni.org/m/20260403060734.648081_KR_webconnectivity_154c17533e0fba9d
https://women-on-web.kr/,ok,https://explorer.ooni.org/m/20260403060738.409422_KR_webconnectivity_60f07555dd2ae8ad
https://womeninblack.org/,ok,https://explorer.ooni.org/m/20260403060743.705588_KR_webconnectivity_505623a515ebcbeb
http://workingvoice.net/,ok,https://explorer.ooni.org/m/20260403060747.894568_KR_webconnectivity_e25148abbf8ed859
https://world.internationalism.org/,ok,https://explorer.ooni.org/m/20260403060750.623550_KR_webconnectivity_56834affd8129761
https://www.1tv.ru/,ok,https://explorer.ooni.org/m/20260403060755.535886_KR_webconnectivity_a8a4d31b4ec7f1d7
http://www.2016change.net/,ok,https://explorer.ooni.org/m/20260403060801.522615_KR_webconnectivity_f418bbd873436626
https://www.404media.co/,ok,https://explorer.ooni.org/m/20260403060803.559488_KR_webconnectivity_75fbfa91aefa695d
https://www.access-unlocked.org/,ok,https://explorer.ooni.org/m/20260403060806.171468_KR_webconnectivity_68443fafef0ed508
https://www.accessnow.org/,ok,https://explorer.ooni.org/m/20260403060809.572329_KR_webconnectivity_361dec55d7f92087
https://www.afp.com/,ok,https://explorer.ooni.org/m/20260403060812.554063_KR_webconnectivity_00f9b88e01ad8a00
https://www.ahram.org.eg/,ok,https://explorer.ooni.org/m/20260403060856.017058_KR_webconnectivity_8322bed7be0e4f15
https://www.alarabiya.net/,ok,https://explorer.ooni.org/m/20260403060858.053736_KR_webconnectivity_17090a501976bc59
https://www.alhurra.com/,ok,https://explorer.ooni.org/m/20260403060900.669924_KR_webconnectivity_baed78766de80359
https://www.aljazeera.com/,ok,https://explorer.ooni.org/m/20260403060903.554380_KR_webconnectivity_61c003f7108eb2d8
https://www.aljazeera.net/,ok,https://explorer.ooni.org/m/20260403060907.004617_KR_webconnectivity_41ab2fbabcc4b8ea
https://www.almanar.com.lb/,ok,https://explorer.ooni.org/m/20260403060924.345456_KR_webconnectivity_fee558a3bccf6ccb
http://www.amnesty.or.kr/,ok,https://explorer.ooni.org/m/20260403060930.125950_KR_webconnectivity_40af014772b7ca5b
https://www.amnesty.org/,ok,https://explorer.ooni.org/m/20260403060932.752020_KR_webconnectivity_0936429ebbf708cd
https://www.amnestyusa.org/,ok,https://explorer.ooni.org/m/20260403060937.600191_KR_webconnectivity_63a22c009bdc99a0
http://www.amrc.org.hk/,ok,https://explorer.ooni.org/m/20260403060940.585875_KR_webconnectivity_e479211e34c1ad37
http://www.anarclan.net/,ok,https://explorer.ooni.org/m/20260403060942.427106_KR_webconnectivity_6d1cf837d4b88ace
https://www.apt.ch/,ok,https://explorer.ooni.org/m/20260403060946.616103_KR_webconnectivity_d53b46a174eb3e3f
http://www.apwld.org/,http-failure,https://explorer.ooni.org/m/20260403060954.266874_KR_webconnectivity_3d6ae56c3c9b4242
http://www.arrc-hre.com/,ok,https://explorer.ooni.org/m/20260403061013.178839_KR_webconnectivity_48de208113491174
http://www.asia-daily.com/,ok,https://explorer.ooni.org/m/20260403061016.630544_KR_webconnectivity_61c9e2b8d2d27524
http://www.asiafoundation.org/,ok,https://explorer.ooni.org/m/20260403061017.954323_KR_webconnectivity_c6d206f862cab4d3
http://www.asiamedia.ucla.edu/,tcp_ip,https://explorer.ooni.org/m/20260403061104.047668_KR_webconnectivity_0121f0f981b9e1b9
http://www.asian-migrants.org/,http-failure,https://explorer.ooni.org/m/20260403061107.593059_KR_webconnectivity_408ae9c0d2a3c1df
https://www.awid.org/,ok,https://explorer.ooni.org/m/20260403061109.034258_KR_webconnectivity_f10186a6c50ee760
https://www.bbc.co.uk/,ok,https://explorer.ooni.org/m/20260403061112.117487_KR_webconnectivity_74b4c7391fd49177
https://www.bbc.com/,ok,https://explorer.ooni.org/m/20260403061114.925058_KR_webconnectivity_3ddf43ac7d776dea
https://www.benarnews.org/,ok,https://explorer.ooni.org/m/20260403061117.800654_KR_webconnectivity_de8e2269d250ffbf
https://www.benedelman.org/,ok,https://explorer.ooni.org/m/20260403061120.892895_KR_webconnectivity_7173a07d00f0444d
http://www.bicommunitynews.co.uk/,ok,https://explorer.ooni.org/m/20260403061127.188056_KR_webconnectivity_64188c311a45e826
https://www.bitmask.net/,ok,https://explorer.ooni.org/m/20260403061131.577987_KR_webconnectivity_a236bd9b6c346671
https://www.brookings.edu/,ok,https://explorer.ooni.org/m/20260403061133.555872_KR_webconnectivity_33ee88a3a55c64b3
https://www.btselem.org/,ok,https://explorer.ooni.org/m/20260403061136.826883_KR_webconnectivity_8b31e7f57ed0c2f0
http://www.buddy79.com/,ok,https://explorer.ooni.org/m/20260403061139.706691_KR_webconnectivity_02b050095af59c61
https://www.buzzfeed.com/,ok,https://explorer.ooni.org/m/20260403061141.936142_KR_webconnectivity_1d9dee1f362d43db
https://www.caritas.org/,ok,https://explorer.ooni.org/m/20260403061145.838944_KR_webconnectivity_479baf82e36d51ef
https://www.cartercenter.org/,ok,https://explorer.ooni.org/m/20260403061149.589762_KR_webconnectivity_a121cdeb792a5a04
https://www.cbc.ca/,ok,https://explorer.ooni.org/m/20260403061152.469811_KR_webconnectivity_c2895d408e676c47
https://www.cbsnews.com/,ok,https://explorer.ooni.org/m/20260403061156.130134_KR_webconnectivity_9b7c529fe42423e4
http://www.ccdm.or.kr/,ok,https://explorer.ooni.org/m/20260403061158.947917_KR_webconnectivity_a3a454f1f20c63f5
http://www.cesr.org/,ok,https://explorer.ooni.org/m/20260403061201.795794_KR_webconnectivity_f630eb15e5869e9c
https://www.cfr.org/,ok,https://explorer.ooni.org/m/20260403061204.414456_KR_webconnectivity_ff13dd2155b099c7
https://www.cgtn.com/,ok,https://explorer.ooni.org/m/20260403061208.152754_KR_webconnectivity_eb39d5f0a1067b66
https://www.change.org/,ok,https://explorer.ooni.org/m/20260403061211.164615_KR_webconnectivity_9c6422f4b18aec25
http://www.channelnewsasia.com/,ok,https://explorer.ooni.org/m/20260403061213.788636_KR_webconnectivity_7555d89300948fd7
https://www.childrensdefense.org/,ok,https://explorer.ooni.org/m/20260403061215.922888_KR_webconnectivity_135f37df0041047c
https://www.chinadaily.com.cn/,ok,https://explorer.ooni.org/m/20260403061218.596952_KR_webconnectivity_1a0379c3015fdf70
https://www.chinatimes.com/,ok,https://explorer.ooni.org/m/20260403061220.642935_KR_webconnectivity_03629e119b516d33
http://www.chingusai.net/,dns,https://explorer.ooni.org/m/20260403061224.406659_KR_webconnectivity_7609bed7de1c6928
http://www.chosun.com/,ok,https://explorer.ooni.org/m/20260403061228.994996_KR_webconnectivity_f9f3bcef88faaf68
https://www.cnbc.com/,ok,https://explorer.ooni.org/m/20260403061232.091466_KR_webconnectivity_b43750f185932f9d
http://www.cnnasiapacific.com/,tcp_ip,https://explorer.ooni.org/m/20260403061303.839842_KR_webconnectivity_803183b92a17f1a2
https://www.cpj.org/,ok,https://explorer.ooni.org/m/20260403061307.006740_KR_webconnectivity_7c54b47a72f5d043
https://www.crisisgroup.org/,ok,https://explorer.ooni.org/m/20260403061310.590993_KR_webconnectivity_93fa2d8c97072a8a
https://www.csmonitor.com/,ok,https://explorer.ooni.org/m/20260403061314.029364_KR_webconnectivity_92f3316644891ddf
https://www.currenttime.tv/,ok,https://explorer.ooni.org/m/20260403061317.600536_KR_webconnectivity_1bbd40c44edac1b2
http://www.cwgl.rutgers.edu/,ok,https://explorer.ooni.org/m/20260403061321.907919_KR_webconnectivity_edfc7ca563bd1335
https://www.dailymail.co.uk/,ok,https://explorer.ooni.org/m/20260403061325.736375_KR_webconnectivity_6e11126f95825c76
https://www.dailysabah.com/,ok,https://explorer.ooni.org/m/20260403061329.695461_KR_webconnectivity_d55ab01555ce0139
https://www.dailywire.com/,ok,https://explorer.ooni.org/m/20260403061332.128003_KR_webconnectivity_753570d8efcee0fd
https://www.dd-rd.ca/,ok,https://explorer.ooni.org/m/20260403061334.256360_KR_webconnectivity_becc988cf54a3f2f
http://www.ddanzi.com/,ok,https://explorer.ooni.org/m/20260403061337.447715_KR_webconnectivity_f66f38a9865152e3
https://www.democracycaucus.net/,error,https://explorer.ooni.org/m/20260403061437.747781_KR_webconnectivity_01fee0cca993151e
https://www.democracynow.org/,ok,https://explorer.ooni.org/m/20260403061443.029411_KR_webconnectivity_1ff47df1e478a36f
https://www.derechos.org/,ok,https://explorer.ooni.org/m/20260403061446.871643_KR_webconnectivity_c8261dd4cc669fe3
https://www.disabilityrightsfund.org/,ok,https://explorer.ooni.org/m/20260403061449.103517_KR_webconnectivity_7eb9dda1ebf800aa
http://www.donga.com/,ok,https://explorer.ooni.org/m/20260403061454.060764_KR_webconnectivity_2380bca04e82dd6b
https://www.dopplr.com/,ok,https://explorer.ooni.org/m/20260403061456.789869_KR_webconnectivity_076d5d760aabdd4c
https://www.doriafeministfund.org/,ok,https://explorer.ooni.org/m/20260403061458.561607_KR_webconnectivity_66ea11f4c34cc74d
http://www.drudgereport.com/,ok,https://explorer.ooni.org/m/20260403061501.176336_KR_webconnectivity_0e95c3323eb19a5c
https://www.dw.com/,ok,https://explorer.ooni.org/m/20260403061508.309553_KR_webconnectivity_2e364fbff8d2e1b5
http://www.ebn.co.kr/,ok,https://explorer.ooni.org/m/20260403061512.454777_KR_webconnectivity_20745c20b1142dbb
http://www.ecequality.org/,ok,https://explorer.ooni.org/m/20260403061515.501102_KR_webconnectivity_db76fada388a53c5
http://www.eduhope.net/,ok,https://explorer.ooni.org/m/20260403061522.774863_KR_webconnectivity_70f7bf51bc0a694a
https://www.eff.org/,ok,https://explorer.ooni.org/m/20260403061524.998688_KR_webconnectivity_8ecf9593e6748640
https://www.eluniversal.com/,ok,https://explorer.ooni.org/m/20260403061529.456783_KR_webconnectivity_64173572a12ed8c1
https://www.endfgm.eu/,ok,https://explorer.ooni.org/m/20260403061533.826104_KR_webconnectivity_93aec6feb0e471b3
http://www.equaline.or.kr/,ok,https://explorer.ooni.org/m/20260403061539.720999_KR_webconnectivity_90e37e14f23358b2
https://www.euronews.com/,ok,https://explorer.ooni.org/m/20260403061541.639323_KR_webconnectivity_278dded1b4516991
https://www.exitinternational.net/,ok,https://explorer.ooni.org/m/20260403061547.440307_KR_webconnectivity_5d95899a8b4632e4
https://www.expressvpn.com/,ok,https://explorer.ooni.org/m/20260403061551.557764_KR_webconnectivity_354a687289cd5ade
https://www.f-secure.com/,http-failure,https://explorer.ooni.org/m/20260403061612.827392_KR_webconnectivity_b104053ade5a72b7
https://www.familyequality.org/,ok,https://explorer.ooni.org/m/20260403061615.550426_KR_webconnectivity_b8fbecb5cfca1b5a
https://www.feminist.com/,ok,https://explorer.ooni.org/m/20260403061620.478009_KR_webconnectivity_a6144a64975d9d9b
https://www.fidh.org/,ok,https://explorer.ooni.org/m/20260403061624.208629_KR_webconnectivity_e7071f21174363cf
http://www.fktu.or.kr/,ok,https://explorer.ooni.org/m/20260403061632.171240_KR_webconnectivity_32ba90113688e4d1
https://www.fondationdefrance.org/,ok,https://explorer.ooni.org/m/20260403061636.164328_KR_webconnectivity_cac9dba0fd58f844
https://www.forbes.com/,ok,https://explorer.ooni.org/m/20260403061638.196774_KR_webconnectivity_abf61ab0c344bf09
https://www.fordfoundation.org/,ok,https://explorer.ooni.org/m/20260403061640.176243_KR_webconnectivity_131a86a3dd420015
https://www.forum18.org/,ok,https://explorer.ooni.org/m/20260403061644.042578_KR_webconnectivity_010669779e78afb9
https://www.foxnews.com/,ok,https://explorer.ooni.org/m/20260403061646.339020_KR_webconnectivity_4ca8bb11ebc1d625
https://www.france24.com/,ok,https://explorer.ooni.org/m/20260403061649.265041_KR_webconnectivity_201dd731a5b25421
https://www.francemediasmonde.com/,ok,https://explorer.ooni.org/m/20260403061654.285659_KR_webconnectivity_428c6591467dab65
http://www.freeexpression.org/,ok,https://explorer.ooni.org/m/20260403061659.055535_KR_webconnectivity_fc65bffe35af892a
https://www.freespeech.com/,ok,https://explorer.ooni.org/m/20260403061703.976335_KR_webconnectivity_c67cfb5925527e1d
https://www.frontlinedefenders.org/,ok,https://explorer.ooni.org/m/20260403061707.313525_KR_webconnectivity_1a484c633c7a9560
http://www.ftchinese.com/,ok,https://explorer.ooni.org/m/20260403061708.871165_KR_webconnectivity_6e4731374fbf41a5
http://www.gayscape.com/,dns,https://explorer.ooni.org/m/20260403061711.741346_KR_webconnectivity_9d43811a6784f504
https://www.gearthblog.com/,ok,https://explorer.ooni.org/m/20260403061714.828814_KR_webconnectivity_d4d9563f56a8af26
https://www.genderit.org/,ok,https://explorer.ooni.org/m/20260403061717.926825_KR_webconnectivity_1e861187d3353e1d
https://www.getoutline.org/,ok,https://explorer.ooni.org/m/20260403061720.442670_KR_webconnectivity_196206c075f90ea2
https://www.girlsnotbrides.org/,ok,https://explorer.ooni.org/m/20260403061724.537410_KR_webconnectivity_2b897f74d87a4041
http://www.glaad.org/,ok,https://explorer.ooni.org/m/20260403061730.986091_KR_webconnectivity_2b5e13f253a258cf
https://www.globaleaks.org/,ok,https://explorer.ooni.org/m/20260403061735.658145_KR_webconnectivity_b91815cc73a96407
https://www.globalfundforwomen.org/,ok,https://explorer.ooni.org/m/20260403061737.898561_KR_webconnectivity_614a036aac6e9db9
http://www.globalgayz.com/g-korea.html,ok,https://explorer.ooni.org/m/20260403061743.833499_KR_webconnectivity_3670f97d19baed3f
http://www.globalr2p.org/,ok,https://explorer.ooni.org/m/20260403061747.196912_KR_webconnectivity_1b7e789b2687bb30
https://www.glsen.org/,ok,https://explorer.ooni.org/m/20260403061750.789021_KR_webconnectivity_4b21a60adccc149d
http://www.gmhc.org/,ok,https://explorer.ooni.org/m/20260403061755.769193_KR_webconnectivity_83f1386e68fb5be7
https://www.gnu.org/,ok,https://explorer.ooni.org/m/20260403061814.262977_KR_webconnectivity_8b0f6fe74a9fdfbf
https://www.gnupg.org/,ok,https://explorer.ooni.org/m/20260403061817.959616_KR_webconnectivity_3cc9d22d08247c54
http://www.gobalnews.com/,ok,https://explorer.ooni.org/m/20260403061822.575692_KR_webconnectivity_e5ec5d6cd5f34b16
http://www.granma.cu/,ok,https://explorer.ooni.org/m/20260403061832.816778_KR_webconnectivity_5c671fd907a1238b
https://www.haaretz.com/,ok,https://explorer.ooni.org/m/20260403061835.680272_KR_webconnectivity_e642f4ebdd9a52c4
http://www.hani.co.kr/,ok,https://explorer.ooni.org/m/20260403061838.210486_KR_webconnectivity_2eb20136e0d94d54
http://www.hankooki.com/,ok,https://explorer.ooni.org/m/20260403061843.526854_KR_webconnectivity_ca9f5a10749ade05
http://www.hellodd.com/,ok,https://explorer.ooni.org/m/20260403061849.477759_KR_webconnectivity_f9cca7b8e07e1305
https://www.herdict.org/,ok,https://explorer.ooni.org/m/20260403061853.485823_KR_webconnectivity_ed9925d342c5eee7
https://www.heritage.org/,ok,https://explorer.ooni.org/m/20260403061855.637159_KR_webconnectivity_539bf3634dc517a9
https://www.heyjane.com/,ok,https://explorer.ooni.org/m/20260403061857.611959_KR_webconnectivity_bfbe2c60b9c46a25
http://www.hizb-ut-tahrir.org/,dns,https://explorer.ooni.org/m/20260403061943.564907_KR_webconnectivity_9eeda26600f23560
http://www.hopeandlaw.org/,ok,https://explorer.ooni.org/m/20260403061947.311519_KR_webconnectivity_35a9e0fe50425221
http://www.hotline.or.kr/,ok,https://explorer.ooni.org/m/20260403061952.523903_KR_webconnectivity_25358e7d381c03c1
http://www.hrc.org/,ok,https://explorer.ooni.org/m/20260403061956.500584_KR_webconnectivity_73012bf929317027
http://www.hrea.org/,ok,https://explorer.ooni.org/m/20260403062000.598184_KR_webconnectivity_fa2a1d47bf221cbc
https://www.hrw.org/,ok,https://explorer.ooni.org/m/20260403062002.323661_KR_webconnectivity_4962f5741854605d
https://www.hrw.org/asia/south-korea,ok,https://explorer.ooni.org/m/20260403062004.238271_KR_webconnectivity_9c51642f7bf05a2e
https://www.huffpost.com/,ok,https://explorer.ooni.org/m/20260403062006.362326_KR_webconnectivity_e2754f32444b19fe
https://www.humanrightsconnected.org/,ok,https://explorer.ooni.org/m/20260403062009.283027_KR_webconnectivity_c823dfd1f2ca51a5
http://www.humanrightsfirst.org/,ok,https://explorer.ooni.org/m/20260403062012.433769_KR_webconnectivity_c6b4ce19099ef57a
http://www.i615.net/,error,https://explorer.ooni.org/m/20260403062018.527650_KR_webconnectivity_02d282236d54fd44
http://www.iaffe.org/,ok,https://explorer.ooni.org/m/20260403062020.999299_KR_webconnectivity_1f1a358079278cd6
https://www.icc-cpi.int/,ok,https://explorer.ooni.org/m/20260403062022.996171_KR_webconnectivity_0946d34dc85a80fb
https://www.icij.org/,ok,https://explorer.ooni.org/m/20260403062027.822953_KR_webconnectivity_4eeb9b6f3b616d17
http://www.icrw.org/,ok,https://explorer.ooni.org/m/20260403062029.829143_KR_webconnectivity_db96ac160af20810
http://www.idea.int/,ok,https://explorer.ooni.org/m/20260403062034.901287_KR_webconnectivity_02777b86c78b3f48
http://www.ifj-asia.org/,tcp_ip,https://explorer.ooni.org/m/20260403062120.653241_KR_webconnectivity_6f6ff7cfb63eb3fa
http://www.ifj.org/,ok,https://explorer.ooni.org/m/20260403062157.098312_KR_webconnectivity_aa9320695b7abf24
https://www.ihrc.org.uk/,ok,https://explorer.ooni.org/m/20260403062203.225921_KR_webconnectivity_1d99d199c5b8159a
https://www.iknowpolitics.org/,ok,https://explorer.ooni.org/m/20260403062211.948795_KR_webconnectivity_d5e9ac50bf62e820
https://www.ilga-europe.org/,ok,https://explorer.ooni.org/m/20260403062217.084050_KR_webconnectivity_412e4bc43f47982d
http://www.ilga.info/,ok,https://explorer.ooni.org/m/20260403062222.427914_KR_webconnectivity_0936e38ee9632da9
http://www.ilga.org/asia/,ok,https://explorer.ooni.org/m/20260403062228.819674_KR_webconnectivity_49e9262071e76c28
http://www.ilo.org/public/english/region/asro/bangkok/child/trafficking/index.htm,ok,https://explorer.ooni.org/m/20260403062232.774006_KR_webconnectivity_afc2c4c9eddce440
https://www.indiatimes.com/,ok,https://explorer.ooni.org/m/20260403062236.541196_KR_webconnectivity_3529cbc80c227f36
http://www.inetprivacy.com/,dns,https://explorer.ooni.org/m/20260403062237.212497_KR_webconnectivity_e7c583818fc936e8
http://www.inews24.com/,ok,https://explorer.ooni.org/m/20260403062241.197358_KR_webconnectivity_5e2d9a009cb44ca7
https://www.infowars.com/,ok,https://explorer.ooni.org/m/20260403062244.344340_KR_webconnectivity_624532a32bacac98
http://www.inkwon.or.kr/,ok,https://explorer.ooni.org/m/20260403062250.405498_KR_webconnectivity_56cab76039a0d325
http://www.inminds.co.uk/,ok,https://explorer.ooni.org/m/20260403062253.909441_KR_webconnectivity_b43f8db7546fbdb3
https://www.ipetitions.com/,ok,https://explorer.ooni.org/m/20260403062257.223504_KR_webconnectivity_13f061b1a52aeacb
http://www.irna.ir/,ok,https://explorer.ooni.org/m/20260403062300.433725_KR_webconnectivity_81141d51f3bfbb36
http://www.islamawareness.net/,ok,https://explorer.ooni.org/m/20260403062304.411609_KR_webconnectivity_a1c311b21bbc08b6
http://www.islamawareness.net/Asia/KoreaSouth/,ok,https://explorer.ooni.org/m/20260403062307.143717_KR_webconnectivity_e2baf29197e84bd9
http://www.islamkorea.com/,ok,https://explorer.ooni.org/m/20260403062316.952031_KR_webconnectivity_f3191ae945505cea
http://www.iwraw-ap.org/,ok,https://explorer.ooni.org/m/20260403062323.032077_KR_webconnectivity_7c9fc7020ed038c5
https://www.iwraw-ap.org/,ok,https://explorer.ooni.org/m/20260403062326.529937_KR_webconnectivity_e6af46d382d0dceb
http://www.japantimes.co.jp/,ok,https://explorer.ooni.org/m/20260403062329.400697_KR_webconnectivity_baa1f3cd9844a10f
http://www.jcmk.org/,ok,https://explorer.ooni.org/m/20260403062335.614986_KR_webconnectivity_3ca4f631d593d9eb
http://www.jhr.ca/,ok,https://explorer.ooni.org/m/20260403062342.841625_KR_webconnectivity_aea3da46bb148b9c
http://www.jinbocorea.org/,ok,https://explorer.ooni.org/m/20260403062351.365048_KR_webconnectivity_5d691cb96e7c9839
http://www.jmarshall.com/,ok,https://explorer.ooni.org/m/20260403062354.310764_KR_webconnectivity_8ed52a911e476417
https://www.jmarshall.com/,ok,https://explorer.ooni.org/m/20260403062356.349807_KR_webconnectivity_9c9b4308270f7063
http://www.kcna.co.jp/,confirmed,https://explorer.ooni.org/m/20260403062359.075341_KR_webconnectivity_a94f74af2b4526a0
http://www.kctu.org/,ok,https://explorer.ooni.org/m/20260403062407.600964_KR_webconnectivity_126666de550b883a
http://www.kdawu.org/,ok,https://explorer.ooni.org/m/20260403062410.867323_KR_webconnectivity_09db7bc25812a085
http://www.kdlp.org/,ok,https://explorer.ooni.org/m/20260403062414.131328_KR_webconnectivity_000dd8f9049c8ea8
http://www.khan.co.kr/,ok,https://explorer.ooni.org/m/20260403062419.025766_KR_webconnectivity_0c46e21850528c93
http://www.khrp.org/,ok,https://explorer.ooni.org/m/20260403062420.890831_KR_webconnectivity_6d6490f9709d61ff
http://www.kita.net/,ok,https://explorer.ooni.org/m/20260403062427.255460_KR_webconnectivity_c74fcd04a70e52f8
http://www.kncc.or.kr/,ok,https://explorer.ooni.org/m/20260403062432.378474_KR_webconnectivity_e4b9a0efde1e36fa
http://www.kngo.net/,ok,https://explorer.ooni.org/m/20260403062437.051331_KR_webconnectivity_d80ce453237e0bbd
http://www.koreaherald.co.kr/,ok,https://explorer.ooni.org/m/20260403062441.236565_KR_webconnectivity_82717a57dc400e8a
http://www.korealiberator.org/,ok,https://explorer.ooni.org/m/20260403062446.465998_KR_webconnectivity_e649ad2de5c72d35
http://www.korva.or.kr/,ok,https://explorer.ooni.org/m/20260403062454.692424_KR_webconnectivity_75f04798edc3f6f8
http://www.kpil.org/,ok,https://explorer.ooni.org/m/20260403062459.416497_KR_webconnectivity_d8086b6df23764ee
http://www.kwdi.re.kr/,ok,https://explorer.ooni.org/m/20260403062522.237907_KR_webconnectivity_b4170cd8b8c04643
http://www.kwpa.org/,ok,https://explorer.ooni.org/m/20260403062526.728916_KR_webconnectivity_f0d7334aac9cd31a
http://www.kwwnet.org/,ok,https://explorer.ooni.org/m/20260403062533.778601_KR_webconnectivity_9b1275a980d41d18
http://www.laborrightsnow.org/,ok,https://explorer.ooni.org/m/20260403062537.440504_KR_webconnectivity_1d572ad088401e10
http://www.lanacion.com.ar/,ok,https://explorer.ooni.org/m/20260403062541.399213_KR_webconnectivity_88313c85563c0afd
https://www.laquadrature.net/,ok,https://explorer.ooni.org/m/20260403062545.777051_KR_webconnectivity_b77c0a9ac2f95173
http://www.latimes.com/,ok,https://explorer.ooni.org/m/20260403062547.970255_KR_webconnectivity_9ce507f88c1e966e
https://www.lds.org/,ok,https://explorer.ooni.org/m/20260403062551.020691_KR_webconnectivity_840e8eda188840d9
http://www.learningpartnership.org/,ok,https://explorer.ooni.org/m/20260403062554.501985_KR_webconnectivity_d02505d1814af4e3
https://www.lemonde.fr/,ok,https://explorer.ooni.org/m/20260403062605.271823_KR_webconnectivity_67dfde67987259e8
https://www.lgbtmap.org/,ok,https://explorer.ooni.org/m/20260403062609.873146_KR_webconnectivity_28cd7ae2bc5dd236
http://www.lgbtpride.or.kr/,ok,https://explorer.ooni.org/m/20260403062616.001739_KR_webconnectivity_1edb3ae31e155196
https://www.lgbtqnation.com/,ok,https://explorer.ooni.org/m/20260403062617.986020_KR_webconnectivity_fe93a0a91664c8ed
https://www.lilithfund.org/,ok,https://explorer.ooni.org/m/20260403062621.837638_KR_webconnectivity_0f4bab569cf61b0a
http://www.littlespeck.com/,ok,https://explorer.ooni.org/m/20260403062626.123598_KR_webconnectivity_889415b3c70680cc
https://www.logmein.com/,ok,https://explorer.ooni.org/m/20260403062627.641054_KR_webconnectivity_b062726d28594b4f
https://www.madre.org/,ok,https://explorer.ooni.org/m/20260403062631.185002_KR_webconnectivity_c9571be0322b0bd1
http://www.mainichi.co.jp/,ok,https://explorer.ooni.org/m/20260403062633.171557_KR_webconnectivity_e9056745da51f050
https://www.mamacash.org/,ok,https://explorer.ooni.org/m/20260403062636.991625_KR_webconnectivity_e546139be8fca124
https://www.martus.org/,ok,https://explorer.ooni.org/m/20260403062639.347174_KR_webconnectivity_a5244f65396f6fdf
http://www.mediareform.co.kr/,ok,https://explorer.ooni.org/m/20260403062643.512667_KR_webconnectivity_2bfec941a6bd3645
http://www.mediatoday.co.kr/,ok,https://explorer.ooni.org/m/20260403062648.260908_KR_webconnectivity_7097d2a104e69bf1
http://www.mediaus.co.kr/,ok,https://explorer.ooni.org/m/20260403062653.529141_KR_webconnectivity_e17ef5abdcd0575f
https://www.mideastyouth.com/,ok,https://explorer.ooni.org/m/20260403062655.608281_KR_webconnectivity_d4cd493b36ee9c23
http://www.migrant114.org/,dns,https://explorer.ooni.org/m/20260403062659.365850_KR_webconnectivity_f87bbdf6a1f3bbe1
https://www.mombian.com/,ok,https://explorer.ooni.org/m/20260403062700.864586_KR_webconnectivity_c065ede73d403e57
http://www.mongu.net/,ok,https://explorer.ooni.org/m/20260403062703.737536_KR_webconnectivity_2e1b93498ba84123
https://www.mormon.org/,ok,https://explorer.ooni.org/m/20260403062710.307629_KR_webconnectivity_059ec8e0cad859f3
https://www.muckrock.com/,ok,https://explorer.ooni.org/m/20260403062713.197193_KR_webconnectivity_fb8d84f38aa24dd2
https://www.musalaha.org/,ok,https://explorer.ooni.org/m/20260403062720.393312_KR_webconnectivity_3178e7c9f007a39e
http://www.naeil.com/,ok,https://explorer.ooni.org/m/20260403062723.521924_KR_webconnectivity_392d5a42591d0d33
https://www.namecoin.org/,ok,https://explorer.ooni.org/m/20260403062727.192476_KR_webconnectivity_1cd92f7a85d50b55
https://www.nbc.com/,ok,https://explorer.ooni.org/m/20260403062730.178644_KR_webconnectivity_7c230d9dd57161c6
https://www.nbcnews.com/,ok,https://explorer.ooni.org/m/20260403062733.285220_KR_webconnectivity_903dc3f2e24752d7
https://www.nbcnewyork.com/,ok,https://explorer.ooni.org/m/20260403062735.736365_KR_webconnectivity_99bb7bc060c2697b
http://www.nclrights.org/,ok,https://explorer.ooni.org/m/20260403062738.946107_KR_webconnectivity_6d6b1738c63ee84a
https://www.ndi.org/,ok,https://explorer.ooni.org/m/20260403062742.250142_KR_webconnectivity_cec0ad6db2c6f13f
https://www.ned.org/,ok,https://explorer.ooni.org/m/20260403062743.747898_KR_webconnectivity_de8e4feb32282d99
http://www.newnownext.com/,ok,https://explorer.ooni.org/m/20260403062747.291426_KR_webconnectivity_9ffe6eb748f01777
http://www.newnownext.com/franchise/the-backlot/,ok,https://explorer.ooni.org/m/20260403062750.218394_KR_webconnectivity_771a2b349226d565
http://www.newscham.net/,ok,https://explorer.ooni.org/m/20260403062752.635790_KR_webconnectivity_4f291d3cd247ba38
https://www.njal.la/,ok,https://explorer.ooni.org/m/20260403062757.392934_KR_webconnectivity_a62bce0a854ec8c9
http://www.nkhumanrights.or.kr/,ok,https://explorer.ooni.org/m/20260403062759.758104_KR_webconnectivity_694e9b10394c8f23
http://www.nkzone.org/,tcp_ip,https://explorer.ooni.org/m/20260403062845.890843_KR_webconnectivity_6a143760ce5bac83
http://www.nocutnews.co.kr/,ok,https://explorer.ooni.org/m/20260403062854.648012_KR_webconnectivity_9bd5c83854556708
http://www.nodong.org/,ok,https://explorer.ooni.org/m/20260403062900.643028_KR_webconnectivity_2cfb6089d8335cd9
http://www.nonghyup.com/,ok,https://explorer.ooni.org/m/20260403062906.769626_KR_webconnectivity_aef4cdfd4da1f96d
https://www.nostraightnews.com/,ok,https://explorer.ooni.org/m/20260403062911.006823_KR_webconnectivity_c29bf08181b52017
https://www.npr.org/,ok,https://explorer.ooni.org/m/20260403062914.668421_KR_webconnectivity_d8431b8d58160ea4
https://www.ntv.ru/,ok,https://explorer.ooni.org/m/20260403062919.188348_KR_webconnectivity_124efbe425b2f621
https://www.nwci.ie/,ok,https://explorer.ooni.org/m/20260403062922.616196_KR_webconnectivity_fdff0af541b42813
https://www.nytimes.com/,ok,https://explorer.ooni.org/m/20260403062925.068524_KR_webconnectivity_a1f77c2321642022
https://www.oas.org/,ok,https://explorer.ooni.org/m/20260403062928.246074_KR_webconnectivity_f78408c91946e236
https://www.occrp.org/,ok,https://explorer.ooni.org/m/20260403062930.799054_KR_webconnectivity_968ffb76c220d24f
http://www.ohmynews.com/,ok,https://explorer.ooni.org/m/20260403062932.861555_KR_webconnectivity_f5ec4b2649eb6d0f
http://www.omct.org/,ok,https://explorer.ooni.org/m/20260403062937.492167_KR_webconnectivity_52247d19f4ae2e1d
https://www.omct.org/,ok,https://explorer.ooni.org/m/20260403062941.599432_KR_webconnectivity_cf3f771601d1c477
https://www.opendns.com/,ok,https://explorer.ooni.org/m/20260403062944.236806_KR_webconnectivity_b456b71d210bfc8d
https://www.openpgp.org/,ok,https://explorer.ooni.org/m/20260403062946.967789_KR_webconnectivity_5cc0d92afe533117
https://www.opensocietyfoundations.org/,ok,https://explorer.ooni.org/m/20260403062948.954542_KR_webconnectivity_61b9ab0f114119ab
https://www.ou.org/,ok,https://explorer.ooni.org/m/20260403062952.886670_KR_webconnectivity_2277c312f5a35dd6
http://www.pcusa.org/,ok,https://explorer.ooni.org/m/20260403062954.888791_KR_webconnectivity_4ff8383b324364b1
http://www.people.com.cn/,ok,https://explorer.ooni.org/m/20260403062957.159446_KR_webconnectivity_3a6200be67171a37
http://www.peoplepower21.org/,ok,https://explorer.ooni.org/m/20260403062959.858248_KR_webconnectivity_85bfca1bc74919a9
https://www.phpmyadmin.net/,ok,https://explorer.ooni.org/m/20260403063002.813113_KR_webconnectivity_691950d928ba38a6
https://www.piratenpartei.ch/,ok,https://explorer.ooni.org/m/20260403063007.305275_KR_webconnectivity_21083c80e65bcb20
http://www.piratpartiet.se/,tcp_ip,https://explorer.ooni.org/m/20260403063053.016737_KR_webconnectivity_1ffb2b53e6632511
http://www.poweroftruth.net/,ok,https://explorer.ooni.org/m/20260403063101.924577_KR_webconnectivity_cbe409fbf14139f3
https://www.pravda.ru/,dns,https://explorer.ooni.org/m/20260403063117.788309_KR_webconnectivity_2152e8710b17cf3d
http://www.pressian.com/,ok,https://explorer.ooni.org/m/20260403063122.085431_KR_webconnectivity_4bcdf8aa00b8202e
https://www.pridemedia.com/,ok,https://explorer.ooni.org/m/20260403063125.183818_KR_webconnectivity_5976f373716b2de4
https://www.privacidade.digital/,ok,https://explorer.ooni.org/m/20260403063127.399102_KR_webconnectivity_6f37073a0daf834c
https://www.privacyguides.org/,ok,https://explorer.ooni.org/m/20260403063131.735681_KR_webconnectivity_8d8ecc6b866631b5
https://www.privacyinternational.org/,ok,https://explorer.ooni.org/m/20260403063134.448666_KR_webconnectivity_1263aa35d1e0bfc6
https://www.privacytools.io/,ok,https://explorer.ooni.org/m/20260403063137.163304_KR_webconnectivity_78b517509cfa5094
http://www.privaterra.org/,ok,https://explorer.ooni.org/m/20260403063141.249884_KR_webconnectivity_be40bf19f74ad966
https://www.projectveritas.com/,ok,https://explorer.ooni.org/m/20260403063148.960445_KR_webconnectivity_4dc80accafb3ad26
https://www.propublica.org/,ok,https://explorer.ooni.org/m/20260403063150.520932_KR_webconnectivity_fb3fefc6afc1c73a
https://www.protectioninternational.org/,ok,https://explorer.ooni.org/m/20260403063155.329144_KR_webconnectivity_2d5705521aea77b6
http://www.qhnews.com/,ok,https://explorer.ooni.org/m/20260403063158.191469_KR_webconnectivity_00546803eaf98fdf
http://www.radicalparty.org/,ok,https://explorer.ooni.org/m/20260403063204.360770_KR_webconnectivity_2fe306eed32f7a84
http://www.rainbowfoundation.co.kr/,ok,https://explorer.ooni.org/m/20260403063210.029706_KR_webconnectivity_f7ae30b1d3e59187
https://www.rambler.ru/,ok,https://explorer.ooni.org/m/20260403063214.739343_KR_webconnectivity_7ebfde3e2843adef
https://www.rawa.org/,ok,https://explorer.ooni.org/m/20260403063218.424375_KR_webconnectivity_3dd239ec598ac24f
http://www.redian.org/,ok,https://explorer.ooni.org/m/20260403063227.027595_KR_webconnectivity_27155a69ad526b26
https://www.redstateaccess.com/,ok,https://explorer.ooni.org/m/20260403063229.706132_KR_webconnectivity_c9a868d9d37ee5eb
https://www.refugeesinternational.org/,ok,https://explorer.ooni.org/m/20260403063234.018089_KR_webconnectivity_e4a73539969cd190
http://www.repubblica.com/,ok,https://explorer.ooni.org/m/20260403063237.951198_KR_webconnectivity_929a01584f7f6910
https://www.rescue.org/,ok,https://explorer.ooni.org/m/20260403063239.628561_KR_webconnectivity_e61649f73aacc883
https://www.reuters.com/,ok,https://explorer.ooni.org/m/20260403063243.463475_KR_webconnectivity_04f5769b22180220
https://www.rfa.org/,ok,https://explorer.ooni.org/m/20260403063246.616472_KR_webconnectivity_fc9a79e14c9eb52d
https://www.rferl.org/,ok,https://explorer.ooni.org/m/20260403063249.302911_KR_webconnectivity_bf63ecced1084a40
http://www.rights.or.kr/,ok,https://explorer.ooni.org/m/20260403063252.746852_KR_webconnectivity_3764660e13b25713
http://www.righttodie.ca/,ok,https://explorer.ooni.org/m/20260403063300.321404_KR_webconnectivity_e34bb874717c7374
http://www.rsf.org/article.php3?id_article=17361,ok,https://explorer.ooni.org/m/20260403063304.219004_KR_webconnectivity_c150a82b1ef6cbc6
https://www.rt.com/,ok,https://explorer.ooni.org/m/20260403063309.052013_KR_webconnectivity_5a93ca178dcaf04c
https://www.rtarabic.com/,ok,https://explorer.ooni.org/m/20260403063315.022961_KR_webconnectivity_5f0349fcb179d335
http://www.sarangbang.or.kr/,ok,https://explorer.ooni.org/m/20260403063321.730695_KR_webconnectivity_b28b7ef2cfa8ff57
https://www.savethechildren.net/,ok,https://explorer.ooni.org/m/20260403063325.642056_KR_webconnectivity_c8311fe8616fa074
https://www.sbs.com.au/language/coronavirus?cid=infocus,ok,https://explorer.ooni.org/m/20260403063329.970403_KR_webconnectivity_935939128b1d1554
http://www.scmp.com/,ok,https://explorer.ooni.org/m/20260403063332.159152_KR_webconnectivity_88582221a165aaf7
https://www.scmp.com/,ok,https://explorer.ooni.org/m/20260403063340.486481_KR_webconnectivity_c6d6bcde50fc4ca3
https://www.secfirst.org/,error,https://explorer.ooni.org/m/20260403063343.319241_KR_webconnectivity_6f254c5fa7cb96a5
http://www.sisters.or.kr/,ok,https://explorer.ooni.org/m/20260403063351.085595_KR_webconnectivity_e3c4fde750b7b5f9
https://www.spiegel.de/,ok,https://explorer.ooni.org/m/20260403063356.514805_KR_webconnectivity_8536cc02bfba906e
https://www.starlink.com/,ok,https://explorer.ooni.org/m/20260403063358.302514_KR_webconnectivity_c47b7ae568607866
http://www.state.gov/g/drl/rls/hrrpt/2004/41647.htm,ok,https://explorer.ooni.org/m/20260403063401.899268_KR_webconnectivity_a59a6213410e8ad8
https://www.stonewall.org.uk/,ok,https://explorer.ooni.org/m/20260403063407.693980_KR_webconnectivity_cac69050a6a01246
http://www.stopstreetharassment.org/,ok,https://explorer.ooni.org/m/20260403063412.782053_KR_webconnectivity_db71dae45a5cc7eb
https://www.techlore.tech/,ok,https://explorer.ooni.org/m/20260403063416.747611_KR_webconnectivity_073c4d678dac0d4d
https://www.terredeshommes.nl/,ok,https://explorer.ooni.org/m/20260403063421.260616_KR_webconnectivity_d3c440f570434786
http://www.theepochtimes.com/,ok,https://explorer.ooni.org/m/20260403063423.731319_KR_webconnectivity_feeca96646e8839e
https://www.theguardian.com/,ok,https://explorer.ooni.org/m/20260403063426.513769_KR_webconnectivity_255fb7d86c343176
https://www.thetrevorproject.org/,ok,https://explorer.ooni.org/m/20260403063430.674606_KR_webconnectivity_d961eb153ae714e3
http://www.tongilnews.com/,ok,https://explorer.ooni.org/m/20260403063434.033173_KR_webconnectivity_0fb1a03203c78b76
https://www.transgendermap.com/,ok,https://explorer.ooni.org/m/20260403063436.817749_KR_webconnectivity_75a68b30eff66d95
https://www.transparency.org/,ok,https://explorer.ooni.org/m/20260403063439.031900_KR_webconnectivity_02c9f71ec012fa6a
https://www.tvc.ru/,ok,https://explorer.ooni.org/m/20260403063441.797599_KR_webconnectivity_1a9cb19e7d416b8b
http://www.u4.no/,ok,https://explorer.ooni.org/m/20260403063444.994332_KR_webconnectivity_ed242876df6c8aa3
https://www.unfpa.org/,ok,https://explorer.ooni.org/m/20260403063447.132237_KR_webconnectivity_dd74ad37e1b27030
https://www.upi.com/Top_News/World-News/2019/07/11/Amnesty-International-LGBT-soldiers-face-abuse-in-South-Korea-military/1461562819145/,ok,https://explorer.ooni.org/m/20260403063450.999649_KR_webconnectivity_a46f3d79b5d02214
https://www.urduvoa.com/,ok,https://explorer.ooni.org/m/20260403063455.110997_KR_webconnectivity_fdbacdd37eb96898
https://www.usatoday.com/,ok,https://explorer.ooni.org/m/20260403063457.346825_KR_webconnectivity_5102518d19f24024
https://www.vesti.ru/,ok,https://explorer.ooni.org/m/20260403063501.655758_KR_webconnectivity_f59dac7e9b1de8ba
https://www.vice.com/,ok,https://explorer.ooni.org/m/20260403063504.323529_KR_webconnectivity_7a586688b6fc6bec
https://www.voanews.com/,ok,https://explorer.ooni.org/m/20260403063506.930481_KR_webconnectivity_11482625c8f99281
https://www.vpngate.net/,dns,https://explorer.ooni.org/m/20260403063510.095606_KR_webconnectivity_0a62e8c463cd4222
https://www.warchild.net/,ok,https://explorer.ooni.org/m/20260403063514.658332_KR_webconnectivity_be7088be785de3b2
https://www.washingtontimes.com/,ok,https://explorer.ooni.org/m/20260403063516.927455_KR_webconnectivity_82000bb46633a3f6
https://www.wechat.com/,ok,https://explorer.ooni.org/m/20260403063519.014978_KR_webconnectivity_3ead6223f0a9af5e
http://www.well.com/,ok,https://explorer.ooni.org/m/20260403063522.726265_KR_webconnectivity_c76bf018891dd0fb
http://www.well.com/user/queerjhd/,ok,https://explorer.ooni.org/m/20260403063525.130644_KR_webconnectivity_3bf8e17ed12eb060
http://www.wftucentral.org/,ok,https://explorer.ooni.org/m/20260403063528.773985_KR_webconnectivity_d15b1bc0bdaf0649
https://www.wiesenthal.com/,ok,https://explorer.ooni.org/m/20260403063531.686723_KR_webconnectivity_e2f001237876e48e
https://www.wilpf.org/,ok,https://explorer.ooni.org/m/20260403063536.400909_KR_webconnectivity_e9c4a336ad780787
http://www.withoutwar.org/,ok,https://explorer.ooni.org/m/20260403063542.620127_KR_webconnectivity_700206a4e034e2c0
https://www.witness.org/,ok,https://explorer.ooni.org/m/20260403063548.499082_KR_webconnectivity_05ceb19057db9f34
http://www.wluml.org/,ok,https://explorer.ooni.org/m/20260403063555.466697_KR_webconnectivity_d6ae81bea87a9abb
http://www.wnd.com/,ok,https://explorer.ooni.org/m/20260403063557.517801_KR_webconnectivity_9b96d8922134608d
https://www.womankind.org.uk/,ok,https://explorer.ooni.org/m/20260403063559.571805_KR_webconnectivity_df3acfae01211a9c
http://www.women21.or.kr/,ok,https://explorer.ooni.org/m/20260403063602.914965_KR_webconnectivity_c63b27b1bbffa15b
https://www.womenforafghanwomen.org/,ok,https://explorer.ooni.org/m/20260403063607.023695_KR_webconnectivity_85da2dea184d55ba
https://www.womenforwomen.org/,ok,https://explorer.ooni.org/m/20260403063609.222584_KR_webconnectivity_14279c683aaebedb
http://www.womenlink.or.kr/,ok,https://explorer.ooni.org/m/20260403063616.216590_KR_webconnectivity_5eb167846f9c08e3
http://www.womennews.co.kr/,ok,https://explorer.ooni.org/m/20260403063624.631766_KR_webconnectivity_0a1bc5fab528224b
https://www.womenpeacemakersprogram.org/,ok,https://explorer.ooni.org/m/20260403063630.034552_KR_webconnectivity_ab5bca68f4bae745
http://www.womensmediacenter.com/,ok,https://explorer.ooni.org/m/20260403063633.850986_KR_webconnectivity_54a0db54bdb1a40c
http://www.womenvoters.or.kr/,ok,https://explorer.ooni.org/m/20260403063636.784265_KR_webconnectivity_51ffc17c71fe9ba9
http://www.worldcoalition.org/,ok,https://explorer.ooni.org/m/20260403063641.179286_KR_webconnectivity_69950f54bdd11992
https://www.wsj.com/,ok,https://explorer.ooni.org/m/20260403063642.710166_KR_webconnectivity_80d80861ee709b0c
http://www.xinhuanet.com/,ok,https://explorer.ooni.org/m/20260403063648.129691_KR_webconnectivity_6f78fabdcab84eca
https://www.yellowhammerfund.org/,ok,https://explorer.ooni.org/m/20260403063650.141792_KR_webconnectivity_5d53eb10e738b672
http://www.yonhapnews.co.kr/,ok,https://explorer.ooni.org/m/20260403063655.840571_KR_webconnectivity_476e1690d2c8abcd
http://www.zeit.de/,ok,https://explorer.ooni.org/m/20260403063658.990451_KR_webconnectivity_7c4213ef83c7983b
http://xxx.lanl.gov/,dns,https://explorer.ooni.org/m/20260403063715.918908_KR_webconnectivity_e30f809c10621e1b
http://yolsa.org/,ok,https://explorer.ooni.org/m/20260403063718.872833_KR_webconnectivity_5d633cf86a728d1c
http://ytimes.org/,ok,https://explorer.ooni.org/m/20260403063722.757464_KR_webconnectivity_f42e4871d743dc69
https://adium.im/,ok,https://explorer.ooni.org/m/20260403063725.902860_KR_webconnectivity_979e653523d92251
https://ebuddy.com/,ok,https://explorer.ooni.org/m/20260403063728.330530_KR_webconnectivity_e31bda59dbe491ba
https://elpha.com/,error,https://explorer.ooni.org/m/20260403063729.815641_KR_webconnectivity_3fe8e7adb26a703e
https://foursquare.com/,ok,https://explorer.ooni.org/m/20260403063731.778179_KR_webconnectivity_7ae394b468df9a8f
http://friend.com.kp/,dns,https://explorer.ooni.org/m/20260403063736.232118_KR_webconnectivity_29db5c5379588db6
https://gab.com/,ok,https://explorer.ooni.org/m/20260403063743.252997_KR_webconnectivity_7339dc1f59c61862
https://groups.google.com/,ok,https://explorer.ooni.org/m/20260403063752.503862_KR_webconnectivity_413d9540aa8ca7d1
https://instagram.fsaw1-13.fna.fbcdn.net/favicon.ico,ok,https://explorer.ooni.org/m/20260403063755.185585_KR_webconnectivity_8a620956262ef653
https://lookaside.facebook.com/robots.txt,ok,https://explorer.ooni.org/m/20260403063757.429398_KR_webconnectivity_42ec8bc91a6ac347
https://mastodon.sdf.org/,ok,https://explorer.ooni.org/m/20260403063800.373621_KR_webconnectivity_2fe7764067e91133
https://mastodon.xyz/,ok,https://explorer.ooni.org/m/20260403063803.999664_KR_webconnectivity_6237bdeb0a8c7666
https://plus.im/,ok,https://explorer.ooni.org/m/20260403063806.739104_KR_webconnectivity_2b70ea26eb2ce5e5
https://scontent-ams4-1.cdninstagram.com/favicon.ico,ok,https://explorer.ooni.org/m/20260403063809.242923_KR_webconnectivity_e497bc79b678e712
https://static.xx.fbcdn.net/favicon.ico,ok,https://explorer.ooni.org/m/20260403063812.421051_KR_webconnectivity_32104f7a8599b165
https://vk.com/,ok,https://explorer.ooni.org/m/20260403063816.946182_KR_webconnectivity_0aeae6a2cd82f0b1
https://weibo.com/,ok,https://explorer.ooni.org/m/20260403063819.125590_KR_webconnectivity_b9c4b7d5162f6d60
https://www.douyin.com/,ok,https://explorer.ooni.org/m/20260403063822.434171_KR_webconnectivity_682a36b030b301a1
https://www.ning.com/,ok,https://explorer.ooni.org/m/20260403063826.649912_KR_webconnectivity_7b52ff802609f27a
https://www.yelp.com/,ok,https://explorer.ooni.org/m/20260403063834.358695_KR_webconnectivity_5c284789fb9b40a6
https://149.112.112.9/dns-query?dns=q80BAAABAAAAAAAAA3d3dwdleGFtcGxlA2NvbQAAAQAB,ok,https://explorer.ooni.org/m/20260403063835.325680_KR_webconnectivity_49e25a6fabeda663
https://abortion.eu/,dns,https://explorer.ooni.org/m/20260403063836.146814_KR_webconnectivity_50da1fdf091569d7
https://abortion.kr/,dns,https://explorer.ooni.org/m/20260403063837.275428_KR_webconnectivity_0ddcfa1aa46e9aa6
https://aidaccess.org/,dns,https://explorer.ooni.org/m/20260403063838.066398_KR_webconnectivity_2262fb0db1b3fc46
https://amp.cloudflare.com/v0/amp-iframe-0.1.js,ok,https://explorer.ooni.org/m/20260403063840.088550_KR_webconnectivity_005c57dec50ef962
https://bitly.com/,dns,https://explorer.ooni.org/m/20260403063841.091783_KR_webconnectivity_ccd874c511d7bfb5
http://cafe.daum.net/truepicture/,ok,https://explorer.ooni.org/m/20260403063843.732798_KR_webconnectivity_d3a16d6ed1052fc0
https://cdn-client.medium.com/lite/static/js/manifest.ef5f44d2.js,ok,https://explorer.ooni.org/m/20260403063844.824711_KR_webconnectivity_cd0048e3da3f150a
https://cdn.jsdelivr.net/favicon.ico,ok,https://explorer.ooni.org/m/20260403063846.048146_KR_webconnectivity_0c016d51c30ed09a
https://cdn.sstatic.net/Img/home/open-source.svg,ok,https://explorer.ooni.org/m/20260403063846.973802_KR_webconnectivity_7d3a4611ca48dd89
http://cloud.naver.com/,ok,https://explorer.ooni.org/m/20260403063850.908651_KR_webconnectivity_d54ec43745d694ac
http://cyworld.nate.com/,ok,https://explorer.ooni.org/m/20260403063852.734014_KR_webconnectivity_1e1dee4316322cfd
https://cloudflare-dns.com/dns-query?dns=q80BAAABAAAAAAAAA3d3dwdleGFtcGxlA2NvbQAAAQAB,tcp_ip,https://explorer.ooni.org/m/20260403063851.515572_KR_webconnectivity_4f2daec7bd26348a
https://dlive.tv/,dns,https://explorer.ooni.org/m/20260403063853.652938_KR_webconnectivity_a8752091c45242ad
https://dns.quad9.net/dns-query?dns=q80BAAABAAAAAAAAA3d3dwdleGFtcGxlA2NvbQAAAQAB,tcp_ip,https://explorer.ooni.org/m/20260403063854.907307_KR_webconnectivity_7b9e2c3b09250218
https://dzen.ru/,dns,https://explorer.ooni.org/m/20260403063855.936539_KR_webconnectivity_9c62c4a29a549ae1
https://family.cloudflare-dns.com/dns-query?dns=q80BAAABAAAAAAAAA3d3dwdleGFtcGxlA2NvbQAAAQAB,dns,https://explorer.ooni.org/m/20260403063856.664708_KR_webconnectivity_eeb6d67098e34e67
https://git.io/,dns,https://explorer.ooni.org/m/20260403063858.933842_KR_webconnectivity_2cf4b0be666981a7
https://github.githubassets.com/images/modules/open_graph/github-logo.png,ok,https://explorer.ooni.org/m/20260403063900.590071_KR_webconnectivity_b8b993ebe38c5d5b
https://pastebin.com/,dns,https://explorer.ooni.org/m/20260403063901.749375_KR_webconnectivity_18d81a26adf1dce9
https://prq.se/,dns,https://explorer.ooni.org/m/20260403063902.803823_KR_webconnectivity_1efe96e311d16c4c
https://safe2choose.org/,dns,https://explorer.ooni.org/m/20260403063908.725727_KR_webconnectivity_21bf6d9384542865
https://www.abortionno.org/,dns,https://explorer.ooni.org/m/20260403063909.447491_KR_webconnectivity_bfa406592e56ab99
https://www.fandom.com/,dns,https://explorer.ooni.org/m/20260403063910.124130_KR_webconnectivity_2801954b8d4afd0a
http://www.fark.com/,dns,https://explorer.ooni.org/m/20260403063911.325202_KR_webconnectivity_75e9a7271ad76daf
http://www.freehomepage.com/,ok,https://explorer.ooni.org/m/20260403063913.626466_KR_webconnectivity_78a156964f2fb917
https://www.godaddy.com/,dns,https://explorer.ooni.org/m/20260403063914.315770_KR_webconnectivity_04cd57c77235c9f0
http://www.hostgator.com/,ok,https://explorer.ooni.org/m/20260403063915.614666_KR_webconnectivity_4bf28d5bef533292
https://www.iskcon.org/,ok,https://explorer.ooni.org/m/20260403063916.878861_KR_webconnectivity_451f2c08eb46f900
https://www.namecheap.com/,ok,https://explorer.ooni.org/m/20260403063918.079935_KR_webconnectivity_9112dcd08d656bc1
https://www.peta.org/,dns,https://explorer.ooni.org/m/20260403063918.787516_KR_webconnectivity_e3498880fdef6e28
http://www.ppomppu.co.kr/zboard/zboard.php?id=issue,ok,https://explorer.ooni.org/m/20260403063920.201234_KR_webconnectivity_38c9017db3499a17
http://www.siecus.org/,dns,https://explorer.ooni.org/m/20260403063925.911207_KR_webconnectivity_84de712feeb5da77
http://www.teensource.org/,dns,https://explorer.ooni.org/m/20260403063926.726388_KR_webconnectivity_587e619df9eaaf75
http://www.ymca.int/,dns,https://explorer.ooni.org/m/20260403063928.625238_KR_webconnectivity_3ac5416d116be0ef
https://europedatingonline.com/,dns,https://explorer.ooni.org/m/20260403063929.307055_KR_webconnectivity_5e4639310c393beb
https://hitomi.la/,dns,https://explorer.ooni.org/m/20260403063930.377674_KR_webconnectivity_6c2282995985107a
http://ndfsk.dyndns.org/kuguk8/Title1.htm,ok,https://explorer.ooni.org/m/20260403063932.106749_KR_webconnectivity_90cc800cad216c33
https://onlyfans.com/,dns,https://explorer.ooni.org/m/20260403063932.761063_KR_webconnectivity_7cf0999fa3750896
https://worldsingles.com/,dns,https://explorer.ooni.org/m/20260403063934.057558_KR_webconnectivity_dffd14cae3b04e61
http://www.barmeister.com/,ok,https://explorer.ooni.org/m/20260403063934.890720_KR_webconnectivity_3d4ef49cdf331289
http://www.chantelle.com/,dns,https://explorer.ooni.org/m/20260403063935.724017_KR_webconnectivity_745b90afbe998305
http://www.columbus25.com/,ok,https://explorer.ooni.org/m/20260403063936.402880_KR_webconnectivity_d9230eaeac51263b
https://www.dating.com/,dns,https://explorer.ooni.org/m/20260403063937.266834_KR_webconnectivity_774be72a1b750f92
https://www.eharmony.com/,dns,https://explorer.ooni.org/m/20260403063938.134784_KR_webconnectivity_8e97e7712d1c1455
http://www.gayapatal.com/,dns,https://explorer.ooni.org/m/20260403063943.953496_KR_webconnectivity_2dc16f705be5e511
https://www.lovoo.com/,dns,https://explorer.ooni.org/m/20260403063944.786905_KR_webconnectivity_b5dc9058871017a0
http://www.monacogoldcasino.com/,dns,https://explorer.ooni.org/m/20260403063946.768390_KR_webconnectivity_658561dfe92d5a0a
http://www.online-dating.org/,dns,https://explorer.ooni.org/m/20260403063948.097072_KR_webconnectivity_4b669ea5b087b793
http://www.partypoker.com/,dns,https://explorer.ooni.org/m/20260403063948.929618_KR_webconnectivity_325c1bf6949bfd3d
http://www.pof.com/,dns,https://explorer.ooni.org/m/20260403063949.893141_KR_webconnectivity_a446ac9312d0c784
http://www.poker.com/,dns,https://explorer.ooni.org/m/20260403063956.662361_KR_webconnectivity_9f8c7bd0b72a4b57
http://www.rxmarijuana.com/,dns,https://explorer.ooni.org/m/20260403064008.718120_KR_webconnectivity_e32574e57fc709cc
http://www.sex.com/,dns,https://explorer.ooni.org/m/20260403064009.420722_KR_webconnectivity_c404d8dc78a950ec
http://www.sportingbet.com/,dns,https://explorer.ooni.org/m/20260403064010.683496_KR_webconnectivity_f68c81b9205dd905
http://www.thegooddrugsguide.com/,dns,https://explorer.ooni.org/m/20260403064011.443926_KR_webconnectivity_6739fa7705049b9f
https://www.xvideos.com/,dns,https://explorer.ooni.org/m/20260403064013.525567_KR_webconnectivity_cae585ed8234eb8f
https://a.slack-edge.com/f70ec/img/test_cdn_pixel.gif,ok,https://explorer.ooni.org/m/20260403064016.096009_KR_webconnectivity_0a69dbe7489038c7
https://about.riot.im/,ok,https://explorer.ooni.org/m/20260403064020.594990_KR_webconnectivity_d59a87a065c28614
http://abpr2.railfan.net/,ok,https://explorer.ooni.org/m/20260403064025.299275_KR_webconnectivity_b43d1f480c421095
https://account.proton.me/,ok,https://explorer.ooni.org/m/20260403064029.560306_KR_webconnectivity_aa29e2c8ab6b6432
https://app.developer.here.com/coronavirus/,ok,https://explorer.ooni.org/m/20260403064041.896860_KR_webconnectivity_6ec164e285b63f22
https://app.simplelogin.io/,ok,https://explorer.ooni.org/m/20260403064045.759972_KR_webconnectivity_ab08e0fb22a1e825
https://app.slack.com/robots.txt,ok,https://explorer.ooni.org/m/20260403064047.956385_KR_webconnectivity_c33f6104e659973c
https://app.wire.com/,ok,https://explorer.ooni.org/m/20260403064050.496153_KR_webconnectivity_d31c255145c29827
https://archive.ph/,ok,https://explorer.ooni.org/m/20260403064054.588235_KR_webconnectivity_dd34c850348bf346
https://avatars.mds.yandex.net/robots.txt,dns,https://explorer.ooni.org/m/20260403064055.509507_KR_webconnectivity_ece6d350784b978c
http://bizmessage.kakao.com/,ok,https://explorer.ooni.org/m/20260403064101.730206_KR_webconnectivity_eebcf23e6e8d10e4
https://briarproject.org/,ok,https://explorer.ooni.org/m/20260403064105.589466_KR_webconnectivity_65241f9916cb1fc3
http://bric.postech.ac.kr/,ok,https://explorer.ooni.org/m/20260403064115.187143_KR_webconnectivity_f464537006eae5dd
http://cafe.daum.net/ahyoomee,ok,https://explorer.ooni.org/m/20260403064117.603955_KR_webconnectivity_4f842f6f1fdbaee0
http://cafe.naver.com/gjhlk,ok,https://explorer.ooni.org/m/20260403064120.519144_KR_webconnectivity_168cb16b33631572
http://caramasia.gn.apc.org/,tcp_ip,https://explorer.ooni.org/m/20260403064207.370760_KR_webconnectivity_55d01ac971a9b67d
https://censored.tv/,ok,https://explorer.ooni.org/m/20260403064210.600662_KR_webconnectivity_2674b188f72bfa7b
https://chat-gpt.org/,ok,https://explorer.ooni.org/m/20260403064214.651745_KR_webconnectivity_6215ee7ac8a7b3c4
https://chatgpt.com/,ok,https://explorer.ooni.org/m/20260403064215.748560_KR_webconnectivity_749243ab5fb98065
https://cid.contact/,ok,https://explorer.ooni.org/m/20260403064219.484746_KR_webconnectivity_aa93827d59e9de7d
https://circumcision.org/,ok,https://explorer.ooni.org/m/20260403064222.594464_KR_webconnectivity_946fea2282b777b2
https://coronavirus.jhu.edu/map.html,ok,https://explorer.ooni.org/m/20260403064225.095834_KR_webconnectivity_2780bdc329c57402
https://covidtracking.com/,ok,https://explorer.ooni.org/m/20260403064227.624214_KR_webconnectivity_6b5a3f12bbc264b8
https://cwtch.im/,ok,https://explorer.ooni.org/m/20260403064231.662433_KR_webconnectivity_dc5266147693ba3f
https://delta.chat/,ok,https://explorer.ooni.org/m/20260403064234.035461_KR_webconnectivity_71d73e7fbb739c3a
https://disqus.com/,ok,https://explorer.ooni.org/m/20260403064235.093544_KR_webconnectivity_df4830a209b770b3
https://dl.acm.org/,ok,https://explorer.ooni.org/m/20260403064236.122429_KR_webconnectivity_8a0bc145ad0b549b
https://duckduckgo.com/,http-failure,https://explorer.ooni.org/m/20260403064257.399984_KR_webconnectivity_12dc3ac36493fd08
https://element.io/,ok,https://explorer.ooni.org/m/20260403064302.830127_KR_webconnectivity_4d88629e7223ff0f
https://encrypted-tbn0.gstatic.com/robots.txt,ok,https://explorer.ooni.org/m/20260403064304.845920_KR_webconnectivity_7aaaccf54cf6cd9f
https://espiv.net/,ok,https://explorer.ooni.org/m/20260403064309.622639_KR_webconnectivity_38082f0c153c585d
https://evernote.com/,ok,https://explorer.ooni.org/m/20260403064312.073865_KR_webconnectivity_e0342c4eb3365a63
https://experience.arcgis.com/experience/685d0ace521648f8a5beeeee1b9125cd,ok,https://explorer.ooni.org/m/20260403064313.769613_KR_webconnectivity_c2d21b1212f2d9c3
https://external-content.duckduckgo.com/robots.txt,http-failure,https://explorer.ooni.org/m/20260403064335.004933_KR_webconnectivity_4d057a8d2fc22772
http://gall.dcinside.com/board/lists/?id=disease,ok,https://explorer.ooni.org/m/20260403064338.859534_KR_webconnectivity_941e2e47271561db
https://gemini.google.com/,ok,https://explorer.ooni.org/m/20260403064342.108322_KR_webconnectivity_39f60af2e8764a0a
https://getsession.org/,ok,https://explorer.ooni.org/m/20260403064344.729654_KR_webconnectivity_e7b0038b472fbce0
https://gisanddata.maps.arcgis.com/apps/dashboards/bda7594740fd40299423467b48e9ecf6,ok,https://explorer.ooni.org/m/20260403064354.741464_KR_webconnectivity_8dc7fe727532096f
http://giveu.net/,ok,https://explorer.ooni.org/m/20260403064400.667665_KR_webconnectivity_d68c1d5c8153c73e
https://go-text.me/,ok,https://explorer.ooni.org/m/20260403064404.445463_KR_webconnectivity_acc20907b0fd243e
https://hgis.uw.edu/virus/,ok,https://explorer.ooni.org/m/20260403064408.384343_KR_webconnectivity_d0c736d348d261e5
https://icao.maps.arcgis.com/apps/opsdashboard/index.html#/977dde48256b489fb48fa98e724721e8,ok,https://explorer.ooni.org/m/20260403064411.388025_KR_webconnectivity_6d4e9d27d2f9ee90
https://icao.maps.arcgis.com/apps/webappviewer3d/index.html?id=d9d3f8fa9a23425c8f0889baab626186,ok,https://explorer.ooni.org/m/20260403064413.938720_KR_webconnectivity_b932adcdf1fc0721
https://icq.com/,ok,https://explorer.ooni.org/m/20260403064418.252469_KR_webconnectivity_9e31eb5386171469
https://ifacetimeapp.com/,ok,https://explorer.ooni.org/m/20260403064422.176107_KR_webconnectivity_1354dc87d381cb41
https://im0-tub-com.yandex.net/i?id=462f375c96139f1e41d919b44be2d780&n=13&exp=1,dns,https://explorer.ooni.org/m/20260403064437.858833_KR_webconnectivity_ea118deb9ca0414c
https://imageshack.com/,ok,https://explorer.ooni.org/m/20260403064440.649953_KR_webconnectivity_1326065cf3139b76
http://imo.im/,ok,https://explorer.ooni.org/m/20260403064442.340428_KR_webconnectivity_941d0e8e2d4e7f61
https://imp.free.fr/,ok,https://explorer.ooni.org/m/20260403064446.845169_KR_webconnectivity_68a2fa8a695ecd53
https://jami.net/,ok,https://explorer.ooni.org/m/20260403064450.073261_KR_webconnectivity_1c2416bdabb9445d
https://kidshealth.org/,ok,https://explorer.ooni.org/m/20260403064453.382739_KR_webconnectivity_587031857dd859ba
http://kr.yahoo.com/,ok,https://explorer.ooni.org/m/20260403064501.810015_KR_webconnectivity_a276697881d20627
https://lbry.com/,ok,https://explorer.ooni.org/m/20260403064503.969926_KR_webconnectivity_68e356f374831767
https://lbry.org/,ok,https://explorer.ooni.org/m/20260403064508.801356_KR_webconnectivity_4b501366ebae0b6a
https://lens.google.com/uploadbyurl?url=https%3A%2F%2Fwww.google.com%2Fimages%2Fbranding%2Fgooglelogo%2F1x%2Fgooglelogo_color_150x54dp.png&hl=en-US&ep=gisb,ok,https://explorer.ooni.org/m/20260403064514.186513_KR_webconnectivity_83a283f5db294e2a
http://lifeline.or.kr/,error,https://explorer.ooni.org/m/20260403064519.366890_KR_webconnectivity_40ac2eaacb04eedc
https://line.me/,ok,https://explorer.ooni.org/m/20260403064523.637504_KR_webconnectivity_7c792eaf69b6d6a5
https://livestream.com/,ok,https://explorer.ooni.org/m/20260403064525.743855_KR_webconnectivity_505af3be876bd55c
https://login.live.com/,ok,https://explorer.ooni.org/m/20260403064528.948278_KR_webconnectivity_180e5d8235a8b9a4
http://mail.daum.net/,ok,https://explorer.ooni.org/m/20260403064535.238733_KR_webconnectivity_872a97fcb8c50a26
https://mail.google.com/,ok,https://explorer.ooni.org/m/20260403064539.739295_KR_webconnectivity_8e9a80eb58745a4b
http://mail.naver.com/,ok,https://explorer.ooni.org/m/20260403064542.806316_KR_webconnectivity_ffc23e1e391caaee
https://mail.proton.me/,ok,https://explorer.ooni.org/m/20260403064547.832730_KR_webconnectivity_93d4406726448520
https://mail.ru/,ok,https://explorer.ooni.org/m/20260403064554.693371_KR_webconnectivity_5ab6a0d60d2bd933
https://mail.yahoo.com/,ok,https://explorer.ooni.org/m/20260403064557.097676_KR_webconnectivity_4cf912d88132bdd1
https://matrix.org/,ok,https://explorer.ooni.org/m/20260403064558.931769_KR_webconnectivity_dcceb4262719e5dc
https://matrix.to/,ok,https://explorer.ooni.org/m/20260403064604.484841_KR_webconnectivity_ff805b9a79fb3281
https://mattermost.com/,ok,https://explorer.ooni.org/m/20260403064606.785079_KR_webconnectivity_3fed1edbd3f59eca
https://media-arn2-1.cdn.whatsapp.net/robots.txt,ok,https://explorer.ooni.org/m/20260403064608.977852_KR_webconnectivity_27098fdaa8de5e7b
https://media.fevn1-1.fna.whatsapp.net/robots.txt,ok,https://explorer.ooni.org/m/20260403064611.269956_KR_webconnectivity_bdb5fdffe6fb1d63
https://meet.jit.si/,ok,https://explorer.ooni.org/m/20260403064612.829116_KR_webconnectivity_a71c8a10f531710b
https://messages.google.com/,ok,https://explorer.ooni.org/m/20260403064614.861060_KR_webconnectivity_24bc93ed3244e7b4
https://mobile.element.io/,ok,https://explorer.ooni.org/m/20260403064616.215671_KR_webconnectivity_ed4158aa77457bd2
https://msh.org/,ok,https://explorer.ooni.org/m/20260403064619.533130_KR_webconnectivity_3e58bd73a645e02b
https://mytrans.com.tw/,ok,https://explorer.ooni.org/m/20260403064637.031468_KR_webconnectivity_c36aabbd8ab41082
https://nextstrain.org/ncov,ok,https://explorer.ooni.org/m/20260403064640.988717_KR_webconnectivity_ae0cfc88f599bdaa
https://nostr.com/,ok,https://explorer.ooni.org/m/20260403064643.091890_KR_webconnectivity_a94f5fa7072bfe66
https://obsproject.com/,ok,https://explorer.ooni.org/m/20260403064645.894828_KR_webconnectivity_5cfa573b6159e506
https://openai.com/,ok,https://explorer.ooni.org/m/20260403064646.886700_KR_webconnectivity_6f1b3d2d8061f17b
https://openobservatory.slack.com/,ok,https://explorer.ooni.org/m/20260403064649.490306_KR_webconnectivity_ba13e609762cd019
https://opera.com/,ok,https://explorer.ooni.org/m/20260403064654.873000_KR_webconnectivity_248ee7ba0d0bd25a
https://outlook.live.com/,ok,https://explorer.ooni.org/m/20260403064656.942810_KR_webconnectivity_f0250e837973d55e
https://photos.google.com/,ok,https://explorer.ooni.org/m/20260403064701.015987_KR_webconnectivity_967097e1011281fa
https://pinboard.in/,ok,https://explorer.ooni.org/m/20260403064703.990631_KR_webconnectivity_3c6844c323e3a940
https://posteo.de/,ok,https://explorer.ooni.org/m/20260403064708.297334_KR_webconnectivity_a9ddad35bd611244
https://postimage.io/,http-failure,https://explorer.ooni.org/m/20260403064710.483449_KR_webconnectivity_f6846a457c715aed
https://presearch.org/,ok,https://explorer.ooni.org/m/20260403064712.883163_KR_webconnectivity_418f44423eeb108d
https://rumble.com/,ok,https://explorer.ooni.org/m/20260403064716.898595_KR_webconnectivity_a45f6877464182a7
http://sakhr.com/,ok,https://explorer.ooni.org/m/20260403064718.274435_KR_webconnectivity_c9b7aed12bc09a17
https://search.aol.com/,ok,https://explorer.ooni.org/m/20260403064721.019649_KR_webconnectivity_cb3c05e54fa89c5b
https://search.brave.com/,ok,https://explorer.ooni.org/m/20260403064723.450585_KR_webconnectivity_1eb6a217ab239e4e
https://secure.hi5.com/,ok,https://explorer.ooni.org/m/20260403064727.599469_KR_webconnectivity_4075c631266e2b0c
https://simplex.chat/,ok,https://explorer.ooni.org/m/20260403064729.567941_KR_webconnectivity_d3aac1ae449ef2a8
https://slack-imgs.com/,ok,https://explorer.ooni.org/m/20260403064731.241367_KR_webconnectivity_07249a52f92c3c37
https://slack.com/,ok,https://explorer.ooni.org/m/20260403064734.417443_KR_webconnectivity_dd80b22804168171
https://spideroak.com/,ok,https://explorer.ooni.org/m/20260403064738.784867_KR_webconnectivity_18805895c8694ab5
https://startpage.com/,http-failure,https://explorer.ooni.org/m/20260403064741.744859_KR_webconnectivity_8a90a5cb50852399
https://status.im/,ok,https://explorer.ooni.org/m/20260403064745.646868_KR_webconnectivity_eabe4fd230bdc2e2
https://storymaps.arcgis.com/,ok,https://explorer.ooni.org/m/20260403064749.172947_KR_webconnectivity_5889e33bc80420b5
https://support.delta.chat/,ok,https://explorer.ooni.org/m/20260403064753.614235_KR_webconnectivity_1712d1bded172ebc
https://tamtam.chat/,ok,https://explorer.ooni.org/m/20260403064756.483984_KR_webconnectivity_ce67685b39ec96ab
http://tcafek.com/,confirmed,https://explorer.ooni.org/m/20260403064812.989879_KR_webconnectivity_3e28a734c49311eb
https://teams.microsoft.com/,ok,https://explorer.ooni.org/m/20260403064815.363238_KR_webconnectivity_9e63384eb58cf5df
https://telegram.me/,dns,https://explorer.ooni.org/m/20260403064831.031087_KR_webconnectivity_cc5699bf16744f86
https://test-ipv6.com/,ok,https://explorer.ooni.org/m/20260403064833.834887_KR_webconnectivity_301faef70e7d4bd6
https://th.bing.com/th/id/OIP.YnpdokcN_OQYn3n41AlqZAHaEe?w=250&h=180&c=7&o=5&pid=1.7,ok,https://explorer.ooni.org/m/20260403064836.136276_KR_webconnectivity_e1755d1d90ff761e
https://translate.google.com/,ok,https://explorer.ooni.org/m/20260403064839.225934_KR_webconnectivity_2ddb65764a45330a
https://translation2.paralink.com/,ok,https://explorer.ooni.org/m/20260403064842.184598_KR_webconnectivity_5cc506c0739c53aa
https://transparencyreport.google.com/,ok,https://explorer.ooni.org/m/20260403064845.615795_KR_webconnectivity_6805edeb762e6518
https://trello.com/,ok,https://explorer.ooni.org/m/20260403064848.356400_KR_webconnectivity_cb28eda19e261640
https://tuta.com/,ok,https://explorer.ooni.org/m/20260403064853.831793_KR_webconnectivity_3629e56ce51c9dcc
http://tvcast.naver.com/,ok,https://explorer.ooni.org/m/20260403064857.717365_KR_webconnectivity_e72477a7b97ac583
http://tvpot.daum.net/,dns,https://explorer.ooni.org/m/20260403064858.995993_KR_webconnectivity_28956e1c9dd155c6
https://tvzil.com/,dns,https://explorer.ooni.org/m/20260403064900.198621_KR_webconnectivity_821313f6e776a046
https://tx.me/,ok,https://explorer.ooni.org/m/20260403064902.889884_KR_webconnectivity_601e65f064feff91
https://vector.im/_matrix/identity/api/v1,ok,https://explorer.ooni.org/m/20260403064904.650526_KR_webconnectivity_7f5cfc921b747a69
https://video-preview.s3.yandex.net/robots.txt,dns,https://explorer.ooni.org/m/20260403064905.473175_KR_webconnectivity_87cff8d842ec8f34
https://web.wechat.com/,ok,https://explorer.ooni.org/m/20260403064907.905371_KR_webconnectivity_cd8ea0898c636ab6
https://webcache.googleusercontent.com/robots.txt,ok,https://explorer.ooni.org/m/20260403064910.008625_KR_webconnectivity_0b2bd0f292037b8c
https://wire.com/,ok,https://explorer.ooni.org/m/20260403064912.567936_KR_webconnectivity_5569b60a67d3c8c6
https://worldhealth.net/,ok,https://explorer.ooni.org/m/20260403064915.038255_KR_webconnectivity_1368c9dc6d5da9d6
http://www.aids.or.kr/,ok,https://explorer.ooni.org/m/20260403064917.823914_KR_webconnectivity_26391fe24dfa1180
https://www.ananzi.co.za/,ok,https://explorer.ooni.org/m/20260403064922.494634_KR_webconnectivity_b956bcc84ee8fbf5
http://www.asiansexgazette.com/,dns,https://explorer.ooni.org/m/20260403064924.229946_KR_webconnectivity_bc050acf65554bb2
http://www.asiansexgazette.com/asg/asian_health.htm,dns,https://explorer.ooni.org/m/20260403064925.978752_KR_webconnectivity_7d4ee646a6bc8af9
http://www.ask.com/,ok,https://explorer.ooni.org/m/20260403064928.396557_KR_webconnectivity_5e2606f5125d7c23
https://www.asterisk.org/,ok,https://explorer.ooni.org/m/20260403064929.869146_KR_webconnectivity_5d2378fd71ec68ff
https://www.baidu.com/,ok,https://explorer.ooni.org/m/20260403064932.014657_KR_webconnectivity_23bafcab0fbd9c55
https://www.bbm.com/,ok,https://explorer.ooni.org/m/20260403064937.847478_KR_webconnectivity_45b62b1b1ca940f6
https://www.bing.com/,ok,https://explorer.ooni.org/m/20260403064940.815406_KR_webconnectivity_60efc1cb239294e4
https://www.bitchute.com/,ok,https://explorer.ooni.org/m/20260403064941.810613_KR_webconnectivity_4b87c677290b767d
https://www.blackberry.com/,ok,https://explorer.ooni.org/m/20260403064945.818116_KR_webconnectivity_9c1842c0d9dae688
https://www.broadvoice.com/,ok,https://explorer.ooni.org/m/20260403064950.314707_KR_webconnectivity_4d59339754022901
https://www.cdc.go.kr/board/board.es?mid=&bid=0030,error,https://explorer.ooni.org/m/20260403064956.117570_KR_webconnectivity_1829bcbe5c910e40
https://www.cdc.gov/,ok,https://explorer.ooni.org/m/20260403064958.429623_KR_webconnectivity_be39c0082f543c75
http://www.chol.com/,dns,https://explorer.ooni.org/m/20260403065000.720506_KR_webconnectivity_5e6ec1a3c6bef022
http://www.cirp.org/,ok,https://explorer.ooni.org/m/20260403065004.462591_KR_webconnectivity_dae08143d9867ebf
http://www.dailymotion.com/kr,ok,https://explorer.ooni.org/m/20260403065009.174785_KR_webconnectivity_4d014762e0196296
https://www.dailymotion.com/,ok,https://explorer.ooni.org/m/20260403065011.597729_KR_webconnectivity_dca751c8896a9357
http://www.daum.net/,ok,https://explorer.ooni.org/m/20260403065017.295992_KR_webconnectivity_e7716762b28e4a4a
https://www.doctorswithoutborders.org/,ok,https://explorer.ooni.org/m/20260403065020.631107_KR_webconnectivity_4c4ec9d81bc8c134
http://www.dreamwiz.com/,ok,https://explorer.ooni.org/m/20260403065025.627047_KR_webconnectivity_f84977371a621cb7
https://www.ecdc.europa.eu/,ok,https://explorer.ooni.org/m/20260403065029.777154_KR_webconnectivity_4236859f1557bdb8
http://www.empas.com/,ok,https://explorer.ooni.org/m/20260403065031.481611_KR_webconnectivity_69b810b55b5293dc
https://www.engenderhealth.org/,ok,https://explorer.ooni.org/m/20260403065038.573255_KR_webconnectivity_9b1ad0b20890bb20
http://www.euthanasia.cc/,ok,https://explorer.ooni.org/m/20260403065041.969715_KR_webconnectivity_b7078020fc754939
https://www.excite.com/,dns,https://explorer.ooni.org/m/20260403065043.108585_KR_webconnectivity_a145d826d473ccbf
https://www.fastmail.com/,ok,https://explorer.ooni.org/m/20260403065045.063952_KR_webconnectivity_3c61506e3db33b21
https://www.flickr.com/,ok,https://explorer.ooni.org/m/20260403065047.468664_KR_webconnectivity_c07b26debf0d20a2
https://www.fotki.com/,ok,https://explorer.ooni.org/m/20260403065050.048607_KR_webconnectivity_a5aff39e29c9a872
http://www.fotolog.com/,ok,https://explorer.ooni.org/m/20260403065054.925923_KR_webconnectivity_f0ac1cfc7a7f14ad
https://www.freepik.com/,ok,https://explorer.ooni.org/m/20260403065102.818372_KR_webconnectivity_25bc9d06dadef4bf
https://www.gatesfoundation.org/,ok,https://explorer.ooni.org/m/20260403065106.074108_KR_webconnectivity_367637a8a580ae9c
http://www.getdrupe.com/,ok,https://explorer.ooni.org/m/20260403065109.586293_KR_webconnectivity_2b74e70c70082167
https://www.google.co.kr/,ok,https://explorer.ooni.org/m/20260403065112.946711_KR_webconnectivity_ee15f7afa395f4bc
https://www.google.com/,ok,https://explorer.ooni.org/m/20260403065115.582149_KR_webconnectivity_e1774483a75b9a33
https://www.healthmap.org/covid-19/,ok,https://explorer.ooni.org/m/20260403065118.076653_KR_webconnectivity_34e1346d9612978e
https://www.hightail.com/,ok,https://explorer.ooni.org/m/20260403065120.574080_KR_webconnectivity_3ab0a0206319ef11
https://www.hotbot.com/,dns,https://explorer.ooni.org/m/20260403065121.899742_KR_webconnectivity_59f620b8d1c6a60d
https://www.hushmail.com/,ok,https://explorer.ooni.org/m/20260403065124.133520_KR_webconnectivity_63f5a50e9d9ea2b2
https://www.iconnecthere.com/,ok,https://explorer.ooni.org/m/20260403065126.823622_KR_webconnectivity_a075e03eb79bd247
http://www.implantinfo.com/,ok,https://explorer.ooni.org/m/20260403065131.794789_KR_webconnectivity_7bbd5852fc0d4db7
http://www.inbox.com/,ok,https://explorer.ooni.org/m/20260403065134.933218_KR_webconnectivity_156ec1d8753081e1
http://www.internet-phone.co.kr/,tcp_ip,https://explorer.ooni.org/m/20260403065221.476250_KR_webconnectivity_0643aec795960646
http://www.isscr.org/,ok,https://explorer.ooni.org/m/20260403065224.881323_KR_webconnectivity_1b70012c0cd42d1b
https://www.jabber.ru/,ok,https://explorer.ooni.org/m/20260403065229.111368_KR_webconnectivity_d5dc7e942cfddbdb
http://www.kakao.com/services/8,ok,https://explorer.ooni.org/m/20260403065236.223942_KR_webconnectivity_e93a6db2ef264b17
http://www.keptprivate.com/,ok,https://explorer.ooni.org/m/20260403065238.276815_KR_webconnectivity_bbdc00db7a2ccaa3
https://www.kff.org/,ok,https://explorer.ooni.org/m/20260403065240.259360_KR_webconnectivity_af435cf8ff8b72de
http://www.kftel.com/,ok,https://explorer.ooni.org/m/20260403065243.326398_KR_webconnectivity_938068a24bb2c040
https://www.last.fm/,ok,https://explorer.ooni.org/m/20260403065246.432076_KR_webconnectivity_5e495d274723cdde
http://www.lets070.net/,ok,https://explorer.ooni.org/m/20260403065248.414345_KR_webconnectivity_e5b40aba1b130461
http://www.lingo.com/,error,https://explorer.ooni.org/m/20260403065250.278532_KR_webconnectivity_d337fe5b8e754395
http://www.linphone.org/,ok,https://explorer.ooni.org/m/20260403065254.851449_KR_webconnectivity_29e0b8553d9de342
https://www.liveleak.com/,error,https://explorer.ooni.org/m/20260403065257.291970_KR_webconnectivity_ecf5364275eb88d6
http://www.love4one.com/,ok,https://explorer.ooni.org/m/20260403065303.916714_KR_webconnectivity_1967d0c0a6b21d69
http://www.lxnetworks.co.kr/,error,https://explorer.ooni.org/m/20260403065306.514634_KR_webconnectivity_f569b2cea9e29ae5
http://www.lycos.com/,ok,https://explorer.ooni.org/m/20260403065310.234559_KR_webconnectivity_c82be691ae617ed0
http://www.magicjack.com/,ok,https://explorer.ooni.org/m/20260403065314.831392_KR_webconnectivity_bb3f31c9aa9c641a
https://www.mail.com/,ok,https://explorer.ooni.org/m/20260403065319.091459_KR_webconnectivity_f92b162888edf950
http://www.mail.lycos.com/,ok,https://explorer.ooni.org/m/20260403065326.202908_KR_webconnectivity_19a2ae08f9391a77
http://www.mail2web.com/,ok,https://explorer.ooni.org/m/20260403065333.856104_KR_webconnectivity_670466831337aeb6
http://www.mailinator.com/,ok,https://explorer.ooni.org/m/20260403065337.292548_KR_webconnectivity_1384a47386afd83d
https://www.mamma.com/,ok,https://explorer.ooni.org/m/20260403065340.987872_KR_webconnectivity_afed1c6e0fbb5891
https://www.mariestopes.org.uk/,ok,https://explorer.ooni.org/m/20260403065346.894287_KR_webconnectivity_17662550e3799beb
http://www.medecinsdumonde.org/,ok,https://explorer.ooni.org/m/20260403065354.768498_KR_webconnectivity_dc8722107c3dcc6f
https://www.mediafire.com/,ok,https://explorer.ooni.org/m/20260403065356.012279_KR_webconnectivity_5c2c03809d065e13
http://www.medicinenet.com/,ok,https://explorer.ooni.org/m/20260403065359.816000_KR_webconnectivity_9043cfbed13965ce
http://www.mersjido.com/,ok,https://explorer.ooni.org/m/20260403065402.128878_KR_webconnectivity_b017cb8739b1fd4e
https://www.messenger.com/,ok,https://explorer.ooni.org/m/20260403065404.570116_KR_webconnectivity_37fcd017ab32db11
http://www.metacrawler.com/,dns,https://explorer.ooni.org/m/20260403065405.496683_KR_webconnectivity_0dd6a465b5287f9f
https://www.microsoft.com/,ok,https://explorer.ooni.org/m/20260403065408.167843_KR_webconnectivity_0236c31b8863134a
http://www.microsofttranslator.com/,ok,https://explorer.ooni.org/m/20260403065410.499677_KR_webconnectivity_50bdcb28a8978169
https://www.mojeek.com/,ok,https://explorer.ooni.org/m/20260403065413.089621_KR_webconnectivity_43f495c2366798a7
http://www.moohan.net/,dns,https://explorer.ooni.org/m/20260403065416.874962_KR_webconnectivity_67871e9179c8f1a8
https://www.msn.com/,ok,https://explorer.ooni.org/m/20260403065419.101676_KR_webconnectivity_aea14e020fe22af3
http://www.munjanara.co.kr/,error,https://explorer.ooni.org/m/20260403065436.037316_KR_webconnectivity_2d827700fd8bc2c1
http://www.naver.com/,ok,https://explorer.ooni.org/m/20260403065438.374712_KR_webconnectivity_32ef67fa96090bf5
http://www.netaddress.com/,ok,https://explorer.ooni.org/m/20260403065442.736878_KR_webconnectivity_f33e8fbdc6534f31
https://www.netaddress.com/,ok,https://explorer.ooni.org/m/20260403065445.928361_KR_webconnectivity_d9b49fb651b75ea4
https://www.netflix.com/,ok,https://explorer.ooni.org/m/20260403065451.285202_KR_webconnectivity_d872e1f64e8c5813
http://www.nicesms.co.kr/,dns,https://explorer.ooni.org/m/20260403065454.487637_KR_webconnectivity_14680105d7579ac7
http://www.olleh-kt.kr/,ok,https://explorer.ooni.org/m/20260403065457.278619_KR_webconnectivity_e255aa8f19d8ade4
http://www.online-translator.com/,ok,https://explorer.ooni.org/m/20260403065515.769281_KR_webconnectivity_07196caf28ef4854
http://www.oovoo.com/,ok,https://explorer.ooni.org/m/20260403065518.691756_KR_webconnectivity_5deda6f1ed8d2867
https://www.openstreetmap.org/,ok,https://explorer.ooni.org/m/20260403065521.754348_KR_webconnectivity_70ca165e2628b1c6
http://www.orgio.com/,ok,https://explorer.ooni.org/m/20260403065524.270164_KR_webconnectivity_b09b97dbc6a11ab7
http://www.paltalk.com/,ok,https://explorer.ooni.org/m/20260403065525.801160_KR_webconnectivity_c0456642ab95b952
http://www.pandora.com/,ok,https://explorer.ooni.org/m/20260403065528.596564_KR_webconnectivity_b332695006c6ff62
https://www.perplexity.ai/,ok,https://explorer.ooni.org/m/20260403065529.900249_KR_webconnectivity_c556d1dea9c42bbf
https://www.pinterest.com/,ok,https://explorer.ooni.org/m/20260403065532.769354_KR_webconnectivity_22e41f5e44a5a48a
https://www.postmaster.co.uk/,ok,https://explorer.ooni.org/m/20260403065535.173842_KR_webconnectivity_3c6c0f373e8a4c29
http://www.ppurio.com/,dns,https://explorer.ooni.org/m/20260403065539.473794_KR_webconnectivity_1fcc15f5549a1558
https://www.projectbaseline.com/studies/covid-research/,ok,https://explorer.ooni.org/m/20260403065541.726466_KR_webconnectivity_a07cac4ec7c18d8c
https://www.proton.me/,ok,https://explorer.ooni.org/m/20260403065547.760468_KR_webconnectivity_21a33e0be329e39c
https://www.rki.de/,ok,https://explorer.ooni.org/m/20260403065557.859479_KR_webconnectivity_d4962fe61a5e8e1d
https://www.search.com/,ok,https://explorer.ooni.org/m/20260403065603.415207_KR_webconnectivity_55c356222d377d4a
http://www.searchindia.com/,ok,https://explorer.ooni.org/m/20260403065608.651741_KR_webconnectivity_5b2983f55be30cbd
http://www.securenym.net/,ok,https://explorer.ooni.org/m/20260403065610.223506_KR_webconnectivity_83a8b43cd2a84026
https://www.sendthisfile.com/,ok,https://explorer.ooni.org/m/20260403065614.091487_KR_webconnectivity_e39687d0068d9ebb
http://www.shinbiro.com/,tcp_ip,https://explorer.ooni.org/m/20260403065700.187068_KR_webconnectivity_17bae54512d27767
http://www.sina.com.cn/,ok,https://explorer.ooni.org/m/20260403065706.596998_KR_webconnectivity_4b5baf8deb0e5151
https://www.skype.com/,ok,https://explorer.ooni.org/m/20260403065708.432592_KR_webconnectivity_33214b26038c316a
http://www.skysms.co.kr/,ok,https://explorer.ooni.org/m/20260403065710.247705_KR_webconnectivity_7e10fe2f153f37ad
http://www.slideshare.net/,ok,https://explorer.ooni.org/m/20260403065714.234941_KR_webconnectivity_0ba53cc0c948d3a1
https://www.startmail.com/,ok,https://explorer.ooni.org/m/20260403065720.061557_KR_webconnectivity_5303c531ea918773
https://www.subscribestar.com/,ok,https://explorer.ooni.org/m/20260403065723.925412_KR_webconnectivity_2b570d58269b7cf6
http://www.talkyou.me/,ok,https://explorer.ooni.org/m/20260403065726.536741_KR_webconnectivity_d645f675e2e48232
http://www.tango.me/,ok,https://explorer.ooni.org/m/20260403065733.161233_KR_webconnectivity_b5f6495067e19d74
https://www.tawk.to/,ok,https://explorer.ooni.org/m/20260403065736.431255_KR_webconnectivity_ada0cfd80f17f2ca
https://www.ted.com/,ok,https://explorer.ooni.org/m/20260403065739.365274_KR_webconnectivity_05f5adf487804a3b
https://www.textra.me/,ok,https://explorer.ooni.org/m/20260403065741.697774_KR_webconnectivity_0c5d609830a2b233
https://www.theglobalfund.org/,ok,https://explorer.ooni.org/m/20260403065745.557140_KR_webconnectivity_5069227936b82041
http://www.tialsoft.com/download/,ok,https://explorer.ooni.org/m/20260403065750.744643_KR_webconnectivity_0184e8671595adaf
http://www.tialsoft.com/multitranse/,ok,https://explorer.ooni.org/m/20260403065753.216072_KR_webconnectivity_09daeb132b82cadc
https://www.transferbigfiles.com/,ok,https://explorer.ooni.org/m/20260403065755.609603_KR_webconnectivity_4ad965532ecde9cb
http://www.translate.ru/,ok,https://explorer.ooni.org/m/20260403065800.561039_KR_webconnectivity_c50a002f24f0b786
https://www.truecaller.com/,ok,https://explorer.ooni.org/m/20260403065803.377212_KR_webconnectivity_0d00793fa502c44e
https://www.unaids.org/,ok,https://explorer.ooni.org/m/20260403065812.331493_KR_webconnectivity_112f3629c2f42101
https://www.ushareit.com/,dns,https://explorer.ooni.org/m/20260403065814.209053_KR_webconnectivity_1697749338a3b722
http://www.vtv.co.kr/,ok,https://explorer.ooni.org/m/20260403065822.463423_KR_webconnectivity_0ff6bb27d076bf07
https://www.vyke.com/,ok,https://explorer.ooni.org/m/20260403065830.815541_KR_webconnectivity_ffc2d94e79c4860e
http://www.wevo.co.kr/,error,https://explorer.ooni.org/m/20260403065849.068392_KR_webconnectivity_bccf8de677e9251c
http://www.whitepages.com/,ok,https://explorer.ooni.org/m/20260403065852.394184_KR_webconnectivity_3642c5b4def62069
https://www.who.int/,ok,https://explorer.ooni.org/m/20260403065854.704013_KR_webconnectivity_cb452a31a43429f8
https://www.wordreference.com/,ok,https://explorer.ooni.org/m/20260403065856.020882_KR_webconnectivity_d5a5e75bfa686a65
https://www.worldometers.info/coronavirus/,ok,https://explorer.ooni.org/m/20260403065858.458947_KR_webconnectivity_90e723684f3d94c8
http://www.yahoo.co.kr/,ok,https://explorer.ooni.org/m/20260403065901.824632_KR_webconnectivity_668ba003c7c5ef01
https://www.yahoo.com/,ok,https://explorer.ooni.org/m/20260403065907.170987_KR_webconnectivity_d61f792ae1d44e6f
https://yandex.com/,dns,https://explorer.ooni.org/m/20260403065908.235196_KR_webconnectivity_3597ab184eb78700
https://yandexwebcache.net/robots.txt,ok,https://explorer.ooni.org/m/20260403065911.542197_KR_webconnectivity_08baa48f18611a10
https://zoom.us/,ok,https://explorer.ooni.org/m/20260403065914.164086_KR_webconnectivity_594ddd1318a356e4
https://1.1.1.1/,tcp_ip,https://explorer.ooni.org/m/20260403065944.768469_KR_webconnectivity_b3694df5bf959b51
http://2015peoplepower.tistory.com/,ok,https://explorer.ooni.org/m/20260403065946.701139_KR_webconnectivity_5b1e1fc171b74d04
https://4genderjustice.org/,ok,https://explorer.ooni.org/m/20260403065952.333861_KR_webconnectivity_a03432521b2ef1d2
https://76crimes.com/,ok,https://explorer.ooni.org/m/20260403065955.473062_KR_webconnectivity_fe934e135d3ad61d
http://abc.go.com/,ok,https://explorer.ooni.org/m/20260403065959.028287_KR_webconnectivity_0893dc8e9a25f2ff
http://act.jinbo.net/,ok,https://explorer.ooni.org/m/20260403070005.947717_KR_webconnectivity_fc095d75b879c966
https://actionaid.org/,ok,https://explorer.ooni.org/m/20260403070009.252323_KR_webconnectivity_54fc427ac4e8a431
https://advox.globalvoices.org/,error,https://explorer.ooni.org/m/20260403070027.472791_KR_webconnectivity_090817d383281a6a
https://amnezia.org/,dns,https://explorer.ooni.org/m/20260403070028.644610_KR_webconnectivity_e6ae44d5d7e0a464
http://anonymizer.secuser.com/,dns,https://explorer.ooni.org/m/20260403070029.594675_KR_webconnectivity_96efe393517d2d51
http://anonymouse.org/,dns,https://explorer.ooni.org/m/20260403070045.268491_KR_webconnectivity_882947873b66891b
https://antivigilancia.org/,dns,https://explorer.ooni.org/m/20260403070047.509004_KR_webconnectivity_8b841b84eb7213d6
https://arc-international.net/,ok,https://explorer.ooni.org/m/20260403070053.633763_KR_webconnectivity_a4d11cec9e0dedb3
https://asiatimes.com/,ok,https://explorer.ooni.org/m/20260403070055.904814_KR_webconnectivity_1c265ecea8b6896f
https://atlasofsurveillance.org/,ok,https://explorer.ooni.org/m/20260403070058.505108_KR_webconnectivity_a7cfa09236681129
http://base21.jinbo.net/,ok,https://explorer.ooni.org/m/20260403070102.784799_KR_webconnectivity_3b46adfd0a7fe981
https://blog.genderwatchdog.org/,ok,https://explorer.ooni.org/m/20260403070104.844327_KR_webconnectivity_7d1f5bdbe05f8d80
http://blog.jinbo.net/,ok,https://explorer.ooni.org/m/20260403070111.741697_KR_webconnectivity_cceee762955f4b5a
https://bouncer.ooni.io/,ok,https://explorer.ooni.org/m/20260403070114.925441_KR_webconnectivity_11b15813b609a82e
https://brothersroad.org/,ok,https://explorer.ooni.org/m/20260403070116.841811_KR_webconnectivity_37bbd9383f36cd9f
http://cafe.daum.net/,ok,https://explorer.ooni.org/m/20260403070120.064149_KR_webconnectivity_efbff4e72b779715
http://cafe.daum.net/antimb,ok,https://explorer.ooni.org/m/20260403070122.601753_KR_webconnectivity_f8e1134ae0332bb5
http://cafe.daum.net/libertyofthepress,ok,https://explorer.ooni.org/m/20260403070124.899228_KR_webconnectivity_c2fd6b56633ab4e3
http://cafe.daum.net/pridecare,ok,https://explorer.ooni.org/m/20260403070127.139753_KR_webconnectivity_bc6feb8b8ec7fc66
http://cafe.daum.net/stopcjd,ok,https://explorer.ooni.org/m/20260403070129.785917_KR_webconnectivity_35ceeee1f6b41af6
http://cafe.naver.com/asunaro/,ok,https://explorer.ooni.org/m/20260403070135.093429_KR_webconnectivity_35c81bce4813dbf8
https://carnegieendowment.org/,ok,https://explorer.ooni.org/m/20260403070142.379368_KR_webconnectivity_ed5e5fe2f5f1e847
https://certbot.eff.org/,ok,https://explorer.ooni.org/m/20260403070146.946580_KR_webconnectivity_0f69689506ce6ea6
https://citizenlab.ca/,ok,https://explorer.ooni.org/m/20260403070151.064299_KR_webconnectivity_4032d090a5f9547d
https://cpj.org/,ok,https://explorer.ooni.org/m/20260403070153.067585_KR_webconnectivity_cbe18e6d179e538f
https://cryptpad.fr/,ok,https://explorer.ooni.org/m/20260403070155.844704_KR_webconnectivity_9ec1f9d2b50ab15b
https://cryptpad.org/instances/,ok,https://explorer.ooni.org/m/20260403070159.009849_KR_webconnectivity_128da59ab7021968
https://csid-online.org/,ok,https://explorer.ooni.org/m/20260403070201.952214_KR_webconnectivity_9934a832bb4d37d0
https://cyber.harvard.edu/,ok,https://explorer.ooni.org/m/20260403070205.813540_KR_webconnectivity_4fb4c82b70bba605
https://ddosecrets.com/,ok,https://explorer.ooni.org/m/20260403070210.558515_KR_webconnectivity_17b2da936e048a61
https://disclose.ngo/,ok,https://explorer.ooni.org/m/20260403070212.738510_KR_webconnectivity_b432b4d2d7b601d5
https://dn42.dev/,ok,https://explorer.ooni.org/m/20260403070214.951792_KR_webconnectivity_5aed1003e64da81d
https://edition.cnn.com/,ok,https://explorer.ooni.org/m/20260403070216.846090_KR_webconnectivity_56a434fe73a9ed5e
http://english.eduhope.net/,ok,https://explorer.ooni.org/m/20260403070223.580651_KR_webconnectivity_833c76878add58f1
http://english.hani.co.kr/,ok,https://explorer.ooni.org/m/20260403070227.719738_KR_webconnectivity_9b4a45b8e74bcf1c
http://english.yna.co.kr/,error,https://explorer.ooni.org/m/20260403070233.297187_KR_webconnectivity_104f2bfbb2977b36
https://epic.org/,ok,https://explorer.ooni.org/m/20260403070235.397812_KR_webconnectivity_1ad1487fe3e2bc81
https://feminist.org/,ok,https://explorer.ooni.org/m/20260403070238.018855_KR_webconnectivity_0f8faab2b2d85f5a
https://fleegle.mixmin.net/,ok,https://explorer.ooni.org/m/20260403070240.453084_KR_webconnectivity_d5685ba54a2c9b40
https://fondfbr.ru/,dns,https://explorer.ooni.org/m/20260403070242.833628_KR_webconnectivity_00b0d935151c4219
https://freedomhouse.org/,ok,https://explorer.ooni.org/m/20260403070245.816371_KR_webconnectivity_b4c3451cc234cfed
https://freemuse.org/,ok,https://explorer.ooni.org/m/20260403070253.473418_KR_webconnectivity_33a9b8992598c047
https://freespeechdebate.com/,tcp_ip,https://explorer.ooni.org/m/20260403070324.235695_KR_webconnectivity_5b80053d65b21a46
https://fronterafundrgv.org/,dns,https://explorer.ooni.org/m/20260403070326.631457_KR_webconnectivity_6ec24dd9d5ded5c3
https://fundtexaschoice.org/,ok,https://explorer.ooni.org/m/20260403070330.172617_KR_webconnectivity_3ccbb87106de0a3b
https://gaymenshealth.org/,ok,https://explorer.ooni.org/m/20260403070333.841964_KR_webconnectivity_beeab322f14a3c5d
https://genderandaids.unwomen.org/,ok,https://explorer.ooni.org/m/20260403070335.699432_KR_webconnectivity_4c8a77fe005731ca
https://globalpressjournal.com/,ok,https://explorer.ooni.org/m/20260403070337.604269_KR_webconnectivity_edf8e16de6f1bf1d
http://go.jinbo.net/,ok,https://explorer.ooni.org/m/20260403070342.008379_KR_webconnectivity_483e0f734232b167
https://gpgtools.org/,ok,https://explorer.ooni.org/m/20260403070345.158312_KR_webconnectivity_c3152f28e197eba7
https://guardianproject.info/,ok,https://explorer.ooni.org/m/20260403070348.709799_KR_webconnectivity_804d583ca41aa313
http://hbyd.org/,ok,https://explorer.ooni.org/m/20260403070356.870837_KR_webconnectivity_b2418d9b6f576abe
https://help.unhcr.org/,ok,https://explorer.ooni.org/m/20260403070400.148480_KR_webconnectivity_de9445d9a9c312ca
http://hotzone.yahoo.com/,ok,https://explorer.ooni.org/m/20260403070403.991326_KR_webconnectivity_8fbdca2493ac5663
http://hrights.or.kr/,ok,https://explorer.ooni.org/m/20260403070409.476380_KR_webconnectivity_2d98d7854a824cbf
http://hrlibrary.umn.edu/iwraw/,ok,https://explorer.ooni.org/m/20260403070412.825713_KR_webconnectivity_c65f95345b3658fc
http://humanmed.org/,dns,https://explorer.ooni.org/m/20260403070414.513812_KR_webconnectivity_6251b657b590ca5d
https://i2p2.de/,error,https://explorer.ooni.org/m/20260403070417.655207_KR_webconnectivity_62fd0be83dffd15b
https://i2pforum.net/,ok,https://explorer.ooni.org/m/20260403070421.735552_KR_webconnectivity_0086e52744072e18
https://i2pgit.org/,ok,https://explorer.ooni.org/m/20260403070424.069286_KR_webconnectivity_281d3b97d1961c15
https://ifeminists.com/,ok,https://explorer.ooni.org/m/20260403070428.625800_KR_webconnectivity_2ac9ccf5fe71ec3c
https://ij.org/,ok,https://explorer.ooni.org/m/20260403070430.737754_KR_webconnectivity_b15d260221871bd1
http://ijunnong.net/,ok,https://explorer.ooni.org/m/20260403070434.249634_KR_webconnectivity_0d532cf305431074
https://ikhwanonline.com/,ok,https://explorer.ooni.org/m/20260403070437.913338_KR_webconnectivity_658c8caeb4bbd2b0
https://ilga.org/,ok,https://explorer.ooni.org/m/20260403070439.669075_KR_webconnectivity_8568e21101d2d7b3
http://impeter.tistory.com/,ok,https://explorer.ooni.org/m/20260403070441.731121_KR_webconnectivity_9a3bdcf580e694ca
https://indymedia.org/,ok,https://explorer.ooni.org/m/20260403070444.053640_KR_webconnectivity_b62da7650138357c
http://instinctmagazine.com/,ok,https://explorer.ooni.org/m/20260403070448.974198_KR_webconnectivity_601c3ca956628b6a
https://internationalfamilyequalityday.org/,ok,https://explorer.ooni.org/m/20260403070453.577618_KR_webconnectivity_3cb92eb2eea989ea
https://ipi.media/,ok,https://explorer.ooni.org/m/20260403070456.830588_KR_webconnectivity_9375c28890fd4c47
https://itgetsbetter.org/,ok,https://explorer.ooni.org/m/20260403070500.213035_KR_webconnectivity_41088743742b95da
http://ivancity.com/,dns,https://explorer.ooni.org/m/20260403070506.972593_KR_webconnectivity_f51b5941ff44d69c
https://jezebel.com/,ok,https://explorer.ooni.org/m/20260403070508.991418_KR_webconnectivity_8ed57a9e11b298b0
http://joongang.joins.com/,ok,https://explorer.ooni.org/m/20260403070524.919974_KR_webconnectivity_5a4f48d08c6f2dbe
http://joongangdaily.joins.com/,ok,https://explorer.ooni.org/m/20260403070544.220400_KR_webconnectivity_1ca765d0e7efa8e5
http://jtbc.joins.com/,ok,https://explorer.ooni.org/m/20260403070549.085714_KR_webconnectivity_06625866947b0662
https://justassociates.org/,ok,https://explorer.ooni.org/m/20260403070555.591254_KR_webconnectivity_3fa76232ab2a1282
http://justicewomen.com/,ok,https://explorer.ooni.org/m/20260403070557.119926_KR_webconnectivity_014f3650f7fb8140
https://kaleidoscopetrust.com/,ok,https://explorer.ooni.org/m/20260403070602.887395_KR_webconnectivity_6bb16522f7739504
https://keys.openpgp.org/,ok,https://explorer.ooni.org/m/20260403070605.446909_KR_webconnectivity_a6467fbe6f154b3e
http://kfcitu.org/,ok,https://explorer.ooni.org/m/20260403070608.821976_KR_webconnectivity_3cf9526748e6ac01
http://khilafah.net/,ok,https://explorer.ooni.org/m/20260403070617.244757_KR_webconnectivity_b27e0bf12135f993
http://kieu.or.kr/,ok,https://explorer.ooni.org/m/20260403070619.901381_KR_webconnectivity_d61a3b30f4e49f03
http://koreapinkmap.com/,ok,https://explorer.ooni.org/m/20260403070628.348427_KR_webconnectivity_82f4fddb1db1a4e3
http://koredufund.org.kp/,dns,https://explorer.ooni.org/m/20260403070633.849359_KR_webconnectivity_cd3affb3d4aaef90
http://korelcfund.org.kp/,dns,https://explorer.ooni.org/m/20260403070640.675526_KR_webconnectivity_a9343bd9f1b53962
http://ktu.or.kr/,tcp_ip,https://explorer.ooni.org/m/20260403070724.822422_KR_webconnectivity_b77032cf30048b42
https://laborrights.org/,ok,https://explorer.ooni.org/m/20260403070729.452977_KR_webconnectivity_c32ba995cd1d29e4
https://lgbt.foundation/,ok,https://explorer.ooni.org/m/20260403070731.612005_KR_webconnectivity_31756f2113efd46b
http://lgbtact.org/,dns,https://explorer.ooni.org/m/20260403070747.500384_KR_webconnectivity_f748ceac89c1bc7d
https://lgbtqia.space/,ok,https://explorer.ooni.org/m/20260403070750.558849_KR_webconnectivity_385b4d41e88261ee
https://liveuamap.com/,ok,https://explorer.ooni.org/m/20260403070752.435135_KR_webconnectivity_36b343f3834b4c00
https://lokinet.org/,ok,https://explorer.ooni.org/m/20260403070755.464814_KR_webconnectivity_c255ccc6b6036b54
https://makeamazonpay.com/,ok,https://explorer.ooni.org/m/20260403070758.996217_KR_webconnectivity_8c244b6f172025fc
https://mask-api.icloud.com/,ok,https://explorer.ooni.org/m/20260403070801.256225_KR_webconnectivity_5331876ae076fb47
https://mask.icloud.com/,error,https://explorer.ooni.org/m/20260403070802.823037_KR_webconnectivity_212317114c471e32
https://massbrowser.cs.umass.edu/,ok,https://explorer.ooni.org/m/20260403070804.656138_KR_webconnectivity_434a6a7b22697500
http://media.daum.net/,ok,https://explorer.ooni.org/m/20260403070811.150545_KR_webconnectivity_91fa28c2e75d7d6a
http://media.nodong.org/,ok,https://explorer.ooni.org/m/20260403070815.178520_KR_webconnectivity_eb8f7118fca0212a
https://mega.nz/,ok,https://explorer.ooni.org/m/20260403070817.859923_KR_webconnectivity_34aec46e5338a6a0
http://members.tripod.com/~INDIA_RESOURCE/savoice.html,dns,https://explorer.ooni.org/m/20260403070827.197524_KR_webconnectivity_b99c59cf4c27a16a
https://messagevortex.net/,ok,https://explorer.ooni.org/m/20260403070830.204938_KR_webconnectivity_456b3e51575c2a6c
http://migrant.nodong.net/,ok,https://explorer.ooni.org/m/20260403070833.038577_KR_webconnectivity_68f9eeb8ffba4f86
http://minbyun.jinbo.net/,ok,https://explorer.ooni.org/m/20260403070837.817189_KR_webconnectivity_d9e1687424945b06
https://moscow.rtrs.ru/,ok,https://explorer.ooni.org/m/20260403070841.600918_KR_webconnectivity_c08215070bf60644
http://naenara.com.kp/,dns,https://explorer.ooni.org/m/20260403070844.037223_KR_webconnectivity_2d390c0256028713
https://ncac.org/,ok,https://explorer.ooni.org/m/20260403070848.071009_KR_webconnectivity_379cb0fa4ae725cc
https://neilalexander.s3.dualstack.eu-west-2.amazonaws.com/deb/key.txt,ok,https://explorer.ooni.org/m/20260403070852.297799_KR_webconnectivity_a82447cd027615f7
http://news.bbc.co.uk/2/hi/asia-pacific/,ok,https://explorer.ooni.org/m/20260403070856.238265_KR_webconnectivity_9f655cd9cf04592d
https://news.google.com/,ok,https://explorer.ooni.org/m/20260403070900.779561_KR_webconnectivity_614c3c99f20565bc
http://news.naver.com/,ok,https://explorer.ooni.org/m/20260403070903.897885_KR_webconnectivity_7ba01919d0bd615e
http://newstapa.org/,ok,https://explorer.ooni.org/m/20260403070907.648196_KR_webconnectivity_ce6121a48b4689d5
http://nodong.org/,ok,https://explorer.ooni.org/m/20260403070912.461871_KR_webconnectivity_9387b0b18d6fc9e3
http://noneis.jinbo.net/,ok,https://explorer.ooni.org/m/20260403070915.678257_KR_webconnectivity_2815ea01bf6af8ab
https://now.org/,ok,https://explorer.ooni.org/m/20260403070918.005170_KR_webconnectivity_48a38dfc89318f5d
https://numun.fund/,ok,https://explorer.ooni.org/m/20260403070922.740805_KR_webconnectivity_31a90829d3b1cb07
http://www.seapa.org/,tcp_ip,https://explorer.ooni.org/m/20260403070923.985615_KR_webconnectivity_a2f277795804325f
https://www.theatlantic.com/,dns,https://explorer.ooni.org/m/20260403070924.774067_KR_webconnectivity_ba82acc8cbc8186b
https://coinmarketcap.com/,dns,https://explorer.ooni.org/m/20260403070925.448789_KR_webconnectivity_68678254dab32814
https://krunker.io/,dns,https://explorer.ooni.org/m/20260403070926.470964_KR_webconnectivity_6964ba442881eda7
https://matcha.xyz/,dns,https://explorer.ooni.org/m/20260403070927.209623_KR_webconnectivity_99b69c56c5a205de
https://store.steampowered.com/,dns,https://explorer.ooni.org/m/20260403070928.206925_KR_webconnectivity_5220a205ebe163ef
https://tlauncher.org/,dns,https://explorer.ooni.org/m/20260403070928.944514_KR_webconnectivity_4e0aeed27b09175e
https://totaljerkface.com/,dns,https://explorer.ooni.org/m/20260403070929.651284_KR_webconnectivity_d2d9ca65be461328
http://wowbogo.net/,ok,https://explorer.ooni.org/m/20260403070930.390304_KR_webconnectivity_f566ea4db089b57d
https://www.blockchain.com/,dns,https://explorer.ooni.org/m/20260403070931.080492_KR_webconnectivity_1aa3d66eb408087a
https://www.coinbase.com/,dns,https://explorer.ooni.org/m/20260403070931.767022_KR_webconnectivity_c8f3501c472f6b87
https://www.exploit-db.com/,dns,https://explorer.ooni.org/m/20260403070933.063587_KR_webconnectivity_6e0c52771bf83cc0
https://www.f-list.net/,dns,https://explorer.ooni.org/m/20260403070933.937301_KR_webconnectivity_1fbec1b4c2afb28b
https://www.guildwars.com/,dns,https://explorer.ooni.org/m/20260403070934.663550_KR_webconnectivity_78917af2c6c719c2
http://www.hackforums.net/,dns,https://explorer.ooni.org/m/20260403070936.258099_KR_webconnectivity_f9c98f0be9c1852c
https://www.habbo.com/,dns,https://explorer.ooni.org/m/20260403070935.531742_KR_webconnectivity_cc18eeb1908b8d4b
https://www.origin.com/,dns,https://explorer.ooni.org/m/20260403070937.060352_KR_webconnectivity_e877d92ff631fdac
http://www.pmang.com/,dns,https://explorer.ooni.org/m/20260403070938.094082_KR_webconnectivity_daf119fda1daaea2
https://www.pogo.com/,dns,https://explorer.ooni.org/m/20260403070938.846850_KR_webconnectivity_eb93eac11dafa012
http://www.riftgame.com/,dns,https://explorer.ooni.org/m/20260403070939.720569_KR_webconnectivity_7d6e3fe1afad9465
https://asean.org/,ok,https://explorer.ooni.org/m/20260403070941.409428_KR_webconnectivity_c701107dcfd67b3e
http://data.donkeyhote.co.kr/,dns,https://explorer.ooni.org/m/20260403070942.112698_KR_webconnectivity_b7eedbeca3b1ff7f
http://file.daum.net/,ok,https://explorer.ooni.org/m/20260403070943.290587_KR_webconnectivity_124efc3edb5bd87e
https://files.pythonhosted.org/,ok,https://explorer.ooni.org/m/20260403070944.470410_KR_webconnectivity_104179710501dfde
https://libgen.fun/,error,https://explorer.ooni.org/m/20260403070946.774947_KR_webconnectivity_f73cb366673a026b
http://libgen.lc/,ok,https://explorer.ooni.org/m/20260403070948.506766_KR_webconnectivity_8f0359cc43c11432
https://libgen.space/,error,https://explorer.ooni.org/m/20260403070950.072346_KR_webconnectivity_8cef92ac166392b1
https://openverse.org/,ok,https://explorer.ooni.org/m/20260403070951.470516_KR_webconnectivity_58873512cf908202
https://savefrom.net/,dns,https://explorer.ooni.org/m/20260403070952.313147_KR_webconnectivity_f3e1b94e68822233
http://www.1koreannews.com/,ok,https://explorer.ooni.org/m/20260403070953.067818_KR_webconnectivity_aa97e988ea4aa1fc
https://1.1.1.1/dns-query?dns=q80BAAABAAAAAAAAA3d3dwdleGFtcGxlA2NvbQAAAQAB,tcp_ip,https://explorer.ooni.org/m/20260403071023.676474_KR_webconnectivity_1161e2618829c7ca
https://1.1.1.3/dns-query?dns=q80BAAABAAAAAAAAA3d3dwdleGFtcGxlA2NvbQAAAQAB,tcp_ip,https://explorer.ooni.org/m/20260403071054.281696_KR_webconnectivity_c8aeaac8b34f7b65
https://350.org/,ok,https://explorer.ooni.org/m/20260403071056.728393_KR_webconnectivity_9a449d243a6d29ec
https://8.8.4.4/dns-query?dns=q80BAAABAAAAAAAAA3d3dwdleGFtcGxlA2NvbQAAAQAB,ok,https://explorer.ooni.org/m/20260403071057.801791_KR_webconnectivity_5a4b3f5ba99a2379
https://8.8.8.8/dns-query?dns=q80BAAABAAAAAAAAA3d3dwdleGFtcGxlA2NvbQAAAQAB,ok,https://explorer.ooni.org/m/20260403071058.840748_KR_webconnectivity_a05bddeada9d852f
https://8kun.top/,dns,https://explorer.ooni.org/m/20260403071100.678777_KR_webconnectivity_ca023fb71e58db22
https://abortion-korea.org/,http-failure,https://explorer.ooni.org/m/20260403071103.186397_KR_webconnectivity_6ba100981f6f82f5
https://abortionfunds.org/,dns,https://explorer.ooni.org/m/20260403071105.376483_KR_webconnectivity_bee7cf027a821eb6
https://abortionnetwork.amsterdam/,dns,https://explorer.ooni.org/m/20260403071107.059513_KR_webconnectivity_df4bd2330b423671
https://abortionpillinfo.org/,ok,https://explorer.ooni.org/m/20260403071110.552603_KR_webconnectivity_9920a14d96b30bcc
https://ajax.aspnetcdn.com/ajax/4.5.2/1/MicrosoftAjax.js,ok,https://explorer.ooni.org/m/20260403071113.116184_KR_webconnectivity_d6a1678d5d0c7e2d
https://android.apis.google.com/robots.txt,ok,https://explorer.ooni.org/m/20260403071115.175146_KR_webconnectivity_9258ffb7b2a8d7d4
https://android.googleapis.com/robots.txt,ok,https://explorer.ooni.org/m/20260403071117.807326_KR_webconnectivity_f8ed551c89ef39c4
https://api.github.com/,ok,https://explorer.ooni.org/m/20260403071119.533049_KR_webconnectivity_4b14a755ca7d3820
https://apps.apple.com/us/developer/apple/id284417353/,ok,https://explorer.ooni.org/m/20260403071123.114527_KR_webconnectivity_66dab957d07c646b
https://archive.is/,ok,https://explorer.ooni.org/m/20260403071126.274385_KR_webconnectivity_f5d996d0a577bed0
https://archive.org/,ok,https://explorer.ooni.org/m/20260403071128.116819_KR_webconnectivity_cc2a194f23607a66
http://bestiz.net/,ok,https://explorer.ooni.org/m/20260403071129.883818_KR_webconnectivity_996634320b710932
https://bit.ly/,http-failure,https://explorer.ooni.org/m/20260403071131.031433_KR_webconnectivity_81c1212f859348ad
https://bitbucket.org/,ok,https://explorer.ooni.org/m/20260403071134.569019_KR_webconnectivity_55d3ca69651b823b
http://blog.naver.com/,ok,https://explorer.ooni.org/m/20260403071137.402431_KR_webconnectivity_a42d0019c4c34260
http://cafe.daum.net/Kgreens,ok,https://explorer.ooni.org/m/20260403071141.168089_KR_webconnectivity_f70e4efe1bdc7fa2
http://cafe.daum.net/chiwoo/,ok,https://explorer.ooni.org/m/20260403071143.422403_KR_webconnectivity_e68b43dc667e560d
http://cafe.daum.net/ok1221,ok,https://explorer.ooni.org/m/20260403071145.981972_KR_webconnectivity_52d7863a61c40f8b
http://cafe.daum.net/ssaumjil,ok,https://explorer.ooni.org/m/20260403071148.213555_KR_webconnectivity_a3d3a89af466b234
http://cafe.daum.net/subdued20club/,ok,https://explorer.ooni.org/m/20260403071150.666535_KR_webconnectivity_7f9457f2a154e663
http://cafe.naver.com/imsanbu,ok,https://explorer.ooni.org/m/20260403071155.527678_KR_webconnectivity_7bec2b95652410e3
https://cdn.ampproject.org/v0/amp-iframe-0.1.js,ok,https://explorer.ooni.org/m/20260403071158.168358_KR_webconnectivity_736ab2020d9ce268
https://cdnjs.cloudflare.com/,ok,https://explorer.ooni.org/m/20260403071158.997179_KR_webconnectivity_7d3a31085728c0cb
https://churchofgodinchristmennonite.net/,ok,https://explorer.ooni.org/m/20260403071201.023053_KR_webconnectivity_44ebe93552e8d8a5
https://cites.org/,ok,https://explorer.ooni.org/m/20260403071202.053690_KR_webconnectivity_42cdb49794d84496
https://citizensclimatelobby.org/,ok,https://explorer.ooni.org/m/20260403071204.407762_KR_webconnectivity_8dd0badd5f3d8cfa
https://cloudflare-ech.com/,ok,https://explorer.ooni.org/m/20260403071206.784351_KR_webconnectivity_fb1157a69b981dc8
http://clparty.kr/,error,https://explorer.ooni.org/m/20260403071223.311208_KR_webconnectivity_d74f177f3e61b9a0
https://code.jquery.com/,ok,https://explorer.ooni.org/m/20260403071225.385970_KR_webconnectivity_7cde5a4b81bac19c
https://codeberg.org/,ok,https://explorer.ooni.org/m/20260403071228.297075_KR_webconnectivity_88b44f04255bd4ff
https://codeload.github.com/github/rally/tar.gz/v1.0.1,ok,https://explorer.ooni.org/m/20260403071230.946739_KR_webconnectivity_55066edac6fe219b
https://data.worldbank.org/topic/environment,ok,https://explorer.ooni.org/m/20260403071232.594746_KR_webconnectivity_406c0846cd61af54
http://debate.org.uk/,ok,https://explorer.ooni.org/m/20260403071235.445125_KR_webconnectivity_699cfff8ce3ffb9b
https://dharmanet.org/,ok,https://explorer.ooni.org/m/20260403071239.114092_KR_webconnectivity_05fc1ee41fcc1e63
https://digital.globalclimatestrike.net/,ok,https://explorer.ooni.org/m/20260403071241.637287_KR_webconnectivity_4cfce0da002c6dde
https://dl.bintray.com/jfrog/xray/,ok,https://explorer.ooni.org/m/20260403071245.997696_KR_webconnectivity_0a75a9b47d8357a0
https://dl.google.com/robots.txt,ok,https://explorer.ooni.org/m/20260403071248.121770_KR_webconnectivity_a18baa8dd48a2f68
https://dns.google/,ok,https://explorer.ooni.org/m/20260403071249.574505_KR_webconnectivity_da2b4845f23fb956
https://docs.github.com/,ok,https://explorer.ooni.org/m/20260403071251.395168_KR_webconnectivity_b9c7e8ccdb375976
https://doh.dns.sb/dns-query?dns=q80BAAABAAAAAAAAA3d3dwdleGFtcGxlA2NvbQAAAQAB,dns,https://explorer.ooni.org/m/20260403071307.300733_KR_webconnectivity_122b81833d72ec07
https://download-installer.cdn.mozilla.net/,ok,https://explorer.ooni.org/m/20260403071308.870850_KR_webconnectivity_aba02843273972f4
https://earthobservatory.nasa.gov/global-maps,ok,https://explorer.ooni.org/m/20260403071312.307482_KR_webconnectivity_ddcfc01cee5a8944
https://earthwatch.org/,ok,https://explorer.ooni.org/m/20260403071314.249055_KR_webconnectivity_6165505462f43553
https://emchurch.org/,ok,https://explorer.ooni.org/m/20260403071317.392135_KR_webconnectivity_8f009611ddba8a67
https://espivblogs.net/,ok,https://explorer.ooni.org/m/20260403071322.417276_KR_webconnectivity_13dbf0cf5a9b6e9b
https://fcm.googleapis.com/$discovery/rest?version=v1,ok,https://explorer.ooni.org/m/20260403071324.506725_KR_webconnectivity_f57b770d83fdf0c0
https://findmymethod.org/,dns,https://explorer.ooni.org/m/20260403071325.206817_KR_webconnectivity_3729046d780feff4
https://firebaseinstallations.googleapis.com/robots.txt,ok,https://explorer.ooni.org/m/20260403071328.335530_KR_webconnectivity_0ecf2f38202a79ea
https://fosfeminista.org/,ok,https://explorer.ooni.org/m/20260403071330.612112_KR_webconnectivity_b833872c8114b4c9
https://freedns.afraid.org/,dns,https://explorer.ooni.org/m/20260403071331.893111_KR_webconnectivity_4250c9bdf631af50
https://fridaysforfuture.org/,ok,https://explorer.ooni.org/m/20260403071336.763733_KR_webconnectivity_ca323f8eb2f6b395
https://friendsoftheearth.uk/,ok,https://explorer.ooni.org/m/20260403071340.227134_KR_webconnectivity_7577bfc79d37b73a
https://frontlineaids.org/,ok,https://explorer.ooni.org/m/20260403071346.441772_KR_webconnectivity_572bc385cb058f76
https://gaggaalliance.org/,ok,https://explorer.ooni.org/m/20260403071349.712969_KR_webconnectivity_ec7c610fe6e2c2eb
http://gall.dcinside.com/,ok,https://explorer.ooni.org/m/20260403071354.845031_KR_webconnectivity_af8219fb92444d3c
http://gesomoon.com/Ver2/,ok,https://explorer.ooni.org/m/20260403071357.520400_KR_webconnectivity_2604dd19912c9174
https://ghost.org/,ok,https://explorer.ooni.org/m/20260403071400.697843_KR_webconnectivity_41269a62b6527e7e
https://gist.github.com/,ok,https://explorer.ooni.org/m/20260403071404.842625_KR_webconnectivity_feb23d0dfba1b7b0
https://github.com/,ok,https://explorer.ooni.org/m/20260403071413.015609_KR_webconnectivity_695166c4c5e6085f
https://github.com/twbs/bootstrap/releases/download/v4.5.3/bootstrap-4.5.3-examples.zip,ok,https://explorer.ooni.org/m/20260403071416.451384_KR_webconnectivity_d020f60f1bf26fc3
https://globalconservation.org/,ok,https://explorer.ooni.org/m/20260403071419.833772_KR_webconnectivity_7556b8f03f50a313
https://goaskalice.columbia.edu/,ok,https://explorer.ooni.org/m/20260403071422.258257_KR_webconnectivity_0d5344e0722d352c
https://greenhost.net/,ok,https://explorer.ooni.org/m/20260403071425.679356_KR_webconnectivity_488b49eecd4747c0
https://i.ytimg.com/vi/JBRf3nEqfZ8/hq720.jpg,ok,https://explorer.ooni.org/m/20260403071429.483401_KR_webconnectivity_39380e665f723b0a
https://iarf.net/,ok,https://explorer.ooni.org/m/20260403071437.954830_KR_webconnectivity_33c5b49a2545d7e8
https://impactlab.org/,ok,https://explorer.ooni.org/m/20260403071441.845723_KR_webconnectivity_1271a0084fff19cc
https://isaalmasih.net/,ok,https://explorer.ooni.org/m/20260403071444.414998_KR_webconnectivity_395182b1fea1c46e
https://islamic-relief.org/,ok,https://explorer.ooni.org/m/20260403071449.731337_KR_webconnectivity_956b2380a900bf47
https://islamonline.net/,ok,https://explorer.ooni.org/m/20260403071453.152570_KR_webconnectivity_078f826afb3078a5
https://jainworld.com/,ok,https://explorer.ooni.org/m/20260403071456.606994_KR_webconnectivity_7c8f1eb55c97b0ba
https://joturl.com/,ok,https://explorer.ooni.org/m/20260403071500.099194_KR_webconnectivity_eaa5661aa8a369e4
https://krishna.com/,ok,https://explorer.ooni.org/m/20260403071505.110609_KR_webconnectivity_52059e56c42b7332
https://letsencrypt.org/,ok,https://explorer.ooni.org/m/20260403071508.540967_KR_webconnectivity_dd6717dc436f3c7c
https://lh3.ggpht.com/_mm3cDcdhxkc/SzkPLt_zDUI/AAAAAAAAAZM/UplZlTSCVQc/s800/DSC_5305.jpg,ok,https://explorer.ooni.org/m/20260403071516.739049_KR_webconnectivity_782d52709cd5c7f8
https://lh3.googleusercontent.com/favicon.ico,ok,https://explorer.ooni.org/m/20260403071518.809531_KR_webconnectivity_f6af6e094eafba50
https://lh4.ggpht.com/_PvLDsC2pRvk/ShwiscZujVI/AAAAAAAAFIQ/4q-TYiQ13-k/s512/DSC01330.jpg,ok,https://explorer.ooni.org/m/20260403071522.097670_KR_webconnectivity_4765a024047aae71
https://media0.giphy.com/robots.txt,ok,https://explorer.ooni.org/m/20260403071523.548641_KR_webconnectivity_25eddf0b261c879e
https://media3.giphy.com/robots.txt,ok,https://explorer.ooni.org/m/20260403071524.925106_KR_webconnectivity_6392e1e811163c69
https://medium.com/,ok,https://explorer.ooni.org/m/20260403071530.363831_KR_webconnectivity_f22e3343e9302001
https://miro.medium.com/robots.txt,ok,https://explorer.ooni.org/m/20260403071531.959595_KR_webconnectivity_7f65149ecc1b8693
http://mlbpark.donga.com/,ok,https://explorer.ooni.org/m/20260403071540.170620_KR_webconnectivity_73d9f11cbebb2c5f
https://moodle.com/,ok,https://explorer.ooni.org/m/20260403071543.177423_KR_webconnectivity_efd9210e1d51431b
https://movabletype.com/,ok,https://explorer.ooni.org/m/20260403071544.255598_KR_webconnectivity_e4ba292a418ce99a
https://myabortionstory.tumblr.com/,dns,https://explorer.ooni.org/m/20260403071545.582741_KR_webconnectivity_e827713fc49dcde8
https://nazarene.org/,ok,https://explorer.ooni.org/m/20260403071550.571097_KR_webconnectivity_fedebca5164a354b
http://ndrive.naver.com/,ok,https://explorer.ooni.org/m/20260403071553.992900_KR_webconnectivity_6eaf2e6ccb7e279d
https://noblogs.org/,ok,https://explorer.ooni.org/m/20260403071558.362930_KR_webconnectivity_0f5c1c84759b30e3
https://notifications-pa.googleapis.com/robots.txt,ok,https://explorer.ooni.org/m/20260403071600.209943_KR_webconnectivity_e7768eff9bfe9807
https://oceanconservancy.org/,ok,https://explorer.ooni.org/m/20260403071602.254173_KR_webconnectivity_2529f2511b3c55bb
https://ooni.github.io/,ok,https://explorer.ooni.org/m/20260403071603.631621_KR_webconnectivity_3fdb4559899c257b
https://ow.ly/,ok,https://explorer.ooni.org/m/20260403071605.842679_KR_webconnectivity_5bf0e7f9bdce6fa5
https://pingomatic.com/,ok,https://explorer.ooni.org/m/20260403071608.083636_KR_webconnectivity_2e930cf300635e0e
https://play-lh.googleusercontent.com/SZ7vNaa9txw_JsYsiOOP4_4fOaKfJVMQ-_aM10MW7x93IPDYoqdIkHSw-ffCgBABFSM=s256-rw,ok,https://explorer.ooni.org/m/20260403071610.483165_KR_webconnectivity_42873b0e18ff053b
https://play.google.com/,ok,https://explorer.ooni.org/m/20260403071613.854446_KR_webconnectivity_efa9e9e9e6bc39ea
https://play.googleapis.com/robots.txt,ok,https://explorer.ooni.org/m/20260403071615.569281_KR_webconnectivity_561b1c861a5cedb8
https://private.canadianshield.cira.ca/dns-query?dns=q80BAAABAAAAAAAAA3d3dwdleGFtcGxlA2NvbQAAAQAB,ok,https://explorer.ooni.org/m/20260403071617.520850_KR_webconnectivity_b5f9a6e3d0885b93
https://prolife.com/,dns,https://explorer.ooni.org/m/20260403071621.604744_KR_webconnectivity_9dbe9793f58538dd
https://quran.com/,ok,https://explorer.ooni.org/m/20260403071623.808626_KR_webconnectivity_96f12e030438685f
https://rebellion.global/,ok,https://explorer.ooni.org/m/20260403071627.024464_KR_webconnectivity_19dced69bf132a51
https://redapes.org/,ok,https://explorer.ooni.org/m/20260403071632.157384_KR_webconnectivity_77ea3431d8188c4b
https://replug.io/,ok,https://explorer.ooni.org/m/20260403071635.746526_KR_webconnectivity_5a0c8286266a5e9e
http://ruliweb.daum.net/,http-failure,https://explorer.ooni.org/m/20260403071639.743360_KR_webconnectivity_bd4212f0943d9c50
https://rutube.ru/,ok,https://explorer.ooni.org/m/20260403071643.847851_KR_webconnectivity_5e4f540eee5b8db0
http://sex.clinic.co.kr/,dns,https://explorer.ooni.org/m/20260403071648.277709_KR_webconnectivity_8dcce4990ff96ce2
https://sexetc.org/,dns,https://explorer.ooni.org/m/20260403071649.789126_KR_webconnectivity_53b0880e3f63a2e1
http://shamash.org/,error,https://explorer.ooni.org/m/20260403071651.805099_KR_webconnectivity_dafc231873819f60
http://shia.org/,tcp_ip,https://explorer.ooni.org/m/20260403071722.632251_KR_webconnectivity_b90d75455c9bbec1
https://short.io/,ok,https://explorer.ooni.org/m/20260403071724.972849_KR_webconnectivity_b35d8679c21659a0
https://sites.google.com/,ok,https://explorer.ooni.org/m/20260403071734.264006_KR_webconnectivity_757a6ca77e4bf6b3
https://sniply.io/,ok,https://explorer.ooni.org/m/20260403071736.347780_KR_webconnectivity_e959d1592f2355fe
https://solar-aid.org/,ok,https://explorer.ooni.org/m/20260403071738.259406_KR_webconnectivity_e765e28be62a04f7
https://srhrforall.org/,ok,https://explorer.ooni.org/m/20260403071739.896318_KR_webconnectivity_422ee3737ce09e55
https://stackexchange.com/,ok,https://explorer.ooni.org/m/20260403071740.694815_KR_webconnectivity_a7158d17a863e5c4
https://stackoverflow.com/,ok,https://explorer.ooni.org/m/20260403071741.521916_KR_webconnectivity_1197f3d37d4fb26c
https://t2mio.com/,ok,https://explorer.ooni.org/m/20260403071744.255001_KR_webconnectivity_78c6483d4a9bdfdb
http://tanzil.net/,ok,https://explorer.ooni.org/m/20260403071747.596916_KR_webconnectivity_65eef00dc2838a53
https://technorati.com/,ok,https://explorer.ooni.org/m/20260403071750.801937_KR_webconnectivity_078690b561228f7c
https://thereisnoearthb.org/,ok,https://explorer.ooni.org/m/20260403071752.587614_KR_webconnectivity_2754ed6e5565edc3
https://tiny.cc/,ok,https://explorer.ooni.org/m/20260403071755.010464_KR_webconnectivity_883214f18ba603d6
https://tinyurl.com/,ok,https://explorer.ooni.org/m/20260403071756.850333_KR_webconnectivity_e597213460a1df30
https://torah.org/,ok,https://explorer.ooni.org/m/20260403071759.337973_KR_webconnectivity_165d86a6af75d95b
https://turbobit.net/,ok,https://explorer.ooni.org/m/20260403071802.410586_KR_webconnectivity_3150f3068c2ceba2
https://vesselthefilm.com/,ok,https://explorer.ooni.org/m/20260403071807.539234_KR_webconnectivity_b8c7c83ff27b9636
https://we.riseup.net/,ok,https://explorer.ooni.org/m/20260403071809.423294_KR_webconnectivity_691b767b3b99ac24
http://web.humoruniv.com/main.html,ok,https://explorer.ooni.org/m/20260403071813.824823_KR_webconnectivity_cccbca0fa73b7d0a
http://web.khu.ac.kr/,ok,https://explorer.ooni.org/m/20260403071815.567857_KR_webconnectivity_f070277f1d9d06d1
http://weblogs.us/,ok,https://explorer.ooni.org/m/20260403071821.099786_KR_webconnectivity_e435e14c6320d7b2
https://womenfirstdigital.org/,ok,https://explorer.ooni.org/m/20260403071823.316075_KR_webconnectivity_73aa206f74a09344
https://womenonweb.kr/,http-failure,https://explorer.ooni.org/m/20260403071825.439952_KR_webconnectivity_ebe7bf6f245544d3
https://wordpress.com/,ok,https://explorer.ooni.org/m/20260403071827.948941_KR_webconnectivity_465bbbc887e3ad42
https://wordpress.org/,ok,https://explorer.ooni.org/m/20260403071832.072749_KR_webconnectivity_46372e6321a6c689
https://write.as/,ok,https://explorer.ooni.org/m/20260403071834.732378_KR_webconnectivity_066571af204ad087
https://wupj.org/,ok,https://explorer.ooni.org/m/20260403071836.970583_KR_webconnectivity_a3cc8e57487b14a6
https://wwf.panda.org/,ok,https://explorer.ooni.org/m/20260403071841.863071_KR_webconnectivity_b26fa56bb9d51e10
https://www.100webspace.com/,ok,https://explorer.ooni.org/m/20260403071847.878180_KR_webconnectivity_0190b7c9e46ca1f6
https://www.1800respect.org.au/languages/,ok,https://explorer.ooni.org/m/20260403071851.787006_KR_webconnectivity_45fe87063b824336
https://www.abortoinfosegura.com/,ok,https://explorer.ooni.org/m/20260403071854.483764_KR_webconnectivity_d60efa971dacb89f
https://www.adl.org/,ok,https://explorer.ooni.org/m/20260403071856.415499_KR_webconnectivity_fd34a6fb74b8f458
https://www.adventist.org/,ok,https://explorer.ooni.org/m/20260403071857.715809_KR_webconnectivity_393cea4a93e08efe
https://www.advocatesforyouth.org/,ok,https://explorer.ooni.org/m/20260403071859.461755_KR_webconnectivity_aa886a3caf4db038
http://www.afreeca.com/,ok,https://explorer.ooni.org/m/20260403071903.683550_KR_webconnectivity_e400510b435afe05
http://www.ahsex.org/,error,https://explorer.ooni.org/m/20260403071920.114300_KR_webconnectivity_c0446654f5173040
https://www.angelfire.lycos.com/,error,https://explorer.ooni.org/m/20260403072020.434455_KR_webconnectivity_e3695951d11be32b
https://www.anglicancommunion.org/,ok,https://explorer.ooni.org/m/20260403072025.087035_KR_webconnectivity_ef4e1bdb31235b25
http://www.arder.co.kr/,dns,https://explorer.ooni.org/m/20260403072034.767463_KR_webconnectivity_75f9b697ab88dc8b
http://www.asiatour.com/,ok,https://explorer.ooni.org/m/20260403072037.504330_KR_webconnectivity_28360387d46adf0b
https://www.atheistalliance.org/,ok,https://explorer.ooni.org/m/20260403072042.369336_KR_webconnectivity_66eceb5a1a3ab0e0
https://www.atheists.org/,ok,https://explorer.ooni.org/m/20260403072045.110469_KR_webconnectivity_d5d9083de63f9555
http://www.auduboninternational.org/,ok,https://explorer.ooni.org/m/20260403072049.262322_KR_webconnectivity_52fc479dfab7d5b6
https://www.autistici.org/,ok,https://explorer.ooni.org/m/20260403072052.922056_KR_webconnectivity_2d1ecf3d0d95121f
http://www.bahai.org/,ok,https://explorer.ooni.org/m/20260403072056.940799_KR_webconnectivity_c74fde97c6d50a48
https://www.bing-amp.com/v0/amp-iframe-0.1.js,error,https://explorer.ooni.org/m/20260403072058.055703_KR_webconnectivity_052815f2fb8648e5
https://www.birthcontrol.com/,dns,https://explorer.ooni.org/m/20260403072100.715488_KR_webconnectivity_04212567ff7e3f09
http://www.biz.ly/,ok,https://explorer.ooni.org/m/20260403072104.147505_KR_webconnectivity_a82987e1bf7b3142
https://www.bl.ink/,ok,https://explorer.ooni.org/m/20260403072106.583815_KR_webconnectivity_9ce286c860e9eedf
http://www.blogeasy.com/,ok,https://explorer.ooni.org/m/20260403072107.910722_KR_webconnectivity_fdf3727d5f75dcf8
https://www.blogger.com/,ok,https://explorer.ooni.org/m/20260403072111.987816_KR_webconnectivity_d1249850bb80eea4
http://www.blogsome.com/,ok,https://explorer.ooni.org/m/20260403072115.110761_KR_webconnectivity_e426146a688141d8
https://www.brinkster.com/,ok,https://explorer.ooni.org/m/20260403072117.680737_KR_webconnectivity_3146be8abfef1f04
http://www.buddhanet.net/,ok,https://explorer.ooni.org/m/20260403072125.065031_KR_webconnectivity_175b99209e17b3be
http://www.cafe24.com/,dns,https://explorer.ooni.org/m/20260403072128.795506_KR_webconnectivity_868d76cb72c25957
https://www.carbonbrief.org/,ok,https://explorer.ooni.org/m/20260403072130.807054_KR_webconnectivity_607461dec5279c33
https://www.carbonmap.org/,ok,https://explorer.ooni.org/m/20260403072133.053017_KR_webconnectivity_98dc0d174301bf21
https://www.catholic.org/,ok,https://explorer.ooni.org/m/20260403072137.409773_KR_webconnectivity_11315c9504ee7424
https://www.catholicsforchoice.org/,ok,https://explorer.ooni.org/m/20260403072139.113292_KR_webconnectivity_e0f7c9c94281046b
https://www.ccel.org/,ok,https://explorer.ooni.org/m/20260403072146.138185_KR_webconnectivity_d47a90e652c17be9
https://www.ceceurope.org/,ok,https://explorer.ooni.org/m/20260403072151.672264_KR_webconnectivity_b51f9b6bc15a90df
https://www.christianity.com/,ok,https://explorer.ooni.org/m/20260403072154.450216_KR_webconnectivity_7fe47d90d5f4a08b
https://www.christianitytoday.com/,ok,https://explorer.ooni.org/m/20260403072158.407615_KR_webconnectivity_de36a2a9e844bc3a
https://www.cleanwateraction.org/,ok,https://explorer.ooni.org/m/20260403072200.986801_KR_webconnectivity_9086b9352f49a2b2
https://www.climaterealityproject.org/,ok,https://explorer.ooni.org/m/20260403072205.873446_KR_webconnectivity_513cfecfc7070dd8
https://www.coolearth.org/,ok,https://explorer.ooni.org/m/20260403072209.524881_KR_webconnectivity_3a6b5fcdea636c2b
https://www.copticchurch.net/,ok,https://explorer.ooni.org/m/20260403072212.633578_KR_webconnectivity_a6786c1c4fe9f2db
https://www.cseindia.org/,ok,https://explorer.ooni.org/m/20260403072217.379879_KR_webconnectivity_ea74cfd0caf7c9f8
http://www.dogdrip.net/,dns,https://explorer.ooni.org/m/20260403072218.757323_KR_webconnectivity_fb076ca686e4d3ef
https://www.dotster.com/,dns,https://explorer.ooni.org/m/20260403072219.644722_KR_webconnectivity_61338d0051ed58ef
https://www.dreamhost.com/,ok,https://explorer.ooni.org/m/20260403072222.201184_KR_webconnectivity_d1e0f1d80e9c1321
https://www.earthaction.org/,ok,https://explorer.ooni.org/m/20260403072225.140814_KR_webconnectivity_6c1c295433b45bf3
https://www.earthrights.org/,ok,https://explorer.ooni.org/m/20260403072227.069754_KR_webconnectivity_280c68343c24e0fe
http://www.ebaumsworld.com/,dns,https://explorer.ooni.org/m/20260403072227.837405_KR_webconnectivity_49d0382d070a81bb
http://www.eco.or.kr/,ok,https://explorer.ooni.org/m/20260403072235.357912_KR_webconnectivity_d463b0d22651daa1
https://www.edf.org/,ok,https://explorer.ooni.org/m/20260403072236.943921_KR_webconnectivity_b534234698f670b7
https://www.eea.europa.eu/,ok,https://explorer.ooni.org/m/20260403072243.860909_KR_webconnectivity_bcdb27872d5a41a8
https://www.emailaddresses.com/,ok,https://explorer.ooni.org/m/20260403072246.213566_KR_webconnectivity_937b3c2f025a357c
https://www.enom.com/,ok,https://explorer.ooni.org/m/20260403072248.674948_KR_webconnectivity_2862d7bbca9cedb5
https://www.epik.com/,ok,https://explorer.ooni.org/m/20260403072256.317611_KR_webconnectivity_f7771356dacb1599
https://www.episcopalchurch.org/,ok,https://explorer.ooni.org/m/20260403072259.553051_KR_webconnectivity_1a0e0e92fc6ed102
https://www.ewg.org/,ok,https://explorer.ooni.org/m/20260403072302.092046_KR_webconnectivity_7a6f389ffe4affc4
https://www.exmormon.org/,tcp_ip,https://explorer.ooni.org/m/20260403072334.855627_KR_webconnectivity_b07b848db527a1a2
https://www.fhi360.org/,ok,https://explorer.ooni.org/m/20260403072338.608544_KR_webconnectivity_663d88031358f408
http://www.fmkorea.com/,ok,https://explorer.ooni.org/m/20260403072341.444808_KR_webconnectivity_ea492a404580dfdb
https://www.footprintnetwork.org/,ok,https://explorer.ooni.org/m/20260403072346.591154_KR_webconnectivity_b982862831ff82da
http://www.formercatholic.com/,ok,https://explorer.ooni.org/m/20260403072348.443296_KR_webconnectivity_fef7130a29f928ec
https://www.frc.org/,ok,https://explorer.ooni.org/m/20260403072351.161984_KR_webconnectivity_c613ce8c1add58c5
http://www.freeservers.com/,ok,https://explorer.ooni.org/m/20260403072353.330507_KR_webconnectivity_bfd8f6445f85a4c5
http://www.freewebspace.com/,ok,https://explorer.ooni.org/m/20260403072358.231395_KR_webconnectivity_a753ecf13b3cb8fb
http://www.gabia.com/,error,https://explorer.ooni.org/m/20260403072402.172533_KR_webconnectivity_ed87f55bd624eb42
https://www.globalwitness.org/,ok,https://explorer.ooni.org/m/20260403072407.740901_KR_webconnectivity_b4ce07b88e67b54c
https://www.goarch.org/,ok,https://explorer.ooni.org/m/20260403072408.858788_KR_webconnectivity_2c3d855484f4af32
http://www.godalone.org/,ok,https://explorer.ooni.org/m/20260403072412.260025_KR_webconnectivity_b63ad6434d0ffde8
https://www.googleapis.com/auth/cloud-platform,ok,https://explorer.ooni.org/m/20260403072415.463888_KR_webconnectivity_c40d705adbc173fd
http://www.greenkorea.org/,ok,https://explorer.ooni.org/m/20260403072419.661735_KR_webconnectivity_5168e5447456669a
http://www.greennet.org.uk/,ok,https://explorer.ooni.org/m/20260403072424.487766_KR_webconnectivity_e2ebe5b8d84a5a7b
https://www.greenpeace.org/,ok,https://explorer.ooni.org/m/20260403072426.055302_KR_webconnectivity_61c84bc8070479af
https://www.gstatic.com/robots.txt,ok,https://explorer.ooni.org/m/20260403072428.134276_KR_webconnectivity_3a919e3822f66beb
http://www.hotge.co.kr/,ok,https://explorer.ooni.org/m/20260403072431.490630_KR_webconnectivity_6ce3b30714d4e6e1
https://www.howtouseabortionpill.org/,ok,https://explorer.ooni.org/m/20260403072435.784248_KR_webconnectivity_80c04a97973d5da2
https://www.iaea.org/,ok,https://explorer.ooni.org/m/20260403072437.329895_KR_webconnectivity_04977c4d6569c7ad
http://www.iavi.org/,ok,https://explorer.ooni.org/m/20260403072439.079679_KR_webconnectivity_637fcdd04dd247fb
http://www.iico.org/,ok,https://explorer.ooni.org/m/20260403072441.024926_KR_webconnectivity_4cd9c2033df109d4
https://www.internationalrivers.org/,ok,https://explorer.ooni.org/m/20260403072444.841602_KR_webconnectivity_5451492ac4e93889
https://www.ipcc.ch/,ok,https://explorer.ooni.org/m/20260403072450.045014_KR_webconnectivity_fbd3a0cc9823cdf1
http://www.islameyat.com/,ok,https://explorer.ooni.org/m/20260403072456.469696_KR_webconnectivity_4f58ecae5f1da914
http://www.islamicity.com/,ok,https://explorer.ooni.org/m/20260403072457.648011_KR_webconnectivity_a2535450acb74108
https://www.islaminstitut.de/en/,ok,https://explorer.ooni.org/m/20260403072501.673835_KR_webconnectivity_6949e6e99ba372b3
https://www.iucn.org/,ok,https://explorer.ooni.org/m/20260403072504.960351_KR_webconnectivity_eb898d59fd90531f
http://www.jesussaves.cc/,ok,https://explorer.ooni.org/m/20260403072509.585420_KR_webconnectivity_4fde7c41abc218f5
http://www.jinbo.net/,ok,https://explorer.ooni.org/m/20260403072512.287808_KR_webconnectivity_e0487a7061bae704
http://www.judaism.com/,ok,https://explorer.ooni.org/m/20260403072514.729338_KR_webconnectivity_1113581113829425
http://www.judaismconversion.org/,ok,https://explorer.ooni.org/m/20260403072522.104766_KR_webconnectivity_6518cfaf67ea42c9
https://www.jw.org/,error,https://explorer.ooni.org/m/20260403072523.653590_KR_webconnectivity_3f54f2f5761e41e3
http://www.kfem.or.kr/,ok,https://explorer.ooni.org/m/20260403072532.033221_KR_webconnectivity_ce3b04bda93e33f4
http://www.kgreens.org/,ok,https://explorer.ooni.org/m/20260403072538.865236_KR_webconnectivity_a2f260984f0a1cc9
http://www.krts.or.kr/,ok,https://explorer.ooni.org/m/20260403072543.898059_KR_webconnectivity_23acfa710c0e0034
https://www.leaseweb.com/,ok,https://explorer.ooni.org/m/20260403072548.252102_KR_webconnectivity_bcf905f3a29163cf
https://www.livejournal.com/,dns,https://explorer.ooni.org/m/20260403072549.236974_KR_webconnectivity_97fdf2ca64582586
http://www.mgoon.com/,error,https://explorer.ooni.org/m/20260403072606.237537_KR_webconnectivity_75241481132650e0
http://www.muhammadanism.com/,ok,https://explorer.ooni.org/m/20260403072619.142010_KR_webconnectivity_918e540829217c87
http://www.nate.com/,ok,https://explorer.ooni.org/m/20260403072620.811627_KR_webconnectivity_da88536530601f6d
http://www.nate.com/?f=pann,ok,https://explorer.ooni.org/m/20260403072622.474824_KR_webconnectivity_52ad8dc5ef90436f
http://www.nature.org/,ok,https://explorer.ooni.org/m/20260403072626.327542_KR_webconnectivity_ec5729db0a0aa97d
http://www.no-ip.com/,ok,https://explorer.ooni.org/m/20260403072630.131483_KR_webconnectivity_8f50c16a25a28057
https://www.oca.org/,ok,https://explorer.ooni.org/m/20260403072633.238887_KR_webconnectivity_c51b0875d667b523
http://www.oicc.org/,ok,https://explorer.ooni.org/m/20260403072636.082308_KR_webconnectivity_f80afa2d32e7ce0b
http://www.oikoumene.org/,ok,https://explorer.ooni.org/m/20260403072639.425488_KR_webconnectivity_21c6def2b324ea99
https://www.om.org/,ok,https://explorer.ooni.org/m/20260403072640.511981_KR_webconnectivity_06ba57877d2babae
https://www.orangewebsite.com/,ok,https://explorer.ooni.org/m/20260403072646.852568_KR_webconnectivity_c6dbc87b9115c0c3
http://www.orthodoxconvert.info/,ok,https://explorer.ooni.org/m/20260403072649.565358_KR_webconnectivity_6f43e01464d60ed9
https://www.paganpride.org/,ok,https://explorer.ooni.org/m/20260403072653.301551_KR_webconnectivity_0e7d946fe351498b
https://www.persecution.org/,ok,https://explorer.ooni.org/m/20260403072656.498624_KR_webconnectivity_3fab14d4265af331
https://www.petside.com/,ok,https://explorer.ooni.org/m/20260403072732.444681_KR_webconnectivity_d3dbcefb55b9c13c
http://www.podbbang.com/,ok,https://explorer.ooni.org/m/20260403072736.966756_KR_webconnectivity_e4742bcf4c3011db
http://www.ppfk.or.kr/,ok,https://explorer.ooni.org/m/20260403072742.720739_KR_webconnectivity_7afd9c8ec7c11991
http://www.ppomppu.co.kr/zboard/zboard.php?id=freeboard,ok,https://explorer.ooni.org/m/20260403072744.074837_KR_webconnectivity_36abaf8bc6d78244
https://www.privex.io/,ok,https://explorer.ooni.org/m/20260403072747.442162_KR_webconnectivity_5f0fd894bf580277
http://www.prolife.or.kr/,ok,https://explorer.ooni.org/m/20260403072752.945957_KR_webconnectivity_ce13a609d4282c13
http://www.pullbbang.com/,dns,https://explorer.ooni.org/m/20260403072754.770928_KR_webconnectivity_dde19735e9eafe50
https://www.rackspace.com/,ok,https://explorer.ooni.org/m/20260403072758.109835_KR_webconnectivity_5fdf9aaeeb215eb7
http://www.ran.org/,ok,https://explorer.ooni.org/m/20260403072801.129912_KR_webconnectivity_2e2319a6790b80c9
https://www.ran.org/,ok,https://explorer.ooni.org/m/20260403072802.701459_KR_webconnectivity_d3469951654d6933
https://www.rebrandly.com/,ok,https://explorer.ooni.org/m/20260403072804.749922_KR_webconnectivity_7550575b36971f5b
https://www.reprouncensored.org/,ok,https://explorer.ooni.org/m/20260403072808.098506_KR_webconnectivity_46df22366f4de096
https://www.resourcematters.org/,ok,https://explorer.ooni.org/m/20260403072809.912504_KR_webconnectivity_d063dbeeda61a479
https://www.salvationarmy.org/,ok,https://explorer.ooni.org/m/20260403072813.678513_KR_webconnectivity_fb93092908de7ad7
http://www.sangsaeng.org/,dns,https://explorer.ooni.org/m/20260403072816.455394_KR_webconnectivity_96e603a0a9bfe44b
https://www.sbc.net/,ok,https://explorer.ooni.org/m/20260403072820.044037_KR_webconnectivity_96241cc7273c642f
http://www.scientology.org/,ok,https://explorer.ooni.org/m/20260403072822.195842_KR_webconnectivity_e4a087065d2df846
http://www.sex-academy.com/,dns,https://explorer.ooni.org/m/20260403072824.325871_KR_webconnectivity_e35edec9ca738e7d
http://www.sexandu.ca/,dns,https://explorer.ooni.org/m/20260403072828.089569_KR_webconnectivity_a3c5a02e15e1a2ff
http://www.sexandu.ca/fr/,dns,https://explorer.ooni.org/m/20260403072832.646556_KR_webconnectivity_e2ff8ae9abaa436f
https://www.sfsi.org/,dns,https://explorer.ooni.org/m/20260403072835.071275_KR_webconnectivity_8e62a7babd5e01a1
http://www.shinto.org/,ok,https://explorer.ooni.org/m/20260403072841.177032_KR_webconnectivity_68952bce35e24944
https://www.sierraclub.org/,ok,https://explorer.ooni.org/m/20260403072842.234922_KR_webconnectivity_5a1eefa4204a9077
http://www.submission.org/,ok,https://explorer.ooni.org/m/20260403072846.187254_KR_webconnectivity_fd04ac4bb29078dc
http://www.survive.org.uk/,ok,https://explorer.ooni.org/m/20260403072848.743907_KR_webconnectivity_e4f35827894c897c
http://www.tcloud.co.kr/,ok,https://explorer.ooni.org/m/20260403072905.417385_KR_webconnectivity_e0f262ec6d57993e
http://www.teenhealthfx.com/,ok,https://explorer.ooni.org/m/20260403072909.149186_KR_webconnectivity_cb19b72e97b9df51
http://www.themwl.org/,ok,https://explorer.ooni.org/m/20260403072913.400623_KR_webconnectivity_b5908edaed5b8307
http://www.tistory.com/,ok,https://explorer.ooni.org/m/20260403072918.173086_KR_webconnectivity_854a63f87b1730fb
http://www.todayhumor.co.kr/,ok,https://explorer.ooni.org/m/20260403072920.877602_KR_webconnectivity_1604d5d87b555574
http://www.tripod.lycos.com/,ok,https://explorer.ooni.org/m/20260403072923.416176_KR_webconnectivity_6ca460b571515444
http://www.truthnet.org/,dns,https://explorer.ooni.org/m/20260403072939.055800_KR_webconnectivity_cbeb0fb0cc2ec916
http://www.typepad.com/,ok,https://explorer.ooni.org/m/20260403072940.296393_KR_webconnectivity_3965b854d45a6fc3
https://www.ucc.org/,ok,https://explorer.ooni.org/m/20260403072942.673978_KR_webconnectivity_baada3e4972d1b80
https://www.ucsusa.org/,ok,https://explorer.ooni.org/m/20260403072946.382834_KR_webconnectivity_bffd7efc47cbc113
http://www.ultimatebirthcontrol.com/,dns,https://explorer.ooni.org/m/20260403072948.126922_KR_webconnectivity_60004d6b28a04f77
http://www.umc.org/,ok,https://explorer.ooni.org/m/20260403072950.956716_KR_webconnectivity_5361801c0382b2c5
https://www.unep.org/,ok,https://explorer.ooni.org/m/20260403072954.047495_KR_webconnectivity_04ac4b760d1fdd24
http://www.upci.org/,ok,https://explorer.ooni.org/m/20260403073000.131883_KR_webconnectivity_6411ace198dc22bf
http://www.vatican.va/,ok,https://explorer.ooni.org/m/20260403073002.116433_KR_webconnectivity_b0a9988ad36c34cb
http://www.wcicc.org/,ok,https://explorer.ooni.org/m/20260403073006.065463_KR_webconnectivity_c78b8da6502efadd
https://www.weebly.com/,ok,https://explorer.ooni.org/m/20260403073008.537331_KR_webconnectivity_ac5a0bc71aec46b6
http://www.whois.co.kr/,ok,https://explorer.ooni.org/m/20260403073014.757198_KR_webconnectivity_81a09ba2b0fde05f
http://www.wix.com/,ok,https://explorer.ooni.org/m/20260403073016.162454_KR_webconnectivity_5e455c94e1079e27
http://www.worldjewishcongress.org/,ok,https://explorer.ooni.org/m/20260403073022.083496_KR_webconnectivity_17074c05fdcc65cc
https://www.worldwildlife.org/,ok,https://explorer.ooni.org/m/20260403073023.649188_KR_webconnectivity_57b47be73ec9db3e
https://www.xenu.net/,ok,https://explorer.ooni.org/m/20260403073028.962739_KR_webconnectivity_380b74bce005ef02
http://www.xyinlove.co.kr/,error,https://explorer.ooni.org/m/20260403073045.798108_KR_webconnectivity_22b19f11d752b361
https://www.yola.com/,ok,https://explorer.ooni.org/m/20260403073048.935257_KR_webconnectivity_8ecd70d9378d4daa
https://www.zoomshare.com/,dns,https://explorer.ooni.org/m/20260403073050.682609_KR_webconnectivity_f6417533ffa30c63
http://xanga.com/,ok,https://explorer.ooni.org/m/20260403073052.764163_KR_webconnectivity_bced40d819d58161
https://xda-developers.com/,ok,https://explorer.ooni.org/m/20260403073058.662855_KR_webconnectivity_dd8f369307c0922d
https://yourls.org/,ok,https://explorer.ooni.org/m/20260403073100.438995_KR_webconnectivity_290406f8f89f43ae
https://yt3.ggpht.com/a-/AOh14GhGCI1dxtHOY_TDQfmxDBK_S7CHTPJ3U6zOUw=s480-c-k-c0x00ffffff-no-rj-mo,ok,https://explorer.ooni.org/m/20260403073104.467886_KR_webconnectivity_0228da9767a4e3b8
https://yt4.ggpht.com/a-/AOh14GhOiUxI-RcMC-Vfl2i15v3xewMr8bt2yNXTfw=s480-c-k-c0x00ffffff-no-rj-mo,ok,https://explorer.ooni.org/m/20260403073108.424804_KR_webconnectivity_bd37d1d7b0579951
https://www.feministfrequency.com/,dns,https://explorer.ooni.org/m/20260403073109.149852_KR_webconnectivity_c7bc1e2c014dd93f
http://www.gayrice.com/,dns,https://explorer.ooni.org/m/20260403073109.810063_KR_webconnectivity_ab6a79255e01b9a8
http://www.gayrice.com/gayplaces/country.php?cid=126,dns,https://explorer.ooni.org/m/20260403073110.489495_KR_webconnectivity_05808fa6667f0fe8
https://www.hyphanet.org/,dns,https://explorer.ooni.org/m/20260403073111.209540_KR_webconnectivity_f961ecbcdc2bca75
https://www.out.com/,dns,https://explorer.ooni.org/m/20260403073111.932256_KR_webconnectivity_192fb02b94f23620
https://www.planetromeo.com/,dns,https://explorer.ooni.org/m/20260403073112.661523_KR_webconnectivity_e80b303a1f5568e7
http://www.qhtyzx.com/,ok,https://explorer.ooni.org/m/20260403073114.102903_KR_webconnectivity_a9d4c20ebdab4d02
https://www.purevpn.com/,dns,https://explorer.ooni.org/m/20260403073113.406970_KR_webconnectivity_1e8f5fbe8d0d66af
https://www.tunnelbear.com/,dns,https://explorer.ooni.org/m/20260403073114.855180_KR_webconnectivity_e275e5babaa04593
https://www.womenonwaves.org/,dns,https://explorer.ooni.org/m/20260403073115.651000_KR_webconnectivity_68d826727dd7e0eb
https://alqassam.ps/,dns,https://explorer.ooni.org/m/20260403073118.145486_KR_webconnectivity_36de2bb44fd347a1
https://yggdrasil-network.github.io/,dns,https://explorer.ooni.org/m/20260403073116.357772_KR_webconnectivity_9502926181dfa3f7
http://betasia.com/,dns,https://explorer.ooni.org/m/20260403073119.004188_KR_webconnectivity_9ba16b8290531960
https://dailystormer.in/,dns,https://explorer.ooni.org/m/20260403073119.829946_KR_webconnectivity_efa564a4b0b149aa
https://drugs-forum.com/,dns,https://explorer.ooni.org/m/20260403073120.561149_KR_webconnectivity_4dc3f850eb6c0a4f
https://forum.grasscity.com/,dns,https://explorer.ooni.org/m/20260403073121.388368_KR_webconnectivity_eb358e585ff2aa9f
https://godhatesfags.com/,dns,https://explorer.ooni.org/m/20260403073122.133170_KR_webconnectivity_e7d471285aab2a39
https://heroin.org/,dns,https://explorer.ooni.org/m/20260403073122.915698_KR_webconnectivity_9ba1c139ffdf00ec
http://thaigirls.net/,dns,https://explorer.ooni.org/m/20260403073124.082199_KR_webconnectivity_a2feabacc88959d5
https://trashy.com/,dns,https://explorer.ooni.org/m/20260403073124.930961_KR_webconnectivity_551ca98e79d09aab
http://via89.kr/,ok,https://explorer.ooni.org/m/20260403073125.613105_KR_webconnectivity_8d1f206d6f60695a
https://weedmaps.com/,dns,https://explorer.ooni.org/m/20260403073126.560217_KR_webconnectivity_60dc0ec387369e74
https://www.3wishes.com/,dns,https://explorer.ooni.org/m/20260403073127.464554_KR_webconnectivity_ad52406bcd7494ce
http://www.888casino.com/,dns,https://explorer.ooni.org/m/20260403073128.193169_KR_webconnectivity_e6faeadb4052f0fd
https://www.bravoporn.com/,dns,https://explorer.ooni.org/m/20260403073128.979732_KR_webconnectivity_e4087acf7dc3f541
https://www.buydutchseeds.com/,dns,https://explorer.ooni.org/m/20260403073129.746970_KR_webconnectivity_cf233d839e06bc12
http://www.casinotropez.com/,dns,https://explorer.ooni.org/m/20260403073131.683546_KR_webconnectivity_adbcfcb88c8d4b22
https://www.casino.com/,dns,https://explorer.ooni.org/m/20260403073130.553115_KR_webconnectivity_9c98fffa96f853d2
https://www.churchofeuthanasia.org/,dns,https://explorer.ooni.org/m/20260403073133.084593_KR_webconnectivity_ecd4528433a44875
http://www.coquette.com/,dns,https://explorer.ooni.org/m/20260403073134.045074_KR_webconnectivity_3fd6a3e6cb79633a
https://www.gambling.com/,dns,https://explorer.ooni.org/m/20260403073134.895024_KR_webconnectivity_76336c711fc85673
https://www.goldenpalace.com/,dns,https://explorer.ooni.org/m/20260403073135.914071_KR_webconnectivity_1a8286c52c2b6a65
http://www.goldenrivieracasino.com/,dns,https://explorer.ooni.org/m/20260403073137.073962_KR_webconnectivity_1d20b71bbfc9f58b
http://www.gotgayporn.com/,dns,https://explorer.ooni.org/m/20260403073138.138804_KR_webconnectivity_3b15b707bb5268ed
https://www.happn.com/,dns,https://explorer.ooni.org/m/20260403073138.845092_KR_webconnectivity_95bc4079c1dea3c5
http://www.i-um.com/,dns,https://explorer.ooni.org/m/20260403073139.832972_KR_webconnectivity_bd5617949ba92c52
https://www.ipair.com/,dns,https://explorer.ooni.org/m/20260403073141.102571_KR_webconnectivity_ba9314b4e5f1b8d9
https://www.jdate.com/,dns,https://explorer.ooni.org/m/20260403073141.882366_KR_webconnectivity_265d568d710cfafe
https://www.partypoker.net/,dns,https://explorer.ooni.org/m/20260403073142.915775_KR_webconnectivity_2db4dd51d7b67012
https://www.playboy.com/,dns,https://explorer.ooni.org/m/20260403073144.178526_KR_webconnectivity_0f5fa3e583fb356b
http://www.rollitup.org/,dns,https://explorer.ooni.org/m/20260403073145.378182_KR_webconnectivity_f9d667baeb76ebad
https://www.spark.com/,dns,https://explorer.ooni.org/m/20260403073146.680439_KR_webconnectivity_672b76c16d750915
http://www.spinpalace.com/,dns,https://explorer.ooni.org/m/20260403073148.274588_KR_webconnectivity_17010aaa9ca3f583
http://www.sportsinteraction.com/,dns,https://explorer.ooni.org/m/20260403073149.126766_KR_webconnectivity_98a013c27362bab1
http://www.venus.com/,dns,https://explorer.ooni.org/m/20260403073150.389098_KR_webconnectivity_7c46a2c0d1fbf7d8
https://www.victoriassecret.com/,dns,https://explorer.ooni.org/m/20260403073151.706215_KR_webconnectivity_cf4d50a5c055d045
https://www.youporn.com/,dns,https://explorer.ooni.org/m/20260403073152.876755_KR_webconnectivity_900daddd1d4e4c13
https://genderdysphoria.fyi/,dns,https://explorer.ooni.org/m/20260403073154.194512_KR_webconnectivity_2c887d87c6e17f05
http://guardster.com/,dns,https://explorer.ooni.org/m/20260403073155.480427_KR_webconnectivity_0a43b3bd191976b1
https://hide.me/,dns,https://explorer.ooni.org/m/20260403073156.694764_KR_webconnectivity_53bbd6962a52dcfd
http://inter.kdlp.org/,ok,https://explorer.ooni.org/m/20260403073157.955544_KR_webconnectivity_cf2235f85bd8746d
https://lantern.io/,dns,https://explorer.ooni.org/m/20260403073159.183112_KR_webconnectivity_917dd13f1d0a9ef5
http://lgbt.kdlp.org/,ok,https://explorer.ooni.org/m/20260403073200.359779_KR_webconnectivity_92f54d86a1da9f1e
https://mullvad.net/,dns,https://explorer.ooni.org/m/20260403073201.721281_KR_webconnectivity_669097cf833f6be9
https://proxy.i2phides.me/,dns,https://explorer.ooni.org/m/20260403073202.683055_KR_webconnectivity_b6ddf6f926e95f4b
https://safervpn.com/,dns,https://explorer.ooni.org/m/20260403073203.623920_KR_webconnectivity_7cf92351535d6d74
https://shadowsocks.org/,dns,https://explorer.ooni.org/m/20260403073204.875333_KR_webconnectivity_df3a7d2479ca1ca0
https://spys.one/,dns,https://explorer.ooni.org/m/20260403073206.178912_KR_webconnectivity_a886cd87fd371f46
https://thunder.free-signal.com/,dns,https://explorer.ooni.org/m/20260403073207.205020_KR_webconnectivity_5eb69b127b91446b
http://www.e-ju.net/,ok,https://explorer.ooni.org/m/20260403073208.284307_KR_webconnectivity_0ade17085a5d639c
https://www.gaystarnews.com/,dns,https://explorer.ooni.org/m/20260403073209.392103_KR_webconnectivity_405533fad80c3aa6
https://www.hotspotshield.com/,dns,https://explorer.ooni.org/m/20260403073210.491130_KR_webconnectivity_09a8ee76bce5f518
https://www.ipredator.se/,dns,https://explorer.ooni.org/m/20260403073211.567761_KR_webconnectivity_51dcc077c9bf9636
http://www.migrantsinkorea.net/,ok,https://explorer.ooni.org/m/20260403073212.765152_KR_webconnectivity_d1f7bc29aec776c5
http://www.naral.org/,ok,https://explorer.ooni.org/m/20260403073213.921828_KR_webconnectivity_6701f1cf704e6c99
https://www.opentech.fund/,dns,https://explorer.ooni.org/m/20260403073216.064144_KR_webconnectivity_c7db21d90f0ed304
http://www.protest.net/,dns,https://explorer.ooni.org/m/20260403073216.798576_KR_webconnectivity_566ca17a78543471
http://www.samesexmarriage.ca/,dns,https://explorer.ooni.org/m/20260403073217.736756_KR_webconnectivity_c7bcf5ca5cb807be
https://www.surfeasy.com/,dns,https://explorer.ooni.org/m/20260403073218.500618_KR_webconnectivity_aa1ee0b62e6da964
https://www.teafund.org/,dns,https://explorer.ooni.org/m/20260403073219.663358_KR_webconnectivity_eb505dc201f38296
http://www.theregister.co.uk/,dns,https://explorer.ooni.org/m/20260403073220.754698_KR_webconnectivity_b8c828ede868ab36
http://www.ultimate-anonymity.com/,dns,https://explorer.ooni.org/m/20260403073221.968494_KR_webconnectivity_475d3f31142fe526
https://www.washingtonpost.com/,dns,https://explorer.ooni.org/m/20260403073223.285263_KR_webconnectivity_46c784f39bdef495
https://cocaine.org/,dns,https://explorer.ooni.org/m/20260403073224.443384_KR_webconnectivity_b43a274f4aaaab90
https://deepseek.ai/,dns,https://explorer.ooni.org/m/20260403073225.584174_KR_webconnectivity_cfc16b17e07c77ac
https://dweb.link/,dns,https://explorer.ooni.org/m/20260403073226.940002_KR_webconnectivity_b45cb9cca01b1684
http://www.ppca.co.kr/,ok,https://explorer.ooni.org/m/20260403073228.241814_KR_webconnectivity_08652835176b20d0
https://doh.centraleu.pi-dns.com/dns-query?dns=q80BAAABAAAAAAAAA3d3dwdleGFtcGxlA2NvbQAAAQAB,dns,https://explorer.ooni.org/m/20260403073228.911268_KR_webconnectivity_948056e5859e1127
http://4shared.com/,confirmed,https://explorer.ooni.org/m/20260403073231.835930_KR_webconnectivity_aa3632f223a087c4
https://911truth.org/,ok,https://explorer.ooni.org/m/20260403073237.569332_KR_webconnectivity_6e187c0acd4f383e
https://addons.mozilla.org/,ok,https://explorer.ooni.org/m/20260403073239.317427_KR_webconnectivity_7327d3f9f6688296
https://addons.opera.com/,ok,https://explorer.ooni.org/m/20260403073243.578116_KR_webconnectivity_939158168ff8aa65
https://addons.opera.com/en/extensions/,ok,https://explorer.ooni.org/m/20260403073247.115498_KR_webconnectivity_15a67732033fe74c
http://applefile.com/,dns,https://explorer.ooni.org/m/20260403073249.159299_KR_webconnectivity_2a0aa40de0694777
https://ar.m.wikipedia.org/,ok,https://explorer.ooni.org/m/20260403073253.046121_KR_webconnectivity_c46c6ebe21ed2d61
https://ar.wikipedia.org/,ok,https://explorer.ooni.org/m/20260403073256.240151_KR_webconnectivity_8f45b5432cbaefdf
https://archiveofourown.org/,ok,https://explorer.ooni.org/m/20260403073257.481690_KR_webconnectivity_5cd6d59242e1cf07
https://arxiv.org/,ok,https://explorer.ooni.org/m/20260403073258.872355_KR_webconnectivity_7421643a74b32d35
https://bintray.com/,ok,https://explorer.ooni.org/m/20260403073303.974459_KR_webconnectivity_5e346c66c20448ab
http://bommin.net/,confirmed,https://explorer.ooni.org/m/20260403073312.214972_KR_webconnectivity_83682cdd529b164b
https://ca.wikipedia.org/,ok,https://explorer.ooni.org/m/20260403073315.430024_KR_webconnectivity_28aaae1021b805de
http://cafe.daum.net/seoulminart,ok,https://explorer.ooni.org/m/20260403073318.949897_KR_webconnectivity_0ff9be44a72f9c31
http://cafe.naver.com/newartcafe,ok,https://explorer.ooni.org/m/20260403073324.181187_KR_webconnectivity_d3d9460ba8105fcb
https://catbox.moe/,ok,https://explorer.ooni.org/m/20260403073326.328939_KR_webconnectivity_e1678348b7ca17b4
https://chat.openai.com/,ok,https://explorer.ooni.org/m/20260403073328.741808_KR_webconnectivity_053cba7acd097d20
http://chongryon.com/,confirmed,https://explorer.ooni.org/m/20260403073344.939858_KR_webconnectivity_8808a6306b329d17
https://chrome.google.com/webstore/category/extensions,ok,https://explorer.ooni.org/m/20260403073348.418118_KR_webconnectivity_50670503856d9921
https://chromewebstore.google.com/,ok,https://explorer.ooni.org/m/20260403073351.716000_KR_webconnectivity_e728557ece82d025
https://code.org/,ok,https://explorer.ooni.org/m/20260403073354.341961_KR_webconnectivity_2ef9d40d62ca7bda
https://commons.wikimedia.org/,ok,https://explorer.ooni.org/m/20260403073357.724069_KR_webconnectivity_65275fbb73b6b6b3
https://credibilitycoalition.org/,ok,https://explorer.ooni.org/m/20260403073400.264008_KR_webconnectivity_3c09bcefc71e1a14
https://crypt.ee/,ok,https://explorer.ooni.org/m/20260403073402.040199_KR_webconnectivity_ee734f08e93d7966
https://de.wikipedia.org/,ok,https://explorer.ooni.org/m/20260403073405.081679_KR_webconnectivity_d4105a2849e7f111
https://dfiles.eu/,ok,https://explorer.ooni.org/m/20260403073410.548200_KR_webconnectivity_de36e8398c357777
https://digg.com/,ok,https://explorer.ooni.org/m/20260403073413.277395_KR_webconnectivity_30971cb3d41a8480
https://docs.google.com/,ok,https://explorer.ooni.org/m/20260403073416.952596_KR_webconnectivity_a774c024b7a74d79
https://drive.google.com/,ok,https://explorer.ooni.org/m/20260403073421.854813_KR_webconnectivity_102538b972d20f25
https://en.m.wikipedia.org/,ok,https://explorer.ooni.org/m/20260403073425.522787_KR_webconnectivity_21416661eaadf78d
https://en.wikipedia.org/,ok,https://explorer.ooni.org/m/20260403073429.655327_KR_webconnectivity_35cdd59301860c9a
https://ente.io/,ok,https://explorer.ooni.org/m/20260403073432.595652_KR_webconnectivity_3b13a360e33f1467
https://es.m.wikipedia.org/,ok,https://explorer.ooni.org/m/20260403073436.104415_KR_webconnectivity_4a0e41a5ab0bf57a
https://es.wikipedia.org/,ok,https://explorer.ooni.org/m/20260403073439.058911_KR_webconnectivity_5bcd6f9ea2fb2a38
https://f-droid.org/,ok,https://explorer.ooni.org/m/20260403073442.188835_KR_webconnectivity_c2e48316b65fd792
https://fdroid.tetaneutral.net/fdroid/repo,ok,https://explorer.ooni.org/m/20260403073445.331131_KR_webconnectivity_8d7c9a25b3cccce0
http://filecast.co.kr/,dns,https://explorer.ooni.org/m/20260403073448.670912_KR_webconnectivity_22ec3faa306c107f
https://filen.io/,ok,https://explorer.ooni.org/m/20260403073453.991674_KR_webconnectivity_3da9f6c2b970d136
https://fr.wikipedia.org/,ok,https://explorer.ooni.org/m/20260403073457.665849_KR_webconnectivity_51ea85b1a26d1663
https://ftp.fau.de/fdroid/repo,ok,https://explorer.ooni.org/m/20260403073500.857891_KR_webconnectivity_f1e9d880d48ac008
http://gnu.rep.kp/,dns,https://explorer.ooni.org/m/20260403073506.184658_KR_webconnectivity_176ff656123ceb2a
https://hackerspaces.org/,ok,https://explorer.ooni.org/m/20260403073509.489998_KR_webconnectivity_c4ee7c3bf8eae5a8
http://historyedu.or.kr/,ok,https://explorer.ooni.org/m/20260403073519.790815_KR_webconnectivity_3ef825df1e92ff57
https://i.gr-assets.com/robots.txt,ok,https://explorer.ooni.org/m/20260403073520.988055_KR_webconnectivity_2b2f74ab375610a0
https://infidels.org/,ok,https://explorer.ooni.org/m/20260403073524.903262_KR_webconnectivity_3879021c56b16773
https://int.soccerway.com/,http-failure,https://explorer.ooni.org/m/20260403073526.641179_KR_webconnectivity_b03a4b90d6074044
https://intelligence.weforum.org/,ok,https://explorer.ooni.org/m/20260403073530.080329_KR_webconnectivity_8156a65c38e69887
https://isa.gov.ly/,ok,https://explorer.ooni.org/m/20260403073531.612599_KR_webconnectivity_400d848baa429ebe
https://it.wikipedia.org/,ok,https://explorer.ooni.org/m/20260403073535.069347_KR_webconnectivity_1e342cd8bf20b1b3
https://ja.wikipedia.org/,ok,https://explorer.ooni.org/m/20260403073539.558962_KR_webconnectivity_eec898986bef7d63
http://kancc.org/,dns,https://explorer.ooni.org/m/20260403073555.431748_KR_webconnectivity_e55d2a8f940acb74
http://kass.org.kp/,dns,https://explorer.ooni.org/m/20260403073611.419999_KR_webconnectivity_919329369d62403f
http://kicc-dprk.org/,confirmed,https://explorer.ooni.org/m/20260403073612.981882_KR_webconnectivity_b7f2431622a34fef
http://kiyctc.com.kp/,dns,https://explorer.ooni.org/m/20260403073615.151889_KR_webconnectivity_11fd810121b4a518
http://ko.internationalism.org/,ok,https://explorer.ooni.org/m/20260403073619.596152_KR_webconnectivity_9783ce11e9dcbce3
https://ko.wiktionary.org/,ok,https://explorer.ooni.org/m/20260403073622.721934_KR_webconnectivity_4d6cc2636a091f1b
http://korfilm.com.kp/,dns,https://explorer.ooni.org/m/20260403073639.383752_KR_webconnectivity_625c35b7fc8a82af
http://kremlin.ru/,ok,https://explorer.ooni.org/m/20260403073643.418672_KR_webconnectivity_106a7fb43a1137d6
https://libgen.is/,dns,https://explorer.ooni.org/m/20260403073647.345998_KR_webconnectivity_bffd6508ea514b43
http://libgen.li/,dns,https://explorer.ooni.org/m/20260403073648.562163_KR_webconnectivity_008c15af9d788e74
https://libgen.life/,tcp_ip,https://explorer.ooni.org/m/20260403073734.305343_KR_webconnectivity_59325367136a4334
https://libgen.me/,error,https://explorer.ooni.org/m/20260403073736.188622_KR_webconnectivity_62d8bd2885640b20
http://libgen.rs/,dns,https://explorer.ooni.org/m/20260403073751.854057_KR_webconnectivity_5a2f03f9c44fc586
http://libgen.st/,tcp_ip,https://explorer.ooni.org/m/20260403073823.006829_KR_webconnectivity_1897adc9ad37bc17
https://login.infomaniak.com/,ok,https://explorer.ooni.org/m/20260403073826.591103_KR_webconnectivity_4f5d48475f3d62ee
https://login.tailscale.com/,ok,https://explorer.ooni.org/m/20260403073903.168658_KR_webconnectivity_3cc452d8618b0c3b
http://ma.gov.kp/,dns,https://explorer.ooni.org/m/20260403073912.712731_KR_webconnectivity_7f288cc94327b902
https://mashable.com/,ok,https://explorer.ooni.org/m/20260403073914.670254_KR_webconnectivity_d849795b6c29fb96
https://mirror.cyberbits.eu/fdroid/repo,ok,https://explorer.ooni.org/m/20260403073922.856493_KR_webconnectivity_b2574d71a4bc40b5
https://mymemory.translated.net/,ok,https://explorer.ooni.org/m/20260403073927.645725_KR_webconnectivity_305b6b203d30a380
http://naenara.com/,ok,https://explorer.ooni.org/m/20260403073930.040773_KR_webconnectivity_fd89cf422785b3e9
https://notesnook.com/,ok,https://explorer.ooni.org/m/20260403073937.796400_KR_webconnectivity_5c74ebea01a21663
http://onekorea.org/,ok,https://explorer.ooni.org/m/20260403073940.834842_KR_webconnectivity_26e84626073a3795
https://plug-mirror.rcac.purdue.edu/fdroid/repo,ok,https://explorer.ooni.org/m/20260403073944.102798_KR_webconnectivity_393348ecab5c5344
https://pt.m.wikipedia.org/,ok,https://explorer.ooni.org/m/20260403073948.234929_KR_webconnectivity_75e0c232df1b2fd3
https://pulse.internetsociety.org/,ok,https://explorer.ooni.org/m/20260403073950.065433_KR_webconnectivity_5d1056d5960eccdf
https://put.io/,ok,https://explorer.ooni.org/m/20260403073952.363293_KR_webconnectivity_90210e0ecf484027
https://radiofreetexas.com/,ok,https://explorer.ooni.org/m/20260403073955.472526_KR_webconnectivity_494f7422e818514a
https://ru.wikipedia.org/,ok,https://explorer.ooni.org/m/20260403074000.209373_KR_webconnectivity_f091c7dde8d3226c
https://s.gr-assets.com/robots.txt,ok,https://explorer.ooni.org/m/20260403074001.522376_KR_webconnectivity_e949fb725192f95b
http://sdprk.org.kp/,dns,https://explorer.ooni.org/m/20260403074005.821957_KR_webconnectivity_787ee9ae419b56b4
http://sfkuk.freeservers.com/,ok,https://explorer.ooni.org/m/20260403074008.681207_KR_webconnectivity_7b9b0483ec6e66fd
http://simfile.uplusbox.co.kr/,dns,https://explorer.ooni.org/m/20260403074024.682594_KR_webconnectivity_4872d0828876fd78
https://simple.wikipedia.org/,ok,https://explorer.ooni.org/m/20260403074027.606146_KR_webconnectivity_ffed012bc559d595
https://skiff.com/,ok,https://explorer.ooni.org/m/20260403074029.306817_KR_webconnectivity_9f1d57a85f6dac40
https://soundcloud.com/,ok,https://explorer.ooni.org/m/20260403074032.098927_KR_webconnectivity_958d3145728a221e
https://sourceforge.net/,ok,https://explorer.ooni.org/m/20260403074034.532964_KR_webconnectivity_6a0abe00c82901bf
https://standardnotes.com/,ok,https://explorer.ooni.org/m/20260403074037.845169_KR_webconnectivity_e3ba1a0b802e6340
http://torrenters.com/,dns,https://explorer.ooni.org/m/20260403074040.768104_KR_webconnectivity_65149b504a420230
https://theonion.com/,dns,https://explorer.ooni.org/m/20260403074038.538921_KR_webconnectivity_a53853099d2d6398
https://uea.org/,ok,https://explorer.ooni.org/m/20260403074115.390883_KR_webconnectivity_cb67098679057060
https://upload.wikimedia.org/wikipedia/commons/thumb/3/37/Generic_Camera_Icon.svg/100px-Generic_Camera_Icon.svg.png,ok,https://explorer.ooni.org/m/20260403074117.410968_KR_webconnectivity_c8885c445607c9ba
http://usacrime.or.kr/,ok,https://explorer.ooni.org/m/20260403074120.794349_KR_webconnectivity_4a67f7fbf7afaaf8
https://w3schools.com/,ok,https://explorer.ooni.org/m/20260403074124.843820_KR_webconnectivity_f904fcb95feb4736
https://wikidata.org/,ok,https://explorer.ooni.org/m/20260403074130.886273_KR_webconnectivity_6f6ab1c7d862d515
https://wikihow.com/,ok,https://explorer.ooni.org/m/20260403074132.819502_KR_webconnectivity_2e439fbb8117bb10
https://wikimapia.org/,ok,https://explorer.ooni.org/m/20260403074136.080647_KR_webconnectivity_a3daf0cd801f9d0e
https://www.2shared.com/,ok,https://explorer.ooni.org/m/20260403074139.391631_KR_webconnectivity_f3df178ff638382a
https://www.4shared.com/,ok,https://explorer.ooni.org/m/20260403074144.034154_KR_webconnectivity_20794b438e908e7e
https://www.911memorial.org/,ok,https://explorer.ooni.org/m/20260403074148.029502_KR_webconnectivity_9f121eb1084d873a
http://www.acquisitionx.com/,ok,https://explorer.ooni.org/m/20260403074152.481643_KR_webconnectivity_91ccd205d6dc1cbc
https://www.af.mil/,ok,https://explorer.ooni.org/m/20260403074154.491195_KR_webconnectivity_43e9491c6568c640
http://www.aha.ru/,ok,https://explorer.ooni.org/m/20260403074213.201862_KR_webconnectivity_9916090500c63a6b
http://www.aha.ru/~zentsov/korea.htm,ok,https://explorer.ooni.org/m/20260403074229.586420_KR_webconnectivity_89bb04d8ed790211
http://www.arirang.dprkorea.com/,dns,https://explorer.ooni.org/m/20260403074241.316618_KR_webconnectivity_a9479c5b4ccf1a5a
https://www.army.mil/,ok,https://explorer.ooni.org/m/20260403074244.153947_KR_webconnectivity_99dc547e04dddcc9
https://www.auswaertiges-amt.de/,ok,https://explorer.ooni.org/m/20260403074247.870901_KR_webconnectivity_652fe7ecf7d2ffe1
http://www.big.or.jp/,ok,https://explorer.ooni.org/m/20260403074250.035570_KR_webconnectivity_798506b354236eba
http://www.bittornado.com/,dns,https://explorer.ooni.org/m/20260403074305.710496_KR_webconnectivity_722e5ad11506c45a
https://www.bme.com/,dns,https://explorer.ooni.org/m/20260403074306.967359_KR_webconnectivity_49e6b69cc8905d7e
http://www.bommin.net/,confirmed,https://explorer.ooni.org/m/20260403074309.491600_KR_webconnectivity_eb12b4ac87df40fb
http://www.chongryon.com/,confirmed,https://explorer.ooni.org/m/20260403074325.625473_KR_webconnectivity_165e08c284de0a82
https://www.cia.gov/,ok,https://explorer.ooni.org/m/20260403074329.824043_KR_webconnectivity_d4de0ab8ac957350
http://www.cinetown.co.kr/,ok,https://explorer.ooni.org/m/20260403074348.052062_KR_webconnectivity_94b08069ecf46783
https://www.cis.minsk.by/,ok,https://explorer.ooni.org/m/20260403074355.298190_KR_webconnectivity_a4ab956704d82b23
http://www.cizel.co.kr/,dns,https://explorer.ooni.org/m/20260403074356.233316_KR_webconnectivity_ec9fefa5bac6caa6
http://www.cnet-ta.ne.jp/,ok,https://explorer.ooni.org/m/20260403074359.590570_KR_webconnectivity_73c641907aa8a352
http://www.collegehumor.com/,dns,https://explorer.ooni.org/m/20260403074415.241553_KR_webconnectivity_278b5a54b7209b4e
http://www.coreaone-news.com/,confirmed,https://explorer.ooni.org/m/20260403074422.972840_KR_webconnectivity_d8c888bea379602b
https://www.darpa.mil/,ok,https://explorer.ooni.org/m/20260403074429.780095_KR_webconnectivity_49d311f61ec4c0a3
https://www.dea.gov/,ok,https://explorer.ooni.org/m/20260403074431.669994_KR_webconnectivity_f3112a296f18fecd
https://www.deathmetal.org/,ok,https://explorer.ooni.org/m/20260403074434.717611_KR_webconnectivity_0e6e3774fcf9b3fb
https://www.defense.gov/,ok,https://explorer.ooni.org/m/20260403074436.700818_KR_webconnectivity_1cf756be89db2de6
https://www.dia.mil/,ok,https://explorer.ooni.org/m/20260403074439.665408_KR_webconnectivity_cd4a3e8ba44bb81e
https://www.dictionary.com/,ok,https://explorer.ooni.org/m/20260403074441.061839_KR_webconnectivity_ba64ceb4ac92effc
http://www.dprk-book.com/,tcp_ip,https://explorer.ooni.org/m/20260403074527.512362_KR_webconnectivity_f4b643c59d0fe404
http://www.dprkorea.com/,dns,https://explorer.ooni.org/m/20260403074538.706870_KR_webconnectivity_8959716b75103a20
https://www.dropbox.com/,ok,https://explorer.ooni.org/m/20260403074543.123840_KR_webconnectivity_ff5edcf391809308
https://www.epa.gov/,ok,https://explorer.ooni.org/m/20260403074546.680850_KR_webconnectivity_9b2cf03f787f7bce
https://www.eventbrite.com/,ok,https://explorer.ooni.org/m/20260403074550.633696_KR_webconnectivity_04a9d159bd44f04a
http://www.fileguri.com/,http-failure,https://explorer.ooni.org/m/20260403074556.975670_KR_webconnectivity_dce2ae1e27fd5187
http://www.filenori.com/,ok,https://explorer.ooni.org/m/20260403074559.002681_KR_webconnectivity_2520247225a7ea81
http://www.foreignaffairs.org/,ok,https://explorer.ooni.org/m/20260403074601.128096_KR_webconnectivity_91f1b5ee10849f48
http://www.fsb.ru/,tcp_ip,https://explorer.ooni.org/m/20260403074635.024622_KR_webconnectivity_b760ab6d3473a616
https://www.fsf.org/,error,https://explorer.ooni.org/m/20260403074638.170467_KR_webconnectivity_d50c74112eff54d2
https://www.gawker.com/,ok,https://explorer.ooni.org/m/20260403074641.880070_KR_webconnectivity_7ae7372c733c4e6d
https://www.globalpolicy.org/,ok,https://explorer.ooni.org/m/20260403074645.670178_KR_webconnectivity_6e5494cff2e5a427
https://www.goodreads.com/,ok,https://explorer.ooni.org/m/20260403074648.824398_KR_webconnectivity_23c08f7461e807f6
https://www.gov.uk/,ok,https://explorer.ooni.org/m/20260403074651.063348_KR_webconnectivity_dbc5894d64a76770
https://www.gutenberg.org/,ok,https://explorer.ooni.org/m/20260403074655.520659_KR_webconnectivity_b846802b3b0a5f6e
http://www.hanguksa.org/,ok,https://explorer.ooni.org/m/20260403074659.710269_KR_webconnectivity_b281088daa09d7cf
http://www.hisedu.or.kr/,ok,https://explorer.ooni.org/m/20260403074703.614172_KR_webconnectivity_dd1e738359f04c86
http://www.honamhistory.org/,ok,https://explorer.ooni.org/m/20260403074706.957122_KR_webconnectivity_aad803cbfb8e4076
http://www.honduras.com/,ok,https://explorer.ooni.org/m/20260403074711.059576_KR_webconnectivity_4623c6e76add4e0d
https://www.iaru.org/,ok,https://explorer.ooni.org/m/20260403074715.317403_KR_webconnectivity_b6225f0bebb50a99
https://www.ibe.unesco.org/,ok,https://explorer.ooni.org/m/20260403074721.041086_KR_webconnectivity_f9d94cd901bc5c7d
https://www.icrc.org/,ok,https://explorer.ooni.org/m/20260403074725.416319_KR_webconnectivity_d749598aa588d75f
https://www.ideasbeyondborders.org/,ok,https://explorer.ooni.org/m/20260403074728.488783_KR_webconnectivity_126482c71a81c5c8
http://www.iea.org/,ok,https://explorer.ooni.org/m/20260403074731.600824_KR_webconnectivity_018b551716f25c57
https://www.ifrc.org/,ok,https://explorer.ooni.org/m/20260403074732.675025_KR_webconnectivity_495b816c6663cebb
http://www.ihr.org/,ok,https://explorer.ooni.org/m/20260403074738.139988_KR_webconnectivity_76a84fac70a614ab
https://www.ilo.org/,ok,https://explorer.ooni.org/m/20260403074740.541908_KR_webconnectivity_71b5c558d79a6762
http://www.inhard.com/,ok,https://explorer.ooni.org/m/20260403074757.189767_KR_webconnectivity_4324d142c125b3cc
https://www.interpol.int/,ok,https://explorer.ooni.org/m/20260403074759.787549_KR_webconnectivity_893267922bccc573
https://www.isa.org.jm/,ok,https://explorer.ooni.org/m/20260403074807.001322_KR_webconnectivity_56c92b5a7b32db30
http://www.isj.org.uk/,ok,https://explorer.ooni.org/m/20260403074812.141604_KR_webconnectivity_2d852d8930be3a02
http://www.jjangfile.net/,dns,https://explorer.ooni.org/m/20260403074827.913772_KR_webconnectivity_94942c9e39e7d0ac
https://www.jsf.mil/,ok,https://explorer.ooni.org/m/20260403074832.370405_KR_webconnectivity_4a79feafd590b4ec
http://www.kancc.org/,confirmed,https://explorer.ooni.org/m/20260403074849.304137_KR_webconnectivity_3249d5d6d92c54a8
http://www.kcckp.net/,confirmed,https://explorer.ooni.org/m/20260403074852.895022_KR_webconnectivity_56742ac4cb6f41f1
http://www.kdvr.de/,ok,https://explorer.ooni.org/m/20260403074854.295811_KR_webconnectivity_24b3132e3c670a96
https://www.khanacademy.org/,ok,https://explorer.ooni.org/m/20260403074856.764254_KR_webconnectivity_1df5581080b133e9
http://www.kickassclassical.com/,dns,https://explorer.ooni.org/m/20260403074912.456121_KR_webconnectivity_766b5833550a8237
http://www.korea-dpr.com/,confirmed,https://explorer.ooni.org/m/20260403074915.240982_KR_webconnectivity_5d43ea44edbd6dcc
http://www.korea-dpr.com/menu.htm,confirmed,https://explorer.ooni.org/m/20260403074917.112656_KR_webconnectivity_9900621be564f876
http://www.korea-dpr.com/users/jisge/,confirmed,https://explorer.ooni.org/m/20260403074918.963865_KR_webconnectivity_b77eb4c6dfd5a475
http://www.korea-is-one.org/,ok,https://explorer.ooni.org/m/20260403074925.263905_KR_webconnectivity_b537cc7bef44b24e
http://www.korea-is-one.org/rubrique.php3?id_rubrique=5,ok,https://explorer.ooni.org/m/20260403074930.918695_KR_webconnectivity_6d8169eccbbe0308
http://www.korea-np.co.jp/,tcp_ip,https://explorer.ooni.org/m/20260403074942.206114_KR_webconnectivity_5d440b4e801ab8bc
http://www.koreanhistory.org/,ok,https://explorer.ooni.org/m/20260403074945.106072_KR_webconnectivity_4e792ee4c2ada806
https://www.marxists.org/,ok,https://explorer.ooni.org/m/20260403074949.143119_KR_webconnectivity_42aa449e32a02c9e
http://www.metal-archives.com/,ok,https://explorer.ooni.org/m/20260403074950.964720_KR_webconnectivity_43b7a50d677a9c0a
http://www.minjok.com/,dns,https://explorer.ooni.org/m/20260403074953.580437_KR_webconnectivity_3e6f48fd66c15142
http://www.mnr.gov.cn/,dns,https://explorer.ooni.org/m/20260403075012.743544_KR_webconnectivity_8080ef4d579a75f8
http://www.monkey3.co.kr/,dns,https://explorer.ooni.org/m/20260403075028.948316_KR_webconnectivity_fa30964835ecade7
https://www.mozilla.org/,ok,https://explorer.ooni.org/m/20260403075031.562746_KR_webconnectivity_2db3c8164f2d591a
https://www.mp3.com/,tcp_ip,https://explorer.ooni.org/m/20260403075102.342964_KR_webconnectivity_3354a49d67ac58a3
https://www.musixmatch.com/,ok,https://explorer.ooni.org/m/20260403075104.588521_KR_webconnectivity_0ba3f25740c38473
http://www.nato.int/,ok,https://explorer.ooni.org/m/20260403075107.042625_KR_webconnectivity_2b4cb11e9082a504
http://www.nzeen.com/,ok,https://explorer.ooni.org/m/20260403075111.164601_KR_webconnectivity_0f33c804e388242a
http://www.onekorea.org/,ok,https://explorer.ooni.org/m/20260403075113.900505_KR_webconnectivity_cbed480b1e83107d
http://www.opec.org/,ok,https://explorer.ooni.org/m/20260403075117.813069_KR_webconnectivity_a2c31639eb3f99e2
http://www.openart.or.kr/,ok,https://explorer.ooni.org/m/20260403075122.285441_KR_webconnectivity_daf93ffb2f6bce78
http://www.orangefile.com/,dns,https://explorer.ooni.org/m/20260403075135.381959_KR_webconnectivity_30fcc25d4bbeda05
https://www.osce.org/,ok,https://explorer.ooni.org/m/20260403075139.244017_KR_webconnectivity_afdbeeff0b0fbd7b
http://www.ournation-school.com/,confirmed,https://explorer.ooni.org/m/20260403075140.893254_KR_webconnectivity_19629c8036d6d112
https://www.overdrive.com/,ok,https://explorer.ooni.org/m/20260403075143.054065_KR_webconnectivity_589a72a8e2f7248a
http://www.pacom.mil/,ok,https://explorer.ooni.org/m/20260403075145.168346_KR_webconnectivity_b7ed4b23953caa38
http://www.ryongnamsan.edu.kp/,dns,https://explorer.ooni.org/m/20260403075149.943885_KR_webconnectivity_c176ae897c3c0892
http://www.schwarzreport.org/,ok,https://explorer.ooni.org/m/20260403075156.132987_KR_webconnectivity_301ec254ac8c7efc
https://www.scribd.com/,ok,https://explorer.ooni.org/m/20260403075158.408025_KR_webconnectivity_043378a41939fbdb
https://www.shazam.com/,ok,https://explorer.ooni.org/m/20260403075201.168619_KR_webconnectivity_981e8dbc4c6da07d
http://www.slsknet.org/,ok,https://explorer.ooni.org/m/20260403075202.862303_KR_webconnectivity_94e18d86ab48e733
http://www.socom.mil/,dns,https://explorer.ooni.org/m/20260403075249.036450_KR_webconnectivity_ac0b1c9984986b92
http://www.soribada.com/,ok,https://explorer.ooni.org/m/20260403075252.619003_KR_webconnectivity_529b0c0af5c545e1
https://www.spotify.com/,ok,https://explorer.ooni.org/m/20260403075254.379726_KR_webconnectivity_058dd59d76ef5f24
https://www.state.gov/,ok,https://explorer.ooni.org/m/20260403075257.178450_KR_webconnectivity_1d4ddffbf7447ee1
http://www.stratcom.mil/,ok,https://explorer.ooni.org/m/20260403075259.611211_KR_webconnectivity_cff209f7740a0c4d
http://www.syccr.com/,ok,https://explorer.ooni.org/m/20260403075303.976111_KR_webconnectivity_f624c478223e0a69
https://www.timeout.com/,ok,https://explorer.ooni.org/m/20260403075307.612044_KR_webconnectivity_40cb1eeb0d2a1c46
http://www.tmz.com/,ok,https://explorer.ooni.org/m/20260403075310.703346_KR_webconnectivity_871bcd0dd5d7956f
https://www.un.int/,ok,https://explorer.ooni.org/m/20260403075316.030549_KR_webconnectivity_cba5245ec8715784
https://www.un.org/,ok,https://explorer.ooni.org/m/20260403075318.773236_KR_webconnectivity_e7cb7a90e751a94f
https://www.undp.org/,ok,https://explorer.ooni.org/m/20260403075325.405579_KR_webconnectivity_b45e0d07370563ad
https://www.unwomen.org/,ok,https://explorer.ooni.org/m/20260403075328.278047_KR_webconnectivity_5136be77e09efe30
http://www.uriminzokkiri.com/,tcp_ip,https://explorer.ooni.org/m/20260403075414.080435_KR_webconnectivity_d7be8798a6be6289
http://www.uscg.mil/,ok,https://explorer.ooni.org/m/20260403075417.118616_KR_webconnectivity_e5cbd2c8c2ad1138
https://www.ushmm.org/,ok,https://explorer.ooni.org/m/20260403075431.108022_KR_webconnectivity_0a442349961985e1
https://www.utorrent.com/,ok,https://explorer.ooni.org/m/20260403075433.574812_KR_webconnectivity_5f9bc3ed0bf5779c
http://www.vibe.com/,ok,https://explorer.ooni.org/m/20260403075436.546400_KR_webconnectivity_d9196931a6c7c95b
https://www.videolan.org/,ok,https://explorer.ooni.org/m/20260403075440.649249_KR_webconnectivity_ff127ada4cc2bfcc
https://www.wfp.org/,ok,https://explorer.ooni.org/m/20260403075445.169150_KR_webconnectivity_c652ad0cdb12b55b
https://www.wikipedia.org/,ok,https://explorer.ooni.org/m/20260403075447.602401_KR_webconnectivity_42dae445b4984269
https://www.wiktionary.org/,ok,https://explorer.ooni.org/m/20260403075450.823767_KR_webconnectivity_52e09f79642b5107
https://www.xinjiang.gov.cn/,ok,https://explorer.ooni.org/m/20260403075456.153739_KR_webconnectivity_a2fafa7fc32a7966
http://www.xxlmag.com/,ok,https://explorer.ooni.org/m/20260403075500.572922_KR_webconnectivity_feb10208866badd3
https://www.zoho.com/,ok,https://explorer.ooni.org/m/20260403075503.341454_KR_webconnectivity_c5ce5800ea64ab22
https://yts.lt/,dns,https://explorer.ooni.org/m/20260403075504.293029_KR_webconnectivity_bcfb5cc024cb2c7e
https://z-lib.org/,error,https://explorer.ooni.org/m/20260403075505.908901_KR_webconnectivity_78d84d38de4920a1
https://zh.wikipedia.org/,ok,https://explorer.ooni.org/m/20260403075510.296443_KR_webconnectivity_bad83dba72030f52
https://astalavista.box.sk/,dns,https://explorer.ooni.org/m/20260403075511.329474_KR_webconnectivity_544ece4e86103c32
https://bitcoin.org/,dns,https://explorer.ooni.org/m/20260403075513.149168_KR_webconnectivity_19ae448fe4bea250
https://bitcoin.sipa.be/,dns,https://explorer.ooni.org/m/20260403075515.041643_KR_webconnectivity_57bcea632d7821e1
https://blog.counter-strike.net/,dns,https://explorer.ooni.org/m/20260403075515.756828_KR_webconnectivity_501cc47a31df7d8c
http://connect.rom.miui.com/generate_204,ok,https://explorer.ooni.org/m/20260403075517.428577_KR_webconnectivity_34dd64574afe9d82
https://cultdeadcow.com/,dns,https://explorer.ooni.org/m/20260403075518.619089_KR_webconnectivity_472a063894b2dc3d
https://dnsleaktest.com/,dns,https://explorer.ooni.org/m/20260403075519.807344_KR_webconnectivity_dd6512ca1cf1f775
https://epicgames.com/,dns,https://explorer.ooni.org/m/20260403075520.780986_KR_webconnectivity_a887c4b3787f9ba2
https://gamersclub.gg/,dns,https://explorer.ooni.org/m/20260403075521.542878_KR_webconnectivity_8a7df49fdcab61d4
https://giganews.com/,dns,https://explorer.ooni.org/m/20260403075522.473630_KR_webconnectivity_4687620fb7312785
https://nemtudo.me/,dns,https://explorer.ooni.org/m/20260403075523.278230_KR_webconnectivity_2f114b6a80882e45
http://nmcheck.gnome.org/check_network_status.txt,ok,https://explorer.ooni.org/m/20260403075524.549221_KR_webconnectivity_ae4083e633d2a9b6
https://o0.ingest.sentry.io/api/0,ok,https://explorer.ooni.org/m/20260403075525.539759_KR_webconnectivity_f7e9b53fabe4679e
https://repo1.maven.org/,ok,https://explorer.ooni.org/m/20260403075526.792941_KR_webconnectivity_34832c0f7e635c63
https://sentry.io/api/0/,ok,https://explorer.ooni.org/m/20260403075528.031790_KR_webconnectivity_dc6d221709559366
https://store.epicgames.com/,dns,https://explorer.ooni.org/m/20260403075528.717185_KR_webconnectivity_b0dfd89104867558
https://www.amazon.com/,ok,https://explorer.ooni.org/m/20260403075530.158726_KR_webconnectivity_7043c42a3f6f2a5c
http://www.auction.co.kr/,ok,https://explorer.ooni.org/m/20260403075531.312270_KR_webconnectivity_763b8a4b799f2333
http://www.blackhat.be/,dns,https://explorer.ooni.org/m/20260403075532.215603_KR_webconnectivity_43c942697b4e5c6a
https://www.blizzard.com/,dns,https://explorer.ooni.org/m/20260403075533.074872_KR_webconnectivity_d36b2b71fba8d3c4
https://www.chromium.org/,ok,https://explorer.ooni.org/m/20260403075534.211016_KR_webconnectivity_e84ade2c58e140e5
https://www.coinex.com/,dns,https://explorer.ooni.org/m/20260403075535.694895_KR_webconnectivity_4147cf963442bbc6
https://www.crs.org/,ok,https://explorer.ooni.org/m/20260403075537.045550_KR_webconnectivity_a48c716b26430fcb
https://www.darknet.org.uk/,dns,https://explorer.ooni.org/m/20260403075538.228379_KR_webconnectivity_178129c89b3107a4
https://www.ea.com/,dns,https://explorer.ooni.org/m/20260403075539.026965_KR_webconnectivity_27494a4054250f74
https://www.eveonline.com/,dns,https://explorer.ooni.org/m/20260403075539.772401_KR_webconnectivity_6da082ba132ae4b2
http://www.feedtheminds.org/,tcp_ip,https://explorer.ooni.org/m/20260403075540.683067_KR_webconnectivity_ebb709cbb180bb4c
http://www.hackhull.com/,dns,https://explorer.ooni.org/m/20260403075542.341431_KR_webconnectivity_895c2f29609011fd
https://www.gog.com/,dns,https://explorer.ooni.org/m/20260403075541.558574_KR_webconnectivity_d41287d3f625803a
http://www.hacktivismo.com/,dns,https://explorer.ooni.org/m/20260403075543.380626_KR_webconnectivity_d3301d841834f005
http://www.idsoftware.com/,dns,https://explorer.ooni.org/m/20260403075544.091311_KR_webconnectivity_0c28ca5658a93c1f
https://www.imf.org/,ok,https://explorer.ooni.org/m/20260403075545.807492_KR_webconnectivity_ae9e73a2932619dd
https://www.lastwar.com/,dns,https://explorer.ooni.org/m/20260403075546.575696_KR_webconnectivity_6e04213565e125b7
https://www.minecraft.net/,dns,https://explorer.ooni.org/m/20260403075547.334953_KR_webconnectivity_1a4cdc642e1fd337
http://www.nmrc.org/,dns,https://explorer.ooni.org/m/20260403075548.702127_KR_webconnectivity_812a0152085e5ff0
https://www.roblox.com/,dns,https://explorer.ooni.org/m/20260403075549.983605_KR_webconnectivity_4d819c31b6ced642
http://www.rockstargames.com/,dns,https://explorer.ooni.org/m/20260403075550.784531_KR_webconnectivity_46fffa1cd419bdc9
http://www.square-enix.com/,dns,https://explorer.ooni.org/m/20260403075552.099549_KR_webconnectivity_3aa7c0209225fe48
https://googleweblight.com/i?u=https%3A%2F%2Fexample.com%2F,dns,https://explorer.ooni.org/m/20260403075552.874598_KR_webconnectivity_b236fd806faf6253
https://mega.io/,dns,https://explorer.ooni.org/m/20260403075553.612871_KR_webconnectivity_342c8112f0f67c1e
https://speedify.com/,dns,https://explorer.ooni.org/m/20260403075554.345588_KR_webconnectivity_ffddfab76a291bfd
https://www.betternet.co/,dns,https://explorer.ooni.org/m/20260403075555.414758_KR_webconnectivity_80cab78cfaca75ca
http://www.feer.com/,ok,https://explorer.ooni.org/m/20260403075556.118466_KR_webconnectivity_22eb2078c34a26da
https://www.msichoices.org/,dns,https://explorer.ooni.org/m/20260403075600.914408_KR_webconnectivity_b65c63ffb6e937a9
https://www.queerty.com/,dns,https://explorer.ooni.org/m/20260403075601.679290_KR_webconnectivity_c2bc3bbab8e41914
https://www.reprolegalhelpline.org/,dns,https://explorer.ooni.org/m/20260403075602.639973_KR_webconnectivity_de4506e7b7f696b1
https://www.scruff.com/,dns,https://explorer.ooni.org/m/20260403075603.388348_KR_webconnectivity_deb841cf7d5ff554
https://www.shoe.org/,dns,https://explorer.ooni.org/m/20260403075605.138181_KR_webconnectivity_0ed0322c74d722de
http://www.sisainlive.com/,ok,https://explorer.ooni.org/m/20260403075605.877182_KR_webconnectivity_1156cfd777ab0a8e
https://www.uproxy.org/,dns,https://explorer.ooni.org/m/20260403075606.728308_KR_webconnectivity_e6c116f83d0da9ff
https://www.vpnunlimited.com/,dns,https://explorer.ooni.org/m/20260403075607.637884_KR_webconnectivity_0a64b972435677b1
https://www.womenonweb.org/,dns,https://explorer.ooni.org/m/20260403075608.408129_KR_webconnectivity_c9ee3281b4eb9723
https://zenvpn.net/,dns,https://explorer.ooni.org/m/20260403075609.218062_KR_webconnectivity_dc605d2670e7769b
https://cc.bingj.com/cache.aspx?q=nothing,dns,https://explorer.ooni.org/m/20260403075610.982914_KR_webconnectivity_47b33f13b92a1380
http://chakantv.co.kr/,ok,https://explorer.ooni.org/m/20260403075611.722970_KR_webconnectivity_54bd630d92a30a13
https://adultfriendfinder.com/,dns,https://explorer.ooni.org/m/20260403075614.113624_KR_webconnectivity_c17cb26e27a77a47
https://alt.com/,dns,https://explorer.ooni.org/m/20260403075615.793931_KR_webconnectivity_93f0ebe2c3ee26e2
https://amphetamines.com/,ok,https://explorer.ooni.org/m/20260403075621.486689_KR_webconnectivity_c70e457a4a0b8954
http://asiafriendfinder.com/,dns,https://explorer.ooni.org/m/20260403075630.694149_KR_webconnectivity_d6c5fffb9a10d3fc
http://asiansmaster.com/,dns,https://explorer.ooni.org/m/20260403075631.916638_KR_webconnectivity_01a6fe39253ac575
https://btggaming.com/,dns,https://explorer.ooni.org/m/20260403075634.299213_KR_webconnectivity_382da38f6a114116
http://cafe.daum.net/amc21,ok,https://explorer.ooni.org/m/20260403075637.754504_KR_webconnectivity_332947bbca16b491
http://cafe.daum.net/dacultureNO,ok,https://explorer.ooni.org/m/20260403075640.245547_KR_webconnectivity_cba1ec9d5989f212
http://cafe.naver.com/mansdotcom,ok,https://explorer.ooni.org/m/20260403075643.321169_KR_webconnectivity_ed04b176f51e5a56
http://cafe.naver.com/rtbnmm/,ok,https://explorer.ooni.org/m/20260403075647.969368_KR_webconnectivity_579b0b4556d191da
http://creamasia.com/,dns,https://explorer.ooni.org/m/20260403075649.430923_KR_webconnectivity_3c54c423e60529cc
https://eln-voces.net/,ok,https://explorer.ooni.org/m/20260403075653.815844_KR_webconnectivity_b2b2926077174626
https://friendfinder.com/,dns,https://explorer.ooni.org/m/20260403075655.383676_KR_webconnectivity_2c88e707105fe0ac
https://hightimes.com/,dns,https://explorer.ooni.org/m/20260403075657.013440_KR_webconnectivity_6029fd3d5b19378b
https://howtogrowmarijuana.com/,dns,https://explorer.ooni.org/m/20260403075658.418034_KR_webconnectivity_bb0e5489a8ede1c3
http://indianfriendfinder.com/,dns,https://explorer.ooni.org/m/20260403075700.085745_KR_webconnectivity_daf9e626b2eaab43
https://kiwifarms.net/,dns,https://explorer.ooni.org/m/20260403075719.714195_KR_webconnectivity_db574ae70b809f70
http://koreanfriendfinder.com/,dns,https://explorer.ooni.org/m/20260403075722.056625_KR_webconnectivity_f04b472f0454920b
http://makemodel.net/,ok,https://explorer.ooni.org/m/20260403075724.433392_KR_webconnectivity_f99374c877cdcd8e
https://maps.org/,ok,https://explorer.ooni.org/m/20260403075726.472364_KR_webconnectivity_0b12670d957ca360
http://mingky.org/,dns,https://explorer.ooni.org/m/20260403075727.234568_KR_webconnectivity_d44d3da64b4e335b
https://norml.org/,dns,https://explorer.ooni.org/m/20260403075728.912140_KR_webconnectivity_457c5d928e51aaed
https://nsdapao.info/,dns,https://explorer.ooni.org/m/20260403075744.753804_KR_webconnectivity_b17d2176ac74ecc6
http://onlybingo.com/,dns,https://explorer.ooni.org/m/20260403075800.413741_KR_webconnectivity_dae651ae959eaed5
https://panties.com/,dns,https://explorer.ooni.org/m/20260403075801.540475_KR_webconnectivity_373e6d5dc7346924
http://sexkorea.net/,dns,https://explorer.ooni.org/m/20260403075806.861825_KR_webconnectivity_5c20ac18e65fbb7b
http://user.chollian.net/,dns,https://explorer.ooni.org/m/20260403075809.381434_KR_webconnectivity_c01940267dcf724d
http://user.chollian.net/~yesooj/mincho/deama.htm,dns,https://explorer.ooni.org/m/20260403075811.619054_KR_webconnectivity_1c87297ef0d3fd4b
http://video.fc2.com/ko/a/,dns,https://explorer.ooni.org/m/20260403075813.585691_KR_webconnectivity_9aecb838645505a8
http://www.4online-gambling.com/,dns,https://explorer.ooni.org/m/20260403075814.787209_KR_webconnectivity_35cc5f0386bb6213
http://www.absinth.com/,ok,https://explorer.ooni.org/m/20260403075817.356886_KR_webconnectivity_2e96f36e28b4430e
http://www.absolut.com/,ok,https://explorer.ooni.org/m/20260403075818.612730_KR_webconnectivity_9dab675a1d774024
https://www.americannaziparty.com/,ok,https://explorer.ooni.org/m/20260403075820.981000_KR_webconnectivity_0c00b6620525af2c
https://www.ariannelingerie.com/,dns,https://explorer.ooni.org/m/20260403075822.116538_KR_webconnectivity_071c1086730d3d35
https://www.ashleymadison.com/,dns,https://explorer.ooni.org/m/20260403075822.810808_KR_webconnectivity_e4af9b24dc3974ff
http://www.asiabynight.com/,dns,https://explorer.ooni.org/m/20260403075838.676027_KR_webconnectivity_d4f75b93ee5b74a5
https://www.bacardi.com/,ok,https://explorer.ooni.org/m/20260403075841.534182_KR_webconnectivity_d0f4e1c3af22d5c3
https://www.bat.com/,ok,https://explorer.ooni.org/m/20260403075845.944277_KR_webconnectivity_4161cd12838c654e
http://www.beer.com/,ok,https://explorer.ooni.org/m/20260403075849.992098_KR_webconnectivity_5ab502cc452df138
https://www.beerinfo.com/,ok,https://explorer.ooni.org/m/20260403075856.069235_KR_webconnectivity_901114b5054bfab7
http://www.bglad.com/,dns,https://explorer.ooni.org/m/20260403075858.930397_KR_webconnectivity_2c76835c2a964577
http://www.blackjackinfo.com/,dns,https://explorer.ooni.org/m/20260403075901.181780_KR_webconnectivity_0a787f4194d7345a
http://www.budweiser.com/,ok,https://explorer.ooni.org/m/20260403075905.573304_KR_webconnectivity_ab63ed8d9da077bd
http://www.date.com/,dns,https://explorer.ooni.org/m/20260403075907.603235_KR_webconnectivity_82567d38bfa255d4
http://www.dekaron.co.kr/,dns,https://explorer.ooni.org/m/20260403075910.354605_KR_webconnectivity_299f354e6d231f08
http://www.delicates.co.uk/,ok,https://explorer.ooni.org/m/20260403075916.264784_KR_webconnectivity_24caf1dee93d271c
https://www.dextroverse.org/,ok,https://explorer.ooni.org/m/20260403075919.569085_KR_webconnectivity_706be8c2b8c1b97b
https://www.drugsdata.org/,dns,https://explorer.ooni.org/m/20260403075922.334969_KR_webconnectivity_7b6ca850fa484f37
http://www.drugsense.org/,ok,https://explorer.ooni.org/m/20260403075926.069023_KR_webconnectivity_a270635706b95f84
http://www.dsnet.co.kr/,ok,https://explorer.ooni.org/m/20260403075945.915641_KR_webconnectivity_dafe56853207846a
https://www.erowid.org/,tcp_ip,https://explorer.ooni.org/m/20260403080041.643073_KR_webconnectivity_ce0c0dc67d61e082
http://www.forbiddenasian.com/,dns,https://explorer.ooni.org/m/20260403080043.782053_KR_webconnectivity_03951e399f30d929
http://www.freshpair.com/,dns,https://explorer.ooni.org/m/20260403080044.761247_KR_webconnectivity_75e7dd1360c463e6
http://www.fuckingfreemovies.com/,dns,https://explorer.ooni.org/m/20260403080050.462289_KR_webconnectivity_474b2dcc1d477641
http://www.gamemeca.com/,dns,https://explorer.ooni.org/m/20260403080054.014851_KR_webconnectivity_60ad8bb265cefcc2
http://www.gamespot.co.kr/,dns,https://explorer.ooni.org/m/20260403080058.947088_KR_webconnectivity_832b47c02c7b027b
http://www.globalfire.tv/,ok,https://explorer.ooni.org/m/20260403080101.166077_KR_webconnectivity_17c5f86f1082a2e7
http://www.hanes.com/,ok,https://explorer.ooni.org/m/20260403080102.647585_KR_webconnectivity_2f081bafa7022ec9
http://www.hiliq.net/,ok,https://explorer.ooni.org/m/20260403080109.438775_KR_webconnectivity_584d4cc7727ac2a7
http://www.ilbe.com/,dns,https://explorer.ooni.org/m/20260403080112.629964_KR_webconnectivity_c22111bd901c23d8
http://www.indianporngirls.com/,dns,https://explorer.ooni.org/m/20260403080115.337280_KR_webconnectivity_097c1e8eee5df003
http://www.jackdaniels.com/,ok,https://explorer.ooni.org/m/20260403080117.900174_KR_webconnectivity_d6831c7374e1446f
https://www.jackpotcitycasino1.com/,dns,https://explorer.ooni.org/m/20260403080119.643683_KR_webconnectivity_d78a869cd2d32f2d
http://www.joyhunting.com/,dns,https://explorer.ooni.org/m/20260403080135.369551_KR_webconnectivity_f1e8acc0b41e74ea
http://www.jupae.com/,ok,https://explorer.ooni.org/m/20260403080152.082045_KR_webconnectivity_5e0b6946ce2b5cb7
http://www.lesbiansubmission.com/,dns,https://explorer.ooni.org/m/20260403080154.084939_KR_webconnectivity_d209efa27aaaf226
http://www.lineage.co.kr/,dns,https://explorer.ooni.org/m/20260403080157.620432_KR_webconnectivity_467fde269bbbde86
http://www.luckynugget.com/,dns,https://explorer.ooni.org/m/20260403080158.899739_KR_webconnectivity_b7ce37da404374eb
http://www.marijuanatravels.com/,dns,https://explorer.ooni.org/m/20260403080218.546914_KR_webconnectivity_b2860bc627580ec8
http://www.mgame.com/,dns,https://explorer.ooni.org/m/20260403080220.476406_KR_webconnectivity_515385a88d042976
http://www.moderndrunkardmagazine.com/,ok,https://explorer.ooni.org/m/20260403080237.607916_KR_webconnectivity_24d1ceb2dce59ac3
http://www.mrchewsasianbeaver.com/,dns,https://explorer.ooni.org/m/20260403080240.799202_KR_webconnectivity_f21c7a6b0e3d6724
https://www.onlinegambling.com/,dns,https://explorer.ooni.org/m/20260403080242.378204_KR_webconnectivity_75404f5869dd2892
http://www.originalelf.com/,error,https://explorer.ooni.org/m/20260403080247.662342_KR_webconnectivity_17f6f3816bb548df
https://www.pmi.com/,ok,https://explorer.ooni.org/m/20260403080251.019338_KR_webconnectivity_fbd80fb3ed6ba494
http://www.ranking.co.kr/,dns,https://explorer.ooni.org/m/20260403080253.487021_KR_webconnectivity_8677cb49d1d520c3
http://www.realbeer.com/,ok,https://explorer.ooni.org/m/20260403080254.849188_KR_webconnectivity_b9ac154b34a6c43f
http://www.riverbelle.com/,dns,https://explorer.ooni.org/m/20260403080256.249532_KR_webconnectivity_a3e1b4c6f5a27085
http://www.royalvegas-casino-kr.com/,dns,https://explorer.ooni.org/m/20260403080257.036476_KR_webconnectivity_a37053110d1c4808
http://www.royalvegas.com/,dns,https://explorer.ooni.org/m/20260403080258.262059_KR_webconnectivity_638fa096a15eb510
http://www.satp.org/,ok,https://explorer.ooni.org/m/20260403080301.413380_KR_webconnectivity_b1ac0bb2f01ab5ea
https://www.shroomery.org/,dns,https://explorer.ooni.org/m/20260403080302.172443_KR_webconnectivity_32458aec33288659
http://www.slotland.com/,dns,https://explorer.ooni.org/m/20260403080303.537632_KR_webconnectivity_36199c8c4d579376
http://www.soramall.kr/,dns,https://explorer.ooni.org/m/20260403080319.541437_KR_webconnectivity_c3ebb909017572fb
http://www.speeddater.co.uk/,ok,https://explorer.ooni.org/m/20260403080324.039261_KR_webconnectivity_c7f2e6e335c69bbf
http://www.taima.org/,dns,https://explorer.ooni.org/m/20260403080324.716159_KR_webconnectivity_c3ec8a40bda1180e
http://www.tobacco.org/,ok,https://explorer.ooni.org/m/20260403080327.111960_KR_webconnectivity_6c075b6611048c07
http://www.topdrawers.com/,dns,https://explorer.ooni.org/m/20260403080328.510890_KR_webconnectivity_421948f577b8eda6
http://www.vanguardnewsnetwork.com/,ok,https://explorer.ooni.org/m/20260403080331.981898_KR_webconnectivity_b06749251f757438
http://www.wegames.net/,dns,https://explorer.ooni.org/m/20260403080333.566634_KR_webconnectivity_b6f8c76736e40ad4
http://www.winespectator.com/,ok,https://explorer.ooni.org/m/20260403080336.400874_KR_webconnectivity_648678fd705320de
http://www.xvideos.com/,dns,https://explorer.ooni.org/m/20260403080337.610825_KR_webconnectivity_ee130ef21de762f0
https://xhamster.com/,dns,https://explorer.ooni.org/m/20260403080339.140547_KR_webconnectivity_fd296aa85fa2e16a
http://ywoos.com/,dns,https://explorer.ooni.org/m/20260403080354.837400_KR_webconnectivity_0ce27902429f2c32
https://www.plannedparenthood.org/,dns,https://explorer.ooni.org/m/20260403080356.064158_KR_webconnectivity_8345cc1c6b988175
https://getlantern.org/,dns,https://explorer.ooni.org/m/20260403080356.847572_KR_webconnectivity_ccb93af5af09de67
https://microsoftedge.microsoft.com/,dns,https://explorer.ooni.org/m/20260403080357.662932_KR_webconnectivity_ef5c70a435792853
https://privatevpn.com/,dns,https://explorer.ooni.org/m/20260403080358.790182_KR_webconnectivity_cebe5a2b41a2579e
https://sci-hub.se/,dns,https://explorer.ooni.org/m/20260403080359.494922_KR_webconnectivity_894a231ad27b181b
https://securevpn.com/,dns,https://explorer.ooni.org/m/20260403080400.965009_KR_webconnectivity_8d3104008bf337cb
https://trustvpn.me/,dns,https://explorer.ooni.org/m/20260403080401.815734_KR_webconnectivity_e8dee537999e1dfc
https://ultravpn.com/,dns,https://explorer.ooni.org/m/20260403080403.672952_KR_webconnectivity_cb8c3304df314e3d
http://www.anonymizer.ru/,dns,https://explorer.ooni.org/m/20260403080405.672491_KR_webconnectivity_835a5c40ea1d9bc6
https://www.advocate.com/,dns,https://explorer.ooni.org/m/20260403080404.595361_KR_webconnectivity_fb981f3c49ebfa47
http://www.anonymsurfen.com/,dns,https://explorer.ooni.org/m/20260403080406.418699_KR_webconnectivity_4ebbec8e4e6d406f
https://www.clintonfoundation.org/,ok,https://explorer.ooni.org/m/20260403080407.859932_KR_webconnectivity_39c2930cfbf51215
http://www.depdc.org/,ok,https://explorer.ooni.org/m/20260403080408.638206_KR_webconnectivity_fcce36e3fdbb56ed
http://www.dit-inc.us/,dns,https://explorer.ooni.org/m/20260403080409.735352_KR_webconnectivity_75829a35b013a7ce
http://www.dprk-stamp.com/,ok,https://explorer.ooni.org/m/20260403080410.551360_KR_webconnectivity_775f369b3f4dab2b
http://www.goodasyou.net/,dns,https://explorer.ooni.org/m/20260403080411.714545_KR_webconnectivity_3e172b3dcc7c88f6
https://www.grindr.com/,dns,https://explorer.ooni.org/m/20260403080412.471733_KR_webconnectivity_eea1b88c33ff55b1
https://www.hidemyass.com/,dns,https://explorer.ooni.org/m/20260403080413.559671_KR_webconnectivity_eee2f98c8ac1e814
https://www.icj.org/,dns,https://explorer.ooni.org/m/20260403080414.346196_KR_webconnectivity_b8053ec6dffddb5b
https://www.ipvanish.com/,dns,https://explorer.ooni.org/m/20260403080415.192473_KR_webconnectivity_4853844d289857cd
https://www.ivpn.net/,dns,https://explorer.ooni.org/m/20260403080416.390949_KR_webconnectivity_fd86d3b387391fe5
https://www.jihadwatch.org/,ok,https://explorer.ooni.org/m/20260403080417.397437_KR_webconnectivity_a7e89a90a52ed5c9
https://www.knapsackforhope.org/,ok,https://explorer.ooni.org/m/20260403080418.541166_KR_webconnectivity_12fc8abece718920
http://www.korea-htr.com/chuo/,confirmed,https://explorer.ooni.org/m/20260403080419.430988_KR_webconnectivity_aae5e80eb759de03
https://www.megaproxy.com/,dns,https://explorer.ooni.org/m/20260403080420.528001_KR_webconnectivity_b63a71fdea858c35
http://www.mfasia.org/,ok,https://explorer.ooni.org/m/20260403080429.643701_KR_webconnectivity_aba7fa772a694ee8
http://www.newsweekasia.com/,ok,https://explorer.ooni.org/m/20260403080447.071600_KR_webconnectivity_12eefe18f5674245
https://www.nifty.org/,dns,https://explorer.ooni.org/m/20260403080448.054462_KR_webconnectivity_9c3c22aad39d1119
http://www.oneworld.net/,ok,https://explorer.ooni.org/m/20260403080456.383770_KR_webconnectivity_be29630fbe1a94c8
http://www.pangari.net/,ok,https://explorer.ooni.org/m/20260403080457.351992_KR_webconnectivity_f822ceda3491ba56
http://www.peacefire.org/circumventor/simple-circumventor-instructions.html,dns,https://explorer.ooni.org/m/20260403080458.408176_KR_webconnectivity_ffea6372d0657841
https://www.pinkcupid.com/,dns,https://explorer.ooni.org/m/20260403080459.357096_KR_webconnectivity_d0823366cc41dcc0
https://www.plancpills.org/,dns,https://explorer.ooni.org/m/20260403080500.149774_KR_webconnectivity_4348dbbc7c883990
https://www.privateinternetaccess.com/,dns,https://explorer.ooni.org/m/20260403080501.554396_KR_webconnectivity_3fbc146da6254da9
http://www.publiuspundit.com/,ok,https://explorer.ooni.org/m/20260403080503.369027_KR_webconnectivity_c877a67f4bf442b4
http://www.seapabkk.org/,dns,https://explorer.ooni.org/m/20260403080506.758549_KR_webconnectivity_047856e822547502
http://www.taipeitimes.com/,ok,https://explorer.ooni.org/m/20260403080510.209826_KR_webconnectivity_99e5d0f812e94236
https://www.torproject.org/,dns,https://explorer.ooni.org/m/20260403080511.087842_KR_webconnectivity_d1a37911a2fb22ee
https://www.unfe.org/,ok,https://explorer.ooni.org/m/20260403080512.411986_KR_webconnectivity_fabf6b4a22666c30
https://www.unicef.org/,ok,https://explorer.ooni.org/m/20260403080513.583718_KR_webconnectivity_546a401eba0fdd8a
http://www.zdnetasia.com/,ok,https://explorer.ooni.org/m/20260403080518.604428_KR_webconnectivity_f1a0c2a7f6b943b7
"http://www.zdnetasia.com/downloads/pc/swinfo/0,39043052,39222404s,00.htm",ok,https://explorer.ooni.org/m/20260403080524.001665_KR_webconnectivity_c848d993564f2942
http://baykoreans.net/,dns,https://explorer.ooni.org/m/20260403080525.942465_KR_webconnectivity_8081997b106f1cb1
https://coronavirus.app/,dns,https://explorer.ooni.org/m/20260403080526.810449_KR_webconnectivity_9a8fef29b714a9b1
http://h50030.www5.hp.com/,ok,https://explorer.ooni.org/m/20260403080527.838504_KR_webconnectivity_0ff7016bfef99028
http://adb.org/,ok,https://explorer.ooni.org/m/20260403080533.604320_KR_webconnectivity_986c8771007cebc9
https://alignpay.com/,dns,https://explorer.ooni.org/m/20260403080549.285262_KR_webconnectivity_c1f0ed9f5cfb597a
https://api.revenuecat.com/,ok,https://explorer.ooni.org/m/20260403080553.571676_KR_webconnectivity_8bbab700a7652a1b
https://apis.google.com/robots.txt,ok,https://explorer.ooni.org/m/20260403080558.498912_KR_webconnectivity_4c9bebc00d949b7c
http://archive.ubuntu.com/,ok,https://explorer.ooni.org/m/20260403080606.572327_KR_webconnectivity_73ca8171e95894a3
https://attrition.org/,ok,https://explorer.ooni.org/m/20260403080609.965041_KR_webconnectivity_b4a7d31badc707a2
https://beacondb.net/,ok,https://explorer.ooni.org/m/20260403080612.707086_KR_webconnectivity_d1da9e0c05b2546d
https://blockdx.co/,error,https://explorer.ooni.org/m/20260403080614.635335_KR_webconnectivity_3196f6c9f2f51549
https://blog.mozilla.org/,ok,https://explorer.ooni.org/m/20260403080617.843403_KR_webconnectivity_558fb423a65ec182
https://bogus.d2a8n1.rootcanary.net/,ok,https://explorer.ooni.org/m/20260403080620.955288_KR_webconnectivity_29b27e127fcbb45c
https://brave.com/,ok,https://explorer.ooni.org/m/20260403080623.828553_KR_webconnectivity_32f721ab8dfa6969
https://bughunters.google.com/,ok,https://explorer.ooni.org/m/20260403080626.839508_KR_webconnectivity_2c14154c8097df4a
https://cdnjs.com/,ok,https://explorer.ooni.org/m/20260403080628.768006_KR_webconnectivity_9bdd52035ef0326d
http://clients3.google.com/generate_204,ok,https://explorer.ooni.org/m/20260403080630.159759_KR_webconnectivity_4c0a525d4276dbcf
https://clients5.google.com/robots.txt,ok,https://explorer.ooni.org/m/20260403080632.269286_KR_webconnectivity_235288adee172960
https://company.wizards.com/,dns,https://explorer.ooni.org/m/20260403080633.177402_KR_webconnectivity_4058c4e6056941ec
http://connectivitycheck.android.com/generate_204,ok,https://explorer.ooni.org/m/20260403080634.782670_KR_webconnectivity_b062ddc8abd6e8ff
http://connectivitycheck.gstatic.com/generate_204,ok,https://explorer.ooni.org/m/20260403080636.335320_KR_webconnectivity_ac2d1239e3dfaa80
https://dashjr.org/,dns,https://explorer.ooni.org/m/20260403080637.453608_KR_webconnectivity_1172ac66ed459ec0
https://defcon.org/,ok,https://explorer.ooni.org/m/20260403080640.946962_KR_webconnectivity_2a8b006b9a671b00
https://dnsviz.net/,ok,https://explorer.ooni.org/m/20260403080643.604473_KR_webconnectivity_1bd2b44db6e733d5
https://doubleclick.net/,ok,https://explorer.ooni.org/m/20260403080650.991471_KR_webconnectivity_7451985b9d2af182
https://earth.google.com/web/,ok,https://explorer.ooni.org/m/20260403080653.310521_KR_webconnectivity_0d0c463dd4974190
https://en.miui.com/,ok,https://explorer.ooni.org/m/20260403080657.092596_KR_webconnectivity_30b8405a4b8ad30e
https://etherscan.io/,dns,https://explorer.ooni.org/m/20260403080657.790366_KR_webconnectivity_f81804f46c248dc8
https://fedoramagazine.org/,ok,https://explorer.ooni.org/m/20260403080700.835480_KR_webconnectivity_2e3f7a4466e6b25d
http://gmarket.co.kr/,ok,https://explorer.ooni.org/m/20260403080703.867006_KR_webconnectivity_09b451e07aad8647
https://hodlhodl.com/,ok,https://explorer.ooni.org/m/20260403080707.067336_KR_webconnectivity_59b5e8c69aef1987
https://insecure.org/,ok,https://explorer.ooni.org/m/20260403080711.072877_KR_webconnectivity_e912d25bdc939f2b
https://kh.google.com/rt/earth/PlanetoidMetadata,ok,https://explorer.ooni.org/m/20260403080713.128259_KR_webconnectivity_09ac4af2da03851c
https://khms0.google.com/kh/v=908?x=81&y=103&z=8,ok,https://explorer.ooni.org/m/20260403080715.244126_KR_webconnectivity_3dc45b98b85f9d79
https://khms1.google.com/kh/v=908?x=327&y=414&z=10,ok,https://explorer.ooni.org/m/20260403080717.604130_KR_webconnectivity_e5ae16b71265400c
http://knic.com.kp/,dns,https://explorer.ooni.org/m/20260403080720.923707_KR_webconnectivity_29262873351d0488
https://localmonero.co/,ok,https://explorer.ooni.org/m/20260403080725.080088_KR_webconnectivity_4f792feae4c92847
https://maps.gstatic.com/tactile/basepage/grid-image.png,ok,https://explorer.ooni.org/m/20260403080726.930994_KR_webconnectivity_6cc66f889cbdfbcf
https://metasploit.com/,ok,https://explorer.ooni.org/m/20260403080731.623428_KR_webconnectivity_a27122e54e87882f
https://moodle.org/,ok,https://explorer.ooni.org/m/20260403080734.990864_KR_webconnectivity_9fe9bc63045b2607
http://networkcheck.kde.org/,ok,https://explorer.ooni.org/m/20260403080736.183393_KR_webconnectivity_b7c8466574beaad8
https://nmap.org/,ok,https://explorer.ooni.org/m/20260403080738.635369_KR_webconnectivity_e4450271cbf71a6a
http://opportunity.org/,ok,https://explorer.ooni.org/m/20260403080742.285266_KR_webconnectivity_7cde654b7507f448
https://packetstormsecurity.com/,ok,https://explorer.ooni.org/m/20260403080748.630961_KR_webconnectivity_c49d469bd5434598
http://ping.archlinux.org/,ok,https://explorer.ooni.org/m/20260403080752.011763_KR_webconnectivity_85568d6b9a296261
https://plan-uk.org/,ok,https://explorer.ooni.org/m/20260403080755.498544_KR_webconnectivity_75a1d595eabff604
https://root-key-sentinel-is-ta-20326.d2a8n3.rootcanary.net/,ok,https://explorer.ooni.org/m/20260403080758.569498_KR_webconnectivity_708de2b378cdcf43
https://root-key-sentinel-is-ta-38696.d2a8n3.rootcanary.net/,ok,https://explorer.ooni.org/m/20260403080801.631957_KR_webconnectivity_e4607fb5cdb00337
https://root-key-sentinel-not-ta-20326.d2a8n3.rootcanary.net/,ok,https://explorer.ooni.org/m/20260403080804.560980_KR_webconnectivity_4ccedcb0f09d8a57
https://root-key-sentinel-not-ta-38696.d2a8n3.rootcanary.net/,ok,https://explorer.ooni.org/m/20260403080807.700154_KR_webconnectivity_4b7171cacad3a5d7
https://s3.amazonaws.com/ooni-data/archives-raw/yaml_tar_vault.json,ok,https://explorer.ooni.org/m/20260403080812.369256_KR_webconnectivity_9d6293357046e410
https://seclists.org/,ok,https://explorer.ooni.org/m/20260403080815.571620_KR_webconnectivity_4ae60c6d8edae27f
https://sourceforge.net/projects/loic/,ok,https://explorer.ooni.org/m/20260403080818.685989_KR_webconnectivity_cc20c5dfd14feed6
http://start.ubuntu.com/connectivity-check.html,ok,https://explorer.ooni.org/m/20260403080820.713221_KR_webconnectivity_2a2e7bf3aa7e5ce3
https://swift.org/,ok,https://explorer.ooni.org/m/20260403080822.466141_KR_webconnectivity_8becd7fd98e371db
https://thehackernews.com/,ok,https://explorer.ooni.org/m/20260403080824.668296_KR_webconnectivity_9f972e18d64a10bf
https://tigerweb.ru/,ok,https://explorer.ooni.org/m/20260403080842.998276_KR_webconnectivity_fc37622a5327cd8b
https://toolbox.googleapps.com/,ok,https://explorer.ooni.org/m/20260403080846.573638_KR_webconnectivity_9f2c62d0c0379474
https://trisquel.info/,ok,https://explorer.ooni.org/m/20260403080850.477130_KR_webconnectivity_83a6034b15d8585f
https://use-application-dns.net/,ok,https://explorer.ooni.org/m/20260403080852.860117_KR_webconnectivity_ee45d8894e2e0b6c
https://wasabiwallet.io/,ok,https://explorer.ooni.org/m/20260403080856.928946_KR_webconnectivity_4594cf26ec0fd828
https://wkkf.org/,ok,https://explorer.ooni.org/m/20260403080859.856012_KR_webconnectivity_b8c680901b0d4ee8
https://worldofwarcraft.com/,dns,https://explorer.ooni.org/m/20260403080901.078870_KR_webconnectivity_a93313bbc9e9fb9c
http://www.11st.co.kr/,ok,https://explorer.ooni.org/m/20260403080902.664039_KR_webconnectivity_86ca0158df7be279
https://www.2600.com/,dns,https://explorer.ooni.org/m/20260403080905.950558_KR_webconnectivity_30602eb9134dc682
https://www.airbnb.co.kr/,ok,https://explorer.ooni.org/m/20260403080909.407040_KR_webconnectivity_7bd30b911eabe898
https://www.akdn.org/,ok,https://explorer.ooni.org/m/20260403080914.632433_KR_webconnectivity_98cec84aa7a8b5d0
http://www.apple.com/library/test/success.html,ok,https://explorer.ooni.org/m/20260403080915.878273_KR_webconnectivity_ecb625d39c942348
https://www.apple.com/,ok,https://explorer.ooni.org/m/20260403080918.524192_KR_webconnectivity_9f27b1d73eb32c33
https://www.babbel.com/,ok,https://explorer.ooni.org/m/20260403080921.612596_KR_webconnectivity_cea671c5ff0e183e
http://www.barnesandnoble.com/,error,https://explorer.ooni.org/m/20260403081021.890579_KR_webconnectivity_c47af6f0da80251e
http://www.bobaedream.co.kr/,ok,https://explorer.ooni.org/m/20260403081024.901815_KR_webconnectivity_55b483c9d201f906
https://www.care.org/,ok,https://explorer.ooni.org/m/20260403081030.599471_KR_webconnectivity_0f768360c8aa83c3
https://www.ccc.de/,ok,https://explorer.ooni.org/m/20260403081033.127965_KR_webconnectivity_1ec0f43a5fd7813a
http://www.ccej.or.kr/,ok,https://explorer.ooni.org/m/20260403081038.730893_KR_webconnectivity_0e56a6e53bd82886
https://www.common-fund.org/,ok,https://explorer.ooni.org/m/20260403081045.829399_KR_webconnectivity_d6cf6b676243d830
https://www.concern.net/,ok,https://explorer.ooni.org/m/20260403081048.256463_KR_webconnectivity_304f3244cca99199
https://www.craigslist.org/,dns,https://explorer.ooni.org/m/20260403081051.074744_KR_webconnectivity_f6c067776763d840
http://www.cyber-pirates.org/,ok,https://explorer.ooni.org/m/20260403081105.954129_KR_webconnectivity_a99b2a4d4cbf7df3
https://www.ddo.com/,dns,https://explorer.ooni.org/m/20260403081108.527651_KR_webconnectivity_a6e166291f7d6ad9
https://www.ebay.com/,ok,https://explorer.ooni.org/m/20260403081113.030348_KR_webconnectivity_cf849b3e795f298d
https://www.eccouncil.org/,ok,https://explorer.ooni.org/m/20260403081114.819198_KR_webconnectivity_8e71a96d546824df
https://www.episcopalrelief.org/,ok,https://explorer.ooni.org/m/20260403081117.350515_KR_webconnectivity_d9e72e7ac8737e5b
http://www.fki.or.kr/,ok,https://explorer.ooni.org/m/20260403081119.320146_KR_webconnectivity_baa019106fe712da
https://www.g5.com/,dns,https://explorer.ooni.org/m/20260403081121.493583_KR_webconnectivity_d4b9c64306a3689d
https://www.gazprombank.ru/,ok,https://explorer.ooni.org/m/20260403081125.886425_KR_webconnectivity_1b958e7cbaf0d760
https://www.genymotion.com/,ok,https://explorer.ooni.org/m/20260403081128.419825_KR_webconnectivity_be91966d3de22970
https://www.globalgiving.org/,ok,https://explorer.ooni.org/m/20260403081130.094342_KR_webconnectivity_e399e977eaf92199
https://www.gofundme.com/,ok,https://explorer.ooni.org/m/20260403081134.895189_KR_webconnectivity_48ec8d790571bc79
https://www.groupon.com/,ok,https://explorer.ooni.org/m/20260403081138.749593_KR_webconnectivity_e92397bf8efd3b58
http://www.hackinthebox.org/,tcp_ip,https://explorer.ooni.org/m/20260403081151.701496_KR_webconnectivity_92eaf9d4595b639a
https://www.helvetas.ch/,ok,https://explorer.ooni.org/m/20260403081200.255630_KR_webconnectivity_c989c6d0dc5418c5
https://www.idrc.ca/,ok,https://explorer.ooni.org/m/20260403081206.600662_KR_webconnectivity_4e29196b46ff2089
https://www.ifad.org/,ok,https://explorer.ooni.org/m/20260403081207.843679_KR_webconnectivity_b7bfc30c3ac59248
https://www.ifc.org/,ok,https://explorer.ooni.org/m/20260403081209.687172_KR_webconnectivity_d873d3ec16932550
https://www.international.gc.ca/,ok,https://explorer.ooni.org/m/20260403081213.426516_KR_webconnectivity_ba6b968486379d7a
https://www.internetsociety.org/,ok,https://explorer.ooni.org/m/20260403081217.038384_KR_webconnectivity_165594c77da49531
http://www.inven.co.kr/,dns,https://explorer.ooni.org/m/20260403081220.898132_KR_webconnectivity_57b4f2989c64e12f
https://www.kali.org/,ok,https://explorer.ooni.org/m/20260403081224.269669_KR_webconnectivity_8472d1a1f86e46d4
https://www.kbs-frb.be/,ok,https://explorer.ooni.org/m/20260403081229.387827_KR_webconnectivity_24abf6b599233e52
https://www.kucoin.com/,dns,https://explorer.ooni.org/m/20260403081231.032387_KR_webconnectivity_9c1e1a86f9aa6024
https://www.macfound.org/,ok,https://explorer.ooni.org/m/20260403081233.861385_KR_webconnectivity_26582c024d971d16
https://www.malwares.com/,ok,https://explorer.ooni.org/m/20260403081236.787113_KR_webconnectivity_c0a88e0064e2b483
http://www.msftconnecttest.com/connecttest.txt,ok,https://explorer.ooni.org/m/20260403081238.109418_KR_webconnectivity_ae1ee33ab01b2a8c
http://www.msftncsi.com/ncsi.txt,ok,https://explorer.ooni.org/m/20260403081239.402327_KR_webconnectivity_008e8e45d849e825
http://www.netmarble.net/,dns,https://explorer.ooni.org/m/20260403081241.808085_KR_webconnectivity_d19df0caf302ee44
https://www.oxfam.org/,ok,https://explorer.ooni.org/m/20260403081246.511188_KR_webconnectivity_3b518c5e6d2e15c8
https://www.paralleleconomy.com/,ok,https://explorer.ooni.org/m/20260403081249.770901_KR_webconnectivity_df2afb5c04634650
https://www.paypal.com/,ok,https://explorer.ooni.org/m/20260403081252.080754_KR_webconnectivity_ca78df80efa8fa96
http://www.pcgamer.com/,dns,https://explorer.ooni.org/m/20260403081252.823905_KR_webconnectivity_61de370b35e5c6ef
https://www.playstation.com/,dns,https://explorer.ooni.org/m/20260403081253.795906_KR_webconnectivity_dff656dc0796bd20
https://www.progressio.org.uk/,ok,https://explorer.ooni.org/m/20260403081256.976692_KR_webconnectivity_22b3c82a3256f3c3
https://www.rbf.org/,ok,https://explorer.ooni.org/m/20260403081258.707877_KR_webconnectivity_4bb5f66c4e0a2f69
http://www.runescape.com/,dns,https://explorer.ooni.org/m/20260403081259.811333_KR_webconnectivity_c6195ce5dbd8fba5
http://www.sida.se/,ok,https://explorer.ooni.org/m/20260403081305.185755_KR_webconnectivity_a8ce3009d4be9e79
https://www.thegeekdiary.com/,ok,https://explorer.ooni.org/m/20260403081305.816798_KR_webconnectivity_e9346727bcea68dc
https://www.uber.com/,ok,https://explorer.ooni.org/m/20260403081308.647586_KR_webconnectivity_1d02403fbac54e9d
https://www.ubisoft.com/,dns,https://explorer.ooni.org/m/20260403081309.707889_KR_webconnectivity_106ba748e414f931
http://www.unlockme.co.uk/,ok,https://explorer.ooni.org/m/20260403081311.711130_KR_webconnectivity_aeae6285cec05301
https://www.usaid.gov/,ok,https://explorer.ooni.org/m/20260403081315.508464_KR_webconnectivity_67a33eba31af88c4
https://www.walmart.com/,ok,https://explorer.ooni.org/m/20260403081318.383367_KR_webconnectivity_2a31ece62faca87a
https://www.weforum.org/,ok,https://explorer.ooni.org/m/20260403081319.594098_KR_webconnectivity_dd5870d38cea9156
https://www.westernunion.com/,ok,https://explorer.ooni.org/m/20260403081323.304967_KR_webconnectivity_08f26865ab6f79ab
https://www.wmtransfer.com/,ok,https://explorer.ooni.org/m/20260403081330.660954_KR_webconnectivity_378f67a4b8456672
https://www.worldbank.org/,ok,https://explorer.ooni.org/m/20260403081332.168421_KR_webconnectivity_3be097db678f0914
http://www.zone-h.org/,ok,https://explorer.ooni.org/m/20260403081333.394343_KR_webconnectivity_a8aa7606819717f1
https://xe.com/,ok,https://explorer.ooni.org/m/20260403081343.039415_KR_webconnectivity_1def8c0426c00565
http://zipbogo.net/,confirmed,https://explorer.ooni.org/m/20260403081345.293931_KR_webconnectivity_dd25003c26e6804d
https://9.9.9.9/dns-query?dns=q80BAAABAAAAAAAAA3d3dwdleGFtcGxlA2NvbQAAAQAB,tcp_ip,https://explorer.ooni.org/m/20260403081345.902783_KR_webconnectivity_9bbbee20f8e6556b
https://api.protonvpn.ch/tests/ping,dns,https://explorer.ooni.org/m/20260403081346.711904_KR_webconnectivity_f37c6e5f85d41fa9
https://geti2p.net/,dns,https://explorer.ooni.org/m/20260403081347.475991_KR_webconnectivity_e72ec70750bdd39a
https://hola.org/,dns,https://explorer.ooni.org/m/20260403081348.920905_KR_webconnectivity_b8a68207f17836e1
https://hornet.com/,dns,https://explorer.ooni.org/m/20260403081349.688006_KR_webconnectivity_2e354c7a99b34522
https://i2pd.website/,dns,https://explorer.ooni.org/m/20260403081350.383274_KR_webconnectivity_2af65cd447973a2c
https://justthepill.com/,dns,https://explorer.ooni.org/m/20260403081351.151731_KR_webconnectivity_43d8f8d4fb0b9961
https://leap.se/,dns,https://explorer.ooni.org/m/20260403081352.635440_KR_webconnectivity_5541641ac6cfa43c
http://nocensor.org/,ok,https://explorer.ooni.org/m/20260403081355.555939_KR_webconnectivity_f68df8f2c85a77ba
http://nodongsarang.org/,ok,https://explorer.ooni.org/m/20260403081356.921578_KR_webconnectivity_f1134e16d62ab438
https://pflag.org/,dns,https://explorer.ooni.org/m/20260403081358.315083_KR_webconnectivity_4dde46158641a0eb
https://psiphon.ca/,dns,https://explorer.ooni.org/m/20260403081359.108249_KR_webconnectivity_3e47e906ca93a71f
https://riseup.net/,dns,https://explorer.ooni.org/m/20260403081401.179687_KR_webconnectivity_b8f5eeb6b21122c8
https://sputnikglobe.com/,dns,https://explorer.ooni.org/m/20260403081402.653663_KR_webconnectivity_0407a93deb92a1a1
https://tor.eff.org/,dns,https://explorer.ooni.org/m/20260403081404.709868_KR_webconnectivity_a81729445b6c5646
https://triplebit.org/,dns,https://explorer.ooni.org/m/20260403081406.574307_KR_webconnectivity_4187867ffa186a89
https://womenhelp.org/,dns,https://explorer.ooni.org/m/20260403081407.990201_KR_webconnectivity_2428013221223114
https://www.cato.org/,ok,https://explorer.ooni.org/m/20260403081409.148545_KR_webconnectivity_4830101397ad6233
https://www.economist.com/,ok,https://explorer.ooni.org/m/20260403081410.304124_KR_webconnectivity_3dd9df46e56d1c5e
https://www.eurobicon.org/,dns,https://explorer.ooni.org/m/20260403081411.252098_KR_webconnectivity_5e4a4f4ee3ed695c
http://www.forum-asia.org/,ok,https://explorer.ooni.org/m/20260403081413.169328_KR_webconnectivity_fadc03981f2691a0
http://www.freedominfo.org/,ok,https://explorer.ooni.org/m/20260403081414.192289_KR_webconnectivity_c15432726fc454f7
https://www.freespeechcoalition.com/,dns,https://explorer.ooni.org/m/20260403081414.951346_KR_webconnectivity_e193b1537bdc8701
http://www.fridae.com/,dns,https://explorer.ooni.org/m/20260403081416.047808_KR_webconnectivity_9918479c41190533
http://www.gayegypt.com/,dns,https://explorer.ooni.org/m/20260403081417.335893_KR_webconnectivity_d930aa1ea8d565bd
https://www.guerrillagirls.com/,dns,https://explorer.ooni.org/m/20260403081418.333280_KR_webconnectivity_428cf45623497a32
http://www.http-tunnel.com/,dns,https://explorer.ooni.org/m/20260403081419.049872_KR_webconnectivity_f0440aa5ca2d301b
http://www.ifex.org/,ok,https://explorer.ooni.org/m/20260403081420.107849_KR_webconnectivity_5c7385f06abc9092
http://www.ifge.org/,dns,https://explorer.ooni.org/m/20260403081421.333135_KR_webconnectivity_14ada931b32d227b
https://www.ineedana.com/,dns,https://explorer.ooni.org/m/20260403081422.705171_KR_webconnectivity_273f3f41715fe360
http://www.kcna.kp/,dns,https://explorer.ooni.org/m/20260403081424.706248_KR_webconnectivity_c71f57a175556c53
https://www.ohchr.org/,ok,https://explorer.ooni.org/m/20260403081426.421287_KR_webconnectivity_c656f26b8c5735ea
https://www.rfi.fr/,ok,https://explorer.ooni.org/m/20260403081428.046375_KR_webconnectivity_35930ee317c86112
http://www.snumaum.org/,ok,https://explorer.ooni.org/m/20260403081429.423778_KR_webconnectivity_6c7af73fb711c931
https://www.telegraph.co.uk/,ok,https://explorer.ooni.org/m/20260403081431.003326_KR_webconnectivity_7193abb3131824d7
http://www.towleroad.com/,dns,https://explorer.ooni.org/m/20260403081432.601644_KR_webconnectivity_65d385368278869d
http://www.upschool.net/xe/,ok,https://explorer.ooni.org/m/20260403081434.324186_KR_webconnectivity_2fe9269b9b3d1f8f
http://ndfsk.dyndns.org/,ok,https://explorer.ooni.org/m/20260403081435.113312_KR_webconnectivity_c8520b86956a16ae
http://www.asiangirlsnextdoor.com/,dns,https://explorer.ooni.org/m/20260403081435.946479_KR_webconnectivity_2be2e66375055edd
http://www.dateinasia.com/,dns,https://explorer.ooni.org/m/20260403081436.697792_KR_webconnectivity_5876d100f1bbbe93
http://www.gayasianamateurs.com/,dns,https://explorer.ooni.org/m/20260403081437.385084_KR_webconnectivity_ba023e30e453c62d
https://chika.aangat.lahat.computer/,dns,https://explorer.ooni.org/m/20260403081438.519067_KR_webconnectivity_2ae85b67b7aa4aae
http://cyworld.nate.com/club/clubsection/clubSection4_main.asp,ok,https://explorer.ooni.org/m/20260403081439.918779_KR_webconnectivity_3f314d50b211cc54
http://dongyoungsang.com/,confirmed,https://explorer.ooni.org/m/20260403081440.962043_KR_webconnectivity_2b47d23ff62fa295
http://libgen.gs/,ok,https://explorer.ooni.org/m/20260403081445.442781_KR_webconnectivity_2405400e90bde1b9
https://microsoftedge.microsoft.com/addons/Microsoft-Edge-Extensions-Home,dns,https://explorer.ooni.org/m/20260403081446.183525_KR_webconnectivity_3b5c22d6bad395fa
http://osaka.korea-htr.com/,ok,https://explorer.ooni.org/m/20260403081448.275713_KR_webconnectivity_b745bd6e903450fa
http://software.naver.com/,ok,https://explorer.ooni.org/m/20260403081448.937470_KR_webconnectivity_fab542eed1902ce7
http://tongil-i.net/,ok,https://explorer.ooni.org/m/20260403081449.811785_KR_webconnectivity_9c61855d3c0e2ef6
https://janesdueprocess.org/,dns,https://explorer.ooni.org/m/20260403081451.955230_KR_webconnectivity_e025fc3db5d58d67
https://www.rollingstone.com/,dns,https://explorer.ooni.org/m/20260403081450.492945_KR_webconnectivity_e33be78106258829
https://ooni.torproject.org/,dns,https://explorer.ooni.org/m/20260403081452.863205_KR_webconnectivity_34ef690120a11af9
https://securevpn.im/,dns,https://explorer.ooni.org/m/20260403081453.945405_KR_webconnectivity_3a27ef7e22ea024d
http://www.asiapacificnews.com/,ok,https://explorer.ooni.org/m/20260403081456.798053_KR_webconnectivity_0c90167214358fbe
http://www.pikicast.com/,tcp_ip,https://explorer.ooni.org/m/20260403081542.599285_KR_webconnectivity_4d42a4e018d9cffe
https://www.securityinabox.org/,ok,https://explorer.ooni.org/m/20260403081544.799834_KR_webconnectivity_1e3bbb1c1cb9bbb8
https://bcc.chat/,ok,https://explorer.ooni.org/m/20260403081547.319725_KR_webconnectivity_c37b5d04e74cf531
https://claude.ai/,ok,https://explorer.ooni.org/m/20260403081548.647477_KR_webconnectivity_7304932133bfeac4
https://dit.whatsapp.net/robots.txt,ok,https://explorer.ooni.org/m/20260403081550.053591_KR_webconnectivity_2b2beafe7d6323be
http://fteproxy.org/,dns,https://explorer.ooni.org/m/20260403081550.789787_KR_webconnectivity_9091e2a7cdf392ae
https://kickasstorrents.to/,dns,https://explorer.ooni.org/m/20260403081551.616435_KR_webconnectivity_89adda0d48438c07
https://rargb.to/,dns,https://explorer.ooni.org/m/20260403081552.465058_KR_webconnectivity_d4d26a38168938b2
http://www.0ubada.net/,ok,https://explorer.ooni.org/m/20260403081553.184032_KR_webconnectivity_2006e888a231e5df
http://www.ez0u.co.kr/,ok,https://explorer.ooni.org/m/20260403081553.836413_KR_webconnectivity_99b5a375f96bf162
http://bizLGU.com/,error,https://explorer.ooni.org/m/20260403081555.758488_KR_webconnectivity_b270d2ee266be686
https://cinemata.org/,ok,https://explorer.ooni.org/m/20260403081557.983708_KR_webconnectivity_709e6c500f6c6d4b
http://hksh.koreanhistory.or.kr/,ok,https://explorer.ooni.org/m/20260403081558.666928_KR_webconnectivity_594135bf5b6d49fc
http://kcnawatch.co/,confirmed,https://explorer.ooni.org/m/20260403081559.846473_KR_webconnectivity_2317056dc3b05901
https://nsw2u.com/,dns,https://explorer.ooni.org/m/20260403081600.847784_KR_webconnectivity_4f7e2a0acc5a4aae
https://rapidgator.net/,dns,https://explorer.ooni.org/m/20260403081601.710466_KR_webconnectivity_96e2b0fea91d6c3b
http://www.asiantribune.com/,dns,https://explorer.ooni.org/m/20260403081604.324716_KR_webconnectivity_0ecf369d00068e14
https://subscene.com/,dns,https://explorer.ooni.org/m/20260403081602.609498_KR_webconnectivity_2cd4258e24b0c9c2
http://www.bitcomet.com/,dns,https://explorer.ooni.org/m/20260403081605.112049_KR_webconnectivity_7d871f65f621ba69
http://www.cinewel.com/,dns,https://explorer.ooni.org/m/20260403081606.133625_KR_webconnectivity_eb99c70d1dc33e8f
https://www.datpiff.com/,dns,https://explorer.ooni.org/m/20260403081607.014115_KR_webconnectivity_36350419895e7463
http://www.dprkstudies.org/documents/nkpics/picgal.html,dns,https://explorer.ooni.org/m/20260403081608.077985_KR_webconnectivity_1b36d73849281013
https://www.fanfiction.net/,ok,https://explorer.ooni.org/m/20260403081609.181061_KR_webconnectivity_707dc6fff3080c6c
http://www.imdb.com/,dns,https://explorer.ooni.org/m/20260403081609.925353_KR_webconnectivity_b84d4b4e4de9bece
http://www.korea-dpr.com/cgi-bin/simpleforum.cgi,confirmed,https://explorer.ooni.org/m/20260403081611.332678_KR_webconnectivity_cef04eb1363cc6b0
https://www.okcupid.com/,dns,https://explorer.ooni.org/m/20260403081612.220137_KR_webconnectivity_e8357fcfeb886039
http://www.pic-international.com/,ok,https://explorer.ooni.org/m/20260403081613.829794_KR_webconnectivity_83f49fc847cf49e4
http://www.utopia-asia.com/,dns,https://explorer.ooni.org/m/20260403081615.716734_KR_webconnectivity_1dac4d7e48857fca
http://www.womenforpeaceandjustice.org/,ok,https://explorer.ooni.org/m/20260403081622.601799_KR_webconnectivity_6cd25f8d2e50c2ec
https://yts.mx/,dns,https://explorer.ooni.org/m/20260403081623.259789_KR_webconnectivity_856e504271d18a68
https://kat.am/,dns,https://explorer.ooni.org/m/20260403081624.610066_KR_webconnectivity_9bbfc0117ebea4e2
https://katcr.to/,dns,https://explorer.ooni.org/m/20260403081625.357066_KR_webconnectivity_edbd2e35601fdfa2
https://ko.wikipedia.org/,ok,https://explorer.ooni.org/m/20260403081628.780440_KR_webconnectivity_5e4e5ef3f35c3eae
https://libgen.xyz/,dns,https://explorer.ooni.org/m/20260403081629.712683_KR_webconnectivity_017324bcf9337865
https://limetorrents.pro/,dns,https://explorer.ooni.org/m/20260403081630.954992_KR_webconnectivity_82895e1fcb8590c8
http://www.chaju.org/,ok,https://explorer.ooni.org/m/20260403081632.929044_KR_webconnectivity_6ab6b560a7898851
https://www.douban.com/,ok,https://explorer.ooni.org/m/20260403081637.640502_KR_webconnectivity_03d8e710e64253b7
http://www.dprkstudies.org/,dns,https://explorer.ooni.org/m/20260403081638.862140_KR_webconnectivity_2e7a60c106a762a2
http://www.filenara.co.kr/,dns,https://explorer.ooni.org/m/20260403081639.548495_KR_webconnectivity_36ca4bcfe3f99fd9
http://www.korea-dpr.com/library/entrance.htm,confirmed,https://explorer.ooni.org/m/20260403081641.453196_KR_webconnectivity_2f69da6574a31601
https://www.literotica.com/,dns,https://explorer.ooni.org/m/20260403081643.087256_KR_webconnectivity_b0b8a6d1eab62e1a
https://www.lushstories.com/,dns,https://explorer.ooni.org/m/20260403081644.937590_KR_webconnectivity_561c2714b3902a2d
http://www.navy.mil/,ok,https://explorer.ooni.org/m/20260403081646.751469_KR_webconnectivity_466f148f39378066
https://www.nsa.gov/,ok,https://explorer.ooni.org/m/20260403081648.579444_KR_webconnectivity_e237bd3a257dd07d
http://www.onfile.co.kr/,ok,https://explorer.ooni.org/m/20260403081649.497246_KR_webconnectivity_3baeda04b5f5888e
https://www.researchgate.net/,ok,https://explorer.ooni.org/m/20260403081650.553157_KR_webconnectivity_834f1cff2b7516b5
http://www.songunpoliticsstudygroup.org/,dns,https://explorer.ooni.org/m/20260403081652.215800_KR_webconnectivity_cd2e586cb9242a29
http://yesfile.com/,dns,https://explorer.ooni.org/m/20260403081653.749990_KR_webconnectivity_c3a6e3bca471b37e
http://www.abcunderwear.com/,dns,https://explorer.ooni.org/m/20260403081655.633157_KR_webconnectivity_d5b70e8c0fbee99b
https://hustler.com/,dns,https://explorer.ooni.org/m/20260403081654.469325_KR_webconnectivity_b61fbe5fa704deed
http://www.ricefever.com/,dns,https://explorer.ooni.org/m/20260403081656.335793_KR_webconnectivity_3b196d71c61b6141
https://www.bitfinex.com/,dns,https://explorer.ooni.org/m/20260403081657.266115_KR_webconnectivity_b1cbe762440ff7c3
https://thepiratebay.org/,dns,https://explorer.ooni.org/m/20260403081658.696092_KR_webconnectivity_219451543515ca89
https://web.archive.org/,dns,https://explorer.ooni.org/m/20260403081700.323950_KR_webconnectivity_b28f1689f81f049b
http://www.centcom.mil/,ok,https://explorer.ooni.org/m/20260403081702.216963_KR_webconnectivity_bbc00b60e60a7277
http://www.dklotto.com/,dns,https://explorer.ooni.org/m/20260403081709.469437_KR_webconnectivity_72d41e2241d7021e
http://www.elufa.net/,confirmed,https://explorer.ooni.org/m/20260403081711.498395_KR_webconnectivity_d40d9391a4cadd03
http://www.enppy.com/,dns,https://explorer.ooni.org/m/20260403081714.480352_KR_webconnectivity_8fea7e4fd023ae89
https://www.givesendgo.com/,ok,https://explorer.ooni.org/m/20260403081715.780781_KR_webconnectivity_e268acfa8f74247e
http://www.iias.nl/,tcp_ip,https://explorer.ooni.org/m/20260403081717.603154_KR_webconnectivity_05c822408de01dca
http://www.krbook.net/,ok,https://explorer.ooni.org/m/20260403081719.859866_KR_webconnectivity_3af000f42c333dc4
https://www.libgen.tw/,ok,https://explorer.ooni.org/m/20260403081722.830462_KR_webconnectivity_dee7a6afdd85f0db
https://www.limetorrents.lol/,http-failure,https://explorer.ooni.org/m/20260403081725.583813_KR_webconnectivity_629d888b7fbb597c
http://www.nkland.org/,ok,https://explorer.ooni.org/m/20260403081727.352761_KR_webconnectivity_eadd1313931ff55f
http://www.pruna.com/,dns,https://explorer.ooni.org/m/20260403081729.876156_KR_webconnectivity_213dd66e5e513b7a
http://www.quantico.marines.mil/,ok,https://explorer.ooni.org/m/20260403081731.804592_KR_webconnectivity_ada028adc6cdf66d
http://www.sealswcc.com/,ok,https://explorer.ooni.org/m/20260403081736.750512_KR_webconnectivity_7a409877df419f5d
http://www.silibank.com/,ok,https://explorer.ooni.org/m/20260403081738.718989_KR_webconnectivity_f283ba89220539dc
http://www.southcom.mil/,ok,https://explorer.ooni.org/m/20260403081740.888966_KR_webconnectivity_84e8ccab8e0c7a11
http://www.usafa.af.mil/,ok,https://explorer.ooni.org/m/20260403081742.646411_KR_webconnectivity_5f5cfa3d4f79f08c
http://www.worldcorea.net/,confirmed,https://explorer.ooni.org/m/20260403081744.857628_KR_webconnectivity_01b954dda18bce1a
https://x1337x.eu/,ok,https://explorer.ooni.org/m/20260403081746.331132_KR_webconnectivity_db2c8026b126903e
http://streetmeatasia.com/,dns,https://explorer.ooni.org/m/20260403081750.992905_KR_webconnectivity_9a228f179d081578
http://www.88square.com/,dns,https://explorer.ooni.org/m/20260403081806.774364_KR_webconnectivity_eedb268a882abb1f
http://www.asianthumbs.org/,dns,https://explorer.ooni.org/m/20260403081808.803164_KR_webconnectivity_9d83c3249b93699c
http://www.bangkokstreetwhores.com/,dns,https://explorer.ooni.org/m/20260403081810.683690_KR_webconnectivity_b504d5eb90488cd9
http://www.exploitedteensasia.com/,dns,https://explorer.ooni.org/m/20260403081813.169320_KR_webconnectivity_dfb9efda2804b17c
https://www.kraken.com/,dns,https://explorer.ooni.org/m/20260403081813.948855_KR_webconnectivity_5ec8cd7dade2f17d
http://www.nexon.com/,dns,https://explorer.ooni.org/m/20260403081815.315119_KR_webconnectivity_e599b62de25064c3
http://www.unescap.org/,ok,https://explorer.ooni.org/m/20260403081816.884474_KR_webconnectivity_88576bf54ad152c3
http://www.thaichix.com/,dns,https://explorer.ooni.org/m/20260403081817.994540_KR_webconnectivity_ea04a24a3ea4fc04
http://www.globalgayz.com/,ok,https://explorer.ooni.org/m/20260403081821.989482_KR_webconnectivity_c755612b7f57f240
http://www.thaicuties.com/,dns,https://explorer.ooni.org/m/20260403081823.286980_KR_webconnectivity_4b0e5a588a72dfcd
http://www.secularislam.org/,ok,https://explorer.ooni.org/m/20260403081826.708340_KR_webconnectivity_c6cb3994761cb362
https://en.wiktionary.org/,ok,https://explorer.ooni.org/m/20260403081830.172285_KR_webconnectivity_799594f8fb700153
ok,dns,tcp_ip,http-diff,http-failure,confirmed,error,no_data,http(legacy)
1539,558,36,1,22,24,41,0,0
2221/2221 (expected)
