https://twitter.com/,ok,https://explorer.ooni.org/m/20260511071731.760576_KR_webconnectivity_f59e417613f1028a
https://www.facebook.com/,ok,https://explorer.ooni.org/m/20260511071734.794838_KR_webconnectivity_0c078a988937813e
https://www.instagram.com/,ok,https://explorer.ooni.org/m/20260511071738.593070_KR_webconnectivity_835ba23eac535b83
https://www.youtube.com/,ok,https://explorer.ooni.org/m/20260511071743.374807_KR_webconnectivity_609ec86cf1bd09ea
https://joinmastodon.org/,ok,https://explorer.ooni.org/m/20260511071745.346545_KR_webconnectivity_0515578112630a67
https://locals.com/,ok,https://explorer.ooni.org/m/20260511071749.050505_KR_webconnectivity_fbadf45ae9812419
https://lookaside.facebook.com/robots.txt,ok,https://explorer.ooni.org/m/20260511071751.948006_KR_webconnectivity_7edb7475b352dc29
https://mastodon.cloud/,ok,https://explorer.ooni.org/m/20260511071753.633019_KR_webconnectivity_dc3fe9449c134a2d
https://mastodon.sdf.org/,ok,https://explorer.ooni.org/m/20260511071759.466860_KR_webconnectivity_7891cbe7652b21b4
https://mastodon.social/,ok,https://explorer.ooni.org/m/20260511071801.815829_KR_webconnectivity_bb38a655fb79e67a
https://mastodon.xyz/,ok,https://explorer.ooni.org/m/20260511071806.226601_KR_webconnectivity_22a6a7f0b3a889b1
https://mstdn.io/,ok,https://explorer.ooni.org/m/20260511071808.887570_KR_webconnectivity_c7b6df9eef8a2b5a
https://mstdn.jp/,ok,https://explorer.ooni.org/m/20260511071812.346649_KR_webconnectivity_1ee261362503ab91
https://myspace.com/,error,https://explorer.ooni.org/m/20260511071813.328163_KR_webconnectivity_e155cde8eeb31c61
https://ntc.party/,dns,https://explorer.ooni.org/m/20260511071814.835250_KR_webconnectivity_e68b74eba173fd52
https://pbs.twimg.com/profile_images/941658150889054208/lFeD3554_200x200.jpg,ok,https://explorer.ooni.org/m/20260511071816.869860_KR_webconnectivity_79d0d4df7b2646a4
https://pixelfed.social/,ok,https://explorer.ooni.org/m/20260511071818.427556_KR_webconnectivity_846843e8ac514bcb
https://plus.im/,ok,https://explorer.ooni.org/m/20260511071821.735300_KR_webconnectivity_122185299411f8c8
https://preview.redd.it/robots.txt,ok,https://explorer.ooni.org/m/20260511071823.655385_KR_webconnectivity_f623e3c5fa105d92
https://qph.fs.quoracdn.net/main-thumb-1117688072-200-uijiqfjcmlvaxczdrlawbgyaomfocdnt.jpeg,ok,https://explorer.ooni.org/m/20260511071825.267173_KR_webconnectivity_fac1da23319f7aa2
https://qsbr.fs.quoracdn.net/-4-web.entry.js.out-34-8f7d03da0b7a24ae.webpack,ok,https://explorer.ooni.org/m/20260511071827.220777_KR_webconnectivity_c80468c4724dae01
https://s.pinimg.com/robots.txt,ok,https://explorer.ooni.org/m/20260511071829.166607_KR_webconnectivity_0a6a463170ce8e26
https://scontent-ams4-1.cdninstagram.com/favicon.ico,ok,https://explorer.ooni.org/m/20260511071832.480713_KR_webconnectivity_67e5cac8340d98c3
https://scontent-frt3-2.cdninstagram.com/favicon.ico,ok,https://explorer.ooni.org/m/20260511071833.258750_KR_webconnectivity_9e4e3b78f1f72949
https://scontent-vie1-1.cdninstagram.com/favicon.ico,ok,https://explorer.ooni.org/m/20260511071836.475739_KR_webconnectivity_9e2a9161d5600ffe
https://scontent.cdninstagram.com/robots.txt,ok,https://explorer.ooni.org/m/20260511071838.478507_KR_webconnectivity_bf424c52e820f165
https://scontent.xx.fbcdn.net/robots.txt,ok,https://explorer.ooni.org/m/20260511071840.319736_KR_webconnectivity_1c949429419e00ba
https://secondlife.com/,dns,https://explorer.ooni.org/m/20260511071841.304325_KR_webconnectivity_986cd7c10f104135
https://static.cdninstagram.com/robots.txt,ok,https://explorer.ooni.org/m/20260511071843.238349_KR_webconnectivity_621f66171b22f732
https://static.xx.fbcdn.net/favicon.ico,ok,https://explorer.ooni.org/m/20260511071847.013806_KR_webconnectivity_c476c7320bd45e9e
https://staticxx.facebook.com/robots.txt,ok,https://explorer.ooni.org/m/20260511071849.026549_KR_webconnectivity_fbce9deee10b8eea
https://styles.redditmedia.com/robots.txt,ok,https://explorer.ooni.org/m/20260511071851.076622_KR_webconnectivity_278e9577223b23c1
https://tinder.com/,dns,https://explorer.ooni.org/m/20260511071851.886098_KR_webconnectivity_88bcfbb4714e590b
https://triller.co/,ok,https://explorer.ooni.org/m/20260511071854.086323_KR_webconnectivity_bd41282e5a02734f
https://untappd.com/,ok,https://explorer.ooni.org/m/20260511071856.620110_KR_webconnectivity_7f7996c575e6ef2e
https://upload.twitter.com/robots.txt,ok,https://explorer.ooni.org/m/20260511071857.704917_KR_webconnectivity_12f38f170a061b35
https://valence.community/,ok,https://explorer.ooni.org/m/20260511071859.878414_KR_webconnectivity_34ec2d40a5b18172
https://video.cdninstagram.com/favicon.ico,ok,https://explorer.ooni.org/m/20260511071901.721064_KR_webconnectivity_5bbfece2a550fcfe
https://video.twimg.com/tweet_video/EC6DSXDXsAEhHAa.mp4,ok,https://explorer.ooni.org/m/20260511071904.138929_KR_webconnectivity_a6bbdfac259edf69
https://vk.com/,ok,https://explorer.ooni.org/m/20260511071909.532546_KR_webconnectivity_7864e3ebd80ff25d
https://web.facebook.com/robots.txt,ok,https://explorer.ooni.org/m/20260511071911.563455_KR_webconnectivity_f77f3c71f48c3901
https://weibo.com/,ok,https://explorer.ooni.org/m/20260511071913.971927_KR_webconnectivity_a64f443b9c397f5a
https://www.4chan.org/,dns,https://explorer.ooni.org/m/20260511071914.936512_KR_webconnectivity_f232a0b7d377bde9
https://www.clubhouse.com/,ok,https://explorer.ooni.org/m/20260511071916.469443_KR_webconnectivity_49d9da31518c0a4c
https://www.clubhouseapi.com/,ok,https://explorer.ooni.org/m/20260511071917.365329_KR_webconnectivity_349442c36d1a0925
https://www.douyin.com/,ok,https://explorer.ooni.org/m/20260511071920.109259_KR_webconnectivity_c20d5b4c15be6977
https://www.hootsuite.com/,ok,https://explorer.ooni.org/m/20260511071922.630504_KR_webconnectivity_cb689de8a790864e
https://www.imqq.com/,ok,https://explorer.ooni.org/m/20260511071924.252407_KR_webconnectivity_d1e08f1e120af021
https://www.joinclubhouse.com/,ok,https://explorer.ooni.org/m/20260511071925.790701_KR_webconnectivity_5a3635a0c0cc6061
https://www.linkedin.com/,ok,https://explorer.ooni.org/m/20260511071928.427036_KR_webconnectivity_386b79346684300c
https://www.meetme.com/,dns,https://explorer.ooni.org/m/20260511071929.156634_KR_webconnectivity_4332246a549b9e57
https://www.meetup.com/,dns,https://explorer.ooni.org/m/20260511071929.941929_KR_webconnectivity_1667d12c038204e0
https://www.minds.com/,ok,https://explorer.ooni.org/m/20260511071936.541074_KR_webconnectivity_6b7bb685105fe38a
https://www.ning.com/,ok,https://explorer.ooni.org/m/20260511071941.060678_KR_webconnectivity_d9668211317576eb
https://www.patreon.com/,ok,https://explorer.ooni.org/m/20260511071942.860065_KR_webconnectivity_09bf7c54ec15c5de
https://www.quora.com/,ok,https://explorer.ooni.org/m/20260511071943.714980_KR_webconnectivity_19d7f158fea20e29
https://www.redditstatic.com/robots.txt,ok,https://explorer.ooni.org/m/20260511071945.106070_KR_webconnectivity_c74f8a0ff58c2268
https://www.trendsmap.com/,tcp_ip,https://explorer.ooni.org/m/20260511071946.274001_KR_webconnectivity_815eac8fa3b01cac
https://www.worldpulse.com/,ok,https://explorer.ooni.org/m/20260511071949.901744_KR_webconnectivity_46f00f36baa8768b
https://www.yelp.com/,ok,https://explorer.ooni.org/m/20260511071951.559535_KR_webconnectivity_8a1165cd2acbb64b
https://www.yubo.live/,ok,https://explorer.ooni.org/m/20260511071953.440096_KR_webconnectivity_e6d5e34230b19836
https://1.1.1.1/,tcp_ip,https://explorer.ooni.org/m/20260511072024.093702_KR_webconnectivity_cf53617358c967d3
http://2015peoplepower.tistory.com/,ok,https://explorer.ooni.org/m/20260511072026.099037_KR_webconnectivity_6500be8fc19c97e4
http://416family.org/,ok,https://explorer.ooni.org/m/20260511072028.228372_KR_webconnectivity_4a1c0fedd827cd11
https://4genderjustice.org/,ok,https://explorer.ooni.org/m/20260511072032.772602_KR_webconnectivity_4620626be4e0de31
https://76crimes.com/,ok,https://explorer.ooni.org/m/20260511072036.466215_KR_webconnectivity_54f7f502fc1b6ebb
http://abc.go.com/,ok,https://explorer.ooni.org/m/20260511072040.964698_KR_webconnectivity_743f1827913f688c
https://abortion-pills.org/,http-failure,https://explorer.ooni.org/m/20260511072042.511519_KR_webconnectivity_5592fd74a287fb7c
http://act.jinbo.net/,ok,https://explorer.ooni.org/m/20260511072053.322624_KR_webconnectivity_7f4bc42436ccec97
https://actionaid.org/,ok,https://explorer.ooni.org/m/20260511072057.188167_KR_webconnectivity_d843cbba6fe20c12
https://advox.globalvoices.org/,error,https://explorer.ooni.org/m/20260511072102.182398_KR_webconnectivity_c9eac860a4d07b2b
https://afterellen.com/,ok,https://explorer.ooni.org/m/20260511072104.618293_KR_webconnectivity_85a47840269d7a1d
https://airvpn.org/,dns,https://explorer.ooni.org/m/20260511072105.818951_KR_webconnectivity_56468458a08dca87
https://allout.org/,dns,https://explorer.ooni.org/m/20260511072107.806128_KR_webconnectivity_2cd03e8eb033e936
https://allthefallen.moe/,dns,https://explorer.ooni.org/m/20260511072114.729578_KR_webconnectivity_6a4989680205076b
https://amnezia.org/,dns,https://explorer.ooni.org/m/20260511072115.928103_KR_webconnectivity_c4baa682bf84d465
https://anon.inf.tu-dresden.de/,dns,https://explorer.ooni.org/m/20260511072119.399759_KR_webconnectivity_d6836f5fce75776e
http://anonymizer.secuser.com/,dns,https://explorer.ooni.org/m/20260511072120.383603_KR_webconnectivity_e863241987e15219
http://anonymouse.org/,dns,https://explorer.ooni.org/m/20260511072136.100560_KR_webconnectivity_470096060a69b235
https://antivigilancia.org/,dns,https://explorer.ooni.org/m/20260511072139.608660_KR_webconnectivity_b63eced900ad4fc6
https://api.protonvpn.ch/tests/ping,dns,https://explorer.ooni.org/m/20260511072140.464298_KR_webconnectivity_24fdd4a9ee444c7e
https://arc-international.net/,ok,https://explorer.ooni.org/m/20260511072144.589244_KR_webconnectivity_a5895a34a2b50ea7
https://asiatimes.com/,ok,https://explorer.ooni.org/m/20260511072146.967258_KR_webconnectivity_6a4f64fb4126dbbe
https://atlasofsurveillance.org/,ok,https://explorer.ooni.org/m/20260511072150.074259_KR_webconnectivity_9acbd07cbeef5cec
https://banthis.tv/,dns,https://explorer.ooni.org/m/20260511072150.829709_KR_webconnectivity_84722abc419ad6ff
http://base21.jinbo.net/,ok,https://explorer.ooni.org/m/20260511072158.173737_KR_webconnectivity_a1e5f04886bdb8b5
http://beyondexgay.com/,http-diff,https://explorer.ooni.org/m/20260511072200.171991_KR_webconnectivity_d42bc8fe924b4388
https://bi.org/,dns,https://explorer.ooni.org/m/20260511072202.016147_KR_webconnectivity_2ab32ce479505442
https://blog.genderwatchdog.org/,ok,https://explorer.ooni.org/m/20260511072205.539877_KR_webconnectivity_1bb6180c1f04ed04
http://blog.jinbo.net/,ok,https://explorer.ooni.org/m/20260511072212.755009_KR_webconnectivity_d05b9633083db041
https://boingboing.net/,dns,https://explorer.ooni.org/m/20260511072213.548482_KR_webconnectivity_46043c045a0d4a3e
https://bouncer.ooni.io/,ok,https://explorer.ooni.org/m/20260511072217.482653_KR_webconnectivity_d2e9a6d43c73970b
https://bricspress.live/,ok,https://explorer.ooni.org/m/20260511072218.358806_KR_webconnectivity_6ef964a96d29bd92
https://bridges.torproject.org/,dns,https://explorer.ooni.org/m/20260511072219.682937_KR_webconnectivity_341484c87fe62624
https://brothersroad.org/,ok,https://explorer.ooni.org/m/20260511072221.841892_KR_webconnectivity_edeae1b9811eb377
https://btguard.com/,dns,https://explorer.ooni.org/m/20260511072223.432813_KR_webconnectivity_ccf4998a4abf0cbb
http://cafe.daum.net/,ok,https://explorer.ooni.org/m/20260511072228.764319_KR_webconnectivity_dfbb6a0e74cb30d9
http://cafe.daum.net/antimb,ok,https://explorer.ooni.org/m/20260511072231.174818_KR_webconnectivity_bd081114a0586102
http://cafe.daum.net/libertyofthepress,ok,https://explorer.ooni.org/m/20260511072233.807338_KR_webconnectivity_9dab324989852874
http://cafe.daum.net/pridecare,ok,https://explorer.ooni.org/m/20260511072236.235046_KR_webconnectivity_1513c8ad1d9d84c1
http://cafe.daum.net/stopcjd,ok,https://explorer.ooni.org/m/20260511072242.561463_KR_webconnectivity_863b07756a9bef16
http://cafe.naver.com/asunaro/,ok,https://explorer.ooni.org/m/20260511072250.245261_KR_webconnectivity_cba811a4621d82dc
https://carafem.org/,dns,https://explorer.ooni.org/m/20260511072256.100178_KR_webconnectivity_6ad46cccbac4422a
https://carnegieendowment.org/,ok,https://explorer.ooni.org/m/20260511072258.539582_KR_webconnectivity_a3bc33ed78ea6276
https://ccrjustice.org/,ok,https://explorer.ooni.org/m/20260511072259.742243_KR_webconnectivity_ebf87639b29a6711
https://cdns.grindr.com/,dns,https://explorer.ooni.org/m/20260511072300.997150_KR_webconnectivity_44a4380961edae94
https://cdt.org/,ok,https://explorer.ooni.org/m/20260511072302.673637_KR_webconnectivity_93c489847301cfeb
https://censorship.no/,dns,https://explorer.ooni.org/m/20260511072303.844279_KR_webconnectivity_2ea4ca35b5a53804
https://certbot.eff.org/,ok,https://explorer.ooni.org/m/20260511072307.057215_KR_webconnectivity_3e139a6a0f7f5b41
https://citizenlab.ca/,ok,https://explorer.ooni.org/m/20260511072310.676457_KR_webconnectivity_5d5831bf1fa0c88f
http://comingout.narun.net/,ok,https://explorer.ooni.org/m/20260511072312.089484_KR_webconnectivity_b2eaee61b8f5d9bc
https://cpj.org/,ok,https://explorer.ooni.org/m/20260511072314.516845_KR_webconnectivity_16a4d5e5d33857cc
https://creativecommons.org/,dns,https://explorer.ooni.org/m/20260511072315.243255_KR_webconnectivity_4c1d485fb2a8fde7
https://cryptome.org/,dns,https://explorer.ooni.org/m/20260511072316.831039_KR_webconnectivity_8f1d9894f2eab6d8
https://cryptpad.fr/,ok,https://explorer.ooni.org/m/20260511072319.901660_KR_webconnectivity_8c931137fb69a922
https://cryptpad.org/instances/,ok,https://explorer.ooni.org/m/20260511072324.074732_KR_webconnectivity_5437763707973bdd
https://csid-online.org/,ok,https://explorer.ooni.org/m/20260511072328.387814_KR_webconnectivity_a0a7a9c8ced30503
https://cyber.harvard.edu/,ok,https://explorer.ooni.org/m/20260511072331.762519_KR_webconnectivity_6e7344b244e02712
https://dartcenter.org/,ok,https://explorer.ooni.org/m/20260511072333.303670_KR_webconnectivity_4761079a5b2b77c8
https://ddosecrets.com/,ok,https://explorer.ooni.org/m/20260511072354.019543_KR_webconnectivity_f91c389ce0511719
https://defenddefenders.org/,ok,https://explorer.ooni.org/m/20260511072355.519455_KR_webconnectivity_2ff25ec3b159ffd4
https://disclose.ngo/,ok,https://explorer.ooni.org/m/20260511072357.693343_KR_webconnectivity_98a49947e818608e
https://dn42.dev/,ok,https://explorer.ooni.org/m/20260511072359.712078_KR_webconnectivity_e907a8396a5675e7
https://docs.mvt.re/,dns,https://explorer.ooni.org/m/20260511072400.956517_KR_webconnectivity_1d42b6821d3418ca
https://edition.cnn.com/,ok,https://explorer.ooni.org/m/20260511072403.521038_KR_webconnectivity_6d806f698a378686
http://english.chosun.com/,ok,https://explorer.ooni.org/m/20260511072404.947041_KR_webconnectivity_bd4e5ace1171a352
http://english.eduhope.net/,ok,https://explorer.ooni.org/m/20260511072408.211070_KR_webconnectivity_9ac485329632b48b
http://english.hani.co.kr/,ok,https://explorer.ooni.org/m/20260511072411.502783_KR_webconnectivity_f09604a193328c1f
http://english.yna.co.kr/,error,https://explorer.ooni.org/m/20260511072413.524556_KR_webconnectivity_0301b7c4004f3091
https://epic.org/,ok,https://explorer.ooni.org/m/20260511072415.026158_KR_webconnectivity_d4b3d32600bfc70d
https://equal-eyes.org/,dns,https://explorer.ooni.org/m/20260511072415.820324_KR_webconnectivity_d84ae32d6085f10d
https://explorer.ooni.org/,ok,https://explorer.ooni.org/m/20260511072417.719172_KR_webconnectivity_ee5f79accd40689e
https://feminist.org/,ok,https://explorer.ooni.org/m/20260511072420.652454_KR_webconnectivity_0267ee987ea7fb1c
https://fleegle.mixmin.net/,ok,https://explorer.ooni.org/m/20260511072423.673813_KR_webconnectivity_c64b6df84446a660
https://fondfbr.ru/,dns,https://explorer.ooni.org/m/20260511072425.752372_KR_webconnectivity_b9e219833cfa6110
https://foreignpolicy.com/,ok,https://explorer.ooni.org/m/20260511072428.241870_KR_webconnectivity_b748f489932bb28c
http://freedom.jinbo.net/,ok,https://explorer.ooni.org/m/20260511072430.111694_KR_webconnectivity_b0f7134a6002f16b
https://freedomhouse.org/,ok,https://explorer.ooni.org/m/20260511072432.391359_KR_webconnectivity_be647f34c0738433
https://freemuse.org/,ok,https://explorer.ooni.org/m/20260511072441.296660_KR_webconnectivity_61bd3fcd8de5479f
https://freenetproject.org/,dns,https://explorer.ooni.org/m/20260511072443.166621_KR_webconnectivity_090cbb527e948426
https://freesocks.org/,dns,https://explorer.ooni.org/m/20260511072447.978799_KR_webconnectivity_9b7a61e673e97baa
https://freespeech.org/,dns,https://explorer.ooni.org/m/20260511072449.502877_KR_webconnectivity_91d2c6f22a4db7ab
https://freespeechdebate.com/,tcp_ip,https://explorer.ooni.org/m/20260511072520.352134_KR_webconnectivity_88bdc8533c38c631
https://fronterafundrgv.org/,dns,https://explorer.ooni.org/m/20260511072523.092860_KR_webconnectivity_760d2ea0d010be5d
http://fteproxy.org/,dns,https://explorer.ooni.org/m/20260511072524.512870_KR_webconnectivity_3ba6fe05d6575b70
https://fundtexaschoice.org/,ok,https://explorer.ooni.org/m/20260511072527.897177_KR_webconnectivity_daa5fc5e19681347
https://gaymenshealth.org/,error,https://explorer.ooni.org/m/20260511072529.783241_KR_webconnectivity_39badacf3691e36c
http://gaytoday.com/,dns,https://explorer.ooni.org/m/20260511072531.846559_KR_webconnectivity_e6a4cd695dc55217
https://genderandaids.unwomen.org/,ok,https://explorer.ooni.org/m/20260511072534.435286_KR_webconnectivity_559ff3764a5424e6
https://genderdysphoria.fyi/,dns,https://explorer.ooni.org/m/20260511072535.208113_KR_webconnectivity_7679be846912ae57
https://geti2p.net/,dns,https://explorer.ooni.org/m/20260511072536.032408_KR_webconnectivity_118bc1a5e4154921
https://getintra.org/,ok,https://explorer.ooni.org/m/20260511072538.123135_KR_webconnectivity_266a8498dda0caea
https://getlantern.org/,dns,https://explorer.ooni.org/m/20260511072538.977855_KR_webconnectivity_a12b848a69a470ba
https://getoutline.org/,ok,https://explorer.ooni.org/m/20260511072541.039454_KR_webconnectivity_2a55b29042c2b719
https://gijn.org/,ok,https://explorer.ooni.org/m/20260511072542.344041_KR_webconnectivity_d510b39f453102a4
https://globalpressjournal.com/,ok,https://explorer.ooni.org/m/20260511072544.422447_KR_webconnectivity_89cab21e4917f8f6
https://globalvoices.org/,error,https://explorer.ooni.org/m/20260511072644.766921_KR_webconnectivity_7c69e9e6af86adb4
http://go.jinbo.net/,ok,https://explorer.ooni.org/m/20260511072649.612305_KR_webconnectivity_5e8f70a554815bed
https://googleweblight.com/i?u=https%3A%2F%2Fexample.com%2F,dns,https://explorer.ooni.org/m/20260511072650.470004_KR_webconnectivity_63d2734ba64c6766
https://gpgtools.org/,ok,https://explorer.ooni.org/m/20260511072654.387605_KR_webconnectivity_522427746d811f94
https://grindr.mobi/,ok,https://explorer.ooni.org/m/20260511072655.572920_KR_webconnectivity_541e61325ecd9dd0
https://guardianproject.info/,ok,https://explorer.ooni.org/m/20260511072700.661262_KR_webconnectivity_1879d61019ac9dac
http://guardster.com/,dns,https://explorer.ooni.org/m/20260511072701.622154_KR_webconnectivity_2c4ff94f350bb2a4
http://hbyd.org/,ok,https://explorer.ooni.org/m/20260511072710.290174_KR_webconnectivity_790a3ee3cc7774ea
http://hcy.jinbo.net/,ok,https://explorer.ooni.org/m/20260511072712.251795_KR_webconnectivity_f904d085b1ddb1c3
https://help.unhcr.org/,ok,https://explorer.ooni.org/m/20260511072715.656317_KR_webconnectivity_d226aa68430c379d
https://hide.me/,dns,https://explorer.ooni.org/m/20260511072716.654082_KR_webconnectivity_21a86122a08e6f83
https://hola.org/,dns,https://explorer.ooni.org/m/20260511072718.180144_KR_webconnectivity_4cfd7d75dc07477e
https://hornet.com/,dns,https://explorer.ooni.org/m/20260511072719.317948_KR_webconnectivity_8edc8bb9a85c4001
http://hotzone.yahoo.com/,ok,https://explorer.ooni.org/m/20260511072724.664821_KR_webconnectivity_d231476c589d0c47
http://hrights.or.kr/,ok,https://explorer.ooni.org/m/20260511072730.772305_KR_webconnectivity_e77ce704504263e1
http://hrlibrary.umn.edu/iwraw/,ok,https://explorer.ooni.org/m/20260511072733.776637_KR_webconnectivity_acbe108b9641273d
http://hrnet.jinbo.net/,ok,https://explorer.ooni.org/m/20260511072735.937811_KR_webconnectivity_4ff47deec1d363c8
http://humanmed.org/,dns,https://explorer.ooni.org/m/20260511072741.220352_KR_webconnectivity_e1530028d71e82e0
https://i2p2.de/,error,https://explorer.ooni.org/m/20260511072744.237015_KR_webconnectivity_1b80b1a626f4d05d
https://i2pd.website/,dns,https://explorer.ooni.org/m/20260511072745.022232_KR_webconnectivity_5eb8e12f3ebdad54
https://i2pforum.net/,ok,https://explorer.ooni.org/m/20260511072749.820382_KR_webconnectivity_eed28ecc913b0d77
https://i2pgit.org/,ok,https://explorer.ooni.org/m/20260511072752.273489_KR_webconnectivity_6c5589df37731b1b
https://ifeminists.com/,ok,https://explorer.ooni.org/m/20260511072757.195834_KR_webconnectivity_811303338d472452
https://ij.org/,ok,https://explorer.ooni.org/m/20260511072759.647984_KR_webconnectivity_66332b827d4a8d23
http://ijunnong.net/,ok,https://explorer.ooni.org/m/20260511072803.123069_KR_webconnectivity_6e520ed4dc2100d7
https://ikhwanonline.com/,ok,https://explorer.ooni.org/m/20260511072806.394668_KR_webconnectivity_5af117111540b797
https://ilga.org/,ok,https://explorer.ooni.org/m/20260511072808.825224_KR_webconnectivity_16709893ed2f75d0
http://impeter.tistory.com/,ok,https://explorer.ooni.org/m/20260511072811.219053_KR_webconnectivity_3350c1d94e85f2d8
https://indymedia.org/,ok,https://explorer.ooni.org/m/20260511072813.464586_KR_webconnectivity_ebeb210758ecb62f
http://instinctmagazine.com/,ok,https://explorer.ooni.org/m/20260511072816.860740_KR_webconnectivity_8afdaa59aba22317
http://inter.kdlp.org/,ok,https://explorer.ooni.org/m/20260511072818.125734_KR_webconnectivity_4f8eb2b311ff376c
https://internationalfamilyequalityday.org/,ok,https://explorer.ooni.org/m/20260511072823.722359_KR_webconnectivity_9a0defd5215d4cc7
https://ipi.media/,ok,https://explorer.ooni.org/m/20260511072827.557608_KR_webconnectivity_cea7dbf6d68d0498
https://itgetsbetter.org/,ok,https://explorer.ooni.org/m/20260511072829.552495_KR_webconnectivity_554ba837ed3b4b01
http://ivancity.com/,dns,https://explorer.ooni.org/m/20260511072832.478672_KR_webconnectivity_17fd855cfa04d083
https://iyfglobal.org/,ok,https://explorer.ooni.org/m/20260511072833.998829_KR_webconnectivity_994063d60eb058dc
https://janesdueprocess.org/,dns,https://explorer.ooni.org/m/20260511072836.473780_KR_webconnectivity_cea5fb61127d811a
https://jezebel.com/,ok,https://explorer.ooni.org/m/20260511072839.076156_KR_webconnectivity_7d95f63712bd1ae3
http://joins.com/,ok,https://explorer.ooni.org/m/20260511072854.829559_KR_webconnectivity_e1d2587eeeef118d
http://joongang.joins.com/,ok,https://explorer.ooni.org/m/20260511072857.540136_KR_webconnectivity_4091a6aa9700e46b
http://joongangdaily.joins.com/,ok,https://explorer.ooni.org/m/20260511072914.912885_KR_webconnectivity_b119cfd023256c16
http://jtbc.joins.com/,ok,https://explorer.ooni.org/m/20260511072932.122024_KR_webconnectivity_d31a3c5d9b1c1f98
https://justassociates.org/,ok,https://explorer.ooni.org/m/20260511072939.489280_KR_webconnectivity_c88f4efe94f0b9bc
http://justicewomen.com/,ok,https://explorer.ooni.org/m/20260511072941.483310_KR_webconnectivity_38808ba8d7f00a8e
https://justthepill.com/,dns,https://explorer.ooni.org/m/20260511072942.232528_KR_webconnectivity_139fd340ab44d1f0
https://kaleidoscopetrust.com/,ok,https://explorer.ooni.org/m/20260511072949.720370_KR_webconnectivity_505c979e74a1ef70
https://keys.openpgp.org/,ok,https://explorer.ooni.org/m/20260511072952.478294_KR_webconnectivity_6271fbab2c516b9d
http://kfcitu.org/,ok,https://explorer.ooni.org/m/20260511072955.016833_KR_webconnectivity_5ef1f528976915d0
http://khilafah.net/,ok,https://explorer.ooni.org/m/20260511073008.020090_KR_webconnectivity_0ad2e49e3a6eab54
http://kieu.or.kr/,ok,https://explorer.ooni.org/m/20260511073010.612795_KR_webconnectivity_4c9a808d7714dc6b
http://koreapinkmap.com/,http-failure,https://explorer.ooni.org/m/20260511073016.781514_KR_webconnectivity_37a522a94f0a0850
http://koredufund.org.kp/,dns,https://explorer.ooni.org/m/20260511073019.771732_KR_webconnectivity_ba147f8b6749c849
http://korelcfund.org.kp/,dns,https://explorer.ooni.org/m/20260511073023.454747_KR_webconnectivity_b228bc067cbd663d
http://kscrc.org/,ok,https://explorer.ooni.org/m/20260511073025.320351_KR_webconnectivity_c3a4f32fc9ccd0de
http://ktu.or.kr/,tcp_ip,https://explorer.ooni.org/m/20260511073111.385289_KR_webconnectivity_7acf2707edbec06f
https://laborrights.org/,ok,https://explorer.ooni.org/m/20260511073117.583594_KR_webconnectivity_e5d0d057539d95c5
https://lalgbtcenter.org/,ok,https://explorer.ooni.org/m/20260511073119.377082_KR_webconnectivity_779dadf649eb158a
http://lambdalegal.org/,ok,https://explorer.ooni.org/m/20260511073122.055367_KR_webconnectivity_289c359060512c07
https://lantern.io/,dns,https://explorer.ooni.org/m/20260511073123.009419_KR_webconnectivity_25c369333653df58
https://leap.se/,dns,https://explorer.ooni.org/m/20260511073124.553073_KR_webconnectivity_9e9d0cc89886f837
http://leftworkers.org/,ok,https://explorer.ooni.org/m/20260511073126.707132_KR_webconnectivity_d3be13c213cce2d9
https://lgbt.foundation/,ok,https://explorer.ooni.org/m/20260511073129.470168_KR_webconnectivity_056d0a80425b5bfa
http://lgbt.kdlp.org/,ok,https://explorer.ooni.org/m/20260511073130.220005_KR_webconnectivity_e7baf32eb042b85d
http://lgbtact.org/,dns,https://explorer.ooni.org/m/20260511073131.041515_KR_webconnectivity_428661254e607850
https://lgbtnewsnow.org/,http-failure,https://explorer.ooni.org/m/20260511073132.831490_KR_webconnectivity_d1cbb93e8156dc25
https://lgbtqia.space/,ok,https://explorer.ooni.org/m/20260511073136.473515_KR_webconnectivity_3529f4252798750d
https://lgbtvacationplanners.com/,error,https://explorer.ooni.org/m/20260511073138.633002_KR_webconnectivity_7f59bad1e47c25b6
https://liveuamap.com/,ok,https://explorer.ooni.org/m/20260511073142.013336_KR_webconnectivity_1795afe5433d89df
https://lokinet.org/,ok,https://explorer.ooni.org/m/20260511073145.536223_KR_webconnectivity_9650436920aaf54d
https://makeamazonpay.com/,ok,https://explorer.ooni.org/m/20260511073150.357218_KR_webconnectivity_4c42801d69a63353
https://mask-api.icloud.com/,ok,https://explorer.ooni.org/m/20260511073152.498018_KR_webconnectivity_3e21a0b9d2f86b1a
https://mask-h2.icloud.com/,error,https://explorer.ooni.org/m/20260511073155.366133_KR_webconnectivity_8285c24118bfd0ad
https://mask.icloud.com/,error,https://explorer.ooni.org/m/20260511073157.204290_KR_webconnectivity_ef65d0aadd408269
https://massbrowser.cs.umass.edu/,ok,https://explorer.ooni.org/m/20260511073159.508707_KR_webconnectivity_63cd268a31ab6ebc
http://media.daum.net/,ok,https://explorer.ooni.org/m/20260511073207.054517_KR_webconnectivity_52ddf442c8ae3b5e
http://media.nodong.org/,ok,https://explorer.ooni.org/m/20260511073211.031347_KR_webconnectivity_3a5a5ed10ab2dfcb
https://mega.io/,dns,https://explorer.ooni.org/m/20260511073211.951637_KR_webconnectivity_d4413bc291c03094
https://mega.nz/,ok,https://explorer.ooni.org/m/20260511073215.343355_KR_webconnectivity_f8d97e6294cb711c
http://members.tripod.com/~INDIA_RESOURCE/savoice.html,dns,https://explorer.ooni.org/m/20260511073216.250153_KR_webconnectivity_18ddb654d4692d3d
https://messagevortex.net/,ok,https://explorer.ooni.org/m/20260511073219.732872_KR_webconnectivity_fb4f6e937ba6d050
http://migrant.nodong.net/,ok,https://explorer.ooni.org/m/20260511073222.856823_KR_webconnectivity_94c108c5c4d78a0b
http://minbyun.jinbo.net/,ok,https://explorer.ooni.org/m/20260511073228.709168_KR_webconnectivity_7180ae41959201ac
https://minorityrights.org/,ok,https://explorer.ooni.org/m/20260511073230.123312_KR_webconnectivity_8816fcc84ce776ca
https://moscow.rtrs.ru/,ok,https://explorer.ooni.org/m/20260511073233.785183_KR_webconnectivity_65fe7fefc037af64
https://mullvad.net/,dns,https://explorer.ooni.org/m/20260511073234.671346_KR_webconnectivity_f8564ea2f5100e1e
https://multiproxy.org/,dns,https://explorer.ooni.org/m/20260511073236.547685_KR_webconnectivity_7ee513f010fa40cf
http://naenara.com.kp/,dns,https://explorer.ooni.org/m/20260511073238.846037_KR_webconnectivity_cc1f3892ab1d751f
http://napo.jinbo.net/,ok,https://explorer.ooni.org/m/20260511073241.081545_KR_webconnectivity_96f8023fc13b3608
https://ncac.org/,ok,https://explorer.ooni.org/m/20260511073245.600309_KR_webconnectivity_9c963ae52c4d37a4
https://neilalexander.s3.dualstack.eu-west-2.amazonaws.com/deb/key.txt,ok,https://explorer.ooni.org/m/20260511073250.559911_KR_webconnectivity_e5fc91bdafe74a8c
http://news.bbc.co.uk/2/hi/asia-pacific/,ok,https://explorer.ooni.org/m/20260511073255.273156_KR_webconnectivity_ecfc79ae461e4fa4
https://news.google.com/,ok,https://explorer.ooni.org/m/20260511073259.730215_KR_webconnectivity_bf9f67e1a12fd04e
http://news.naver.com/,ok,https://explorer.ooni.org/m/20260511073305.317947_KR_webconnectivity_60140469d4df1303
http://newstapa.org/,ok,https://explorer.ooni.org/m/20260511073311.248368_KR_webconnectivity_24de09fbf4d3a2c1
http://nkhumanrights.or.kr/,ok,https://explorer.ooni.org/m/20260511073316.731656_KR_webconnectivity_470557b7eb872e7a
http://nocensor.org/,ok,https://explorer.ooni.org/m/20260511073318.118549_KR_webconnectivity_fb9fdca640a7748f
http://nodong.org/,ok,https://explorer.ooni.org/m/20260511073322.825885_KR_webconnectivity_309551da4c9914ef
http://nodongsarang.org/,ok,https://explorer.ooni.org/m/20260511073323.899724_KR_webconnectivity_da1ac3612f78423c
http://noneis.jinbo.net/,ok,https://explorer.ooni.org/m/20260511073328.444172_KR_webconnectivity_41597397c761dc7b
https://nordvpn.com/,ok,https://explorer.ooni.org/m/20260511073329.826825_KR_webconnectivity_7311f7cc8942d350
http://northkoreatech.org/,ok,https://explorer.ooni.org/m/20260511073330.786323_KR_webconnectivity_1464edfd064142aa
https://now.org/,ok,https://explorer.ooni.org/m/20260511073333.692829_KR_webconnectivity_8801c00fdafda8d4
https://numun.fund/,ok,https://explorer.ooni.org/m/20260511073340.338986_KR_webconnectivity_7c359b291d313cfa
https://nypost.com/,ok,https://explorer.ooni.org/m/20260511073345.048053_KR_webconnectivity_4d4c8009920c9402
https://onionshare.org/,ok,https://explorer.ooni.org/m/20260511073347.211844_KR_webconnectivity_f9a17123c5a51d46
https://ooni.org/,ok,https://explorer.ooni.org/m/20260511073348.354676_KR_webconnectivity_66dc055826bc3662
https://ooni.torproject.org/,dns,https://explorer.ooni.org/m/20260511073349.845382_KR_webconnectivity_118915dbf6c8eebb
https://opennet.net/,ok,https://explorer.ooni.org/m/20260511073354.358171_KR_webconnectivity_d249c56e4adff401
http://opennet.or.kr/,ok,https://explorer.ooni.org/m/20260511073359.525986_KR_webconnectivity_11ad493ec3d8cedd
https://openvpn.net/,dns,https://explorer.ooni.org/m/20260511073400.242017_KR_webconnectivity_22d28699584a8f42
https://orbot.app/,ok,https://explorer.ooni.org/m/20260511073402.375472_KR_webconnectivity_9fdf189f7192f9d2
https://otr.cypherpunks.ca/,ok,https://explorer.ooni.org/m/20260511073404.780608_KR_webconnectivity_6ef5ff93fd7b5245
https://ourworldindata.org/,ok,https://explorer.ooni.org/m/20260511073406.979692_KR_webconnectivity_c038b03188478b3a
http://outpridekorea.com/,dns,https://explorer.ooni.org/m/20260511073423.680749_KR_webconnectivity_73bcdb7b404cb702
https://outrightinternational.org/,ok,https://explorer.ooni.org/m/20260511073426.725307_KR_webconnectivity_799453a1b1680d6a
http://peacekorea.org/,ok,https://explorer.ooni.org/m/20260511073430.098096_KR_webconnectivity_ce0ab8d4efc0911d
https://pflag.org/,dns,https://explorer.ooni.org/m/20260511073431.344202_KR_webconnectivity_f7a1b2a8ef2be0f3
https://pirateparty.org.au/,ok,https://explorer.ooni.org/m/20260511073433.227178_KR_webconnectivity_dee70faacbbf14bb
http://poor.jinbo.net/,ok,https://explorer.ooni.org/m/20260511073436.854790_KR_webconnectivity_df4d9a0837140288
http://ppss.kr/,ok,https://explorer.ooni.org/m/20260511073442.955584_KR_webconnectivity_77aae9f8f3c6223a
https://pridesource.com/,ok,https://explorer.ooni.org/m/20260511073445.728253_KR_webconnectivity_10f0e11c6ea10bf2
https://prism-break.org/,ok,https://explorer.ooni.org/m/20260511073448.369237_KR_webconnectivity_8f91ec0106ddb895
https://privatevpn.com/,dns,https://explorer.ooni.org/m/20260511073449.885905_KR_webconnectivity_aeb76d99a8b39c0a
https://proton.me/,ok,https://explorer.ooni.org/m/20260511073455.604229_KR_webconnectivity_09e8532dfe6eb1e5
https://protonvpn.com/,http-failure,https://explorer.ooni.org/m/20260511073517.073714_KR_webconnectivity_834ce90afce22580
https://proxify.com/,dns,https://explorer.ooni.org/m/20260511073518.451781_KR_webconnectivity_ba81642d23e7b4ee
https://proxy.i2phides.me/,dns,https://explorer.ooni.org/m/20260511073519.542167_KR_webconnectivity_7a48d4549f045769
http://proxy.org/,dns,https://explorer.ooni.org/m/20260511073535.269332_KR_webconnectivity_26306ae02a88b883
http://proxytools.sourceforge.net/,ok,https://explorer.ooni.org/m/20260511073536.538844_KR_webconnectivity_4e0f86ec5efe9ba6
https://psiphon.ca/,dns,https://explorer.ooni.org/m/20260511073537.363620_KR_webconnectivity_a84a21efeb3ef7f2
http://pssp.org/,ok,https://explorer.ooni.org/m/20260511073545.459261_KR_webconnectivity_62ce22f155eac2a7
https://queernet-rlp.de/,ok,https://explorer.ooni.org/m/20260511073555.508522_KR_webconnectivity_731a29afea76b621
https://radiofreel.github.io/,ok,https://explorer.ooni.org/m/20260511073557.136580_KR_webconnectivity_90b65ecc27179283
https://radiofreel.gitlab.io/,ok,https://explorer.ooni.org/m/20260511073600.721119_KR_webconnectivity_02725f44e2c5c492
https://reclaimthenet.org/,ok,https://explorer.ooni.org/m/20260511073603.754705_KR_webconnectivity_07d0163586ba2215
https://reliefweb.int/,ok,https://explorer.ooni.org/m/20260511073607.335832_KR_webconnectivity_c920351b72972c6b
https://remailer.paranoici.org/,ok,https://explorer.ooni.org/m/20260511073611.158283_KR_webconnectivity_4a311578ce6d50b2
https://ren.tv/,ok,https://explorer.ooni.org/m/20260511073615.040588_KR_webconnectivity_658bd86921f7cb9a
https://reproductiverights.org/,ok,https://explorer.ooni.org/m/20260511073618.035990_KR_webconnectivity_46bfcd1920965b29
https://resurj.org/,dns,https://explorer.ooni.org/m/20260511073619.598873_KR_webconnectivity_c18ec97640b14da8
https://ria.ru/,ok,https://explorer.ooni.org/m/20260511073625.104158_KR_webconnectivity_080020ee5de5f4b6
https://riseup.net/,dns,https://explorer.ooni.org/m/20260511073626.856675_KR_webconnectivity_95a3e60d94878ec0
http://rodong.rep.kp/,dns,https://explorer.ooni.org/m/20260511073645.575723_KR_webconnectivity_b9386d03fad48e8b
https://rsf.org/,ok,https://explorer.ooni.org/m/20260511073649.955123_KR_webconnectivity_491128c720f7e65d
https://rtr-planeta.com/,ok,https://explorer.ooni.org/m/20260511073709.538554_KR_webconnectivity_6cb7ace5330e8d72
http://russia.tv/,http-diff,https://explorer.ooni.org/m/20260511073711.111777_KR_webconnectivity_377c622bdd9ad3a5
http://sadd.or.kr/,ok,https://explorer.ooni.org/m/20260511073714.255240_KR_webconnectivity_b50465cb4f448279
https://safeabortionpill.org/,ok,https://explorer.ooni.org/m/20260511073718.189292_KR_webconnectivity_fc4f7aad07957fb1
https://safeabortionpills.com/,ok,https://explorer.ooni.org/m/20260511073721.728801_KR_webconnectivity_57e601d4ef96600c
https://safervpn.com/,dns,https://explorer.ooni.org/m/20260511073722.468199_KR_webconnectivity_c5f2c9d12c8ac8f2
http://samugol.net/,ok,https://explorer.ooni.org/m/20260511073723.179575_KR_webconnectivity_210964fe8b16a086
https://sandbox.cryptpad.info/,ok,https://explorer.ooni.org/m/20260511073726.155168_KR_webconnectivity_6037c64aed1bcf70
https://sea-watch.org/,ok,https://explorer.ooni.org/m/20260511073731.156070_KR_webconnectivity_6fa774f5421146f4
http://seapa.wordpress.com/,ok,https://explorer.ooni.org/m/20260511073733.494418_KR_webconnectivity_a828798c52625a36
https://secfirst.org/,tcp_ip,https://explorer.ooni.org/m/20260511073804.457241_KR_webconnectivity_660be11f9102ca67
https://secure.avaaz.org/,ok,https://explorer.ooni.org/m/20260511073806.480931_KR_webconnectivity_8490c0005975c7c9
https://securevpn.com/,dns,https://explorer.ooni.org/m/20260511073807.857203_KR_webconnectivity_61627528c8019cb5
https://securevpn.im/,dns,https://explorer.ooni.org/m/20260511073809.141020_KR_webconnectivity_321e177abd09f0c3
http://seoul.nodong.org/,ok,https://explorer.ooni.org/m/20260511073812.184733_KR_webconnectivity_93234eaea84e7e66
http://service.nodong.org/,ok,https://explorer.ooni.org/m/20260511073818.662483_KR_webconnectivity_0cb2e0f38c70610f
http://sewolho416.org/,ok,https://explorer.ooni.org/m/20260511073822.128413_KR_webconnectivity_57c2fcf235066e1f
https://shadowsocks.org/,dns,https://explorer.ooni.org/m/20260511073823.222614_KR_webconnectivity_43122af830fcc813
https://slashdot.org/,ok,https://explorer.ooni.org/m/20260511073825.682479_KR_webconnectivity_1db8a653156f07c9
https://slate.com/,ok,https://explorer.ooni.org/m/20260511073827.880057_KR_webconnectivity_98334124080d393e
http://slownews.kr/,ok,https://explorer.ooni.org/m/20260511073829.975795_KR_webconnectivity_440dd80f03aabca4
https://smotrim.ru/,ok,https://explorer.ooni.org/m/20260511073831.106992_KR_webconnectivity_8766b645cdacf7bf
https://southfeministfutures.org/,ok,https://explorer.ooni.org/m/20260511073834.946322_KR_webconnectivity_7ec8c3f5f39617c3
https://speedify.com/,dns,https://explorer.ooni.org/m/20260511073835.920486_KR_webconnectivity_22a40f94db9752fd
https://sputnikglobe.com/,dns,https://explorer.ooni.org/m/20260511073837.232792_KR_webconnectivity_b36efbc9fe8201ff
https://sputniknews.cn/,ok,https://explorer.ooni.org/m/20260511073843.957310_KR_webconnectivity_0a626aa93335f6c9
https://sputniknews.com/,http-failure,https://explorer.ooni.org/m/20260511073846.911420_KR_webconnectivity_c9c6371bc680bf2c
https://spys.one/,dns,https://explorer.ooni.org/m/20260511073847.726594_KR_webconnectivity_7a3e3e5974fc99e6
https://ssd.eff.org/,ok,https://explorer.ooni.org/m/20260511073851.008862_KR_webconnectivity_86f08c941d60ea43
https://strongvpn.com/,dns,https://explorer.ooni.org/m/20260511073851.787973_KR_webconnectivity_ae2f9ba050706faa
https://substack.com/,ok,https://explorer.ooni.org/m/20260511073854.144226_KR_webconnectivity_b2b39039c6f77369
http://surprise.or.kr/board/,ok,https://explorer.ooni.org/m/20260511073857.971858_KR_webconnectivity_39e8adcd46fe3277
https://surfshark.com/,dns,https://explorer.ooni.org/m/20260511073854.919228_KR_webconnectivity_7c602c71c61a275b
https://tacticaltech.org/,ok,https://explorer.ooni.org/m/20260511073912.144974_KR_webconnectivity_fd74d307e25c3fb4
https://tails.net/,ok,https://explorer.ooni.org/m/20260511073914.272513_KR_webconnectivity_f932065fa1129317
https://tdov.org/,ok,https://explorer.ooni.org/m/20260511073916.711510_KR_webconnectivity_c5b10b406425f0d5
https://thegailygrind.com/,dns,https://explorer.ooni.org/m/20260511073918.052622_KR_webconnectivity_4ccef82185986a46
https://theglobalobservatory.org/,ok,https://explorer.ooni.org/m/20260511073921.021652_KR_webconnectivity_4ec69d76fb4d9087
http://theimpeter.com/,error,https://explorer.ooni.org/m/20260511073938.830753_KR_webconnectivity_e4b8a125096b8636
https://theintercept.com/,ok,https://explorer.ooni.org/m/20260511073941.309419_KR_webconnectivity_a231ec26506da790
https://threema.ch/,ok,https://explorer.ooni.org/m/20260511073948.782240_KR_webconnectivity_980d1fe3fb38c95a
https://thunder.free-signal.com/,dns,https://explorer.ooni.org/m/20260511073950.040373_KR_webconnectivity_7b6b90d53d8114c5
https://timcast.com/,ok,https://explorer.ooni.org/m/20260511073953.437881_KR_webconnectivity_af694f4fa20deff0
http://times.hankooki.com/,dns,https://explorer.ooni.org/m/20260511073955.121169_KR_webconnectivity_14d4d8d3d6f18901
https://timesofindia.indiatimes.com/,ok,https://explorer.ooni.org/m/20260511073958.504458_KR_webconnectivity_d41bae728847ad6c
https://tor.eff.org/,dns,https://explorer.ooni.org/m/20260511074000.471619_KR_webconnectivity_9e1f3842027fb3dc
https://transequality.org/,ok,https://explorer.ooni.org/m/20260511074004.596838_KR_webconnectivity_ba83935b4ed6ffbb
https://transfemscience.org/,ok,https://explorer.ooni.org/m/20260511074006.281604_KR_webconnectivity_1248ee8c23fffa6e
http://transparency.or.kr/,ok,https://explorer.ooni.org/m/20260511074010.193090_KR_webconnectivity_2ae5b5fb75dadd08
http://transsexual.org/,dns,https://explorer.ooni.org/m/20260511074012.139768_KR_webconnectivity_4f84b9a08c3f5399
https://triplebit.org/,dns,https://explorer.ooni.org/m/20260511074014.118978_KR_webconnectivity_820e7cbbf0bbc4e8
http://twokoreas.blogspot.com/,ok,https://explorer.ooni.org/m/20260511074018.727111_KR_webconnectivity_f578ef1e8b3aee3f
https://trustvpn.me/,dns,https://explorer.ooni.org/m/20260511074015.048567_KR_webconnectivity_ffb3d2cefe8b5f35
https://tyt.com/,ok,https://explorer.ooni.org/m/20260511074022.573139_KR_webconnectivity_938c55331cbf544a
https://ultrasurf.us/,dns,https://explorer.ooni.org/m/20260511074023.638738_KR_webconnectivity_c17c34977c459d24
https://ultravpn.com/,dns,https://explorer.ooni.org/m/20260511074024.627908_KR_webconnectivity_017b0842a3657114
https://unpo.org/,ok,https://explorer.ooni.org/m/20260511074030.761021_KR_webconnectivity_7364168f6c402b36
https://unredacted.org/,ok,https://explorer.ooni.org/m/20260511074033.532210_KR_webconnectivity_07b15666c7896069
https://unwatch.org/,ok,https://explorer.ooni.org/m/20260511074039.920549_KR_webconnectivity_b787257cac03bafb
https://urgentactionfund.org/,ok,https://explorer.ooni.org/m/20260511074044.897984_KR_webconnectivity_cf865bc4853d93e8
https://veracrypt.fr/,ok,https://explorer.ooni.org/m/20260511074049.746593_KR_webconnectivity_eff1dd1ac4ef13f7
https://vgtrk.ru/,ok,https://explorer.ooni.org/m/20260511074052.810703_KR_webconnectivity_e2fa7837a9887746
http://viewsnnews.com/,ok,https://explorer.ooni.org/m/20260511074058.089195_KR_webconnectivity_ea5dd9edb3e4e5ae
http://vok.rep.kp/,dns,https://explorer.ooni.org/m/20260511074101.270361_KR_webconnectivity_58e2083edbc641b2
https://vuejs.org/,ok,https://explorer.ooni.org/m/20260511074104.246131_KR_webconnectivity_4079ffbbc65e1fa3
http://wcollar.tistory.com/308,ok,https://explorer.ooni.org/m/20260511074106.192515_KR_webconnectivity_e35b0144c6c0a818
https://wearechange.org/,ok,https://explorer.ooni.org/m/20260511074108.801240_KR_webconnectivity_213f77fbae0b39c9
https://wedo.org/,ok,https://explorer.ooni.org/m/20260511074112.237335_KR_webconnectivity_50d1ebb91f4a38b3
https://wfrtds.org/,ok,https://explorer.ooni.org/m/20260511074115.713197_KR_webconnectivity_ddbaf776b3161a60
https://whrdic.org/,ok,https://explorer.ooni.org/m/20260511074120.251701_KR_webconnectivity_fb386c0733e46aef
https://wickr.com/,ok,https://explorer.ooni.org/m/20260511074124.288349_KR_webconnectivity_e4aa8a7f1a65f32f
https://wikileaks.org/,ok,https://explorer.ooni.org/m/20260511074127.992301_KR_webconnectivity_cc731c6640603695
https://women-on-web.kr/,ok,https://explorer.ooni.org/m/20260511074133.113584_KR_webconnectivity_67ebd37fa902c0d1
https://womenhelp.org/,dns,https://explorer.ooni.org/m/20260511074134.454519_KR_webconnectivity_ff0c94c8df1e591f
https://womeninblack.org/,ok,https://explorer.ooni.org/m/20260511074139.821478_KR_webconnectivity_f0279d8df15f2c37
http://workingvoice.net/,ok,https://explorer.ooni.org/m/20260511074145.512634_KR_webconnectivity_28cd458c141d94f7
https://world.internationalism.org/,ok,https://explorer.ooni.org/m/20260511074148.574875_KR_webconnectivity_91e78a0d3c89ffd5
https://www.1tv.ru/,ok,https://explorer.ooni.org/m/20260511074153.083430_KR_webconnectivity_a1416fd25c56cd63
http://www.2016change.net/,ok,https://explorer.ooni.org/m/20260511074154.846752_KR_webconnectivity_655e75c0c45661b0
https://www.404media.co/,ok,https://explorer.ooni.org/m/20260511074157.685959_KR_webconnectivity_d3aac29006128892
https://www.access-unlocked.org/,ok,https://explorer.ooni.org/m/20260511074200.513152_KR_webconnectivity_1d81d1e3bd1e5264
https://www.accessnow.org/,ok,https://explorer.ooni.org/m/20260511074204.253125_KR_webconnectivity_435b9994ebd9f52b
https://www.advocate.com/,dns,https://explorer.ooni.org/m/20260511074205.049367_KR_webconnectivity_4bc5ecfc821f0b0c
https://www.afp.com/,ok,https://explorer.ooni.org/m/20260511074209.473547_KR_webconnectivity_134eb67af24147ae
https://www.ahram.org.eg/,ok,https://explorer.ooni.org/m/20260511074245.713331_KR_webconnectivity_10866da22edc1439
https://www.alarabiya.net/,ok,https://explorer.ooni.org/m/20260511074248.028404_KR_webconnectivity_4c75841ed1d6904b
https://www.alhurra.com/,ok,https://explorer.ooni.org/m/20260511074250.792239_KR_webconnectivity_31811dfe24ec0a82
https://www.aljazeera.com/,ok,https://explorer.ooni.org/m/20260511074253.861792_KR_webconnectivity_8e37b45d4fb7f6db
https://www.aljazeera.net/,ok,https://explorer.ooni.org/m/20260511074256.934387_KR_webconnectivity_9edf826e831c0e64
https://www.almanar.com.lb/,ok,https://explorer.ooni.org/m/20260511074300.611349_KR_webconnectivity_76323656648371f2
http://www.amnesty.or.kr/,ok,https://explorer.ooni.org/m/20260511074307.075732_KR_webconnectivity_8df84e4eafbf0e64
https://www.amnesty.org/,ok,https://explorer.ooni.org/m/20260511074309.838877_KR_webconnectivity_56eebca6eabe240c
https://www.amnestyusa.org/,ok,https://explorer.ooni.org/m/20260511074310.946286_KR_webconnectivity_19d3c345b04a432a
http://www.amrc.org.hk/,ok,https://explorer.ooni.org/m/20260511074314.277283_KR_webconnectivity_74186be00418198d
http://www.anarclan.net/,ok,https://explorer.ooni.org/m/20260511074316.343915_KR_webconnectivity_44fb8f02fadf5de7
http://www.anonymizer.ru/,dns,https://explorer.ooni.org/m/20260511074317.570310_KR_webconnectivity_5a85e69ac1a4be2c
http://www.anonymsurfen.com/,dns,https://explorer.ooni.org/m/20260511074318.299390_KR_webconnectivity_05c3991db5fddc49
https://www.apt.ch/,ok,https://explorer.ooni.org/m/20260511074323.096364_KR_webconnectivity_6693abb50a0ffb7f
http://www.apwld.org/,http-failure,https://explorer.ooni.org/m/20260511074331.751542_KR_webconnectivity_6907e04c0c6bd892
https://www.arabnews.com/,ok,https://explorer.ooni.org/m/20260511074333.970938_KR_webconnectivity_38d151193b4027e5
http://www.arrc-hre.com/,ok,https://explorer.ooni.org/m/20260511074353.513676_KR_webconnectivity_f1435c6c0f0cda26
https://www.article19.org/,ok,https://explorer.ooni.org/m/20260511074354.979826_KR_webconnectivity_b0ae77437948b560
http://www.asia-daily.com/,ok,https://explorer.ooni.org/m/20260511074406.417953_KR_webconnectivity_778781ff7781d8a9
http://www.asiafoundation.org/,ok,https://explorer.ooni.org/m/20260511074407.700705_KR_webconnectivity_ab2739f2b6c88601
http://www.asiamedia.ucla.edu/,tcp_ip,https://explorer.ooni.org/m/20260511074453.872875_KR_webconnectivity_14e3796ca4f3917a
http://www.asian-migrants.org/,ok,https://explorer.ooni.org/m/20260511074459.418462_KR_webconnectivity_e5de3c13779a734f
http://www.asiantribune.com/,dns,https://explorer.ooni.org/m/20260511074500.884298_KR_webconnectivity_9abe96834e698ffd
http://www.asiapacificnews.com/,ok,https://explorer.ooni.org/m/20260511074502.491937_KR_webconnectivity_7c5ab81e3310a4c0
https://www.awid.org/,ok,https://explorer.ooni.org/m/20260511074505.081928_KR_webconnectivity_0a4850a244a6d285
https://www.bbc.co.uk/,ok,https://explorer.ooni.org/m/20260511074507.653741_KR_webconnectivity_9159dce60e40d0df
https://www.bbc.com/,ok,https://explorer.ooni.org/m/20260511074510.411899_KR_webconnectivity_88c16067129ce7e4
https://www.benarnews.org/,ok,https://explorer.ooni.org/m/20260511074515.643894_KR_webconnectivity_725ebf5b4649b839
https://www.benedelman.org/,ok,https://explorer.ooni.org/m/20260511074519.907837_KR_webconnectivity_42de5f03558784cd
https://www.betternet.co/,dns,https://explorer.ooni.org/m/20260511074521.174502_KR_webconnectivity_c0aa2d460ae7fcc4
http://www.bicommunitynews.co.uk/,ok,https://explorer.ooni.org/m/20260511074527.514840_KR_webconnectivity_a9b2a25e88c2b723
https://www.bitmask.net/,ok,https://explorer.ooni.org/m/20260511074531.423036_KR_webconnectivity_487d20b03ec52959
https://www.bnaibrith.org/,ok,https://explorer.ooni.org/m/20260511074532.825759_KR_webconnectivity_1071845226fa3cca
https://www.brookings.edu/,ok,https://explorer.ooni.org/m/20260511074535.201305_KR_webconnectivity_8094702a5f6edddc
https://www.btselem.org/,ok,https://explorer.ooni.org/m/20260511074540.102999_KR_webconnectivity_7fe7baefbda315bc
http://www.buddy79.com/,ok,https://explorer.ooni.org/m/20260511074543.427674_KR_webconnectivity_feb5c0dbef4162b0
https://www.business-humanrights.org/,ok,https://explorer.ooni.org/m/20260511074544.815244_KR_webconnectivity_e4f07909cad2aaf7
https://www.buzzfeed.com/,ok,https://explorer.ooni.org/m/20260511074547.429176_KR_webconnectivity_7f11bb1ce8f8010f
https://www.caritas.org/,ok,https://explorer.ooni.org/m/20260511074551.429370_KR_webconnectivity_0c8ff9581aaede2c
https://www.cartercenter.org/,ok,https://explorer.ooni.org/m/20260511074555.742544_KR_webconnectivity_790a7b8b6c6b3603
https://www.cato.org/,ok,https://explorer.ooni.org/m/20260511074557.061145_KR_webconnectivity_5ba88a4222420c3d
http://www.cawinfo.org/,ok,https://explorer.ooni.org/m/20260511074634.285277_KR_webconnectivity_62ce0190cf2f49ab
https://www.cbc.ca/,ok,https://explorer.ooni.org/m/20260511074638.285500_KR_webconnectivity_33364c5fa947885b
https://www.cbsnews.com/,ok,https://explorer.ooni.org/m/20260511074644.879661_KR_webconnectivity_af224aab40cca155
http://www.ccdm.or.kr/,ok,https://explorer.ooni.org/m/20260511074648.877131_KR_webconnectivity_f67ba952ad6c425e
http://www.cesr.org/,ok,https://explorer.ooni.org/m/20260511074652.258856_KR_webconnectivity_8744ffc951a0e89a
https://www.cfr.org/,ok,https://explorer.ooni.org/m/20260511074654.868272_KR_webconnectivity_e97ff1947f718af0
https://www.cgtn.com/,ok,https://explorer.ooni.org/m/20260511074658.121162_KR_webconnectivity_449e94a5b2bdfaa0
https://www.change.org/,ok,https://explorer.ooni.org/m/20260511074702.142165_KR_webconnectivity_0db7ed8f20ad9d2e
http://www.channelnewsasia.com/,ok,https://explorer.ooni.org/m/20260511074705.621571_KR_webconnectivity_10fef869401cf9f6
https://www.childrensdefense.org/,ok,https://explorer.ooni.org/m/20260511074708.224567_KR_webconnectivity_c2f8517c78c430dd
https://www.chinadaily.com.cn/,ok,https://explorer.ooni.org/m/20260511074711.664795_KR_webconnectivity_dc58d72b20864986
https://www.chinatimes.com/,ok,https://explorer.ooni.org/m/20260511074713.763672_KR_webconnectivity_6b3c3a13a99c3850
http://www.chingusai.net/,dns,https://explorer.ooni.org/m/20260511074717.506206_KR_webconnectivity_b4df045954387b2c
http://www.chosun.com/,ok,https://explorer.ooni.org/m/20260511074720.410425_KR_webconnectivity_624d3ec87d003498
https://www.clintonfoundation.org/,ok,https://explorer.ooni.org/m/20260511074721.582093_KR_webconnectivity_fbaf17aa6871f754
https://www.cnbc.com/,ok,https://explorer.ooni.org/m/20260511074724.967387_KR_webconnectivity_3906dc03286b77ed
http://www.cnnasiapacific.com/,tcp_ip,https://explorer.ooni.org/m/20260511074810.760335_KR_webconnectivity_00694967437ce87a
https://www.cpj.org/,ok,https://explorer.ooni.org/m/20260511074813.420360_KR_webconnectivity_fdbb993d6b32502c
https://www.crisisgroup.org/,ok,https://explorer.ooni.org/m/20260511074816.710842_KR_webconnectivity_2fda703c163d5d97
https://www.csmonitor.com/,ok,https://explorer.ooni.org/m/20260511074820.580331_KR_webconnectivity_7e7243736c80613f
https://www.currenttime.tv/,ok,https://explorer.ooni.org/m/20260511074823.542044_KR_webconnectivity_b9b43598bae72f75
http://www.cwgl.rutgers.edu/,ok,https://explorer.ooni.org/m/20260511074830.295258_KR_webconnectivity_7d18039dc414f0e4
https://www.cyberghostvpn.com/,dns,https://explorer.ooni.org/m/20260511074831.608107_KR_webconnectivity_20031d67e883a007
https://www.dailymail.co.uk/,ok,https://explorer.ooni.org/m/20260511074839.776566_KR_webconnectivity_26ed4ab8282b3588
https://www.dailysabah.com/,ok,https://explorer.ooni.org/m/20260511074845.004846_KR_webconnectivity_59eddcb6e0653fcb
https://www.dailywire.com/,ok,https://explorer.ooni.org/m/20260511074848.069724_KR_webconnectivity_7b9ca79061c26adf
https://www.dd-rd.ca/,ok,https://explorer.ooni.org/m/20260511074849.731911_KR_webconnectivity_68dd8b5b4f37bce4
http://www.ddanzi.com/,ok,https://explorer.ooni.org/m/20260511074853.644010_KR_webconnectivity_75c0c4494c8862f3
https://www.democracycaucus.net/,ok,https://explorer.ooni.org/m/20260511074857.639055_KR_webconnectivity_313630da3b64e9ae
https://www.democracynow.org/,ok,https://explorer.ooni.org/m/20260511074902.051167_KR_webconnectivity_2866f91f79157c73
http://www.depdc.org/,ok,https://explorer.ooni.org/m/20260511074902.800985_KR_webconnectivity_0a9797cc3a705f11
https://www.derechos.org/,ok,https://explorer.ooni.org/m/20260511074907.771391_KR_webconnectivity_68f604297784bc36
https://www.disabilityrightsfund.org/,ok,https://explorer.ooni.org/m/20260511074910.493599_KR_webconnectivity_0c77c4a99e6a17fa
http://www.dit-inc.us/,dns,https://explorer.ooni.org/m/20260511074912.813741_KR_webconnectivity_6d8a008202d5900b
http://www.donga.com/,ok,https://explorer.ooni.org/m/20260511074931.232877_KR_webconnectivity_0030b2cf80eea27d
https://www.dopplr.com/,ok,https://explorer.ooni.org/m/20260511074935.831703_KR_webconnectivity_29b334395ff90d9a
https://www.doriafeministfund.org/,ok,https://explorer.ooni.org/m/20260511074937.534780_KR_webconnectivity_fbd7fa340599edd9
http://www.drudgereport.com/,ok,https://explorer.ooni.org/m/20260511074941.212780_KR_webconnectivity_0096b87fe7c9f594
https://www.dw.com/,ok,https://explorer.ooni.org/m/20260511074947.041318_KR_webconnectivity_17a6389bfa76e6f6
http://www.e-ju.net/,ok,https://explorer.ooni.org/m/20260511074947.752608_KR_webconnectivity_e101cc2d10f5b59d
http://www.ebn.co.kr/,ok,https://explorer.ooni.org/m/20260511074952.901467_KR_webconnectivity_02016f61705c8ebd
http://www.ecequality.org/,ok,https://explorer.ooni.org/m/20260511074956.116311_KR_webconnectivity_2ab8a2f703d7429e
https://www.echr.coe.int/,ok,https://explorer.ooni.org/m/20260511074958.251098_KR_webconnectivity_cd8acfeb29de2f38
http://www.eduhope.net/,ok,https://explorer.ooni.org/m/20260511075004.408715_KR_webconnectivity_d233c454662eabca
https://www.eff.org/,ok,https://explorer.ooni.org/m/20260511075007.681921_KR_webconnectivity_6feea180c9b8589c
https://www.eluniversal.com/,ok,https://explorer.ooni.org/m/20260511075013.163559_KR_webconnectivity_0b2cd3915d9a4fe5
https://www.endfgm.eu/,ok,https://explorer.ooni.org/m/20260511075017.613591_KR_webconnectivity_fdfc268d5feac7ee
http://www.equaline.or.kr/,ok,https://explorer.ooni.org/m/20260511075022.739429_KR_webconnectivity_0a3ddcf321a16f71
https://www.eurobicon.org/,dns,https://explorer.ooni.org/m/20260511075023.765191_KR_webconnectivity_6c8b9eb02b635854
https://www.euronews.com/,ok,https://explorer.ooni.org/m/20260511075026.387074_KR_webconnectivity_4f503c23be63b554
https://www.exgay.com/,ok,https://explorer.ooni.org/m/20260511075027.977334_KR_webconnectivity_8027bea40ea78c0f
https://www.exitinternational.net/,ok,https://explorer.ooni.org/m/20260511075032.667779_KR_webconnectivity_e9580121fd0faf8f
https://www.expressvpn.com/,ok,https://explorer.ooni.org/m/20260511075035.281423_KR_webconnectivity_d810eff24bc4c452
https://www.f-secure.com/,http-failure,https://explorer.ooni.org/m/20260511075100.717372_KR_webconnectivity_04f8a417aae2de82
https://www.familyequality.org/,ok,https://explorer.ooni.org/m/20260511075104.214913_KR_webconnectivity_5dd244e63e236e11
http://www.feer.com/,ok,https://explorer.ooni.org/m/20260511075105.021070_KR_webconnectivity_8887091f7384dcaf
https://www.feminist.com/,ok,https://explorer.ooni.org/m/20260511075109.126951_KR_webconnectivity_dd83a72cf418af17
https://www.feministfrequency.com/,dns,https://explorer.ooni.org/m/20260511075110.146088_KR_webconnectivity_c456f0faaed0b845
https://www.fidh.org/,ok,https://explorer.ooni.org/m/20260511075114.290662_KR_webconnectivity_4285ffae9737be71
http://www.fktu.or.kr/,ok,https://explorer.ooni.org/m/20260511075118.027748_KR_webconnectivity_e7905c1ac258851a
https://www.fondationdefrance.org/,ok,https://explorer.ooni.org/m/20260511075122.900100_KR_webconnectivity_4e2f64349bd45f6a
https://www.forbes.com/,ok,https://explorer.ooni.org/m/20260511075126.740227_KR_webconnectivity_6d26033c93f08358
https://www.fordfoundation.org/,ok,https://explorer.ooni.org/m/20260511075128.743302_KR_webconnectivity_3fbf6eae03675e5e
http://www.forum-asia.org/,ok,https://explorer.ooni.org/m/20260511075130.063004_KR_webconnectivity_f37c063c805d951a
https://www.forum18.org/,ok,https://explorer.ooni.org/m/20260511075134.865651_KR_webconnectivity_7a536248ba3107df
https://www.foxnews.com/,ok,https://explorer.ooni.org/m/20260511075137.659512_KR_webconnectivity_097389e3a6bda0b2
https://www.france24.com/,ok,https://explorer.ooni.org/m/20260511075139.672357_KR_webconnectivity_4eb06b75880f49a1
https://www.francemediasmonde.com/,ok,https://explorer.ooni.org/m/20260511075145.066177_KR_webconnectivity_789c0ac4a01fcc88
http://www.freedominfo.org/,ok,https://explorer.ooni.org/m/20260511075146.131850_KR_webconnectivity_0f8c21369161c7a8
http://www.freeexpression.org/,ok,https://explorer.ooni.org/m/20260511075151.211918_KR_webconnectivity_13d5d741c7b16931
https://www.freespeech.com/,ok,https://explorer.ooni.org/m/20260511075200.429660_KR_webconnectivity_fee48a71c58e4179
https://www.freespeechcoalition.com/,dns,https://explorer.ooni.org/m/20260511075201.278576_KR_webconnectivity_91f0303249e9b142
http://www.fridae.com/,dns,https://explorer.ooni.org/m/20260511075202.587893_KR_webconnectivity_6d094389b500251c
https://www.frontlinedefenders.org/,ok,https://explorer.ooni.org/m/20260511075206.874313_KR_webconnectivity_5a1950a3e6e12d55
https://www.ft.com/,ok,https://explorer.ooni.org/m/20260511075208.670081_KR_webconnectivity_639e7224b6694b86
http://www.ftchinese.com/,ok,https://explorer.ooni.org/m/20260511075212.364078_KR_webconnectivity_cbe09715b716346b
http://www.gayegypt.com/,dns,https://explorer.ooni.org/m/20260511075213.435323_KR_webconnectivity_72f35da59ca10095
http://www.gayrice.com/,dns,https://explorer.ooni.org/m/20260511075214.202337_KR_webconnectivity_d9b55b0373abe398
http://www.gayrice.com/gayplaces/country.php?cid=126,dns,https://explorer.ooni.org/m/20260511075214.970085_KR_webconnectivity_ae9eae5d244ac956
http://www.gayscape.com/,dns,https://explorer.ooni.org/m/20260511075217.903667_KR_webconnectivity_a93346ae0b939b81
https://www.gaystarnews.com/,dns,https://explorer.ooni.org/m/20260511075218.669494_KR_webconnectivity_792cfc6af8c439ca
https://www.gearthblog.com/,ok,https://explorer.ooni.org/m/20260511075223.099984_KR_webconnectivity_5e6bf548ed0eadec
https://www.genderit.org/,ok,https://explorer.ooni.org/m/20260511075227.091300_KR_webconnectivity_a7f303701d40a6e5
https://www.getoutline.org/,ok,https://explorer.ooni.org/m/20260511075229.602490_KR_webconnectivity_9bc8f34a56d12310
https://www.girlsnotbrides.org/,ok,https://explorer.ooni.org/m/20260511075241.596206_KR_webconnectivity_ec3b5d8ac744cefa
http://www.glaad.org/,ok,https://explorer.ooni.org/m/20260511075249.071433_KR_webconnectivity_a962f8ed05760bfe
http://www.glbtqarchive.com/,ok,https://explorer.ooni.org/m/20260511075252.452460_KR_webconnectivity_1a11edb57a73fa78
https://www.globaleaks.org/,ok,https://explorer.ooni.org/m/20260511075258.816246_KR_webconnectivity_4ce7eff88027af5b
https://www.globalfundforwomen.org/,ok,https://explorer.ooni.org/m/20260511075302.170970_KR_webconnectivity_1d8de2d2c1b3adab
http://www.globalgayz.com/,ok,https://explorer.ooni.org/m/20260511075306.470387_KR_webconnectivity_88345b72d4b1c9ad
http://www.globalgayz.com/g-korea.html,ok,https://explorer.ooni.org/m/20260511075312.924064_KR_webconnectivity_756cd73070e4510d
http://www.globalr2p.org/,ok,https://explorer.ooni.org/m/20260511075316.872217_KR_webconnectivity_fe71db12e3860a76
https://www.glsen.org/,ok,https://explorer.ooni.org/m/20260511075320.217958_KR_webconnectivity_b4867281f9d1f2c9
http://www.gmhc.org/,ok,https://explorer.ooni.org/m/20260511075325.780339_KR_webconnectivity_1e842f80bb8828d8
https://www.gnu.org/,tcp_ip,https://explorer.ooni.org/m/20260511075411.838623_KR_webconnectivity_d014951b2112080e
https://www.gnupg.org/,ok,https://explorer.ooni.org/m/20260511075416.295798_KR_webconnectivity_67ab13ce8e2f28fc
http://www.gobalnews.com/,ok,https://explorer.ooni.org/m/20260511075421.232903_KR_webconnectivity_ee34bd5566b1d106
http://www.goodasyou.net/,dns,https://explorer.ooni.org/m/20260511075422.464215_KR_webconnectivity_c876576f46addd86
http://www.granma.cu/,ok,https://explorer.ooni.org/m/20260511075433.924021_KR_webconnectivity_4305911fd9f4b646
https://www.grindr.com/,dns,https://explorer.ooni.org/m/20260511075434.699488_KR_webconnectivity_940366933fc805f3
https://www.guerrillagirls.com/,dns,https://explorer.ooni.org/m/20260511075435.837080_KR_webconnectivity_f6f2831466fa9074
https://www.haaretz.com/,ok,https://explorer.ooni.org/m/20260511075439.249170_KR_webconnectivity_5d4654f841ba5f89
http://www.hani.co.kr/,ok,https://explorer.ooni.org/m/20260511075442.130502_KR_webconnectivity_ab6201671726462f
http://www.hankooki.com/,ok,https://explorer.ooni.org/m/20260511075447.654821_KR_webconnectivity_626e9879c1cfcc9d
http://www.hellodd.com/,ok,https://explorer.ooni.org/m/20260511075453.488279_KR_webconnectivity_7b44a7a9722ffe4a
https://www.herdict.org/,error,https://explorer.ooni.org/m/20260511075525.310339_KR_webconnectivity_5a0991a5c4e1eb09
https://www.heritage.org/,ok,https://explorer.ooni.org/m/20260511075527.584263_KR_webconnectivity_4c06a8f2537c2dc3
https://www.heyjane.com/,ok,https://explorer.ooni.org/m/20260511075529.840293_KR_webconnectivity_3b5eea3594f996ad
https://www.hidemyass.com/,dns,https://explorer.ooni.org/m/20260511075530.963659_KR_webconnectivity_d44f02b1af4a81e0
http://www.hizb-ut-tahrir.org/,dns,https://explorer.ooni.org/m/20260511075616.875015_KR_webconnectivity_63a687e35f06e2e6
http://www.hopeandlaw.org/,ok,https://explorer.ooni.org/m/20260511075621.041960_KR_webconnectivity_3a1f67031dc9f450
http://www.hotline.or.kr/,ok,https://explorer.ooni.org/m/20260511075626.876183_KR_webconnectivity_e8423c9cd81e96f0
https://www.hotspotshield.com/,dns,https://explorer.ooni.org/m/20260511075628.604170_KR_webconnectivity_bbaa039ea79b536f
http://www.hrc.org/,ok,https://explorer.ooni.org/m/20260511075633.330548_KR_webconnectivity_07475445bc64a089
http://www.hrea.org/,ok,https://explorer.ooni.org/m/20260511075638.861999_KR_webconnectivity_1bbfc25e66b1d09f
https://www.hrw.org/,ok,https://explorer.ooni.org/m/20260511075640.857296_KR_webconnectivity_36d1df70b604ece0
https://www.hrw.org/asia/south-korea,ok,https://explorer.ooni.org/m/20260511075643.371281_KR_webconnectivity_8ea77b0696a1eb64
http://www.http-tunnel.com/,dns,https://explorer.ooni.org/m/20260511075644.180640_KR_webconnectivity_00996f6d2d6bee79
https://www.huffpost.com/,ok,https://explorer.ooni.org/m/20260511075646.740785_KR_webconnectivity_96f7ac1ea97c87be
https://www.humanrightsconnected.org/,ok,https://explorer.ooni.org/m/20260511075650.254447_KR_webconnectivity_14df566d09eb15e0
http://www.humanrightsfirst.org/,ok,https://explorer.ooni.org/m/20260511075653.731384_KR_webconnectivity_d7f2bab469251a34
https://www.hyphanet.org/,dns,https://explorer.ooni.org/m/20260511075654.482542_KR_webconnectivity_a019dcba37aca5ea
http://www.i615.net/,error,https://explorer.ooni.org/m/20260511075659.124534_KR_webconnectivity_9d288a9049b7e408
http://www.iaffe.org/,ok,https://explorer.ooni.org/m/20260511075703.628110_KR_webconnectivity_e30dce13e0ef13b2
https://www.icc-cpi.int/,ok,https://explorer.ooni.org/m/20260511075705.773451_KR_webconnectivity_233e12f9922cbc8c
https://www.icij.org/,ok,https://explorer.ooni.org/m/20260511075710.967109_KR_webconnectivity_34567d36327105e0
https://www.icj.org/,dns,https://explorer.ooni.org/m/20260511075711.943243_KR_webconnectivity_fd7294246250a260
http://www.icrw.org/,ok,https://explorer.ooni.org/m/20260511075715.871391_KR_webconnectivity_f06537c094216b4a
https://www.ictj.org/,ok,https://explorer.ooni.org/m/20260511075717.393872_KR_webconnectivity_2d8428e2d09fb952
http://www.idea.int/,ok,https://explorer.ooni.org/m/20260511075724.174725_KR_webconnectivity_63ef9c83465ba96d
http://www.ifex.org/,ok,https://explorer.ooni.org/m/20260511075726.662366_KR_webconnectivity_911519b20d3ed1aa
http://www.ifge.org/,dns,https://explorer.ooni.org/m/20260511075728.014911_KR_webconnectivity_e32eee511499cd28
http://www.ifj-asia.org/,tcp_ip,https://explorer.ooni.org/m/20260511075758.940131_KR_webconnectivity_d61ede57be1f50ba
http://www.ifj.org/,ok,https://explorer.ooni.org/m/20260511075802.721128_KR_webconnectivity_022b205097c8d596
https://www.ihrc.org.uk/,ok,https://explorer.ooni.org/m/20260511075810.097352_KR_webconnectivity_6cfcebb0c5cd7359
https://www.ijm.org/,ok,https://explorer.ooni.org/m/20260511075812.095566_KR_webconnectivity_1bdc0ec60d348eda
https://www.iknowpolitics.org/,ok,https://explorer.ooni.org/m/20260511075819.994265_KR_webconnectivity_56fcc0b4fabcfdf7
https://www.ilga-europe.org/,ok,https://explorer.ooni.org/m/20260511075827.451749_KR_webconnectivity_9cb4129b06680db4
http://www.ilga.info/,ok,https://explorer.ooni.org/m/20260511075832.722395_KR_webconnectivity_c1e385a073466f1a
http://www.ilga.org/asia/,ok,https://explorer.ooni.org/m/20260511075837.893659_KR_webconnectivity_748629f7a9fc738f
http://www.ilo.org/public/english/region/asro/bangkok/child/trafficking/index.htm,ok,https://explorer.ooni.org/m/20260511075842.354415_KR_webconnectivity_09ac6ab2db2bf4d6
https://www.indiatimes.com/,ok,https://explorer.ooni.org/m/20260511075845.584707_KR_webconnectivity_e5106240d081ff33
https://www.ineedana.com/,dns,https://explorer.ooni.org/m/20260511075847.281465_KR_webconnectivity_ea504b956218a01e
http://www.inetprivacy.com/,dns,https://explorer.ooni.org/m/20260511075848.035480_KR_webconnectivity_9b2393ba949ead2b
http://www.inews24.com/,ok,https://explorer.ooni.org/m/20260511075852.181835_KR_webconnectivity_8d45520d520c4742
https://www.infomigrants.net/,ok,https://explorer.ooni.org/m/20260511075854.214855_KR_webconnectivity_7764fe642ce12b55
https://www.infowars.com/,ok,https://explorer.ooni.org/m/20260511075855.859084_KR_webconnectivity_a3db09411a115891
http://www.inkwon.or.kr/,ok,https://explorer.ooni.org/m/20260511075901.237037_KR_webconnectivity_f0fd89a6c3a2691d
http://www.inminds.co.uk/,ok,https://explorer.ooni.org/m/20260511075905.390196_KR_webconnectivity_7365e3fb507b5ac3
http://www.inochong.org/,ok,https://explorer.ooni.org/m/20260511075910.231897_KR_webconnectivity_da364e14225b5bdc
https://www.ipetitions.com/,ok,https://explorer.ooni.org/m/20260511075914.905249_KR_webconnectivity_3249b510efdd1995
http://www.irna.ir/,ok,https://explorer.ooni.org/m/20260511075919.684920_KR_webconnectivity_0488c630274d07c6
https://www.ipvanish.com/,dns,https://explorer.ooni.org/m/20260511075915.729938_KR_webconnectivity_9c44996a00a70698
http://www.isiswomen.org/,ok,https://explorer.ooni.org/m/20260511075921.909214_KR_webconnectivity_90baa28b2963780a
http://www.islamawareness.net/,ok,https://explorer.ooni.org/m/20260511075925.863379_KR_webconnectivity_5d9ca1d13262d6d6
http://www.islamawareness.net/Asia/KoreaSouth/,ok,https://explorer.ooni.org/m/20260511075928.969911_KR_webconnectivity_2ff3e77e967491af
http://www.islamkorea.com/,ok,https://explorer.ooni.org/m/20260511075938.469725_KR_webconnectivity_e28739a4ab9f309f
https://www.ivpn.net/,dns,https://explorer.ooni.org/m/20260511075939.706534_KR_webconnectivity_db77eed5e66a0ad5
http://www.iwraw-ap.org/,ok,https://explorer.ooni.org/m/20260511075945.935196_KR_webconnectivity_d5302dac791f7293
https://www.iwraw-ap.org/,ok,https://explorer.ooni.org/m/20260511075949.711784_KR_webconnectivity_d53caa56123e0e15
http://www.japantimes.co.jp/,ok,https://explorer.ooni.org/m/20260511075952.701556_KR_webconnectivity_9d45f1d79ad906e8
http://www.jcmk.org/,ok,https://explorer.ooni.org/m/20260511075954.979644_KR_webconnectivity_c4b30fcb811bab77
http://www.jhr.ca/,ok,https://explorer.ooni.org/m/20260511080002.232486_KR_webconnectivity_9397b40e6fa81363
https://www.jihadwatch.org/,ok,https://explorer.ooni.org/m/20260511080003.329946_KR_webconnectivity_3b944a53f0ea6c81
http://www.jinbocorea.org/,ok,https://explorer.ooni.org/m/20260511080007.762762_KR_webconnectivity_8ec05d139ac66009
http://www.jmarshall.com/,ok,https://explorer.ooni.org/m/20260511080011.199546_KR_webconnectivity_f30cd0a6da40f8b2
https://www.jmarshall.com/,ok,https://explorer.ooni.org/m/20260511080013.553988_KR_webconnectivity_679c8464724e7006
http://www.kcna.co.jp/,confirmed,https://explorer.ooni.org/m/20260511080016.053393_KR_webconnectivity_df9ced6c12069052
http://www.kcna.kp/,dns,https://explorer.ooni.org/m/20260511080018.215739_KR_webconnectivity_1aae9cfe24abb9be
http://www.kctu.org/,ok,https://explorer.ooni.org/m/20260511080022.996336_KR_webconnectivity_bc3ad327657d3e78
http://www.kdawu.org/,ok,https://explorer.ooni.org/m/20260511080027.613747_KR_webconnectivity_b5c761234ab5cc93
http://www.kdlp.org/,ok,https://explorer.ooni.org/m/20260511080031.703408_KR_webconnectivity_b247d0fef57dd9c7
http://www.khan.co.kr/,ok,https://explorer.ooni.org/m/20260511080036.228963_KR_webconnectivity_5a69ec63e8c453e8
http://www.khrp.org/,ok,https://explorer.ooni.org/m/20260511080042.455513_KR_webconnectivity_b6a4c783b496682e
http://www.kita.net/,ok,https://explorer.ooni.org/m/20260511080051.806617_KR_webconnectivity_1c9da9b232048327
https://www.knapsackforhope.org/,ok,https://explorer.ooni.org/m/20260511080054.692952_KR_webconnectivity_52da1dff16538f10
http://www.kncc.or.kr/,ok,https://explorer.ooni.org/m/20260511080102.361380_KR_webconnectivity_2decea40c0315b07
http://www.kngo.net/,ok,https://explorer.ooni.org/m/20260511080108.109133_KR_webconnectivity_01b6c5eab584bcde
http://www.korea-htr.com/,confirmed,https://explorer.ooni.org/m/20260511080109.174167_KR_webconnectivity_e12d3e3f9cb935ef
http://www.korea-htr.com/chuo/,confirmed,https://explorer.ooni.org/m/20260511080110.026768_KR_webconnectivity_143088b65b00f05c
http://www.koreaherald.co.kr/,ok,https://explorer.ooni.org/m/20260511080114.927825_KR_webconnectivity_aae61160942de808
http://www.korealiberator.org/,ok,https://explorer.ooni.org/m/20260511080117.245179_KR_webconnectivity_35f08010d8b6a329
http://www.korva.or.kr/,ok,https://explorer.ooni.org/m/20260511080126.057572_KR_webconnectivity_d1c47128d58ce89d
http://www.kpil.org/,ok,https://explorer.ooni.org/m/20260511080132.379658_KR_webconnectivity_77492720e8d63eed
http://www.kqcf.org/,ok,https://explorer.ooni.org/m/20260511080134.224915_KR_webconnectivity_0ea2b3f164e932ac
http://www.kwdi.re.kr/,ok,https://explorer.ooni.org/m/20260511080155.589579_KR_webconnectivity_63eb71e0acdcaa54
http://www.kwpa.org/,ok,https://explorer.ooni.org/m/20260511080159.873112_KR_webconnectivity_8fb422dd5236f3b9
http://www.kwwnet.org/,ok,https://explorer.ooni.org/m/20260511080205.104089_KR_webconnectivity_7e3eed96e3d17422
http://www.laborrightsnow.org/,ok,https://explorer.ooni.org/m/20260511080208.987517_KR_webconnectivity_0df78910d8520cd7
http://www.lanacion.com.ar/,ok,https://explorer.ooni.org/m/20260511080213.092575_KR_webconnectivity_a6402283a704a260
https://www.laquadrature.net/,ok,https://explorer.ooni.org/m/20260511080218.206049_KR_webconnectivity_345c78fa6ef98640
http://www.latimes.com/,ok,https://explorer.ooni.org/m/20260511080222.206511_KR_webconnectivity_dd2bfd8a6663ce28
https://www.lds.org/,ok,https://explorer.ooni.org/m/20260511080225.536419_KR_webconnectivity_8c90d013be8a5780
http://www.learningpartnership.org/,ok,https://explorer.ooni.org/m/20260511080229.879844_KR_webconnectivity_12fd16441ac2d99a
https://www.lemonde.fr/,ok,https://explorer.ooni.org/m/20260511080233.059779_KR_webconnectivity_4266c0c24ca9c89e
https://www.lgbtmap.org/,ok,https://explorer.ooni.org/m/20260511080238.802161_KR_webconnectivity_6484bd41849864aa
http://www.lgbtpride.or.kr/,ok,https://explorer.ooni.org/m/20260511080249.028908_KR_webconnectivity_ee75b2d7f0577b04
https://www.lgbtqnation.com/,ok,https://explorer.ooni.org/m/20260511080251.401439_KR_webconnectivity_f72baa94f4301784
https://www.lilithfund.org/,ok,https://explorer.ooni.org/m/20260511080256.003073_KR_webconnectivity_afc70dad288ba3b1
http://www.littlespeck.com/,dns,https://explorer.ooni.org/m/20260511080257.340474_KR_webconnectivity_87db94c4652f34a7
https://www.logmein.com/,http-failure,https://explorer.ooni.org/m/20260511080318.751494_KR_webconnectivity_24b452c270fcabfa
https://www.madre.org/,ok,https://explorer.ooni.org/m/20260511080322.725540_KR_webconnectivity_43b74595a51577a8
http://www.mainichi.co.jp/,ok,https://explorer.ooni.org/m/20260511080324.832661_KR_webconnectivity_a09ae393a4b852b1
https://www.mamacash.org/,ok,https://explorer.ooni.org/m/20260511080329.582734_KR_webconnectivity_3d03beda64a5082b
https://www.martus.org/,ok,https://explorer.ooni.org/m/20260511080331.317245_KR_webconnectivity_ad2e8117ea82d233
https://www.mc-doualiya.com/,ok,https://explorer.ooni.org/m/20260511080334.561150_KR_webconnectivity_2f50bbe392c96c96
http://www.mediareform.co.kr/,ok,https://explorer.ooni.org/m/20260511080339.715721_KR_webconnectivity_b90c41354f62386b
http://www.mediatoday.co.kr/,ok,https://explorer.ooni.org/m/20260511080345.254085_KR_webconnectivity_73d5ad0e1e051dd5
http://www.mediaus.co.kr/,ok,https://explorer.ooni.org/m/20260511080350.503250_KR_webconnectivity_a83bfebde53a1261
https://www.megaproxy.com/,dns,https://explorer.ooni.org/m/20260511080352.193122_KR_webconnectivity_ef15bbfb47192b5f
http://www.mfasia.org/,ok,https://explorer.ooni.org/m/20260511080400.460181_KR_webconnectivity_a8e4f656e914f825
https://www.mideastyouth.com/,ok,https://explorer.ooni.org/m/20260511080402.612021_KR_webconnectivity_ffb45375b5e6024d
http://www.migrant114.org/,ok,https://explorer.ooni.org/m/20260511080412.191847_KR_webconnectivity_177dc2e32d825be7
http://www.migrantsinkorea.net/,ok,https://explorer.ooni.org/m/20260511080412.947357_KR_webconnectivity_c390b7bb7707fdbd
http://www.mizzima.com/,ok,https://explorer.ooni.org/m/20260511080414.575372_KR_webconnectivity_99a27af8e4f8f417
https://www.mombian.com/,ok,https://explorer.ooni.org/m/20260511080416.107174_KR_webconnectivity_4f58d4457a602785
http://www.mongu.net/,ok,https://explorer.ooni.org/m/20260511080419.239570_KR_webconnectivity_7a94166a89ef9c03
https://www.mormon.org/,ok,https://explorer.ooni.org/m/20260511080426.608654_KR_webconnectivity_f4861e42e844ee81
https://www.msichoices.org/,dns,https://explorer.ooni.org/m/20260511080427.423261_KR_webconnectivity_b53fae32a70301e4
https://www.muckrock.com/,ok,https://explorer.ooni.org/m/20260511080430.874349_KR_webconnectivity_34680ed3a463cffb
https://www.musalaha.org/,ok,https://explorer.ooni.org/m/20260511080438.705907_KR_webconnectivity_df6689a3b1863012
http://www.naeil.com/,ok,https://explorer.ooni.org/m/20260511080442.590100_KR_webconnectivity_ad012a957fe04f4a
https://www.namecoin.org/,ok,https://explorer.ooni.org/m/20260511080446.691515_KR_webconnectivity_d22481d49d03384b
http://www.naral.org/,ok,https://explorer.ooni.org/m/20260511080447.494075_KR_webconnectivity_e317fc01eec886ff
https://www.nbc.com/,ok,https://explorer.ooni.org/m/20260511080450.782895_KR_webconnectivity_1e0c8653b742d59f
https://www.nbcnews.com/,ok,https://explorer.ooni.org/m/20260511080454.070083_KR_webconnectivity_732d77e1c349487e
https://www.nbcnewyork.com/,ok,https://explorer.ooni.org/m/20260511080457.035042_KR_webconnectivity_55d64275cca21821
http://www.nclrights.org/,ok,https://explorer.ooni.org/m/20260511080501.031975_KR_webconnectivity_8b9deeb864cc9b59
https://www.ndi.org/,ok,https://explorer.ooni.org/m/20260511080505.892246_KR_webconnectivity_3ed941b5d0b5d90a
https://www.ned.org/,ok,https://explorer.ooni.org/m/20260511080507.585042_KR_webconnectivity_efa0bede364f9c33
http://www.newnownext.com/,ok,https://explorer.ooni.org/m/20260511080514.809219_KR_webconnectivity_09d6d41c3aaa7575
http://www.newnownext.com/franchise/the-backlot/,ok,https://explorer.ooni.org/m/20260511080524.017873_KR_webconnectivity_51606bd1dcad7092
http://www.newscham.net/,ok,https://explorer.ooni.org/m/20260511080527.239727_KR_webconnectivity_e1f7f31cc58226bd
http://www.newsweekasia.com/,ok,https://explorer.ooni.org/m/20260511080544.962841_KR_webconnectivity_cf240ace5598397f
https://www.nifty.org/,dns,https://explorer.ooni.org/m/20260511080546.139331_KR_webconnectivity_4067c5baadf6269d
https://www.njal.la/,ok,https://explorer.ooni.org/m/20260511080551.654139_KR_webconnectivity_501b7d365537cb90
http://www.nkhumanrights.or.kr/,ok,https://explorer.ooni.org/m/20260511080554.172141_KR_webconnectivity_a8c629642b419cc6
http://www.nkzone.org/,tcp_ip,https://explorer.ooni.org/m/20260511080640.320660_KR_webconnectivity_b42d0865474848c4
http://www.nocutnews.co.kr/,ok,https://explorer.ooni.org/m/20260511080645.281115_KR_webconnectivity_0c61c860e7808540
http://www.nodong.org/,ok,https://explorer.ooni.org/m/20260511080650.906127_KR_webconnectivity_b143faee9a4f88f2
http://www.nonghyup.com/,ok,https://explorer.ooni.org/m/20260511080654.826389_KR_webconnectivity_043935d0f5c32e22
https://www.nostraightnews.com/,ok,https://explorer.ooni.org/m/20260511080702.174828_KR_webconnectivity_5ddd7e2059697a41
https://www.npr.org/,ok,https://explorer.ooni.org/m/20260511080704.833396_KR_webconnectivity_272cf0584e37fa70
https://www.ntv.ru/,ok,https://explorer.ooni.org/m/20260511080710.059976_KR_webconnectivity_37dac65cc830bf0c
https://www.nwci.ie/,ok,https://explorer.ooni.org/m/20260511080713.836915_KR_webconnectivity_22caca22d317263f
https://www.nytimes.com/,ok,https://explorer.ooni.org/m/20260511080716.917916_KR_webconnectivity_aeedd28800474341
https://www.oas.org/,ok,https://explorer.ooni.org/m/20260511080720.900358_KR_webconnectivity_9af1432f6f9fdfe5
https://www.occrp.org/,ok,https://explorer.ooni.org/m/20260511080724.106777_KR_webconnectivity_7282d253a6284ce3
https://www.ohchr.org/,ok,https://explorer.ooni.org/m/20260511080725.809727_KR_webconnectivity_ebf7c4e705acee2c
http://www.ohmynews.com/,ok,https://explorer.ooni.org/m/20260511080728.127384_KR_webconnectivity_6ab019e97cb8649d
http://www.omct.org/,ok,https://explorer.ooni.org/m/20260511080733.664627_KR_webconnectivity_bff64a2cfbd2bf40
https://www.omct.org/,ok,https://explorer.ooni.org/m/20260511080739.041370_KR_webconnectivity_dc89dab8050f2d8d
http://www.oneworld.net/,ok,https://explorer.ooni.org/m/20260511080749.632061_KR_webconnectivity_abef9a3f781f0f80
https://www.opendns.com/,ok,https://explorer.ooni.org/m/20260511080753.316885_KR_webconnectivity_f17509e24c6b1d86
https://www.openpgp.org/,ok,https://explorer.ooni.org/m/20260511080755.821751_KR_webconnectivity_c4763aac17945d35
https://www.opensocietyfoundations.org/,ok,https://explorer.ooni.org/m/20260511080758.852695_KR_webconnectivity_c160e378361cb8c3
https://www.opentech.fund/,dns,https://explorer.ooni.org/m/20260511080759.626468_KR_webconnectivity_3f51934a8ae2aacf
https://www.ou.org/,ok,https://explorer.ooni.org/m/20260511080802.415685_KR_webconnectivity_b248077f777dacab
https://www.out.com/,dns,https://explorer.ooni.org/m/20260511080803.328221_KR_webconnectivity_c59be28436b44b62
http://www.pangari.net/,ok,https://explorer.ooni.org/m/20260511080804.057653_KR_webconnectivity_3f97a3615c861f40
http://www.pcusa.org/,ok,https://explorer.ooni.org/m/20260511080806.527903_KR_webconnectivity_bf43fc17e1edf2b3
http://www.peacefire.org/circumventor/simple-circumventor-instructions.html,dns,https://explorer.ooni.org/m/20260511080807.601961_KR_webconnectivity_911230cf5e362c1b
http://www.people.com.cn/,ok,https://explorer.ooni.org/m/20260511080810.885451_KR_webconnectivity_72ae90c502ad70c3
http://www.peoplepower21.org/,ok,https://explorer.ooni.org/m/20260511080816.103212_KR_webconnectivity_5f3fbe0e8283afeb
https://www.phpmyadmin.net/,ok,https://explorer.ooni.org/m/20260511080818.964349_KR_webconnectivity_934738ab8cf1b286
http://www.pikicast.com/,tcp_ip,https://explorer.ooni.org/m/20260511080904.804018_KR_webconnectivity_fe87b4027c7634d0
https://www.pinkcupid.com/,dns,https://explorer.ooni.org/m/20260511080905.971406_KR_webconnectivity_0c9daaaa4ac85cf0
https://www.pinknews.co.uk/,http-failure,https://explorer.ooni.org/m/20260511080907.498579_KR_webconnectivity_41c99145164ca889
https://www.piratenpartei.ch/,ok,https://explorer.ooni.org/m/20260511080911.643750_KR_webconnectivity_d4a868fbfd5d966d
http://www.piratpartiet.se/,ok,https://explorer.ooni.org/m/20260511080915.657720_KR_webconnectivity_8366da3f7c531d19
https://www.plancpills.org/,dns,https://explorer.ooni.org/m/20260511080916.542055_KR_webconnectivity_cc0e48cf3a1c0a7b
https://www.planetromeo.com/,dns,https://explorer.ooni.org/m/20260511080917.404597_KR_webconnectivity_453f7246828b3b06
http://www.poweroftruth.net/,ok,https://explorer.ooni.org/m/20260511080921.535867_KR_webconnectivity_603f51fb0b1021a3
https://www.pravda.ru/,dns,https://explorer.ooni.org/m/20260511080937.216508_KR_webconnectivity_0dafe79c66edba24
http://www.pressian.com/,ok,https://explorer.ooni.org/m/20260511080941.509571_KR_webconnectivity_d32bd7a477c9e51c
https://www.pridemedia.com/,ok,https://explorer.ooni.org/m/20260511080945.198727_KR_webconnectivity_4271ff38d872a869
https://www.privacidade.digital/,ok,https://explorer.ooni.org/m/20260511080947.335377_KR_webconnectivity_46a18736c32014cf
https://www.privacyguides.org/,ok,https://explorer.ooni.org/m/20260511080951.037000_KR_webconnectivity_245896e644b63e34
https://www.privacyinternational.org/,ok,https://explorer.ooni.org/m/20260511080953.841342_KR_webconnectivity_4a58937bffd97555
https://www.privacytools.io/,ok,https://explorer.ooni.org/m/20260511080956.917146_KR_webconnectivity_094a00c8278df490
https://www.privateinternetaccess.com/,dns,https://explorer.ooni.org/m/20260511080958.097941_KR_webconnectivity_ff2eb29c415b8248
http://www.privaterra.org/,ok,https://explorer.ooni.org/m/20260511081001.825967_KR_webconnectivity_8c3d74a0a40a6c5d
https://www.projectveritas.com/,ok,https://explorer.ooni.org/m/20260511081005.573209_KR_webconnectivity_848fe528f8a66040
https://www.propublica.org/,ok,https://explorer.ooni.org/m/20260511081007.543876_KR_webconnectivity_df0115484dff0697
https://www.protectioninternational.org/,ok,https://explorer.ooni.org/m/20260511081014.173348_KR_webconnectivity_5462026ef3afb567
http://www.protest.net/,dns,https://explorer.ooni.org/m/20260511081014.978803_KR_webconnectivity_b883d6c76daaa312
http://www.publiuspundit.com/,ok,https://explorer.ooni.org/m/20260511081016.617343_KR_webconnectivity_f68b6504984d4f73
https://www.purevpn.com/,dns,https://explorer.ooni.org/m/20260511081017.320882_KR_webconnectivity_d5618e539567de73
http://www.qhnews.com/,ok,https://explorer.ooni.org/m/20260511081021.024602_KR_webconnectivity_0766dd4ae38f7c93
http://www.qhtyzx.com/,ok,https://explorer.ooni.org/m/20260511081021.838317_KR_webconnectivity_842c8beb862bfd59
http://www.radicalparty.org/,ok,https://explorer.ooni.org/m/20260511081029.532798_KR_webconnectivity_b74f78b6b7b13bcf
https://www.queerty.com/,dns,https://explorer.ooni.org/m/20260511081022.626917_KR_webconnectivity_8c174cb105df2879
http://www.rainbowfoundation.co.kr/,ok,https://explorer.ooni.org/m/20260511081035.576362_KR_webconnectivity_1e1bc8f4529200c8
https://www.rambler.ru/,ok,https://explorer.ooni.org/m/20260511081040.136130_KR_webconnectivity_b1fe1aff9106e242
https://www.rawa.org/,ok,https://explorer.ooni.org/m/20260511081043.648727_KR_webconnectivity_21e97b69c2c7ff16
http://www.redian.org/,ok,https://explorer.ooni.org/m/20260511081048.265033_KR_webconnectivity_b7540bec32652df0
https://www.redstateaccess.com/,ok,https://explorer.ooni.org/m/20260511081051.217431_KR_webconnectivity_ee42f3086f1e0c08
https://www.refugeesinternational.org/,ok,https://explorer.ooni.org/m/20260511081054.314569_KR_webconnectivity_3a72cec6d256dc23
https://www.reprolegalhelpline.org/,dns,https://explorer.ooni.org/m/20260511081055.100429_KR_webconnectivity_5be8a7b7dd78866d
http://www.repubblica.com/,ok,https://explorer.ooni.org/m/20260511081059.794095_KR_webconnectivity_d5c35c2bbd412dd3
https://www.rescue.org/,ok,https://explorer.ooni.org/m/20260511081101.820726_KR_webconnectivity_90a8a0f3bb40a7be
https://www.reuters.com/,ok,https://explorer.ooni.org/m/20260511081103.927805_KR_webconnectivity_b03335e445fac336
https://www.rfa.org/,ok,https://explorer.ooni.org/m/20260511081107.009812_KR_webconnectivity_d9a051070da53d42
https://www.rferl.org/,ok,https://explorer.ooni.org/m/20260511081111.214102_KR_webconnectivity_0cc417cde2efc11e
https://www.rfi.fr/,ok,https://explorer.ooni.org/m/20260511081113.003216_KR_webconnectivity_a126f3c7a6e04e02
http://www.rights.or.kr/,ok,https://explorer.ooni.org/m/20260511081115.402808_KR_webconnectivity_f5a6adf684d29f26
http://www.righttodie.ca/,ok,https://explorer.ooni.org/m/20260511081118.875551_KR_webconnectivity_e5fc9c9096ddc642
http://www.rsf.org/article.php3?id_article=17361,ok,https://explorer.ooni.org/m/20260511081123.192984_KR_webconnectivity_da5eafd3c99ae42b
https://www.rt.com/,ok,https://explorer.ooni.org/m/20260511081128.415652_KR_webconnectivity_3608303a8e4896dd
https://www.rtarabic.com/,ok,https://explorer.ooni.org/m/20260511081137.119554_KR_webconnectivity_68d114a13213afd0
http://www.samesexmarriage.ca/,dns,https://explorer.ooni.org/m/20260511081138.971719_KR_webconnectivity_72a80f7fa95733c6
http://www.sarangbang.or.kr/,ok,https://explorer.ooni.org/m/20260511081142.946868_KR_webconnectivity_e2f500da350028ac
https://www.savethechildren.net/,ok,https://explorer.ooni.org/m/20260511081146.646854_KR_webconnectivity_5ce353a41d3dcf0f
https://www.sbs.com.au/language/coronavirus?cid=infocus,ok,https://explorer.ooni.org/m/20260511081150.497636_KR_webconnectivity_ba81e40702ce9468
http://www.scmp.com/,ok,https://explorer.ooni.org/m/20260511081153.397604_KR_webconnectivity_d3fa886dbc9b858f
https://www.scmp.com/,ok,https://explorer.ooni.org/m/20260511081155.665203_KR_webconnectivity_9fd9679e1ce05b56
http://www.seapa.org/,tcp_ip,https://explorer.ooni.org/m/20260511081157.268241_KR_webconnectivity_41faac0486ea17f8
http://www.seapabkk.org/,dns,https://explorer.ooni.org/m/20260511081159.562436_KR_webconnectivity_b1a6ab110e2ed4b5
https://www.secfirst.org/,tcp_ip,https://explorer.ooni.org/m/20260511081231.013887_KR_webconnectivity_62a8a9489d9bbd94
https://www.securityinabox.org/,ok,https://explorer.ooni.org/m/20260511081233.666337_KR_webconnectivity_59e3165c7734cb52
https://www.shoe.org/,dns,https://explorer.ooni.org/m/20260511081234.771969_KR_webconnectivity_e18812395142618e
http://www.sisainlive.com/,ok,https://explorer.ooni.org/m/20260511081235.697258_KR_webconnectivity_9b4dd81ff97b9d3c
http://www.sisters.or.kr/,ok,https://explorer.ooni.org/m/20260511081244.395912_KR_webconnectivity_89f0715fd875241d
http://www.snumaum.org/,ok,https://explorer.ooni.org/m/20260511081245.759142_KR_webconnectivity_f7717a90865165ed
http://www.sp.or.kr/,dns,https://explorer.ooni.org/m/20260511081247.283401_KR_webconnectivity_494f2a1b40e95f4b
https://www.spiegel.de/,ok,https://explorer.ooni.org/m/20260511081258.428451_KR_webconnectivity_698741902cc0822e
https://www.starlink.com/,ok,https://explorer.ooni.org/m/20260511081300.564927_KR_webconnectivity_1da6e461fc20d64b
http://www.state.gov/g/drl/rls/hrrpt/2004/41647.htm,ok,https://explorer.ooni.org/m/20260511081305.133180_KR_webconnectivity_0142fef66bb83eb9
https://www.stonewall.org.uk/,ok,https://explorer.ooni.org/m/20260511081311.936305_KR_webconnectivity_5004a279979ad781
http://www.stopstreetharassment.org/,ok,https://explorer.ooni.org/m/20260511081317.497662_KR_webconnectivity_5379bfbc4ba8d3ca
https://www.surfeasy.com/,dns,https://explorer.ooni.org/m/20260511081318.320075_KR_webconnectivity_e65c3b25ec0959cb
http://www.taipeitimes.com/,ok,https://explorer.ooni.org/m/20260511081322.175881_KR_webconnectivity_ba1821f2759480fc
https://www.teafund.org/,dns,https://explorer.ooni.org/m/20260511081323.140114_KR_webconnectivity_d9e1134aa5cc873a
https://www.techlore.tech/,ok,https://explorer.ooni.org/m/20260511081327.092812_KR_webconnectivity_23d0ad69234ff80a
https://www.telegraph.co.uk/,ok,https://explorer.ooni.org/m/20260511081328.915663_KR_webconnectivity_fcacb9a51b5c1649
https://www.terredeshommes.nl/,ok,https://explorer.ooni.org/m/20260511081333.703704_KR_webconnectivity_d00a1624cc77708c
https://www.theatlantic.com/,dns,https://explorer.ooni.org/m/20260511081334.467564_KR_webconnectivity_f8947d942aa9fe03
http://www.theepochtimes.com/,ok,https://explorer.ooni.org/m/20260511081337.085014_KR_webconnectivity_4c555a5823f3944c
https://www.theguardian.com/,ok,https://explorer.ooni.org/m/20260511081340.458769_KR_webconnectivity_d6ddb282f09f4cd5
http://www.theregister.co.uk/,dns,https://explorer.ooni.org/m/20260511081341.271552_KR_webconnectivity_78dd80db9cf22b95
https://www.thetrevorproject.org/,ok,https://explorer.ooni.org/m/20260511081346.301914_KR_webconnectivity_bc9d88764e337bb3
http://www.tongilnews.com/,ok,https://explorer.ooni.org/m/20260511081350.912600_KR_webconnectivity_7842e53c32bd2cc8
https://www.torproject.org/,dns,https://explorer.ooni.org/m/20260511081353.055792_KR_webconnectivity_2abf287bd8b3e0e2
http://www.towleroad.com/,dns,https://explorer.ooni.org/m/20260511081354.744854_KR_webconnectivity_05b3621e1652c835
https://www.transgendermap.com/,ok,https://explorer.ooni.org/m/20260511081358.578559_KR_webconnectivity_4fa6f2a2776053e1
https://www.transparency.org/,ok,https://explorer.ooni.org/m/20260511081401.035851_KR_webconnectivity_bdccb846b619a03a
https://www.tunnelbear.com/,dns,https://explorer.ooni.org/m/20260511081401.896575_KR_webconnectivity_b452ecde60004995
https://www.tvc.ru/,ok,https://explorer.ooni.org/m/20260511081405.178796_KR_webconnectivity_b29a65cf5b0027af
http://www.u4.no/,ok,https://explorer.ooni.org/m/20260511081408.569777_KR_webconnectivity_23933f38f83ee585
http://www.ultimate-anonymity.com/,dns,https://explorer.ooni.org/m/20260511081409.387020_KR_webconnectivity_d327d52d86da4363
https://www.unfe.org/,ok,https://explorer.ooni.org/m/20260511081410.513890_KR_webconnectivity_3f392a185d264ee6
https://www.unfpa.org/,ok,https://explorer.ooni.org/m/20260511081413.175137_KR_webconnectivity_0a65f1cb1612f007
https://www.unhcr.org/,ok,https://explorer.ooni.org/m/20260511081414.183360_KR_webconnectivity_904c4e169c2c025d
https://www.unicef.org/,ok,https://explorer.ooni.org/m/20260511081415.201322_KR_webconnectivity_dad1928cd7ca8b5d
https://www.upi.com/Top_News/World-News/2019/07/11/Amnesty-International-LGBT-soldiers-face-abuse-in-South-Korea-military/1461562819145/,ok,https://explorer.ooni.org/m/20260511081419.474354_KR_webconnectivity_1771fe87a134c55b
https://www.uproxy.org/,dns,https://explorer.ooni.org/m/20260511081420.611008_KR_webconnectivity_ae02629ae479bb8c
http://www.upschool.net/xe/,ok,https://explorer.ooni.org/m/20260511081422.481374_KR_webconnectivity_44b7dfa7681e8d21
https://www.urduvoa.com/,ok,https://explorer.ooni.org/m/20260511081427.201193_KR_webconnectivity_86cc3e260e8b6625
https://www.usatoday.com/,ok,https://explorer.ooni.org/m/20260511081430.278900_KR_webconnectivity_5ef3f02556cf6dd6
http://www.utopia-asia.com/,dns,https://explorer.ooni.org/m/20260511081432.379869_KR_webconnectivity_b6166d68ee30b15f
https://www.vesti.ru/,ok,https://explorer.ooni.org/m/20260511081433.696196_KR_webconnectivity_6efa8050012d5004
https://www.vice.com/,ok,https://explorer.ooni.org/m/20260511081436.725648_KR_webconnectivity_250613d4b88edab3
https://www.voanews.com/,ok,https://explorer.ooni.org/m/20260511081439.746064_KR_webconnectivity_09e97e368808951e
http://www.vop.co.kr/,error,https://explorer.ooni.org/m/20260511081441.464593_KR_webconnectivity_27aa8b2501a480a9
https://www.vpngate.net/,dns,https://explorer.ooni.org/m/20260511081445.295205_KR_webconnectivity_049e7cbaf7ed3be9
https://www.vpnunlimited.com/,dns,https://explorer.ooni.org/m/20260511081446.583853_KR_webconnectivity_bb5c913f4322f44d
https://www.warchild.net/,ok,https://explorer.ooni.org/m/20260511081451.720393_KR_webconnectivity_0ee8d8f488f51472
https://www.washingtonpost.com/,dns,https://explorer.ooni.org/m/20260511081452.550461_KR_webconnectivity_adb6e4c74bb1a1ac
https://www.washingtontimes.com/,ok,https://explorer.ooni.org/m/20260511081455.187047_KR_webconnectivity_243fe9a7f1ea6109
http://www.well.com/,ok,https://explorer.ooni.org/m/20260511081459.254969_KR_webconnectivity_b05bd61a6c2344f8
http://www.well.com/user/queerjhd/,ok,https://explorer.ooni.org/m/20260511081502.559981_KR_webconnectivity_527f07dae0adc0a5
http://www.wftucentral.org/,ok,https://explorer.ooni.org/m/20260511081507.085606_KR_webconnectivity_34f18e768414ad6f
https://www.wiesenthal.com/,ok,https://explorer.ooni.org/m/20260511081511.756765_KR_webconnectivity_f52e5f46c3795e68
https://www.wilpf.org/,ok,https://explorer.ooni.org/m/20260511081518.305491_KR_webconnectivity_2c64946b0738cc92
http://www.withoutwar.org/,ok,https://explorer.ooni.org/m/20260511081525.827361_KR_webconnectivity_431286f705b5b98a
https://www.witness.org/,ok,https://explorer.ooni.org/m/20260511081532.334885_KR_webconnectivity_2d1b23543ddc46b3
http://www.wluml.org/,ok,https://explorer.ooni.org/m/20260511081541.801337_KR_webconnectivity_cf83820af3e7fc73
http://www.wnd.com/,ok,https://explorer.ooni.org/m/20260511081544.620377_KR_webconnectivity_63d36b4fcbefe6b9
https://www.womankind.org.uk/,ok,https://explorer.ooni.org/m/20260511081546.468842_KR_webconnectivity_d3fc340d62e20530
http://www.women21.or.kr/,ok,https://explorer.ooni.org/m/20260511081549.316639_KR_webconnectivity_583cc4e8d314213b
https://www.womenforafghanwomen.org/,ok,https://explorer.ooni.org/m/20260511081554.171036_KR_webconnectivity_18ded33a4612f205
http://www.womenforpeaceandjustice.org/,ok,https://explorer.ooni.org/m/20260511081600.840685_KR_webconnectivity_55e622787bd7f8d3
https://www.womenforwomen.org/,ok,https://explorer.ooni.org/m/20260511081603.772516_KR_webconnectivity_5db66b114dd6a5cf
http://www.womenlink.or.kr/,ok,https://explorer.ooni.org/m/20260511081609.507156_KR_webconnectivity_f79a9632505b23d2
http://www.womennews.co.kr/,ok,https://explorer.ooni.org/m/20260511081614.730667_KR_webconnectivity_cae65a04b00161da
https://www.womenonwaves.org/,dns,https://explorer.ooni.org/m/20260511081615.562549_KR_webconnectivity_2d1c25155d4da394
https://www.womenonweb.org/,dns,https://explorer.ooni.org/m/20260511081616.565273_KR_webconnectivity_dac5be908ab9da25
https://www.womenpeacemakersprogram.org/,ok,https://explorer.ooni.org/m/20260511081622.512499_KR_webconnectivity_10911b7d7c0dc0da
http://www.womensmediacenter.com/,ok,https://explorer.ooni.org/m/20260511081627.313571_KR_webconnectivity_b7cd711e72d81ada
http://www.womenvoters.or.kr/,ok,https://explorer.ooni.org/m/20260511081633.761981_KR_webconnectivity_59314af6d833b0e1
http://www.worldcoalition.org/,ok,https://explorer.ooni.org/m/20260511081639.300458_KR_webconnectivity_65259409fc8f8411
https://www.wsj.com/,ok,https://explorer.ooni.org/m/20260511081641.133226_KR_webconnectivity_0a0fc2b166229240
http://www.xinhuanet.com/,ok,https://explorer.ooni.org/m/20260511081646.662608_KR_webconnectivity_a9dadb15c1cb662e
https://www.yellowhammerfund.org/,ok,https://explorer.ooni.org/m/20260511081649.693264_KR_webconnectivity_a0ce9cd413b59931
http://www.yonhapnews.co.kr/,ok,https://explorer.ooni.org/m/20260511081655.998200_KR_webconnectivity_9c623f115d437b6a
http://www.zdnetasia.com/,ok,https://explorer.ooni.org/m/20260511081703.875536_KR_webconnectivity_9d7f9ddaf66458e5
"http://www.zdnetasia.com/downloads/pc/swinfo/0,39043052,39222404s,00.htm",ok,https://explorer.ooni.org/m/20260511081708.180471_KR_webconnectivity_d068e9c6f4775434
http://www.zeit.de/,ok,https://explorer.ooni.org/m/20260511081712.580391_KR_webconnectivity_9bee9cbd46f25e0d
http://xxx.lanl.gov/,dns,https://explorer.ooni.org/m/20260511081728.461801_KR_webconnectivity_c00d25f3ae639006
https://yggdrasil-network.github.io/,dns,https://explorer.ooni.org/m/20260511081729.193630_KR_webconnectivity_af336f113c640b59
http://yolsa.org/,ok,https://explorer.ooni.org/m/20260511081732.075255_KR_webconnectivity_88aabf7419e23e9f
http://ytimes.org/,ok,https://explorer.ooni.org/m/20260511081736.478027_KR_webconnectivity_1390841d8aea6ecf
https://zenvpn.net/,dns,https://explorer.ooni.org/m/20260511081737.280238_KR_webconnectivity_6d19f367e6ce313e
https://a.slack-edge.com/f70ec/img/test_cdn_pixel.gif,ok,https://explorer.ooni.org/m/20260511081738.987284_KR_webconnectivity_ec234fba070a4913
https://about.riot.im/,ok,https://explorer.ooni.org/m/20260511081744.073019_KR_webconnectivity_5cd974b330dcb9fa
http://abpr2.railfan.net/,error,https://explorer.ooni.org/m/20260511081807.770375_KR_webconnectivity_97d4829365a14ce2
https://account.proton.me/,ok,https://explorer.ooni.org/m/20260511081810.837686_KR_webconnectivity_629450b4324e641f
https://app.developer.here.com/coronavirus/,ok,https://explorer.ooni.org/m/20260511081813.548466_KR_webconnectivity_b33edb3e9fc1e894
https://app.element.io/,ok,https://explorer.ooni.org/m/20260511081814.927334_KR_webconnectivity_3beeef5bbc2d3cf9
https://app.simplelogin.io/,ok,https://explorer.ooni.org/m/20260511081818.204810_KR_webconnectivity_249707bd205e9a4a
https://app.slack.com/robots.txt,ok,https://explorer.ooni.org/m/20260511081820.747781_KR_webconnectivity_bafa7c0a567a8eac
https://app.wire.com/,ok,https://explorer.ooni.org/m/20260511081824.054494_KR_webconnectivity_606a51d0d3debcd5
https://archive.ph/,dns,https://explorer.ooni.org/m/20260511081826.026442_KR_webconnectivity_132a8117ee308323
https://avatars.mds.yandex.net/robots.txt,dns,https://explorer.ooni.org/m/20260511081826.877122_KR_webconnectivity_b3c3db07088a7455
http://baykoreans.net/,dns,https://explorer.ooni.org/m/20260511081827.798427_KR_webconnectivity_d2881ee9aca061fa
https://bcc.chat/,ok,https://explorer.ooni.org/m/20260511081830.020023_KR_webconnectivity_2bb71875ce63023b
http://bizLGU.com/,error,https://explorer.ooni.org/m/20260511081831.836376_KR_webconnectivity_5ccb18d63f3f5b01
http://bizmessage.kakao.com/,ok,https://explorer.ooni.org/m/20260511081836.946750_KR_webconnectivity_b6201125ff2f7350
https://briarproject.org/,ok,https://explorer.ooni.org/m/20260511081839.766256_KR_webconnectivity_47abebc4834bf072
http://bric.postech.ac.kr/,ok,https://explorer.ooni.org/m/20260511081859.335088_KR_webconnectivity_46b533acf6cc0ad1
http://cafe.daum.net/ahyoomee,ok,https://explorer.ooni.org/m/20260511081902.580633_KR_webconnectivity_17385ae4a25b1e98
http://cafe.naver.com/gjhlk,ok,https://explorer.ooni.org/m/20260511081905.522871_KR_webconnectivity_457b2cf93101ef5a
http://caramasia.gn.apc.org/,tcp_ip,https://explorer.ooni.org/m/20260511081952.266331_KR_webconnectivity_80cd970c8490c2de
https://cc.bingj.com/cache.aspx?q=nothing,dns,https://explorer.ooni.org/m/20260511081952.988806_KR_webconnectivity_7cca6fb8e066d5c6
https://censored.tv/,ok,https://explorer.ooni.org/m/20260511081957.684628_KR_webconnectivity_7e8d91afd2a6ec7e
http://chakantv.co.kr/,ok,https://explorer.ooni.org/m/20260511081958.963049_KR_webconnectivity_6000cef0577a0524
https://chat-gpt.org/,ok,https://explorer.ooni.org/m/20260511082003.902386_KR_webconnectivity_06ddd623bcb27871
https://chatgpt.com/,ok,https://explorer.ooni.org/m/20260511082004.799597_KR_webconnectivity_2c6700f86fe63398
https://chika.aangat.lahat.computer/,dns,https://explorer.ooni.org/m/20260511082006.037761_KR_webconnectivity_d8fdbbcb38b2ba63
https://cid.contact/,ok,https://explorer.ooni.org/m/20260511082009.539236_KR_webconnectivity_18a56df0dac28d08
https://cinemata.org/,ok,https://explorer.ooni.org/m/20260511082011.975618_KR_webconnectivity_aa28a443a6fc13d5
https://circumcision.org/,ok,https://explorer.ooni.org/m/20260511082015.561478_KR_webconnectivity_a15e39da5fae558a
https://claude.ai/,ok,https://explorer.ooni.org/m/20260511082016.690047_KR_webconnectivity_6017bbd86955c4c0
https://cocaine.org/,dns,https://explorer.ooni.org/m/20260511082017.492315_KR_webconnectivity_7f17bfc229dbce5c
https://coronavirus.app/,dns,https://explorer.ooni.org/m/20260511082018.416481_KR_webconnectivity_c92e8fb232819bef
https://coronavirus.jhu.edu/map.html,ok,https://explorer.ooni.org/m/20260511082021.381398_KR_webconnectivity_71cbb95e1c29e90d
https://covidtracking.com/,ok,https://explorer.ooni.org/m/20260511082024.431935_KR_webconnectivity_0576fc02f89ea10b
https://cwtch.im/,ok,https://explorer.ooni.org/m/20260511082028.567183_KR_webconnectivity_594dfaff1638874e
http://cyworld.nate.com/club/clubsection/clubSection4_main.asp,ok,https://explorer.ooni.org/m/20260511082029.993876_KR_webconnectivity_90d2b73e28cad342
https://deepseek.ai/,dns,https://explorer.ooni.org/m/20260511082030.741891_KR_webconnectivity_5e56d4b8760d7459
https://delta.chat/,ok,https://explorer.ooni.org/m/20260511082033.413526_KR_webconnectivity_bd8bbc466d02efd6
https://disqus.com/,ok,https://explorer.ooni.org/m/20260511082035.168712_KR_webconnectivity_c01b8ac4d294bf73
https://dit.whatsapp.net/robots.txt,ok,https://explorer.ooni.org/m/20260511082036.846014_KR_webconnectivity_9683041e252778ce
https://dl.acm.org/,ok,https://explorer.ooni.org/m/20260511082038.078914_KR_webconnectivity_43af54bd8e0a753c
http://dongyoungsang.com/,dns,https://explorer.ooni.org/m/20260511082039.056845_KR_webconnectivity_67a9a50423239dbf
https://duckduckgo.com/,http-failure,https://explorer.ooni.org/m/20260511082100.276318_KR_webconnectivity_63656ede6adfdf58
https://dweb.link/,dns,https://explorer.ooni.org/m/20260511082101.168251_KR_webconnectivity_7dc6f93a3c233c79
https://element.io/,ok,https://explorer.ooni.org/m/20260511082104.830652_KR_webconnectivity_6fdf25fa3ea51796
https://encrypted-tbn0.gstatic.com/robots.txt,ok,https://explorer.ooni.org/m/20260511082106.693390_KR_webconnectivity_d6d13d2f96f1dc3e
https://espiv.net/,ok,https://explorer.ooni.org/m/20260511082111.727801_KR_webconnectivity_39c60e057ba7ec6f
https://evernote.com/,ok,https://explorer.ooni.org/m/20260511082117.578562_KR_webconnectivity_5131bed3980569bb
https://experience.arcgis.com/experience/685d0ace521648f8a5beeeee1b9125cd,ok,https://explorer.ooni.org/m/20260511082119.401601_KR_webconnectivity_4cd144767beb050f
https://external-content.duckduckgo.com/robots.txt,http-failure,https://explorer.ooni.org/m/20260511082140.956873_KR_webconnectivity_3da29641f9ec3032
http://gall.dcinside.com/board/lists/?id=disease,ok,https://explorer.ooni.org/m/20260511082145.692022_KR_webconnectivity_5170c33c0a96be92
https://gemini.google.com/,ok,https://explorer.ooni.org/m/20260511082149.845023_KR_webconnectivity_cb536278c0a8a49a
https://getsession.org/,ok,https://explorer.ooni.org/m/20260511082153.260497_KR_webconnectivity_5f30d3e0a6fca005
https://gisanddata.maps.arcgis.com/apps/dashboards/bda7594740fd40299423467b48e9ecf6,ok,https://explorer.ooni.org/m/20260511082155.984349_KR_webconnectivity_d3491ec2f544e333
http://giveu.net/,ok,https://explorer.ooni.org/m/20260511082201.682489_KR_webconnectivity_97d67831944e9d13
https://go-text.me/,ok,https://explorer.ooni.org/m/20260511082205.227622_KR_webconnectivity_28a622637b67b875
http://h50030.www5.hp.com/,ok,https://explorer.ooni.org/m/20260511082206.092133_KR_webconnectivity_d80d57553e4bc38b
https://hgis.uw.edu/virus/,ok,https://explorer.ooni.org/m/20260511082209.334760_KR_webconnectivity_bc7ef32bce626a5a
https://icao.maps.arcgis.com/apps/opsdashboard/index.html#/977dde48256b489fb48fa98e724721e8,ok,https://explorer.ooni.org/m/20260511082213.010557_KR_webconnectivity_59690bfbfb7768c2
https://icao.maps.arcgis.com/apps/webappviewer3d/index.html?id=d9d3f8fa9a23425c8f0889baab626186,ok,https://explorer.ooni.org/m/20260511082215.928040_KR_webconnectivity_af04aefecdb6d29b
https://icq.com/,ok,https://explorer.ooni.org/m/20260511082221.565692_KR_webconnectivity_5b3f669a89166507
https://ifacetimeapp.com/,ok,https://explorer.ooni.org/m/20260511082226.029718_KR_webconnectivity_5f4ae78ab49ec9e2
https://im0-tub-com.yandex.net/i?id=462f375c96139f1e41d919b44be2d780&n=13&exp=1,dns,https://explorer.ooni.org/m/20260511082241.751965_KR_webconnectivity_68edc2f4a5df7dee
http://imagebingo.naver.com/,ok,https://explorer.ooni.org/m/20260511082242.566483_KR_webconnectivity_94ed08f7d13bc854
https://imageshack.com/,ok,https://explorer.ooni.org/m/20260511082245.728300_KR_webconnectivity_1df26bde467a965f
https://imgur.com/,dns,https://explorer.ooni.org/m/20260511082246.597922_KR_webconnectivity_afc813ba3904cc9e
http://imo.im/,ok,https://explorer.ooni.org/m/20260511082248.998521_KR_webconnectivity_089a265b34c9018b
https://imp.free.fr/,ok,https://explorer.ooni.org/m/20260511082254.188330_KR_webconnectivity_4e971276fbda79e3
http://internetphone114.com/,ok,https://explorer.ooni.org/m/20260511082254.938379_KR_webconnectivity_5f63630e2b9619e3
https://ipfs.io/,dns,https://explorer.ooni.org/m/20260511082256.115198_KR_webconnectivity_6fff79abfbc5c0a4
https://jami.net/,ok,https://explorer.ooni.org/m/20260511082300.184021_KR_webconnectivity_5cfbb1dfbda26b00
https://journals.lww.com/,ok,https://explorer.ooni.org/m/20260511082301.139912_KR_webconnectivity_28b75cfb28216c25
https://kick.com/,dns,https://explorer.ooni.org/m/20260511082301.910376_KR_webconnectivity_c395a5df582e4e7a
https://kidshealth.org/,ok,https://explorer.ooni.org/m/20260511082305.447511_KR_webconnectivity_b069320cc671653f
http://kr.yahoo.com/,ok,https://explorer.ooni.org/m/20260511082309.860699_KR_webconnectivity_7a7d915a99e784fb
https://lbry.com/,ok,https://explorer.ooni.org/m/20260511082312.609930_KR_webconnectivity_751d7acc86a2daa9
https://lbry.org/,ok,https://explorer.ooni.org/m/20260511082314.663103_KR_webconnectivity_50eeef5c37500b77
https://lens.google.com/uploadbyurl?url=https%3A%2F%2Fwww.google.com%2Fimages%2Fbranding%2Fgooglelogo%2F1x%2Fgooglelogo_color_150x54dp.png&hl=en-US&ep=gisb,ok,https://explorer.ooni.org/m/20260511082318.457743_KR_webconnectivity_1d1a47cc382ca388
http://lifeline.or.kr/,error,https://explorer.ooni.org/m/20260511082324.186107_KR_webconnectivity_55d733e485614fd3
https://line.me/,ok,https://explorer.ooni.org/m/20260511082326.282235_KR_webconnectivity_1f646e12008d5405
https://livestream.com/,ok,https://explorer.ooni.org/m/20260511082328.445024_KR_webconnectivity_aff3c043c742c8c4
https://login.live.com/,ok,https://explorer.ooni.org/m/20260511082331.252645_KR_webconnectivity_a3afc8793e3c200f
http://mail.daum.net/,ok,https://explorer.ooni.org/m/20260511082337.189820_KR_webconnectivity_b919a52e57602e5f
https://mail.google.com/,ok,https://explorer.ooni.org/m/20260511082342.187795_KR_webconnectivity_439a72121a53a80f
http://mail.naver.com/,ok,https://explorer.ooni.org/m/20260511082349.678183_KR_webconnectivity_f596cfab10e4b129
https://mail.proton.me/,ok,https://explorer.ooni.org/m/20260511082352.492468_KR_webconnectivity_029eeac5fc84af1b
https://mail.ru/,ok,https://explorer.ooni.org/m/20260511082358.590915_KR_webconnectivity_1dc253b4cd744ceb
https://mail.yahoo.com/,ok,https://explorer.ooni.org/m/20260511082401.468530_KR_webconnectivity_a9392b75f1cf6637
https://mail.yandex.ru/,dns,https://explorer.ooni.org/m/20260511082402.862659_KR_webconnectivity_ba8fd912a60bd24f
https://matrix-client.matrix.org/_matrix/client/versions,ok,https://explorer.ooni.org/m/20260511082404.218848_KR_webconnectivity_01ff4427eb14dbd9
https://matrix.org/,ok,https://explorer.ooni.org/m/20260511082406.066175_KR_webconnectivity_4dc5a50dbc6d598d
https://matrix.to/,ok,https://explorer.ooni.org/m/20260511082407.603570_KR_webconnectivity_3463800640fb8f15
https://mattermost.com/,ok,https://explorer.ooni.org/m/20260511082410.083638_KR_webconnectivity_6072cd440ccdcc9c
https://media-arn2-1.cdn.whatsapp.net/robots.txt,ok,https://explorer.ooni.org/m/20260511082412.750126_KR_webconnectivity_17e675e4b7a094c6
https://media.fevn1-1.fna.whatsapp.net/robots.txt,ok,https://explorer.ooni.org/m/20260511082415.286879_KR_webconnectivity_c8adb63cdbfd475e
https://meet.jit.si/,ok,https://explorer.ooni.org/m/20260511082417.023379_KR_webconnectivity_7757b36129d3861f
https://messages.google.com/,ok,https://explorer.ooni.org/m/20260511082419.186890_KR_webconnectivity_0608a656ecdc013b
https://mmg.whatsapp.net/robots.txt,ok,https://explorer.ooni.org/m/20260511082421.259917_KR_webconnectivity_1fa7d3e5ab303800
https://mobile.element.io/,ok,https://explorer.ooni.org/m/20260511082422.957658_KR_webconnectivity_f1a0a9bb702a3e83
https://msh.org/,ok,https://explorer.ooni.org/m/20260511082426.124191_KR_webconnectivity_05994d6d406ec96c
https://mytrans.com.tw/,ok,https://explorer.ooni.org/m/20260511082428.571333_KR_webconnectivity_0440c55ac34111a5
https://nextstrain.org/ncov,ok,https://explorer.ooni.org/m/20260511082431.766095_KR_webconnectivity_d6940d09072a26e6
https://nostr.com/,ok,https://explorer.ooni.org/m/20260511082433.870435_KR_webconnectivity_f31ce18be1be3296
https://obsproject.com/,ok,https://explorer.ooni.org/m/20260511082436.991814_KR_webconnectivity_295306d0336e87df
https://odysee.com/,ok,https://explorer.ooni.org/m/20260511082438.835330_KR_webconnectivity_9bffba38a255f18b
http://onairkorean.tv/,dns,https://explorer.ooni.org/m/20260511082440.226345_KR_webconnectivity_5f07eaa605e7eebf
https://openai.com/,ok,https://explorer.ooni.org/m/20260511082441.392181_KR_webconnectivity_c62847c82314c3ab
https://openobservatory.slack.com/,ok,https://explorer.ooni.org/m/20260511082444.370660_KR_webconnectivity_4a60c7e9bfa56c2b
https://opera.com/,ok,https://explorer.ooni.org/m/20260511082449.856978_KR_webconnectivity_bdfaa550d1cfb6f6
https://outlook.live.com/,ok,https://explorer.ooni.org/m/20260511082452.301065_KR_webconnectivity_0f9c890adbb43749
https://photos.google.com/,ok,https://explorer.ooni.org/m/20260511082456.152149_KR_webconnectivity_b8ed3e3612335a00
https://pinboard.in/,ok,https://explorer.ooni.org/m/20260511082458.163558_KR_webconnectivity_1cf8552482613166
https://posteo.de/,ok,https://explorer.ooni.org/m/20260511082502.907805_KR_webconnectivity_43c5d52c2459873a
https://postimage.io/,http-failure,https://explorer.ooni.org/m/20260511082505.249384_KR_webconnectivity_cb33d4827bbff45c
https://pps.whatsapp.net/robots.txt,ok,https://explorer.ooni.org/m/20260511082507.033046_KR_webconnectivity_1fdb0578fad6e341
https://presearch.com/,ok,https://explorer.ooni.org/m/20260511082508.574359_KR_webconnectivity_0adc5f851815076b
https://presearch.org/,ok,https://explorer.ooni.org/m/20260511082511.190554_KR_webconnectivity_ee191b05aceeab72
https://rumble.com/,ok,https://explorer.ooni.org/m/20260511082516.020782_KR_webconnectivity_f88d9f6432ae8e39
http://sakhr.com/,ok,https://explorer.ooni.org/m/20260511082517.468352_KR_webconnectivity_f73d301667acf5ba
https://search.aol.com/,ok,https://explorer.ooni.org/m/20260511082521.254184_KR_webconnectivity_bfdff78235610ba0
https://search.brave.com/,ok,https://explorer.ooni.org/m/20260511082524.261583_KR_webconnectivity_3e167ec05897634c
https://secure.hi5.com/,ok,https://explorer.ooni.org/m/20260511082528.869116_KR_webconnectivity_107b82301b0c190c
https://simplex.chat/,ok,https://explorer.ooni.org/m/20260511082531.170671_KR_webconnectivity_dd81edcd3d11fa57
https://slack-imgs.com/,ok,https://explorer.ooni.org/m/20260511082533.154206_KR_webconnectivity_7e3d0bc6d3ccf952
https://slack.com/,ok,https://explorer.ooni.org/m/20260511082536.554326_KR_webconnectivity_7270eb9011e9b7ae
https://spideroak.com/,ok,https://explorer.ooni.org/m/20260511082542.549220_KR_webconnectivity_fb74278451006c8a
https://st1.zoom.us/zoom.ico,ok,https://explorer.ooni.org/m/20260511082543.673522_KR_webconnectivity_de177dc67d7b7727
https://startpage.com/,http-failure,https://explorer.ooni.org/m/20260511082547.128590_KR_webconnectivity_4d3db2c19d6e261c
https://status.im/,ok,https://explorer.ooni.org/m/20260511082550.693048_KR_webconnectivity_25b135ce5c530214
https://storymaps.arcgis.com/,ok,https://explorer.ooni.org/m/20260511082554.980646_KR_webconnectivity_aa8cf49a56d0247f
https://support.delta.chat/,ok,https://explorer.ooni.org/m/20260511082601.306245_KR_webconnectivity_5582dd90d9e0daa7
https://support.therapytribe.com/hivaids-support-group/,ok,https://explorer.ooni.org/m/20260511082605.477239_KR_webconnectivity_17d2a9b10008773e
https://t.me/,dns,https://explorer.ooni.org/m/20260511082606.309358_KR_webconnectivity_e2d21dc8fcef2ff4
https://tamtam.chat/,ok,https://explorer.ooni.org/m/20260511082609.559224_KR_webconnectivity_b9f2410d0788ea1c
http://tcafek.com/,confirmed,https://explorer.ooni.org/m/20260511082626.199699_KR_webconnectivity_390f28e97dc8572e
https://teams.microsoft.com/,ok,https://explorer.ooni.org/m/20260511082628.823765_KR_webconnectivity_9d23f7763c3d7c0d
https://telegram.me/,dns,https://explorer.ooni.org/m/20260511082629.668654_KR_webconnectivity_8ef87820e01e622c
https://test-ipv6.com/,ok,https://explorer.ooni.org/m/20260511082633.420337_KR_webconnectivity_5bdfea5a6f8a805b
https://th.bing.com/th/id/OIP.YnpdokcN_OQYn3n41AlqZAHaEe?w=250&h=180&c=7&o=5&pid=1.7,ok,https://explorer.ooni.org/m/20260511082635.575865_KR_webconnectivity_729d7834e7f70cb1
https://translate.google.com/,ok,https://explorer.ooni.org/m/20260511082639.271750_KR_webconnectivity_c1b8839dce801ec0
https://translation2.paralink.com/,ok,https://explorer.ooni.org/m/20260511082642.583729_KR_webconnectivity_259c354473710174
https://transparencyreport.google.com/,ok,https://explorer.ooni.org/m/20260511082646.013590_KR_webconnectivity_4d826690edb8f4ce
https://trello.com/,ok,https://explorer.ooni.org/m/20260511082649.513741_KR_webconnectivity_36ed1da0ae6c2e8c
https://tse1.explicit.bing.net/robots.txt,dns,https://explorer.ooni.org/m/20260511082651.697764_KR_webconnectivity_60ba66450a54cb15
https://tuta.com/,ok,https://explorer.ooni.org/m/20260511082657.343632_KR_webconnectivity_0d950cc34b8bcb61
http://tvcast.naver.com/,ok,https://explorer.ooni.org/m/20260511082702.261730_KR_webconnectivity_511a5378045f6e3d
http://tvpot.daum.net/,dns,https://explorer.ooni.org/m/20260511082703.529623_KR_webconnectivity_3120bac91040652d
http://tvpot.media.daum.net/,ok,https://explorer.ooni.org/m/20260511082704.865661_KR_webconnectivity_06b8e07ce6e69236
https://tvzil.com/,dns,https://explorer.ooni.org/m/20260511082706.418884_KR_webconnectivity_7a78ce229719cfc3
https://tx.me/,ok,https://explorer.ooni.org/m/20260511082709.703139_KR_webconnectivity_f8142cad9f5ba1a2
https://vector.im/_matrix/identity/api/v1,ok,https://explorer.ooni.org/m/20260511082711.507901_KR_webconnectivity_c0c029a364ae9cf4
https://video-preview.s3.yandex.net/robots.txt,dns,https://explorer.ooni.org/m/20260511082712.327950_KR_webconnectivity_9710b3819a5a72a0
https://web.wechat.com/,ok,https://explorer.ooni.org/m/20260511082714.694796_KR_webconnectivity_b02fca5e84b8a7b2
https://webcache.googleusercontent.com/robots.txt,ok,https://explorer.ooni.org/m/20260511082716.875822_KR_webconnectivity_7b95da57ce7e1dde
https://wire.com/,ok,https://explorer.ooni.org/m/20260511082719.460870_KR_webconnectivity_3b6f9e9aea7351a7
https://worldhealth.net/,ok,https://explorer.ooni.org/m/20260511082722.586846_KR_webconnectivity_1232777613728600
http://www.aids.or.kr/,ok,https://explorer.ooni.org/m/20260511082726.972307_KR_webconnectivity_a4305511f0495b21
https://www.ananzi.co.za/,ok,https://explorer.ooni.org/m/20260511082733.049113_KR_webconnectivity_26603032060c7c8c
http://www.asiansexgazette.com/,dns,https://explorer.ooni.org/m/20260511082735.374215_KR_webconnectivity_2b2fb7170c3d63b1
http://www.asiansexgazette.com/asg/asian_health.htm,dns,https://explorer.ooni.org/m/20260511082737.147338_KR_webconnectivity_87d16e24c6dc506a
http://www.ask.com/,ok,https://explorer.ooni.org/m/20260511082738.799447_KR_webconnectivity_fdc6294a81328f47
https://www.asterisk.org/,ok,https://explorer.ooni.org/m/20260511082740.408871_KR_webconnectivity_86a10b353b64a532
https://www.baidu.com/,ok,https://explorer.ooni.org/m/20260511082742.861331_KR_webconnectivity_38802c03eb7e50e6
https://www.bbm.com/,ok,https://explorer.ooni.org/m/20260511082748.099672_KR_webconnectivity_5ee4a9d2a15c52d3
https://www.bing.com/,ok,https://explorer.ooni.org/m/20260511082753.922091_KR_webconnectivity_0de23b5517f87f96
https://www.bitchute.com/,ok,https://explorer.ooni.org/m/20260511082755.011661_KR_webconnectivity_0cea0016007fa25c
https://www.bittorrent.com/,dns,https://explorer.ooni.org/m/20260511082755.984932_KR_webconnectivity_57b70a9520b0c453
https://www.blackberry.com/,ok,https://explorer.ooni.org/m/20260511082759.255116_KR_webconnectivity_d2cf3796ce0e4115
https://www.broadvoice.com/,ok,https://explorer.ooni.org/m/20260511082804.010934_KR_webconnectivity_af6fa0bb1de24cfa
https://www.cdc.go.kr/board/board.es?mid=&bid=0030,error,https://explorer.ooni.org/m/20260511082807.371558_KR_webconnectivity_955ca5dbaa37f74c
https://www.cdc.gov/,ok,https://explorer.ooni.org/m/20260511082810.926594_KR_webconnectivity_12f281cf707aeadd
http://www.chol.com/,dns,https://explorer.ooni.org/m/20260511082813.985385_KR_webconnectivity_bbb1fb7b47ddf26f
http://www.cirp.org/,ok,https://explorer.ooni.org/m/20260511082817.664945_KR_webconnectivity_908975ccf8a028b7
http://www.dailymotion.com/kr,ok,https://explorer.ooni.org/m/20260511082823.066033_KR_webconnectivity_13bf1f9438dfb3d5
https://www.dailymotion.com/,ok,https://explorer.ooni.org/m/20260511082825.962492_KR_webconnectivity_b8ceaf5e365febbc
http://www.daum.net/,ok,https://explorer.ooni.org/m/20260511082831.810149_KR_webconnectivity_14216512ae52f30b
https://www.deepseek.com/,dns,https://explorer.ooni.org/m/20260511082832.579669_KR_webconnectivity_399cab0b18860ba1
https://www.doctissimo.fr/,dns,https://explorer.ooni.org/m/20260511082833.438411_KR_webconnectivity_2a5797595d4824c3
https://www.doctorswithoutborders.org/,ok,https://explorer.ooni.org/m/20260511082835.655209_KR_webconnectivity_61da17d058583b44
http://www.dogpile.com/,ok,https://explorer.ooni.org/m/20260511082838.768320_KR_webconnectivity_5536fc44c9969c3a
http://www.dreamwiz.com/,ok,https://explorer.ooni.org/m/20260511082855.891869_KR_webconnectivity_94a0aba2a0784525
https://www.ecdc.europa.eu/,ok,https://explorer.ooni.org/m/20260511082901.625657_KR_webconnectivity_86f2322468f3b118
https://www.ectaco.com/,dns,https://explorer.ooni.org/m/20260511082902.749167_KR_webconnectivity_bb14ca0c1b5461be
http://www.empas.com/,ok,https://explorer.ooni.org/m/20260511082904.555843_KR_webconnectivity_e396a865104c7ce1
https://www.engenderhealth.org/,ok,https://explorer.ooni.org/m/20260511082909.804798_KR_webconnectivity_e0ace657afaf0107
http://www.euthanasia.cc/,ok,https://explorer.ooni.org/m/20260511082913.882117_KR_webconnectivity_a8c4ce470a5a9bb6
https://www.excite.com/,dns,https://explorer.ooni.org/m/20260511082914.650523_KR_webconnectivity_9492d77a679c7764
https://www.fastmail.com/,ok,https://explorer.ooni.org/m/20260511082916.660168_KR_webconnectivity_37700c791e30c45f
https://www.flickr.com/,ok,https://explorer.ooni.org/m/20260511082919.574581_KR_webconnectivity_89ddd4b0d87a9793
https://www.fotki.com/,ok,https://explorer.ooni.org/m/20260511082922.616048_KR_webconnectivity_c673f6cc1ef4e934
http://www.fotolog.com/,ok,https://explorer.ooni.org/m/20260511082927.311577_KR_webconnectivity_313db8f66d700110
https://www.freepik.com/,ok,https://explorer.ooni.org/m/20260511082930.473721_KR_webconnectivity_7d74e382f67a0331
https://www.gatesfoundation.org/,ok,https://explorer.ooni.org/m/20260511082935.029743_KR_webconnectivity_33fbfb563ac591f9
http://www.getdrupe.com/,ok,https://explorer.ooni.org/m/20260511082940.174440_KR_webconnectivity_8e72e7ae7472ba96
https://www.gmx.com/,dns,https://explorer.ooni.org/m/20260511082940.958981_KR_webconnectivity_934ba1d30e7cbbca
https://www.google.co.kr/,ok,https://explorer.ooni.org/m/20260511082944.617679_KR_webconnectivity_856ac6f21819ed43
https://www.google.com/,ok,https://explorer.ooni.org/m/20260511082947.591932_KR_webconnectivity_e9226e347c2f274d
https://www.health.com/,ok,https://explorer.ooni.org/m/20260511082948.656348_KR_webconnectivity_33c9247923cc653c
https://www.healthmap.org/covid-19/,ok,https://explorer.ooni.org/m/20260511082950.837568_KR_webconnectivity_3081aa11bc4bed68
https://www.hightail.com/,ok,https://explorer.ooni.org/m/20260511082954.131985_KR_webconnectivity_f5af8dc6b452330d
https://www.hotbot.com/,dns,https://explorer.ooni.org/m/20260511082955.596355_KR_webconnectivity_b8c90a0a7095bd17
https://www.hushmail.com/,ok,https://explorer.ooni.org/m/20260511082958.355310_KR_webconnectivity_82c7359b64469d32
https://www.iconnecthere.com/,ok,https://explorer.ooni.org/m/20260511083002.103250_KR_webconnectivity_4dd5e4d4a69cb94c
http://www.implantinfo.com/,ok,https://explorer.ooni.org/m/20260511083007.045550_KR_webconnectivity_6e398b6d2822bf1b
http://www.inbox.com/,ok,https://explorer.ooni.org/m/20260511083010.936368_KR_webconnectivity_3b09b6dc7fa3a464
http://www.internet-phone.co.kr/,tcp_ip,https://explorer.ooni.org/m/20260511083057.348098_KR_webconnectivity_df68e454bc929a68
http://www.isscr.org/,ok,https://explorer.ooni.org/m/20260511083101.424903_KR_webconnectivity_7786d784e527d230
https://www.jabber.ru/,ok,https://explorer.ooni.org/m/20260511083106.307074_KR_webconnectivity_0d856714be01fb1f
http://www.kakao.com/services/8,ok,https://explorer.ooni.org/m/20260511083112.478677_KR_webconnectivity_4f1c2237113854b6
http://www.keptprivate.com/,ok,https://explorer.ooni.org/m/20260511083114.843963_KR_webconnectivity_2cc716ccec861148
https://www.kff.org/,ok,https://explorer.ooni.org/m/20260511083116.985380_KR_webconnectivity_1a0c53f9bbe68b08
http://www.kftel.com/,ok,https://explorer.ooni.org/m/20260511083120.086494_KR_webconnectivity_ada3ed4e1b3b3371
http://www.kissphoto.net/,ok,https://explorer.ooni.org/m/20260511083121.769188_KR_webconnectivity_2724ed1c841412f3
https://www.last.fm/,ok,https://explorer.ooni.org/m/20260511083125.228312_KR_webconnectivity_11ef52cc9a27cb61
http://www.lets070.net/,ok,https://explorer.ooni.org/m/20260511083127.272202_KR_webconnectivity_719c84b3167290ca
http://www.lingo.com/,error,https://explorer.ooni.org/m/20260511083129.608626_KR_webconnectivity_18413ef80f57c53c
http://www.linphone.org/,ok,https://explorer.ooni.org/m/20260511083135.107650_KR_webconnectivity_989f53d16e8fa6d7
https://www.liveleak.com/,error,https://explorer.ooni.org/m/20260511083137.580498_KR_webconnectivity_7606513968944537
http://www.love4one.com/,ok,https://explorer.ooni.org/m/20260511083144.117337_KR_webconnectivity_e908865c2d2d1b01
http://www.lsinc.co.kr/,ok,https://explorer.ooni.org/m/20260511083145.492577_KR_webconnectivity_a1fb6d448d1a2433
http://www.lxnetworks.co.kr/,error,https://explorer.ooni.org/m/20260511083148.677988_KR_webconnectivity_aa6690cfe0f62f1b
http://www.lycos.com/,ok,https://explorer.ooni.org/m/20260511083152.252788_KR_webconnectivity_be07446f7a7ad241
http://www.magicjack.com/,ok,https://explorer.ooni.org/m/20260511083156.406828_KR_webconnectivity_01cef3abd11f34cc
https://www.mail.com/,ok,https://explorer.ooni.org/m/20260511083201.940067_KR_webconnectivity_f890a7f6016577da
http://www.mail.lycos.com/,ok,https://explorer.ooni.org/m/20260511083207.939114_KR_webconnectivity_1e084516d0ce102a
http://www.mail2web.com/,ok,https://explorer.ooni.org/m/20260511083218.824763_KR_webconnectivity_a438c910384c058d
http://www.mailinator.com/,ok,https://explorer.ooni.org/m/20260511083222.830697_KR_webconnectivity_bb5598017da90659
https://www.mamma.com/,ok,https://explorer.ooni.org/m/20260511083225.790051_KR_webconnectivity_d2929d4a84365138
https://www.mariestopes.org.uk/,ok,https://explorer.ooni.org/m/20260511083230.659105_KR_webconnectivity_812171c28534828a
http://www.medecinsdumonde.org/,ok,https://explorer.ooni.org/m/20260511083240.337039_KR_webconnectivity_1f5a2aab11a7031a
https://www.mediafire.com/,ok,https://explorer.ooni.org/m/20260511083242.018485_KR_webconnectivity_05a8ac7ba2523173
http://www.medicinenet.com/,ok,https://explorer.ooni.org/m/20260511083245.710913_KR_webconnectivity_d4b977480f7422e4
http://www.mersjido.com/,ok,https://explorer.ooni.org/m/20260511083247.282462_KR_webconnectivity_8ff3cb1fc4a8da0a
https://www.messenger.com/,ok,https://explorer.ooni.org/m/20260511083250.324096_KR_webconnectivity_2f24046d28f55736
http://www.metacrawler.com/,dns,https://explorer.ooni.org/m/20260511083251.579471_KR_webconnectivity_6af4e54612dc96fb
https://www.microsoft.com/,ok,https://explorer.ooni.org/m/20260511083255.288842_KR_webconnectivity_c24adbc75d94d4ee
http://www.microsofttranslator.com/,ok,https://explorer.ooni.org/m/20260511083258.767540_KR_webconnectivity_311dccd492f0398f
https://www.mojeek.com/,ok,https://explorer.ooni.org/m/20260511083301.596572_KR_webconnectivity_7de196ddf16ecfce
http://www.moohan.net/,dns,https://explorer.ooni.org/m/20260511083303.375414_KR_webconnectivity_eea28224fd69a796
https://www.msf.org/,ok,https://explorer.ooni.org/m/20260511083307.581485_KR_webconnectivity_483c0216206260d1
https://www.msn.com/,ok,https://explorer.ooni.org/m/20260511083310.332362_KR_webconnectivity_d59d66dba560d253
http://www.munjanara.co.kr/,error,https://explorer.ooni.org/m/20260511083328.661239_KR_webconnectivity_622c05a57f6e3518
http://www.naver.com/,ok,https://explorer.ooni.org/m/20260511083331.640011_KR_webconnectivity_539d3e211cd71a07
http://www.netaddress.com/,ok,https://explorer.ooni.org/m/20260511083334.698306_KR_webconnectivity_1f1aef768b4dbc3a
https://www.netaddress.com/,ok,https://explorer.ooni.org/m/20260511083337.309750_KR_webconnectivity_a5c706a039736d06
https://www.netflix.com/,ok,https://explorer.ooni.org/m/20260511083342.295309_KR_webconnectivity_420997c95491fb93
http://www.nicesms.co.kr/,dns,https://explorer.ooni.org/m/20260511083345.689183_KR_webconnectivity_c9f19acbeada16d0
http://www.olleh-kt.kr/,ok,https://explorer.ooni.org/m/20260511083348.847371_KR_webconnectivity_f82e018250b6f150
http://www.online-translator.com/,ok,https://explorer.ooni.org/m/20260511083354.262425_KR_webconnectivity_ab48ca37acbe4841
http://www.oovoo.com/,ok,https://explorer.ooni.org/m/20260511083357.342716_KR_webconnectivity_aebbd8219760f855
https://www.openstreetmap.org/,ok,https://explorer.ooni.org/m/20260511083400.405166_KR_webconnectivity_94324d2b0e415384
http://www.orgio.com/,ok,https://explorer.ooni.org/m/20260511083403.723199_KR_webconnectivity_70e2376258456779
http://www.paltalk.com/,ok,https://explorer.ooni.org/m/20260511083405.320210_KR_webconnectivity_6cba788882ed9e90
http://www.pandora.com/,ok,https://explorer.ooni.org/m/20260511083408.351491_KR_webconnectivity_d74d323c6762fddd
https://www.perplexity.ai/,ok,https://explorer.ooni.org/m/20260511083409.617606_KR_webconnectivity_f53216ce8a5f5ccf
http://www.photobucket.com/,dns,https://explorer.ooni.org/m/20260511083410.405826_KR_webconnectivity_b0ec2d3409d3c1ae
https://www.pinterest.com/,ok,https://explorer.ooni.org/m/20260511083414.651597_KR_webconnectivity_12ab51cf65b2fb6f
https://www.postmaster.co.uk/,ok,https://explorer.ooni.org/m/20260511083417.744125_KR_webconnectivity_da9e521dd55eda72
http://www.ppca.co.kr/,ok,https://explorer.ooni.org/m/20260511083419.239566_KR_webconnectivity_d1e200ec78ea40a3
http://www.ppurio.com/,dns,https://explorer.ooni.org/m/20260511083424.037352_KR_webconnectivity_ff5b385ad29d4474
https://www.projectbaseline.com/studies/covid-research/,ok,https://explorer.ooni.org/m/20260511083426.550764_KR_webconnectivity_20efbbaebb3c5fc7
https://www.proton.me/,ok,https://explorer.ooni.org/m/20260511083433.392779_KR_webconnectivity_8da26468ef812e6d
https://www.rki.de/,ok,https://explorer.ooni.org/m/20260511083447.828653_KR_webconnectivity_46701200bf50c940
https://www.search.com/,ok,https://explorer.ooni.org/m/20260511083453.825528_KR_webconnectivity_11006bab76a63d2b
http://www.searchindia.com/,ok,https://explorer.ooni.org/m/20260511083458.575527_KR_webconnectivity_b86758e48e778a4c
http://www.securenym.net/,ok,https://explorer.ooni.org/m/20260511083501.567848_KR_webconnectivity_fe9808b5bb8d91ef
https://www.sendspace.com/,dns,https://explorer.ooni.org/m/20260511083503.346774_KR_webconnectivity_df0f1d2431506391
https://www.sendthisfile.com/,ok,https://explorer.ooni.org/m/20260511083507.385850_KR_webconnectivity_48cc0810be526b82
http://www.shinbiro.com/,tcp_ip,https://explorer.ooni.org/m/20260511083553.508940_KR_webconnectivity_9bbcbe011d78388b
http://www.sina.com.cn/,ok,https://explorer.ooni.org/m/20260511083600.330186_KR_webconnectivity_7e9465b1d931a4bd
https://www.skype.com/,ok,https://explorer.ooni.org/m/20260511083602.077903_KR_webconnectivity_14b40e9882c1b539
http://www.skysms.co.kr/,ok,https://explorer.ooni.org/m/20260511083604.516650_KR_webconnectivity_fb7346efbcf12867
http://www.slideshare.net/,ok,https://explorer.ooni.org/m/20260511083608.928066_KR_webconnectivity_ff0a38a2a74f67fc
https://www.startmail.com/,ok,https://explorer.ooni.org/m/20260511083613.433938_KR_webconnectivity_ccc0a9a27683387e
https://www.subscribestar.com/,ok,https://explorer.ooni.org/m/20260511083616.606905_KR_webconnectivity_17572b943dd18e18
http://www.talkyou.me/,ok,https://explorer.ooni.org/m/20260511083619.515150_KR_webconnectivity_6e60424b9fc44659
http://www.tango.me/,ok,https://explorer.ooni.org/m/20260511083622.028579_KR_webconnectivity_a86af92dde663182
https://www.tawk.to/,ok,https://explorer.ooni.org/m/20260511083625.081516_KR_webconnectivity_9c50b46a474ff4d1
https://www.ted.com/,ok,https://explorer.ooni.org/m/20260511083627.875122_KR_webconnectivity_b9d5a4c4fb462394
https://www.textra.me/,ok,https://explorer.ooni.org/m/20260511083630.728621_KR_webconnectivity_90d4574dad34ba45
https://www.theglobalfund.org/,ok,https://explorer.ooni.org/m/20260511083634.013610_KR_webconnectivity_3b1d5127558cd2f5
http://www.tialsoft.com/download/,ok,https://explorer.ooni.org/m/20260511083637.246655_KR_webconnectivity_d21d31750028f3cc
http://www.tialsoft.com/multitranse/,ok,https://explorer.ooni.org/m/20260511083640.467655_KR_webconnectivity_31d40ebc8ee1bb11
https://www.transferbigfiles.com/,ok,https://explorer.ooni.org/m/20260511083642.921208_KR_webconnectivity_76e78533b64218b8
http://www.translate.ru/,ok,https://explorer.ooni.org/m/20260511083648.396266_KR_webconnectivity_f0eda4331643ef8f
http://www.transwhiz.com/,ok,https://explorer.ooni.org/m/20260511083652.437109_KR_webconnectivity_60e0c157f2ba5463
https://www.truecaller.com/,ok,https://explorer.ooni.org/m/20260511083654.851787_KR_webconnectivity_618694fa562fdfe3
https://www.tumblr.com/,dns,https://explorer.ooni.org/m/20260511083655.824162_KR_webconnectivity_c6fb80f199f1a9d0
https://www.twitch.tv/,dns,https://explorer.ooni.org/m/20260511083656.616098_KR_webconnectivity_39a7c5ff7d28dc8e
https://www.unaids.org/,ok,https://explorer.ooni.org/m/20260511083701.469232_KR_webconnectivity_aed45bef1ca69f64
https://www.ushareit.com/,dns,https://explorer.ooni.org/m/20260511083703.614402_KR_webconnectivity_d07b8ab5a83f5151
http://www.veoh.com/,ok,https://explorer.ooni.org/m/20260511083706.820931_KR_webconnectivity_992e4c555def7c92
https://www.vonage.com/,ok,https://explorer.ooni.org/m/20260511083708.045763_KR_webconnectivity_4977a1c4ed2cbedc
http://www.vtv.co.kr/,ok,https://explorer.ooni.org/m/20260511083710.947062_KR_webconnectivity_a69c3f7b398805dd
https://www.vyke.com/,ok,https://explorer.ooni.org/m/20260511083714.865615_KR_webconnectivity_0124af04f24c429e
http://www.webbox.com/index.php,ok,https://explorer.ooni.org/m/20260511083716.016632_KR_webconnectivity_cd7dccfa0cbf2031
http://www.wevo.co.kr/,ok,https://explorer.ooni.org/m/20260511083720.709663_KR_webconnectivity_46f894d42295c10e
http://www.whitepages.com/,ok,https://explorer.ooni.org/m/20260511083723.422212_KR_webconnectivity_0ee40a699bcc5f76
https://www.who.int/,ok,https://explorer.ooni.org/m/20260511083726.042579_KR_webconnectivity_ac20fdf0d97b6f0a
https://www.wordreference.com/,ok,https://explorer.ooni.org/m/20260511083727.510474_KR_webconnectivity_712f7cd92c8cd9b0
https://www.worldometers.info/coronavirus/,ok,https://explorer.ooni.org/m/20260511083729.928535_KR_webconnectivity_379d9716983ed493
http://www.yahoo.co.kr/,ok,https://explorer.ooni.org/m/20260511083736.014257_KR_webconnectivity_96245527ed4bc966
https://www.y2mate.com/,dns,https://explorer.ooni.org/m/20260511083730.638495_KR_webconnectivity_9fe38eae80f6a05e
https://www.yahoo.com/,ok,https://explorer.ooni.org/m/20260511083740.172521_KR_webconnectivity_399b00c92c44c02e
http://www.zzn.com/,ok,https://explorer.ooni.org/m/20260511083741.530517_KR_webconnectivity_4348f36c8b587802
https://ya.ru/,dns,https://explorer.ooni.org/m/20260511083742.513784_KR_webconnectivity_9ab194520f0d3ddd
https://yandex.com/,dns,https://explorer.ooni.org/m/20260511083743.714357_KR_webconnectivity_facf3dbf4e37084c
https://yandexwebcache.net/robots.txt,ok,https://explorer.ooni.org/m/20260511083747.711886_KR_webconnectivity_06a7ba4ee915fb29
https://zoom.us/,ok,https://explorer.ooni.org/m/20260511083751.058766_KR_webconnectivity_9ed4c8ce1a56e966
https://www.tiktok.com/,ok,https://explorer.ooni.org/m/20260511083758.135477_KR_webconnectivity_d39cf4f4e9d8f6b1
https://x.com/,ok,https://explorer.ooni.org/m/20260511083804.335916_KR_webconnectivity_453aa6acf92f99ae
https://safeabortionpills.org/,http-failure,https://explorer.ooni.org/m/20260511083806.577842_KR_webconnectivity_46aad7836a078c75
https://discord.com/,ok,https://explorer.ooni.org/m/20260511083808.938375_KR_webconnectivity_d55050090e094b95
https://1.0.0.1/dns-query?dns=q80BAAABAAAAAAAAA3d3dwdleGFtcGxlA2NvbQAAAQAB,ok,https://explorer.ooni.org/m/20260511083809.781946_KR_webconnectivity_4fc803e930679ba2
https://1.1.1.1/dns-query?dns=q80BAAABAAAAAAAAA3d3dwdleGFtcGxlA2NvbQAAAQAB,tcp_ip,https://explorer.ooni.org/m/20260511083840.634738_KR_webconnectivity_96a2062a0cf57d14
https://1.1.1.3/dns-query?dns=q80BAAABAAAAAAAAA3d3dwdleGFtcGxlA2NvbQAAAQAB,tcp_ip,https://explorer.ooni.org/m/20260511083911.311595_KR_webconnectivity_d66221d4ceb25573
https://149.112.112.9/dns-query?dns=q80BAAABAAAAAAAAA3d3dwdleGFtcGxlA2NvbQAAAQAB,ok,https://explorer.ooni.org/m/20260511083912.342538_KR_webconnectivity_19e85ac72ce35884
https://350.org/,ok,https://explorer.ooni.org/m/20260511083918.374189_KR_webconnectivity_58cbf5df831ef512
https://8.8.4.4/dns-query?dns=q80BAAABAAAAAAAAA3d3dwdleGFtcGxlA2NvbQAAAQAB,ok,https://explorer.ooni.org/m/20260511083919.515919_KR_webconnectivity_aa964ce68f746f6c
https://8.8.8.8/dns-query?dns=q80BAAABAAAAAAAAA3d3dwdleGFtcGxlA2NvbQAAAQAB,ok,https://explorer.ooni.org/m/20260511083920.631766_KR_webconnectivity_63442e9e0b70576f
https://8kun.top/,dns,https://explorer.ooni.org/m/20260511083922.759202_KR_webconnectivity_7eeecfc4f6982e52
https://9.9.9.9/dns-query?dns=q80BAAABAAAAAAAAA3d3dwdleGFtcGxlA2NvbQAAAQAB,tcp_ip,https://explorer.ooni.org/m/20260511083923.552111_KR_webconnectivity_e40564466b0dd685
https://abortion-korea.org/,http-failure,https://explorer.ooni.org/m/20260511083926.693418_KR_webconnectivity_3dfed805e73e6173
https://abortion.eu/,dns,https://explorer.ooni.org/m/20260511083927.859714_KR_webconnectivity_8038356f3c16d2de
https://abortion.kr/,dns,https://explorer.ooni.org/m/20260511083929.842333_KR_webconnectivity_7f927f68f9a419d8
https://abortionfunds.org/,dns,https://explorer.ooni.org/m/20260511083931.594933_KR_webconnectivity_40b782ed74a6a3c9
https://abortionnetwork.amsterdam/,dns,https://explorer.ooni.org/m/20260511083933.230086_KR_webconnectivity_e64d3ff336e330d2
https://abortionpillinfo.org/,ok,https://explorer.ooni.org/m/20260511083938.576254_KR_webconnectivity_5eb7d6b51aca3fc3
https://aidaccess.org/,dns,https://explorer.ooni.org/m/20260511083939.396065_KR_webconnectivity_13b905e60c1865d0
https://ajax.aspnetcdn.com/ajax/4.5.2/1/MicrosoftAjax.js,ok,https://explorer.ooni.org/m/20260511083942.284188_KR_webconnectivity_e926318fe1f740e3
https://amp.cloudflare.com/v0/amp-iframe-0.1.js,ok,https://explorer.ooni.org/m/20260511083943.152854_KR_webconnectivity_003cd99dc45281c4
https://android.apis.google.com/robots.txt,ok,https://explorer.ooni.org/m/20260511083945.252902_KR_webconnectivity_d20dbc3d2ba9641b
https://android.googleapis.com/robots.txt,ok,https://explorer.ooni.org/m/20260511083947.290912_KR_webconnectivity_40cb0f91d68fc66b
https://api.github.com/,ok,https://explorer.ooni.org/m/20260511083949.072548_KR_webconnectivity_58498801c003e60b
https://apps.apple.com/us/developer/apple/id284417353/,ok,https://explorer.ooni.org/m/20260511083953.974067_KR_webconnectivity_98f26bf2320358eb
https://archive.is/,ok,https://explorer.ooni.org/m/20260511083957.626113_KR_webconnectivity_6a5b38f2ccc399c6
https://archive.org/,ok,https://explorer.ooni.org/m/20260511084000.099404_KR_webconnectivity_303cdc4ad7b4514b
https://assets.gitlab-static.net/robots.txt,ok,https://explorer.ooni.org/m/20260511084003.827582_KR_webconnectivity_2d492bf557650354
http://bestiz.net/,ok,https://explorer.ooni.org/m/20260511084005.815328_KR_webconnectivity_85c39e31f37f588e
https://bit.ly/,http-failure,https://explorer.ooni.org/m/20260511084007.146999_KR_webconnectivity_77a3da973cdc2de9
https://bitbucket.org/,ok,https://explorer.ooni.org/m/20260511084010.871877_KR_webconnectivity_bd6f7bfcbf72fb22
https://bitly.com/,dns,https://explorer.ooni.org/m/20260511084011.910697_KR_webconnectivity_b395dcc0ec19bfd5
http://blog.naver.com/,ok,https://explorer.ooni.org/m/20260511084015.806451_KR_webconnectivity_67f0453f93bf0be2
http://cafe.daum.net/Kgreens,ok,https://explorer.ooni.org/m/20260511084018.518726_KR_webconnectivity_1a5f2e27662b3492
http://cafe.daum.net/chiwoo/,ok,https://explorer.ooni.org/m/20260511084022.001208_KR_webconnectivity_c8b5fd21c3dc33a0
http://cafe.daum.net/ok1221,ok,https://explorer.ooni.org/m/20260511084024.831186_KR_webconnectivity_5f3bb11ab0e643da
http://cafe.daum.net/ssaumjil,ok,https://explorer.ooni.org/m/20260511084027.437428_KR_webconnectivity_5573dd484227708a
http://cafe.daum.net/subdued20club/,ok,https://explorer.ooni.org/m/20260511084030.398572_KR_webconnectivity_6d0a376409dd7805
http://cafe.daum.net/truepicture/,ok,https://explorer.ooni.org/m/20260511084032.948633_KR_webconnectivity_9b8f3a26e0fbb0f8
http://cafe.naver.com/imsanbu,ok,https://explorer.ooni.org/m/20260511084038.657333_KR_webconnectivity_e647d3e259b88a5f
https://cdn-client.medium.com/lite/static/js/manifest.ef5f44d2.js,ok,https://explorer.ooni.org/m/20260511084039.667850_KR_webconnectivity_f253170663173e92
https://cdn.ampproject.org/v0/amp-iframe-0.1.js,ok,https://explorer.ooni.org/m/20260511084042.479867_KR_webconnectivity_05752fe790f5f402
https://cdn.jsdelivr.net/favicon.ico,ok,https://explorer.ooni.org/m/20260511084043.863104_KR_webconnectivity_060ed6c7185db0cb
https://cdn.sstatic.net/Img/home/open-source.svg,ok,https://explorer.ooni.org/m/20260511084044.957290_KR_webconnectivity_1de62ffac973c2b3
https://cdnjs.cloudflare.com/,ok,https://explorer.ooni.org/m/20260511084046.522336_KR_webconnectivity_67c938d7e3932720
https://churchofgodinchristmennonite.net/,ok,https://explorer.ooni.org/m/20260511084049.297163_KR_webconnectivity_40483f43b78aa7d6
https://cites.org/,ok,https://explorer.ooni.org/m/20260511084050.616142_KR_webconnectivity_61e9ebf0e5bf01c8
https://citizensclimatelobby.org/,ok,https://explorer.ooni.org/m/20260511084054.472277_KR_webconnectivity_a78e450a40428551
http://cloud.naver.com/,ok,https://explorer.ooni.org/m/20260511084059.119041_KR_webconnectivity_36f92f05c059157d
https://cloudflare-dns.com/dns-query?dns=q80BAAABAAAAAAAAA3d3dwdleGFtcGxlA2NvbQAAAQAB,tcp_ip,https://explorer.ooni.org/m/20260511084059.866782_KR_webconnectivity_8f687cbd1615c3d7
https://cloudflare-ech.com/,ok,https://explorer.ooni.org/m/20260511084102.817164_KR_webconnectivity_264cfac2548715c8
http://clparty.kr/,error,https://explorer.ooni.org/m/20260511084119.121065_KR_webconnectivity_55006c5c98445d45
https://code.jquery.com/,ok,https://explorer.ooni.org/m/20260511084121.871445_KR_webconnectivity_40fce9de52e8f9a5
https://codeberg.org/,ok,https://explorer.ooni.org/m/20260511084125.536442_KR_webconnectivity_e631311283f0b277
https://codeload.github.com/github/rally/tar.gz/v1.0.1,ok,https://explorer.ooni.org/m/20260511084128.554103_KR_webconnectivity_87e1ce14eed22b20
http://cyworld.nate.com/,ok,https://explorer.ooni.org/m/20260511084132.617290_KR_webconnectivity_3303321e54755390
https://data.worldbank.org/topic/environment,ok,https://explorer.ooni.org/m/20260511084135.004261_KR_webconnectivity_3576b9182ea3db45
http://debate.org.uk/,ok,https://explorer.ooni.org/m/20260511084137.622659_KR_webconnectivity_5e25f0ad08c4ef30
https://dharmanet.org/,ok,https://explorer.ooni.org/m/20260511084143.471557_KR_webconnectivity_90160fda53ac93b7
https://digital.globalclimatestrike.net/,ok,https://explorer.ooni.org/m/20260511084146.081604_KR_webconnectivity_6b01fd50b04643b0
https://dl.bintray.com/jfrog/xray/,ok,https://explorer.ooni.org/m/20260511084152.078897_KR_webconnectivity_39cf901d96677567
https://dl.google.com/robots.txt,ok,https://explorer.ooni.org/m/20260511084154.336291_KR_webconnectivity_5953e8f524648b0b
https://dlive.tv/,dns,https://explorer.ooni.org/m/20260511084155.355992_KR_webconnectivity_22535681b27f6f5a
https://dns.adguard.com/dns-query?dns=q80BAAABAAAAAAAAA3d3dwdleGFtcGxlA2NvbQAAAQAB,tcp_ip,https://explorer.ooni.org/m/20260511084156.089867_KR_webconnectivity_d824d01b54a76413
https://dns.google/,ok,https://explorer.ooni.org/m/20260511084157.594373_KR_webconnectivity_958254dc9b0db751
https://dns.quad9.net/dns-query?dns=q80BAAABAAAAAAAAA3d3dwdleGFtcGxlA2NvbQAAAQAB,tcp_ip,https://explorer.ooni.org/m/20260511084158.447438_KR_webconnectivity_b97f74cec223ddea
https://docs.github.com/,ok,https://explorer.ooni.org/m/20260511084202.441692_KR_webconnectivity_5263821bfedf0ea7
https://doh-fi.blahdns.com/dns-query?dns=q80BAAABAAAAAAAAA3d3dwdleGFtcGxlA2NvbQAAAQAB,dns,https://explorer.ooni.org/m/20260511084203.590904_KR_webconnectivity_0071a03000c0bf99
https://doh.centraleu.pi-dns.com/dns-query?dns=q80BAAABAAAAAAAAA3d3dwdleGFtcGxlA2NvbQAAAQAB,dns,https://explorer.ooni.org/m/20260511084204.458321_KR_webconnectivity_ff2cac0e8c883463
https://doh.dns.sb/dns-query?dns=q80BAAABAAAAAAAAA3d3dwdleGFtcGxlA2NvbQAAAQAB,dns,https://explorer.ooni.org/m/20260511084220.812405_KR_webconnectivity_ac90ad6e30b6ac8d
https://doh.opendns.com/dns-query?dns=q80BAAABAAAAAAAAA3d3dwdleGFtcGxlA2NvbQAAAQAB,tcp_ip,https://explorer.ooni.org/m/20260511084221.585046_KR_webconnectivity_747431e43c28c048
https://download-installer.cdn.mozilla.net/,ok,https://explorer.ooni.org/m/20260511084223.904036_KR_webconnectivity_00fb7c8ac7e802a8
https://dzen.ru/,dns,https://explorer.ooni.org/m/20260511084225.149893_KR_webconnectivity_9ba1b117a261f659
https://earthobservatory.nasa.gov/global-maps,ok,https://explorer.ooni.org/m/20260511084228.632401_KR_webconnectivity_e68b483bcce9afcc
https://earthwatch.org/,ok,https://explorer.ooni.org/m/20260511084230.312888_KR_webconnectivity_34f0140c7eff8c63
https://emchurch.org/,ok,https://explorer.ooni.org/m/20260511084233.229314_KR_webconnectivity_439ec6484cf1f88a
https://espivblogs.net/,ok,https://explorer.ooni.org/m/20260511084239.688909_KR_webconnectivity_1adaecca4c642f8e
https://fcm.googleapis.com/$discovery/rest?version=v1,ok,https://explorer.ooni.org/m/20260511084242.034039_KR_webconnectivity_6477fb37a673dfb5
https://findmymethod.org/,dns,https://explorer.ooni.org/m/20260511084242.804815_KR_webconnectivity_2af80ed01181b7e2
https://firebaseinstallations.googleapis.com/robots.txt,ok,https://explorer.ooni.org/m/20260511084246.312916_KR_webconnectivity_ef1ad7953bb921c1
https://fosfeminista.org/,ok,https://explorer.ooni.org/m/20260511084248.674273_KR_webconnectivity_5c7d0fc63be45507
https://freedns.afraid.org/,dns,https://explorer.ooni.org/m/20260511084250.035944_KR_webconnectivity_9059f96740ece6e7
https://fridaysforfuture.org/,ok,https://explorer.ooni.org/m/20260511084255.359138_KR_webconnectivity_d8c85ecb6f2002d4
https://friendsoftheearth.uk/,ok,https://explorer.ooni.org/m/20260511084257.962018_KR_webconnectivity_22e49b32eb0d17d7
https://frontlineaids.org/,ok,https://explorer.ooni.org/m/20260511084305.798655_KR_webconnectivity_0e9044f7b7d5076c
https://gaggaalliance.org/,ok,https://explorer.ooni.org/m/20260511084310.001177_KR_webconnectivity_16b4c2c3c6751d3c
http://gall.dcinside.com/,ok,https://explorer.ooni.org/m/20260511084316.443140_KR_webconnectivity_e8f3bb51386e301f
http://gesomoon.com/Ver2/,ok,https://explorer.ooni.org/m/20260511084319.189486_KR_webconnectivity_456395dec87a48a4
https://ghost.org/,ok,https://explorer.ooni.org/m/20260511084322.155352_KR_webconnectivity_7297e194f9f0b157
https://gist.github.com/,ok,https://explorer.ooni.org/m/20260511084325.461812_KR_webconnectivity_2037820928446ffc
https://git.io/,dns,https://explorer.ooni.org/m/20260511084326.585053_KR_webconnectivity_dd93a3f1fec70eb8
https://github.com/,ok,https://explorer.ooni.org/m/20260511084329.305034_KR_webconnectivity_94f64b4a5d6987e6
https://github.com/twbs/bootstrap/releases/download/v4.5.3/bootstrap-4.5.3-examples.zip,ok,https://explorer.ooni.org/m/20260511084333.156255_KR_webconnectivity_c1c816c870a50bd1
https://github.githubassets.com/images/modules/open_graph/github-logo.png,ok,https://explorer.ooni.org/m/20260511084334.309417_KR_webconnectivity_5996c305c2ad5957
https://gitlab.com/,dns,https://explorer.ooni.org/m/20260511084335.600294_KR_webconnectivity_ddb416746f424b82
https://globalconservation.org/,ok,https://explorer.ooni.org/m/20260511084339.140327_KR_webconnectivity_fd85fd6fa8e0e328
https://goaskalice.columbia.edu/,ok,https://explorer.ooni.org/m/20260511084340.390385_KR_webconnectivity_a85ed1197ee24992
https://greenhost.net/,ok,https://explorer.ooni.org/m/20260511084344.095425_KR_webconnectivity_7d201188536ecf17
https://i.ytimg.com/vi/JBRf3nEqfZ8/hq720.jpg,ok,https://explorer.ooni.org/m/20260511084347.779757_KR_webconnectivity_8495ba12cbe99603
https://iarf.net/,ok,https://explorer.ooni.org/m/20260511084351.927237_KR_webconnectivity_c15fdbf02efb10b6
https://impactlab.org/,ok,https://explorer.ooni.org/m/20260511084356.385323_KR_webconnectivity_dc8c75e3def7f433
https://isaalmasih.net/,ok,https://explorer.ooni.org/m/20260511084359.046520_KR_webconnectivity_2a173a0e3fc0d05e
https://islamic-relief.org/,ok,https://explorer.ooni.org/m/20260511084403.555492_KR_webconnectivity_6525968830762405
https://islamonline.net/,ok,https://explorer.ooni.org/m/20260511084407.755863_KR_webconnectivity_24c6aec51ebdf7d9
https://jainworld.com/,ok,https://explorer.ooni.org/m/20260511084409.701229_KR_webconnectivity_941b16d0b88c2981
https://joturl.com/,ok,https://explorer.ooni.org/m/20260511084413.682779_KR_webconnectivity_4861db92c2253b80
https://krishna.com/,ok,https://explorer.ooni.org/m/20260511084417.689503_KR_webconnectivity_6590345ff2f0192a
https://letsencrypt.org/,ok,https://explorer.ooni.org/m/20260511084420.757812_KR_webconnectivity_e723080bba2991b8
https://lh3.ggpht.com/_mm3cDcdhxkc/SzkPLt_zDUI/AAAAAAAAAZM/UplZlTSCVQc/s800/DSC_5305.jpg,ok,https://explorer.ooni.org/m/20260511084424.290871_KR_webconnectivity_17ccca87e2ae7dac
https://lh3.googleusercontent.com/favicon.ico,ok,https://explorer.ooni.org/m/20260511084426.131498_KR_webconnectivity_3f2a3349852237a0
https://lh4.ggpht.com/_PvLDsC2pRvk/ShwiscZujVI/AAAAAAAAFIQ/4q-TYiQ13-k/s512/DSC01330.jpg,ok,https://explorer.ooni.org/m/20260511084429.247944_KR_webconnectivity_0902d866e340d289
https://media0.giphy.com/robots.txt,ok,https://explorer.ooni.org/m/20260511084430.738692_KR_webconnectivity_76ac82538cd102c1
https://media3.giphy.com/robots.txt,ok,https://explorer.ooni.org/m/20260511084432.134413_KR_webconnectivity_d26d5b5f0e65ee55
https://medium.com/,ok,https://explorer.ooni.org/m/20260511084433.491261_KR_webconnectivity_af4626c7b84cb379
https://miro.medium.com/robots.txt,ok,https://explorer.ooni.org/m/20260511084435.337848_KR_webconnectivity_e5934b7641a9e490
http://mlbpark.donga.com/,ok,https://explorer.ooni.org/m/20260511084447.019573_KR_webconnectivity_0fd18a29d20546cf
https://moodle.com/,ok,https://explorer.ooni.org/m/20260511084450.152694_KR_webconnectivity_49f5b350605fabf2
https://movabletype.com/,ok,https://explorer.ooni.org/m/20260511084451.351415_KR_webconnectivity_2ad13d587640b424
https://mozilla.cloudflare-dns.com/dns-query?dns=q80BAAABAAAAAAAAA3d3dwdleGFtcGxlA2NvbQAAAQAB,dns,https://explorer.ooni.org/m/20260511084452.415070_KR_webconnectivity_b4687f3b7caf8f18
https://myabortionstory.tumblr.com/,dns,https://explorer.ooni.org/m/20260511084453.478775_KR_webconnectivity_8b66ba70b39c7509
https://nazarene.org/,ok,https://explorer.ooni.org/m/20260511084459.061063_KR_webconnectivity_159ee28603a1e911
http://ndrive.naver.com/,ok,https://explorer.ooni.org/m/20260511084502.527912_KR_webconnectivity_ef3486b893e12d73
https://noblogs.org/,ok,https://explorer.ooni.org/m/20260511084507.072144_KR_webconnectivity_fe514c8b6ba069b9
https://notifications-pa.googleapis.com/robots.txt,ok,https://explorer.ooni.org/m/20260511084508.975095_KR_webconnectivity_39d65ab40842eb99
https://oceanconservancy.org/,ok,https://explorer.ooni.org/m/20260511084511.604058_KR_webconnectivity_74729280bba60759
https://ooni.github.io/,ok,https://explorer.ooni.org/m/20260511084512.749424_KR_webconnectivity_d013af3e04988d7b
https://ow.ly/,ok,https://explorer.ooni.org/m/20260511084515.238138_KR_webconnectivity_922fbc7caf794c9c
https://pastebin.com/,dns,https://explorer.ooni.org/m/20260511084516.301858_KR_webconnectivity_bf31b5c8b1546d5b
http://peta.xxx/,dns,https://explorer.ooni.org/m/20260511084517.591610_KR_webconnectivity_bb060891b46c36bb
https://pingomatic.com/,ok,https://explorer.ooni.org/m/20260511084519.605126_KR_webconnectivity_79284d4e07895905
https://play-lh.googleusercontent.com/SZ7vNaa9txw_JsYsiOOP4_4fOaKfJVMQ-_aM10MW7x93IPDYoqdIkHSw-ffCgBABFSM=s256-rw,ok,https://explorer.ooni.org/m/20260511084522.218051_KR_webconnectivity_2155f1204ec36191
https://play.google.com/,ok,https://explorer.ooni.org/m/20260511084526.501971_KR_webconnectivity_fa4640013478674a
https://play.googleapis.com/robots.txt,ok,https://explorer.ooni.org/m/20260511084528.030483_KR_webconnectivity_121b813cda812f2a
https://private.canadianshield.cira.ca/dns-query?dns=q80BAAABAAAAAAAAA3d3dwdleGFtcGxlA2NvbQAAAQAB,ok,https://explorer.ooni.org/m/20260511084530.062545_KR_webconnectivity_810db955e39f393c
https://prolife.com/,dns,https://explorer.ooni.org/m/20260511084545.889342_KR_webconnectivity_31478fea4ada90c2
https://prq.se/,dns,https://explorer.ooni.org/m/20260511084546.982241_KR_webconnectivity_534371ab127ff5ee
https://quran.com/,ok,https://explorer.ooni.org/m/20260511084549.546018_KR_webconnectivity_64f3c8bd21eb98ca
http://r3.o.lencr.org/,ok,https://explorer.ooni.org/m/20260511084550.287741_KR_webconnectivity_dbc00a8e68d052a8
https://raw.githubusercontent.com/ooni/spec/master/README.md,dns,https://explorer.ooni.org/m/20260511084551.394009_KR_webconnectivity_6a50b9699bb6d38b
https://rebellion.global/,ok,https://explorer.ooni.org/m/20260511084555.070009_KR_webconnectivity_d6634d21f8ada5e6
https://redapes.org/,ok,https://explorer.ooni.org/m/20260511084558.976389_KR_webconnectivity_3a2529cfc8391155
https://replug.io/,ok,https://explorer.ooni.org/m/20260511084603.570926_KR_webconnectivity_e0e00ffc43a0a652
http://ruliweb.daum.net/,error,https://explorer.ooni.org/m/20260511084619.593800_KR_webconnectivity_204846dbc99e6a6c
https://rutube.ru/,ok,https://explorer.ooni.org/m/20260511084624.459963_KR_webconnectivity_4d2a8b548d60a9bb
https://safe2choose.org/,dns,https://explorer.ooni.org/m/20260511084625.255570_KR_webconnectivity_5489f1c829986eca
http://sex.clinic.co.kr/,dns,https://explorer.ooni.org/m/20260511084629.189807_KR_webconnectivity_1414fb070ca73c97
https://sexetc.org/,dns,https://explorer.ooni.org/m/20260511084630.706818_KR_webconnectivity_eb6f7c8cd88c4637
http://shamash.org/,error,https://explorer.ooni.org/m/20260511084633.722976_KR_webconnectivity_21f21c97fe0d8ed0
http://shia.org/,tcp_ip,https://explorer.ooni.org/m/20260511084704.637286_KR_webconnectivity_1883cbf9b6223b4f
https://short.io/,ok,https://explorer.ooni.org/m/20260511084707.737643_KR_webconnectivity_92cc87c9b359b66f
https://sites.google.com/,ok,https://explorer.ooni.org/m/20260511084712.688868_KR_webconnectivity_2a556071420e75cd
https://sniply.io/,ok,https://explorer.ooni.org/m/20260511084715.401108_KR_webconnectivity_589804374490301d
https://solar-aid.org/,ok,https://explorer.ooni.org/m/20260511084718.629940_KR_webconnectivity_3f9c16d6be7f840c
https://srhrforall.org/,ok,https://explorer.ooni.org/m/20260511084720.093804_KR_webconnectivity_f2bebd5c2ddb7085
https://stackexchange.com/,ok,https://explorer.ooni.org/m/20260511084720.949317_KR_webconnectivity_11431dbe93df323d
https://stackoverflow.com/,ok,https://explorer.ooni.org/m/20260511084722.198257_KR_webconnectivity_d7e3f7a15a614d0e
https://t.co/,dns,https://explorer.ooni.org/m/20260511084723.453957_KR_webconnectivity_920fda126c26ce25
https://t2mio.com/,ok,https://explorer.ooni.org/m/20260511084726.518699_KR_webconnectivity_ccc7ac849ad70e5e
http://tanzil.net/,ok,https://explorer.ooni.org/m/20260511084730.032304_KR_webconnectivity_ae52a6be4f0f085f
https://technorati.com/,ok,https://explorer.ooni.org/m/20260511084732.844365_KR_webconnectivity_540cc8cf6818f2d9
https://telegra.ph/,dns,https://explorer.ooni.org/m/20260511084733.648637_KR_webconnectivity_201bd49b3281930f
https://thereisnoearthb.org/,ok,https://explorer.ooni.org/m/20260511084735.880085_KR_webconnectivity_9bedc0be70799fb7
https://tiny.cc/,ok,https://explorer.ooni.org/m/20260511084739.091104_KR_webconnectivity_772bc477629dd61d
https://tinyurl.com/,ok,https://explorer.ooni.org/m/20260511084741.246883_KR_webconnectivity_918e917637617520
https://torah.org/,ok,https://explorer.ooni.org/m/20260511084742.730328_KR_webconnectivity_ed91b87530ba3c8c
https://turbobit.net/,ok,https://explorer.ooni.org/m/20260511084746.565033_KR_webconnectivity_1561bcc3014d9fdc
https://vesselthefilm.com/,ok,https://explorer.ooni.org/m/20260511084751.768049_KR_webconnectivity_ad6d38ddf07c065d
https://we.riseup.net/,ok,https://explorer.ooni.org/m/20260511084754.764028_KR_webconnectivity_a2665ef6ff2ab09c
http://web.humoruniv.com/main.html,ok,https://explorer.ooni.org/m/20260511084759.330264_KR_webconnectivity_43ac89bcc7b4c725
http://web.khu.ac.kr/,ok,https://explorer.ooni.org/m/20260511084803.418572_KR_webconnectivity_c54133e9aa578af3
http://weblogs.us/,ok,https://explorer.ooni.org/m/20260511084808.894766_KR_webconnectivity_ff9fec6547ce200a
https://womenfirstdigital.org/,ok,https://explorer.ooni.org/m/20260511084812.700001_KR_webconnectivity_fc83cd305f5ca382
https://womenonweb.kr/,http-failure,https://explorer.ooni.org/m/20260511084816.095477_KR_webconnectivity_f5728b13001735d4
https://wordpress.com/,ok,https://explorer.ooni.org/m/20260511084818.846134_KR_webconnectivity_4902792d9ac33c96
https://wordpress.org/,ok,https://explorer.ooni.org/m/20260511084823.142616_KR_webconnectivity_05cdf6ec88b44645
https://write.as/,ok,https://explorer.ooni.org/m/20260511084825.630382_KR_webconnectivity_d7804b4badb863ac
https://wupj.org/,ok,https://explorer.ooni.org/m/20260511084828.591350_KR_webconnectivity_71ea2a19c62c391e
https://wwf.panda.org/,ok,https://explorer.ooni.org/m/20260511084834.817770_KR_webconnectivity_7f81d804f431426a
https://www.100webspace.com/,ok,https://explorer.ooni.org/m/20260511084840.040381_KR_webconnectivity_d2cbff2736b2a6b2
https://www.1800respect.org.au/languages/,ok,https://explorer.ooni.org/m/20260511084844.846292_KR_webconnectivity_fb88214663c38ed1
https://www.abortionno.org/,dns,https://explorer.ooni.org/m/20260511084845.678240_KR_webconnectivity_346e329563a4d376
https://www.abortoinfosegura.com/,ok,https://explorer.ooni.org/m/20260511084848.778221_KR_webconnectivity_1fd28bc2bec6f09b
https://www.adl.org/,ok,https://explorer.ooni.org/m/20260511084851.003228_KR_webconnectivity_fe92641fb13f09bc
https://www.adventist.org/,ok,https://explorer.ooni.org/m/20260511084852.434600_KR_webconnectivity_d15962365ba4d235
https://www.advocatesforyouth.org/,ok,https://explorer.ooni.org/m/20260511084853.847936_KR_webconnectivity_8cfa9fef226ce3ec
http://www.afreeca.com/,ok,https://explorer.ooni.org/m/20260511084859.055750_KR_webconnectivity_4ed7efdf67aade70
http://www.ahsex.org/,error,https://explorer.ooni.org/m/20260511084915.158727_KR_webconnectivity_e0481ef9413c5ab0
https://www.angelfire.lycos.com/,ok,https://explorer.ooni.org/m/20260511084916.298111_KR_webconnectivity_f66bebb70c76e8aa
https://www.anglicancommunion.org/,ok,https://explorer.ooni.org/m/20260511084924.426021_KR_webconnectivity_6d05380e89dd054d
http://www.arder.co.kr/,dns,https://explorer.ooni.org/m/20260511084934.272692_KR_webconnectivity_3dccf3f7df372bc0
http://www.asiatour.com/,ok,https://explorer.ooni.org/m/20260511084937.754540_KR_webconnectivity_6b5d42ba895facc1
https://www.atheistalliance.org/,ok,https://explorer.ooni.org/m/20260511084943.323054_KR_webconnectivity_f755b3835ad70f3f
https://www.atheists.org/,ok,https://explorer.ooni.org/m/20260511084947.210741_KR_webconnectivity_3df47e2c0521dca3
http://www.auduboninternational.org/,ok,https://explorer.ooni.org/m/20260511084951.487941_KR_webconnectivity_88880a15f5c8da5a
https://www.autistici.org/,ok,https://explorer.ooni.org/m/20260511084956.591242_KR_webconnectivity_64b729089b5426bb
http://www.bahai.org/,ok,https://explorer.ooni.org/m/20260511085001.310484_KR_webconnectivity_965cd738dad8a946
https://www.beintheknow.org/,dns,https://explorer.ooni.org/m/20260511085002.314355_KR_webconnectivity_232795ac95d31874
https://www.bing-amp.com/v0/amp-iframe-0.1.js,error,https://explorer.ooni.org/m/20260511085003.109380_KR_webconnectivity_57098679dc530cb3
https://www.birthcontrol.com/,dns,https://explorer.ooni.org/m/20260511085006.297174_KR_webconnectivity_00352bf327e108e2
http://www.biz.ly/,ok,https://explorer.ooni.org/m/20260511085010.212292_KR_webconnectivity_f6fa368864869fc6
https://www.bl.ink/,ok,https://explorer.ooni.org/m/20260511085013.327398_KR_webconnectivity_f43773636a7d602c
http://www.blogeasy.com/,ok,https://explorer.ooni.org/m/20260511085014.694097_KR_webconnectivity_28279331ce1e397c
https://www.blogger.com/,ok,https://explorer.ooni.org/m/20260511085019.169238_KR_webconnectivity_978b74c9dd0bba20
http://www.blogsome.com/,ok,https://explorer.ooni.org/m/20260511085024.085594_KR_webconnectivity_d430e4f6ed72547a
https://www.brinkster.com/,ok,https://explorer.ooni.org/m/20260511085026.931729_KR_webconnectivity_ad1b1346f7793bca
http://www.buddhanet.net/,ok,https://explorer.ooni.org/m/20260511085038.314488_KR_webconnectivity_5d3b9c292a0bbb0e
http://www.cafe24.com/,ok,https://explorer.ooni.org/m/20260511085040.119311_KR_webconnectivity_54664c4deae266c8
https://www.carbonbrief.org/,ok,https://explorer.ooni.org/m/20260511085042.766317_KR_webconnectivity_fe8dce6e63f5c0f3
https://www.carbonmap.org/,ok,https://explorer.ooni.org/m/20260511085046.131882_KR_webconnectivity_4090ea2328eef4a5
https://www.catholic.org/,ok,https://explorer.ooni.org/m/20260511085051.057858_KR_webconnectivity_160615737aca1b1a
https://www.catholicsforchoice.org/,ok,https://explorer.ooni.org/m/20260511085053.749308_KR_webconnectivity_edab8d85da6bc66e
https://www.ccel.org/,ok,https://explorer.ooni.org/m/20260511085059.308782_KR_webconnectivity_eec6611c82a9397b
https://www.ceceurope.org/,ok,https://explorer.ooni.org/m/20260511085105.269592_KR_webconnectivity_bd2cb09a8e731f7d
https://www.christianity.com/,ok,https://explorer.ooni.org/m/20260511085108.575931_KR_webconnectivity_1ad8f13f3e4403e8
https://www.christianitytoday.com/,ok,https://explorer.ooni.org/m/20260511085112.408703_KR_webconnectivity_fc398c4145ee67d6
https://www.cleanwateraction.org/,ok,https://explorer.ooni.org/m/20260511085115.320759_KR_webconnectivity_17581bc9f77449d8
https://www.climaterealityproject.org/,ok,https://explorer.ooni.org/m/20260511085118.706914_KR_webconnectivity_a0a55d830de3117c
https://www.coolearth.org/,ok,https://explorer.ooni.org/m/20260511085122.758246_KR_webconnectivity_222e109367e7b0f0
https://www.copticchurch.net/,ok,https://explorer.ooni.org/m/20260511085126.224638_KR_webconnectivity_f7d8c824721744de
https://www.cseindia.org/,ok,https://explorer.ooni.org/m/20260511085139.293716_KR_webconnectivity_5ea17f8e951b42f2
http://www.dogdrip.net/,dns,https://explorer.ooni.org/m/20260511085140.669404_KR_webconnectivity_68d581bc6ea2d2d4
https://www.dotster.com/,dns,https://explorer.ooni.org/m/20260511085141.736185_KR_webconnectivity_99a4b829bcc708e3
https://www.dreamhost.com/,ok,https://explorer.ooni.org/m/20260511085144.821759_KR_webconnectivity_89c1bb0e8714d0d4
https://www.earthaction.org/,ok,https://explorer.ooni.org/m/20260511085148.207830_KR_webconnectivity_520c11e04d50c4f0
https://www.earthrights.org/,ok,https://explorer.ooni.org/m/20260511085149.787108_KR_webconnectivity_2f8cb9d70385800f
http://www.ebaumsworld.com/,dns,https://explorer.ooni.org/m/20260511085150.568997_KR_webconnectivity_040b65c5d66ea50f
http://www.eco.or.kr/,ok,https://explorer.ooni.org/m/20260511085156.649600_KR_webconnectivity_d7c522f784e19cc3
https://www.edf.org/,ok,https://explorer.ooni.org/m/20260511085158.810709_KR_webconnectivity_50a367b73f2816b9
https://www.eea.europa.eu/,ok,https://explorer.ooni.org/m/20260511085212.631716_KR_webconnectivity_2bb74dc5e144a297
https://www.emailaddresses.com/,ok,https://explorer.ooni.org/m/20260511085215.603240_KR_webconnectivity_669261cc3255e599
https://www.enom.com/,ok,https://explorer.ooni.org/m/20260511085218.046891_KR_webconnectivity_1eb7d233d602882f
https://www.epik.com/,ok,https://explorer.ooni.org/m/20260511085222.031041_KR_webconnectivity_284e8aae0777aa9f
https://www.episcopalchurch.org/,ok,https://explorer.ooni.org/m/20260511085226.344941_KR_webconnectivity_d09568d2ae91f79e
https://www.ewg.org/,ok,https://explorer.ooni.org/m/20260511085229.055523_KR_webconnectivity_bf10e6a1f575cbc6
https://www.exmormon.org/,tcp_ip,https://explorer.ooni.org/m/20260511085300.373479_KR_webconnectivity_ffee78c30f60286c
https://www.fandom.com/,dns,https://explorer.ooni.org/m/20260511085301.130700_KR_webconnectivity_0f54ec89b5056c44
http://www.fark.com/,dns,https://explorer.ooni.org/m/20260511085302.857851_KR_webconnectivity_0ae86547f11b6aa6
https://www.fhi360.org/,ok,https://explorer.ooni.org/m/20260511085307.149323_KR_webconnectivity_92b6a83f4f6618a8
http://www.fmkorea.com/,ok,https://explorer.ooni.org/m/20260511085310.374025_KR_webconnectivity_aff0a7fd0df3fbcf
https://www.footprintnetwork.org/,ok,https://explorer.ooni.org/m/20260511085314.210919_KR_webconnectivity_fba8767c0543eecb
http://www.formercatholic.com/,ok,https://explorer.ooni.org/m/20260511085317.939019_KR_webconnectivity_8b85bd3e9a9a87bd
https://www.frc.org/,ok,https://explorer.ooni.org/m/20260511085321.358386_KR_webconnectivity_870a4d1528a4e684
http://www.freehomepage.com/,ok,https://explorer.ooni.org/m/20260511085324.064078_KR_webconnectivity_10acfd079ac994ed
http://www.freeservers.com/,ok,https://explorer.ooni.org/m/20260511085326.774164_KR_webconnectivity_bc91beb041789c45
http://www.freewebspace.com/,ok,https://explorer.ooni.org/m/20260511085329.713560_KR_webconnectivity_9774e1ebaeaf1983
http://www.gabia.com/,error,https://explorer.ooni.org/m/20260511085333.390137_KR_webconnectivity_7ecf3e683684429e
https://www.globalwitness.org/,ok,https://explorer.ooni.org/m/20260511085340.636624_KR_webconnectivity_07e7d8314ae37286
https://www.goarch.org/,ok,https://explorer.ooni.org/m/20260511085342.131113_KR_webconnectivity_de7f0b54ec26b858
https://www.godaddy.com/,dns,https://explorer.ooni.org/m/20260511085344.032453_KR_webconnectivity_254e7c24ff80eba8
http://www.godalone.org/,ok,https://explorer.ooni.org/m/20260511085349.233916_KR_webconnectivity_e5310f9d972af4f3
https://www.googleapis.com/auth/cloud-platform,ok,https://explorer.ooni.org/m/20260511085352.966540_KR_webconnectivity_4d5dd57dd567f8e7
http://www.greenkorea.org/,ok,https://explorer.ooni.org/m/20260511085358.454505_KR_webconnectivity_9d63f46f4d377332
http://www.greennet.org.uk/,ok,https://explorer.ooni.org/m/20260511085403.817701_KR_webconnectivity_a323e2897bc67569
https://www.greenpeace.org/,ok,https://explorer.ooni.org/m/20260511085405.659753_KR_webconnectivity_26795c7916eebeae
https://www.gstatic.com/robots.txt,ok,https://explorer.ooni.org/m/20260511085407.966629_KR_webconnectivity_16cc841a8fb8f43d
http://www.hostgator.com/,ok,https://explorer.ooni.org/m/20260511085410.122432_KR_webconnectivity_3aa2b9e6b2ba187c
http://www.hotge.co.kr/,ok,https://explorer.ooni.org/m/20260511085415.469385_KR_webconnectivity_03d9e707c220c074
https://www.howtouseabortionpill.org/,ok,https://explorer.ooni.org/m/20260511085419.187159_KR_webconnectivity_efa7f9b91f3c16d6
https://www.iaea.org/,ok,https://explorer.ooni.org/m/20260511085420.611955_KR_webconnectivity_898c99e5a980ee8a
http://www.iavi.org/,ok,https://explorer.ooni.org/m/20260511085423.079550_KR_webconnectivity_60e3b4ff6217b069
http://www.iico.org/,ok,https://explorer.ooni.org/m/20260511085430.251129_KR_webconnectivity_e021c00a151721a1
https://www.inaturalist.org/,ok,https://explorer.ooni.org/m/20260511085432.601184_KR_webconnectivity_09ca60dbfd6ca0f3
https://www.internationalrivers.org/,ok,https://explorer.ooni.org/m/20260511085436.700112_KR_webconnectivity_edfd91cf26934224
https://www.ipcc.ch/,ok,https://explorer.ooni.org/m/20260511085442.128031_KR_webconnectivity_f9838ccade559f25
https://www.iskcon.org/,ok,https://explorer.ooni.org/m/20260511085503.563197_KR_webconnectivity_f93f51985af8f30f
http://www.islameyat.com/,ok,https://explorer.ooni.org/m/20260511085510.699221_KR_webconnectivity_0f691bcfbd8cdd6f
http://www.islamicity.com/,ok,https://explorer.ooni.org/m/20260511085512.203319_KR_webconnectivity_ae7c7780d07e3bd0
https://www.islaminstitut.de/en/,ok,https://explorer.ooni.org/m/20260511085517.141893_KR_webconnectivity_555705db1dde1816
https://www.iucn.org/,ok,https://explorer.ooni.org/m/20260511085521.429145_KR_webconnectivity_bcd5f1ccd1450c50
http://www.jesussaves.cc/,ok,https://explorer.ooni.org/m/20260511085528.308607_KR_webconnectivity_3d6dc65855b1415c
http://www.jinbo.net/,ok,https://explorer.ooni.org/m/20260511085537.514691_KR_webconnectivity_d3c01defb635519f
http://www.judaism.com/,ok,https://explorer.ooni.org/m/20260511085540.128164_KR_webconnectivity_92b1c98d58dc1e0a
http://www.judaismconversion.org/,ok,https://explorer.ooni.org/m/20260511085551.702589_KR_webconnectivity_6e02680f389cb4d3
https://www.jw.org/,dns,https://explorer.ooni.org/m/20260511085552.641911_KR_webconnectivity_9f14543f05b77922
http://www.kfem.or.kr/,ok,https://explorer.ooni.org/m/20260511085602.012463_KR_webconnectivity_b7db61b543eb2980
http://www.kgreens.org/,ok,https://explorer.ooni.org/m/20260511085609.063596_KR_webconnectivity_cbe704324f692bee
http://www.krts.or.kr/,ok,https://explorer.ooni.org/m/20260511085614.685199_KR_webconnectivity_06ec2d6799c0bdc2
https://www.leaseweb.com/,ok,https://explorer.ooni.org/m/20260511085617.666019_KR_webconnectivity_944ee20217229fd6
https://www.livejournal.com/,dns,https://explorer.ooni.org/m/20260511085618.844771_KR_webconnectivity_68b670264638ce7c
http://www.mgoon.com/,error,https://explorer.ooni.org/m/20260511085636.143048_KR_webconnectivity_6c2e8514240add99
http://www.muhammadanism.com/,ok,https://explorer.ooni.org/m/20260511085650.232272_KR_webconnectivity_4230e04f0e377a89
https://www.namecheap.com/,ok,https://explorer.ooni.org/m/20260511085651.748146_KR_webconnectivity_d89f3e9c72087059
http://www.nate.com/,ok,https://explorer.ooni.org/m/20260511085653.765964_KR_webconnectivity_a03678346e1b2186
http://www.nate.com/?f=pann,ok,https://explorer.ooni.org/m/20260511085655.439697_KR_webconnectivity_1498877ea4c9085d
http://www.nature.org/,ok,https://explorer.ooni.org/m/20260511085659.243671_KR_webconnectivity_15a3e095712ddab7
http://www.no-ip.com/,ok,https://explorer.ooni.org/m/20260511085705.286623_KR_webconnectivity_f0b67361fdac31fc
https://www.oca.org/,ok,https://explorer.ooni.org/m/20260511085709.825180_KR_webconnectivity_f0cff224a6e8cada
http://www.oicc.org/,ok,https://explorer.ooni.org/m/20260511085713.514205_KR_webconnectivity_e78b474f29916537
http://www.oikoumene.org/,ok,https://explorer.ooni.org/m/20260511085718.497088_KR_webconnectivity_1a202dfebbe13b69
https://www.om.org/,ok,https://explorer.ooni.org/m/20260511085719.770000_KR_webconnectivity_8380df9854b11507
https://www.orangewebsite.com/,ok,https://explorer.ooni.org/m/20260511085725.648381_KR_webconnectivity_be753e3e50eb9e6f
http://www.orthodoxconvert.info/,ok,https://explorer.ooni.org/m/20260511085729.177439_KR_webconnectivity_4e24f9ad7d222abb
https://www.paganpride.org/,ok,https://explorer.ooni.org/m/20260511085732.930047_KR_webconnectivity_ad036fc34e11d73d
http://www.pandora.tv/,ok,https://explorer.ooni.org/m/20260511085733.838327_KR_webconnectivity_c3531517033845c9
https://www.persecution.org/,ok,https://explorer.ooni.org/m/20260511085738.462531_KR_webconnectivity_ab33fd9a91a870e6
https://www.peta.org/,dns,https://explorer.ooni.org/m/20260511085739.210536_KR_webconnectivity_2523eaab75bd8866
https://www.petside.com/,ok,https://explorer.ooni.org/m/20260511085815.413605_KR_webconnectivity_b9bd8496c623d8f7
https://www.plannedparenthood.org/,dns,https://explorer.ooni.org/m/20260511085816.277472_KR_webconnectivity_66fe56f7e62381e7
http://www.podbbang.com/,ok,https://explorer.ooni.org/m/20260511085820.853363_KR_webconnectivity_3d3ffb473bb8cc51
http://www.ppfk.or.kr/,ok,https://explorer.ooni.org/m/20260511085828.639564_KR_webconnectivity_6b932be79a0b9f67
http://www.ppomppu.co.kr/zboard/zboard.php?id=freeboard,ok,https://explorer.ooni.org/m/20260511085830.099652_KR_webconnectivity_e27dd0a2f66af1d5
http://www.ppomppu.co.kr/zboard/zboard.php?id=issue,ok,https://explorer.ooni.org/m/20260511085831.587126_KR_webconnectivity_1f1df51a734823d0
https://www.premaritalsex.info/,dns,https://explorer.ooni.org/m/20260511085832.630254_KR_webconnectivity_3e5e1ed2e66687ba
https://www.privex.io/,ok,https://explorer.ooni.org/m/20260511085836.615193_KR_webconnectivity_4f4a895b71c84fdc
http://www.prolife.or.kr/,ok,https://explorer.ooni.org/m/20260511085844.445226_KR_webconnectivity_e7e29f7df831c014
http://www.pullbbang.com/,dns,https://explorer.ooni.org/m/20260511085846.301747_KR_webconnectivity_2184b019170b47fa
https://www.rackspace.com/,ok,https://explorer.ooni.org/m/20260511085849.678351_KR_webconnectivity_adc3781d508df536
http://www.ran.org/,ok,https://explorer.ooni.org/m/20260511085853.727698_KR_webconnectivity_5ba5d97243a63aa4
https://www.ran.org/,ok,https://explorer.ooni.org/m/20260511085856.306383_KR_webconnectivity_22c60b73564660d9
https://www.rebrandly.com/,ok,https://explorer.ooni.org/m/20260511085858.744495_KR_webconnectivity_0a1cf0c99a471ff1
https://www.reprouncensored.org/,ok,https://explorer.ooni.org/m/20260511085903.354054_KR_webconnectivity_0587a7d0d8344986
https://www.resourcematters.org/,ok,https://explorer.ooni.org/m/20260511085906.106422_KR_webconnectivity_8cdf2e1997cfabaf
https://www.salvationarmy.org/,ok,https://explorer.ooni.org/m/20260511085910.311189_KR_webconnectivity_ef98542a5f45cd84
http://www.sangsaeng.org/,dns,https://explorer.ooni.org/m/20260511085913.809076_KR_webconnectivity_0d118a9048f9e86c
https://www.sbc.net/,ok,https://explorer.ooni.org/m/20260511085918.403962_KR_webconnectivity_5588f4918b5692e7
http://www.scarleteen.com/,dns,https://explorer.ooni.org/m/20260511085919.946024_KR_webconnectivity_11f96d6f3c3a2e44
http://www.scientology.org/,ok,https://explorer.ooni.org/m/20260511085923.170786_KR_webconnectivity_edf21920ecc35445
http://www.secularislam.org/,ok,https://explorer.ooni.org/m/20260511085927.758887_KR_webconnectivity_daa60f442a481f1f
http://www.sex-academy.com/,dns,https://explorer.ooni.org/m/20260511085930.093691_KR_webconnectivity_29cc090d8f94f12b
http://www.sexandu.ca/,dns,https://explorer.ooni.org/m/20260511085933.172435_KR_webconnectivity_68eaeda44341e0a7
http://www.sexandu.ca/fr/,dns,https://explorer.ooni.org/m/20260511085936.851189_KR_webconnectivity_31eb30a4bc4673a8
https://www.sfsi.org/,dns,https://explorer.ooni.org/m/20260511085939.454376_KR_webconnectivity_45ae2e027019b03b
http://www.shinto.org/,ok,https://explorer.ooni.org/m/20260511085948.101509_KR_webconnectivity_ff48cc125ef92649
http://www.siecus.org/,dns,https://explorer.ooni.org/m/20260511085949.014117_KR_webconnectivity_261a685f45a10fff
https://www.sierraclub.org/,ok,https://explorer.ooni.org/m/20260511085950.005998_KR_webconnectivity_fd26f22939763b9a
http://www.submission.org/,ok,https://explorer.ooni.org/m/20260511085953.878862_KR_webconnectivity_ea3bff1090098838
http://www.survive.org.uk/,ok,https://explorer.ooni.org/m/20260511085956.632342_KR_webconnectivity_eea293a9aaab2ffb
http://www.suyongso.com/,ok,https://explorer.ooni.org/m/20260511085957.422247_KR_webconnectivity_4ab89e8f524bb2c8
http://www.tcloud.co.kr/,ok,https://explorer.ooni.org/m/20260511090014.086686_KR_webconnectivity_51706bbdbfeaf665
http://www.teenhealthfx.com/,ok,https://explorer.ooni.org/m/20260511090018.215462_KR_webconnectivity_6bd7a6a4439be374
http://www.teensource.org/,dns,https://explorer.ooni.org/m/20260511090019.537283_KR_webconnectivity_166e766b0707b3e4
http://www.themwl.org/,ok,https://explorer.ooni.org/m/20260511090027.118567_KR_webconnectivity_de732da1308240cc
http://www.tistory.com/,ok,https://explorer.ooni.org/m/20260511090032.740143_KR_webconnectivity_86591131fe48d4a7
http://www.todayhumor.co.kr/,ok,https://explorer.ooni.org/m/20260511090036.332163_KR_webconnectivity_ed0f47eff84370b8
http://www.tripod.lycos.com/,ok,https://explorer.ooni.org/m/20260511090037.642176_KR_webconnectivity_710a90e3067e9d28
http://www.truthnet.org/,ok,https://explorer.ooni.org/m/20260511090043.266951_KR_webconnectivity_ad713f5af729606f
http://www.typepad.com/,ok,https://explorer.ooni.org/m/20260511090045.651921_KR_webconnectivity_f12c2e470b836c19
https://www.ucc.org/,ok,https://explorer.ooni.org/m/20260511090049.232946_KR_webconnectivity_b2d79d89430af314
https://www.ucsusa.org/,ok,https://explorer.ooni.org/m/20260511090053.233007_KR_webconnectivity_9056367fc359d6ae
http://www.ultimatebirthcontrol.com/,dns,https://explorer.ooni.org/m/20260511090055.095965_KR_webconnectivity_df41a8cf85da18e3
http://www.umc.org/,ok,https://explorer.ooni.org/m/20260511090059.780033_KR_webconnectivity_506fa18d0e20174a
https://www.unep.org/,ok,https://explorer.ooni.org/m/20260511090102.710998_KR_webconnectivity_66fc6fc1664ac7e6
http://www.upci.org/,ok,https://explorer.ooni.org/m/20260511090107.547074_KR_webconnectivity_4eccdf693662f72a
http://www.vatican.va/,ok,https://explorer.ooni.org/m/20260511090109.600318_KR_webconnectivity_8b2b8139202bbef7
http://www.wcicc.org/,ok,https://explorer.ooni.org/m/20260511090111.864858_KR_webconnectivity_5c97fb12351af84f
https://www.weebly.com/,ok,https://explorer.ooni.org/m/20260511090114.352879_KR_webconnectivity_a09ac8e2f6c4bc43
http://www.whois.co.kr/,ok,https://explorer.ooni.org/m/20260511090122.525469_KR_webconnectivity_2671262282ff6e65
http://www.wix.com/,ok,https://explorer.ooni.org/m/20260511090126.351747_KR_webconnectivity_89077eae43e8ac33
http://www.worldjewishcongress.org/,ok,https://explorer.ooni.org/m/20260511090133.123618_KR_webconnectivity_a3c9959b21e9212e
https://www.worldwildlife.org/,ok,https://explorer.ooni.org/m/20260511090134.156576_KR_webconnectivity_0169440028bcaca6
https://www.xenu.net/,ok,https://explorer.ooni.org/m/20260511090139.912811_KR_webconnectivity_c5a1dfca3089ef78
http://www.xyinlove.co.kr/,error,https://explorer.ooni.org/m/20260511090156.678566_KR_webconnectivity_bde0f7b4587fbeb3
http://www.ymca.int/,dns,https://explorer.ooni.org/m/20260511090158.632819_KR_webconnectivity_1d87708f4185dd3a
https://www.yola.com/,ok,https://explorer.ooni.org/m/20260511090202.298263_KR_webconnectivity_59a3e48386af4d48
https://www.zanzu.nl/,dns,https://explorer.ooni.org/m/20260511090203.144780_KR_webconnectivity_1666722a6281b535
https://www.zoomshare.com/,dns,https://explorer.ooni.org/m/20260511090204.919401_KR_webconnectivity_626a0aa75c9aae0a
http://xanga.com/,ok,https://explorer.ooni.org/m/20260511090207.252125_KR_webconnectivity_b713c3e12e172a22
https://xda-developers.com/,ok,https://explorer.ooni.org/m/20260511090213.973006_KR_webconnectivity_8911897a2045211d
https://yourls.org/,ok,https://explorer.ooni.org/m/20260511090215.547991_KR_webconnectivity_42516a4dd4e9ba52
https://yt3.ggpht.com/a-/AOh14GhGCI1dxtHOY_TDQfmxDBK_S7CHTPJ3U6zOUw=s480-c-k-c0x00ffffff-no-rj-mo,ok,https://explorer.ooni.org/m/20260511090219.958533_KR_webconnectivity_37ee419c766ab155
https://yt4.ggpht.com/a-/AOh14GhOiUxI-RcMC-Vfl2i15v3xewMr8bt2yNXTfw=s480-c-k-c0x00ffffff-no-rj-mo,ok,https://explorer.ooni.org/m/20260511090224.567690_KR_webconnectivity_aa1d5878a6bb8ec8
https://1337x.st/,dns,https://explorer.ooni.org/m/20260511090225.367993_KR_webconnectivity_5ef028794488cb8c
https://1337x.to/,dns,https://explorer.ooni.org/m/20260511090226.160982_KR_webconnectivity_3911540ef29b8e1b
http://4shared.com/,confirmed,https://explorer.ooni.org/m/20260511090229.003028_KR_webconnectivity_beb09a1adeeb4afe
https://911truth.org/,ok,https://explorer.ooni.org/m/20260511090234.914118_KR_webconnectivity_01b9245ea2d99999
https://addons.mozilla.org/,ok,https://explorer.ooni.org/m/20260511090238.243724_KR_webconnectivity_cbf4d61ac98817f3
https://addons.opera.com/,ok,https://explorer.ooni.org/m/20260511090243.609685_KR_webconnectivity_a566a0f820155a93
https://addons.opera.com/en/extensions/,ok,https://explorer.ooni.org/m/20260511090248.395930_KR_webconnectivity_5929338b31d2c84b
https://annas-archive.org/,dns,https://explorer.ooni.org/m/20260511090249.078077_KR_webconnectivity_d3d3fac3602e0c5b
http://applefile.com/,dns,https://explorer.ooni.org/m/20260511090251.294688_KR_webconnectivity_da963c3684ac58ab
https://ar.m.wikipedia.org/,ok,https://explorer.ooni.org/m/20260511090257.289650_KR_webconnectivity_0d2aa0515a1ce6c1
https://ar.wikipedia.org/,ok,https://explorer.ooni.org/m/20260511090301.027347_KR_webconnectivity_de14bbe7cabe09c6
https://archiveofourown.org/,ok,https://explorer.ooni.org/m/20260511090302.652156_KR_webconnectivity_ba42fff277b5364e
https://arxiv.org/,ok,https://explorer.ooni.org/m/20260511090303.886510_KR_webconnectivity_f7962847c3eddca3
https://asean.org/,ok,https://explorer.ooni.org/m/20260511090306.733006_KR_webconnectivity_2c521aedf9ef7984
https://bintray.com/,ok,https://explorer.ooni.org/m/20260511090310.806808_KR_webconnectivity_9b2a0bf0c931df65
http://bitsnoop.com/,dns,https://explorer.ooni.org/m/20260511090311.557902_KR_webconnectivity_0e569fe86b50f04a
http://bommin.net/,confirmed,https://explorer.ooni.org/m/20260511090313.940228_KR_webconnectivity_6d2e16c808f4f373
https://ca.wikipedia.org/,ok,https://explorer.ooni.org/m/20260511090317.621798_KR_webconnectivity_8d2e7f78f68ae12b
http://cafe.daum.net/seoulminart,ok,https://explorer.ooni.org/m/20260511090320.308310_KR_webconnectivity_70b5cff0802e3232
http://cafe.naver.com/newartcafe,ok,https://explorer.ooni.org/m/20260511090326.166980_KR_webconnectivity_c6ae1887125f49cb
http://canna.to/,dns,https://explorer.ooni.org/m/20260511090326.984821_KR_webconnectivity_b85e90ccdcae2a45
https://catbox.moe/,ok,https://explorer.ooni.org/m/20260511090329.269601_KR_webconnectivity_a1f1e6f3e1ac7794
https://chat.openai.com/,ok,https://explorer.ooni.org/m/20260511090330.463120_KR_webconnectivity_166fc83c003a5c76
http://chongryon.com/,confirmed,https://explorer.ooni.org/m/20260511090346.582209_KR_webconnectivity_a4c129031606f1d6
https://chrome.google.com/webstore/category/extensions,ok,https://explorer.ooni.org/m/20260511090350.480969_KR_webconnectivity_8dc09c915c0ea45b
https://chromewebstore.google.com/,ok,https://explorer.ooni.org/m/20260511090354.167969_KR_webconnectivity_76dd392b7401864c
https://code.org/,ok,https://explorer.ooni.org/m/20260511090356.806056_KR_webconnectivity_77719d16ff2adef5
https://commons.wikimedia.org/,ok,https://explorer.ooni.org/m/20260511090400.573784_KR_webconnectivity_20091d3a8abca1f9
https://credibilitycoalition.org/,ok,https://explorer.ooni.org/m/20260511090403.114032_KR_webconnectivity_bc2460315f40b078
https://crypt.ee/,ok,https://explorer.ooni.org/m/20260511090406.243053_KR_webconnectivity_9b14a0edf23cd07b
http://data.donkeyhote.co.kr/,dns,https://explorer.ooni.org/m/20260511090407.687510_KR_webconnectivity_ca56c2d20c32e191
https://de.wikipedia.org/,ok,https://explorer.ooni.org/m/20260511090412.607436_KR_webconnectivity_d6c7fdb47d670707
https://dfiles.eu/,ok,https://explorer.ooni.org/m/20260511090418.987759_KR_webconnectivity_fcd935b2298b3174
https://digg.com/,ok,https://explorer.ooni.org/m/20260511090422.633586_KR_webconnectivity_66f06a4f7040c98c
https://docs.google.com/,ok,https://explorer.ooni.org/m/20260511090426.939500_KR_webconnectivity_41865deb6d02c97b
https://download.cnet.com/,ok,https://explorer.ooni.org/m/20260511090428.514215_KR_webconnectivity_7ef0c1d57e650db3
https://drive.google.com/,ok,https://explorer.ooni.org/m/20260511090433.190340_KR_webconnectivity_0daff37e84d6d292
https://en.m.wikipedia.org/,ok,https://explorer.ooni.org/m/20260511090437.739646_KR_webconnectivity_9b343b2434a9235e
https://en.wikipedia.org/,ok,https://explorer.ooni.org/m/20260511090441.180016_KR_webconnectivity_bb678e14b7886ef9
https://en.wiktionary.org/,ok,https://explorer.ooni.org/m/20260511090445.165557_KR_webconnectivity_e5f754ebd2668297
https://ente.io/,ok,https://explorer.ooni.org/m/20260511090447.566860_KR_webconnectivity_72a96a2fad1438be
https://es.m.wikipedia.org/,ok,https://explorer.ooni.org/m/20260511090451.985162_KR_webconnectivity_9deeb8bfcd53e2b6
https://es.wikipedia.org/,ok,https://explorer.ooni.org/m/20260511090455.311858_KR_webconnectivity_933a2aaac75d2683
https://eztv.ag/,dns,https://explorer.ooni.org/m/20260511090456.477132_KR_webconnectivity_b6158b4bb3db41b5
https://eztv.re/,dns,https://explorer.ooni.org/m/20260511090458.017287_KR_webconnectivity_a77bad747639284a
https://f-droid.org/,ok,https://explorer.ooni.org/m/20260511090501.619303_KR_webconnectivity_03a5a151d9a510a6
https://fdroid.tetaneutral.net/fdroid/repo,ok,https://explorer.ooni.org/m/20260511090505.913061_KR_webconnectivity_ba35eb70c880f499
http://file.daum.net/,ok,https://explorer.ooni.org/m/20260511090507.567320_KR_webconnectivity_f763a6cd5b426e8d
http://filecast.co.kr/,ok,https://explorer.ooni.org/m/20260511090514.042900_KR_webconnectivity_6205d5f3b3e12e1d
https://filen.io/,ok,https://explorer.ooni.org/m/20260511090522.010944_KR_webconnectivity_3d149ab3306e270f
https://files.pythonhosted.org/,ok,https://explorer.ooni.org/m/20260511090522.980682_KR_webconnectivity_cba3929509b5e694
https://forum.mhut.org/,dns,https://explorer.ooni.org/m/20260511090526.004925_KR_webconnectivity_68260bffe910a957
https://fr.wikipedia.org/,ok,https://explorer.ooni.org/m/20260511090531.959998_KR_webconnectivity_caab3d4ef881c04f
https://ftp.fau.de/fdroid/repo,ok,https://explorer.ooni.org/m/20260511090537.907697_KR_webconnectivity_6117f659e403cd3c
http://gnu.rep.kp/,dns,https://explorer.ooni.org/m/20260511090540.577952_KR_webconnectivity_cf96ebdbd89e062b
https://hackerspaces.org/,ok,https://explorer.ooni.org/m/20260511090544.542528_KR_webconnectivity_650218ca5aeb2f77
http://historyedu.or.kr/,ok,https://explorer.ooni.org/m/20260511090550.240046_KR_webconnectivity_4c6a5e47cc3ad98b
http://hksh.koreanhistory.or.kr/,ok,https://explorer.ooni.org/m/20260511090551.615222_KR_webconnectivity_6113cdd24f02d8a5
https://i.gr-assets.com/robots.txt,ok,https://explorer.ooni.org/m/20260511090553.486271_KR_webconnectivity_61fcc616d599c3bf
https://infidels.org/,ok,https://explorer.ooni.org/m/20260511090556.734837_KR_webconnectivity_883a77585eab7358
https://int.soccerway.com/,http-failure,https://explorer.ooni.org/m/20260511090558.675184_KR_webconnectivity_4b297c28dd626cd3
https://intelligence.weforum.org/,ok,https://explorer.ooni.org/m/20260511090602.527411_KR_webconnectivity_0558925839c4f828
https://isa.gov.ly/,ok,https://explorer.ooni.org/m/20260511090604.513047_KR_webconnectivity_df99e85bb7a63bb0
https://it.wikipedia.org/,ok,https://explorer.ooni.org/m/20260511090609.599712_KR_webconnectivity_ff12192e266b63bd
https://ja.wikipedia.org/,ok,https://explorer.ooni.org/m/20260511090613.298219_KR_webconnectivity_9ea102911b24679b
http://kancc.org/,dns,https://explorer.ooni.org/m/20260511090618.247395_KR_webconnectivity_690fa7b174ac95e8
http://kass.org.kp/,dns,https://explorer.ooni.org/m/20260511090623.595585_KR_webconnectivity_8afc24d905d9c58f
https://kat.am/,dns,https://explorer.ooni.org/m/20260511090625.948100_KR_webconnectivity_e7689fb5b40bfa08
https://katcr.to/,tcp_ip,https://explorer.ooni.org/m/20260511090628.805743_KR_webconnectivity_f8255fccff5334f7
http://kcnawatch.co/,confirmed,https://explorer.ooni.org/m/20260511090629.799093_KR_webconnectivity_6dfadd5c2a532945
http://kicc-dprk.org/,confirmed,https://explorer.ooni.org/m/20260511090631.847446_KR_webconnectivity_624b01ceec3b4cb0
https://kickasstorrents.to/,dns,https://explorer.ooni.org/m/20260511090632.562256_KR_webconnectivity_f7376cd719cffcf9
http://kiyctc.com.kp/,dns,https://explorer.ooni.org/m/20260511090636.032468_KR_webconnectivity_757b5885f77b083f
http://ko.internationalism.org/,ok,https://explorer.ooni.org/m/20260511090640.674789_KR_webconnectivity_05901a09b4112366
https://ko.wikipedia.org/,ok,https://explorer.ooni.org/m/20260511090644.926492_KR_webconnectivity_65c7df942a8ae793
https://ko.wiktionary.org/,ok,https://explorer.ooni.org/m/20260511090648.768340_KR_webconnectivity_8684350ae03b2afd
http://korfilm.com.kp/,dns,https://explorer.ooni.org/m/20260511090705.128706_KR_webconnectivity_f5aa0e2df0f2ae61
http://kremlin.ru/,ok,https://explorer.ooni.org/m/20260511090707.698629_KR_webconnectivity_abe32c06e8a90fc8
https://libgen.fun/,error,https://explorer.ooni.org/m/20260511090709.795774_KR_webconnectivity_be3db41554f13912
http://libgen.gs/,dns,https://explorer.ooni.org/m/20260511090710.494733_KR_webconnectivity_49ecefe4420e7850
https://libgen.is/,dns,https://explorer.ooni.org/m/20260511090726.141346_KR_webconnectivity_8007a4ce90c0ce60
http://libgen.lc/,ok,https://explorer.ooni.org/m/20260511090729.077867_KR_webconnectivity_e3f621644ec3a053
http://libgen.li/,dns,https://explorer.ooni.org/m/20260511090730.752159_KR_webconnectivity_3794286c7fc0b04d
https://libgen.life/,tcp_ip,https://explorer.ooni.org/m/20260511090816.617031_KR_webconnectivity_b8eb4f61343d3b68
https://libgen.me/,error,https://explorer.ooni.org/m/20260511090818.664073_KR_webconnectivity_61fd6e77b5cee7f9
http://libgen.rs/,dns,https://explorer.ooni.org/m/20260511090834.378807_KR_webconnectivity_eadcf9ab84d0eeb8
https://libgen.space/,error,https://explorer.ooni.org/m/20260511090836.129824_KR_webconnectivity_37f14d7a41842697
http://libgen.st/,tcp_ip,https://explorer.ooni.org/m/20260511090922.204786_KR_webconnectivity_19c4fbe4305593bd
https://libgen.xyz/,dns,https://explorer.ooni.org/m/20260511090923.185848_KR_webconnectivity_5b04f12c65d04db8
https://limetorrents.pro/,dns,https://explorer.ooni.org/m/20260511090924.025756_KR_webconnectivity_6c01a3556b7eba20
https://login.infomaniak.com/,ok,https://explorer.ooni.org/m/20260511090927.622287_KR_webconnectivity_361ab8db1a7584b5
https://login.tailscale.com/,ok,https://explorer.ooni.org/m/20260511090936.188198_KR_webconnectivity_954b7051c228c3d6
http://ma.gov.kp/,dns,https://explorer.ooni.org/m/20260511090940.102000_KR_webconnectivity_07125447403068f1
https://mashable.com/,ok,https://explorer.ooni.org/m/20260511090942.334129_KR_webconnectivity_f4664bf68a946ca8
https://microsoftedge.microsoft.com/,dns,https://explorer.ooni.org/m/20260511090943.147909_KR_webconnectivity_9e54b026f4683dea
https://microsoftedge.microsoft.com/addons/Microsoft-Edge-Extensions-Home,dns,https://explorer.ooni.org/m/20260511090943.943434_KR_webconnectivity_16e1f280ff424bd2
https://mirror.cyberbits.eu/fdroid/repo,ok,https://explorer.ooni.org/m/20260511090947.572157_KR_webconnectivity_e9b5a7396fbf410c
https://mymemory.translated.net/,ok,https://explorer.ooni.org/m/20260511090953.288553_KR_webconnectivity_4f25967186394209
http://naenara.com/,ok,https://explorer.ooni.org/m/20260511090955.924126_KR_webconnectivity_cc35c196ec32a180
https://newalbumreleases.net/,dns,https://explorer.ooni.org/m/20260511090956.753051_KR_webconnectivity_00b87ec229ed8497
https://notesnook.com/,ok,https://explorer.ooni.org/m/20260511091000.168246_KR_webconnectivity_9af4240ad2b843fe
https://nsw2u.com/,dns,https://explorer.ooni.org/m/20260511091000.973134_KR_webconnectivity_a24ef5723db41ea8
http://onekorea.org/,ok,https://explorer.ooni.org/m/20260511091003.728075_KR_webconnectivity_ba7dfd248c488a08
https://openverse.org/,ok,https://explorer.ooni.org/m/20260511091005.258335_KR_webconnectivity_1efa36922eed8741
http://osaka.korea-htr.com/,ok,https://explorer.ooni.org/m/20260511091006.033799_KR_webconnectivity_4c66317a8d3c93a8
https://plug-mirror.rcac.purdue.edu/fdroid/repo,ok,https://explorer.ooni.org/m/20260511091009.060066_KR_webconnectivity_2e6ba93fe11a6ec9
https://pt.m.wikipedia.org/,ok,https://explorer.ooni.org/m/20260511091013.365231_KR_webconnectivity_cb9b459c0229e5f3
https://pulse.internetsociety.org/,ok,https://explorer.ooni.org/m/20260511091018.880498_KR_webconnectivity_de11cf0dde31d36d
https://put.io/,ok,https://explorer.ooni.org/m/20260511091021.549429_KR_webconnectivity_ace54f2e274c3192
https://radiofreetexas.com/,ok,https://explorer.ooni.org/m/20260511091030.265181_KR_webconnectivity_032259aa3938528e
https://rapidgator.net/,dns,https://explorer.ooni.org/m/20260511091031.024996_KR_webconnectivity_cbfca5292c8706b7
https://rargb.to/,dns,https://explorer.ooni.org/m/20260511091032.112006_KR_webconnectivity_ab28ec1b92b1e915
https://ru.wikipedia.org/,ok,https://explorer.ooni.org/m/20260511091035.938195_KR_webconnectivity_e5f44ace1c69301e
https://s.gr-assets.com/robots.txt,ok,https://explorer.ooni.org/m/20260511091037.293197_KR_webconnectivity_9e3a0786045f18d5
https://savefrom.net/,dns,https://explorer.ooni.org/m/20260511091038.082047_KR_webconnectivity_f4aeace7ea2ee341
https://sci-hub.se/,dns,https://explorer.ooni.org/m/20260511091038.813541_KR_webconnectivity_c663b01023199f25
http://sdprk.org.kp/,dns,https://explorer.ooni.org/m/20260511091041.638189_KR_webconnectivity_3f0ca6921c9b90b7
http://sfkuk.freeservers.com/,ok,https://explorer.ooni.org/m/20260511091043.694158_KR_webconnectivity_fa67be4a4d0e91df
http://simfile.uplusbox.co.kr/,dns,https://explorer.ooni.org/m/20260511091102.238290_KR_webconnectivity_386e68d9c133fb7a
https://simple.wikipedia.org/,ok,https://explorer.ooni.org/m/20260511091106.050991_KR_webconnectivity_6c32631f2e65caba
https://skiff.com/,ok,https://explorer.ooni.org/m/20260511091107.886525_KR_webconnectivity_a8191fff37fa2c22
http://software.naver.com/,ok,https://explorer.ooni.org/m/20260511091108.600301_KR_webconnectivity_853507f1a1a4cae0
https://soundcloud.com/,ok,https://explorer.ooni.org/m/20260511091111.622806_KR_webconnectivity_410b026a4138aff0
https://sourceforge.net/,ok,https://explorer.ooni.org/m/20260511091112.941443_KR_webconnectivity_d483ee72fbc4bf5c
https://standardnotes.com/,ok,https://explorer.ooni.org/m/20260511091116.349740_KR_webconnectivity_758e23a823c37a4a
https://subscene.com/,dns,https://explorer.ooni.org/m/20260511091117.584263_KR_webconnectivity_7f02baed11b2451d
https://theonion.com/,dns,https://explorer.ooni.org/m/20260511091118.332820_KR_webconnectivity_724e3e89da2e9e2e
https://thepiratebay.org/,dns,https://explorer.ooni.org/m/20260511091120.027238_KR_webconnectivity_1e955d473ada7649
http://tongil-i.net/,ok,https://explorer.ooni.org/m/20260511091120.777202_KR_webconnectivity_912b315eb9d74c13
http://torrent82.com/,ok,https://explorer.ooni.org/m/20260511091121.502663_KR_webconnectivity_0ecaee2ce49448b0
http://torrentdada.com/,dns,https://explorer.ooni.org/m/20260511091122.604736_KR_webconnectivity_0967a15d1aa9f4bd
http://torrenters.com/,dns,https://explorer.ooni.org/m/20260511091124.325963_KR_webconnectivity_8fdd5510173fec57
http://torrentgogo.com/,ok,https://explorer.ooni.org/m/20260511091128.205102_KR_webconnectivity_ceaeb8ee4d7f50d5
http://torters.com/,dns,https://explorer.ooni.org/m/20260511091128.941097_KR_webconnectivity_8294af6bde3a4832
https://uea.org/,ok,https://explorer.ooni.org/m/20260511091134.136211_KR_webconnectivity_0a35499e02dfb41c
https://upload.wikimedia.org/wikipedia/commons/thumb/3/37/Generic_Camera_Icon.svg/100px-Generic_Camera_Icon.svg.png,ok,https://explorer.ooni.org/m/20260511091136.441210_KR_webconnectivity_3f7cf2a475c656e7
http://usacrime.or.kr/,ok,https://explorer.ooni.org/m/20260511091140.303019_KR_webconnectivity_96d13c64453d6873
https://w3schools.com/,ok,https://explorer.ooni.org/m/20260511091145.062760_KR_webconnectivity_b04571da2c27cfab
https://web.archive.org/,dns,https://explorer.ooni.org/m/20260511091146.648209_KR_webconnectivity_09c5f41c1faef040
https://wikidata.org/,ok,https://explorer.ooni.org/m/20260511091150.751547_KR_webconnectivity_9d1202b00c94bdc9
https://wikihow.com/,ok,https://explorer.ooni.org/m/20260511091153.142014_KR_webconnectivity_39f29fcf14d6ff65
https://wikimapia.org/,ok,https://explorer.ooni.org/m/20260511091156.299405_KR_webconnectivity_b001e2eb10172a44
http://www.1koreannews.com/,http-diff,https://explorer.ooni.org/m/20260511091157.681617_KR_webconnectivity_2969bc7de6458936
https://www.2shared.com/,ok,https://explorer.ooni.org/m/20260511091201.085030_KR_webconnectivity_b6cac4f881ed7b17
https://www.4shared.com/,ok,https://explorer.ooni.org/m/20260511091207.229324_KR_webconnectivity_4153b141c8f384c0
https://www.911memorial.org/,ok,https://explorer.ooni.org/m/20260511091211.323892_KR_webconnectivity_0504fa2690445763
http://www.acquisitionx.com/,ok,https://explorer.ooni.org/m/20260511091212.228460_KR_webconnectivity_57a9f31fde80f3b5
https://www.af.mil/,ok,https://explorer.ooni.org/m/20260511091214.687228_KR_webconnectivity_0e23107f0375c249
http://www.aha.ru/,ok,https://explorer.ooni.org/m/20260511091233.980924_KR_webconnectivity_9c0aef0ac687c0e7
http://www.aha.ru/~zentsov/korea.htm,ok,https://explorer.ooni.org/m/20260511091251.155983_KR_webconnectivity_4633fc7272942bab
http://www.arirang.dprkorea.com/,dns,https://explorer.ooni.org/m/20260511091302.630514_KR_webconnectivity_4fcfe53f7079d540
https://www.army.mil/,ok,https://explorer.ooni.org/m/20260511091305.855067_KR_webconnectivity_b4c109840d881a73
https://www.auswaertiges-amt.de/,ok,https://explorer.ooni.org/m/20260511091310.613339_KR_webconnectivity_53bad9eee833cfcb
http://www.big.or.jp/,ok,https://explorer.ooni.org/m/20260511091312.656590_KR_webconnectivity_81ee18da32658fa6
http://www.bitcomet.com/,dns,https://explorer.ooni.org/m/20260511091313.413609_KR_webconnectivity_26eb6010acf537ea
http://www.bittornado.com/,dns,https://explorer.ooni.org/m/20260511091329.119539_KR_webconnectivity_4a3cf72448865522
https://www.bme.com/,dns,https://explorer.ooni.org/m/20260511091330.429026_KR_webconnectivity_247e6cc0efbd2faa
http://www.bommin.net/,confirmed,https://explorer.ooni.org/m/20260511091333.212582_KR_webconnectivity_e44f15cc2cf57a98
http://www.centcom.mil/,ok,https://explorer.ooni.org/m/20260511091335.564647_KR_webconnectivity_c4de59eb0b08f2c0
http://www.chaju.org/,ok,https://explorer.ooni.org/m/20260511091338.722208_KR_webconnectivity_b33b5a57f7b8bbb6
http://www.chongryon.com/,confirmed,https://explorer.ooni.org/m/20260511091354.949037_KR_webconnectivity_241af39d3b84a62a
https://www.cia.gov/,ok,https://explorer.ooni.org/m/20260511091359.614670_KR_webconnectivity_6d133bdbc1729b97
http://www.cinetown.co.kr/,ok,https://explorer.ooni.org/m/20260511091416.539813_KR_webconnectivity_abc3ac0f8b69b746
http://www.cinewel.com/,dns,https://explorer.ooni.org/m/20260511091417.589519_KR_webconnectivity_80602f159e9bb797
https://www.cis.minsk.by/,ok,https://explorer.ooni.org/m/20260511091442.163565_KR_webconnectivity_b7a15f29bf1c9d9a
http://www.cizel.co.kr/,dns,https://explorer.ooni.org/m/20260511091444.021381_KR_webconnectivity_71a05870c2b5e3a1
http://www.cnet-ta.ne.jp/,ok,https://explorer.ooni.org/m/20260511091447.521140_KR_webconnectivity_ea288e11fb1c3c7c
http://www.collegehumor.com/,dns,https://explorer.ooni.org/m/20260511091503.268983_KR_webconnectivity_b38780726475ef7e
http://www.coreaone-news.com/,confirmed,https://explorer.ooni.org/m/20260511091510.754921_KR_webconnectivity_038027cc36bba46a
https://www.darpa.mil/,ok,https://explorer.ooni.org/m/20260511091515.340263_KR_webconnectivity_746ffae8074b150b
https://www.datpiff.com/,dns,https://explorer.ooni.org/m/20260511091516.440791_KR_webconnectivity_b0c01dd5480c180d
https://www.dea.gov/,ok,https://explorer.ooni.org/m/20260511091518.390042_KR_webconnectivity_ae434026fe78dd3e
https://www.deathmetal.org/,ok,https://explorer.ooni.org/m/20260511091524.441576_KR_webconnectivity_49d8f22e88139c72
https://www.defense.gov/,ok,https://explorer.ooni.org/m/20260511091526.519304_KR_webconnectivity_be54ea58fda8c676
https://www.dia.mil/,ok,https://explorer.ooni.org/m/20260511091529.147647_KR_webconnectivity_3e5da69777e14989
https://www.dictionary.com/,ok,https://explorer.ooni.org/m/20260511091530.900856_KR_webconnectivity_d50be4ff61b6644b
http://www.dklotto.com/,dns,https://explorer.ooni.org/m/20260511091533.937561_KR_webconnectivity_c901407acce4fdde
https://www.douban.com/,ok,https://explorer.ooni.org/m/20260511091538.381059_KR_webconnectivity_651a83b6f65ebe2b
http://www.dprk-book.com/,tcp_ip,https://explorer.ooni.org/m/20260511091624.593629_KR_webconnectivity_bfc87a39f8c928c5
http://www.dprk-stamp.com/,ok,https://explorer.ooni.org/m/20260511091625.411351_KR_webconnectivity_0d64b99990a48a36
http://www.dprkorea.com/,dns,https://explorer.ooni.org/m/20260511091634.441742_KR_webconnectivity_1db7f74bbe5c3533
http://www.dprkstudies.org/,dns,https://explorer.ooni.org/m/20260511091635.714097_KR_webconnectivity_4df2d4831f86fc9f
http://www.dprkstudies.org/documents/nkpics/picgal.html,dns,https://explorer.ooni.org/m/20260511091637.658859_KR_webconnectivity_a5cb7e0bd473f8fd
https://www.dropbox.com/,ok,https://explorer.ooni.org/m/20260511091641.664280_KR_webconnectivity_0a67d71909a75f1c
http://www.elufa.net/,confirmed,https://explorer.ooni.org/m/20260511091644.108023_KR_webconnectivity_8670c26a48190000
http://www.enppy.com/,dns,https://explorer.ooni.org/m/20260511091647.199836_KR_webconnectivity_a041f3dee3a54c45
https://www.epa.gov/,ok,https://explorer.ooni.org/m/20260511091651.033337_KR_webconnectivity_26f6fe6ef390fb10
https://www.eventbrite.com/,ok,https://explorer.ooni.org/m/20260511091655.388201_KR_webconnectivity_fc0043f6c52a3c5f
http://www.ez0u.co.kr/,ok,https://explorer.ooni.org/m/20260511091657.206270_KR_webconnectivity_833e9adaddf14e59
https://www.fanfiction.net/,ok,https://explorer.ooni.org/m/20260511091658.466968_KR_webconnectivity_6844b89c89ef0fe3
http://www.fileguri.com/,ok,https://explorer.ooni.org/m/20260511091700.943856_KR_webconnectivity_89f228c167ee7518
http://www.filenara.co.kr/,dns,https://explorer.ooni.org/m/20260511091701.684311_KR_webconnectivity_f2b0fe591e3405cb
http://www.filenori.com/,ok,https://explorer.ooni.org/m/20260511091704.039089_KR_webconnectivity_30b9fb6a89d25324
http://www.foreignaffairs.org/,ok,https://explorer.ooni.org/m/20260511091706.399711_KR_webconnectivity_a0c6e8aa70a02c07
http://www.fsb.ru/,ok,https://explorer.ooni.org/m/20260511091709.508732_KR_webconnectivity_e74224c26100bc17
https://www.fsf.org/,error,https://explorer.ooni.org/m/20260511091734.942288_KR_webconnectivity_7fcc84709918b87b
https://www.gawker.com/,ok,https://explorer.ooni.org/m/20260511091739.098865_KR_webconnectivity_0706a28e69c82273
https://www.givesendgo.com/,ok,https://explorer.ooni.org/m/20260511091742.492108_KR_webconnectivity_c2eb8c3b8d569260
https://www.globalpolicy.org/,ok,https://explorer.ooni.org/m/20260511091747.296475_KR_webconnectivity_bd8edb7146aa911d
https://www.goodreads.com/,ok,https://explorer.ooni.org/m/20260511091750.985449_KR_webconnectivity_5a5be35c2ae1b696
https://www.gov.uk/,ok,https://explorer.ooni.org/m/20260511091753.795858_KR_webconnectivity_06704808842ea341
https://www.gutenberg.org/,ok,https://explorer.ooni.org/m/20260511091757.840300_KR_webconnectivity_4fe0df6d19c20a92
http://www.hanguksa.org/,ok,https://explorer.ooni.org/m/20260511091805.976453_KR_webconnectivity_11aedbbadc8356b4
http://www.hisedu.or.kr/,ok,https://explorer.ooni.org/m/20260511091811.877017_KR_webconnectivity_fa9d8452dee57ef6
http://www.honamhistory.org/,ok,https://explorer.ooni.org/m/20260511091815.356507_KR_webconnectivity_8720d76c33a4b3c9
http://www.honduras.com/,ok,https://explorer.ooni.org/m/20260511091819.870937_KR_webconnectivity_4a652b41d69221e6
https://www.iaru.org/,ok,https://explorer.ooni.org/m/20260511091825.796017_KR_webconnectivity_c524940868466211
https://www.ibe.unesco.org/,ok,https://explorer.ooni.org/m/20260511091831.948021_KR_webconnectivity_c65fdc1410847dbb
https://www.icrc.org/,ok,https://explorer.ooni.org/m/20260511091834.919923_KR_webconnectivity_5aca73e55246a5ce
https://www.ideasbeyondborders.org/,ok,https://explorer.ooni.org/m/20260511091837.786377_KR_webconnectivity_ba6186f5a5b8e4a9
http://www.iea.org/,ok,https://explorer.ooni.org/m/20260511091840.856252_KR_webconnectivity_506534129e42d38f
https://www.ifrc.org/,ok,https://explorer.ooni.org/m/20260511091843.475941_KR_webconnectivity_b79b4bc12df58ed0
http://www.ihr.org/,ok,https://explorer.ooni.org/m/20260511091849.362439_KR_webconnectivity_0d7db7d0c8a5e091
http://www.iias.nl/,tcp_ip,https://explorer.ooni.org/m/20260511091851.214610_KR_webconnectivity_d3d6c618c1564314
https://www.ilo.org/,ok,https://explorer.ooni.org/m/20260511091854.375972_KR_webconnectivity_b23c15c0691c4d6d
http://www.imdb.com/,dns,https://explorer.ooni.org/m/20260511091855.132343_KR_webconnectivity_6cb2f7c2ac25477d
http://www.inhard.com/,ok,https://explorer.ooni.org/m/20260511091857.084529_KR_webconnectivity_46e6f4d95358fa26
https://www.interpol.int/,ok,https://explorer.ooni.org/m/20260511091900.355183_KR_webconnectivity_09c21d706938f308
https://www.isa.org.jm/,ok,https://explorer.ooni.org/m/20260511091911.787199_KR_webconnectivity_ac833c5016bf12d6
http://www.isj.org.uk/,ok,https://explorer.ooni.org/m/20260511091917.613356_KR_webconnectivity_f1887c0dbcd9b7df
http://www.jjangfile.net/,dns,https://explorer.ooni.org/m/20260511091933.330316_KR_webconnectivity_919a4020b0330f17
https://www.jsf.mil/,ok,https://explorer.ooni.org/m/20260511091939.366953_KR_webconnectivity_f5caede3d14aa002
http://www.kancc.org/,confirmed,https://explorer.ooni.org/m/20260511091946.042853_KR_webconnectivity_df93e47136f1b1ef
http://www.kcckp.net/,confirmed,https://explorer.ooni.org/m/20260511091952.518002_KR_webconnectivity_529fde5cf3bdec91
http://www.kdvr.de/,ok,https://explorer.ooni.org/m/20260511091954.100966_KR_webconnectivity_80cd19168d242979
https://www.khanacademy.org/,ok,https://explorer.ooni.org/m/20260511091957.175284_KR_webconnectivity_e7be0857ea4a1964
http://www.kickassclassical.com/,dns,https://explorer.ooni.org/m/20260511092012.936018_KR_webconnectivity_a261b48f7ef5bc9a
http://www.korea-dpr.com/,confirmed,https://explorer.ooni.org/m/20260511092016.413586_KR_webconnectivity_3913d00c2cfd1991
http://www.korea-dpr.com/cgi-bin/simpleforum.cgi,confirmed,https://explorer.ooni.org/m/20260511092017.909685_KR_webconnectivity_294cd2f086541e25
http://www.korea-dpr.com/library/entrance.htm,confirmed,https://explorer.ooni.org/m/20260511092019.988188_KR_webconnectivity_bbf67bd2f686c00c
http://www.korea-dpr.com/menu.htm,confirmed,https://explorer.ooni.org/m/20260511092022.150961_KR_webconnectivity_fe4ac19f0d97cf6f
http://www.korea-dpr.com/users/jisge/,confirmed,https://explorer.ooni.org/m/20260511092024.122562_KR_webconnectivity_a6b1a8902723b19b
http://www.korea-is-one.org/,dns,https://explorer.ooni.org/m/20260511092027.460980_KR_webconnectivity_cbd3bf426a9eb9ac
http://www.korea-is-one.org/rubrique.php3?id_rubrique=5,dns,https://explorer.ooni.org/m/20260511092029.780218_KR_webconnectivity_652850be52924cae
http://www.korea-np.co.jp/,tcp_ip,https://explorer.ooni.org/m/20260511092040.707853_KR_webconnectivity_69aaab4ab7c0a59a
http://www.koreanhistory.org/,ok,https://explorer.ooni.org/m/20260511092043.627527_KR_webconnectivity_42dd58d24ef3dee5
http://www.krbook.net/,ok,https://explorer.ooni.org/m/20260511092047.517687_KR_webconnectivity_7cdbe964cc97cafe
https://www.libgen.tw/,ok,https://explorer.ooni.org/m/20260511092050.565569_KR_webconnectivity_fcdf4a22fcbbb447
https://www.limetorrents.lol/,http-failure,https://explorer.ooni.org/m/20260511092053.428069_KR_webconnectivity_66ab230d2dfbaac4
https://www.literotica.com/,dns,https://explorer.ooni.org/m/20260511092054.955865_KR_webconnectivity_3b90e51067d66e17
https://www.lushstories.com/,dns,https://explorer.ooni.org/m/20260511092056.648128_KR_webconnectivity_7586ba111de7dc99
https://www.marxists.org/,ok,https://explorer.ooni.org/m/20260511092100.031256_KR_webconnectivity_d409c42f85aa4795
http://www.metal-archives.com/,ok,https://explorer.ooni.org/m/20260511092101.549515_KR_webconnectivity_5af2461e9561edf5
http://www.minjok.com/,dns,https://explorer.ooni.org/m/20260511092104.652818_KR_webconnectivity_a47cd1f6bb895dfc
http://www.mnr.gov.cn/,dns,https://explorer.ooni.org/m/20260511092119.995507_KR_webconnectivity_4ab69989e24fe523
http://www.monkey3.co.kr/,dns,https://explorer.ooni.org/m/20260511092136.447765_KR_webconnectivity_7d3acfb24617a18b
https://www.mozilla.org/,ok,https://explorer.ooni.org/m/20260511092139.806257_KR_webconnectivity_fd7aba5dd9fb6782
https://www.mp3.com/,tcp_ip,https://explorer.ooni.org/m/20260511092225.558368_KR_webconnectivity_0a5b0aa436cfaacb
https://www.musixmatch.com/,ok,https://explorer.ooni.org/m/20260511092228.179438_KR_webconnectivity_be3c96500a4dba9e
http://www.nato.int/,ok,https://explorer.ooni.org/m/20260511092232.084953_KR_webconnectivity_309f348e0c78475d
http://www.navy.mil/,ok,https://explorer.ooni.org/m/20260511092233.938141_KR_webconnectivity_dd1b2192a274f194
http://www.nkland.org/,ok,https://explorer.ooni.org/m/20260511092234.638982_KR_webconnectivity_ac3882ac38fb2de4
https://www.nsa.gov/,ok,https://explorer.ooni.org/m/20260511092236.618127_KR_webconnectivity_915a1d0752a4683b
http://www.nzeen.com/,ok,https://explorer.ooni.org/m/20260511092241.235224_KR_webconnectivity_26e801cc1e717fa7
http://www.onekorea.org/,ok,https://explorer.ooni.org/m/20260511092244.001655_KR_webconnectivity_178d75c08bc00021
http://www.onfile.co.kr/,ok,https://explorer.ooni.org/m/20260511092245.273529_KR_webconnectivity_c4e1e68711804040
http://www.opec.org/,ok,https://explorer.ooni.org/m/20260511092248.981948_KR_webconnectivity_0dc1779d5bd84da7
http://www.openart.or.kr/,ok,https://explorer.ooni.org/m/20260511092253.982011_KR_webconnectivity_c8563b8bd7c990ac
http://www.orangefile.com/,dns,https://explorer.ooni.org/m/20260511092257.288424_KR_webconnectivity_02386e85aaf918f1
https://www.osce.org/,ok,https://explorer.ooni.org/m/20260511092301.268663_KR_webconnectivity_c48abaab32bb2218
http://www.ournation-school.com/,confirmed,https://explorer.ooni.org/m/20260511092303.099073_KR_webconnectivity_7b39c845e7183ecf
https://www.overdrive.com/,ok,https://explorer.ooni.org/m/20260511092309.190773_KR_webconnectivity_acc1805ede5a6400
http://www.pacom.mil/,ok,https://explorer.ooni.org/m/20260511092311.456331_KR_webconnectivity_34ea71f107f233fd
http://www.pic-international.com/,ok,https://explorer.ooni.org/m/20260511092312.831363_KR_webconnectivity_8dd4caebe542ba20
http://www.pruna.com/,dns,https://explorer.ooni.org/m/20260511092315.409117_KR_webconnectivity_23095574c9187859
http://www.quantico.marines.mil/,ok,https://explorer.ooni.org/m/20260511092317.922122_KR_webconnectivity_2d59ff6452befaaa
https://www.researchgate.net/,ok,https://explorer.ooni.org/m/20260511092319.115770_KR_webconnectivity_3cab3fb1fab9b963
https://www.rollingstone.com/,dns,https://explorer.ooni.org/m/20260511092319.846822_KR_webconnectivity_c9ded679991e64d1
http://www.ryongnamsan.edu.kp/,dns,https://explorer.ooni.org/m/20260511092325.350113_KR_webconnectivity_4318d9894115db7b
http://www.schwarzreport.org/,ok,https://explorer.ooni.org/m/20260511092329.365297_KR_webconnectivity_1d89363722641cf1
https://www.scribd.com/,ok,https://explorer.ooni.org/m/20260511092331.774260_KR_webconnectivity_3e6a33594c99393d
http://www.sealswcc.com/,ok,https://explorer.ooni.org/m/20260511092334.273278_KR_webconnectivity_eb7513a4960652a7
https://www.shazam.com/,ok,https://explorer.ooni.org/m/20260511092338.133419_KR_webconnectivity_43e24e595213791a
http://www.silibank.com/,ok,https://explorer.ooni.org/m/20260511092341.903678_KR_webconnectivity_c4190bcf1aa6e701
http://www.slsknet.org/,ok,https://explorer.ooni.org/m/20260511092344.074833_KR_webconnectivity_173229e034dcef85
http://www.socom.mil/,tcp_ip,https://explorer.ooni.org/m/20260511092430.230697_KR_webconnectivity_6035dd442ee75142
http://www.songunpoliticsstudygroup.org/,dns,https://explorer.ooni.org/m/20260511092432.480477_KR_webconnectivity_36969a2583ccac52
http://www.soribada.com/,ok,https://explorer.ooni.org/m/20260511092436.482489_KR_webconnectivity_c94498a8b0a264e6
http://www.southcom.mil/,ok,https://explorer.ooni.org/m/20260511092438.469827_KR_webconnectivity_8c002e0b9543b6a0
https://www.spotify.com/,ok,https://explorer.ooni.org/m/20260511092440.270658_KR_webconnectivity_0316e2b6b83f86a2
https://www.state.gov/,ok,https://explorer.ooni.org/m/20260511092443.513156_KR_webconnectivity_601ad64a9dff1b6c
http://www.stratcom.mil/,ok,https://explorer.ooni.org/m/20260511092445.438772_KR_webconnectivity_c3bd9d9f1eb3e90f
http://www.syccr.com/,ok,https://explorer.ooni.org/m/20260511092450.119351_KR_webconnectivity_5254c87e10232181
https://www.timeout.com/,ok,https://explorer.ooni.org/m/20260511092455.224372_KR_webconnectivity_09109f8e3bdd10bf
http://www.tmz.com/,ok,https://explorer.ooni.org/m/20260511092500.463571_KR_webconnectivity_7f9441ca1c084325
https://www.un.int/,ok,https://explorer.ooni.org/m/20260511092506.474317_KR_webconnectivity_c18992afdb0c1c5f
https://www.un.org/,ok,https://explorer.ooni.org/m/20260511092509.919234_KR_webconnectivity_49d9769ba832319a
https://www.undp.org/,ok,https://explorer.ooni.org/m/20260511092512.061362_KR_webconnectivity_25670f6ede49b8d1
https://www.unwomen.org/,ok,https://explorer.ooni.org/m/20260511092515.157627_KR_webconnectivity_090d88dd821a6381
http://www.uriminzokkiri.com/,tcp_ip,https://explorer.ooni.org/m/20260511092600.970693_KR_webconnectivity_b12e65d4f384901d
http://www.usafa.af.mil/,ok,https://explorer.ooni.org/m/20260511092603.188650_KR_webconnectivity_d1c9fed2e4b5a8b6
http://www.uscg.mil/,ok,https://explorer.ooni.org/m/20260511092605.358172_KR_webconnectivity_b4061ca9bab2f036
https://www.ushmm.org/,ok,https://explorer.ooni.org/m/20260511092613.372382_KR_webconnectivity_b03f9bd683476c18
https://www.utorrent.com/,ok,https://explorer.ooni.org/m/20260511092615.522188_KR_webconnectivity_e210cd96a16a1eb9
http://www.vibe.com/,ok,https://explorer.ooni.org/m/20260511092618.793586_KR_webconnectivity_b120a8dac411a1d6
https://www.videolan.org/,ok,https://explorer.ooni.org/m/20260511092623.665961_KR_webconnectivity_2d76eb1dda1f2412
https://www.wfp.org/,ok,https://explorer.ooni.org/m/20260511092628.569930_KR_webconnectivity_e6f2c034b86420a5
https://www.wikipedia.org/,ok,https://explorer.ooni.org/m/20260511092631.568196_KR_webconnectivity_dcebc675bd9644bc
https://www.wiktionary.org/,ok,https://explorer.ooni.org/m/20260511092635.020142_KR_webconnectivity_6cd5dc7cb3ae7bb6
http://www.worldcorea.net/,confirmed,https://explorer.ooni.org/m/20260511092638.661439_KR_webconnectivity_ebef44d4693208ad
https://www.xinjiang.gov.cn/,ok,https://explorer.ooni.org/m/20260511092646.430373_KR_webconnectivity_e3d3d59d8776b74f
http://www.xxlmag.com/,ok,https://explorer.ooni.org/m/20260511092651.769391_KR_webconnectivity_b159c6fd1cc3967e
https://www.zoho.com/,ok,https://explorer.ooni.org/m/20260511092655.135806_KR_webconnectivity_10fe59cf4750746d
https://x1337x.eu/,ok,https://explorer.ooni.org/m/20260511092657.902147_KR_webconnectivity_75eaaae09e434510
http://yesfile.com/,dns,https://explorer.ooni.org/m/20260511092659.604591_KR_webconnectivity_f6df097875f4e44d
https://yts.lt/,dns,https://explorer.ooni.org/m/20260511092700.831036_KR_webconnectivity_a57bebc749bbfc4f
https://yts.mx/,dns,https://explorer.ooni.org/m/20260511092701.502544_KR_webconnectivity_a4a2eddad825ef6e
https://z-lib.org/,error,https://explorer.ooni.org/m/20260511092703.745195_KR_webconnectivity_4c7e1f4797cd1bac
https://zh.wikipedia.org/,ok,https://explorer.ooni.org/m/20260511092707.445797_KR_webconnectivity_58ba09e3e670ddf5
https://adultfriendfinder.com/,dns,https://explorer.ooni.org/m/20260511092709.489557_KR_webconnectivity_087a3ff55c8e7f3d
https://alqassam.ps/,dns,https://explorer.ooni.org/m/20260511092710.304841_KR_webconnectivity_072da54cacfb1e4b
https://alt.com/,dns,https://explorer.ooni.org/m/20260511092711.937150_KR_webconnectivity_f40da6b75877dabf
https://amphetamines.com/,ok,https://explorer.ooni.org/m/20260511092713.877638_KR_webconnectivity_3b6a55c65b68ab51
http://asiafriendfinder.com/,dns,https://explorer.ooni.org/m/20260511092716.860369_KR_webconnectivity_8044bcae070d8840
http://asiansmaster.com/,dns,https://explorer.ooni.org/m/20260511092718.085763_KR_webconnectivity_86971b55a6ccf9c7
http://betasia.com/,dns,https://explorer.ooni.org/m/20260511092721.755682_KR_webconnectivity_b55c28fb02f39037
https://beeg.com/,dns,https://explorer.ooni.org/m/20260511092718.805258_KR_webconnectivity_7427142e5b391014
https://btggaming.com/,dns,https://explorer.ooni.org/m/20260511092724.261314_KR_webconnectivity_bffc80fc2c9aedab
http://cafe.daum.net/amc21,ok,https://explorer.ooni.org/m/20260511092726.813313_KR_webconnectivity_a73e68ff8be8f8ef
http://cafe.daum.net/dacultureNO,ok,https://explorer.ooni.org/m/20260511092730.453997_KR_webconnectivity_79e60858a78690c7
http://cafe.naver.com/mansdotcom,ok,https://explorer.ooni.org/m/20260511092733.325951_KR_webconnectivity_53f00924b6cafddf
http://cafe.naver.com/rtbnmm/,ok,https://explorer.ooni.org/m/20260511092739.080732_KR_webconnectivity_37e7ad7b27a97e82
http://creamasia.com/,dns,https://explorer.ooni.org/m/20260511092740.603933_KR_webconnectivity_578a305c562fa49c
https://dailystormer.in/,dns,https://explorer.ooni.org/m/20260511092741.385841_KR_webconnectivity_881f0e6fc871a880
https://drugs-forum.com/,dns,https://explorer.ooni.org/m/20260511092742.249412_KR_webconnectivity_638dcf78efc97b30
https://eln-voces.net/,ok,https://explorer.ooni.org/m/20260511092746.655758_KR_webconnectivity_1baa2a58bfe39822
https://europedatingonline.com/,dns,https://explorer.ooni.org/m/20260511092747.398106_KR_webconnectivity_ee198b7ed7976472
https://forum.grasscity.com/,dns,https://explorer.ooni.org/m/20260511092748.205607_KR_webconnectivity_b606e62608b35021
https://friendfinder.com/,dns,https://explorer.ooni.org/m/20260511092749.820632_KR_webconnectivity_b3f5373e29efd8b8
https://godhatesfags.com/,dns,https://explorer.ooni.org/m/20260511092750.719202_KR_webconnectivity_6140c8f186dee63e
https://heroin.org/,dns,https://explorer.ooni.org/m/20260511092751.544717_KR_webconnectivity_3c9ef311c321826e
https://hightimes.com/,dns,https://explorer.ooni.org/m/20260511092753.794287_KR_webconnectivity_30425e5067f46ba0
https://hitomi.la/,dns,https://explorer.ooni.org/m/20260511092754.766134_KR_webconnectivity_e4620621b9a1056b
http://hotgaylist.com/,dns,https://explorer.ooni.org/m/20260511092756.428948_KR_webconnectivity_1a0059b787312207
https://howtogrowmarijuana.com/,dns,https://explorer.ooni.org/m/20260511092758.034903_KR_webconnectivity_703343a3b5ebdf87
https://hustler.com/,dns,https://explorer.ooni.org/m/20260511092758.986282_KR_webconnectivity_e4a0848d11153453
http://indianfriendfinder.com/,dns,https://explorer.ooni.org/m/20260511092800.732790_KR_webconnectivity_90ba3f6607ab1dd3
https://kiwifarms.net/,dns,https://explorer.ooni.org/m/20260511092801.984267_KR_webconnectivity_ce3c26bddb1cb270
http://koreanfriendfinder.com/,dns,https://explorer.ooni.org/m/20260511092805.415238_KR_webconnectivity_66d9397511cd1aee
http://makemodel.net/,error,https://explorer.ooni.org/m/20260511092905.723862_KR_webconnectivity_bca94d1a47d6fe6a
https://maps.org/,ok,https://explorer.ooni.org/m/20260511092908.065332_KR_webconnectivity_a5d2bfadcbaf10ae
http://mingky.org/,dns,https://explorer.ooni.org/m/20260511092909.417183_KR_webconnectivity_c70001f847290b38
http://ndfsk.dyndns.org/,ok,https://explorer.ooni.org/m/20260511092910.146455_KR_webconnectivity_f6eaf5aa25c9aed4
http://ndfsk.dyndns.org/kuguk8/Title1.htm,ok,https://explorer.ooni.org/m/20260511092910.837360_KR_webconnectivity_5f73db7ec7142270
https://norml.org/,dns,https://explorer.ooni.org/m/20260511092914.815811_KR_webconnectivity_d6d2640c1dacfd5a
https://nsdapao.info/,dns,https://explorer.ooni.org/m/20260511092930.655203_KR_webconnectivity_b11fffcefcf3772c
http://onlybingo.com/,dns,https://explorer.ooni.org/m/20260511092946.586223_KR_webconnectivity_d67927318fd6ac53
https://onlyfans.com/,dns,https://explorer.ooni.org/m/20260511092947.337084_KR_webconnectivity_f1d3eac521eaa43f
https://panties.com/,dns,https://explorer.ooni.org/m/20260511092948.631076_KR_webconnectivity_80d0fdde4eadbf08
http://sexkorea.net/,dns,https://explorer.ooni.org/m/20260511092953.870770_KR_webconnectivity_52cbbcf77f061395
http://streetmeatasia.com/,dns,https://explorer.ooni.org/m/20260511092958.101083_KR_webconnectivity_3ff2e2c61eb91c96
http://thaigirls.net/,dns,https://explorer.ooni.org/m/20260511092959.680478_KR_webconnectivity_a7451e53fe8a8f44
https://trashy.com/,dns,https://explorer.ooni.org/m/20260511093000.558340_KR_webconnectivity_75bff91292b57b44
https://uk.match.com/,dns,https://explorer.ooni.org/m/20260511093002.455357_KR_webconnectivity_e7c3f1b7561b9215
http://user.chollian.net/,dns,https://explorer.ooni.org/m/20260511093004.591177_KR_webconnectivity_4457de1eded54b36
http://user.chollian.net/~yesooj/mincho/deama.htm,dns,https://explorer.ooni.org/m/20260511093007.030389_KR_webconnectivity_0d83c9b217c63f35
http://via89.kr/,ok,https://explorer.ooni.org/m/20260511093007.763084_KR_webconnectivity_8630b5ac1bdfca57
http://video.fc2.com/ko/a/,dns,https://explorer.ooni.org/m/20260511093009.806831_KR_webconnectivity_38c82e6089e7825a
https://weedmaps.com/,dns,https://explorer.ooni.org/m/20260511093010.835245_KR_webconnectivity_2dc92b5d69475526
https://worldsingles.com/,dns,https://explorer.ooni.org/m/20260511093011.674380_KR_webconnectivity_6e12d1a95459e70c
https://www.3wishes.com/,dns,https://explorer.ooni.org/m/20260511093012.523223_KR_webconnectivity_09522fe1d5329ca6
http://www.4online-gambling.com/,dns,https://explorer.ooni.org/m/20260511093013.805698_KR_webconnectivity_295154cf4b525c29
http://www.888casino.com/,dns,https://explorer.ooni.org/m/20260511093015.745128_KR_webconnectivity_71379a0578cd6442
http://www.88square.com/,dns,https://explorer.ooni.org/m/20260511093031.615824_KR_webconnectivity_0d5d7730212893e0
http://www.abcunderwear.com/,dns,https://explorer.ooni.org/m/20260511093032.836888_KR_webconnectivity_42b6db79fd1dce44
http://www.absinth.com/,ok,https://explorer.ooni.org/m/20260511093035.658911_KR_webconnectivity_fb95890011affb84
http://www.absolut.com/,ok,https://explorer.ooni.org/m/20260511093036.580312_KR_webconnectivity_35dbbf3bc7a2246e
https://www.agentprovocateur.com/,dns,https://explorer.ooni.org/m/20260511093037.338086_KR_webconnectivity_5c7bc5dd24bc3dcf
https://www.americannaziparty.com/,ok,https://explorer.ooni.org/m/20260511093039.857267_KR_webconnectivity_fb73e76d0e5344b3
https://www.ariannelingerie.com/,dns,https://explorer.ooni.org/m/20260511093041.399860_KR_webconnectivity_a17506b9ffeb2d94
https://www.ashleymadison.com/,dns,https://explorer.ooni.org/m/20260511093042.274419_KR_webconnectivity_80ee0dc03bd1321f
http://www.asiabynight.com/,dns,https://explorer.ooni.org/m/20260511093058.031280_KR_webconnectivity_ef0cc5fd967e5a73
http://www.asiangirlsnextdoor.com/,dns,https://explorer.ooni.org/m/20260511093058.842236_KR_webconnectivity_12d2d362e8ddd18f
http://www.asianthumbs.org/,dns,https://explorer.ooni.org/m/20260511093101.113585_KR_webconnectivity_d8da9aa524abe045
https://www.bacardi.com/,ok,https://explorer.ooni.org/m/20260511093104.494777_KR_webconnectivity_66343280b33c90b7
http://www.bangkokstreetwhores.com/,dns,https://explorer.ooni.org/m/20260511093106.345415_KR_webconnectivity_bc905d6c0c179c5a
http://www.barmeister.com/,ok,https://explorer.ooni.org/m/20260511093107.375058_KR_webconnectivity_00e5330acba050bc
https://www.bat.com/,ok,https://explorer.ooni.org/m/20260511093110.947423_KR_webconnectivity_f7ae018f50f1ffa2
http://www.beer.com/,ok,https://explorer.ooni.org/m/20260511093115.342720_KR_webconnectivity_f55d5956b21a677a
https://www.beerinfo.com/,ok,https://explorer.ooni.org/m/20260511093121.393774_KR_webconnectivity_8b5756bc677389b4
http://www.betfair.com/,dns,https://explorer.ooni.org/m/20260511093122.156705_KR_webconnectivity_7a724d22b9090058
http://www.bglad.com/,dns,https://explorer.ooni.org/m/20260511093125.183948_KR_webconnectivity_0edeadee55513dfb
http://www.blackjackinfo.com/,dns,https://explorer.ooni.org/m/20260511093128.168095_KR_webconnectivity_10c0ec09f79a44b3
https://www.blueskyswimwear.com/,dns,https://explorer.ooni.org/m/20260511093129.132175_KR_webconnectivity_5e7105c66efaa83e
https://www.bravoporn.com/,dns,https://explorer.ooni.org/m/20260511093129.941327_KR_webconnectivity_93bb74d449afe1eb
http://www.budweiser.com/,ok,https://explorer.ooni.org/m/20260511093133.932892_KR_webconnectivity_3e7e2b841075a46d
https://www.buydutchseeds.com/,dns,https://explorer.ooni.org/m/20260511093134.903733_KR_webconnectivity_e054bf0949de7e91
https://www.cannaweed.com/,dns,https://explorer.ooni.org/m/20260511093135.654568_KR_webconnectivity_a12736caa9340a1d
https://www.casino.com/,dns,https://explorer.ooni.org/m/20260511093136.438206_KR_webconnectivity_028ad1a1358944fe
http://www.casinotropez.com/,dns,https://explorer.ooni.org/m/20260511093137.315195_KR_webconnectivity_ba1ea1dc190feb58
http://www.chantelle.com/,dns,https://explorer.ooni.org/m/20260511093138.229492_KR_webconnectivity_7b7d6bb57c791bda
https://www.churchofeuthanasia.org/,dns,https://explorer.ooni.org/m/20260511093139.766043_KR_webconnectivity_62ad1c3a341061d7
http://www.columbus25.com/,ok,https://explorer.ooni.org/m/20260511093140.676111_KR_webconnectivity_6715f0656cde9781
http://www.coquette.com/,dns,https://explorer.ooni.org/m/20260511093141.773574_KR_webconnectivity_b160e501b0cacb7e
http://www.date.com/,dns,https://explorer.ooni.org/m/20260511093144.080315_KR_webconnectivity_5a2a7b69888ae72b
http://www.dateinasia.com/,dns,https://explorer.ooni.org/m/20260511093144.947196_KR_webconnectivity_a62888022a5fdc50
https://www.dating.com/,dns,https://explorer.ooni.org/m/20260511093145.822876_KR_webconnectivity_d51da52cc8ca1fe6
http://www.dekaron.co.kr/,dns,https://explorer.ooni.org/m/20260511093149.980986_KR_webconnectivity_94db36f444e159aa
http://www.delicates.co.uk/,ok,https://explorer.ooni.org/m/20260511093210.942624_KR_webconnectivity_aeec6eb7f8a4b7c7
https://www.dextroverse.org/,ok,https://explorer.ooni.org/m/20260511093213.706427_KR_webconnectivity_bbecffe01919a2b4
https://www.drugsdata.org/,dns,https://explorer.ooni.org/m/20260511093219.891687_KR_webconnectivity_b9498200ac8ca8a4
http://www.drugsense.org/,ok,https://explorer.ooni.org/m/20260511093225.275496_KR_webconnectivity_bd7f7e4b193af963
http://www.dsnet.co.kr/,ok,https://explorer.ooni.org/m/20260511093241.079681_KR_webconnectivity_b2fd94394e9ced4f
https://www.eharmony.com/,dns,https://explorer.ooni.org/m/20260511093242.041783_KR_webconnectivity_57470385f0547b5d
https://www.erowid.org/,tcp_ip,https://explorer.ooni.org/m/20260511093317.751325_KR_webconnectivity_5359d8db1c1aebec
http://www.exploitedteensasia.com/,dns,https://explorer.ooni.org/m/20260511093320.708425_KR_webconnectivity_bb6da0dcfa6260bc
http://www.forbiddenasian.com/,dns,https://explorer.ooni.org/m/20260511093323.043378_KR_webconnectivity_cc1efe5475cbfd33
http://www.freshpair.com/,dns,https://explorer.ooni.org/m/20260511093324.388571_KR_webconnectivity_670f0db0954de75b
http://www.fuckingfreemovies.com/,dns,https://explorer.ooni.org/m/20260511093326.109021_KR_webconnectivity_d56707b6367387f2
https://www.gambling.com/,dns,https://explorer.ooni.org/m/20260511093327.012050_KR_webconnectivity_442c99ecf73f508c
http://www.gamemeca.com/,dns,https://explorer.ooni.org/m/20260511093330.076245_KR_webconnectivity_fdfc97f762a2e09e
http://www.gamespot.co.kr/,dns,https://explorer.ooni.org/m/20260511093332.578986_KR_webconnectivity_5b4299b15101a5b7
http://www.gayapatal.com/,dns,https://explorer.ooni.org/m/20260511093333.341730_KR_webconnectivity_fe2f802136b27f97
http://www.gayasianamateurs.com/,dns,https://explorer.ooni.org/m/20260511093336.304718_KR_webconnectivity_89f7dd3efb79ccb2
http://www.globalfire.tv/,ok,https://explorer.ooni.org/m/20260511093339.671570_KR_webconnectivity_9120c6126ebab892
https://www.goldenpalace.com/,dns,https://explorer.ooni.org/m/20260511093340.649829_KR_webconnectivity_256370e40b2a95a1
http://www.goldenrivieracasino.com/,dns,https://explorer.ooni.org/m/20260511093341.914915_KR_webconnectivity_8d448749ead8a921
http://www.gotgayporn.com/,dns,https://explorer.ooni.org/m/20260511093343.318036_KR_webconnectivity_a4db7a44524e84ba
http://www.hanes.com/,ok,https://explorer.ooni.org/m/20260511093344.912233_KR_webconnectivity_aa420615ec4978ac
http://www.hiliq.net/,ok,https://explorer.ooni.org/m/20260511093351.862883_KR_webconnectivity_ff3dd44d47c0c300
https://www.happn.com/,dns,https://explorer.ooni.org/m/20260511093345.805409_KR_webconnectivity_b1d89c5bb0cc8d6c
http://www.i-um.com/,dns,https://explorer.ooni.org/m/20260511093353.397982_KR_webconnectivity_02fd6fcda5736a96
http://www.ilbe.com/,dns,https://explorer.ooni.org/m/20260511093355.717638_KR_webconnectivity_783d0a694a17716d
http://www.indianporngirls.com/,dns,https://explorer.ooni.org/m/20260511093356.498714_KR_webconnectivity_c0b42c2fa8f0155c
https://www.ipair.com/,dns,https://explorer.ooni.org/m/20260511093357.761187_KR_webconnectivity_7e6528f30a33c57a
http://www.jackdaniels.com/,ok,https://explorer.ooni.org/m/20260511093401.239279_KR_webconnectivity_2e6e9816d0077d5a
https://www.jackpotcitycasino1.com/,dns,https://explorer.ooni.org/m/20260511093402.799187_KR_webconnectivity_d9df14b046b3fcdd
https://www.jdate.com/,dns,https://explorer.ooni.org/m/20260511093403.602443_KR_webconnectivity_48b8627d62136ac8
http://www.joyhunting.com/,dns,https://explorer.ooni.org/m/20260511093419.656160_KR_webconnectivity_07eb08414a913f0c
http://www.jupae.com/,ok,https://explorer.ooni.org/m/20260511093436.362620_KR_webconnectivity_aeae77a2f271d375
http://www.koreancupid.com/,dns,https://explorer.ooni.org/m/20260511093437.239501_KR_webconnectivity_e85c86cbcb876756
http://www.lasenza.com/,dns,https://explorer.ooni.org/m/20260511093438.409756_KR_webconnectivity_6a05643760926088
http://www.lesbiansubmission.com/,dns,https://explorer.ooni.org/m/20260511093441.802075_KR_webconnectivity_66a7cee9095c28de
http://www.lineage.co.kr/,dns,https://explorer.ooni.org/m/20260511093447.917471_KR_webconnectivity_9e6ccd6cb669e2ac
http://www.luckynugget.com/,dns,https://explorer.ooni.org/m/20260511093450.553007_KR_webconnectivity_163ad141e37dc69d
https://www.lovoo.com/,dns,https://explorer.ooni.org/m/20260511093448.718606_KR_webconnectivity_67ee2d9ffdafa62a
http://www.marijuanatravels.com/,dns,https://explorer.ooni.org/m/20260511093451.677068_KR_webconnectivity_e96ec02b6a0a8106
https://www.match.com/,dns,https://explorer.ooni.org/m/20260511093452.527357_KR_webconnectivity_a8efd37fd3d743c8
http://www.mgame.com/,dns,https://explorer.ooni.org/m/20260511093454.381202_KR_webconnectivity_839703a5ed5a255b
http://www.moderndrunkardmagazine.com/,ok,https://explorer.ooni.org/m/20260511093520.153000_KR_webconnectivity_40ecf8e2e41e2fa1
http://www.monacogoldcasino.com/,dns,https://explorer.ooni.org/m/20260511093521.722996_KR_webconnectivity_e344315b14f742ab
http://www.mrchewsasianbeaver.com/,dns,https://explorer.ooni.org/m/20260511093525.025877_KR_webconnectivity_5ad36fa517559464
http://www.neonjoint.com/,dns,https://explorer.ooni.org/m/20260511093526.000178_KR_webconnectivity_79382ffd20c7e28e
http://www.online-dating.org/,dns,https://explorer.ooni.org/m/20260511093527.862291_KR_webconnectivity_911fc9fb4a197199
https://www.okcupid.com/,dns,https://explorer.ooni.org/m/20260511093526.790527_KR_webconnectivity_120358df97ecc955
https://www.onlinegambling.com/,dns,https://explorer.ooni.org/m/20260511093529.395209_KR_webconnectivity_ef8ab4677412c46e
http://www.originalelf.com/,error,https://explorer.ooni.org/m/20260511093535.125175_KR_webconnectivity_c276bca42c6eb299
http://www.partypoker.com/,dns,https://explorer.ooni.org/m/20260511093535.885333_KR_webconnectivity_e6fff8d51c397f54
https://www.partypoker.net/,dns,https://explorer.ooni.org/m/20260511093536.770696_KR_webconnectivity_b384c3d87971e080
https://www.playboy.com/,dns,https://explorer.ooni.org/m/20260511093538.007666_KR_webconnectivity_67cf047498d79abd
https://www.pmi.com/,ok,https://explorer.ooni.org/m/20260511093542.207544_KR_webconnectivity_e6a648a5251a9691
http://www.pof.com/,dns,https://explorer.ooni.org/m/20260511093543.260405_KR_webconnectivity_96477180773f0001
http://www.poker.com/,dns,https://explorer.ooni.org/m/20260511093544.015201_KR_webconnectivity_a30bb4cc6a41c224
http://www.pokerstars.com/,dns,https://explorer.ooni.org/m/20260511093545.071013_KR_webconnectivity_f3139e2e5c7068d8
http://www.ranking.co.kr/,dns,https://explorer.ooni.org/m/20260511093552.046392_KR_webconnectivity_b65344f42d6b571b
http://www.realbeer.com/,ok,https://explorer.ooni.org/m/20260511093554.044989_KR_webconnectivity_c0e6d4d5791853cc
http://www.ricefever.com/,dns,https://explorer.ooni.org/m/20260511093555.979704_KR_webconnectivity_2cafec7596de2a59
http://www.riverbelle.com/,dns,https://explorer.ooni.org/m/20260511093557.356211_KR_webconnectivity_1776ac5e3951cfac
http://www.rollitup.org/,dns,https://explorer.ooni.org/m/20260511093558.153293_KR_webconnectivity_68c87b6ef0a7e3ef
http://www.royalvegas-casino-kr.com/,dns,https://explorer.ooni.org/m/20260511093559.047771_KR_webconnectivity_915e9e122d365781
http://www.royalvegas.com/,dns,https://explorer.ooni.org/m/20260511093600.636033_KR_webconnectivity_dc9a4777a4a954d8
http://www.rxmarijuana.com/,dns,https://explorer.ooni.org/m/20260511093601.907544_KR_webconnectivity_82eb02222afc4ced
http://www.satp.org/,ok,https://explorer.ooni.org/m/20260511093606.271849_KR_webconnectivity_1edf62b083170c2f
http://www.sex.com/,dns,https://explorer.ooni.org/m/20260511093607.129687_KR_webconnectivity_881466a0e76e7742
https://www.shroomery.org/,dns,https://explorer.ooni.org/m/20260511093608.070159_KR_webconnectivity_f98e448c9beee143
http://www.slotland.com/,dns,https://explorer.ooni.org/m/20260511093609.486423_KR_webconnectivity_caad1ca898097b6e
http://www.soramall.kr/,dns,https://explorer.ooni.org/m/20260511093625.544770_KR_webconnectivity_683dfb85d6bb7964
https://www.spark.com/,dns,https://explorer.ooni.org/m/20260511093626.292221_KR_webconnectivity_71927e6f48410d41
http://www.speeddater.co.uk/,ok,https://explorer.ooni.org/m/20260511093630.077831_KR_webconnectivity_4a4503b06f7f62b3
http://www.spinpalace.com/,dns,https://explorer.ooni.org/m/20260511093631.599950_KR_webconnectivity_f5711cc29bac02ed
http://www.sportingbet.com/,dns,https://explorer.ooni.org/m/20260511093632.707890_KR_webconnectivity_891225a94bf101a2
http://www.sportsinteraction.com/,dns,https://explorer.ooni.org/m/20260511093633.548823_KR_webconnectivity_d9254827584eb151
http://www.taima.org/,dns,https://explorer.ooni.org/m/20260511093634.556728_KR_webconnectivity_bc92c8e158f81ec8
http://www.thaichix.com/,dns,https://explorer.ooni.org/m/20260511093635.671161_KR_webconnectivity_acb3b799ad8c1769
http://www.thaicuties.com/,dns,https://explorer.ooni.org/m/20260511093637.140897_KR_webconnectivity_6a03852aa5e9a7d1
http://www.thegooddrugsguide.com/,dns,https://explorer.ooni.org/m/20260511093637.945079_KR_webconnectivity_c9a8b70f3006b6b0
http://www.tobacco.org/,ok,https://explorer.ooni.org/m/20260511093639.424322_KR_webconnectivity_caa367e0582fb9cd
http://www.topdrawers.com/,dns,https://explorer.ooni.org/m/20260511093640.973094_KR_webconnectivity_268b51bf87093499
http://www.vanguardnewsnetwork.com/,ok,https://explorer.ooni.org/m/20260511093643.099546_KR_webconnectivity_f33197f32ff26887
http://www.venus.com/,dns,https://explorer.ooni.org/m/20260511093644.894060_KR_webconnectivity_a296b69b0e9a7c57
https://www.victoriassecret.com/,dns,https://explorer.ooni.org/m/20260511093646.099735_KR_webconnectivity_7d90cb42c994d809
http://www.wegames.net/,dns,https://explorer.ooni.org/m/20260511093647.901529_KR_webconnectivity_513a33e7c3ed02b4
http://www.winespectator.com/,ok,https://explorer.ooni.org/m/20260511093651.118993_KR_webconnectivity_60908f631516ae56
https://www.xnxx.com/,dns,https://explorer.ooni.org/m/20260511093652.254829_KR_webconnectivity_fc0bc174a01782e5
http://www.xvideos.com/,dns,https://explorer.ooni.org/m/20260511093653.555296_KR_webconnectivity_4ed8e52c3796e72e
https://www.xvideos.com/,dns,https://explorer.ooni.org/m/20260511093654.829778_KR_webconnectivity_57a98e54a3def8a2
https://www.youporn.com/,dns,https://explorer.ooni.org/m/20260511093655.883209_KR_webconnectivity_294b3abce71b565d
https://xhamster.com/,dns,https://explorer.ooni.org/m/20260511093657.172548_KR_webconnectivity_12e5f21f64c0b0c4
http://ywoos.com/,dns,https://explorer.ooni.org/m/20260511093712.907664_KR_webconnectivity_849779f87356fec9
http://adb.org/,ok,https://explorer.ooni.org/m/20260511093719.588891_KR_webconnectivity_9d186ad5284af23d
https://albiononline.com/,dns,https://explorer.ooni.org/m/20260511093720.378147_KR_webconnectivity_aeafe237e4cdcedc
https://alignpay.com/,dns,https://explorer.ooni.org/m/20260511093736.335999_KR_webconnectivity_78d86f59599c48e1
https://api.revenuecat.com/,ok,https://explorer.ooni.org/m/20260511093741.657937_KR_webconnectivity_9cb796d8864430c0
https://apis.google.com/robots.txt,ok,https://explorer.ooni.org/m/20260511093746.623956_KR_webconnectivity_f73c0f69f7857dba
http://archive.ubuntu.com/,ok,https://explorer.ooni.org/m/20260511093748.455449_KR_webconnectivity_b0e11f5da72af9a4
https://astalavista.box.sk/,dns,https://explorer.ooni.org/m/20260511093749.693807_KR_webconnectivity_a480f0bb2576f423
https://attrition.org/,ok,https://explorer.ooni.org/m/20260511093753.473980_KR_webconnectivity_a8073a316f2cda4f
https://beacondb.net/,ok,https://explorer.ooni.org/m/20260511093756.695637_KR_webconnectivity_c06df74ad89eb722
https://bitcoin.org/,dns,https://explorer.ooni.org/m/20260511093757.786513_KR_webconnectivity_13349d16a1152e92
https://bitcoin.sipa.be/,dns,https://explorer.ooni.org/m/20260511093759.852845_KR_webconnectivity_9f7c6338b45c3b2c
https://blockdx.co/,error,https://explorer.ooni.org/m/20260511093801.799329_KR_webconnectivity_64f8e2559274858d
https://blog.counter-strike.net/,dns,https://explorer.ooni.org/m/20260511093802.556344_KR_webconnectivity_6a9352beb49cbc1d
https://blog.mozilla.org/,ok,https://explorer.ooni.org/m/20260511093805.776082_KR_webconnectivity_04091219686b8043
https://bogus.d2a8n1.rootcanary.net/,ok,https://explorer.ooni.org/m/20260511093809.434558_KR_webconnectivity_c528902da77938b9
https://brave.com/,ok,https://explorer.ooni.org/m/20260511093815.097747_KR_webconnectivity_9d0baafd25395f5f
https://bughunters.google.com/,ok,https://explorer.ooni.org/m/20260511093819.124818_KR_webconnectivity_cbea353b87e88aa2
https://cdnjs.com/,ok,https://explorer.ooni.org/m/20260511093823.659395_KR_webconnectivity_e2c31eb10c2adf22
http://clients3.google.com/generate_204,ok,https://explorer.ooni.org/m/20260511093825.850952_KR_webconnectivity_4683346747a51601
https://clients5.google.com/robots.txt,ok,https://explorer.ooni.org/m/20260511093829.474794_KR_webconnectivity_8ca2efbe3c60a865
https://coinmarketcap.com/,dns,https://explorer.ooni.org/m/20260511093830.361098_KR_webconnectivity_ff1d4ab1adfc91e5
https://company.wizards.com/,dns,https://explorer.ooni.org/m/20260511093831.600326_KR_webconnectivity_0cea5ca1266dcd57
http://connect.rom.miui.com/generate_204,ok,https://explorer.ooni.org/m/20260511093835.440165_KR_webconnectivity_80ce26659108f3fe
http://connectivitycheck.android.com/generate_204,ok,https://explorer.ooni.org/m/20260511093837.016690_KR_webconnectivity_f57dd02cf3ef6cd1
http://connectivitycheck.gstatic.com/generate_204,ok,https://explorer.ooni.org/m/20260511093838.480368_KR_webconnectivity_75c9b9051bbf1b5b
https://cultdeadcow.com/,dns,https://explorer.ooni.org/m/20260511093839.731840_KR_webconnectivity_39bd7dc62577bfbb
https://dashjr.org/,dns,https://explorer.ooni.org/m/20260511093840.997059_KR_webconnectivity_a21dacef09924b1f
https://defcon.org/,ok,https://explorer.ooni.org/m/20260511093846.164014_KR_webconnectivity_3f55b5b00cb2792b
http://detectportal.firefox.com/success.txt,ok,https://explorer.ooni.org/m/20260511093847.288821_KR_webconnectivity_2d96f351811d0d74
https://dnsleaktest.com/,dns,https://explorer.ooni.org/m/20260511093848.654981_KR_webconnectivity_1705173ae1784201
https://dnsviz.net/,ok,https://explorer.ooni.org/m/20260511093851.426922_KR_webconnectivity_7b93f246d679c6ce
https://doubleclick.net/,ok,https://explorer.ooni.org/m/20260511093855.451643_KR_webconnectivity_100d3fba1e579f82
https://earth.google.com/web/,ok,https://explorer.ooni.org/m/20260511093857.751129_KR_webconnectivity_4baa102db29f3b11
https://electrum.org/,dns,https://explorer.ooni.org/m/20260511093858.632066_KR_webconnectivity_f3f7b9f08e4b41cb
https://en.miui.com/,ok,https://explorer.ooni.org/m/20260511093905.213335_KR_webconnectivity_66bbcdea4b3c7be4
https://epicgames.com/,dns,https://explorer.ooni.org/m/20260511093906.460106_KR_webconnectivity_ce83dd4229c30602
https://etherscan.io/,dns,https://explorer.ooni.org/m/20260511093907.519467_KR_webconnectivity_41d21a020291a86f
https://fedoramagazine.org/,ok,https://explorer.ooni.org/m/20260511093910.898302_KR_webconnectivity_8cefc023de863b76
https://gamersclub.gg/,dns,https://explorer.ooni.org/m/20260511093911.681888_KR_webconnectivity_542df8b6fba594bc
https://giganews.com/,dns,https://explorer.ooni.org/m/20260511093912.628287_KR_webconnectivity_6640bb4d3519890f
http://gmarket.co.kr/,ok,https://explorer.ooni.org/m/20260511093914.727103_KR_webconnectivity_c3d83bb1e7fe2ce9
https://hodlhodl.com/,ok,https://explorer.ooni.org/m/20260511093918.272492_KR_webconnectivity_4912dc2ddce7d3ba
https://insecure.org/,ok,https://explorer.ooni.org/m/20260511093922.567438_KR_webconnectivity_a412ecbb275a638a
https://kh.google.com/rt/earth/PlanetoidMetadata,ok,https://explorer.ooni.org/m/20260511093925.174417_KR_webconnectivity_486a4e20621690b4
https://khms0.google.com/kh/v=908?x=81&y=103&z=8,ok,https://explorer.ooni.org/m/20260511093927.665991_KR_webconnectivity_749b206dbca9dbb4
https://khms1.google.com/kh/v=908?x=327&y=414&z=10,ok,https://explorer.ooni.org/m/20260511093929.859400_KR_webconnectivity_bade365422284d6f
http://knic.com.kp/,dns,https://explorer.ooni.org/m/20260511093938.150508_KR_webconnectivity_35980e23ceda4c70
https://krunker.io/,dns,https://explorer.ooni.org/m/20260511093939.324374_KR_webconnectivity_67c8bd00dd1f60b9
https://localmonero.co/,ok,https://explorer.ooni.org/m/20260511093943.922349_KR_webconnectivity_ea153ca170a78633
https://maps.gstatic.com/tactile/basepage/grid-image.png,ok,https://explorer.ooni.org/m/20260511093945.990010_KR_webconnectivity_d2b38c448954ddcf
https://matcha.xyz/,dns,https://explorer.ooni.org/m/20260511093946.741287_KR_webconnectivity_5b759c10829bfedb
https://metasploit.com/,ok,https://explorer.ooni.org/m/20260511093949.602937_KR_webconnectivity_a78c065c8b6a404b
https://moodle.org/,ok,https://explorer.ooni.org/m/20260511093953.226675_KR_webconnectivity_ec1c2cd4fca2bb37
https://nemtudo.me/,dns,https://explorer.ooni.org/m/20260511093954.132879_KR_webconnectivity_f735458e2a182e19
http://networkcheck.kde.org/,ok,https://explorer.ooni.org/m/20260511093955.477356_KR_webconnectivity_1703904c3b651916
https://nmap.org/,ok,https://explorer.ooni.org/m/20260511093958.980990_KR_webconnectivity_c99bd61e125656dc
http://nmcheck.gnome.org/check_network_status.txt,ok,https://explorer.ooni.org/m/20260511094000.247445_KR_webconnectivity_570929faa4dc15c1
https://o0.ingest.sentry.io/api/0,ok,https://explorer.ooni.org/m/20260511094001.593562_KR_webconnectivity_64b586c1e3ce63c6
http://opportunity.org/,ok,https://explorer.ooni.org/m/20260511094009.101666_KR_webconnectivity_97cc1b33a41cf0d1
https://packetstormsecurity.com/,ok,https://explorer.ooni.org/m/20260511094012.842822_KR_webconnectivity_862a736899da74f7
http://phrack.org/,dns,https://explorer.ooni.org/m/20260511094013.664709_KR_webconnectivity_904d0b758aba2ed4
http://ping.archlinux.org/,ok,https://explorer.ooni.org/m/20260511094015.631632_KR_webconnectivity_f6fb1466d323118d
https://plan-uk.org/,ok,https://explorer.ooni.org/m/20260511094019.871888_KR_webconnectivity_50d130041ec3459f
https://poki.com/,dns,https://explorer.ooni.org/m/20260511094020.836175_KR_webconnectivity_13da7e13a51f339c
https://repo1.maven.org/,ok,https://explorer.ooni.org/m/20260511094021.864008_KR_webconnectivity_6e68f3eb9c6e8565
https://root-key-sentinel-is-ta-20326.d2a8n3.rootcanary.net/,ok,https://explorer.ooni.org/m/20260511094025.478819_KR_webconnectivity_f990de6489d44fdc
https://root-key-sentinel-is-ta-38696.d2a8n3.rootcanary.net/,ok,https://explorer.ooni.org/m/20260511094028.820398_KR_webconnectivity_e64a16a91c94a2ff
https://root-key-sentinel-not-ta-20326.d2a8n3.rootcanary.net/,ok,https://explorer.ooni.org/m/20260511094032.622724_KR_webconnectivity_18328a86bcdf7ae3
https://root-key-sentinel-not-ta-38696.d2a8n3.rootcanary.net/,ok,https://explorer.ooni.org/m/20260511094036.143675_KR_webconnectivity_0d16d0c215034e94
https://s3.amazonaws.com/ooni-data/archives-raw/yaml_tar_vault.json,ok,https://explorer.ooni.org/m/20260511094041.833715_KR_webconnectivity_a578a767b05bfd4b
https://seclists.org/,ok,https://explorer.ooni.org/m/20260511094045.419013_KR_webconnectivity_0f74224ad44324f4
https://sentry.io/api/0/,ok,https://explorer.ooni.org/m/20260511094046.489102_KR_webconnectivity_575bc85b9832ec2a
https://sourceforge.net/projects/loic/,ok,https://explorer.ooni.org/m/20260511094047.808893_KR_webconnectivity_7ea80cea00d8fad6
http://start.ubuntu.com/connectivity-check.html,ok,https://explorer.ooni.org/m/20260511094049.844052_KR_webconnectivity_cfc48c6a69244fe7
https://store.epicgames.com/,dns,https://explorer.ooni.org/m/20260511094050.605789_KR_webconnectivity_53069048a3481d21
https://store.steampowered.com/,dns,https://explorer.ooni.org/m/20260511094051.817517_KR_webconnectivity_ce2b2e6465374030
https://swift.org/,ok,https://explorer.ooni.org/m/20260511094053.555549_KR_webconnectivity_5961126f0d67078c
https://thehackernews.com/,ok,https://explorer.ooni.org/m/20260511094055.812852_KR_webconnectivity_9730c583fb33f7f0
https://tigerweb.ru/,ok,https://explorer.ooni.org/m/20260511094059.858827_KR_webconnectivity_6685f353fd0300cb
https://tlauncher.org/,dns,https://explorer.ooni.org/m/20260511094100.608800_KR_webconnectivity_c7cd68d78dbb9733
https://toolbox.googleapps.com/,ok,https://explorer.ooni.org/m/20260511094103.940563_KR_webconnectivity_487f4f7cd2e7539c
https://totaljerkface.com/,dns,https://explorer.ooni.org/m/20260511094104.795405_KR_webconnectivity_5a7fcdaeb1d192cc
https://trisquel.info/,ok,https://explorer.ooni.org/m/20260511094108.542559_KR_webconnectivity_1597a447807c706d
https://uphold.com/,dns,https://explorer.ooni.org/m/20260511094109.317761_KR_webconnectivity_aa5144b9d1ed648b
https://use-application-dns.net/,ok,https://explorer.ooni.org/m/20260511094112.091208_KR_webconnectivity_8a13a591f5f583f1
https://wasabiwallet.io/,ok,https://explorer.ooni.org/m/20260511094116.590309_KR_webconnectivity_7da292975ceaa684
https://wkkf.org/,ok,https://explorer.ooni.org/m/20260511094119.514704_KR_webconnectivity_300571a0d33a25c8
https://worldofwarcraft.com/,dns,https://explorer.ooni.org/m/20260511094120.834089_KR_webconnectivity_0a63fd623aa990bb
http://wowbogo.net/,ok,https://explorer.ooni.org/m/20260511094121.600027_KR_webconnectivity_84a80eb01997fdb7
http://www.11st.co.kr/,ok,https://explorer.ooni.org/m/20260511094123.300586_KR_webconnectivity_c31c1c044d5206ef
https://www.2600.com/,dns,https://explorer.ooni.org/m/20260511094125.630036_KR_webconnectivity_91d499240ee4a9bb
https://www.airbnb.co.kr/,ok,https://explorer.ooni.org/m/20260511094129.623802_KR_webconnectivity_5d34e0a89523b820
https://www.akdn.org/,ok,https://explorer.ooni.org/m/20260511094134.835187_KR_webconnectivity_2c025e543b67d070
https://www.amazon.com/,ok,https://explorer.ooni.org/m/20260511094136.254179_KR_webconnectivity_857191654fe033fd
http://www.apple.com/library/test/success.html,ok,https://explorer.ooni.org/m/20260511094137.611025_KR_webconnectivity_761d30d7027b8cae
https://www.apple.com/,ok,https://explorer.ooni.org/m/20260511094140.366834_KR_webconnectivity_087d4191875c100f
http://www.auction.co.kr/,ok,https://explorer.ooni.org/m/20260511094141.318607_KR_webconnectivity_a47b543e02baaa80
https://www.babbel.com/,ok,https://explorer.ooni.org/m/20260511094144.507258_KR_webconnectivity_dde4924d8a73efdd
http://www.barnesandnoble.com/,ok,https://explorer.ooni.org/m/20260511094145.967756_KR_webconnectivity_82f923a57c233d8e
https://www.binance.com/,dns,https://explorer.ooni.org/m/20260511094146.973547_KR_webconnectivity_7d98e0d26a7837af
http://www.blackhat.be/,dns,https://explorer.ooni.org/m/20260511094148.590931_KR_webconnectivity_4b9ed8fe273064ed
https://www.bitfinex.com/,dns,https://explorer.ooni.org/m/20260511094147.759838_KR_webconnectivity_5673c5b5908258fb
https://www.blizzard.com/,dns,https://explorer.ooni.org/m/20260511094149.613022_KR_webconnectivity_b35faa69a6aed5bb
https://www.blockchain.com/,dns,https://explorer.ooni.org/m/20260511094150.342176_KR_webconnectivity_20e6d2c634fe575c
http://www.bobaedream.co.kr/,ok,https://explorer.ooni.org/m/20260511094154.242194_KR_webconnectivity_b78feb1fa8eb5af4
https://www.care.org/,ok,https://explorer.ooni.org/m/20260511094158.173471_KR_webconnectivity_b3ff3bdadbaf8c1f
https://www.ccc.de/,ok,https://explorer.ooni.org/m/20260511094203.983492_KR_webconnectivity_086b35de1f6aea9e
http://www.ccej.or.kr/,ok,https://explorer.ooni.org/m/20260511094209.285351_KR_webconnectivity_59db8bf4a2740206
https://www.chess.com/,dns,https://explorer.ooni.org/m/20260511094210.085904_KR_webconnectivity_b1c870d99a9f0764
https://www.chromium.org/,ok,https://explorer.ooni.org/m/20260511094211.521796_KR_webconnectivity_254455b1cf22b94d
https://www.coinbase.com/,dns,https://explorer.ooni.org/m/20260511094212.303427_KR_webconnectivity_1a0033986f3dae0b
https://www.coinex.com/,dns,https://explorer.ooni.org/m/20260511094215.753494_KR_webconnectivity_3b56e50eb2befa35
https://www.common-fund.org/,ok,https://explorer.ooni.org/m/20260511094221.670604_KR_webconnectivity_1436532df8e17bd0
https://www.concern.net/,ok,https://explorer.ooni.org/m/20260511094226.492831_KR_webconnectivity_198c871945431c02
https://www.coolmathgames.com/,dns,https://explorer.ooni.org/m/20260511094227.246013_KR_webconnectivity_46d736f908c5c138
https://www.craigslist.org/,dns,https://explorer.ooni.org/m/20260511094230.189142_KR_webconnectivity_d62a85f2b6bc3b95
https://www.crs.org/,ok,https://explorer.ooni.org/m/20260511094231.798528_KR_webconnectivity_ca3f46279c729fb2
http://www.cyber-pirates.org/,ok,https://explorer.ooni.org/m/20260511094254.853865_KR_webconnectivity_8df52d86c2ff9609
https://www.darknet.org.uk/,dns,https://explorer.ooni.org/m/20260511094258.455820_KR_webconnectivity_ce5e92f2ec5b7531
https://www.ddo.com/,ok,https://explorer.ooni.org/m/20260511094307.350904_KR_webconnectivity_95bcc16cd7b2137f
https://www.ea.com/,dns,https://explorer.ooni.org/m/20260511094308.096588_KR_webconnectivity_ee6583551c930bf1
https://www.ebay.com/,ok,https://explorer.ooni.org/m/20260511094312.682104_KR_webconnectivity_7a6a609b65177106
https://www.eccouncil.org/,ok,https://explorer.ooni.org/m/20260511094316.253709_KR_webconnectivity_0bf4e7db153bd184
https://www.episcopalrelief.org/,ok,https://explorer.ooni.org/m/20260511094317.723005_KR_webconnectivity_cf9f2b52d75030b8
https://www.eveonline.com/,dns,https://explorer.ooni.org/m/20260511094318.575255_KR_webconnectivity_4567d4fc16721e0d
https://www.exploit-db.com/,dns,https://explorer.ooni.org/m/20260511094319.637381_KR_webconnectivity_b81855eccd291216
https://www.f-list.net/,dns,https://explorer.ooni.org/m/20260511094320.663132_KR_webconnectivity_55a9f0fc92602f79
http://www.feedtheminds.org/,tcp_ip,https://explorer.ooni.org/m/20260511094321.783948_KR_webconnectivity_80ad51bacb066e54
http://www.fki.or.kr/,ok,https://explorer.ooni.org/m/20260511094324.352443_KR_webconnectivity_7f71336ed947a8be
https://www.g5.com/,dns,https://explorer.ooni.org/m/20260511094327.023536_KR_webconnectivity_fe2e4e40931c6465
https://www.gamespot.com/,dns,https://explorer.ooni.org/m/20260511094327.729094_KR_webconnectivity_d6ddd188ca8bafd8
https://www.gazprombank.ru/,ok,https://explorer.ooni.org/m/20260511094333.560050_KR_webconnectivity_c03add1488c7b274
https://www.genymotion.com/,ok,https://explorer.ooni.org/m/20260511094335.720133_KR_webconnectivity_0735031ceff16c52
https://www.globalgiving.org/,ok,https://explorer.ooni.org/m/20260511094337.699764_KR_webconnectivity_d881d6ce5aa7dd58
https://www.gofundme.com/,ok,https://explorer.ooni.org/m/20260511094342.199363_KR_webconnectivity_e8a3e3f6b23e6c71
https://www.gog.com/,dns,https://explorer.ooni.org/m/20260511094343.049835_KR_webconnectivity_51f2e324d6a93ad6
https://www.groupon.com/,ok,https://explorer.ooni.org/m/20260511094346.567655_KR_webconnectivity_0e385ce75c3d1737
https://www.guildwars.com/,dns,https://explorer.ooni.org/m/20260511094347.381325_KR_webconnectivity_b5124994fe7bcf80
https://www.habbo.com/,dns,https://explorer.ooni.org/m/20260511094350.267068_KR_webconnectivity_80bf4594aae2a42c
http://www.hackforums.net/,dns,https://explorer.ooni.org/m/20260511094351.168219_KR_webconnectivity_66548fa118650965
http://www.hackhull.com/,dns,https://explorer.ooni.org/m/20260511094352.115033_KR_webconnectivity_281f3d0aa61220e3
http://www.hackinthebox.org/,tcp_ip,https://explorer.ooni.org/m/20260511094400.254606_KR_webconnectivity_acbc6a28a7fd3f36
http://www.hacktivismo.com/,dns,https://explorer.ooni.org/m/20260511094401.659425_KR_webconnectivity_4e7f4b1afb2b7e28
https://www.helvetas.ch/,ok,https://explorer.ooni.org/m/20260511094411.959222_KR_webconnectivity_bec766b4b53261a2
https://www.idrc.ca/,ok,https://explorer.ooni.org/m/20260511094418.408961_KR_webconnectivity_a9e2ad1dbab3063e
http://www.idsoftware.com/,dns,https://explorer.ooni.org/m/20260511094419.304473_KR_webconnectivity_b947a62f48e16ab3
https://www.ifad.org/,ok,https://explorer.ooni.org/m/20260511094421.063048_KR_webconnectivity_fa1e35e40551edad
https://www.ifc.org/,ok,https://explorer.ooni.org/m/20260511094423.374482_KR_webconnectivity_16eb02dafb082c64
https://www.imf.org/,ok,https://explorer.ooni.org/m/20260511094425.361049_KR_webconnectivity_ebbbbb678d0acadd
https://www.international.gc.ca/,ok,https://explorer.ooni.org/m/20260511094430.314636_KR_webconnectivity_f55ce714f61fd92c
https://www.internetsociety.org/,ok,https://explorer.ooni.org/m/20260511094434.695632_KR_webconnectivity_5eb398204eedbbe5
http://www.inven.co.kr/,dns,https://explorer.ooni.org/m/20260511094438.293540_KR_webconnectivity_24f3bf61bd5b9c8c
https://www.kali.org/,ok,https://explorer.ooni.org/m/20260511094442.062753_KR_webconnectivity_1b41015352f2f356
https://www.kbs-frb.be/,ok,https://explorer.ooni.org/m/20260511094446.827871_KR_webconnectivity_2c9806558dee2972
https://www.kraken.com/,dns,https://explorer.ooni.org/m/20260511094448.247414_KR_webconnectivity_45e286280fc863a2
https://www.kucoin.com/,dns,https://explorer.ooni.org/m/20260511094449.596487_KR_webconnectivity_5d614b6abb27d2dc
https://www.lastwar.com/,dns,https://explorer.ooni.org/m/20260511094450.365141_KR_webconnectivity_dcab8e3dfae1e8ca
https://www.macfound.org/,ok,https://explorer.ooni.org/m/20260511094454.369309_KR_webconnectivity_f13754da2f141a17
https://www.malwares.com/,ok,https://explorer.ooni.org/m/20260511094457.494563_KR_webconnectivity_f1cf1ac96ba51d1d
https://www.minecraft.net/,dns,https://explorer.ooni.org/m/20260511094458.631047_KR_webconnectivity_18a4c369d036496c
http://www.msftconnecttest.com/connecttest.txt,ok,https://explorer.ooni.org/m/20260511094459.930835_KR_webconnectivity_79f1007251e26342
http://www.msftncsi.com/ncsi.txt,ok,https://explorer.ooni.org/m/20260511094501.618966_KR_webconnectivity_4dce8f4208174c58
http://www.netmarble.net/,dns,https://explorer.ooni.org/m/20260511094504.417208_KR_webconnectivity_ecef8afbd6c6338e
http://www.nexon.com/,dns,https://explorer.ooni.org/m/20260511094505.738047_KR_webconnectivity_403711ca15a0473b
http://www.nmrc.org/,dns,https://explorer.ooni.org/m/20260511094507.410587_KR_webconnectivity_66ba3ec3483953aa
https://www.origin.com/,dns,https://explorer.ooni.org/m/20260511094508.229485_KR_webconnectivity_47ea036ce8278fc9
https://www.oxfam.org/,ok,https://explorer.ooni.org/m/20260511094513.711915_KR_webconnectivity_787b62d13be0694e
https://www.paralleleconomy.com/,ok,https://explorer.ooni.org/m/20260511094519.139335_KR_webconnectivity_4db56d65a8593680
https://www.paypal.com/,ok,https://explorer.ooni.org/m/20260511094521.853396_KR_webconnectivity_9b7c20954c3434b7
http://www.pcgamer.com/,dns,https://explorer.ooni.org/m/20260511094522.654216_KR_webconnectivity_77d1855937c50166
https://www.playstation.com/,dns,https://explorer.ooni.org/m/20260511094523.500321_KR_webconnectivity_1c0c7fc98dc7f12c
http://www.pmang.com/,dns,https://explorer.ooni.org/m/20260511094526.007363_KR_webconnectivity_b5187a26ac4b22ba
https://www.pogo.com/,dns,https://explorer.ooni.org/m/20260511094526.790782_KR_webconnectivity_d9e3f85c6a4476bf
https://www.progressio.org.uk/,ok,https://explorer.ooni.org/m/20260511094529.760542_KR_webconnectivity_e6bf37cc7f5c9df4
https://www.pubg.com/,dns,https://explorer.ooni.org/m/20260511094530.557184_KR_webconnectivity_7036cd6405d3a9c1
https://www.rbf.org/,ok,https://explorer.ooni.org/m/20260511094531.759362_KR_webconnectivity_e091fc28fe6a514f
http://www.riftgame.com/,dns,https://explorer.ooni.org/m/20260511094532.770863_KR_webconnectivity_4d07c48724d259c2
https://www.roblox.com/,dns,https://explorer.ooni.org/m/20260511094534.142058_KR_webconnectivity_1e44311583bb4f6a
http://www.rockstargames.com/,dns,https://explorer.ooni.org/m/20260511094534.881955_KR_webconnectivity_14a1344157a7492f
http://www.runescape.com/,dns,https://explorer.ooni.org/m/20260511094535.982365_KR_webconnectivity_242bb5ffc958a878
http://www.sida.se/,ok,https://explorer.ooni.org/m/20260511094542.589542_KR_webconnectivity_c1c5491a09d5d0ea
http://www.square-enix.com/,dns,https://explorer.ooni.org/m/20260511094543.819030_KR_webconnectivity_26f15dcd3e4ae2cf
https://www.thegeekdiary.com/,ok,https://explorer.ooni.org/m/20260511094544.565768_KR_webconnectivity_3d79113fc010739a
https://www.uber.com/,ok,https://explorer.ooni.org/m/20260511094547.651656_KR_webconnectivity_440cf7ffed9d7cba
https://www.ubisoft.com/,dns,https://explorer.ooni.org/m/20260511094548.898642_KR_webconnectivity_dbdc349c0b14bb55
http://www.unescap.org/,ok,https://explorer.ooni.org/m/20260511094550.558658_KR_webconnectivity_3d202f59fc57a0ab
http://www.unlockme.co.uk/,ok,https://explorer.ooni.org/m/20260511094552.734076_KR_webconnectivity_accb988ec543e7bd
https://www.usaid.gov/,ok,https://explorer.ooni.org/m/20260511094555.676367_KR_webconnectivity_860844e90c30313f
https://www.walmart.com/,ok,https://explorer.ooni.org/m/20260511094559.946542_KR_webconnectivity_484d82d5ed0da136
https://www.weforum.org/,ok,https://explorer.ooni.org/m/20260511094602.532413_KR_webconnectivity_8e7d8d1eb727875f
https://www.westernunion.com/,ok,https://explorer.ooni.org/m/20260511094607.159534_KR_webconnectivity_9801bfd51fc5fe76
https://www.wmtransfer.com/,ok,https://explorer.ooni.org/m/20260511094611.912372_KR_webconnectivity_ed54dd6845ef03f3
https://www.worldbank.org/,ok,https://explorer.ooni.org/m/20260511094614.379756_KR_webconnectivity_b1c53a8acf37d1a7
https://www.xbox.com/,dns,https://explorer.ooni.org/m/20260511094615.342459_KR_webconnectivity_4a30bb9598e59203
http://www.zone-h.org/,ok,https://explorer.ooni.org/m/20260511094616.959773_KR_webconnectivity_7b6a4130679bad6e
https://xe.com/,ok,https://explorer.ooni.org/m/20260511094621.608856_KR_webconnectivity_af61d3418d267023
http://zipbogo.net/,confirmed,https://explorer.ooni.org/m/20260511094623.823092_KR_webconnectivity_596527e179805e14
https://signal.org/,ok,https://explorer.ooni.org/m/20260511094626.348829_KR_webconnectivity_123a6ae8e960b5eb
https://www.reddit.com/,dns,https://explorer.ooni.org/m/20260511094624.676036_KR_webconnectivity_178d7419b1c653d9
https://telegram.org/,dns,https://explorer.ooni.org/m/20260511094627.077032_KR_webconnectivity_224b1ed0e52ad527
https://vimeo.com/,dns,https://explorer.ooni.org/m/20260511094627.968664_KR_webconnectivity_1609eacc649887ca
https://www.snapchat.com/,ok,https://explorer.ooni.org/m/20260511094630.402234_KR_webconnectivity_97b571066cf3069a
https://www.viber.com/,ok,https://explorer.ooni.org/m/20260511094633.421547_KR_webconnectivity_f298547d6262f391
https://www.wechat.com/,ok,https://explorer.ooni.org/m/20260511094635.273629_KR_webconnectivity_4519c366c344da84
https://www.whatsapp.com/,ok,https://explorer.ooni.org/m/20260511094638.707981_KR_webconnectivity_7690b55bfbf19f22
https://9gag.com/,dns,https://explorer.ooni.org/m/20260511094639.446585_KR_webconnectivity_17aa962677cb8d9a
https://abs.twimg.com/sticky/default_profile_images/default_profile_normal.png,ok,https://explorer.ooni.org/m/20260511094640.933383_KR_webconnectivity_23cfb156f3b70586
https://adium.im/,ok,https://explorer.ooni.org/m/20260511094644.107230_KR_webconnectivity_decdbc602b0044d2
https://badoo.com/,dns,https://explorer.ooni.org/m/20260511094647.890107_KR_webconnectivity_df8decf55a586d4d
http://blogmarks.net/,dns,https://explorer.ooni.org/m/20260511094703.649451_KR_webconnectivity_23043a30b10b1696
https://bsky.app/,ok,https://explorer.ooni.org/m/20260511094705.986037_KR_webconnectivity_c4afcd1f6cc7fe1c
https://cdn.fbsbx.com/favicon.ico,dns,https://explorer.ooni.org/m/20260511094706.743032_KR_webconnectivity_ffc311ee8ce31bc3
https://clubhouse.pubnub.com/,ok,https://explorer.ooni.org/m/20260511094708.175618_KR_webconnectivity_eb9e60717c540f57
https://ebuddy.com/,ok,https://explorer.ooni.org/m/20260511094711.154333_KR_webconnectivity_a3c9391794404eaa
https://edge-chat.instagram.com/robots.txt,ok,https://explorer.ooni.org/m/20260511094713.197758_KR_webconnectivity_0450cb5847ec1529
https://edge-mqtt.facebook.com/favicon.ico,ok,https://explorer.ooni.org/m/20260511094714.667818_KR_webconnectivity_db8d1648a923c487
https://elpha.com/,error,https://explorer.ooni.org/m/20260511094716.269732_KR_webconnectivity_842e576d0e38faf7
https://external.xx.fbcdn.net/robots.txt,ok,https://explorer.ooni.org/m/20260511094717.868458_KR_webconnectivity_0b98c7a21d68ea7b
https://fbcdn.net/robots.txt,ok,https://explorer.ooni.org/m/20260511094719.793251_KR_webconnectivity_e00b321b91796cb7
https://foursquare.com/,ok,https://explorer.ooni.org/m/20260511094721.968055_KR_webconnectivity_4af914ebee915608
http://friend.com.kp/,dns,https://explorer.ooni.org/m/20260511094726.012760_KR_webconnectivity_6a0900b73cec0b64
https://gab.com/,ok,https://explorer.ooni.org/m/20260511094727.949546_KR_webconnectivity_1cc46507ad49d68b
https://gettr.com/,ok,https://explorer.ooni.org/m/20260511094730.858944_KR_webconnectivity_1eaee9012b62ac64
https://groups.google.com/,ok,https://explorer.ooni.org/m/20260511094735.872208_KR_webconnectivity_a41c7404985482b0
https://i.instagram.com/robots.txt,ok,https://explorer.ooni.org/m/20260511094737.549761_KR_webconnectivity_e809672a01aa6d1b
https://i.pinimg.com/236x/78/6e/00/786e00eab219eca59803d118fbe0feb3.jpg,ok,https://explorer.ooni.org/m/20260511094740.742002_KR_webconnectivity_65b04cdb3a357a74
https://instagram.fsaw1-13.fna.fbcdn.net/favicon.ico,ok,https://explorer.ooni.org/m/20260511094744.062555_KR_webconnectivity_48a6940f1cf9a681
https://vpn-api.proton.me/,dns,https://explorer.ooni.org/m/20260511094744.877000_KR_webconnectivity_5a0843c6e58ea66f
https://www.scruff.com/,dns,https://explorer.ooni.org/m/20260511094745.663336_KR_webconnectivity_95d8e480ad8cf4a6
https://1.0.0.3/dns-query?dns=q80BAAABAAAAAAAAA3d3dwdleGFtcGxlA2NvbQAAAQAB,ok,https://explorer.ooni.org/m/20260511094746.600488_KR_webconnectivity_9c08ab26c76495b6
https://family.cloudflare-dns.com/dns-query?dns=q80BAAABAAAAAAAAA3d3dwdleGFtcGxlA2NvbQAAAQAB,dns,https://explorer.ooni.org/m/20260511094747.456112_KR_webconnectivity_b7af4c9831029fc3
http://www.0ubada.net/,ok,https://explorer.ooni.org/m/20260511094748.366201_KR_webconnectivity_44a287569b47acf1
https://www.economist.com/,ok,https://explorer.ooni.org/m/20260511094749.649629_KR_webconnectivity_5d65a6c10251b55e
https://www.ipredator.se/,dns,https://explorer.ooni.org/m/20260511094750.446614_KR_webconnectivity_7734ba3805a7322a
https://www.pornhub.com/,dns,https://explorer.ooni.org/m/20260511094751.341713_KR_webconnectivity_b1c079cf26fea234
ok,dns,tcp_ip,http-diff,http-failure,confirmed,error,no_data,http(legacy)
1544,559,37,3,19,23,38,0,0
2223/2223 (expected)
