https://twitter.com/,ok,https://explorer.ooni.org/m/20260318044325.469486_KR_webconnectivity_7ba0f012976d8b95
https://www.facebook.com/,ok,https://explorer.ooni.org/m/20260318044338.306521_KR_webconnectivity_6870154b2a83fc7c
https://www.instagram.com/,ok,https://explorer.ooni.org/m/20260318044350.049547_KR_webconnectivity_a9f534f032753e28
https://www.youtube.com/,ok,https://explorer.ooni.org/m/20260318044408.725452_KR_webconnectivity_5f7bee04d957af92
https://www.tiktok.com/,ok,https://explorer.ooni.org/m/20260318044414.997115_KR_webconnectivity_5f09ea917c1be3a2
https://x.com/,ok,https://explorer.ooni.org/m/20260318044424.720240_KR_webconnectivity_c0459351bc710363
https://safeabortionpills.org/,http-failure,https://explorer.ooni.org/m/20260318044426.901980_KR_webconnectivity_d732f4a97bc3921d
https://discord.com/,ok,https://explorer.ooni.org/m/20260318044437.828608_KR_webconnectivity_2003811c012d4f79
https://www.reddit.com/,dns,https://explorer.ooni.org/m/20260318044438.779216_KR_webconnectivity_b1f9e7905d4cdf2c
https://mozilla.cloudflare-dns.com/dns-query?dns=q80BAAABAAAAAAAAA3d3dwdleGFtcGxlA2NvbQAAAQAB,dns,https://explorer.ooni.org/m/20260318044440.662318_KR_webconnectivity_abe980f0877b9138
https://telegram.org/,dns,https://explorer.ooni.org/m/20260318044446.732170_KR_webconnectivity_d6ce1ee23f9acaab
https://ftp.fau.de/fdroid/repo,ok,https://explorer.ooni.org/m/20260318044450.454305_KR_webconnectivity_b09799af77e78b0c
http://gnu.rep.kp/,dns,https://explorer.ooni.org/m/20260318044500.490908_KR_webconnectivity_c7ee62e87742dc52
https://hackerspaces.org/,ok,https://explorer.ooni.org/m/20260318044503.850269_KR_webconnectivity_11ca494802fcff3a
http://historyedu.or.kr/,ok,https://explorer.ooni.org/m/20260318044526.513119_KR_webconnectivity_a0c109faf877e804
http://hksh.koreanhistory.or.kr/,ok,https://explorer.ooni.org/m/20260318044527.976622_KR_webconnectivity_eb51a3562555b545
https://i.gr-assets.com/robots.txt,ok,https://explorer.ooni.org/m/20260318044530.400851_KR_webconnectivity_ba62b47af151abcf
https://infidels.org/,ok,https://explorer.ooni.org/m/20260318044538.787398_KR_webconnectivity_83c452d1016adcc3
https://int.soccerway.com/,http-failure,https://explorer.ooni.org/m/20260318044541.530000_KR_webconnectivity_4b2f92974f93bebc
https://intelligence.weforum.org/,ok,https://explorer.ooni.org/m/20260318044546.722168_KR_webconnectivity_c3541bbc105fc447
https://isa.gov.ly/,ok,https://explorer.ooni.org/m/20260318044550.416668_KR_webconnectivity_1aed2ec4fbff6278
https://it.wikipedia.org/,ok,https://explorer.ooni.org/m/20260318044603.992376_KR_webconnectivity_b77fd2d7bfc4d4f4
https://ja.wikipedia.org/,ok,https://explorer.ooni.org/m/20260318044616.569220_KR_webconnectivity_7518b4ec96c69548
http://kancc.org/,dns,https://explorer.ooni.org/m/20260318044622.878479_KR_webconnectivity_f7a0ccccd9ece68c
http://kass.org.kp/,dns,https://explorer.ooni.org/m/20260318044638.892068_KR_webconnectivity_71c7febb392e12e1
https://kat.am/,dns,https://explorer.ooni.org/m/20260318044640.286887_KR_webconnectivity_201e6e4c33c4e56c
https://katcr.to/,dns,https://explorer.ooni.org/m/20260318044642.604114_KR_webconnectivity_fd77af346450b4d4
http://kcnawatch.co/,confirmed,https://explorer.ooni.org/m/20260318044644.114348_KR_webconnectivity_9c0591a5ad362b4c
http://kicc-dprk.org/,confirmed,https://explorer.ooni.org/m/20260318044646.103834_KR_webconnectivity_f5099344b55e60f9
https://kickasstorrents.to/,dns,https://explorer.ooni.org/m/20260318044647.169442_KR_webconnectivity_ad31f9cb75f86f48
http://kiyctc.com.kp/,dns,https://explorer.ooni.org/m/20260318044651.303636_KR_webconnectivity_b87e7ee31aa30572
http://ko.internationalism.org/,ok,https://explorer.ooni.org/m/20260318044702.587358_KR_webconnectivity_44ab7fab05504205
https://ko.wiktionary.org/,ok,https://explorer.ooni.org/m/20260318044716.725801_KR_webconnectivity_c6835efe75765652
http://korfilm.com.kp/,dns,https://explorer.ooni.org/m/20260318044733.277889_KR_webconnectivity_8a6de73ea6015f98
http://kremlin.ru/,ok,https://explorer.ooni.org/m/20260318044811.172959_KR_webconnectivity_a7102990cf92608a
https://libgen.fun/,error,https://explorer.ooni.org/m/20260318044813.177040_KR_webconnectivity_20bd5ebbf9d5d58e
http://libgen.gs/,ok,https://explorer.ooni.org/m/20260318044815.166409_KR_webconnectivity_07803ca5da42bd4f
https://libgen.is/,dns,https://explorer.ooni.org/m/20260318044831.107408_KR_webconnectivity_276a632bf3f8a65a
http://libgen.lc/,ok,https://explorer.ooni.org/m/20260318044837.181548_KR_webconnectivity_5be46904b83596eb
http://libgen.li/,dns,https://explorer.ooni.org/m/20260318044838.237350_KR_webconnectivity_826d3ab457d14781
https://libgen.life/,tcp_ip,https://explorer.ooni.org/m/20260318044923.949997_KR_webconnectivity_8c721b4b246b2190
https://libgen.me/,error,https://explorer.ooni.org/m/20260318044925.841254_KR_webconnectivity_1d510d9f4563f204
http://libgen.rs/,dns,https://explorer.ooni.org/m/20260318044941.490163_KR_webconnectivity_db53379ba43f65ef
https://libgen.space/,error,https://explorer.ooni.org/m/20260318044943.069740_KR_webconnectivity_4085713c2b240435
http://libgen.st/,tcp_ip,https://explorer.ooni.org/m/20260318045014.198789_KR_webconnectivity_e2b97d8fa04ac38b
https://libgen.xyz/,dns,https://explorer.ooni.org/m/20260318045015.214718_KR_webconnectivity_0dde79dc4172758b
https://limetorrents.pro/,dns,https://explorer.ooni.org/m/20260318045016.598672_KR_webconnectivity_dfac9e9c215317d3
https://login.infomaniak.com/,ok,https://explorer.ooni.org/m/20260318045020.708957_KR_webconnectivity_ec65b474324f4177
https://login.tailscale.com/,ok,https://explorer.ooni.org/m/20260318045034.982247_KR_webconnectivity_384cab7e360f79b0
http://ma.gov.kp/,dns,https://explorer.ooni.org/m/20260318045041.719909_KR_webconnectivity_113d57a9d506ac82
https://mashable.com/,ok,https://explorer.ooni.org/m/20260318045052.174883_KR_webconnectivity_ac82cc991e929e90
https://microsoftedge.microsoft.com/,dns,https://explorer.ooni.org/m/20260318045053.187324_KR_webconnectivity_a876a3c9dfde1f1b
https://microsoftedge.microsoft.com/addons/Microsoft-Edge-Extensions-Home,dns,https://explorer.ooni.org/m/20260318045054.077204_KR_webconnectivity_03bc4c84326c1b17
https://mirror.cyberbits.eu/fdroid/repo,ok,https://explorer.ooni.org/m/20260318045058.089547_KR_webconnectivity_5cd8a3811d794988
https://mymemory.translated.net/,ok,https://explorer.ooni.org/m/20260318045111.661389_KR_webconnectivity_d4973907dbf9c273
http://naenara.com/,ok,https://explorer.ooni.org/m/20260318045114.561980_KR_webconnectivity_546c539fef156de8
https://newalbumreleases.net/,dns,https://explorer.ooni.org/m/20260318045115.823848_KR_webconnectivity_eeb8839b83145348
https://notesnook.com/,ok,https://explorer.ooni.org/m/20260318045129.454135_KR_webconnectivity_eb5ff2c3f42b6874
https://nsw2u.com/,dns,https://explorer.ooni.org/m/20260318045130.469710_KR_webconnectivity_7222721398725d9f
http://onekorea.org/,ok,https://explorer.ooni.org/m/20260318045135.793686_KR_webconnectivity_c10b26b3b1048a5b
https://openverse.org/,ok,https://explorer.ooni.org/m/20260318045138.177566_KR_webconnectivity_b0c7ba1823b89cd2
http://osaka.korea-htr.com/,ok,https://explorer.ooni.org/m/20260318045139.108841_KR_webconnectivity_d3ddaf8823eedb4d
https://plug-mirror.rcac.purdue.edu/fdroid/repo,ok,https://explorer.ooni.org/m/20260318045145.290857_KR_webconnectivity_1d423ad518fdfe98
https://pt.m.wikipedia.org/,ok,https://explorer.ooni.org/m/20260318045200.346926_KR_webconnectivity_5e389d6f870b03bc
https://pulse.internetsociety.org/,ok,https://explorer.ooni.org/m/20260318045208.077915_KR_webconnectivity_d9c5ed21db0281aa
https://put.io/,ok,https://explorer.ooni.org/m/20260318045218.616377_KR_webconnectivity_2269bec7cba77457
https://radiofreetexas.com/,ok,https://explorer.ooni.org/m/20260318045232.937134_KR_webconnectivity_6c82436bb0d16202
https://rapidgator.net/,dns,https://explorer.ooni.org/m/20260318045234.285755_KR_webconnectivity_9a4342861cfa6359
https://rargb.to/,dns,https://explorer.ooni.org/m/20260318045235.471306_KR_webconnectivity_9eb66a530df12c70
https://ru.wikipedia.org/,ok,https://explorer.ooni.org/m/20260318045249.727721_KR_webconnectivity_a746f4fb2aaf6c4a
https://s.gr-assets.com/robots.txt,ok,https://explorer.ooni.org/m/20260318045251.244269_KR_webconnectivity_b977ae6c63da144d
https://savefrom.net/,dns,https://explorer.ooni.org/m/20260318045252.294394_KR_webconnectivity_6f8f86ea78a9b151
https://sci-hub.se/,dns,https://explorer.ooni.org/m/20260318045253.278362_KR_webconnectivity_7f413cb93e64def3
http://sdprk.org.kp/,dns,https://explorer.ooni.org/m/20260318045256.655498_KR_webconnectivity_fcaf344215965287
http://sfkuk.freeservers.com/,ok,https://explorer.ooni.org/m/20260318045301.200449_KR_webconnectivity_f5a28c0806146a3f
http://simfile.uplusbox.co.kr/,dns,https://explorer.ooni.org/m/20260318045317.480948_KR_webconnectivity_ea360bbf3011a25b
https://simple.wikipedia.org/,ok,https://explorer.ooni.org/m/20260318045332.733912_KR_webconnectivity_878dcd53da845263
https://skiff.com/,ok,https://explorer.ooni.org/m/20260318045343.109267_KR_webconnectivity_4a3148db2db33d0b
http://software.naver.com/,ok,https://explorer.ooni.org/m/20260318045343.857952_KR_webconnectivity_6efad8802aa671d3
https://soundcloud.com/,ok,https://explorer.ooni.org/m/20260318045350.989954_KR_webconnectivity_ee01c24bc8f479d0
https://sourceforge.net/,ok,https://explorer.ooni.org/m/20260318045401.162723_KR_webconnectivity_928ca530e54a6e4d
https://standardnotes.com/,ok,https://explorer.ooni.org/m/20260318045409.171601_KR_webconnectivity_0ac3c9b8a49f8a24
https://subscene.com/,dns,https://explorer.ooni.org/m/20260318045409.887330_KR_webconnectivity_2444175861d87f2b
https://theonion.com/,dns,https://explorer.ooni.org/m/20260318045410.579121_KR_webconnectivity_e2733a9a2d8dc023
https://thepiratebay.org/,dns,https://explorer.ooni.org/m/20260318045412.355106_KR_webconnectivity_6d8e433f4e0e30fa
http://tongil-i.net/,ok,https://explorer.ooni.org/m/20260318045413.081603_KR_webconnectivity_9ae4ad439974fa8f
http://torrent82.com/,ok,https://explorer.ooni.org/m/20260318045413.871263_KR_webconnectivity_d680917bc2373832
http://torrentdada.com/,dns,https://explorer.ooni.org/m/20260318045414.546264_KR_webconnectivity_a5b813a8001a8c46
http://torrenters.com/,dns,https://explorer.ooni.org/m/20260318045415.681036_KR_webconnectivity_383d8f0b70faaffe
http://torrentgogo.com/,ok,https://explorer.ooni.org/m/20260318045416.726867_KR_webconnectivity_bf266ff91051bb13
http://torters.com/,dns,https://explorer.ooni.org/m/20260318045417.634364_KR_webconnectivity_bba510704b255027
https://uea.org/,ok,https://explorer.ooni.org/m/20260318045423.418660_KR_webconnectivity_6734b63cafccaa39
https://upload.wikimedia.org/wikipedia/commons/thumb/3/37/Generic_Camera_Icon.svg/100px-Generic_Camera_Icon.svg.png,ok,https://explorer.ooni.org/m/20260318045425.558288_KR_webconnectivity_c0044b092bfb712f
http://usacrime.or.kr/,ok,https://explorer.ooni.org/m/20260318045429.681473_KR_webconnectivity_662d6a5b41a22860
https://w3schools.com/,ok,https://explorer.ooni.org/m/20260318045442.388517_KR_webconnectivity_d72908ac1e0c277d
https://web.archive.org/,dns,https://explorer.ooni.org/m/20260318045444.487984_KR_webconnectivity_186029ad78bcae14
https://wikidata.org/,ok,https://explorer.ooni.org/m/20260318045454.330910_KR_webconnectivity_ff010a212750849a
https://wikihow.com/,ok,https://explorer.ooni.org/m/20260318045506.744421_KR_webconnectivity_622c3c2682195499
https://wikimapia.org/,ok,https://explorer.ooni.org/m/20260318045510.832140_KR_webconnectivity_ef5b0bba5a4ce0fa
http://www.0ubada.net/,ok,https://explorer.ooni.org/m/20260318045511.578180_KR_webconnectivity_998402501dfc5cf2
http://www.1koreannews.com/,ok,https://explorer.ooni.org/m/20260318045512.390246_KR_webconnectivity_43153d24d4a2ac09
https://www.2shared.com/,ok,https://explorer.ooni.org/m/20260318045521.805904_KR_webconnectivity_810ec5a9ef8b8b0a
https://www.4shared.com/,ok,https://explorer.ooni.org/m/20260318045535.874831_KR_webconnectivity_2ce9510b0bc760aa
https://www.911memorial.org/,ok,https://explorer.ooni.org/m/20260318045543.688466_KR_webconnectivity_57a79fd80a9df59c
http://www.acquisitionx.com/,ok,https://explorer.ooni.org/m/20260318045546.747796_KR_webconnectivity_e5018bec60a859e7
https://www.af.mil/,ok,https://explorer.ooni.org/m/20260318045549.829201_KR_webconnectivity_3fa0849c0bd1199f
http://www.aha.ru/,ok,https://explorer.ooni.org/m/20260318045608.965122_KR_webconnectivity_3b6309704863c362
http://www.aha.ru/~zentsov/korea.htm,ok,https://explorer.ooni.org/m/20260318045626.359802_KR_webconnectivity_9e2b0e294bd8f78d
http://www.arirang.dprkorea.com/,dns,https://explorer.ooni.org/m/20260318045638.171584_KR_webconnectivity_17c2e27e41f20f02
https://www.army.mil/,ok,https://explorer.ooni.org/m/20260318045651.343708_KR_webconnectivity_85d8a23eb0e83b0b
https://www.auswaertiges-amt.de/,ok,https://explorer.ooni.org/m/20260318045703.304689_KR_webconnectivity_6233b4f4b4603dba
http://www.big.or.jp/,ok,https://explorer.ooni.org/m/20260318045706.371684_KR_webconnectivity_463493f5f80dbde9
http://www.bitcomet.com/,dns,https://explorer.ooni.org/m/20260318045707.646449_KR_webconnectivity_9ce63a59ee6e3234
http://www.bittornado.com/,dns,https://explorer.ooni.org/m/20260318045723.622733_KR_webconnectivity_211c298f0536ff8c
https://www.bme.com/,dns,https://explorer.ooni.org/m/20260318045725.644239_KR_webconnectivity_1764ddd2ff4286ed
http://www.bommin.net/,confirmed,https://explorer.ooni.org/m/20260318045728.251025_KR_webconnectivity_c9020ca9437deceb
http://www.centcom.mil/,ok,https://explorer.ooni.org/m/20260318045730.725983_KR_webconnectivity_5800e39be547cdd0
http://www.chaju.org/,ok,https://explorer.ooni.org/m/20260318045733.549706_KR_webconnectivity_ab7ba09dc39e55b8
http://www.chongryon.com/,confirmed,https://explorer.ooni.org/m/20260318045750.178797_KR_webconnectivity_3c93fcabe12e02df
https://www.cia.gov/,ok,https://explorer.ooni.org/m/20260318045804.992365_KR_webconnectivity_9aa1a88c765ee50a
http://www.cinetown.co.kr/,ok,https://explorer.ooni.org/m/20260318045825.194268_KR_webconnectivity_c0ad080d6eb44dbd
http://www.cinewel.com/,dns,https://explorer.ooni.org/m/20260318045826.098214_KR_webconnectivity_9583670358216790
https://www.cis.minsk.by/,ok,https://explorer.ooni.org/m/20260318045838.780187_KR_webconnectivity_7e2468c121789d3e
http://www.cizel.co.kr/,dns,https://explorer.ooni.org/m/20260318045855.094587_KR_webconnectivity_fac0cf87bdc99d48
http://www.cnet-ta.ne.jp/,ok,https://explorer.ooni.org/m/20260318045858.726275_KR_webconnectivity_70a5a98430562896
http://www.collegehumor.com/,dns,https://explorer.ooni.org/m/20260318045914.362365_KR_webconnectivity_3e9039b5c64c1aaa
http://www.coreaone-news.com/,confirmed,https://explorer.ooni.org/m/20260318045922.563761_KR_webconnectivity_0f0856db551750e0
https://www.darpa.mil/,ok,https://explorer.ooni.org/m/20260318045935.317207_KR_webconnectivity_e6430e3b311370fa
https://www.datpiff.com/,dns,https://explorer.ooni.org/m/20260318045937.023637_KR_webconnectivity_5a07537ccace89c7
https://www.dea.gov/,ok,https://explorer.ooni.org/m/20260318045939.858755_KR_webconnectivity_8d7a682e429f4137
https://www.deathmetal.org/,ok,https://explorer.ooni.org/m/20260318045947.813603_KR_webconnectivity_90be0ed171839fdf
https://www.defense.gov/,ok,https://explorer.ooni.org/m/20260318045951.058647_KR_webconnectivity_160bf9df9ae0a04c
https://www.dia.mil/,ok,https://explorer.ooni.org/m/20260318045954.233583_KR_webconnectivity_5b37fff52194635d
https://www.dictionary.com/,ok,https://explorer.ooni.org/m/20260318045959.380520_KR_webconnectivity_ea1f338b9fdb1f1e
http://www.dklotto.com/,dns,https://explorer.ooni.org/m/20260318050002.394269_KR_webconnectivity_2d54f74117289a64
http://www.dprk-book.com/,tcp_ip,https://explorer.ooni.org/m/20260318050054.177800_KR_webconnectivity_f0209818771d2a62
http://www.dprk-stamp.com/,ok,https://explorer.ooni.org/m/20260318050055.107309_KR_webconnectivity_3875517571e16c2f
http://www.dprkorea.com/,dns,https://explorer.ooni.org/m/20260318050106.897562_KR_webconnectivity_01d43255ef17f809
http://www.dprkstudies.org/,dns,https://explorer.ooni.org/m/20260318050109.842772_KR_webconnectivity_72ea21a20f51c67c
http://www.dprkstudies.org/documents/nkpics/picgal.html,dns,https://explorer.ooni.org/m/20260318050111.962024_KR_webconnectivity_f3a634bec2919868
https://www.dropbox.com/,ok,https://explorer.ooni.org/m/20260318050126.602259_KR_webconnectivity_93110ee408562ed6
http://www.elufa.net/,confirmed,https://explorer.ooni.org/m/20260318050129.788448_KR_webconnectivity_df563457a0071ad4
http://www.enppy.com/,dns,https://explorer.ooni.org/m/20260318050132.708700_KR_webconnectivity_de0bae9d0b7aedcd
https://www.epa.gov/,ok,https://explorer.ooni.org/m/20260318050142.668969_KR_webconnectivity_d6ca252e31545215
https://www.eventbrite.com/,ok,https://explorer.ooni.org/m/20260318050200.215710_KR_webconnectivity_d430b626b4c7fa66
http://www.ez0u.co.kr/,ok,https://explorer.ooni.org/m/20260318050201.164309_KR_webconnectivity_0a6e25e30ea8229a
https://www.fanfiction.net/,ok,https://explorer.ooni.org/m/20260318050205.295893_KR_webconnectivity_7363fe65615d9477
http://www.fileguri.com/,http-failure,https://explorer.ooni.org/m/20260318050208.288360_KR_webconnectivity_fe3e3c6aa9564197
http://www.filenara.co.kr/,dns,https://explorer.ooni.org/m/20260318050208.958996_KR_webconnectivity_f82bdd1b426c52dc
http://www.filenori.com/,ok,https://explorer.ooni.org/m/20260318050211.656375_KR_webconnectivity_01462a2fdd366548
http://www.foreignaffairs.org/,ok,https://explorer.ooni.org/m/20260318050220.216809_KR_webconnectivity_db9e1592ca55374c
http://www.fsb.ru/,ok,https://explorer.ooni.org/m/20260318050241.998049_KR_webconnectivity_528c9810b3dafe4a
https://www.fsf.org/,error,https://explorer.ooni.org/m/20260318050244.452959_KR_webconnectivity_5b3f24789d09d2ab
https://www.gawker.com/,ok,https://explorer.ooni.org/m/20260318050250.994850_KR_webconnectivity_ddd3bdb0a0fa026a
https://www.givesendgo.com/,ok,https://explorer.ooni.org/m/20260318050254.684668_KR_webconnectivity_47bc94afee7b0e09
https://www.globalpolicy.org/,ok,https://explorer.ooni.org/m/20260318050302.981382_KR_webconnectivity_b9450e3518a88019
https://www.goodreads.com/,ok,https://explorer.ooni.org/m/20260318050314.452800_KR_webconnectivity_c45b63847c7a50bf
https://www.gov.uk/,ok,https://explorer.ooni.org/m/20260318050327.061306_KR_webconnectivity_d8584dd2b31c2435
https://www.gutenberg.org/,ok,https://explorer.ooni.org/m/20260318050332.685567_KR_webconnectivity_7724b7af139fa609
http://www.hanguksa.org/,ok,https://explorer.ooni.org/m/20260318050339.259699_KR_webconnectivity_e317c55107dc2201
http://www.hisedu.or.kr/,ok,https://explorer.ooni.org/m/20260318050350.009401_KR_webconnectivity_8ef612542520131e
http://www.honamhistory.org/,ok,https://explorer.ooni.org/m/20260318050354.728519_KR_webconnectivity_7765a26b90425d29
http://www.honduras.com/,ok,https://explorer.ooni.org/m/20260318050411.950203_KR_webconnectivity_52775ecc17d58ad3
https://www.iaru.org/,ok,https://explorer.ooni.org/m/20260318050423.826050_KR_webconnectivity_193b28dff049f410
https://www.ibe.unesco.org/,ok,https://explorer.ooni.org/m/20260318050439.889687_KR_webconnectivity_da0c5cb7f655111f
https://www.icrc.org/,ok,https://explorer.ooni.org/m/20260318050453.980253_KR_webconnectivity_aba72616b479db81
https://www.ideasbeyondborders.org/,ok,https://explorer.ooni.org/m/20260318050508.277246_KR_webconnectivity_89729ea7f8465184
http://www.iea.org/,ok,https://explorer.ooni.org/m/20260318050519.979546_KR_webconnectivity_2fe60049019d58ff
https://www.ifrc.org/,ok,https://explorer.ooni.org/m/20260318050522.773644_KR_webconnectivity_16abefb238852efe
http://www.ihr.org/,ok,https://explorer.ooni.org/m/20260318050536.999133_KR_webconnectivity_1d88161d3a8dd4e0
http://www.iias.nl/,tcp_ip,https://explorer.ooni.org/m/20260318050540.190622_KR_webconnectivity_92cc6eb2c47b72c5
https://www.ilo.org/,ok,https://explorer.ooni.org/m/20260318050551.053980_KR_webconnectivity_d525edd8376914f2
http://www.imdb.com/,dns,https://explorer.ooni.org/m/20260318050552.006128_KR_webconnectivity_98d2b01521e097ec
http://www.inhard.com/,ok,https://explorer.ooni.org/m/20260318050600.749801_KR_webconnectivity_76230c9a0ae6f0e0
https://www.interpol.int/,ok,https://explorer.ooni.org/m/20260318050607.836092_KR_webconnectivity_0723e151ff0ddeb7
https://www.isa.org.jm/,ok,https://explorer.ooni.org/m/20260318050623.937368_KR_webconnectivity_8325419edec8e7c6
http://www.isj.org.uk/,ok,https://explorer.ooni.org/m/20260318050633.735377_KR_webconnectivity_61fd1c1cc724bd2a
http://www.jjangfile.net/,dns,https://explorer.ooni.org/m/20260318050649.755112_KR_webconnectivity_9b07b7c19757cb19
https://www.jsf.mil/,ok,https://explorer.ooni.org/m/20260318050655.444428_KR_webconnectivity_26e8f20d3e16ee58
http://www.kancc.org/,confirmed,https://explorer.ooni.org/m/20260318050701.366715_KR_webconnectivity_19c3c932de31e970
http://www.kcckp.net/,confirmed,https://explorer.ooni.org/m/20260318050714.687194_KR_webconnectivity_59c86feac0d57382
http://www.kdvr.de/,ok,https://explorer.ooni.org/m/20260318050717.249011_KR_webconnectivity_e23a59e4dad684c2
https://www.khanacademy.org/,ok,https://explorer.ooni.org/m/20260318050728.921551_KR_webconnectivity_ef6e28f9faf33607
http://www.kickassclassical.com/,dns,https://explorer.ooni.org/m/20260318050744.589597_KR_webconnectivity_857848a63cec4653
http://www.korea-dpr.com/,confirmed,https://explorer.ooni.org/m/20260318050748.549357_KR_webconnectivity_2364d0990edcadad
http://www.korea-dpr.com/cgi-bin/simpleforum.cgi,confirmed,https://explorer.ooni.org/m/20260318050750.119118_KR_webconnectivity_a02706c40b8855c7
http://www.korea-dpr.com/library/entrance.htm,confirmed,https://explorer.ooni.org/m/20260318050752.267384_KR_webconnectivity_28ecfcb511818f64
http://www.korea-dpr.com/menu.htm,confirmed,https://explorer.ooni.org/m/20260318050754.109681_KR_webconnectivity_e1d4fb176f21ea47
http://www.korea-dpr.com/users/jisge/,confirmed,https://explorer.ooni.org/m/20260318050755.978066_KR_webconnectivity_6dd254f2b86c56c4
http://www.korea-is-one.org/,dns,https://explorer.ooni.org/m/20260318050759.409001_KR_webconnectivity_28632eef275eafe8
http://www.korea-is-one.org/rubrique.php3?id_rubrique=5,dns,https://explorer.ooni.org/m/20260318050802.662900_KR_webconnectivity_43e31772495335ad
http://www.korea-np.co.jp/,tcp_ip,https://explorer.ooni.org/m/20260318050813.463396_KR_webconnectivity_9024f71322d91704
http://www.koreanhistory.org/,ok,https://explorer.ooni.org/m/20260318050819.618250_KR_webconnectivity_a4cc81a07e58e3ff
http://www.krbook.net/,ok,https://explorer.ooni.org/m/20260318050822.975322_KR_webconnectivity_f79de37d6ad030bf
https://www.libgen.tw/,ok,https://explorer.ooni.org/m/20260318050825.567285_KR_webconnectivity_b9586004de792f49
https://www.limetorrents.lol/,http-failure,https://explorer.ooni.org/m/20260318050828.432723_KR_webconnectivity_bea3a62d7f254712
https://www.literotica.com/,dns,https://explorer.ooni.org/m/20260318050830.078991_KR_webconnectivity_d058f834d92a3837
https://www.lushstories.com/,dns,https://explorer.ooni.org/m/20260318050831.445671_KR_webconnectivity_ed93c3d6f2c1f283
https://www.marxists.org/,ok,https://explorer.ooni.org/m/20260318050835.398725_KR_webconnectivity_d205fa26ca8a9d67
http://www.metal-archives.com/,ok,https://explorer.ooni.org/m/20260318050839.263666_KR_webconnectivity_9efc9834f37081e1
http://www.minjok.com/,dns,https://explorer.ooni.org/m/20260318050842.448680_KR_webconnectivity_bf43340d5432ae40
http://www.mnr.gov.cn/,dns,https://explorer.ooni.org/m/20260318050851.393281_KR_webconnectivity_d48688d342035823
http://www.monkey3.co.kr/,dns,https://explorer.ooni.org/m/20260318050907.796717_KR_webconnectivity_c620d8e0a3f51bb1
https://www.mozilla.org/,ok,https://explorer.ooni.org/m/20260318050922.077006_KR_webconnectivity_16ac31586c9b4462
https://www.mp3.com/,error,https://explorer.ooni.org/m/20260318051006.109144_KR_webconnectivity_d49148969e2e9310
https://www.musixmatch.com/,ok,https://explorer.ooni.org/m/20260318051010.478825_KR_webconnectivity_6d377fbb0be87af7
http://www.nato.int/,ok,https://explorer.ooni.org/m/20260318051025.959390_KR_webconnectivity_3650f8d25651b1f2
http://www.navy.mil/,ok,https://explorer.ooni.org/m/20260318051028.044334_KR_webconnectivity_ad8f7a12c05085a3
http://www.nkland.org/,ok,https://explorer.ooni.org/m/20260318051029.606997_KR_webconnectivity_24a95ff63320d6b8
https://www.nsa.gov/,ok,https://explorer.ooni.org/m/20260318051031.434460_KR_webconnectivity_18445c12b73f79ed
http://www.nzeen.com/,ok,https://explorer.ooni.org/m/20260318051040.041845_KR_webconnectivity_018ac5c58623b281
http://www.onekorea.org/,ok,https://explorer.ooni.org/m/20260318051049.728494_KR_webconnectivity_3d2b0b71ab8b08c9
http://www.onfile.co.kr/,ok,https://explorer.ooni.org/m/20260318051050.620959_KR_webconnectivity_427101f283ddd579
http://www.opec.org/,ok,https://explorer.ooni.org/m/20260318051102.372644_KR_webconnectivity_016b0ee498936cb4
http://www.openart.or.kr/,ok,https://explorer.ooni.org/m/20260318051108.717436_KR_webconnectivity_dbd835f02030f944
http://www.orangefile.com/,dns,https://explorer.ooni.org/m/20260318051113.182845_KR_webconnectivity_675b3c4aaba218d2
https://www.osce.org/,ok,https://explorer.ooni.org/m/20260318051126.469556_KR_webconnectivity_f54857d09eac2cf1
http://www.ournation-school.com/,confirmed,https://explorer.ooni.org/m/20260318051128.228480_KR_webconnectivity_4f84b9425e8a8fa4
https://www.overdrive.com/,ok,https://explorer.ooni.org/m/20260318051133.886919_KR_webconnectivity_33953f0ab318ea21
http://www.pacom.mil/,ok,https://explorer.ooni.org/m/20260318051136.650141_KR_webconnectivity_b40cd9cdfca741a8
http://www.pic-international.com/,ok,https://explorer.ooni.org/m/20260318051138.602169_KR_webconnectivity_df1c14c4df2ebf96
http://www.pruna.com/,dns,https://explorer.ooni.org/m/20260318051141.278468_KR_webconnectivity_8e0c6901ff400618
http://www.quantico.marines.mil/,ok,https://explorer.ooni.org/m/20260318051143.568965_KR_webconnectivity_790c1e6a0dafedfb
https://www.researchgate.net/,ok,https://explorer.ooni.org/m/20260318051145.410831_KR_webconnectivity_5ef25e45afc69d3e
https://www.rollingstone.com/,dns,https://explorer.ooni.org/m/20260318051146.380550_KR_webconnectivity_9f18be5e68097c15
http://www.ryongnamsan.edu.kp/,dns,https://explorer.ooni.org/m/20260318051149.993382_KR_webconnectivity_48b84555b6e64455
http://www.schwarzreport.org/,ok,https://explorer.ooni.org/m/20260318051153.474618_KR_webconnectivity_00d89ed9e444d8e2
https://www.scribd.com/,ok,https://explorer.ooni.org/m/20260318051205.841906_KR_webconnectivity_2d9b8e216dc09504
http://www.sealswcc.com/,ok,https://explorer.ooni.org/m/20260318051211.129982_KR_webconnectivity_4e8f39c1085003c3
https://www.shazam.com/,ok,https://explorer.ooni.org/m/20260318051220.487626_KR_webconnectivity_64d765998aabbc47
http://www.silibank.com/,ok,https://explorer.ooni.org/m/20260318051222.676698_KR_webconnectivity_042229c9afe3ac4e
http://www.slsknet.org/,ok,https://explorer.ooni.org/m/20260318051224.792544_KR_webconnectivity_08cffa6b9462e0b9
http://www.socom.mil/,tcp_ip,https://explorer.ooni.org/m/20260318051311.156668_KR_webconnectivity_c6583f1b98f7042e
http://www.songunpoliticsstudygroup.org/,dns,https://explorer.ooni.org/m/20260318051312.896790_KR_webconnectivity_c4344db0c7e9a011
http://www.soribada.com/,ok,https://explorer.ooni.org/m/20260318051319.063348_KR_webconnectivity_5538acc77438a8db
http://www.southcom.mil/,ok,https://explorer.ooni.org/m/20260318051322.284986_KR_webconnectivity_54d62fb6524a5422
https://www.spotify.com/,ok,https://explorer.ooni.org/m/20260318051325.223567_KR_webconnectivity_091af8cb906be0a1
https://www.state.gov/,ok,https://explorer.ooni.org/m/20260318051341.230459_KR_webconnectivity_aa080691b6a08ecd
http://www.stratcom.mil/,ok,https://explorer.ooni.org/m/20260318051344.363785_KR_webconnectivity_86f59cccf6237b46
http://www.syccr.com/,tcp_ip,https://explorer.ooni.org/m/20260318051417.411385_KR_webconnectivity_1063346972a8f049
https://www.timeout.com/,ok,https://explorer.ooni.org/m/20260318051434.293921_KR_webconnectivity_7de319be09475135
http://www.tmz.com/,ok,https://explorer.ooni.org/m/20260318051445.511407_KR_webconnectivity_9dea3a852ef08ac6
https://www.un.int/,ok,https://explorer.ooni.org/m/20260318051500.971973_KR_webconnectivity_ff7e059f79423d43
https://www.un.org/,ok,https://explorer.ooni.org/m/20260318051508.721168_KR_webconnectivity_f043853b1f6cce44
https://www.undp.org/,ok,https://explorer.ooni.org/m/20260318051510.774720_KR_webconnectivity_7b834a5a381df516
https://www.unwomen.org/,ok,https://explorer.ooni.org/m/20260318051521.788666_KR_webconnectivity_837c6728f01dfb0c
http://www.uriminzokkiri.com/,tcp_ip,https://explorer.ooni.org/m/20260318051607.944046_KR_webconnectivity_44286089259d2cd3
http://www.usafa.af.mil/,ok,https://explorer.ooni.org/m/20260318051610.436283_KR_webconnectivity_3bb4c12fff7c3482
http://www.uscg.mil/,ok,https://explorer.ooni.org/m/20260318051613.230156_KR_webconnectivity_597df1bf0b340f1b
https://www.ushmm.org/,ok,https://explorer.ooni.org/m/20260318051628.708049_KR_webconnectivity_5e6a5990ef08c8a6
https://www.utorrent.com/,ok,https://explorer.ooni.org/m/20260318051643.509027_KR_webconnectivity_2bc2f375d633eac1
http://www.vibe.com/,ok,https://explorer.ooni.org/m/20260318051657.706705_KR_webconnectivity_9299e0c18dbc6f86
https://www.videolan.org/,ok,https://explorer.ooni.org/m/20260318051708.692516_KR_webconnectivity_34a889fa34aaf5a3
https://www.wfp.org/,ok,https://explorer.ooni.org/m/20260318051719.072366_KR_webconnectivity_d212712f48b45413
https://www.wikipedia.org/,ok,https://explorer.ooni.org/m/20260318051730.286768_KR_webconnectivity_29516acca5cea8a1
https://www.wiktionary.org/,ok,https://explorer.ooni.org/m/20260318051739.118639_KR_webconnectivity_60b442661c353037
http://www.worldcorea.net/,confirmed,https://explorer.ooni.org/m/20260318051741.673790_KR_webconnectivity_2d1c6037c09ba0ca
https://www.xinjiang.gov.cn/,ok,https://explorer.ooni.org/m/20260318051751.323815_KR_webconnectivity_c039223a0a40755e
http://www.xxlmag.com/,ok,https://explorer.ooni.org/m/20260318051804.739542_KR_webconnectivity_274de4d37535b98a
https://www.zoho.com/,ok,https://explorer.ooni.org/m/20260318051809.446517_KR_webconnectivity_c15eb7b62e60ba64
https://x1337x.eu/,ok,https://explorer.ooni.org/m/20260318051812.249216_KR_webconnectivity_7e932fee9d703ae6
http://yesfile.com/,dns,https://explorer.ooni.org/m/20260318051815.174886_KR_webconnectivity_a2cbb1e10bf0ce69
https://yts.lt/,dns,https://explorer.ooni.org/m/20260318051816.476823_KR_webconnectivity_708ecaa490b6f9a3
https://yts.mx/,dns,https://explorer.ooni.org/m/20260318051817.434969_KR_webconnectivity_d8654e15e3c627ad
https://z-lib.org/,error,https://explorer.ooni.org/m/20260318051821.264236_KR_webconnectivity_6dc244873b23055e
https://zh.wikipedia.org/,ok,https://explorer.ooni.org/m/20260318051837.395189_KR_webconnectivity_786bde7fc505d2d3
http://adb.org/,ok,https://explorer.ooni.org/m/20260318051850.747514_KR_webconnectivity_4c6819a1e75d4766
https://albiononline.com/,dns,https://explorer.ooni.org/m/20260318051851.867364_KR_webconnectivity_0371740e5e3b2977
https://alignpay.com/,dns,https://explorer.ooni.org/m/20260318051907.789924_KR_webconnectivity_3ffbdca28276af79
https://api.revenuecat.com/,ok,https://explorer.ooni.org/m/20260318051920.027588_KR_webconnectivity_a663ad17ae59c245
https://apis.google.com/robots.txt,ok,https://explorer.ooni.org/m/20260318051933.503537_KR_webconnectivity_902efa41478c21e6
http://archive.ubuntu.com/,ok,https://explorer.ooni.org/m/20260318052005.908317_KR_webconnectivity_45332243eeeeabcc
https://astalavista.box.sk/,dns,https://explorer.ooni.org/m/20260318052007.169451_KR_webconnectivity_4811125636192e73
https://attrition.org/,ok,https://explorer.ooni.org/m/20260318052010.425559_KR_webconnectivity_df94c94799f1bb68
https://beacondb.net/,ok,https://explorer.ooni.org/m/20260318052014.717029_KR_webconnectivity_01cb9536be40344f
https://bitcoin.org/,dns,https://explorer.ooni.org/m/20260318052016.026904_KR_webconnectivity_75b9d29d24f0fad9
https://bitcoin.sipa.be/,dns,https://explorer.ooni.org/m/20260318052017.265629_KR_webconnectivity_da91bfa6a624f046
https://blockdx.co/,error,https://explorer.ooni.org/m/20260318052019.347342_KR_webconnectivity_83d44b95d167291f
https://blog.counter-strike.net/,dns,https://explorer.ooni.org/m/20260318052020.040397_KR_webconnectivity_306f60206935e653
https://blog.mozilla.org/,ok,https://explorer.ooni.org/m/20260318052030.865829_KR_webconnectivity_0efb65fa9fe6a594
https://bogus.d2a8n1.rootcanary.net/,ok,https://explorer.ooni.org/m/20260318052035.005139_KR_webconnectivity_d5c54a9b79f45b6e
https://brave.com/,ok,https://explorer.ooni.org/m/20260318052047.474068_KR_webconnectivity_f6bb60edbc91d7cd
https://bughunters.google.com/,ok,https://explorer.ooni.org/m/20260318052051.481326_KR_webconnectivity_2cd3b2e41706e8ee
https://cdnjs.com/,ok,https://explorer.ooni.org/m/20260318052056.957549_KR_webconnectivity_efc3b81a3ee4cd18
http://clients3.google.com/generate_204,ok,https://explorer.ooni.org/m/20260318052058.399813_KR_webconnectivity_459a14d85799bc8d
https://clients5.google.com/robots.txt,ok,https://explorer.ooni.org/m/20260318052100.861549_KR_webconnectivity_52f4796c583f44ca
https://coinmarketcap.com/,dns,https://explorer.ooni.org/m/20260318052101.812033_KR_webconnectivity_e0aa657a9b1ad847
https://company.wizards.com/,dns,https://explorer.ooni.org/m/20260318052102.968303_KR_webconnectivity_3edec86aba64824a
http://connect.rom.miui.com/generate_204,ok,https://explorer.ooni.org/m/20260318052104.653244_KR_webconnectivity_144db19b4acb9385
http://connectivitycheck.android.com/generate_204,ok,https://explorer.ooni.org/m/20260318052106.594255_KR_webconnectivity_63ce7bd70f4c4f34
http://connectivitycheck.gstatic.com/generate_204,ok,https://explorer.ooni.org/m/20260318052108.531151_KR_webconnectivity_94c03d8e5c3d61b3
https://cultdeadcow.com/,dns,https://explorer.ooni.org/m/20260318052109.921176_KR_webconnectivity_78b8b9bdd5c63a83
https://dashjr.org/,dns,https://explorer.ooni.org/m/20260318052111.808175_KR_webconnectivity_85349d08b21a3a6d
https://defcon.org/,ok,https://explorer.ooni.org/m/20260318052118.899758_KR_webconnectivity_4619f0bc85e3bce3
http://detectportal.firefox.com/success.txt,ok,https://explorer.ooni.org/m/20260318052119.582950_KR_webconnectivity_66aa62cea5d2fbc8
https://dnsleaktest.com/,dns,https://explorer.ooni.org/m/20260318052120.657526_KR_webconnectivity_064956198c302a42
https://dnsviz.net/,ok,https://explorer.ooni.org/m/20260318052123.854295_KR_webconnectivity_6bf4311074d929bd
https://doubleclick.net/,ok,https://explorer.ooni.org/m/20260318052134.974736_KR_webconnectivity_2d79db343e851a98
https://earth.google.com/web/,ok,https://explorer.ooni.org/m/20260318052138.615454_KR_webconnectivity_725933ed0ec59626
https://electrum.org/,dns,https://explorer.ooni.org/m/20260318052139.635848_KR_webconnectivity_7fe647946b8df577
https://en.miui.com/,ok,https://explorer.ooni.org/m/20260318052159.238084_KR_webconnectivity_5005f830203e57e5
https://epicgames.com/,dns,https://explorer.ooni.org/m/20260318052200.245645_KR_webconnectivity_85a7d81bd0dd38c5
https://etherscan.io/,dns,https://explorer.ooni.org/m/20260318052200.993115_KR_webconnectivity_75c0935a95afec48
https://fedoramagazine.org/,ok,https://explorer.ooni.org/m/20260318052207.260560_KR_webconnectivity_8c4c3b005251009a
https://gamersclub.gg/,dns,https://explorer.ooni.org/m/20260318052208.236917_KR_webconnectivity_09fdd14f09790375
https://giganews.com/,dns,https://explorer.ooni.org/m/20260318052209.661597_KR_webconnectivity_602336724b8d061c
http://gmarket.co.kr/,ok,https://explorer.ooni.org/m/20260318052213.607022_KR_webconnectivity_7848a27fb106db02
https://hodlhodl.com/,ok,https://explorer.ooni.org/m/20260318052222.439051_KR_webconnectivity_2f815065cd5b66fa
https://insecure.org/,ok,https://explorer.ooni.org/m/20260318052230.079833_KR_webconnectivity_50fb1799c4c64141
https://kh.google.com/rt/earth/PlanetoidMetadata,ok,https://explorer.ooni.org/m/20260318052232.905337_KR_webconnectivity_5e8889d602e43fc8
https://khms0.google.com/kh/v=908?x=81&y=103&z=8,ok,https://explorer.ooni.org/m/20260318052235.980904_KR_webconnectivity_2ca4a72874e6261a
https://khms1.google.com/kh/v=908?x=327&y=414&z=10,ok,https://explorer.ooni.org/m/20260318052239.189150_KR_webconnectivity_e5b730da4c530473
http://knic.com.kp/,dns,https://explorer.ooni.org/m/20260318052247.024124_KR_webconnectivity_2ebd468d6167f3d3
https://krunker.io/,dns,https://explorer.ooni.org/m/20260318052248.248158_KR_webconnectivity_163d375f38b6c057
https://localmonero.co/,ok,https://explorer.ooni.org/m/20260318052259.259438_KR_webconnectivity_403c71d969816015
https://maps.gstatic.com/tactile/basepage/grid-image.png,ok,https://explorer.ooni.org/m/20260318052302.276953_KR_webconnectivity_20cabdc94abe9dc2
https://matcha.xyz/,dns,https://explorer.ooni.org/m/20260318052303.699502_KR_webconnectivity_a4b2c2e8a36b1883
https://metasploit.com/,ok,https://explorer.ooni.org/m/20260318052312.358606_KR_webconnectivity_7013fb6bae9940ec
https://moodle.org/,ok,https://explorer.ooni.org/m/20260318052323.056479_KR_webconnectivity_8dd6177c8eb67efa
https://nemtudo.me/,dns,https://explorer.ooni.org/m/20260318052324.084296_KR_webconnectivity_05d433918bbff270
http://networkcheck.kde.org/,ok,https://explorer.ooni.org/m/20260318052325.518220_KR_webconnectivity_635c0617035a02dd
https://nmap.org/,ok,https://explorer.ooni.org/m/20260318052329.148818_KR_webconnectivity_3a2bfedcd74084df
http://nmcheck.gnome.org/check_network_status.txt,ok,https://explorer.ooni.org/m/20260318052331.169959_KR_webconnectivity_da510b683e3db941
https://o0.ingest.sentry.io/api/0,ok,https://explorer.ooni.org/m/20260318052333.343910_KR_webconnectivity_d87afbc56fdcd9b3
http://opportunity.org/,ok,https://explorer.ooni.org/m/20260318052336.272795_KR_webconnectivity_3e39ed5dd20ac62d
https://packetstormsecurity.com/,ok,https://explorer.ooni.org/m/20260318052341.038525_KR_webconnectivity_1a64a6114dc87724
http://phrack.org/,dns,https://explorer.ooni.org/m/20260318052342.039901_KR_webconnectivity_9fe119c1ccbdad06
http://ping.archlinux.org/,ok,https://explorer.ooni.org/m/20260318052343.763771_KR_webconnectivity_b023ac94eafe462b
https://plan-uk.org/,ok,https://explorer.ooni.org/m/20260318052354.813584_KR_webconnectivity_9053f6a6281a73b7
https://poki.com/,dns,https://explorer.ooni.org/m/20260318052355.783369_KR_webconnectivity_0708aabec4464881
https://repo1.maven.org/,ok,https://explorer.ooni.org/m/20260318052358.054169_KR_webconnectivity_bfff45cdda929dfa
https://root-key-sentinel-is-ta-20326.d2a8n3.rootcanary.net/,ok,https://explorer.ooni.org/m/20260318052402.380551_KR_webconnectivity_ce24a3ea63865be9
https://root-key-sentinel-is-ta-38696.d2a8n3.rootcanary.net/,ok,https://explorer.ooni.org/m/20260318052406.679302_KR_webconnectivity_4d4beda6e2149f7c
https://root-key-sentinel-not-ta-20326.d2a8n3.rootcanary.net/,ok,https://explorer.ooni.org/m/20260318052411.531168_KR_webconnectivity_d7372fe739c15de7
https://root-key-sentinel-not-ta-38696.d2a8n3.rootcanary.net/,ok,https://explorer.ooni.org/m/20260318052415.384244_KR_webconnectivity_5d7a49409cf2bac1
https://s3.amazonaws.com/ooni-data/archives-raw/yaml_tar_vault.json,ok,https://explorer.ooni.org/m/20260318052425.964592_KR_webconnectivity_7452f66b99bbf906
https://seclists.org/,ok,https://explorer.ooni.org/m/20260318052440.950652_KR_webconnectivity_3c64724cc7686296
https://sentry.io/api/0/,ok,https://explorer.ooni.org/m/20260318052444.698391_KR_webconnectivity_f0aa39458886777d
https://sourceforge.net/projects/loic/,ok,https://explorer.ooni.org/m/20260318052458.478547_KR_webconnectivity_249e1077b165be96
http://start.ubuntu.com/connectivity-check.html,ok,https://explorer.ooni.org/m/20260318052500.486714_KR_webconnectivity_c7e9640902ff035a
https://store.epicgames.com/,dns,https://explorer.ooni.org/m/20260318052501.430094_KR_webconnectivity_1d6d6870f2c6ac8e
https://store.steampowered.com/,dns,https://explorer.ooni.org/m/20260318052502.903794_KR_webconnectivity_4c198a004118fda8
https://swift.org/,ok,https://explorer.ooni.org/m/20260318052512.589068_KR_webconnectivity_b486d9908b51c39a
https://thehackernews.com/,ok,https://explorer.ooni.org/m/20260318052521.680338_KR_webconnectivity_2d386b2f48aa1bd1
https://tigerweb.ru/,tcp_ip,https://explorer.ooni.org/m/20260318052553.266767_KR_webconnectivity_845d197eb8d8ee77
https://tlauncher.org/,dns,https://explorer.ooni.org/m/20260318052553.952472_KR_webconnectivity_af6862091ef112f1
https://toolbox.googleapps.com/,ok,https://explorer.ooni.org/m/20260318052600.938078_KR_webconnectivity_89e059854b5f5fd4
https://totaljerkface.com/,dns,https://explorer.ooni.org/m/20260318052601.900300_KR_webconnectivity_3de304e93d1f6145
https://trisquel.info/,ok,https://explorer.ooni.org/m/20260318052607.452237_KR_webconnectivity_7c6ec63fe4f62ac5
https://uphold.com/,dns,https://explorer.ooni.org/m/20260318052608.400871_KR_webconnectivity_cbe5e361b4e111e3
https://use-application-dns.net/,ok,https://explorer.ooni.org/m/20260318052615.334823_KR_webconnectivity_d6c8c69380ba87e8
https://wasabiwallet.io/,ok,https://explorer.ooni.org/m/20260318052627.372775_KR_webconnectivity_2ed62f6086efdeba
https://wkkf.org/,ok,https://explorer.ooni.org/m/20260318052635.631907_KR_webconnectivity_5ce67df70d80ccc9
https://worldofwarcraft.com/,dns,https://explorer.ooni.org/m/20260318052637.068064_KR_webconnectivity_42dfe6c3a3ea1f39
http://wowbogo.net/,ok,https://explorer.ooni.org/m/20260318052637.822084_KR_webconnectivity_fdae5d4e5213966e
http://www.11st.co.kr/,ok,https://explorer.ooni.org/m/20260318052639.904265_KR_webconnectivity_b9f8b1f24f631564
https://www.2600.com/,dns,https://explorer.ooni.org/m/20260318052642.264584_KR_webconnectivity_831a021bbc2f4c46
https://www.airbnb.co.kr/,ok,https://explorer.ooni.org/m/20260318052653.720478_KR_webconnectivity_df533a952ece6bc9
https://www.akdn.org/,ok,https://explorer.ooni.org/m/20260318052708.031386_KR_webconnectivity_d1a1ceaa5525872c
https://www.amazon.com/,ok,https://explorer.ooni.org/m/20260318052712.206842_KR_webconnectivity_0681d2262b8d3a88
http://www.apple.com/library/test/success.html,ok,https://explorer.ooni.org/m/20260318052714.183006_KR_webconnectivity_35ae4cb8d64b18b8
https://www.apple.com/,ok,https://explorer.ooni.org/m/20260318052726.612210_KR_webconnectivity_d6e36ca8668a8679
http://www.auction.co.kr/,ok,https://explorer.ooni.org/m/20260318052732.393572_KR_webconnectivity_4517125d61a6492d
https://www.babbel.com/,ok,https://explorer.ooni.org/m/20260318052743.565996_KR_webconnectivity_781949a6159e0cdf
http://www.barnesandnoble.com/,error,https://explorer.ooni.org/m/20260318052844.153438_KR_webconnectivity_ab87f6481336924e
https://www.binance.com/,dns,https://explorer.ooni.org/m/20260318052845.293706_KR_webconnectivity_e6a3aa14043b9f7b
https://www.bitfinex.com/,dns,https://explorer.ooni.org/m/20260318052846.376571_KR_webconnectivity_5000021593f9651d
http://www.blackhat.be/,dns,https://explorer.ooni.org/m/20260318052849.235453_KR_webconnectivity_d9c3db5463f24141
https://www.blizzard.com/,dns,https://explorer.ooni.org/m/20260318052850.102620_KR_webconnectivity_d4e0a6a978cf6d74
http://www.bobaedream.co.kr/,ok,https://explorer.ooni.org/m/20260318052856.994265_KR_webconnectivity_a6eb5123ec12ebc5
https://www.blockchain.com/,dns,https://explorer.ooni.org/m/20260318052850.767414_KR_webconnectivity_06a6e1d978366552
https://www.care.org/,ok,https://explorer.ooni.org/m/20260318052909.165129_KR_webconnectivity_fa33cd1fc7929b84
https://www.ccc.de/,ok,https://explorer.ooni.org/m/20260318052912.700457_KR_webconnectivity_b89097d40c3e512c
http://www.ccej.or.kr/,ok,https://explorer.ooni.org/m/20260318052926.942951_KR_webconnectivity_b76372af54469f67
https://www.chess.com/,dns,https://explorer.ooni.org/m/20260318052928.204319_KR_webconnectivity_f87803ea3dcafe49
https://www.chromium.org/,ok,https://explorer.ooni.org/m/20260318052929.973889_KR_webconnectivity_02bc104e3bb2754e
https://www.coinbase.com/,dns,https://explorer.ooni.org/m/20260318052931.150809_KR_webconnectivity_99070d381dbb0c04
https://www.coinex.com/,dns,https://explorer.ooni.org/m/20260318052932.870018_KR_webconnectivity_c484783c2e6cde65
https://www.common-fund.org/,ok,https://explorer.ooni.org/m/20260318052943.579494_KR_webconnectivity_c0e5a8ac2cc06650
https://www.concern.net/,ok,https://explorer.ooni.org/m/20260318052951.217629_KR_webconnectivity_9e3108fd70844d58
https://www.coolmathgames.com/,dns,https://explorer.ooni.org/m/20260318052952.225057_KR_webconnectivity_b15abc8f95a13443
https://www.craigslist.org/,dns,https://explorer.ooni.org/m/20260318052959.080650_KR_webconnectivity_31007cc152b55589
https://www.crs.org/,ok,https://explorer.ooni.org/m/20260318053002.002279_KR_webconnectivity_460fa4313c69a4c5
http://www.cyber-pirates.org/,ok,https://explorer.ooni.org/m/20260318053022.129612_KR_webconnectivity_a6d1f9ead6087846
https://www.darknet.org.uk/,dns,https://explorer.ooni.org/m/20260318053023.857279_KR_webconnectivity_8dbbd8d052b7def5
https://www.ddo.com/,dns,https://explorer.ooni.org/m/20260318053026.123865_KR_webconnectivity_512233103dadd78a
https://www.ea.com/,dns,https://explorer.ooni.org/m/20260318053027.172663_KR_webconnectivity_c8954b46b4ef89e2
https://www.ebay.com/,ok,https://explorer.ooni.org/m/20260318053040.793092_KR_webconnectivity_627e59d9b46b4401
https://www.eccouncil.org/,ok,https://explorer.ooni.org/m/20260318053051.294601_KR_webconnectivity_1a7bf106671fbc63
https://www.episcopalrelief.org/,ok,https://explorer.ooni.org/m/20260318053100.961407_KR_webconnectivity_7f551b8508b86760
https://www.eveonline.com/,dns,https://explorer.ooni.org/m/20260318053102.182228_KR_webconnectivity_5dfcfa0e38117936
https://www.exploit-db.com/,dns,https://explorer.ooni.org/m/20260318053105.256607_KR_webconnectivity_8bff1e446eb40016
https://www.f-list.net/,dns,https://explorer.ooni.org/m/20260318053107.238166_KR_webconnectivity_dc62e97b1f837a38
http://www.feedtheminds.org/,tcp_ip,https://explorer.ooni.org/m/20260318053110.621626_KR_webconnectivity_e295c4e0e8e5ac4b
http://www.fki.or.kr/,ok,https://explorer.ooni.org/m/20260318053114.959405_KR_webconnectivity_a4a8807d831ab6b6
https://www.g5.com/,dns,https://explorer.ooni.org/m/20260318053117.562564_KR_webconnectivity_a9bed0acaf414969
https://www.gamespot.com/,dns,https://explorer.ooni.org/m/20260318053118.589042_KR_webconnectivity_d3dd0d1f6973fd7b
https://www.gazprombank.ru/,ok,https://explorer.ooni.org/m/20260318053131.751632_KR_webconnectivity_f24c7a258b19c6ce
https://www.genymotion.com/,ok,https://explorer.ooni.org/m/20260318053140.360564_KR_webconnectivity_aeae89ff527dad36
https://www.globalgiving.org/,ok,https://explorer.ooni.org/m/20260318053144.597809_KR_webconnectivity_271a5b26e4823f0c
https://www.gofundme.com/,ok,https://explorer.ooni.org/m/20260318053200.136354_KR_webconnectivity_9cd3eecbfd1cfe7c
https://www.gog.com/,dns,https://explorer.ooni.org/m/20260318053201.910765_KR_webconnectivity_ac46e8faa4ed0877
https://www.groupon.com/,ok,https://explorer.ooni.org/m/20260318053204.334084_KR_webconnectivity_c0662a62633c39d2
https://www.guildwars.com/,dns,https://explorer.ooni.org/m/20260318053206.568193_KR_webconnectivity_c1b3da2973d10d20
https://www.habbo.com/,dns,https://explorer.ooni.org/m/20260318053209.159481_KR_webconnectivity_b8cf7981b4325c36
http://www.hackforums.net/,dns,https://explorer.ooni.org/m/20260318053210.175846_KR_webconnectivity_1f4e4b62420b5d11
http://www.hackhull.com/,dns,https://explorer.ooni.org/m/20260318053211.544693_KR_webconnectivity_de98fbb0f240c1d7
http://www.hackinthebox.org/,tcp_ip,https://explorer.ooni.org/m/20260318053233.234919_KR_webconnectivity_efca4d2dbe66f6f6
http://www.hacktivismo.com/,dns,https://explorer.ooni.org/m/20260318053234.606767_KR_webconnectivity_8d3dd87b180bf064
https://www.helvetas.ch/,ok,https://explorer.ooni.org/m/20260318053248.079315_KR_webconnectivity_07e2a171547d537b
https://www.idrc.ca/,ok,https://explorer.ooni.org/m/20260318053302.397133_KR_webconnectivity_8a6d351fe078d3b5
http://www.idsoftware.com/,dns,https://explorer.ooni.org/m/20260318053304.379547_KR_webconnectivity_0ef3f35052cec074
https://www.ifad.org/,ok,https://explorer.ooni.org/m/20260318053306.445240_KR_webconnectivity_9c00448f279a9443
https://www.ifc.org/,ok,https://explorer.ooni.org/m/20260318053317.652062_KR_webconnectivity_63a01b15a81d731e
https://www.imf.org/,ok,https://explorer.ooni.org/m/20260318053320.222824_KR_webconnectivity_1af82a9eca128769
https://www.international.gc.ca/,ok,https://explorer.ooni.org/m/20260318053326.653607_KR_webconnectivity_5a1cf750b947697a
https://www.internetsociety.org/,ok,https://explorer.ooni.org/m/20260318053336.209530_KR_webconnectivity_fcd7ad71356b727e
http://www.inven.co.kr/,dns,https://explorer.ooni.org/m/20260318053339.792925_KR_webconnectivity_0ea8a8915ff723ed
https://www.kali.org/,ok,https://explorer.ooni.org/m/20260318053347.059587_KR_webconnectivity_65e69e24fcf2a69e
https://www.kbs-frb.be/,ok,https://explorer.ooni.org/m/20260318053400.530260_KR_webconnectivity_036cd7bc709fafdf
https://www.kraken.com/,dns,https://explorer.ooni.org/m/20260318053401.703784_KR_webconnectivity_177f091e16e2a75d
https://www.kucoin.com/,dns,https://explorer.ooni.org/m/20260318053403.694133_KR_webconnectivity_7bdfe3a560e3bbd4
https://www.lastwar.com/,dns,https://explorer.ooni.org/m/20260318053404.672409_KR_webconnectivity_2ff0bc6c4f2f7ba9
https://www.macfound.org/,ok,https://explorer.ooni.org/m/20260318053413.478360_KR_webconnectivity_0cd126687a6d29b4
https://www.malwares.com/,ok,https://explorer.ooni.org/m/20260318053415.756385_KR_webconnectivity_e03a162c0e227222
https://www.minecraft.net/,dns,https://explorer.ooni.org/m/20260318053416.667477_KR_webconnectivity_2e04be46d6326b7d
http://www.msftconnecttest.com/connecttest.txt,ok,https://explorer.ooni.org/m/20260318053418.210124_KR_webconnectivity_908757c5e14cdeee
http://www.msftncsi.com/ncsi.txt,ok,https://explorer.ooni.org/m/20260318053419.781913_KR_webconnectivity_b00254a84a30f98c
http://www.netmarble.net/,dns,https://explorer.ooni.org/m/20260318053422.696671_KR_webconnectivity_33d31b744057f031
http://www.nexon.com/,dns,https://explorer.ooni.org/m/20260318053423.868836_KR_webconnectivity_7ce2e5d2c0cabda9
http://www.nmrc.org/,dns,https://explorer.ooni.org/m/20260318053425.293241_KR_webconnectivity_e7b1255f7a2ede54
https://www.origin.com/,dns,https://explorer.ooni.org/m/20260318053426.097076_KR_webconnectivity_2b2198ba81d482d1
https://www.oxfam.org/,ok,https://explorer.ooni.org/m/20260318053436.498233_KR_webconnectivity_0cd3df96f3babd62
https://www.paralleleconomy.com/,ok,https://explorer.ooni.org/m/20260318053450.023397_KR_webconnectivity_791f0586ecfeb4d6
https://www.paypal.com/,ok,https://explorer.ooni.org/m/20260318053500.499423_KR_webconnectivity_324aa4cf11729269
http://www.pcgamer.com/,dns,https://explorer.ooni.org/m/20260318053503.077527_KR_webconnectivity_02e8f66f293ab872
https://www.playstation.com/,dns,https://explorer.ooni.org/m/20260318053504.124986_KR_webconnectivity_f99669cf21b291b5
http://www.pmang.com/,dns,https://explorer.ooni.org/m/20260318053505.037718_KR_webconnectivity_d7e501b43b1dfc41
https://www.pogo.com/,dns,https://explorer.ooni.org/m/20260318053505.881932_KR_webconnectivity_b094a436f2fba1a8
https://www.progressio.org.uk/,ok,https://explorer.ooni.org/m/20260318053509.431022_KR_webconnectivity_e5e0c0bf4dee62a0
https://www.pubg.com/,dns,https://explorer.ooni.org/m/20260318053510.348336_KR_webconnectivity_70c61538f35b86f7
https://www.rbf.org/,ok,https://explorer.ooni.org/m/20260318053516.731702_KR_webconnectivity_a59f62717bff4a37
http://www.riftgame.com/,dns,https://explorer.ooni.org/m/20260318053517.544938_KR_webconnectivity_df62d817730ac397
https://www.roblox.com/,dns,https://explorer.ooni.org/m/20260318053518.522666_KR_webconnectivity_ae941990b6965321
http://www.rockstargames.com/,dns,https://explorer.ooni.org/m/20260318053520.735590_KR_webconnectivity_ad7a978645742f61
http://www.runescape.com/,dns,https://explorer.ooni.org/m/20260318053522.981666_KR_webconnectivity_3ffb99a0a9444349
http://www.sida.se/,ok,https://explorer.ooni.org/m/20260318053538.455534_KR_webconnectivity_93390b66f82416b0
http://www.square-enix.com/,dns,https://explorer.ooni.org/m/20260318053540.027849_KR_webconnectivity_29002f12dab993cd
https://www.thegeekdiary.com/,ok,https://explorer.ooni.org/m/20260318053540.729883_KR_webconnectivity_b7789ebd9e2b6510
https://www.uber.com/,ok,https://explorer.ooni.org/m/20260318053550.759737_KR_webconnectivity_6114d90dc4672ee0
https://www.ubisoft.com/,dns,https://explorer.ooni.org/m/20260318053557.336916_KR_webconnectivity_50249246ea637f4d
http://www.unlockme.co.uk/,ok,https://explorer.ooni.org/m/20260318053600.156520_KR_webconnectivity_470cf466bd432090
https://www.usaid.gov/,ok,https://explorer.ooni.org/m/20260318053603.969732_KR_webconnectivity_2311af562e0a3e72
https://www.walmart.com/,ok,https://explorer.ooni.org/m/20260318053616.368525_KR_webconnectivity_89c406a22731fab3
https://www.weforum.org/,ok,https://explorer.ooni.org/m/20260318053622.150029_KR_webconnectivity_8297c9d198ffc4ed
https://www.westernunion.com/,ok,https://explorer.ooni.org/m/20260318053632.378874_KR_webconnectivity_1a4f9975a09e502d
https://www.wmtransfer.com/,ok,https://explorer.ooni.org/m/20260318053708.074387_KR_webconnectivity_34f80a5069d186ed
https://www.worldbank.org/,ok,https://explorer.ooni.org/m/20260318053713.865925_KR_webconnectivity_e467e32f7d71ccf7
http://www.zone-h.org/,ok,https://explorer.ooni.org/m/20260318053720.898534_KR_webconnectivity_e01b71528826958a
https://www.xbox.com/,dns,https://explorer.ooni.org/m/20260318053714.605037_KR_webconnectivity_56e9581af60b4e98
https://xe.com/,ok,https://explorer.ooni.org/m/20260318053737.201654_KR_webconnectivity_289370ed54aaf100
http://zipbogo.net/,confirmed,https://explorer.ooni.org/m/20260318053739.336575_KR_webconnectivity_2520609f85c556bb
https://signal.org/,ok,https://explorer.ooni.org/m/20260318053741.944934_KR_webconnectivity_c64845af9feca644
https://vimeo.com/,dns,https://explorer.ooni.org/m/20260318053744.878156_KR_webconnectivity_99ecd7d7e12ad1f9
https://www.snapchat.com/,ok,https://explorer.ooni.org/m/20260318053754.116834_KR_webconnectivity_bde488aeb22a6178
https://www.viber.com/,ok,https://explorer.ooni.org/m/20260318053801.401145_KR_webconnectivity_eafc70edd8702e4c
https://www.wechat.com/,ok,https://explorer.ooni.org/m/20260318053803.457941_KR_webconnectivity_6817d2d5037a4dfe
https://www.whatsapp.com/,ok,https://explorer.ooni.org/m/20260318053822.135229_KR_webconnectivity_d01dafaf6b03fcc9
https://9gag.com/,dns,https://explorer.ooni.org/m/20260318053824.349191_KR_webconnectivity_19f3f2989e08f1d4
https://abs.twimg.com/sticky/default_profile_images/default_profile_normal.png,ok,https://explorer.ooni.org/m/20260318053830.987243_KR_webconnectivity_befc18fb3eef0948
https://adium.im/,ok,https://explorer.ooni.org/m/20260318053835.148155_KR_webconnectivity_f8a59238d0a96ceb
https://badoo.com/,dns,https://explorer.ooni.org/m/20260318053836.367518_KR_webconnectivity_9ce3e6362d0bd4f0
http://blogmarks.net/,dns,https://explorer.ooni.org/m/20260318053837.473718_KR_webconnectivity_12b16ff16aa5725f
https://bsky.app/,ok,https://explorer.ooni.org/m/20260318053841.476591_KR_webconnectivity_b4adcde413751726
https://cdn.fbsbx.com/favicon.ico,dns,https://explorer.ooni.org/m/20260318053842.537455_KR_webconnectivity_ffe7739aca3de423
https://clubhouse.pubnub.com/,ok,https://explorer.ooni.org/m/20260318053846.339838_KR_webconnectivity_dd2034a1bd0b4b29
https://ebuddy.com/,ok,https://explorer.ooni.org/m/20260318053851.237378_KR_webconnectivity_cf6e8f1f4bd2038a
https://edge-chat.instagram.com/robots.txt,ok,https://explorer.ooni.org/m/20260318053854.024992_KR_webconnectivity_c33e60156ac5a052
https://edge-mqtt.facebook.com/favicon.ico,ok,https://explorer.ooni.org/m/20260318053859.827131_KR_webconnectivity_692de772d249e9de
https://elpha.com/,error,https://explorer.ooni.org/m/20260318053902.156030_KR_webconnectivity_0ffc981a48c020ba
https://external.xx.fbcdn.net/robots.txt,ok,https://explorer.ooni.org/m/20260318053904.945251_KR_webconnectivity_718d163a32ca144a
https://fbcdn.net/robots.txt,ok,https://explorer.ooni.org/m/20260318053908.126145_KR_webconnectivity_9436559efa1f5a40
https://foursquare.com/,ok,https://explorer.ooni.org/m/20260318053919.463799_KR_webconnectivity_b7b8a8c8293a00b2
http://friend.com.kp/,dns,https://explorer.ooni.org/m/20260318053921.972930_KR_webconnectivity_ca17ccf818314410
https://gab.com/,ok,https://explorer.ooni.org/m/20260318053927.215752_KR_webconnectivity_fce4a5c8cbd03832
https://gettr.com/,ok,https://explorer.ooni.org/m/20260318053929.795412_KR_webconnectivity_52f75cb9f782428a
https://groups.google.com/,ok,https://explorer.ooni.org/m/20260318053947.919945_KR_webconnectivity_1da8c2e8cab41c6a
https://i.instagram.com/robots.txt,ok,https://explorer.ooni.org/m/20260318053951.172960_KR_webconnectivity_bd78a2415f569c13
https://i.pinimg.com/236x/78/6e/00/786e00eab219eca59803d118fbe0feb3.jpg,ok,https://explorer.ooni.org/m/20260318053955.020242_KR_webconnectivity_c25c9b8fd6f97208
https://instagram.fsaw1-13.fna.fbcdn.net/favicon.ico,ok,https://explorer.ooni.org/m/20260318053958.718143_KR_webconnectivity_092cb6e75072b9ce
https://joinmastodon.org/,ok,https://explorer.ooni.org/m/20260318054013.457336_KR_webconnectivity_5e37a4023ae3e9fe
https://locals.com/,ok,https://explorer.ooni.org/m/20260318054025.277800_KR_webconnectivity_1e7b4e5cdd8515a2
https://lookaside.facebook.com/robots.txt,ok,https://explorer.ooni.org/m/20260318054029.627718_KR_webconnectivity_1a6e868d0730ab72
https://mastodon.cloud/,ok,https://explorer.ooni.org/m/20260318054034.643379_KR_webconnectivity_a01c70e83db7b775
https://mastodon.sdf.org/,ok,https://explorer.ooni.org/m/20260318054038.609964_KR_webconnectivity_95295986d2d66e56
https://mastodon.social/,ok,https://explorer.ooni.org/m/20260318054043.081574_KR_webconnectivity_6ba1d358d2e5a163
https://mastodon.xyz/,ok,https://explorer.ooni.org/m/20260318054052.954615_KR_webconnectivity_56035e29fc3472e0
https://mstdn.io/,ok,https://explorer.ooni.org/m/20260318054107.433443_KR_webconnectivity_43a8a29c67027548
https://mstdn.jp/,ok,https://explorer.ooni.org/m/20260318054113.176770_KR_webconnectivity_78d66675dec5db9b
https://myspace.com/,error,https://explorer.ooni.org/m/20260318054114.221606_KR_webconnectivity_bae3385552c10006
https://ntc.party/,dns,https://explorer.ooni.org/m/20260318054115.567983_KR_webconnectivity_08aec6543db41c08
https://pbs.twimg.com/profile_images/941658150889054208/lFeD3554_200x200.jpg,ok,https://explorer.ooni.org/m/20260318054119.851159_KR_webconnectivity_48e90146f07c477e
https://pixelfed.social/,ok,https://explorer.ooni.org/m/20260318054122.126919_KR_webconnectivity_e3dee09a397c1e88
https://plus.im/,ok,https://explorer.ooni.org/m/20260318054125.975798_KR_webconnectivity_c97d20b318be08fc
https://preview.redd.it/robots.txt,ok,https://explorer.ooni.org/m/20260318054127.943289_KR_webconnectivity_a1426357cf0a794d
https://qph.fs.quoracdn.net/main-thumb-1117688072-200-uijiqfjcmlvaxczdrlawbgyaomfocdnt.jpeg,ok,https://explorer.ooni.org/m/20260318054131.113820_KR_webconnectivity_3e4f4b477e07bbb6
https://qsbr.fs.quoracdn.net/-4-web.entry.js.out-34-8f7d03da0b7a24ae.webpack,ok,https://explorer.ooni.org/m/20260318054135.041043_KR_webconnectivity_bd144f6535431237
https://s.pinimg.com/robots.txt,ok,https://explorer.ooni.org/m/20260318054136.735422_KR_webconnectivity_7f3b187d1aa877dd
https://scontent-ams4-1.cdninstagram.com/favicon.ico,ok,https://explorer.ooni.org/m/20260318054139.448770_KR_webconnectivity_7b8b3ac133cf4616
https://scontent-frt3-2.cdninstagram.com/favicon.ico,ok,https://explorer.ooni.org/m/20260318054140.067482_KR_webconnectivity_1a812789e5875109
https://scontent-vie1-1.cdninstagram.com/favicon.ico,ok,https://explorer.ooni.org/m/20260318054151.928536_KR_webconnectivity_70ae457e7b8c38d1
https://scontent.cdninstagram.com/robots.txt,ok,https://explorer.ooni.org/m/20260318054153.631229_KR_webconnectivity_d7072a8498622a05
https://scontent.xx.fbcdn.net/robots.txt,ok,https://explorer.ooni.org/m/20260318054155.560092_KR_webconnectivity_ce8370112d851009
https://secondlife.com/,dns,https://explorer.ooni.org/m/20260318054156.959175_KR_webconnectivity_881b6cb6f5316eba
https://static.cdninstagram.com/robots.txt,ok,https://explorer.ooni.org/m/20260318054159.236430_KR_webconnectivity_9ec5bf366e7262fc
https://static.xx.fbcdn.net/favicon.ico,ok,https://explorer.ooni.org/m/20260318054207.646255_KR_webconnectivity_73da24827ca0e5d6
https://staticxx.facebook.com/robots.txt,ok,https://explorer.ooni.org/m/20260318054215.208248_KR_webconnectivity_f1f5ae5c6cc5cd19
https://styles.redditmedia.com/robots.txt,ok,https://explorer.ooni.org/m/20260318054221.888638_KR_webconnectivity_dac54bd1dc0145bc
https://tinder.com/,dns,https://explorer.ooni.org/m/20260318054232.209345_KR_webconnectivity_edabcddcd597ff7c
https://triller.co/,error,https://explorer.ooni.org/m/20260318054234.676431_KR_webconnectivity_189f75637c829095
https://untappd.com/,ok,https://explorer.ooni.org/m/20260318054245.591989_KR_webconnectivity_596387a9832df4ee
https://upload.twitter.com/robots.txt,ok,https://explorer.ooni.org/m/20260318054247.222640_KR_webconnectivity_9f66c61af643fc48
https://valence.community/,ok,https://explorer.ooni.org/m/20260318054249.836274_KR_webconnectivity_13bfaa6ce46b6864
https://video.cdninstagram.com/favicon.ico,ok,https://explorer.ooni.org/m/20260318054252.190688_KR_webconnectivity_7cdf6f2abdf47b94
https://video.twimg.com/tweet_video/EC6DSXDXsAEhHAa.mp4,ok,https://explorer.ooni.org/m/20260318054258.077995_KR_webconnectivity_ce07c088570929d8
https://vk.com/,ok,https://explorer.ooni.org/m/20260318054315.520795_KR_webconnectivity_5c4f96b49d403e68
https://web.facebook.com/robots.txt,ok,https://explorer.ooni.org/m/20260318054319.530024_KR_webconnectivity_a02e8197e67a0c5f
https://weibo.com/,ok,https://explorer.ooni.org/m/20260318054323.871519_KR_webconnectivity_b10259cf1316852f
https://www.4chan.org/,dns,https://explorer.ooni.org/m/20260318054326.245527_KR_webconnectivity_25a5fb57b111018d
https://www.clubhouse.com/,ok,https://explorer.ooni.org/m/20260318054330.220548_KR_webconnectivity_314f8940d5fc20da
https://www.clubhouseapi.com/,ok,https://explorer.ooni.org/m/20260318054331.859946_KR_webconnectivity_6f8dfe1e0c88d890
https://www.douyin.com/,ok,https://explorer.ooni.org/m/20260318054337.598843_KR_webconnectivity_3c43f0f77c3b8ccf
https://www.hootsuite.com/,ok,https://explorer.ooni.org/m/20260318054346.661731_KR_webconnectivity_6d2def0e619328cb
https://www.imqq.com/,ok,https://explorer.ooni.org/m/20260318054349.756486_KR_webconnectivity_71f0bd8b2b8084c2
https://www.joinclubhouse.com/,ok,https://explorer.ooni.org/m/20260318054353.346907_KR_webconnectivity_5e0ee08c66a415cf
https://www.linkedin.com/,ok,https://explorer.ooni.org/m/20260318054407.997628_KR_webconnectivity_b838557f92ab5e41
https://www.meetme.com/,dns,https://explorer.ooni.org/m/20260318054409.022714_KR_webconnectivity_6e115ae49126d0dc
https://www.meetup.com/,dns,https://explorer.ooni.org/m/20260318054411.485292_KR_webconnectivity_b0a500dbf6e62241
https://www.minds.com/,ok,https://explorer.ooni.org/m/20260318054423.743913_KR_webconnectivity_4d761669ab163f1f
https://www.ning.com/,ok,https://explorer.ooni.org/m/20260318054435.780630_KR_webconnectivity_eb356ec5b3518f49
https://www.patreon.com/,ok,https://explorer.ooni.org/m/20260318054445.870279_KR_webconnectivity_f830d730470adb25
https://www.quora.com/,ok,https://explorer.ooni.org/m/20260318054448.167991_KR_webconnectivity_65a104660edd4d53
https://www.redditstatic.com/robots.txt,ok,https://explorer.ooni.org/m/20260318054450.115193_KR_webconnectivity_4c473e5432cbed35
https://www.trendsmap.com/,tcp_ip,https://explorer.ooni.org/m/20260318054451.354206_KR_webconnectivity_8b623376a9dc106d
https://www.worldpulse.com/,ok,https://explorer.ooni.org/m/20260318054454.161372_KR_webconnectivity_9748ddb7f73e2445
https://www.yelp.com/,ok,https://explorer.ooni.org/m/20260318054502.850370_KR_webconnectivity_a66d0bf7cabe9dc2
https://www.yubo.live/,ok,https://explorer.ooni.org/m/20260318054505.085584_KR_webconnectivity_ea429d40eed112f2
https://1.1.1.1/,tcp_ip,https://explorer.ooni.org/m/20260318054536.006374_KR_webconnectivity_097873b44a0d0182
http://2015peoplepower.tistory.com/,ok,https://explorer.ooni.org/m/20260318054538.419879_KR_webconnectivity_fa96214c81bc6ee6
http://416family.org/,ok,https://explorer.ooni.org/m/20260318054540.655644_KR_webconnectivity_ae1c2358c53d45f9
https://4genderjustice.org/,ok,https://explorer.ooni.org/m/20260318054555.476710_KR_webconnectivity_6b46781c8f3d515b
https://76crimes.com/,ok,https://explorer.ooni.org/m/20260318054608.025733_KR_webconnectivity_dfe8c63204f8a5b0
http://abc.go.com/,ok,https://explorer.ooni.org/m/20260318054618.992939_KR_webconnectivity_864ba48a275c9afd
https://abortion-pills.org/,http-failure,https://explorer.ooni.org/m/20260318054620.624541_KR_webconnectivity_a27b8644a82ed33b
http://act.jinbo.net/,ok,https://explorer.ooni.org/m/20260318054636.514366_KR_webconnectivity_7871fa5521b96cff
https://actionaid.org/,ok,https://explorer.ooni.org/m/20260318054642.840965_KR_webconnectivity_88b690b3fd6ab0f0
https://advox.globalvoices.org/,error,https://explorer.ooni.org/m/20260318054701.536398_KR_webconnectivity_9d1dc754940b98fc
https://afterellen.com/,ok,https://explorer.ooni.org/m/20260318054703.684055_KR_webconnectivity_275668aac8e00a9f
https://airvpn.org/,dns,https://explorer.ooni.org/m/20260318054709.500677_KR_webconnectivity_2f9fc3aa23bf2a11
https://allout.org/,dns,https://explorer.ooni.org/m/20260318054713.524254_KR_webconnectivity_0bd6e4781fe1639f
https://allthefallen.moe/,dns,https://explorer.ooni.org/m/20260318054714.959851_KR_webconnectivity_3668a3350c6bbcb8
https://amnezia.org/,dns,https://explorer.ooni.org/m/20260318054716.576891_KR_webconnectivity_752eeb89de1946bb
https://anon.inf.tu-dresden.de/,dns,https://explorer.ooni.org/m/20260318054721.303291_KR_webconnectivity_6cd92f1871003dbc
http://anonymizer.secuser.com/,dns,https://explorer.ooni.org/m/20260318054722.210644_KR_webconnectivity_89858c9c742f2796
http://anonymouse.org/,dns,https://explorer.ooni.org/m/20260318054726.861280_KR_webconnectivity_42d072530fa94dd7
https://antivigilancia.org/,dns,https://explorer.ooni.org/m/20260318054729.629276_KR_webconnectivity_ba6cf9bfe49cd25a
https://api.protonvpn.ch/tests/ping,dns,https://explorer.ooni.org/m/20260318054730.630641_KR_webconnectivity_57cc9c509d55e59d
https://arc-international.net/,ok,https://explorer.ooni.org/m/20260318054744.863733_KR_webconnectivity_c477bb84172f89a7
https://asiatimes.com/,ok,https://explorer.ooni.org/m/20260318054756.815904_KR_webconnectivity_0b9ab71a09ce88c4
https://atlasofsurveillance.org/,ok,https://explorer.ooni.org/m/20260318054803.769099_KR_webconnectivity_ecc2cf60ea2e61ee
https://banthis.tv/,dns,https://explorer.ooni.org/m/20260318054804.979849_KR_webconnectivity_b3e2702fe27fdce9
http://base21.jinbo.net/,ok,https://explorer.ooni.org/m/20260318054816.514654_KR_webconnectivity_c3b567cb9b026c8e
http://beyondexgay.com/,http-diff,https://explorer.ooni.org/m/20260318054818.480447_KR_webconnectivity_4e13ec3d89e8c0f5
https://bi.org/,dns,https://explorer.ooni.org/m/20260318054819.681578_KR_webconnectivity_6190862f920b9e9e
https://blog.genderwatchdog.org/,ok,https://explorer.ooni.org/m/20260318054824.198356_KR_webconnectivity_994f4244428e5213
http://blog.jinbo.net/,ok,https://explorer.ooni.org/m/20260318054835.967406_KR_webconnectivity_bfe0a95893ad8877
https://boingboing.net/,dns,https://explorer.ooni.org/m/20260318054838.143435_KR_webconnectivity_48f13c3c3903beee
https://bouncer.ooni.io/,ok,https://explorer.ooni.org/m/20260318054842.861646_KR_webconnectivity_b0acf9e4894e84ec
https://bricspress.live/,ok,https://explorer.ooni.org/m/20260318054843.788715_KR_webconnectivity_6066ba9b7149f638
https://bridges.torproject.org/,dns,https://explorer.ooni.org/m/20260318054844.735784_KR_webconnectivity_bbe618b69ffeb6ea
https://brothersroad.org/,ok,https://explorer.ooni.org/m/20260318054855.746690_KR_webconnectivity_f4c1d51efc0506cd
https://btguard.com/,dns,https://explorer.ooni.org/m/20260318054856.990911_KR_webconnectivity_249885101f714510
http://cafe.daum.net/,ok,https://explorer.ooni.org/m/20260318054901.946454_KR_webconnectivity_4066aaaac9f054c1
http://cafe.daum.net/antimb,ok,https://explorer.ooni.org/m/20260318054904.768361_KR_webconnectivity_419316bb39416770
http://cafe.daum.net/libertyofthepress,ok,https://explorer.ooni.org/m/20260318054907.780401_KR_webconnectivity_27d62dedd550a247
http://cafe.daum.net/pridecare,ok,https://explorer.ooni.org/m/20260318054911.062510_KR_webconnectivity_0e5daae0e11ab1c0
http://cafe.daum.net/stopcjd,ok,https://explorer.ooni.org/m/20260318054914.013440_KR_webconnectivity_b621aa4fc0f08b47
http://cafe.naver.com/asunaro/,ok,https://explorer.ooni.org/m/20260318054930.693163_KR_webconnectivity_8ab025ca6f649b94
https://carafem.org/,dns,https://explorer.ooni.org/m/20260318054931.865318_KR_webconnectivity_480207e2cd517422
https://carnegieendowment.org/,ok,https://explorer.ooni.org/m/20260318054941.347272_KR_webconnectivity_b0b21f1a89f7a9a1
https://ccrjustice.org/,ok,https://explorer.ooni.org/m/20260318054950.187816_KR_webconnectivity_51ab1f8ee903132b
https://cdns.grindr.com/,dns,https://explorer.ooni.org/m/20260318054951.506343_KR_webconnectivity_6a153a083f56afa9
https://cdt.org/,ok,https://explorer.ooni.org/m/20260318054954.020313_KR_webconnectivity_7f03316a593261e5
https://censorship.no/,dns,https://explorer.ooni.org/m/20260318054955.121834_KR_webconnectivity_772fb634b1c8145c
https://certbot.eff.org/,ok,https://explorer.ooni.org/m/20260318055002.060646_KR_webconnectivity_8aba099231d23cea
https://citizenlab.ca/,ok,https://explorer.ooni.org/m/20260318055013.273803_KR_webconnectivity_4102e2ff97ffb5db
http://comingout.narun.net/,ok,https://explorer.ooni.org/m/20260318055014.704360_KR_webconnectivity_6a8f714f2a72315b
https://cpj.org/,ok,https://explorer.ooni.org/m/20260318055025.858190_KR_webconnectivity_945ea584457b193e
https://creativecommons.org/,dns,https://explorer.ooni.org/m/20260318055026.873882_KR_webconnectivity_993ea4cd27a66fd9
https://cryptome.org/,dns,https://explorer.ooni.org/m/20260318055029.149516_KR_webconnectivity_9a23b2ca5fb4e1d2
https://cryptpad.fr/,ok,https://explorer.ooni.org/m/20260318055032.153873_KR_webconnectivity_37bd1f1723ce696d
https://cryptpad.org/instances/,ok,https://explorer.ooni.org/m/20260318055037.454724_KR_webconnectivity_1ba0a8a880b41f5e
https://csid-online.org/,ok,https://explorer.ooni.org/m/20260318055047.243423_KR_webconnectivity_f9d9c41adef5dae9
https://cyber.harvard.edu/,ok,https://explorer.ooni.org/m/20260318055054.743924_KR_webconnectivity_8c7f9cf536eb25ab
https://dartcenter.org/,ok,https://explorer.ooni.org/m/20260318055056.478084_KR_webconnectivity_87cb24108b46ca82
https://ddosecrets.com/,ok,https://explorer.ooni.org/m/20260318055102.733500_KR_webconnectivity_0588f105269a1c00
https://defenddefenders.org/,ok,https://explorer.ooni.org/m/20260318055105.012597_KR_webconnectivity_9a5429d4d5288355
https://disclose.ngo/,ok,https://explorer.ooni.org/m/20260318055109.236650_KR_webconnectivity_f3740b5f709af7f6
https://dn42.dev/,ok,https://explorer.ooni.org/m/20260318055114.837177_KR_webconnectivity_8f492070a1271e68
https://docs.mvt.re/,dns,https://explorer.ooni.org/m/20260318055116.012954_KR_webconnectivity_4559da1a398ba18c
https://edition.cnn.com/,ok,https://explorer.ooni.org/m/20260318055123.842927_KR_webconnectivity_b1577c08f6a6c4b3
http://english.chosun.com/,ok,https://explorer.ooni.org/m/20260318055125.394962_KR_webconnectivity_20087636e03c73da
http://english.eduhope.net/,ok,https://explorer.ooni.org/m/20260318055129.240964_KR_webconnectivity_fa69ee66d044f32f
http://english.hani.co.kr/,ok,https://explorer.ooni.org/m/20260318055141.962998_KR_webconnectivity_7da1430598437674
http://english.yna.co.kr/,error,https://explorer.ooni.org/m/20260318055144.959473_KR_webconnectivity_380bce1da2071c96
https://epic.org/,ok,https://explorer.ooni.org/m/20260318055156.150663_KR_webconnectivity_4a7891470c83df77
https://equal-eyes.org/,ok,https://explorer.ooni.org/m/20260318055206.205866_KR_webconnectivity_a33bd5255d304315
https://explorer.ooni.org/,ok,https://explorer.ooni.org/m/20260318055211.495336_KR_webconnectivity_9c8af379684d3638
https://feminist.org/,ok,https://explorer.ooni.org/m/20260318055223.042390_KR_webconnectivity_6a9aafa140241e0d
https://fleegle.mixmin.net/,ok,https://explorer.ooni.org/m/20260318055225.731003_KR_webconnectivity_f605f0a341507387
https://fondfbr.ru/,dns,https://explorer.ooni.org/m/20260318055227.579220_KR_webconnectivity_194ba4fe6d2ae6ed
https://foreignpolicy.com/,ok,https://explorer.ooni.org/m/20260318055238.915571_KR_webconnectivity_a232224ce48d5b5b
http://freedom.jinbo.net/,ok,https://explorer.ooni.org/m/20260318055241.329070_KR_webconnectivity_b85bdfe3bd1d7215
https://freedomhouse.org/,ok,https://explorer.ooni.org/m/20260318055249.949204_KR_webconnectivity_cd178422f8ce2811
https://freemuse.org/,ok,https://explorer.ooni.org/m/20260318055308.375705_KR_webconnectivity_08dfa268610b8180
https://freenetproject.org/,dns,https://explorer.ooni.org/m/20260318055309.852113_KR_webconnectivity_62a4cab78948692e
https://freesocks.org/,dns,https://explorer.ooni.org/m/20260318055310.810040_KR_webconnectivity_552c171e522dc0fb
https://freespeech.org/,dns,https://explorer.ooni.org/m/20260318055311.665653_KR_webconnectivity_6642a02446bc1fd3
https://freespeechdebate.com/,tcp_ip,https://explorer.ooni.org/m/20260318055343.196339_KR_webconnectivity_41a3216ecfd42eb8
https://fronterafundrgv.org/,dns,https://explorer.ooni.org/m/20260318055346.001890_KR_webconnectivity_894ba64469d80d05
http://fteproxy.org/,dns,https://explorer.ooni.org/m/20260318055347.327142_KR_webconnectivity_07aa5eeddd531e46
https://fundtexaschoice.org/,ok,https://explorer.ooni.org/m/20260318055356.866332_KR_webconnectivity_9bca74caeb90e010
https://gaymenshealth.org/,ok,https://explorer.ooni.org/m/20260318055409.806100_KR_webconnectivity_f632da765ae53053
http://gaytoday.com/,dns,https://explorer.ooni.org/m/20260318055412.494547_KR_webconnectivity_eacc7f7de29f52c3
https://genderandaids.unwomen.org/,ok,https://explorer.ooni.org/m/20260318055416.287100_KR_webconnectivity_b21ce62329913004
https://genderdysphoria.fyi/,dns,https://explorer.ooni.org/m/20260318055417.484657_KR_webconnectivity_87755df5481ad621
https://geti2p.net/,dns,https://explorer.ooni.org/m/20260318055418.514007_KR_webconnectivity_7bf6f0467542dbb9
https://getintra.org/,ok,https://explorer.ooni.org/m/20260318055424.173658_KR_webconnectivity_46dbb974110849d7
https://getlantern.org/,dns,https://explorer.ooni.org/m/20260318055425.424259_KR_webconnectivity_2e2a2329e0750c38
https://getoutline.org/,ok,https://explorer.ooni.org/m/20260318055430.040345_KR_webconnectivity_3666f2d1cf3c7204
https://gijn.org/,ok,https://explorer.ooni.org/m/20260318055431.842092_KR_webconnectivity_0b6344e7019a3d3a
https://globalpressjournal.com/,ok,https://explorer.ooni.org/m/20260318055437.365203_KR_webconnectivity_0fe259eab273c2be
https://globalvoices.org/,error,https://explorer.ooni.org/m/20260318055538.393445_KR_webconnectivity_41d09fa6505dd8c5
http://go.jinbo.net/,ok,https://explorer.ooni.org/m/20260318055544.021886_KR_webconnectivity_12d462c8b1edb94e
https://googleweblight.com/i?u=https%3A%2F%2Fexample.com%2F,dns,https://explorer.ooni.org/m/20260318055545.635230_KR_webconnectivity_a76e3902def0f17e
https://gpgtools.org/,ok,https://explorer.ooni.org/m/20260318055551.054466_KR_webconnectivity_aec333ac34b0eec3
https://grindr.mobi/,ok,https://explorer.ooni.org/m/20260318055553.395520_KR_webconnectivity_51585104d11d90bc
https://guardianproject.info/,ok,https://explorer.ooni.org/m/20260318055558.289021_KR_webconnectivity_0382e22c27bb319a
http://guardster.com/,dns,https://explorer.ooni.org/m/20260318055600.292176_KR_webconnectivity_70dd6d2c2ea1cb42
http://hbyd.org/,ok,https://explorer.ooni.org/m/20260318055615.998988_KR_webconnectivity_7679922d627a6e25
http://hcy.jinbo.net/,ok,https://explorer.ooni.org/m/20260318055618.913162_KR_webconnectivity_660f18d7af296868
https://help.unhcr.org/,ok,https://explorer.ooni.org/m/20260318055624.326109_KR_webconnectivity_4c9a3e7879403332
https://hide.me/,dns,https://explorer.ooni.org/m/20260318055625.543773_KR_webconnectivity_faaa190ef6a06fa1
https://hola.org/,dns,https://explorer.ooni.org/m/20260318055627.301191_KR_webconnectivity_ad8c67a8048dc716
https://hornet.com/,dns,https://explorer.ooni.org/m/20260318055628.320818_KR_webconnectivity_95064cf118dc0d35
http://hotzone.yahoo.com/,ok,https://explorer.ooni.org/m/20260318055631.197864_KR_webconnectivity_016704068fc302a8
http://hrights.or.kr/,ok,https://explorer.ooni.org/m/20260318055644.005917_KR_webconnectivity_ff068af1d5312bb0
http://hrlibrary.umn.edu/iwraw/,ok,https://explorer.ooni.org/m/20260318055647.854241_KR_webconnectivity_2f3ea408b06ab013
http://hrnet.jinbo.net/,ok,https://explorer.ooni.org/m/20260318055650.076364_KR_webconnectivity_bbbde16189722558
http://humanmed.org/,dns,https://explorer.ooni.org/m/20260318055652.875322_KR_webconnectivity_2b69276922df0ba8
https://i2p2.de/,error,https://explorer.ooni.org/m/20260318055658.481641_KR_webconnectivity_9c5b7ba3fd961384
https://i2pd.website/,dns,https://explorer.ooni.org/m/20260318055659.812611_KR_webconnectivity_981750edc8353428
https://i2pforum.net/,ok,https://explorer.ooni.org/m/20260318055713.132525_KR_webconnectivity_3a2449f3d864c2bc
https://i2pgit.org/,ok,https://explorer.ooni.org/m/20260318055716.651291_KR_webconnectivity_3b2dffdd83397d82
https://ifeminists.com/,ok,https://explorer.ooni.org/m/20260318055731.124529_KR_webconnectivity_a97fc215585314ef
https://ij.org/,ok,https://explorer.ooni.org/m/20260318055745.208080_KR_webconnectivity_e2aba05ede7dde3e
http://ijunnong.net/,ok,https://explorer.ooni.org/m/20260318055751.823453_KR_webconnectivity_e929daa6b970c350
https://ikhwanonline.com/,ok,https://explorer.ooni.org/m/20260318055754.818774_KR_webconnectivity_8c5e7145993c7096
https://ilga.org/,ok,https://explorer.ooni.org/m/20260318055806.868258_KR_webconnectivity_3b314ead02c5b9e8
http://impeter.tistory.com/,ok,https://explorer.ooni.org/m/20260318055809.016953_KR_webconnectivity_4587d4c7caf428c2
https://indymedia.org/,ok,https://explorer.ooni.org/m/20260318055812.670041_KR_webconnectivity_fe07a96e2bb0db60
http://instinctmagazine.com/,ok,https://explorer.ooni.org/m/20260318055824.786568_KR_webconnectivity_51355a185bc85aac
http://inter.kdlp.org/,ok,https://explorer.ooni.org/m/20260318055825.621588_KR_webconnectivity_d27a6c8934b75770
https://internationalfamilyequalityday.org/,ok,https://explorer.ooni.org/m/20260318055838.746791_KR_webconnectivity_691c16827a81d24b
https://ipi.media/,ok,https://explorer.ooni.org/m/20260318055853.027802_KR_webconnectivity_b08e5dc66fd7ac07
https://itgetsbetter.org/,ok,https://explorer.ooni.org/m/20260318055904.227065_KR_webconnectivity_b254c37090e2bbd0
http://ivancity.com/,dns,https://explorer.ooni.org/m/20260318055907.370109_KR_webconnectivity_967cb1c35f114ce3
https://iyfglobal.org/,ok,https://explorer.ooni.org/m/20260318055909.090727_KR_webconnectivity_835784274d206b47
https://janesdueprocess.org/,dns,https://explorer.ooni.org/m/20260318055910.788979_KR_webconnectivity_5ff93cc0937741a3
https://jezebel.com/,ok,https://explorer.ooni.org/m/20260318055922.950107_KR_webconnectivity_5e6e814400297900
http://joins.com/,ok,https://explorer.ooni.org/m/20260318055938.894041_KR_webconnectivity_f152201dd19af4d3
http://joongang.joins.com/,ok,https://explorer.ooni.org/m/20260318055955.020969_KR_webconnectivity_c7e185f95a05ca2c
http://joongangdaily.joins.com/,ok,https://explorer.ooni.org/m/20260318060008.312217_KR_webconnectivity_935cbbe281fb2772
http://jtbc.joins.com/,ok,https://explorer.ooni.org/m/20260318060020.523689_KR_webconnectivity_a1e1fc59f7236a30
https://justassociates.org/,ok,https://explorer.ooni.org/m/20260318060033.643550_KR_webconnectivity_96bb06a1fa58e243
http://justicewomen.com/,ok,https://explorer.ooni.org/m/20260318060040.980428_KR_webconnectivity_c52838f50324ef84
https://justthepill.com/,dns,https://explorer.ooni.org/m/20260318060042.047386_KR_webconnectivity_23a2975a0516d9b2
https://kaleidoscopetrust.com/,ok,https://explorer.ooni.org/m/20260318060050.958687_KR_webconnectivity_4182a3f28dd5867b
https://keys.openpgp.org/,ok,https://explorer.ooni.org/m/20260318060054.344953_KR_webconnectivity_15f07b7fbc073dd4
http://kfcitu.org/,ok,https://explorer.ooni.org/m/20260318060100.954706_KR_webconnectivity_baeccb35faa799be
http://khilafah.net/,ok,https://explorer.ooni.org/m/20260318060113.657275_KR_webconnectivity_ea2f6ef38c22f62a
http://kieu.or.kr/,ok,https://explorer.ooni.org/m/20260318060116.958324_KR_webconnectivity_60acb582441ec6b2
http://koreapinkmap.com/,http-failure,https://explorer.ooni.org/m/20260318060121.090508_KR_webconnectivity_68768ce202d9b84f
http://korelcfund.org.kp/,dns,https://explorer.ooni.org/m/20260318060128.808115_KR_webconnectivity_a144b95be029811e
http://kscrc.org/,ok,https://explorer.ooni.org/m/20260318060131.091895_KR_webconnectivity_5fe97972660f540c
http://ktu.or.kr/,tcp_ip,https://explorer.ooni.org/m/20260318060205.864210_KR_webconnectivity_da21861effde7393
https://laborrights.org/,ok,https://explorer.ooni.org/m/20260318060214.219186_KR_webconnectivity_a1c442f0d126b059
https://lalgbtcenter.org/,ok,https://explorer.ooni.org/m/20260318060216.389115_KR_webconnectivity_6fd36ed0fdcf4d5e
http://lambdalegal.org/,ok,https://explorer.ooni.org/m/20260318060226.011784_KR_webconnectivity_2f0442bc529ee11f
https://lantern.io/,dns,https://explorer.ooni.org/m/20260318060238.352096_KR_webconnectivity_e80acc8ef52abab3
https://leap.se/,dns,https://explorer.ooni.org/m/20260318060240.358284_KR_webconnectivity_e6b9351cace121f0
http://leftworkers.org/,ok,https://explorer.ooni.org/m/20260318060241.502819_KR_webconnectivity_9a652fac9e37d367
https://lgbt.foundation/,ok,https://explorer.ooni.org/m/20260318060254.486225_KR_webconnectivity_109f9697a9abe2cb
http://lgbt.kdlp.org/,ok,https://explorer.ooni.org/m/20260318060255.964261_KR_webconnectivity_fa93def2ec62d4f3
http://lgbtact.org/,dns,https://explorer.ooni.org/m/20260318060311.747548_KR_webconnectivity_d52e61e214c54b85
https://lgbtnewsnow.org/,http-failure,https://explorer.ooni.org/m/20260318060314.805365_KR_webconnectivity_682e7f75cb5f3267
https://lgbtqia.space/,ok,https://explorer.ooni.org/m/20260318060320.006510_KR_webconnectivity_887874cff1ec9fd9
https://lgbtvacationplanners.com/,error,https://explorer.ooni.org/m/20260318060322.409646_KR_webconnectivity_1c240da06079cfda
https://liveuamap.com/,ok,https://explorer.ooni.org/m/20260318060336.379700_KR_webconnectivity_b9241e7dfdcdc661
https://lokinet.org/,ok,https://explorer.ooni.org/m/20260318060341.720783_KR_webconnectivity_c965125439367eb9
https://makeamazonpay.com/,ok,https://explorer.ooni.org/m/20260318060352.046669_KR_webconnectivity_082e4ab4783e1ca3
https://mask-api.icloud.com/,ok,https://explorer.ooni.org/m/20260318060359.693335_KR_webconnectivity_c2aca992befd5ce4
https://mask-h2.icloud.com/,error,https://explorer.ooni.org/m/20260318060403.167910_KR_webconnectivity_6fd2015630015ef4
https://mask.icloud.com/,error,https://explorer.ooni.org/m/20260318060405.770315_KR_webconnectivity_6a8d3746836f353a
https://massbrowser.cs.umass.edu/,ok,https://explorer.ooni.org/m/20260318060408.769072_KR_webconnectivity_2f5b267c9b07c32d
http://media.daum.net/,ok,https://explorer.ooni.org/m/20260318060423.113267_KR_webconnectivity_9b11028223a7efa7
http://media.nodong.org/,ok,https://explorer.ooni.org/m/20260318060430.970435_KR_webconnectivity_58429dd023e8dff4
https://mega.io/,dns,https://explorer.ooni.org/m/20260318060431.961501_KR_webconnectivity_e84dd12d9760d7bd
https://mega.nz/,ok,https://explorer.ooni.org/m/20260318060435.271853_KR_webconnectivity_9027feebaa7a8e65
http://members.tripod.com/~INDIA_RESOURCE/savoice.html,dns,https://explorer.ooni.org/m/20260318060441.614052_KR_webconnectivity_9d1e9ebfb11f34fa
https://messagevortex.net/,ok,https://explorer.ooni.org/m/20260318060445.643226_KR_webconnectivity_45864f8dc163d429
http://migrant.nodong.net/,ok,https://explorer.ooni.org/m/20260318060449.037933_KR_webconnectivity_bea43c202f88bb9f
http://minbyun.jinbo.net/,ok,https://explorer.ooni.org/m/20260318060502.447190_KR_webconnectivity_5797ddb24fa856d1
https://minorityrights.org/,ok,https://explorer.ooni.org/m/20260318060505.049350_KR_webconnectivity_873fc60def511e33
https://moscow.rtrs.ru/,ok,https://explorer.ooni.org/m/20260318060526.596338_KR_webconnectivity_d14124b6dbf1b156
https://mullvad.net/,dns,https://explorer.ooni.org/m/20260318060527.594041_KR_webconnectivity_9f48058667c34af2
https://multiproxy.org/,dns,https://explorer.ooni.org/m/20260318060528.860262_KR_webconnectivity_3f7c74ed0ad1a0fd
http://naenara.com.kp/,dns,https://explorer.ooni.org/m/20260318060531.306837_KR_webconnectivity_885e28fe680aefca
http://napo.jinbo.net/,ok,https://explorer.ooni.org/m/20260318060533.054177_KR_webconnectivity_00ec6945248f43d0
https://ncac.org/,ok,https://explorer.ooni.org/m/20260318060540.517751_KR_webconnectivity_337c544df50689e7
https://neilalexander.s3.dualstack.eu-west-2.amazonaws.com/deb/key.txt,ok,https://explorer.ooni.org/m/20260318060548.228148_KR_webconnectivity_1dbc76ff0aa70ddf
http://news.bbc.co.uk/2/hi/asia-pacific/,ok,https://explorer.ooni.org/m/20260318060556.474602_KR_webconnectivity_09d4e9d1a44b0d76
https://news.google.com/,ok,https://explorer.ooni.org/m/20260318060606.320928_KR_webconnectivity_e626bc7bf136a664
http://news.naver.com/,ok,https://explorer.ooni.org/m/20260318060619.114966_KR_webconnectivity_5db6a8880f2a1b23
http://newstapa.org/,ok,https://explorer.ooni.org/m/20260318060629.619233_KR_webconnectivity_2926ccc5f734726b
http://nkhumanrights.or.kr/,ok,https://explorer.ooni.org/m/20260318060631.724405_KR_webconnectivity_fb42d668f0a4db43
http://nocensor.org/,ok,https://explorer.ooni.org/m/20260318060633.463446_KR_webconnectivity_f396b90d619c1bf2
http://nodong.org/,ok,https://explorer.ooni.org/m/20260318060645.113807_KR_webconnectivity_a2b34f8d09fcd653
http://nodongsarang.org/,ok,https://explorer.ooni.org/m/20260318060646.631357_KR_webconnectivity_cdc41f0ec70f751e
http://noneis.jinbo.net/,ok,https://explorer.ooni.org/m/20260318060651.866823_KR_webconnectivity_492747fd82c1c125
https://nordvpn.com/,ok,https://explorer.ooni.org/m/20260318060654.578895_KR_webconnectivity_c217d3a566513cbe
http://northkoreatech.org/,ok,https://explorer.ooni.org/m/20260318060656.486557_KR_webconnectivity_1c0a3c3d93465d6f
https://now.org/,ok,https://explorer.ooni.org/m/20260318060709.462404_KR_webconnectivity_4ac82a1d0392a652
https://numun.fund/,ok,https://explorer.ooni.org/m/20260318060720.308498_KR_webconnectivity_32871371dd362e29
https://nypost.com/,ok,https://explorer.ooni.org/m/20260318060730.208910_KR_webconnectivity_30bbcd08c5511780
https://onionshare.org/,ok,https://explorer.ooni.org/m/20260318060733.639336_KR_webconnectivity_852fd355a407e3db
https://ooni.org/,ok,https://explorer.ooni.org/m/20260318060736.904729_KR_webconnectivity_e74d067f93d027f4
https://ooni.torproject.org/,dns,https://explorer.ooni.org/m/20260318060738.332698_KR_webconnectivity_c138d64c5ac0731d
https://opennet.net/,ok,https://explorer.ooni.org/m/20260318060744.796259_KR_webconnectivity_5b93e01e27531325
http://opennet.or.kr/,ok,https://explorer.ooni.org/m/20260318060802.064862_KR_webconnectivity_73bc50995d895b98
https://openvpn.net/,dns,https://explorer.ooni.org/m/20260318060808.236214_KR_webconnectivity_79aba778dea2471a
https://orbot.app/,ok,https://explorer.ooni.org/m/20260318060811.521486_KR_webconnectivity_b35f25a19da86089
https://otr.cypherpunks.ca/,ok,https://explorer.ooni.org/m/20260318060816.355531_KR_webconnectivity_eb7332040a6958c0
https://ourworldindata.org/,ok,https://explorer.ooni.org/m/20260318060827.742527_KR_webconnectivity_f12146432039f94f
http://outpridekorea.com/,dns,https://explorer.ooni.org/m/20260318060844.909339_KR_webconnectivity_fb0105c26ea8b202
https://outrightinternational.org/,ok,https://explorer.ooni.org/m/20260318060858.103188_KR_webconnectivity_94b0f7a5ed856496
http://peacekorea.org/,ok,https://explorer.ooni.org/m/20260318060904.981735_KR_webconnectivity_7566172d14d204dd
https://pflag.org/,dns,https://explorer.ooni.org/m/20260318060907.326119_KR_webconnectivity_045188d00b4df1b9
https://pirateparty.org.au/,ok,https://explorer.ooni.org/m/20260318060910.229310_KR_webconnectivity_a339879c60e1c902
http://poor.jinbo.net/,ok,https://explorer.ooni.org/m/20260318060915.260464_KR_webconnectivity_3a6db44f41dbf669
http://ppss.kr/,ok,https://explorer.ooni.org/m/20260318060930.449521_KR_webconnectivity_852d806c07ef9beb
https://pridesource.com/,ok,https://explorer.ooni.org/m/20260318060937.872842_KR_webconnectivity_69b31b046e3c9dde
https://prism-break.org/,ok,https://explorer.ooni.org/m/20260318060940.670049_KR_webconnectivity_5f08b164200b3fa7
https://privatevpn.com/,dns,https://explorer.ooni.org/m/20260318060942.015899_KR_webconnectivity_283669178d2563d8
https://proton.me/,ok,https://explorer.ooni.org/m/20260318060953.780629_KR_webconnectivity_00476781e7a8418c
https://protonvpn.com/,http-failure,https://explorer.ooni.org/m/20260318061015.243688_KR_webconnectivity_c13d6b863d5be9c0
https://proxify.com/,dns,https://explorer.ooni.org/m/20260318061016.341300_KR_webconnectivity_8183cfcd1b4532cf
https://proxy.i2phides.me/,dns,https://explorer.ooni.org/m/20260318061017.915291_KR_webconnectivity_531596908123b3d8
http://proxy.org/,dns,https://explorer.ooni.org/m/20260318061033.893443_KR_webconnectivity_2f7761acb9b65536
http://proxytools.sourceforge.net/,ok,https://explorer.ooni.org/m/20260318061038.806502_KR_webconnectivity_230e9060f8ab9c69
https://psiphon.ca/,dns,https://explorer.ooni.org/m/20260318061040.574003_KR_webconnectivity_b428777b7c7638f5
http://pssp.org/,ok,https://explorer.ooni.org/m/20260318061048.138683_KR_webconnectivity_d66143e614fab554
https://queernet-rlp.de/,ok,https://explorer.ooni.org/m/20260318061101.696254_KR_webconnectivity_18577dee7a412af8
https://radiofreel.github.io/,ok,https://explorer.ooni.org/m/20260318061108.042510_KR_webconnectivity_97d39ac013ce2d4f
https://radiofreel.gitlab.io/,ok,https://explorer.ooni.org/m/20260318061114.260292_KR_webconnectivity_176623c45c0c0572
https://reclaimthenet.org/,ok,https://explorer.ooni.org/m/20260318061125.205623_KR_webconnectivity_cf8264290acc6a97
https://reliefweb.int/,ok,https://explorer.ooni.org/m/20260318061136.334457_KR_webconnectivity_d32a491c325e8f0c
https://remailer.paranoici.org/,ok,https://explorer.ooni.org/m/20260318061145.349115_KR_webconnectivity_f611595f74528256
https://ren.tv/,ok,https://explorer.ooni.org/m/20260318061159.131684_KR_webconnectivity_91a59c47cb0fe9ac
https://reproductiverights.org/,ok,https://explorer.ooni.org/m/20260318061211.153859_KR_webconnectivity_56126a51ba1788e6
https://resurj.org/,dns,https://explorer.ooni.org/m/20260318061212.762215_KR_webconnectivity_02bc176f5aac5897
https://ria.ru/,ok,https://explorer.ooni.org/m/20260318061224.495274_KR_webconnectivity_a5587bf8c3ccc709
https://riseup.net/,dns,https://explorer.ooni.org/m/20260318061226.208476_KR_webconnectivity_dc61229f6238dcbf
http://rodong.rep.kp/,dns,https://explorer.ooni.org/m/20260318061248.662821_KR_webconnectivity_e0d14349ffbf7fa8
https://rsf.org/,ok,https://explorer.ooni.org/m/20260318061300.523031_KR_webconnectivity_46adf50eb660a50d
https://rtr-planeta.com/,ok,https://explorer.ooni.org/m/20260318061306.498761_KR_webconnectivity_3393009ee213931b
http://russia.tv/,dns,https://explorer.ooni.org/m/20260318061322.193587_KR_webconnectivity_5a208c7a35e5d652
http://sadd.or.kr/,ok,https://explorer.ooni.org/m/20260318061330.737004_KR_webconnectivity_e518206ac287d4b3
https://safeabortionpill.org/,ok,https://explorer.ooni.org/m/20260318061335.293420_KR_webconnectivity_93c7122f6d3fa211
https://safeabortionpills.com/,ok,https://explorer.ooni.org/m/20260318061339.742759_KR_webconnectivity_d26ae6c73a348926
https://safervpn.com/,dns,https://explorer.ooni.org/m/20260318061340.437711_KR_webconnectivity_3f9ea0bf1b06744b
http://samugol.net/,ok,https://explorer.ooni.org/m/20260318061346.069239_KR_webconnectivity_dc5d263113f0c784
https://sandbox.cryptpad.info/,ok,https://explorer.ooni.org/m/20260318061349.391894_KR_webconnectivity_0da4234331e3fb53
https://sea-watch.org/,ok,https://explorer.ooni.org/m/20260318061403.146982_KR_webconnectivity_15e78d1aca9cced3
http://seapa.wordpress.com/,ok,https://explorer.ooni.org/m/20260318061412.673495_KR_webconnectivity_d21e99606a2a68f6
https://secfirst.org/,error,https://explorer.ooni.org/m/20260318061415.046800_KR_webconnectivity_030c7d3cbc7ac798
https://secure.avaaz.org/,ok,https://explorer.ooni.org/m/20260318061423.806943_KR_webconnectivity_96d3b20217a43f78
https://securevpn.com/,dns,https://explorer.ooni.org/m/20260318061425.322818_KR_webconnectivity_5f6c8642c16d2d3a
https://securevpn.im/,dns,https://explorer.ooni.org/m/20260318061431.958031_KR_webconnectivity_ddb6105a0c7d5784
http://seoul.nodong.org/,ok,https://explorer.ooni.org/m/20260318061436.883381_KR_webconnectivity_f6bdff39980036fc
http://service.nodong.org/,ok,https://explorer.ooni.org/m/20260318061450.028576_KR_webconnectivity_6759a807585396e8
http://sewolho416.org/,ok,https://explorer.ooni.org/m/20260318061455.927045_KR_webconnectivity_ceb15f0fb252ef58
https://shadowsocks.org/,dns,https://explorer.ooni.org/m/20260318061457.088162_KR_webconnectivity_d23513800ecfdf55
https://slashdot.org/,ok,https://explorer.ooni.org/m/20260318061503.858329_KR_webconnectivity_4ad4cf37add68565
https://slate.com/,ok,https://explorer.ooni.org/m/20260318061513.828839_KR_webconnectivity_a6393e4a2b5fe02f
http://slownews.kr/,ok,https://explorer.ooni.org/m/20260318061521.774507_KR_webconnectivity_074ad38b7586519f
https://smotrim.ru/,ok,https://explorer.ooni.org/m/20260318061544.173028_KR_webconnectivity_e8ae16e39e9001e0
https://southfeministfutures.org/,ok,https://explorer.ooni.org/m/20260318061551.964370_KR_webconnectivity_c361d45bc2b28e75
https://speedify.com/,dns,https://explorer.ooni.org/m/20260318061553.286368_KR_webconnectivity_1f8bf5ced3478e4e
https://sputnikglobe.com/,dns,https://explorer.ooni.org/m/20260318061554.775760_KR_webconnectivity_bb4df137a5061bf3
https://sputniknews.cn/,ok,https://explorer.ooni.org/m/20260318061610.081891_KR_webconnectivity_df2bd6f2d9568a79
https://sputniknews.com/,http-failure,https://explorer.ooni.org/m/20260318061612.787554_KR_webconnectivity_43725564b9f843fe
https://spys.one/,dns,https://explorer.ooni.org/m/20260318061613.514832_KR_webconnectivity_45f39249dd8eb205
https://ssd.eff.org/,ok,https://explorer.ooni.org/m/20260318061618.947984_KR_webconnectivity_2e158821822fb7a8
https://strongvpn.com/,dns,https://explorer.ooni.org/m/20260318061619.677467_KR_webconnectivity_baa37fece0d39983
https://substack.com/,ok,https://explorer.ooni.org/m/20260318061625.612007_KR_webconnectivity_9f90ae7d040afebd
https://surfshark.com/,dns,https://explorer.ooni.org/m/20260318061626.742440_KR_webconnectivity_f47c4a76d9bcb755
http://surprise.or.kr/board/,ok,https://explorer.ooni.org/m/20260318061630.867079_KR_webconnectivity_b0dbdd01c39306f6
https://tacticaltech.org/,ok,https://explorer.ooni.org/m/20260318061644.872390_KR_webconnectivity_c49e039c4f6a56d9
https://tails.net/,ok,https://explorer.ooni.org/m/20260318061648.558290_KR_webconnectivity_918bf47f54c72160
https://tdov.org/,ok,https://explorer.ooni.org/m/20260318061654.487655_KR_webconnectivity_89b0a4492814ad55
https://thegailygrind.com/,dns,https://explorer.ooni.org/m/20260318061656.148297_KR_webconnectivity_6942a1b8993a5bb2
https://theglobalobservatory.org/,ok,https://explorer.ooni.org/m/20260318061707.476274_KR_webconnectivity_c2cd0443fa2458b9
http://theimpeter.com/,error,https://explorer.ooni.org/m/20260318061725.391676_KR_webconnectivity_390d15d55b4f098c
https://theintercept.com/,ok,https://explorer.ooni.org/m/20260318061737.684737_KR_webconnectivity_18adee3d00f93412
https://threema.ch/,ok,https://explorer.ooni.org/m/20260318061751.345802_KR_webconnectivity_e8d7bc4ea8ac69f9
https://thunder.free-signal.com/,dns,https://explorer.ooni.org/m/20260318061752.311165_KR_webconnectivity_b57240a1146dbb3f
https://timcast.com/,ok,https://explorer.ooni.org/m/20260318061807.122295_KR_webconnectivity_78bddc44fc956d24
http://times.hankooki.com/,dns,https://explorer.ooni.org/m/20260318061809.082331_KR_webconnectivity_71d546373e0eb613
https://timesofindia.indiatimes.com/,ok,https://explorer.ooni.org/m/20260318061820.279274_KR_webconnectivity_2ad690e6290e7a7e
https://tor.eff.org/,dns,https://explorer.ooni.org/m/20260318061821.890271_KR_webconnectivity_73217039e5b54628
https://transequality.org/,ok,https://explorer.ooni.org/m/20260318061833.860674_KR_webconnectivity_37810d8deb0f6dfe
https://transfemscience.org/,ok,https://explorer.ooni.org/m/20260318061837.855374_KR_webconnectivity_eb8a5b8fe3853450
http://transparency.or.kr/,ok,https://explorer.ooni.org/m/20260318061844.980663_KR_webconnectivity_cd0a958f6baa7cf2
http://transsexual.org/,dns,https://explorer.ooni.org/m/20260318061846.686380_KR_webconnectivity_f787dff04f519403
https://triplebit.org/,dns,https://explorer.ooni.org/m/20260318061848.497412_KR_webconnectivity_aab305ca993ad62a
https://trustvpn.me/,dns,https://explorer.ooni.org/m/20260318061849.647751_KR_webconnectivity_f3bf60e10aa851ab
http://twokoreas.blogspot.com/,ok,https://explorer.ooni.org/m/20260318061901.084037_KR_webconnectivity_edd051125ce4f215
https://tyt.com/,ok,https://explorer.ooni.org/m/20260318061911.379764_KR_webconnectivity_2c1047cf4717fe03
https://ultrasurf.us/,dns,https://explorer.ooni.org/m/20260318061912.629209_KR_webconnectivity_e8ad8de1a7723170
https://ultravpn.com/,dns,https://explorer.ooni.org/m/20260318061913.572658_KR_webconnectivity_91816a76d2274e8d
https://unpo.org/,ok,https://explorer.ooni.org/m/20260318061924.531372_KR_webconnectivity_6a52e822432e2346
https://unredacted.org/,ok,https://explorer.ooni.org/m/20260318061933.195912_KR_webconnectivity_7aab9e3a70e2194b
https://unwatch.org/,ok,https://explorer.ooni.org/m/20260318061943.978328_KR_webconnectivity_38613e531c05abc8
https://urgentactionfund.org/,ok,https://explorer.ooni.org/m/20260318061959.372554_KR_webconnectivity_bfdde1ba8e7d0f03
https://veracrypt.fr/,ok,https://explorer.ooni.org/m/20260318062004.772787_KR_webconnectivity_fa56e2d68ea33a4c
https://vgtrk.ru/,ok,https://explorer.ooni.org/m/20260318062009.667777_KR_webconnectivity_8f72a512d6721715
http://viewsnnews.com/,ok,https://explorer.ooni.org/m/20260318062017.878737_KR_webconnectivity_f90978cee585c7aa
http://vok.rep.kp/,dns,https://explorer.ooni.org/m/20260318062023.117913_KR_webconnectivity_92c835fd74ae0ff2
https://vuejs.org/,ok,https://explorer.ooni.org/m/20260318062029.637227_KR_webconnectivity_514d632177f3b68f
http://wcollar.tistory.com/308,ok,https://explorer.ooni.org/m/20260318062031.784995_KR_webconnectivity_f8a67489921544b6
https://wearechange.org/,ok,https://explorer.ooni.org/m/20260318062044.708286_KR_webconnectivity_7c1b6dc4548000f4
https://wedo.org/,ok,https://explorer.ooni.org/m/20260318062057.473493_KR_webconnectivity_3a42275a5d95974d
https://wfrtds.org/,ok,https://explorer.ooni.org/m/20260318062109.925155_KR_webconnectivity_b11242d8f42fd7d0
https://whrdic.org/,ok,https://explorer.ooni.org/m/20260318062119.022900_KR_webconnectivity_c791e92aecc47500
https://wickr.com/,ok,https://explorer.ooni.org/m/20260318062134.918656_KR_webconnectivity_78f938ecf2f7d483
https://wikileaks.org/,ok,https://explorer.ooni.org/m/20260318062141.123243_KR_webconnectivity_10ec37f110897730
https://women-on-web.kr/,ok,https://explorer.ooni.org/m/20260318062150.881076_KR_webconnectivity_9219b842b3dfd3f6
https://womenhelp.org/,dns,https://explorer.ooni.org/m/20260318062152.812981_KR_webconnectivity_e9091271c36cd553
https://womeninblack.org/,ok,https://explorer.ooni.org/m/20260318062203.164258_KR_webconnectivity_8bb0e576e82a3098
http://workingvoice.net/,ok,https://explorer.ooni.org/m/20260318062214.773410_KR_webconnectivity_ed22dc01a5395a45
https://world.internationalism.org/,ok,https://explorer.ooni.org/m/20260318062225.268676_KR_webconnectivity_d436bddac84c8102
https://www.1tv.ru/,ok,https://explorer.ooni.org/m/20260318062233.121728_KR_webconnectivity_ab209ce706b09aab
http://www.2016change.net/,ok,https://explorer.ooni.org/m/20260318062246.732231_KR_webconnectivity_466178d7381e5319
https://www.404media.co/,ok,https://explorer.ooni.org/m/20260318062253.293057_KR_webconnectivity_4b27bec629f6f036
https://www.access-unlocked.org/,ok,https://explorer.ooni.org/m/20260318062256.464643_KR_webconnectivity_6082a6204b82c2e8
https://www.accessnow.org/,ok,https://explorer.ooni.org/m/20260318062309.564859_KR_webconnectivity_98d3dfbacc415848
https://www.advocate.com/,dns,https://explorer.ooni.org/m/20260318062310.544398_KR_webconnectivity_63150202b3c54642
https://www.afp.com/,ok,https://explorer.ooni.org/m/20260318062321.032309_KR_webconnectivity_4db0af5c22e50865
https://www.ahram.org.eg/,ok,https://explorer.ooni.org/m/20260318062419.148029_KR_webconnectivity_6b075982a08bbce5
https://www.alarabiya.net/,ok,https://explorer.ooni.org/m/20260318062421.868831_KR_webconnectivity_79ab46d27956c18e
https://www.alhurra.com/,ok,https://explorer.ooni.org/m/20260318062430.445630_KR_webconnectivity_540348025c79a8c7
https://www.aljazeera.com/,ok,https://explorer.ooni.org/m/20260318062445.762741_KR_webconnectivity_332e41d6e3aa62d5
https://www.aljazeera.net/,ok,https://explorer.ooni.org/m/20260318062455.594457_KR_webconnectivity_847e4b5499206e34
https://www.almanar.com.lb/,ok,https://explorer.ooni.org/m/20260318062459.948044_KR_webconnectivity_94d6387791b29c48
http://www.amnesty.or.kr/,ok,https://explorer.ooni.org/m/20260318062514.730165_KR_webconnectivity_7e75dd8a78d64fa2
https://www.amnesty.org/,ok,https://explorer.ooni.org/m/20260318062527.503082_KR_webconnectivity_820f7a2d325f8499
https://www.amnestyusa.org/,ok,https://explorer.ooni.org/m/20260318062542.149950_KR_webconnectivity_76898f504c8726dc
http://www.amrc.org.hk/,ok,https://explorer.ooni.org/m/20260318062545.850672_KR_webconnectivity_af45e4fa20ed989c
http://www.anarclan.net/,ok,https://explorer.ooni.org/m/20260318062547.960166_KR_webconnectivity_c127a1c68bc0f7c9
http://www.anonymizer.ru/,dns,https://explorer.ooni.org/m/20260318062549.299098_KR_webconnectivity_fd899fa2f30d92b1
http://www.anonymsurfen.com/,dns,https://explorer.ooni.org/m/20260318062550.220394_KR_webconnectivity_42515fbd3e3a6ce8
https://www.apt.ch/,ok,https://explorer.ooni.org/m/20260318062606.867634_KR_webconnectivity_abc4d0150bc5e50e
http://www.apwld.org/,http-failure,https://explorer.ooni.org/m/20260318062618.648202_KR_webconnectivity_6be9d93d9c622e5e
https://www.arabnews.com/,ok,https://explorer.ooni.org/m/20260318062622.201663_KR_webconnectivity_28c9e8f8203a2b07
http://www.arrc-hre.com/,ok,https://explorer.ooni.org/m/20260318062648.372760_KR_webconnectivity_5bedf6c58c05f768
https://www.article19.org/,ok,https://explorer.ooni.org/m/20260318062700.728076_KR_webconnectivity_2948c3afde2d8015
http://www.asia-daily.com/,ok,https://explorer.ooni.org/m/20260318062705.061968_KR_webconnectivity_c620a51dcf930d6b
http://www.asiafoundation.org/,ok,https://explorer.ooni.org/m/20260318062706.579559_KR_webconnectivity_9cdcf0ceffff04f3
http://www.asiamedia.ucla.edu/,tcp_ip,https://explorer.ooni.org/m/20260318062752.593167_KR_webconnectivity_ef772c7719a6bc8f
http://www.asian-migrants.org/,http-failure,https://explorer.ooni.org/m/20260318062756.688647_KR_webconnectivity_f5bebbcaa6a4cc1e
http://www.asiantribune.com/,dns,https://explorer.ooni.org/m/20260318062758.543460_KR_webconnectivity_0991a378744c8d33
http://www.asiapacificnews.com/,ok,https://explorer.ooni.org/m/20260318062804.658507_KR_webconnectivity_7630e78d3c95c263
https://www.awid.org/,ok,https://explorer.ooni.org/m/20260318062809.600928_KR_webconnectivity_6a24ec90f7f4c1a6
https://www.bbc.co.uk/,ok,https://explorer.ooni.org/m/20260318062818.024409_KR_webconnectivity_9f8cf66656ef536f
https://www.bbc.com/,ok,https://explorer.ooni.org/m/20260318062832.487437_KR_webconnectivity_c677e2c7861e1d33
https://www.benarnews.org/,ok,https://explorer.ooni.org/m/20260318062844.501625_KR_webconnectivity_c0684a4dcf17ff1f
https://www.benedelman.org/,ok,https://explorer.ooni.org/m/20260318062854.115564_KR_webconnectivity_cf9568bb02d5ef9e
https://www.betternet.co/,dns,https://explorer.ooni.org/m/20260318062855.269275_KR_webconnectivity_8c731ecae3f4f3e6
http://www.bicommunitynews.co.uk/,ok,https://explorer.ooni.org/m/20260318062907.291399_KR_webconnectivity_f0bc97a768e3ac9e
https://www.bitmask.net/,ok,https://explorer.ooni.org/m/20260318062911.773354_KR_webconnectivity_6c182e71c85b131c
https://www.bnaibrith.org/,ok,https://explorer.ooni.org/m/20260318062914.291883_KR_webconnectivity_fb3cf2661290a907
https://www.brookings.edu/,ok,https://explorer.ooni.org/m/20260318062924.000580_KR_webconnectivity_d8cc512c98148fd8
https://www.btselem.org/,ok,https://explorer.ooni.org/m/20260318062932.236219_KR_webconnectivity_5984fecca4b30064
http://www.buddy79.com/,ok,https://explorer.ooni.org/m/20260318062942.645222_KR_webconnectivity_e9d394f2af5a05fd
https://www.business-humanrights.org/,ok,https://explorer.ooni.org/m/20260318062945.379716_KR_webconnectivity_ba477735c9e0abed
https://www.buzzfeed.com/,ok,https://explorer.ooni.org/m/20260318062958.040345_KR_webconnectivity_1c4f6284f39c09f4
https://www.caritas.org/,ok,https://explorer.ooni.org/m/20260318063013.864264_KR_webconnectivity_eb3c22c596ef1172
https://www.cartercenter.org/,ok,https://explorer.ooni.org/m/20260318063025.610956_KR_webconnectivity_b4eb599fdcb17151
https://www.cato.org/,ok,https://explorer.ooni.org/m/20260318063027.560981_KR_webconnectivity_3442d47a127a2c3f
http://www.cawinfo.org/,tcp_ip,https://explorer.ooni.org/m/20260318063028.733548_KR_webconnectivity_73144013f86f2842
https://www.cbc.ca/,ok,https://explorer.ooni.org/m/20260318063040.841951_KR_webconnectivity_189d7b152430abf2
https://www.cbsnews.com/,ok,https://explorer.ooni.org/m/20260318063053.418291_KR_webconnectivity_8549d1d313f00bdc
http://www.ccdm.or.kr/,ok,https://explorer.ooni.org/m/20260318063106.635057_KR_webconnectivity_759ad3ea60c7e3ef
http://www.cesr.org/,ok,https://explorer.ooni.org/m/20260318063116.441819_KR_webconnectivity_81411501504fa29e
https://www.cfr.org/,ok,https://explorer.ooni.org/m/20260318063130.260786_KR_webconnectivity_6449c32730aade32
https://www.cgtn.com/,ok,https://explorer.ooni.org/m/20260318063144.278422_KR_webconnectivity_a92b98b7823ad7d9
https://www.change.org/,ok,https://explorer.ooni.org/m/20260318063158.460821_KR_webconnectivity_ee8ef08284cc5a2a
http://www.channelnewsasia.com/,ok,https://explorer.ooni.org/m/20260318063211.749652_KR_webconnectivity_29dc55347b6f4fc1
https://www.childrensdefense.org/,ok,https://explorer.ooni.org/m/20260318063219.556132_KR_webconnectivity_9a5cacf376ef1823
https://www.chinadaily.com.cn/,ok,https://explorer.ooni.org/m/20260318063232.954618_KR_webconnectivity_f74f352891f7c6ab
https://www.chinatimes.com/,ok,https://explorer.ooni.org/m/20260318063244.922551_KR_webconnectivity_a2e28e5a661a88f7
http://www.chingusai.net/,dns,https://explorer.ooni.org/m/20260318063252.207163_KR_webconnectivity_ad8e42b16367a227
http://www.chosun.com/,ok,https://explorer.ooni.org/m/20260318063306.056109_KR_webconnectivity_671e45d8dc43c9bd
https://www.clintonfoundation.org/,ok,https://explorer.ooni.org/m/20260318063307.995228_KR_webconnectivity_ba12348e94e1e4fd
https://www.cnbc.com/,ok,https://explorer.ooni.org/m/20260318063318.059502_KR_webconnectivity_cd7e41e1e671e771
http://www.cnnasiapacific.com/,tcp_ip,https://explorer.ooni.org/m/20260318063404.571059_KR_webconnectivity_487818a183c9733c
https://www.cpj.org/,ok,https://explorer.ooni.org/m/20260318063417.091117_KR_webconnectivity_0e2a91438c01d373
https://www.crisisgroup.org/,ok,https://explorer.ooni.org/m/20260318063432.711372_KR_webconnectivity_0de4df31e313e357
https://www.csmonitor.com/,ok,https://explorer.ooni.org/m/20260318063451.618857_KR_webconnectivity_7375450094dfc8a6
https://www.currenttime.tv/,ok,https://explorer.ooni.org/m/20260318063503.555854_KR_webconnectivity_a3f18c3623e82fe6
http://www.cwgl.rutgers.edu/,ok,https://explorer.ooni.org/m/20260318063509.661291_KR_webconnectivity_41b99b440b50ff54
https://www.cyberghostvpn.com/,dns,https://explorer.ooni.org/m/20260318063510.605159_KR_webconnectivity_f1563bfb52b46bdc
https://www.dailymail.co.uk/,ok,https://explorer.ooni.org/m/20260318063524.290743_KR_webconnectivity_8914b5a9fa291d94
https://www.dailysabah.com/,ok,https://explorer.ooni.org/m/20260318063539.338116_KR_webconnectivity_10bab0d8b140774a
https://www.dailywire.com/,ok,https://explorer.ooni.org/m/20260318063550.007066_KR_webconnectivity_3ff3c7e514e1aa4e
https://www.dd-rd.ca/,ok,https://explorer.ooni.org/m/20260318063556.148858_KR_webconnectivity_877137193bf9d6b3
http://www.ddanzi.com/,ok,https://explorer.ooni.org/m/20260318063604.079120_KR_webconnectivity_7056028c92b6a7c5
https://www.democracycaucus.net/,ok,https://explorer.ooni.org/m/20260318063612.625121_KR_webconnectivity_829a1506af5630b5
https://www.democracynow.org/,ok,https://explorer.ooni.org/m/20260318063625.761775_KR_webconnectivity_458d3f03009605e4
http://www.depdc.org/,ok,https://explorer.ooni.org/m/20260318063626.473638_KR_webconnectivity_e8b79fc287d271cb
https://www.derechos.org/,ok,https://explorer.ooni.org/m/20260318063632.417859_KR_webconnectivity_5c6f20cfe6edf6e1
https://www.disabilityrightsfund.org/,ok,https://explorer.ooni.org/m/20260318063640.643648_KR_webconnectivity_0807efe3e4332dc5
http://www.dit-inc.us/,dns,https://explorer.ooni.org/m/20260318063642.113468_KR_webconnectivity_a617e90725f898d7
http://www.donga.com/,ok,https://explorer.ooni.org/m/20260318063657.059860_KR_webconnectivity_44ec3eebc68087b4
https://www.dopplr.com/,ok,https://explorer.ooni.org/m/20260318063705.857590_KR_webconnectivity_bc529878b3d36440
https://www.doriafeministfund.org/,ok,https://explorer.ooni.org/m/20260318063711.728402_KR_webconnectivity_9dcdbb0c85e52598
http://www.drudgereport.com/,ok,https://explorer.ooni.org/m/20260318063726.795980_KR_webconnectivity_9f35cc44cb2eaaf6
https://www.dw.com/,ok,https://explorer.ooni.org/m/20260318063729.470150_KR_webconnectivity_15988f9193208dab
http://www.e-ju.net/,ok,https://explorer.ooni.org/m/20260318063730.225634_KR_webconnectivity_4db4a6de52cde313
http://www.ebn.co.kr/,ok,https://explorer.ooni.org/m/20260318063745.151431_KR_webconnectivity_221ecb3a3f43222c
http://www.ecequality.org/,ok,https://explorer.ooni.org/m/20260318063755.350403_KR_webconnectivity_7ab984f32a158a3a
https://www.echr.coe.int/,ok,https://explorer.ooni.org/m/20260318063757.939571_KR_webconnectivity_2dad3dd6b6b6abd4
https://www.economist.com/,ok,https://explorer.ooni.org/m/20260318063800.160032_KR_webconnectivity_c541fa1a832446bf
http://www.eduhope.net/,ok,https://explorer.ooni.org/m/20260318063816.638099_KR_webconnectivity_c966a841d9d8b0fd
https://www.eff.org/,ok,https://explorer.ooni.org/m/20260318063823.990789_KR_webconnectivity_2721c6c13439aa29
https://www.eluniversal.com/,ok,https://explorer.ooni.org/m/20260318063836.630571_KR_webconnectivity_a0b510de996b247c
https://www.endfgm.eu/,ok,https://explorer.ooni.org/m/20260318063840.883913_KR_webconnectivity_376f025bfc19448f
http://www.equaline.or.kr/,ok,https://explorer.ooni.org/m/20260318063852.364516_KR_webconnectivity_47145c46c47ac2e4
https://www.eurobicon.org/,dns,https://explorer.ooni.org/m/20260318063855.202267_KR_webconnectivity_ab79b0f6a839c080
https://www.euronews.com/,ok,https://explorer.ooni.org/m/20260318063903.006716_KR_webconnectivity_5ca1c134964aca3b
https://www.exgay.com/,ok,https://explorer.ooni.org/m/20260318063904.526918_KR_webconnectivity_7445e08bd8c3a7c6
https://www.exitinternational.net/,ok,https://explorer.ooni.org/m/20260318063914.249627_KR_webconnectivity_a1c8f72a523c62a7
https://www.expressvpn.com/,ok,https://explorer.ooni.org/m/20260318063924.908973_KR_webconnectivity_a5b65eecf3bc4127
https://www.f-secure.com/,http-failure,https://explorer.ooni.org/m/20260318063946.460685_KR_webconnectivity_a2c48cd027dd933a
https://www.familyequality.org/,ok,https://explorer.ooni.org/m/20260318063957.917926_KR_webconnectivity_9396a589c776dfbd
http://www.feer.com/,ok,https://explorer.ooni.org/m/20260318063958.899588_KR_webconnectivity_c3d76f8426d7f01f
https://www.feminist.com/,ok,https://explorer.ooni.org/m/20260318064010.834452_KR_webconnectivity_ff8cc4aa01c557b1
https://www.feministfrequency.com/,dns,https://explorer.ooni.org/m/20260318064011.859553_KR_webconnectivity_c0ec91a9cd0efab6
https://www.fidh.org/,ok,https://explorer.ooni.org/m/20260318064019.468526_KR_webconnectivity_5f058ee48012f5f6
http://www.fktu.or.kr/,ok,https://explorer.ooni.org/m/20260318064028.076134_KR_webconnectivity_0e208f6959c57b5d
https://www.fondationdefrance.org/,ok,https://explorer.ooni.org/m/20260318064041.887400_KR_webconnectivity_9a1b282beeec4f5c
https://www.forbes.com/,ok,https://explorer.ooni.org/m/20260318064048.127172_KR_webconnectivity_9c0b7e834e969873
https://www.fordfoundation.org/,ok,https://explorer.ooni.org/m/20260318064057.438122_KR_webconnectivity_00079ffce3b783a3
http://www.forum-asia.org/,ok,https://explorer.ooni.org/m/20260318064059.667803_KR_webconnectivity_698541200d1222c4
https://www.forum18.org/,ok,https://explorer.ooni.org/m/20260318064106.426404_KR_webconnectivity_89597799272a8a7c
https://www.foxnews.com/,ok,https://explorer.ooni.org/m/20260318064119.408644_KR_webconnectivity_2c2ee78a7742e274
https://www.france24.com/,ok,https://explorer.ooni.org/m/20260318064122.393992_KR_webconnectivity_ee42f7fde4918df4
https://www.francemediasmonde.com/,ok,https://explorer.ooni.org/m/20260318064132.728902_KR_webconnectivity_305864ea98a33fd9
http://www.freedominfo.org/,ok,https://explorer.ooni.org/m/20260318064133.996680_KR_webconnectivity_060d028e6c8595a5
http://www.freeexpression.org/,ok,https://explorer.ooni.org/m/20260318064148.500173_KR_webconnectivity_dd8594d4cd14394b
https://www.freespeech.com/,ok,https://explorer.ooni.org/m/20260318064203.621901_KR_webconnectivity_4b4e8888c279ddd1
https://www.freespeechcoalition.com/,dns,https://explorer.ooni.org/m/20260318064204.692706_KR_webconnectivity_3610716ccc54d965
http://www.fridae.com/,dns,https://explorer.ooni.org/m/20260318064205.834475_KR_webconnectivity_e5612fadcf805b73
https://www.frontlinedefenders.org/,ok,https://explorer.ooni.org/m/20260318064214.772071_KR_webconnectivity_a07021882b46d31a
https://www.ft.com/,ok,https://explorer.ooni.org/m/20260318064228.158497_KR_webconnectivity_acbf5ef0cc80fe9b
http://www.ftchinese.com/,ok,https://explorer.ooni.org/m/20260318064238.363035_KR_webconnectivity_850032b5da8b2ae8
http://www.gayegypt.com/,dns,https://explorer.ooni.org/m/20260318064239.477806_KR_webconnectivity_2f0b363a2db6ed5d
http://www.gayrice.com/,dns,https://explorer.ooni.org/m/20260318064240.160742_KR_webconnectivity_cc9cb7a857826a4b
http://www.gayrice.com/gayplaces/country.php?cid=126,dns,https://explorer.ooni.org/m/20260318064240.833044_KR_webconnectivity_03653a935afccea5
http://www.gayscape.com/,dns,https://explorer.ooni.org/m/20260318064243.772658_KR_webconnectivity_e510ad93b0c4c85c
https://www.gaystarnews.com/,dns,https://explorer.ooni.org/m/20260318064244.747304_KR_webconnectivity_b2ba8b7548e190a2
https://www.gearthblog.com/,ok,https://explorer.ooni.org/m/20260318064252.634992_KR_webconnectivity_52ad40436e6b4b32
https://www.genderit.org/,ok,https://explorer.ooni.org/m/20260318064259.287535_KR_webconnectivity_e127808cc4c455e9
https://www.getoutline.org/,ok,https://explorer.ooni.org/m/20260318064304.958988_KR_webconnectivity_787026f6cca73dfc
https://www.girlsnotbrides.org/,ok,https://explorer.ooni.org/m/20260318064319.779384_KR_webconnectivity_a80e7dd373a7b915
http://www.glaad.org/,ok,https://explorer.ooni.org/m/20260318064340.723849_KR_webconnectivity_0b56cae2c4ecc571
http://www.glbtqarchive.com/,ok,https://explorer.ooni.org/m/20260318064342.749554_KR_webconnectivity_e1841ec8a5e79c03
https://www.globaleaks.org/,ok,https://explorer.ooni.org/m/20260318064349.064110_KR_webconnectivity_6fb43edfb8e4a496
https://www.globalfundforwomen.org/,ok,https://explorer.ooni.org/m/20260318064351.794603_KR_webconnectivity_d953398b7e4dc353
http://www.globalgayz.com/g-korea.html,ok,https://explorer.ooni.org/m/20260318064357.974528_KR_webconnectivity_e1d2312bfe62b5d5
http://www.globalr2p.org/,ok,https://explorer.ooni.org/m/20260318064401.558017_KR_webconnectivity_0d658e6749f65741
https://www.glsen.org/,ok,https://explorer.ooni.org/m/20260318064407.561696_KR_webconnectivity_f95689c10b732aa2
http://www.gmhc.org/,ok,https://explorer.ooni.org/m/20260318064411.923106_KR_webconnectivity_0654866d2d49ab23
https://www.gnu.org/,ok,https://explorer.ooni.org/m/20260318064430.076033_KR_webconnectivity_636f7bc0ae3b553d
https://www.gnupg.org/,ok,https://explorer.ooni.org/m/20260318064433.903086_KR_webconnectivity_b9dedc8a5b091fb6
http://www.gobalnews.com/,ok,https://explorer.ooni.org/m/20260318064438.961500_KR_webconnectivity_9be643f95f733978
http://www.goodasyou.net/,dns,https://explorer.ooni.org/m/20260318064439.720638_KR_webconnectivity_70eb6700f5576361
http://www.granma.cu/,ok,https://explorer.ooni.org/m/20260318064448.318484_KR_webconnectivity_a9a9b48f58fe09de
https://www.grindr.com/,dns,https://explorer.ooni.org/m/20260318064449.114706_KR_webconnectivity_b374347d5e768917
https://www.guerrillagirls.com/,dns,https://explorer.ooni.org/m/20260318064450.070074_KR_webconnectivity_c5126d8e64763353
https://www.haaretz.com/,ok,https://explorer.ooni.org/m/20260318064455.118648_KR_webconnectivity_51dc14e68aea9b9a
http://www.hani.co.kr/,ok,https://explorer.ooni.org/m/20260318064458.438541_KR_webconnectivity_960651b86bdb1da5
http://www.hankooki.com/,ok,https://explorer.ooni.org/m/20260318064503.115256_KR_webconnectivity_18dc51363b45d53a
http://www.hellodd.com/,ok,https://explorer.ooni.org/m/20260318064509.133603_KR_webconnectivity_7016280e53c9aec1
https://www.herdict.org/,ok,https://explorer.ooni.org/m/20260318064513.078769_KR_webconnectivity_2117116118cd27c4
https://www.heritage.org/,ok,https://explorer.ooni.org/m/20260318064515.270705_KR_webconnectivity_c45035d3ea5d608e
https://www.heyjane.com/,ok,https://explorer.ooni.org/m/20260318064517.089032_KR_webconnectivity_b49fcfdea5454736
https://www.hidemyass.com/,dns,https://explorer.ooni.org/m/20260318064518.060839_KR_webconnectivity_dcaefacc89265160
http://www.hizb-ut-tahrir.org/,ok,https://explorer.ooni.org/m/20260318064521.625662_KR_webconnectivity_94145a35874f4c41
http://www.hopeandlaw.org/,ok,https://explorer.ooni.org/m/20260318064525.546016_KR_webconnectivity_d031019ea2ea12a3
http://www.hotline.or.kr/,ok,https://explorer.ooni.org/m/20260318064530.355594_KR_webconnectivity_918b007ba1480082
https://www.hotspotshield.com/,dns,https://explorer.ooni.org/m/20260318064531.122611_KR_webconnectivity_c6a75ae0b501e6c4
http://www.hrc.org/,ok,https://explorer.ooni.org/m/20260318064536.549243_KR_webconnectivity_7476ca4964735917
http://www.hrea.org/,ok,https://explorer.ooni.org/m/20260318064546.155473_KR_webconnectivity_2722aafad326ac24
https://www.hrw.org/,ok,https://explorer.ooni.org/m/20260318064547.838007_KR_webconnectivity_92349d8095469c00
https://www.hrw.org/asia/south-korea,ok,https://explorer.ooni.org/m/20260318064549.494079_KR_webconnectivity_705564c805945481
http://www.http-tunnel.com/,dns,https://explorer.ooni.org/m/20260318064550.519452_KR_webconnectivity_e816ae29e7151d77
https://www.huffpost.com/,ok,https://explorer.ooni.org/m/20260318064553.431964_KR_webconnectivity_1725836364f18876
https://www.humanrightsconnected.org/,ok,https://explorer.ooni.org/m/20260318064557.480416_KR_webconnectivity_2c975f5439f4e0e2
http://www.humanrightsfirst.org/,ok,https://explorer.ooni.org/m/20260318064602.892962_KR_webconnectivity_db5102eafc9b09f9
http://www.i615.net/,error,https://explorer.ooni.org/m/20260318064608.566214_KR_webconnectivity_3f3d8795312ac140
https://www.hyphanet.org/,dns,https://explorer.ooni.org/m/20260318064603.626710_KR_webconnectivity_77d90334ac13e8bb
http://www.iaffe.org/,ok,https://explorer.ooni.org/m/20260318064611.199020_KR_webconnectivity_501d28d0c6989623
https://www.icc-cpi.int/,ok,https://explorer.ooni.org/m/20260318064613.453236_KR_webconnectivity_b4d29b4b1192ed36
https://www.icij.org/,ok,https://explorer.ooni.org/m/20260318064618.087188_KR_webconnectivity_dc51bfd35455438b
https://www.icj.org/,dns,https://explorer.ooni.org/m/20260318064618.984738_KR_webconnectivity_3fc2763474d18c96
http://www.icrw.org/,ok,https://explorer.ooni.org/m/20260318064621.883609_KR_webconnectivity_d58a5d7fe68c84f1
https://www.ictj.org/,ok,https://explorer.ooni.org/m/20260318064625.375480_KR_webconnectivity_492e13c6d4ee014f
http://www.idea.int/,ok,https://explorer.ooni.org/m/20260318064630.967325_KR_webconnectivity_bf60c2710ae43c63
http://www.ifex.org/,ok,https://explorer.ooni.org/m/20260318064631.951502_KR_webconnectivity_1b045076c64b197d
http://www.ifge.org/,dns,https://explorer.ooni.org/m/20260318064633.554076_KR_webconnectivity_b83c49f16a06b3e1
http://www.ifj-asia.org/,tcp_ip,https://explorer.ooni.org/m/20260318064719.319529_KR_webconnectivity_1ad1dcfc568cd934
http://www.ifj.org/,ok,https://explorer.ooni.org/m/20260318064722.940066_KR_webconnectivity_180de5bf3fb19f46
https://www.ihrc.org.uk/,ok,https://explorer.ooni.org/m/20260318064731.600259_KR_webconnectivity_e817438c40a5fd1d
https://www.ijm.org/,ok,https://explorer.ooni.org/m/20260318064733.250062_KR_webconnectivity_37dbc20036caea01
https://www.iknowpolitics.org/,ok,https://explorer.ooni.org/m/20260318064737.764265_KR_webconnectivity_4f4137484d23fc88
https://www.ilga-europe.org/,ok,https://explorer.ooni.org/m/20260318064743.143142_KR_webconnectivity_cabef1bd16817a34
http://www.ilga.info/,ok,https://explorer.ooni.org/m/20260318064748.480925_KR_webconnectivity_f855edf666ea6e83
http://www.ilga.org/asia/,ok,https://explorer.ooni.org/m/20260318064754.513162_KR_webconnectivity_f67e3c032c40fe07
http://www.ilo.org/public/english/region/asro/bangkok/child/trafficking/index.htm,ok,https://explorer.ooni.org/m/20260318064800.318200_KR_webconnectivity_7de1c8cd51e34fc0
https://www.indiatimes.com/,ok,https://explorer.ooni.org/m/20260318064803.557467_KR_webconnectivity_09c2ce2f431576ae
https://www.ineedana.com/,dns,https://explorer.ooni.org/m/20260318064805.171444_KR_webconnectivity_08bf5648c5ceb80b
http://www.inetprivacy.com/,dns,https://explorer.ooni.org/m/20260318064805.896622_KR_webconnectivity_0a3f06bf21643226
http://www.inews24.com/,ok,https://explorer.ooni.org/m/20260318064809.799433_KR_webconnectivity_82dfef51b59c8713
https://www.infomigrants.net/,ok,https://explorer.ooni.org/m/20260318064811.853068_KR_webconnectivity_cfd1998d5ef59edb
https://www.infowars.com/,ok,https://explorer.ooni.org/m/20260318064814.988679_KR_webconnectivity_87ae7ae4bb31754c
http://www.inkwon.or.kr/,ok,https://explorer.ooni.org/m/20260318064820.472430_KR_webconnectivity_7ca1fbb81a11795f
http://www.inminds.co.uk/,ok,https://explorer.ooni.org/m/20260318064824.816798_KR_webconnectivity_d86b048c25b750f8
http://www.inochong.org/,ok,https://explorer.ooni.org/m/20260318064827.851743_KR_webconnectivity_e781b5b5379a5b49
https://www.ipetitions.com/,ok,https://explorer.ooni.org/m/20260318064831.438538_KR_webconnectivity_679131cd372a1651
https://www.ipredator.se/,dns,https://explorer.ooni.org/m/20260318064833.122909_KR_webconnectivity_67b7bd607bebbff0
https://www.ipvanish.com/,dns,https://explorer.ooni.org/m/20260318064833.929557_KR_webconnectivity_24ba47abb73c6819
http://www.irna.ir/,ok,https://explorer.ooni.org/m/20260318064837.146062_KR_webconnectivity_cbf30761c401b9b4
http://www.isiswomen.org/,ok,https://explorer.ooni.org/m/20260318064840.624903_KR_webconnectivity_4257617c48ad2a2c
http://www.islamawareness.net/,ok,https://explorer.ooni.org/m/20260318064844.484836_KR_webconnectivity_693effbcc74e5fc6
http://www.islamawareness.net/Asia/KoreaSouth/,ok,https://explorer.ooni.org/m/20260318064847.361916_KR_webconnectivity_324ee20182c690e0
http://www.islamkorea.com/,ok,https://explorer.ooni.org/m/20260318064854.934926_KR_webconnectivity_26f0516c578fdbf2
https://www.ivpn.net/,dns,https://explorer.ooni.org/m/20260318064856.040590_KR_webconnectivity_ab17e712865614c8
http://www.iwraw-ap.org/,ok,https://explorer.ooni.org/m/20260318064904.029691_KR_webconnectivity_d7943ef33813dd6e
https://www.iwraw-ap.org/,ok,https://explorer.ooni.org/m/20260318064907.590223_KR_webconnectivity_d4d2116c74af6c47
http://www.japantimes.co.jp/,ok,https://explorer.ooni.org/m/20260318064911.607135_KR_webconnectivity_1538458768a50407
http://www.jcmk.org/,ok,https://explorer.ooni.org/m/20260318064916.958967_KR_webconnectivity_40d30d6462513a38
http://www.jhr.ca/,ok,https://explorer.ooni.org/m/20260318064923.744360_KR_webconnectivity_b2c22dbac4af5af1
https://www.jihadwatch.org/,ok,https://explorer.ooni.org/m/20260318064926.068983_KR_webconnectivity_2cb8222c6e56afa1
http://www.jinbocorea.org/,ok,https://explorer.ooni.org/m/20260318064930.064059_KR_webconnectivity_b05928d3fd5ffc88
http://www.jmarshall.com/,ok,https://explorer.ooni.org/m/20260318064934.818613_KR_webconnectivity_b9cefd84f62097e7
https://www.jmarshall.com/,ok,https://explorer.ooni.org/m/20260318064940.665372_KR_webconnectivity_5a41f26669f15fbe
http://www.kcna.co.jp/,confirmed,https://explorer.ooni.org/m/20260318064943.239197_KR_webconnectivity_66ce94c72db6e8e4
http://www.kcna.kp/,dns,https://explorer.ooni.org/m/20260318064945.272428_KR_webconnectivity_baac9987a0643213
http://www.kctu.org/,ok,https://explorer.ooni.org/m/20260318064949.244458_KR_webconnectivity_4e51de13e5a49765
http://www.kdawu.org/,ok,https://explorer.ooni.org/m/20260318064954.011907_KR_webconnectivity_e947ea5cef6e2a30
http://www.kdlp.org/,ok,https://explorer.ooni.org/m/20260318064957.436164_KR_webconnectivity_56ac315860bf9352
http://www.khan.co.kr/,ok,https://explorer.ooni.org/m/20260318065000.855557_KR_webconnectivity_4745853fd7246489
http://www.khrp.org/,ok,https://explorer.ooni.org/m/20260318065003.942572_KR_webconnectivity_c5df415f9313ded7
http://www.kita.net/,ok,https://explorer.ooni.org/m/20260318065011.228067_KR_webconnectivity_555f2c3d90dc6ed3
https://www.knapsackforhope.org/,ok,https://explorer.ooni.org/m/20260318065012.492604_KR_webconnectivity_a3de53a16ebc235c
http://www.kncc.or.kr/,error,https://explorer.ooni.org/m/20260318065030.698726_KR_webconnectivity_7d6d0c936f9ca109
http://www.kngo.net/,ok,https://explorer.ooni.org/m/20260318065033.663420_KR_webconnectivity_42b1f64cdb66e77f
http://www.korea-htr.com/,confirmed,https://explorer.ooni.org/m/20260318065034.631529_KR_webconnectivity_890245b06142bed8
http://www.korea-htr.com/chuo/,confirmed,https://explorer.ooni.org/m/20260318065035.593985_KR_webconnectivity_2955a00613723e2f
http://www.koreaherald.co.kr/,ok,https://explorer.ooni.org/m/20260318065039.856632_KR_webconnectivity_7f575a204b8b984d
http://www.korealiberator.org/,ok,https://explorer.ooni.org/m/20260318065046.019838_KR_webconnectivity_6ccdce107cb862ed
http://www.korva.or.kr/,ok,https://explorer.ooni.org/m/20260318065053.814966_KR_webconnectivity_7dcc3e2ca08d5e52
http://www.kpil.org/,ok,https://explorer.ooni.org/m/20260318065058.894135_KR_webconnectivity_73eb7c6c1372ef9c
http://www.kqcf.org/,ok,https://explorer.ooni.org/m/20260318065102.484528_KR_webconnectivity_dda05a76da73aa7a
http://www.kwdi.re.kr/,ok,https://explorer.ooni.org/m/20260318065123.214344_KR_webconnectivity_1edc2cd8990d7d04
http://www.kwpa.org/,ok,https://explorer.ooni.org/m/20260318065130.185354_KR_webconnectivity_b3c11b7d379cc479
http://www.kwwnet.org/,ok,https://explorer.ooni.org/m/20260318065136.139385_KR_webconnectivity_2b6603edeb511ab4
http://www.laborrightsnow.org/,ok,https://explorer.ooni.org/m/20260318065139.756875_KR_webconnectivity_5f3503fd938cc2b9
http://www.lanacion.com.ar/,ok,https://explorer.ooni.org/m/20260318065144.013125_KR_webconnectivity_4f61770b9d2feded
https://www.laquadrature.net/,ok,https://explorer.ooni.org/m/20260318065149.040770_KR_webconnectivity_1246664d5ac8da10
http://www.latimes.com/,ok,https://explorer.ooni.org/m/20260318065151.328481_KR_webconnectivity_9026b2c05766a660
https://www.lds.org/,ok,https://explorer.ooni.org/m/20260318065154.703814_KR_webconnectivity_86032d7f764408e6
http://www.learningpartnership.org/,ok,https://explorer.ooni.org/m/20260318065158.191468_KR_webconnectivity_692191ddde871c61
https://www.lemonde.fr/,ok,https://explorer.ooni.org/m/20260318065200.976832_KR_webconnectivity_504821081d4cf3fd
https://www.lgbtmap.org/,ok,https://explorer.ooni.org/m/20260318065204.397056_KR_webconnectivity_b0d40798eb978cbf
http://www.lgbtpride.or.kr/,ok,https://explorer.ooni.org/m/20260318065212.039488_KR_webconnectivity_7ed923641f638829
https://www.lgbtqnation.com/,ok,https://explorer.ooni.org/m/20260318065214.188695_KR_webconnectivity_dc563c36040bc801
https://www.lilithfund.org/,ok,https://explorer.ooni.org/m/20260318065220.416549_KR_webconnectivity_4f57e9460ec2117a
http://www.littlespeck.com/,ok,https://explorer.ooni.org/m/20260318065223.931417_KR_webconnectivity_d6e46adbe412cd2b
https://www.logmein.com/,ok,https://explorer.ooni.org/m/20260318065225.689846_KR_webconnectivity_b629ea55cbd2170a
https://www.madre.org/,ok,https://explorer.ooni.org/m/20260318065230.227117_KR_webconnectivity_2ecff4797943035a
http://www.mainichi.co.jp/,ok,https://explorer.ooni.org/m/20260318065232.048033_KR_webconnectivity_658ed1ec3b06c768
https://www.mamacash.org/,ok,https://explorer.ooni.org/m/20260318065235.858851_KR_webconnectivity_735b665599ef3ffe
https://www.martus.org/,ok,https://explorer.ooni.org/m/20260318065237.709897_KR_webconnectivity_10d25ec7502f4b27
https://www.mc-doualiya.com/,ok,https://explorer.ooni.org/m/20260318065240.010281_KR_webconnectivity_546b0207fb12d547
http://www.mediareform.co.kr/,ok,https://explorer.ooni.org/m/20260318065248.362329_KR_webconnectivity_2b8d10c4583218c7
http://www.mediatoday.co.kr/,ok,https://explorer.ooni.org/m/20260318065253.002612_KR_webconnectivity_cbb58db0efbbc71e
http://www.mediaus.co.kr/,ok,https://explorer.ooni.org/m/20260318065258.263154_KR_webconnectivity_1205e8d2453791e4
https://www.megaproxy.com/,dns,https://explorer.ooni.org/m/20260318065259.353819_KR_webconnectivity_e22ce8f15243ff7a
https://www.mideastyouth.com/,ok,https://explorer.ooni.org/m/20260318065302.008540_KR_webconnectivity_13750f87c4aac0ab
http://www.migrant114.org/,dns,https://explorer.ooni.org/m/20260318065304.586953_KR_webconnectivity_5101061f0c485851
http://www.migrantsinkorea.net/,ok,https://explorer.ooni.org/m/20260318065305.356883_KR_webconnectivity_8dca3a285e1239f4
http://www.mizzima.com/,ok,https://explorer.ooni.org/m/20260318065307.738577_KR_webconnectivity_f6e4e8b7be8ba221
https://www.mombian.com/,ok,https://explorer.ooni.org/m/20260318065308.985153_KR_webconnectivity_8c8411f3d1ccdde1
http://www.mongu.net/,ok,https://explorer.ooni.org/m/20260318065312.162862_KR_webconnectivity_c889bf7b54afebc4
https://www.mormon.org/,ok,https://explorer.ooni.org/m/20260318065321.072636_KR_webconnectivity_d47e8c9a445ba03d
https://www.msichoices.org/,dns,https://explorer.ooni.org/m/20260318065321.920393_KR_webconnectivity_813774581ee6854c
https://www.muckrock.com/,ok,https://explorer.ooni.org/m/20260318065325.648227_KR_webconnectivity_649da1ddd51f9d93
https://www.musalaha.org/,ok,https://explorer.ooni.org/m/20260318065330.899323_KR_webconnectivity_6844ac09e513c4e7
http://www.naeil.com/,ok,https://explorer.ooni.org/m/20260318065335.222867_KR_webconnectivity_c79b8935e6f51bc2
https://www.namecoin.org/,ok,https://explorer.ooni.org/m/20260318065338.806276_KR_webconnectivity_c70902fe2c8bab0c
http://www.naral.org/,ok,https://explorer.ooni.org/m/20260318065339.503081_KR_webconnectivity_73c8c32b313326d1
https://www.nbc.com/,ok,https://explorer.ooni.org/m/20260318065343.328601_KR_webconnectivity_cad433b3b52b9ff2
https://www.nbcnews.com/,ok,https://explorer.ooni.org/m/20260318065346.790177_KR_webconnectivity_28542aa8a8ed98d3
https://www.nbcnewyork.com/,ok,https://explorer.ooni.org/m/20260318065348.967632_KR_webconnectivity_781d2c5cfc911f82
http://www.nclrights.org/,ok,https://explorer.ooni.org/m/20260318065353.014434_KR_webconnectivity_d21b4aa88eab720f
https://www.ndi.org/,ok,https://explorer.ooni.org/m/20260318065358.132547_KR_webconnectivity_b54787f356fb9d39
https://www.ned.org/,ok,https://explorer.ooni.org/m/20260318065359.657511_KR_webconnectivity_0993a0f79cfd1b9a
http://www.newnownext.com/,ok,https://explorer.ooni.org/m/20260318065403.861866_KR_webconnectivity_10f84b9fcb2e6bb2
http://www.newnownext.com/franchise/the-backlot/,ok,https://explorer.ooni.org/m/20260318065406.272033_KR_webconnectivity_157bac41ed8baf6d
http://www.newscham.net/,ok,https://explorer.ooni.org/m/20260318065412.987983_KR_webconnectivity_fa7945e04f10bdf8
https://www.nifty.org/,dns,https://explorer.ooni.org/m/20260318065414.078145_KR_webconnectivity_c6e57ce32b671289
https://www.njal.la/,ok,https://explorer.ooni.org/m/20260318065419.521058_KR_webconnectivity_d90ba314f264ff59
http://www.nkhumanrights.or.kr/,ok,https://explorer.ooni.org/m/20260318065422.044420_KR_webconnectivity_f2484edd46b8dfed
http://www.nkzone.org/,tcp_ip,https://explorer.ooni.org/m/20260318065508.088909_KR_webconnectivity_549ac1ba8ca44923
http://www.nocutnews.co.kr/,ok,https://explorer.ooni.org/m/20260318065517.147252_KR_webconnectivity_55aa16beed862367
http://www.nodong.org/,ok,https://explorer.ooni.org/m/20260318065523.263757_KR_webconnectivity_8645ed8482ddb643
http://www.nonghyup.com/,ok,https://explorer.ooni.org/m/20260318065527.512616_KR_webconnectivity_335eb0232c6703ae
https://www.nostraightnews.com/,ok,https://explorer.ooni.org/m/20260318065533.681735_KR_webconnectivity_59de314b4e428943
https://www.npr.org/,ok,https://explorer.ooni.org/m/20260318065537.519370_KR_webconnectivity_1175391a18daba7f
https://www.ntv.ru/,ok,https://explorer.ooni.org/m/20260318065542.002551_KR_webconnectivity_17023801aebb9df6
https://www.nwci.ie/,ok,https://explorer.ooni.org/m/20260318065545.892426_KR_webconnectivity_346cb0074a19804a
https://www.nytimes.com/,ok,https://explorer.ooni.org/m/20260318065549.718529_KR_webconnectivity_5b1cd6141fa1845d
https://www.oas.org/,ok,https://explorer.ooni.org/m/20260318065552.585629_KR_webconnectivity_2cf4a9e5e261f4e3
https://www.occrp.org/,ok,https://explorer.ooni.org/m/20260318065555.496492_KR_webconnectivity_25f96643effa5051
https://www.ohchr.org/,ok,https://explorer.ooni.org/m/20260318065557.148518_KR_webconnectivity_12dcb7716d527fd0
http://www.ohmynews.com/,ok,https://explorer.ooni.org/m/20260318065558.954695_KR_webconnectivity_7cbe3d8ca76a8594
http://www.omct.org/,ok,https://explorer.ooni.org/m/20260318065603.789081_KR_webconnectivity_9f671e77eadb3062
https://www.omct.org/,ok,https://explorer.ooni.org/m/20260318065612.714261_KR_webconnectivity_836888905b223fc6
http://www.oneworld.net/,ok,https://explorer.ooni.org/m/20260318065613.880295_KR_webconnectivity_5b969f1f063ffda5
https://www.opendns.com/,ok,https://explorer.ooni.org/m/20260318065622.135515_KR_webconnectivity_b9d4af1746746112
https://www.openpgp.org/,ok,https://explorer.ooni.org/m/20260318065624.490403_KR_webconnectivity_4eac53c12fc31377
https://www.opensocietyfoundations.org/,ok,https://explorer.ooni.org/m/20260318065626.530610_KR_webconnectivity_430c49442de5059d
https://www.opentech.fund/,dns,https://explorer.ooni.org/m/20260318065627.268256_KR_webconnectivity_60f98bc43d4d7d1c
https://www.ou.org/,ok,https://explorer.ooni.org/m/20260318065630.066131_KR_webconnectivity_4f20d0e5a2ae627b
https://www.out.com/,dns,https://explorer.ooni.org/m/20260318065630.838625_KR_webconnectivity_6b49fe66184fb320
http://www.pangari.net/,ok,https://explorer.ooni.org/m/20260318065636.716153_KR_webconnectivity_2fe8bf6e9db510d8
http://www.pcusa.org/,ok,https://explorer.ooni.org/m/20260318065639.297488_KR_webconnectivity_2b5215409eac9f2a
http://www.peacefire.org/circumventor/simple-circumventor-instructions.html,dns,https://explorer.ooni.org/m/20260318065640.385583_KR_webconnectivity_22549cb178ac8160
http://www.people.com.cn/,ok,https://explorer.ooni.org/m/20260318065644.525572_KR_webconnectivity_6b2c491ed72023c8
http://www.peoplepower21.org/,ok,https://explorer.ooni.org/m/20260318065649.053218_KR_webconnectivity_bd5db8b2474b2cdb
https://www.phpmyadmin.net/,ok,https://explorer.ooni.org/m/20260318065651.452713_KR_webconnectivity_7e3ef8215d075aed
http://www.pikicast.com/,error,https://explorer.ooni.org/m/20260318065653.464868_KR_webconnectivity_359b26848fa855df
https://www.pinkcupid.com/,dns,https://explorer.ooni.org/m/20260318065654.372076_KR_webconnectivity_4b885b937fff0428
https://www.pinknews.co.uk/,http-failure,https://explorer.ooni.org/m/20260318065655.746176_KR_webconnectivity_72fd0276f2b9b2ac
https://www.piratenpartei.ch/,ok,https://explorer.ooni.org/m/20260318065659.183536_KR_webconnectivity_0dda61254b880c90
http://www.piratpartiet.se/,ok,https://explorer.ooni.org/m/20260318065710.423633_KR_webconnectivity_a231c0fd65360799
https://www.plancpills.org/,dns,https://explorer.ooni.org/m/20260318065711.263723_KR_webconnectivity_ddf846d2c2e584ff
https://www.planetromeo.com/,dns,https://explorer.ooni.org/m/20260318065712.074707_KR_webconnectivity_d48092f41cd5376f
http://www.poweroftruth.net/,ok,https://explorer.ooni.org/m/20260318065716.073979_KR_webconnectivity_958a56443e297c24
https://www.pravda.ru/,dns,https://explorer.ooni.org/m/20260318065733.801767_KR_webconnectivity_b81527f4817c31f6
http://www.pressian.com/,ok,https://explorer.ooni.org/m/20260318065739.107381_KR_webconnectivity_3ad9cc088b1fca0b
https://www.pridemedia.com/,ok,https://explorer.ooni.org/m/20260318065742.392566_KR_webconnectivity_8c2f671b7869f567
https://www.privacidade.digital/,ok,https://explorer.ooni.org/m/20260318065744.606358_KR_webconnectivity_3e1e6fad04fd4d3f
https://www.privacyguides.org/,ok,https://explorer.ooni.org/m/20260318065749.067620_KR_webconnectivity_baff6913318453f6
https://www.privacyinternational.org/,ok,https://explorer.ooni.org/m/20260318065758.150523_KR_webconnectivity_68135662f062e4e5
https://www.privacytools.io/,ok,https://explorer.ooni.org/m/20260318065800.968724_KR_webconnectivity_c627bb910f8cf86d
https://www.privateinternetaccess.com/,dns,https://explorer.ooni.org/m/20260318065804.300479_KR_webconnectivity_56b3307c4f749131
http://www.privaterra.org/,ok,https://explorer.ooni.org/m/20260318065811.221586_KR_webconnectivity_1b2de9117f05206a
https://www.projectveritas.com/,ok,https://explorer.ooni.org/m/20260318065813.687175_KR_webconnectivity_b10ce58e6de94847
https://www.propublica.org/,ok,https://explorer.ooni.org/m/20260318065815.263860_KR_webconnectivity_63e9b5b3c39129a8
https://www.protectioninternational.org/,ok,https://explorer.ooni.org/m/20260318065821.936341_KR_webconnectivity_e121c436889bdf9f
http://www.protest.net/,dns,https://explorer.ooni.org/m/20260318065822.688249_KR_webconnectivity_8952a7a507fc9041
https://www.purevpn.com/,dns,https://explorer.ooni.org/m/20260318065834.621915_KR_webconnectivity_9eb53f222b86bbde
http://www.qhnews.com/,ok,https://explorer.ooni.org/m/20260318065842.544986_KR_webconnectivity_76a25bfed2e7bdc3
http://www.qhtyzx.com/,ok,https://explorer.ooni.org/m/20260318065843.860772_KR_webconnectivity_a09a302144eb2926
http://www.radicalparty.org/,ok,https://explorer.ooni.org/m/20260318065910.023289_KR_webconnectivity_708ecaa7bd788120
https://www.queerty.com/,dns,https://explorer.ooni.org/m/20260318065844.636494_KR_webconnectivity_acd76eda77c7c40e
http://www.rainbowfoundation.co.kr/,ok,https://explorer.ooni.org/m/20260318065917.572053_KR_webconnectivity_ade3561d64ea7f6a
https://www.rambler.ru/,ok,https://explorer.ooni.org/m/20260318065921.643713_KR_webconnectivity_75b6a3ed1e837400
https://www.rawa.org/,ok,https://explorer.ooni.org/m/20260318065932.458523_KR_webconnectivity_ac52cc902c8eeabc
http://www.redian.org/,ok,https://explorer.ooni.org/m/20260318065936.945191_KR_webconnectivity_9e15575db9862553
https://www.redstateaccess.com/,ok,https://explorer.ooni.org/m/20260318065939.451288_KR_webconnectivity_e3602896306b0786
https://www.refugeesinternational.org/,ok,https://explorer.ooni.org/m/20260318065946.779004_KR_webconnectivity_abd4fb003050cd27
https://www.reprolegalhelpline.org/,dns,https://explorer.ooni.org/m/20260318065947.584031_KR_webconnectivity_24f76b5839472bb2
http://www.repubblica.com/,ok,https://explorer.ooni.org/m/20260318065954.888252_KR_webconnectivity_3414d023c3b7a934
https://www.rescue.org/,ok,https://explorer.ooni.org/m/20260318065956.768705_KR_webconnectivity_4b89adc2ad2f7bc9
https://www.reuters.com/,ok,https://explorer.ooni.org/m/20260318065958.525174_KR_webconnectivity_999760a6cdd67e2f
https://www.rfa.org/,ok,https://explorer.ooni.org/m/20260318070001.690763_KR_webconnectivity_0361b168f794bc20
https://www.rferl.org/,ok,https://explorer.ooni.org/m/20260318070009.102392_KR_webconnectivity_db1a00bcb5a7ca4e
https://www.rfi.fr/,ok,https://explorer.ooni.org/m/20260318070010.835883_KR_webconnectivity_475076e02a52ebe8
http://www.rights.or.kr/,dns,https://explorer.ooni.org/m/20260318070026.348626_KR_webconnectivity_2e5ce9c11cf9ebac
http://www.righttodie.ca/,ok,https://explorer.ooni.org/m/20260318070028.807941_KR_webconnectivity_53c95575fa82a8b0
http://www.rsf.org/article.php3?id_article=17361,ok,https://explorer.ooni.org/m/20260318070032.151879_KR_webconnectivity_bfff95fd6f8234d4
https://www.rt.com/,ok,https://explorer.ooni.org/m/20260318070038.671999_KR_webconnectivity_77e36db9e4d9902e
https://www.rtarabic.com/,ok,https://explorer.ooni.org/m/20260318070044.282544_KR_webconnectivity_142c8a97ac5eb3de
http://www.samesexmarriage.ca/,dns,https://explorer.ooni.org/m/20260318070045.055253_KR_webconnectivity_3ebfd264cd5152e5
http://www.sarangbang.or.kr/,ok,https://explorer.ooni.org/m/20260318070049.676551_KR_webconnectivity_c34cd6ff80cd81dd
https://www.savethechildren.net/,ok,https://explorer.ooni.org/m/20260318070053.408951_KR_webconnectivity_020a1f91bac0f71e
https://www.sbs.com.au/language/coronavirus?cid=infocus,ok,https://explorer.ooni.org/m/20260318070059.245976_KR_webconnectivity_f3cf3cd699ba3a64
http://www.scmp.com/,ok,https://explorer.ooni.org/m/20260318070101.568610_KR_webconnectivity_468666ec571d1357
https://www.scmp.com/,ok,https://explorer.ooni.org/m/20260318070106.225259_KR_webconnectivity_3d4b4fe29950e5e8
https://www.scruff.com/,dns,https://explorer.ooni.org/m/20260318070112.137954_KR_webconnectivity_ab3c6a6fac62d784
https://www.secfirst.org/,error,https://explorer.ooni.org/m/20260318070116.183746_KR_webconnectivity_961be4b894557f38
https://www.securityinabox.org/,ok,https://explorer.ooni.org/m/20260318070118.424858_KR_webconnectivity_45f1282bd59a2942
https://www.shoe.org/,dns,https://explorer.ooni.org/m/20260318070119.613721_KR_webconnectivity_1c25239c661e8d25
http://www.sisainlive.com/,ok,https://explorer.ooni.org/m/20260318070125.485987_KR_webconnectivity_e10ad12b1fa7c068
http://www.sisters.or.kr/,ok,https://explorer.ooni.org/m/20260318070136.874667_KR_webconnectivity_6d50e37f2ce916f5
http://www.snumaum.org/,ok,https://explorer.ooni.org/m/20260318070138.026025_KR_webconnectivity_f2f391a385366fb5
http://www.sp.or.kr/,dns,https://explorer.ooni.org/m/20260318070143.459056_KR_webconnectivity_a1f2dd309b4c0431
https://www.spiegel.de/,ok,https://explorer.ooni.org/m/20260318070148.889639_KR_webconnectivity_70cb3f2d76c8dd1f
https://www.starlink.com/,ok,https://explorer.ooni.org/m/20260318070150.599877_KR_webconnectivity_61edb12e912838d3
http://www.state.gov/g/drl/rls/hrrpt/2004/41647.htm,ok,https://explorer.ooni.org/m/20260318070154.280750_KR_webconnectivity_fa3dd61406d8593c
https://www.stonewall.org.uk/,ok,https://explorer.ooni.org/m/20260318070159.502633_KR_webconnectivity_ba0a2c6c627e3581
http://www.stopstreetharassment.org/,ok,https://explorer.ooni.org/m/20260318070204.761707_KR_webconnectivity_69b6df1aa7726003
https://www.surfeasy.com/,dns,https://explorer.ooni.org/m/20260318070205.524589_KR_webconnectivity_8319bfa08ee80345
https://www.teafund.org/,dns,https://explorer.ooni.org/m/20260318070206.318814_KR_webconnectivity_2c8befb4a92c8bbd
https://www.techlore.tech/,ok,https://explorer.ooni.org/m/20260318070209.357347_KR_webconnectivity_ccdb0762a26e763e
https://www.telegraph.co.uk/,ok,https://explorer.ooni.org/m/20260318070215.068997_KR_webconnectivity_fda423035cac992f
https://www.terredeshommes.nl/,ok,https://explorer.ooni.org/m/20260318070224.967831_KR_webconnectivity_49bb57cc342ca346
http://www.theepochtimes.com/,ok,https://explorer.ooni.org/m/20260318070227.972798_KR_webconnectivity_0304d05bfeb33d82
https://www.theatlantic.com/,dns,https://explorer.ooni.org/m/20260318070225.709944_KR_webconnectivity_a0b2a7371313b855
https://www.theguardian.com/,ok,https://explorer.ooni.org/m/20260318070230.575967_KR_webconnectivity_889300095e04f473
http://www.theregister.co.uk/,dns,https://explorer.ooni.org/m/20260318070231.398441_KR_webconnectivity_3433c35f41c89eaf
https://www.thetrevorproject.org/,dns,https://explorer.ooni.org/m/20260318070237.912104_KR_webconnectivity_b533c37061830a68
http://www.tongilnews.com/,ok,https://explorer.ooni.org/m/20260318070245.743340_KR_webconnectivity_c3aaa9dc04a3265b
https://www.torproject.org/,dns,https://explorer.ooni.org/m/20260318070254.198917_KR_webconnectivity_f7b518f6f078222d
http://www.towleroad.com/,dns,https://explorer.ooni.org/m/20260318070300.073530_KR_webconnectivity_d2a06d7ba435e081
https://www.transgendermap.com/,ok,https://explorer.ooni.org/m/20260318070302.924380_KR_webconnectivity_f7b7ffd023176e91
https://www.transparency.org/,ok,https://explorer.ooni.org/m/20260318070305.313325_KR_webconnectivity_502949fe3406a5c6
https://www.tunnelbear.com/,dns,https://explorer.ooni.org/m/20260318070306.074179_KR_webconnectivity_644e9f066fddfc90
https://www.tvc.ru/,ok,https://explorer.ooni.org/m/20260318070309.161685_KR_webconnectivity_6642a57329e7699b
http://www.u4.no/,ok,https://explorer.ooni.org/m/20260318070312.336504_KR_webconnectivity_8f515dc2f1ccc59b
http://www.ultimate-anonymity.com/,dns,https://explorer.ooni.org/m/20260318070313.178965_KR_webconnectivity_fc56a7270b48dd23
https://www.unfe.org/,ok,https://explorer.ooni.org/m/20260318070314.591752_KR_webconnectivity_f7497d69f84aa07e
https://www.unfpa.org/,ok,https://explorer.ooni.org/m/20260318070316.781437_KR_webconnectivity_79ff1cbccedeaa4e
https://www.unhcr.org/,ok,https://explorer.ooni.org/m/20260318070317.688553_KR_webconnectivity_122e0d4a6e5f2087
https://www.unicef.org/,ok,https://explorer.ooni.org/m/20260318070318.517114_KR_webconnectivity_e24afcb164eafa95
https://www.upi.com/Top_News/World-News/2019/07/11/Amnesty-International-LGBT-soldiers-face-abuse-in-South-Korea-military/1461562819145/,ok,https://explorer.ooni.org/m/20260318070323.294817_KR_webconnectivity_57f5bc46cc0616c2
https://www.uproxy.org/,dns,https://explorer.ooni.org/m/20260318070326.543156_KR_webconnectivity_258df529e2ad6667
http://www.upschool.net/xe/,ok,https://explorer.ooni.org/m/20260318070327.933859_KR_webconnectivity_109cb4ba0dac4ac8
https://www.urduvoa.com/,ok,https://explorer.ooni.org/m/20260318070331.638903_KR_webconnectivity_c70ab762f5fbb8fe
https://www.usatoday.com/,ok,https://explorer.ooni.org/m/20260318070334.771793_KR_webconnectivity_ec419b749419e93a
http://www.utopia-asia.com/,dns,https://explorer.ooni.org/m/20260318070338.146313_KR_webconnectivity_ba71eba0b6aaa804
https://www.vesti.ru/,ok,https://explorer.ooni.org/m/20260318070342.285041_KR_webconnectivity_c299067703d4595b
https://www.vice.com/,ok,https://explorer.ooni.org/m/20260318070345.116588_KR_webconnectivity_4922759b049551a7
https://www.voanews.com/,ok,https://explorer.ooni.org/m/20260318070347.306172_KR_webconnectivity_fc4bc71aca78dc8d
http://www.vop.co.kr/,error,https://explorer.ooni.org/m/20260318070348.989341_KR_webconnectivity_08a26c96f9dae7e5
https://www.vpngate.net/,dns,https://explorer.ooni.org/m/20260318070352.521507_KR_webconnectivity_de54a7b298b69b4f
https://www.vpnunlimited.com/,dns,https://explorer.ooni.org/m/20260318070357.483503_KR_webconnectivity_6efbd6c6f59390d8
https://www.warchild.net/,ok,https://explorer.ooni.org/m/20260318070402.070236_KR_webconnectivity_f6bd4d2d3cc6c4d4
https://www.washingtonpost.com/,dns,https://explorer.ooni.org/m/20260318070402.784523_KR_webconnectivity_c6c59649290dd468
https://www.washingtontimes.com/,ok,https://explorer.ooni.org/m/20260318070405.226889_KR_webconnectivity_6891346052444a82
http://www.well.com/,ok,https://explorer.ooni.org/m/20260318070408.889069_KR_webconnectivity_2fa6d24f99992bf7
http://www.well.com/user/queerjhd/,ok,https://explorer.ooni.org/m/20260318070411.307093_KR_webconnectivity_d8f026a82a1a4203
http://www.wftucentral.org/,ok,https://explorer.ooni.org/m/20260318070416.031533_KR_webconnectivity_37aad502d3eb9f76
https://www.wiesenthal.com/,ok,https://explorer.ooni.org/m/20260318070418.889509_KR_webconnectivity_b57571dc109c2c2e
https://www.wilpf.org/,ok,https://explorer.ooni.org/m/20260318070423.874205_KR_webconnectivity_654bdb9187e95318
http://www.withoutwar.org/,ok,https://explorer.ooni.org/m/20260318070431.583840_KR_webconnectivity_479aeaeaddc997e6
https://www.witness.org/,ok,https://explorer.ooni.org/m/20260318070438.093816_KR_webconnectivity_e8b0831f385ccba6
http://www.wluml.org/,ok,https://explorer.ooni.org/m/20260318070454.899014_KR_webconnectivity_ba523f233ab0ab25
http://www.wnd.com/,ok,https://explorer.ooni.org/m/20260318070457.475699_KR_webconnectivity_d975cb55ee1be0d8
https://www.womankind.org.uk/,ok,https://explorer.ooni.org/m/20260318070459.689962_KR_webconnectivity_5939835ef7068647
http://www.women21.or.kr/,ok,https://explorer.ooni.org/m/20260318070502.544611_KR_webconnectivity_df5be59fca2e150d
https://www.womenforafghanwomen.org/,ok,https://explorer.ooni.org/m/20260318070508.420731_KR_webconnectivity_cddcf09eec880552
http://www.womenforpeaceandjustice.org/,ok,https://explorer.ooni.org/m/20260318070513.602104_KR_webconnectivity_78a99a9d902c46c0
https://www.womenforwomen.org/,ok,https://explorer.ooni.org/m/20260318070516.025869_KR_webconnectivity_fa82612461bf78f0
http://www.womenlink.or.kr/,ok,https://explorer.ooni.org/m/20260318070522.366966_KR_webconnectivity_a553739446c5d447
http://www.womennews.co.kr/,ok,https://explorer.ooni.org/m/20260318070527.093953_KR_webconnectivity_66314faf1ed20489
https://www.womenonwaves.org/,dns,https://explorer.ooni.org/m/20260318070527.863539_KR_webconnectivity_a1499d665581ddef
https://www.womenonweb.org/,dns,https://explorer.ooni.org/m/20260318070528.580737_KR_webconnectivity_ecd3ea20b330d1f6
https://www.womenpeacemakersprogram.org/,ok,https://explorer.ooni.org/m/20260318070532.877902_KR_webconnectivity_d65bdefefe067ede
http://www.womensmediacenter.com/,ok,https://explorer.ooni.org/m/20260318070541.928812_KR_webconnectivity_1f39e58bbe0602e4
http://www.womenvoters.or.kr/,ok,https://explorer.ooni.org/m/20260318070546.559754_KR_webconnectivity_b4d2c8ace2fc43ab
http://www.worldcoalition.org/,ok,https://explorer.ooni.org/m/20260318070551.623896_KR_webconnectivity_019ab54def6176fe
https://www.wsj.com/,ok,https://explorer.ooni.org/m/20260318070553.142060_KR_webconnectivity_ebc1ae081f276c3f
http://www.xinhuanet.com/,ok,https://explorer.ooni.org/m/20260318070557.685216_KR_webconnectivity_14c27319bc3efd7a
https://www.yellowhammerfund.org/,ok,https://explorer.ooni.org/m/20260318070600.303754_KR_webconnectivity_894d113a86cb2d88
http://www.yonhapnews.co.kr/,ok,https://explorer.ooni.org/m/20260318070605.298642_KR_webconnectivity_6780fd8dfb8463c4
http://www.zeit.de/,ok,https://explorer.ooni.org/m/20260318070610.082764_KR_webconnectivity_02a00a156e4ba5e3
http://xxx.lanl.gov/,dns,https://explorer.ooni.org/m/20260318070626.046472_KR_webconnectivity_94ceea0c01831d72
https://yggdrasil-network.github.io/,dns,https://explorer.ooni.org/m/20260318070626.902217_KR_webconnectivity_be5d2a088ae1aa0c
http://yolsa.org/,ok,https://explorer.ooni.org/m/20260318070629.771953_KR_webconnectivity_5e719796fcd3295e
http://ytimes.org/,ok,https://explorer.ooni.org/m/20260318070634.409623_KR_webconnectivity_a68ecd089a9f0e7a
https://zenvpn.net/,dns,https://explorer.ooni.org/m/20260318070641.312524_KR_webconnectivity_91b0aa1ae082507e
https://a.slack-edge.com/f70ec/img/test_cdn_pixel.gif,ok,https://explorer.ooni.org/m/20260318070643.503465_KR_webconnectivity_1ea5d675fba98178
https://about.riot.im/,ok,https://explorer.ooni.org/m/20260318070648.619226_KR_webconnectivity_46404c7972f217d5
http://abpr2.railfan.net/,http-diff,https://explorer.ooni.org/m/20260318070708.596184_KR_webconnectivity_eaf595c98dc8903d
https://account.proton.me/,ok,https://explorer.ooni.org/m/20260318070711.560485_KR_webconnectivity_260dc3526d6452ad
https://app.developer.here.com/coronavirus/,ok,https://explorer.ooni.org/m/20260318070724.272608_KR_webconnectivity_8878a8714b6aa652
https://app.element.io/,ok,https://explorer.ooni.org/m/20260318070725.623357_KR_webconnectivity_edbb99b64262487c
https://app.simplelogin.io/,ok,https://explorer.ooni.org/m/20260318070728.660080_KR_webconnectivity_6e1dafffdc7a03a4
https://app.slack.com/robots.txt,ok,https://explorer.ooni.org/m/20260318070730.816146_KR_webconnectivity_d67f3b8a94f0f134
https://app.wire.com/,ok,https://explorer.ooni.org/m/20260318070733.823738_KR_webconnectivity_91d75374295e3fff
https://archive.ph/,ok,https://explorer.ooni.org/m/20260318070737.976571_KR_webconnectivity_6e9fa97f6896b794
https://avatars.mds.yandex.net/robots.txt,http-failure,https://explorer.ooni.org/m/20260318070759.822897_KR_webconnectivity_9b04bf006bfc9887
http://baykoreans.net/,dns,https://explorer.ooni.org/m/20260318070800.758965_KR_webconnectivity_a0ae071834159085
https://bcc.chat/,ok,https://explorer.ooni.org/m/20260318070802.911768_KR_webconnectivity_27b9e6ef6d348e1c
http://bizLGU.com/,error,https://explorer.ooni.org/m/20260318070804.691166_KR_webconnectivity_bcff216392b0790c
http://bizmessage.kakao.com/,ok,https://explorer.ooni.org/m/20260318070810.644566_KR_webconnectivity_77f71d1224e6914a
https://briarproject.org/,ok,https://explorer.ooni.org/m/20260318070813.088761_KR_webconnectivity_184a9db83311567b
http://bric.postech.ac.kr/,ok,https://explorer.ooni.org/m/20260318070823.088595_KR_webconnectivity_0b771f6c6645a890
http://cafe.daum.net/ahyoomee,ok,https://explorer.ooni.org/m/20260318070825.880401_KR_webconnectivity_4dd79b6b0f626b98
http://cafe.naver.com/gjhlk,ok,https://explorer.ooni.org/m/20260318070828.882171_KR_webconnectivity_19631f06caeb0f71
http://caramasia.gn.apc.org/,tcp_ip,https://explorer.ooni.org/m/20260318070915.776632_KR_webconnectivity_b195e8b6edc4def4
https://cc.bingj.com/cache.aspx?q=nothing,dns,https://explorer.ooni.org/m/20260318070916.589747_KR_webconnectivity_2ced2ac85f132302
https://censored.tv/,ok,https://explorer.ooni.org/m/20260318070920.375301_KR_webconnectivity_aa816feee1ea5706
http://chakantv.co.kr/,ok,https://explorer.ooni.org/m/20260318070922.109075_KR_webconnectivity_35b399cb1ac9b197
https://chat-gpt.org/,ok,https://explorer.ooni.org/m/20260318070926.405212_KR_webconnectivity_70f495263fa0f243
https://chatgpt.com/,ok,https://explorer.ooni.org/m/20260318070927.167062_KR_webconnectivity_d7514bbf117d3bcb
https://chika.aangat.lahat.computer/,ok,https://explorer.ooni.org/m/20260318070929.048378_KR_webconnectivity_21d0234b2f54f3dd
https://cid.contact/,ok,https://explorer.ooni.org/m/20260318070932.094337_KR_webconnectivity_48c5408dbae88f75
https://cinemata.org/,ok,https://explorer.ooni.org/m/20260318070934.553325_KR_webconnectivity_a7862caedbe8643b
https://circumcision.org/,ok,https://explorer.ooni.org/m/20260318070937.774128_KR_webconnectivity_4b0cecb66a3a117b
https://claude.ai/,ok,https://explorer.ooni.org/m/20260318070938.762209_KR_webconnectivity_ac48ca916eb54396
https://cocaine.org/,dns,https://explorer.ooni.org/m/20260318070939.478379_KR_webconnectivity_1472b7c8e345fc8b
https://coronavirus.app/,dns,https://explorer.ooni.org/m/20260318070940.372099_KR_webconnectivity_c1df21e51d976f74
https://coronavirus.jhu.edu/map.html,ok,https://explorer.ooni.org/m/20260318070942.205221_KR_webconnectivity_47f4851b416ac0a3
https://covidtracking.com/,ok,https://explorer.ooni.org/m/20260318070946.111972_KR_webconnectivity_9bb46f0e7e46a162
https://cwtch.im/,ok,https://explorer.ooni.org/m/20260318070950.114393_KR_webconnectivity_612340a377ad9edc
http://cyworld.nate.com/club/clubsection/clubSection4_main.asp,ok,https://explorer.ooni.org/m/20260318070954.107091_KR_webconnectivity_e299a2db844a745c
https://deepseek.ai/,dns,https://explorer.ooni.org/m/20260318070954.806894_KR_webconnectivity_db2bfbb28e11fa7d
https://delta.chat/,ok,https://explorer.ooni.org/m/20260318070957.435298_KR_webconnectivity_92e1fe08300919ef
https://disqus.com/,ok,https://explorer.ooni.org/m/20260318070958.494057_KR_webconnectivity_de07b7098407090f
https://dit.whatsapp.net/robots.txt,ok,https://explorer.ooni.org/m/20260318070959.985482_KR_webconnectivity_ffa9babf95891afb
https://dl.acm.org/,ok,https://explorer.ooni.org/m/20260318071001.051455_KR_webconnectivity_945332b9ca92ae1d
http://dongyoungsang.com/,confirmed,https://explorer.ooni.org/m/20260318071002.260096_KR_webconnectivity_131dd4a72ca216f8
https://duckduckgo.com/,http-failure,https://explorer.ooni.org/m/20260318071023.620259_KR_webconnectivity_ea618fa183722a8d
https://dweb.link/,dns,https://explorer.ooni.org/m/20260318071024.372622_KR_webconnectivity_ca146f03fea39fdd
https://element.io/,ok,https://explorer.ooni.org/m/20260318071028.042151_KR_webconnectivity_da7ba79cb27d7f75
https://encrypted-tbn0.gstatic.com/robots.txt,ok,https://explorer.ooni.org/m/20260318071029.832197_KR_webconnectivity_43a521b882a69c76
https://espiv.net/,ok,https://explorer.ooni.org/m/20260318071033.976025_KR_webconnectivity_4ab1034fe1add01e
https://evernote.com/,ok,https://explorer.ooni.org/m/20260318071037.285037_KR_webconnectivity_65ee021cb7075e7e
https://experience.arcgis.com/experience/685d0ace521648f8a5beeeee1b9125cd,ok,https://explorer.ooni.org/m/20260318071039.235898_KR_webconnectivity_30f82d7c0153befa
https://external-content.duckduckgo.com/robots.txt,http-failure,https://explorer.ooni.org/m/20260318071100.108217_KR_webconnectivity_e2854202d4f4bdb8
http://gall.dcinside.com/board/lists/?id=disease,ok,https://explorer.ooni.org/m/20260318071108.769609_KR_webconnectivity_6937912472caf5e9
https://gemini.google.com/,ok,https://explorer.ooni.org/m/20260318071112.584126_KR_webconnectivity_73d53371a2448acc
https://getsession.org/,ok,https://explorer.ooni.org/m/20260318071115.382980_KR_webconnectivity_ced031f622f71f6f
https://gisanddata.maps.arcgis.com/apps/dashboards/bda7594740fd40299423467b48e9ecf6,ok,https://explorer.ooni.org/m/20260318071117.922254_KR_webconnectivity_bf848029d6452efd
http://giveu.net/,ok,https://explorer.ooni.org/m/20260318071126.139459_KR_webconnectivity_5655a6272016edf6
https://go-text.me/,ok,https://explorer.ooni.org/m/20260318071129.237980_KR_webconnectivity_bcc77813dfd72a61
http://h50030.www5.hp.com/,ok,https://explorer.ooni.org/m/20260318071129.978412_KR_webconnectivity_6231f6414f35efba
https://hgis.uw.edu/virus/,ok,https://explorer.ooni.org/m/20260318071132.598736_KR_webconnectivity_d8a8683aadd784bc
https://icao.maps.arcgis.com/apps/opsdashboard/index.html#/977dde48256b489fb48fa98e724721e8,ok,https://explorer.ooni.org/m/20260318071136.149150_KR_webconnectivity_f0a77090a3c3ba13
https://icao.maps.arcgis.com/apps/webappviewer3d/index.html?id=d9d3f8fa9a23425c8f0889baab626186,ok,https://explorer.ooni.org/m/20260318071139.881182_KR_webconnectivity_3101e902e9cf433c
https://icq.com/,ok,https://explorer.ooni.org/m/20260318071144.645576_KR_webconnectivity_2058d425e3d52915
https://ifacetimeapp.com/,ok,https://explorer.ooni.org/m/20260318071151.060638_KR_webconnectivity_657d2eda18e47dff
https://im0-tub-com.yandex.net/i?id=462f375c96139f1e41d919b44be2d780&n=13&exp=1,tcp_ip,https://explorer.ooni.org/m/20260318071251.385649_KR_webconnectivity_dfefe62f8c674f25
http://imagebingo.naver.com/,ok,https://explorer.ooni.org/m/20260318071252.219199_KR_webconnectivity_c451377ac439058a
https://imageshack.com/,ok,https://explorer.ooni.org/m/20260318071255.356692_KR_webconnectivity_a29c5adeea2f7054
https://imgur.com/,dns,https://explorer.ooni.org/m/20260318071256.144041_KR_webconnectivity_9d933ddf12262b45
http://imo.im/,ok,https://explorer.ooni.org/m/20260318071258.181195_KR_webconnectivity_baeeff160172f63f
https://imp.free.fr/,ok,https://explorer.ooni.org/m/20260318071303.026751_KR_webconnectivity_336e2da3a74f87eb
http://internetphone114.com/,ok,https://explorer.ooni.org/m/20260318071303.743619_KR_webconnectivity_0b89f4d6a37d8183
https://ipfs.io/,dns,https://explorer.ooni.org/m/20260318071304.628483_KR_webconnectivity_655aa78f315a7ce2
https://jami.net/,ok,https://explorer.ooni.org/m/20260318071308.077654_KR_webconnectivity_5d86d6b618780a21
https://journals.lww.com/,ok,https://explorer.ooni.org/m/20260318071309.435391_KR_webconnectivity_12b63ff366574d81
https://kick.com/,dns,https://explorer.ooni.org/m/20260318071310.151297_KR_webconnectivity_5ae1beeb63cc61c9
https://kidshealth.org/,ok,https://explorer.ooni.org/m/20260318071313.387266_KR_webconnectivity_526503da94c052ce
http://kr.yahoo.com/,ok,https://explorer.ooni.org/m/20260318071316.947558_KR_webconnectivity_80333820ea720abc
https://lbry.com/,ok,https://explorer.ooni.org/m/20260318071318.960517_KR_webconnectivity_426021ca14b8a9f9
https://lbry.org/,ok,https://explorer.ooni.org/m/20260318071320.698478_KR_webconnectivity_63144204573a6eaa
https://lens.google.com/uploadbyurl?url=https%3A%2F%2Fwww.google.com%2Fimages%2Fbranding%2Fgooglelogo%2F1x%2Fgooglelogo_color_150x54dp.png&hl=en-US&ep=gisb,ok,https://explorer.ooni.org/m/20260318071324.368404_KR_webconnectivity_c32113c75cd42dcd
http://lifeline.or.kr/,error,https://explorer.ooni.org/m/20260318071338.822789_KR_webconnectivity_7f23cf0be329afe7
https://line.me/,ok,https://explorer.ooni.org/m/20260318071341.895135_KR_webconnectivity_8adc6e668669798f
https://livestream.com/,ok,https://explorer.ooni.org/m/20260318071343.811584_KR_webconnectivity_d5837f439f27f7e4
https://login.live.com/,ok,https://explorer.ooni.org/m/20260318071346.509602_KR_webconnectivity_c15f2010fbb5b20d
http://mail.daum.net/,ok,https://explorer.ooni.org/m/20260318071352.779084_KR_webconnectivity_58a630fd5f12462c
https://mail.google.com/,ok,https://explorer.ooni.org/m/20260318071357.141368_KR_webconnectivity_f5d59cccfdef3316
http://mail.naver.com/,ok,https://explorer.ooni.org/m/20260318071400.564100_KR_webconnectivity_e814e0a805dbd6de
https://mail.proton.me/,ok,https://explorer.ooni.org/m/20260318071404.242039_KR_webconnectivity_c3b81290a9006d96
https://mail.ru/,ok,https://explorer.ooni.org/m/20260318071412.310490_KR_webconnectivity_7ac52774a55f0afa
https://mail.yahoo.com/,ok,https://explorer.ooni.org/m/20260318071415.127696_KR_webconnectivity_daac6ae1f5c246a9
https://mail.yandex.ru/,dns,https://explorer.ooni.org/m/20260318071420.105987_KR_webconnectivity_463e273e5a7db6cd
https://matrix-client.matrix.org/_matrix/client/versions,ok,https://explorer.ooni.org/m/20260318071421.740538_KR_webconnectivity_592ad988cb695a80
https://matrix.org/,ok,https://explorer.ooni.org/m/20260318071423.513235_KR_webconnectivity_2b13f3c827f32a2b
https://matrix.to/,ok,https://explorer.ooni.org/m/20260318071424.960875_KR_webconnectivity_95d7056964fb8ba2
https://mattermost.com/,ok,https://explorer.ooni.org/m/20260318071427.903628_KR_webconnectivity_2529e235a86ae344
https://media-arn2-1.cdn.whatsapp.net/robots.txt,ok,https://explorer.ooni.org/m/20260318071430.602886_KR_webconnectivity_2507618de08d487b
https://media.fevn1-1.fna.whatsapp.net/robots.txt,ok,https://explorer.ooni.org/m/20260318071433.149505_KR_webconnectivity_8aa3fb225a444fff
https://meet.jit.si/,ok,https://explorer.ooni.org/m/20260318071434.700291_KR_webconnectivity_a0d0d953e35869dc
https://messages.google.com/,ok,https://explorer.ooni.org/m/20260318071436.977704_KR_webconnectivity_2645917e0cdf6204
https://mmg.whatsapp.net/robots.txt,ok,https://explorer.ooni.org/m/20260318071438.563006_KR_webconnectivity_64c2de5addf0d6ab
https://mobile.element.io/,ok,https://explorer.ooni.org/m/20260318071440.023283_KR_webconnectivity_e434da94029f5051
https://msh.org/,ok,https://explorer.ooni.org/m/20260318071442.946837_KR_webconnectivity_e647911cd11c9725
https://mytrans.com.tw/,ok,https://explorer.ooni.org/m/20260318071445.239826_KR_webconnectivity_9d6342be9ff7b7df
https://nextstrain.org/ncov,ok,https://explorer.ooni.org/m/20260318071448.647879_KR_webconnectivity_e1aa95e75482f0ce
https://nostr.com/,ok,https://explorer.ooni.org/m/20260318071450.593482_KR_webconnectivity_17673f4f30da46b9
https://obsproject.com/,ok,https://explorer.ooni.org/m/20260318071453.680301_KR_webconnectivity_ee6313fbd6e03643
https://odysee.com/,ok,https://explorer.ooni.org/m/20260318071455.117643_KR_webconnectivity_630b9cee72350e20
http://onairkorean.tv/,dns,https://explorer.ooni.org/m/20260318071456.372556_KR_webconnectivity_d3481acb2f73d5ab
https://openai.com/,ok,https://explorer.ooni.org/m/20260318071457.383531_KR_webconnectivity_51fbf7431ee772fd
https://openobservatory.slack.com/,ok,https://explorer.ooni.org/m/20260318071500.324899_KR_webconnectivity_fb336f569c374c34
https://opera.com/,ok,https://explorer.ooni.org/m/20260318071505.758113_KR_webconnectivity_1e65a793aa946b40
https://outlook.live.com/,ok,https://explorer.ooni.org/m/20260318071507.945693_KR_webconnectivity_b9dbd4733a889992
https://photos.google.com/,ok,https://explorer.ooni.org/m/20260318071511.600875_KR_webconnectivity_04ad6c8f42e19ece
https://pinboard.in/,ok,https://explorer.ooni.org/m/20260318071514.511830_KR_webconnectivity_70040379ec2c727f
https://posteo.de/,ok,https://explorer.ooni.org/m/20260318071518.856386_KR_webconnectivity_eee3cad0e4967694
https://postimage.io/,http-failure,https://explorer.ooni.org/m/20260318071520.800952_KR_webconnectivity_134c94524a0b252d
https://pps.whatsapp.net/robots.txt,ok,https://explorer.ooni.org/m/20260318071522.481992_KR_webconnectivity_4a9fceec2efb0109
https://presearch.com/,ok,https://explorer.ooni.org/m/20260318071523.918056_KR_webconnectivity_3ea947c9e8e445ee
https://presearch.org/,ok,https://explorer.ooni.org/m/20260318071526.283613_KR_webconnectivity_19bd12bd9793434d
https://rumble.com/,ok,https://explorer.ooni.org/m/20260318071530.700982_KR_webconnectivity_e8761e55550f4f7d
http://sakhr.com/,ok,https://explorer.ooni.org/m/20260318071532.545466_KR_webconnectivity_596c5abf67fe378d
https://search.aol.com/,ok,https://explorer.ooni.org/m/20260318071535.717710_KR_webconnectivity_a690d708e6f11754
https://search.brave.com/,ok,https://explorer.ooni.org/m/20260318071538.194726_KR_webconnectivity_9a4f5212ba2c59dd
https://secure.hi5.com/,ok,https://explorer.ooni.org/m/20260318071543.101856_KR_webconnectivity_2d6d412447b0c80a
https://simplex.chat/,ok,https://explorer.ooni.org/m/20260318071545.681010_KR_webconnectivity_5dd6e7974c7d22f7
https://slack-imgs.com/,ok,https://explorer.ooni.org/m/20260318071547.225677_KR_webconnectivity_d9cf7eac0a52c903
https://slack.com/,ok,https://explorer.ooni.org/m/20260318071550.195980_KR_webconnectivity_88bda5c2d8ee255a
https://spideroak.com/,ok,https://explorer.ooni.org/m/20260318071554.122642_KR_webconnectivity_cb5a2f7c64d79c3c
https://st1.zoom.us/zoom.ico,ok,https://explorer.ooni.org/m/20260318071555.117593_KR_webconnectivity_ac7876026ab22658
https://startpage.com/,http-failure,https://explorer.ooni.org/m/20260318071558.479501_KR_webconnectivity_54a9735df97267b6
https://status.im/,ok,https://explorer.ooni.org/m/20260318071600.714192_KR_webconnectivity_87fc9e0d0c48e5c7
https://storymaps.arcgis.com/,ok,https://explorer.ooni.org/m/20260318071604.550154_KR_webconnectivity_38fecf80d043b77b
https://support.delta.chat/,ok,https://explorer.ooni.org/m/20260318071609.375053_KR_webconnectivity_aa5b673afae5f498
https://support.therapytribe.com/hivaids-support-group/,ok,https://explorer.ooni.org/m/20260318071610.237184_KR_webconnectivity_a60d91bd2b55b5b2
https://t.me/,dns,https://explorer.ooni.org/m/20260318071611.011914_KR_webconnectivity_3140cdfacf1b0317
https://tamtam.chat/,ok,https://explorer.ooni.org/m/20260318071614.100899_KR_webconnectivity_0c3e0a63fabc7c64
http://tcafek.com/,confirmed,https://explorer.ooni.org/m/20260318071630.512507_KR_webconnectivity_15bdfb807600be33
https://teams.microsoft.com/,ok,https://explorer.ooni.org/m/20260318071632.842736_KR_webconnectivity_6579851c75c9f3f1
https://telegram.me/,dns,https://explorer.ooni.org/m/20260318071633.833210_KR_webconnectivity_c63abfd30ff8e757
https://test-ipv6.com/,ok,https://explorer.ooni.org/m/20260318071636.787081_KR_webconnectivity_13df73e478b57ca1
https://th.bing.com/th/id/OIP.YnpdokcN_OQYn3n41AlqZAHaEe?w=250&h=180&c=7&o=5&pid=1.7,ok,https://explorer.ooni.org/m/20260318071639.072152_KR_webconnectivity_fe54992611942fb5
https://translate.google.com/,ok,https://explorer.ooni.org/m/20260318071642.808844_KR_webconnectivity_6f0723e8bebc28ce
https://translation2.paralink.com/,ok,https://explorer.ooni.org/m/20260318071645.729717_KR_webconnectivity_7224affe826ef1d5
https://transparencyreport.google.com/,ok,https://explorer.ooni.org/m/20260318071649.173223_KR_webconnectivity_e073a9eb4cb71654
https://trello.com/,ok,https://explorer.ooni.org/m/20260318071653.136436_KR_webconnectivity_dd519402e74a4da9
https://tse1.explicit.bing.net/robots.txt,dns,https://explorer.ooni.org/m/20260318071653.907515_KR_webconnectivity_4fc25a742991d44d
https://tuta.com/,ok,https://explorer.ooni.org/m/20260318071659.291301_KR_webconnectivity_e2450b3e1ff859d4
http://tvcast.naver.com/,ok,https://explorer.ooni.org/m/20260318071703.081850_KR_webconnectivity_d5ea3e48126d50e5
http://tvpot.daum.net/,dns,https://explorer.ooni.org/m/20260318071704.509677_KR_webconnectivity_226b9d972f247940
http://tvpot.media.daum.net/,ok,https://explorer.ooni.org/m/20260318071705.991290_KR_webconnectivity_151bb7fa48ca0622
https://tvzil.com/,dns,https://explorer.ooni.org/m/20260318071707.430022_KR_webconnectivity_0930550c4f26a071
https://tx.me/,ok,https://explorer.ooni.org/m/20260318071710.539085_KR_webconnectivity_880ae3770f332686
https://vector.im/_matrix/identity/api/v1,ok,https://explorer.ooni.org/m/20260318071712.378826_KR_webconnectivity_ca07a0040e8068bf
https://video-preview.s3.yandex.net/robots.txt,http-failure,https://explorer.ooni.org/m/20260318071734.288487_KR_webconnectivity_fed13afa1d7b90eb
https://web.wechat.com/,ok,https://explorer.ooni.org/m/20260318071742.274688_KR_webconnectivity_d850ff6ef0beec49
https://webcache.googleusercontent.com/robots.txt,ok,https://explorer.ooni.org/m/20260318071744.913036_KR_webconnectivity_be2f5abb141703e6
https://wire.com/,ok,https://explorer.ooni.org/m/20260318071747.326081_KR_webconnectivity_f276b9da8623b0fd
https://worldhealth.net/,ok,https://explorer.ooni.org/m/20260318071749.900223_KR_webconnectivity_67a03d27948e9c21
http://www.aids.or.kr/,ok,https://explorer.ooni.org/m/20260318071752.680506_KR_webconnectivity_a61131c1781a78cb
https://www.ananzi.co.za/,ok,https://explorer.ooni.org/m/20260318071757.709120_KR_webconnectivity_d70c4b79a5367b9f
http://www.asiansexgazette.com/,dns,https://explorer.ooni.org/m/20260318071759.969316_KR_webconnectivity_eec6c922fc54e761
http://www.asiansexgazette.com/asg/asian_health.htm,dns,https://explorer.ooni.org/m/20260318071802.376276_KR_webconnectivity_6d4f9062302dd4ae
http://www.ask.com/,ok,https://explorer.ooni.org/m/20260318071804.938975_KR_webconnectivity_d901cc189a23953a
https://www.asterisk.org/,ok,https://explorer.ooni.org/m/20260318071806.690900_KR_webconnectivity_cdd0cedb9299874f
https://www.baidu.com/,ok,https://explorer.ooni.org/m/20260318071809.036133_KR_webconnectivity_9f85ce3d8917145d
https://www.bbm.com/,ok,https://explorer.ooni.org/m/20260318071813.540109_KR_webconnectivity_d1bfdfb2425bf69b
https://www.bing.com/,ok,https://explorer.ooni.org/m/20260318071817.311704_KR_webconnectivity_8c9686f2a74a95ed
https://www.bitchute.com/,ok,https://explorer.ooni.org/m/20260318071818.320010_KR_webconnectivity_7a538607f0c4f230
https://www.bittorrent.com/,dns,https://explorer.ooni.org/m/20260318071820.021429_KR_webconnectivity_bdfb4112e46711a7
https://www.blackberry.com/,ok,https://explorer.ooni.org/m/20260318071822.476336_KR_webconnectivity_3adb21824e8b4a89
https://www.broadvoice.com/,ok,https://explorer.ooni.org/m/20260318071827.368425_KR_webconnectivity_e54b17b684f7c731
https://www.cdc.go.kr/board/board.es?mid=&bid=0030,error,https://explorer.ooni.org/m/20260318071829.511475_KR_webconnectivity_a76347d075ef2026
https://www.cdc.gov/,ok,https://explorer.ooni.org/m/20260318071831.912803_KR_webconnectivity_678bf082d27d734b
http://www.chol.com/,dns,https://explorer.ooni.org/m/20260318071834.168298_KR_webconnectivity_2242dac7ea5f4584
http://www.cirp.org/,ok,https://explorer.ooni.org/m/20260318071837.555407_KR_webconnectivity_aac7255765c4b4b1
http://www.dailymotion.com/kr,ok,https://explorer.ooni.org/m/20260318071843.681109_KR_webconnectivity_5a3133996a9c4577
https://www.dailymotion.com/,ok,https://explorer.ooni.org/m/20260318071847.353979_KR_webconnectivity_6e82a0ed265587aa
http://www.daum.net/,ok,https://explorer.ooni.org/m/20260318071852.552565_KR_webconnectivity_e3f783e2343eb330
https://www.deepseek.com/,dns,https://explorer.ooni.org/m/20260318071853.239457_KR_webconnectivity_caa07e28e567cef3
https://www.doctissimo.fr/,dns,https://explorer.ooni.org/m/20260318071854.035113_KR_webconnectivity_e9fe2d1b00e9180a
https://www.doctorswithoutborders.org/,ok,https://explorer.ooni.org/m/20260318071857.841393_KR_webconnectivity_0881e6c778ad9de9
http://www.dogpile.com/,ok,https://explorer.ooni.org/m/20260318071858.788647_KR_webconnectivity_7c1d2d4d539e925b
http://www.dreamwiz.com/,ok,https://explorer.ooni.org/m/20260318071915.098234_KR_webconnectivity_648318bdc618bad2
https://www.ecdc.europa.eu/,ok,https://explorer.ooni.org/m/20260318071919.956409_KR_webconnectivity_9420db3c1228ed8f
https://www.ectaco.com/,dns,https://explorer.ooni.org/m/20260318071920.994702_KR_webconnectivity_4a3fed1cdfac61fe
http://www.empas.com/,ok,https://explorer.ooni.org/m/20260318071922.608458_KR_webconnectivity_825dc336d210d57b
https://www.engenderhealth.org/,ok,https://explorer.ooni.org/m/20260318071928.707981_KR_webconnectivity_d36ea412e1fa6cdd
http://www.euthanasia.cc/,ok,https://explorer.ooni.org/m/20260318071933.912424_KR_webconnectivity_824dd9ca82854403
https://www.excite.com/,dns,https://explorer.ooni.org/m/20260318071935.304778_KR_webconnectivity_6abdf8eacefef980
https://www.fastmail.com/,ok,https://explorer.ooni.org/m/20260318071941.525248_KR_webconnectivity_f432c75bf9302113
https://www.flickr.com/,ok,https://explorer.ooni.org/m/20260318071945.183655_KR_webconnectivity_0fc29b591ddaf57b
https://www.fotki.com/,ok,https://explorer.ooni.org/m/20260318071947.773005_KR_webconnectivity_2f26f38c262fb28b
http://www.fotolog.com/,ok,https://explorer.ooni.org/m/20260318071952.853252_KR_webconnectivity_dc7910c56e726aaa
https://www.freepik.com/,ok,https://explorer.ooni.org/m/20260318071956.285991_KR_webconnectivity_381f0a243e9d3bdb
https://www.gatesfoundation.org/,ok,https://explorer.ooni.org/m/20260318072000.475147_KR_webconnectivity_d39e2707a5ae49a3
http://www.getdrupe.com/,ok,https://explorer.ooni.org/m/20260318072004.120865_KR_webconnectivity_09646eedac20fc3e
https://www.gmx.com/,dns,https://explorer.ooni.org/m/20260318072004.938719_KR_webconnectivity_82aadef92dc81033
https://www.google.co.kr/,ok,https://explorer.ooni.org/m/20260318072008.531648_KR_webconnectivity_81eefd5af04f3e1d
https://www.google.com/,ok,https://explorer.ooni.org/m/20260318072011.832218_KR_webconnectivity_f229501a47a14a34
https://www.health.com/,ok,https://explorer.ooni.org/m/20260318072012.763157_KR_webconnectivity_366f377d0d7ec363
https://www.healthmap.org/covid-19/,ok,https://explorer.ooni.org/m/20260318072015.255647_KR_webconnectivity_0edb05afc8e49bc8
https://www.hightail.com/,ok,https://explorer.ooni.org/m/20260318072017.609661_KR_webconnectivity_489bf3d3c730d179
https://www.hotbot.com/,dns,https://explorer.ooni.org/m/20260318072018.723367_KR_webconnectivity_857683aa528df15b
https://www.hushmail.com/,ok,https://explorer.ooni.org/m/20260318072021.256821_KR_webconnectivity_0453ccda479f9df1
https://www.iconnecthere.com/,ok,https://explorer.ooni.org/m/20260318072024.960826_KR_webconnectivity_81c14675657b98f5
http://www.implantinfo.com/,ok,https://explorer.ooni.org/m/20260318072031.288799_KR_webconnectivity_7003ed03ae96dd66
http://www.inbox.com/,ok,https://explorer.ooni.org/m/20260318072034.837307_KR_webconnectivity_deba5dbc1b006171
http://www.internet-phone.co.kr/,tcp_ip,https://explorer.ooni.org/m/20260318072121.450371_KR_webconnectivity_6140885e57281f93
http://www.isscr.org/,ok,https://explorer.ooni.org/m/20260318072125.054507_KR_webconnectivity_9442867a9c6c5633
https://www.jabber.ru/,ok,https://explorer.ooni.org/m/20260318072130.081945_KR_webconnectivity_03b96be0412159ff
http://www.kakao.com/services/8,ok,https://explorer.ooni.org/m/20260318072136.219975_KR_webconnectivity_6324881ed1d1ba64
http://www.keptprivate.com/,ok,https://explorer.ooni.org/m/20260318072138.335293_KR_webconnectivity_aec4eeaf8293debe
https://www.kff.org/,ok,https://explorer.ooni.org/m/20260318072140.703831_KR_webconnectivity_b36ddeeef135a940
http://www.kftel.com/,ok,https://explorer.ooni.org/m/20260318072143.708067_KR_webconnectivity_f617e9c9f2617420
http://www.kissphoto.net/,ok,https://explorer.ooni.org/m/20260318072144.840687_KR_webconnectivity_1ea94e19a7a85fd2
https://www.last.fm/,ok,https://explorer.ooni.org/m/20260318072147.858993_KR_webconnectivity_757e50a3124c71d3
http://www.lets070.net/,ok,https://explorer.ooni.org/m/20260318072149.942469_KR_webconnectivity_92be6f9f6bc494f0
http://www.lingo.com/,error,https://explorer.ooni.org/m/20260318072152.477548_KR_webconnectivity_db4408892b091ab9
http://www.linphone.org/,ok,https://explorer.ooni.org/m/20260318072157.534516_KR_webconnectivity_9b97a471a0fa5eba
https://www.liveleak.com/,error,https://explorer.ooni.org/m/20260318072200.533339_KR_webconnectivity_f72b7c12684ad055
http://www.love4one.com/,ok,https://explorer.ooni.org/m/20260318072206.617893_KR_webconnectivity_094bc29c7e20dbeb
http://www.lsinc.co.kr/,ok,https://explorer.ooni.org/m/20260318072207.302490_KR_webconnectivity_9f153adade35ad3d
http://www.lxnetworks.co.kr/,error,https://explorer.ooni.org/m/20260318072209.964941_KR_webconnectivity_c6af291367816f11
http://www.lycos.com/,ok,https://explorer.ooni.org/m/20260318072214.131984_KR_webconnectivity_80ccbe8ff5f7cbc3
http://www.magicjack.com/,ok,https://explorer.ooni.org/m/20260318072218.289461_KR_webconnectivity_152966b0fad04bdc
https://www.mail.com/,ok,https://explorer.ooni.org/m/20260318072223.307951_KR_webconnectivity_3076499ec388a2bf
http://www.mail.lycos.com/,ok,https://explorer.ooni.org/m/20260318072229.197709_KR_webconnectivity_38c36c1265d5693b
http://www.mail2web.com/,ok,https://explorer.ooni.org/m/20260318072236.421903_KR_webconnectivity_382c03113b285056
http://www.mailinator.com/,ok,https://explorer.ooni.org/m/20260318072240.164736_KR_webconnectivity_31b1a4fea2a292e7
https://www.mamma.com/,ok,https://explorer.ooni.org/m/20260318072242.956954_KR_webconnectivity_d3efd900c0e22ba1
https://www.mariestopes.org.uk/,ok,https://explorer.ooni.org/m/20260318072247.700641_KR_webconnectivity_96befbd4a19e0d99
http://www.medecinsdumonde.org/,ok,https://explorer.ooni.org/m/20260318072254.842382_KR_webconnectivity_ad3ab68f1ff9f13a
https://www.mediafire.com/,ok,https://explorer.ooni.org/m/20260318072257.318851_KR_webconnectivity_1fc7e6a661a7cba1
http://www.medicinenet.com/,ok,https://explorer.ooni.org/m/20260318072301.240250_KR_webconnectivity_53ffc9b89d039d9f
http://www.mersjido.com/,ok,https://explorer.ooni.org/m/20260318072302.941130_KR_webconnectivity_6db8bd1357ea0a26
https://www.messenger.com/,ok,https://explorer.ooni.org/m/20260318072305.479869_KR_webconnectivity_e202b4db49b84b0c
http://www.metacrawler.com/,dns,https://explorer.ooni.org/m/20260318072306.430493_KR_webconnectivity_49da110f05f902f8
https://www.microsoft.com/,ok,https://explorer.ooni.org/m/20260318072309.368731_KR_webconnectivity_390d872c06838fa2
http://www.microsofttranslator.com/,ok,https://explorer.ooni.org/m/20260318072311.740821_KR_webconnectivity_6800425baa4d0a20
https://www.mojeek.com/,ok,https://explorer.ooni.org/m/20260318072314.661211_KR_webconnectivity_0840399ebe5e563b
http://www.moohan.net/,dns,https://explorer.ooni.org/m/20260318072317.156518_KR_webconnectivity_ba0458dc28ef455d
https://www.msf.org/,ok,https://explorer.ooni.org/m/20260318072320.840127_KR_webconnectivity_747ea43ea81f6d9b
https://www.msn.com/,ok,https://explorer.ooni.org/m/20260318072323.334958_KR_webconnectivity_cdaf4154eb084317
http://www.munjanara.co.kr/,error,https://explorer.ooni.org/m/20260318072340.871804_KR_webconnectivity_c6fbd1afc81899d5
http://www.naver.com/,ok,https://explorer.ooni.org/m/20260318072343.301753_KR_webconnectivity_1c85271080113ff7
http://www.netaddress.com/,ok,https://explorer.ooni.org/m/20260318072346.313525_KR_webconnectivity_86771414da8c40ba
https://www.netaddress.com/,ok,https://explorer.ooni.org/m/20260318072350.006654_KR_webconnectivity_deb4d58092e0bf48
https://www.netflix.com/,ok,https://explorer.ooni.org/m/20260318072354.642108_KR_webconnectivity_9bfd4304380983e4
http://www.nicesms.co.kr/,dns,https://explorer.ooni.org/m/20260318072358.439289_KR_webconnectivity_5c1adf59ea564c7b
http://www.olleh-kt.kr/,ok,https://explorer.ooni.org/m/20260318072402.688694_KR_webconnectivity_d505a11987db68ed
http://www.online-translator.com/,ok,https://explorer.ooni.org/m/20260318072406.715988_KR_webconnectivity_3788fc300247ae4c
http://www.oovoo.com/,ok,https://explorer.ooni.org/m/20260318072409.735283_KR_webconnectivity_837abfb6e72b1134
https://www.openstreetmap.org/,ok,https://explorer.ooni.org/m/20260318072412.806520_KR_webconnectivity_d320a9b211ee5fae
http://www.orgio.com/,ok,https://explorer.ooni.org/m/20260318072415.417145_KR_webconnectivity_ffc5ee67049da4cc
http://www.paltalk.com/,ok,https://explorer.ooni.org/m/20260318072417.099513_KR_webconnectivity_5a48084f04885416
http://www.pandora.com/,ok,https://explorer.ooni.org/m/20260318072420.518534_KR_webconnectivity_3569c581f6f0b124
https://www.perplexity.ai/,ok,https://explorer.ooni.org/m/20260318072421.562513_KR_webconnectivity_6502516c08ecc2b9
http://www.photobucket.com/,dns,https://explorer.ooni.org/m/20260318072422.353721_KR_webconnectivity_249e2c9c4d478600
https://www.pinterest.com/,dns,https://explorer.ooni.org/m/20260318072423.445591_KR_webconnectivity_ad8bf6e95e5bfb35
https://www.postmaster.co.uk/,ok,https://explorer.ooni.org/m/20260318072426.081256_KR_webconnectivity_7438f9d9986fdecd
http://www.ppca.co.kr/,ok,https://explorer.ooni.org/m/20260318072428.714552_KR_webconnectivity_a67d77ac15b3dd6f
http://www.ppurio.com/,dns,https://explorer.ooni.org/m/20260318072434.586238_KR_webconnectivity_f0acd12a120ae940
https://www.projectbaseline.com/studies/covid-research/,ok,https://explorer.ooni.org/m/20260318072437.150131_KR_webconnectivity_94257cfcf6e89e30
https://www.proton.me/,ok,https://explorer.ooni.org/m/20260318072443.612467_KR_webconnectivity_9845fef4abfdfd31
https://www.rki.de/,ok,https://explorer.ooni.org/m/20260318072453.890126_KR_webconnectivity_bb77a05baa5ef797
https://www.search.com/,ok,https://explorer.ooni.org/m/20260318072457.881639_KR_webconnectivity_fda0651d149c156f
http://www.searchindia.com/,ok,https://explorer.ooni.org/m/20260318072502.518090_KR_webconnectivity_70be6f9a092fd9ca
http://www.securenym.net/,ok,https://explorer.ooni.org/m/20260318072505.082719_KR_webconnectivity_31c788938c2a30f2
https://www.sendspace.com/,dns,https://explorer.ooni.org/m/20260318072506.152587_KR_webconnectivity_c3988cf736400686
https://www.sendthisfile.com/,ok,https://explorer.ooni.org/m/20260318072512.396924_KR_webconnectivity_fdac31a99112d0ef
http://www.shinbiro.com/,tcp_ip,https://explorer.ooni.org/m/20260318072558.451064_KR_webconnectivity_9aeb5676b43b6812
http://www.sina.com.cn/,ok,https://explorer.ooni.org/m/20260318072603.450638_KR_webconnectivity_540646f1446d47b0
https://www.skype.com/,ok,https://explorer.ooni.org/m/20260318072607.235283_KR_webconnectivity_aa8f99770dece621
http://www.skysms.co.kr/,ok,https://explorer.ooni.org/m/20260318072609.214712_KR_webconnectivity_300e7862667cc390
http://www.slideshare.net/,ok,https://explorer.ooni.org/m/20260318072613.211937_KR_webconnectivity_b08162df8b0013ea
https://www.startmail.com/,ok,https://explorer.ooni.org/m/20260318072617.148994_KR_webconnectivity_2adab1d303c26beb
https://www.subscribestar.com/,ok,https://explorer.ooni.org/m/20260318072621.394912_KR_webconnectivity_1e1481b3c82f9149
http://www.talkyou.me/,ok,https://explorer.ooni.org/m/20260318072624.156578_KR_webconnectivity_9072f9f52d7ca3ba
http://www.tango.me/,ok,https://explorer.ooni.org/m/20260318072625.430162_KR_webconnectivity_14b448370333741b
https://www.tawk.to/,ok,https://explorer.ooni.org/m/20260318072629.503296_KR_webconnectivity_75073a558be01a23
https://www.ted.com/,ok,https://explorer.ooni.org/m/20260318072632.280656_KR_webconnectivity_5768b4d821bd1631
https://www.textra.me/,ok,https://explorer.ooni.org/m/20260318072634.553860_KR_webconnectivity_afe2938e2091ea5d
https://www.theglobalfund.org/,ok,https://explorer.ooni.org/m/20260318072638.722724_KR_webconnectivity_7d31ff1802d0e224
http://www.tialsoft.com/download/,ok,https://explorer.ooni.org/m/20260318072641.772510_KR_webconnectivity_62c236d45d509371
http://www.tialsoft.com/multitranse/,ok,https://explorer.ooni.org/m/20260318072645.002993_KR_webconnectivity_ccf1cdf04b13d660
https://www.transferbigfiles.com/,ok,https://explorer.ooni.org/m/20260318072647.458835_KR_webconnectivity_7d346159900c120e
http://www.translate.ru/,ok,https://explorer.ooni.org/m/20260318072652.551051_KR_webconnectivity_64ac13785a28b4be
http://www.transwhiz.com/,ok,https://explorer.ooni.org/m/20260318072656.199083_KR_webconnectivity_2cba2ffaa2093511
https://www.truecaller.com/,ok,https://explorer.ooni.org/m/20260318072658.556051_KR_webconnectivity_5e7bf586d0d250bd
https://www.tumblr.com/,dns,https://explorer.ooni.org/m/20260318072659.314172_KR_webconnectivity_5bf05e816533b2a5
https://www.twitch.tv/,dns,https://explorer.ooni.org/m/20260318072700.171310_KR_webconnectivity_8e20baa523c4ad24
https://www.unaids.org/,ok,https://explorer.ooni.org/m/20260318072704.807063_KR_webconnectivity_ac4d3ebc17920018
https://www.ushareit.com/,dns,https://explorer.ooni.org/m/20260318072706.682174_KR_webconnectivity_d84676564b611df9
http://www.veoh.com/,ok,https://explorer.ooni.org/m/20260318072707.643403_KR_webconnectivity_d31a2d5c62fe591a
https://www.vonage.com/,ok,https://explorer.ooni.org/m/20260318072708.954430_KR_webconnectivity_4b2421e85a171c02
http://www.vtv.co.kr/,error,https://explorer.ooni.org/m/20260318072730.539189_KR_webconnectivity_861a73c3ab697873
https://www.vyke.com/,ok,https://explorer.ooni.org/m/20260318072733.851524_KR_webconnectivity_c574a5ed38b389a4
http://www.webbox.com/index.php,ok,https://explorer.ooni.org/m/20260318072734.867373_KR_webconnectivity_4a6a9bb676473f31
http://www.wevo.co.kr/,error,https://explorer.ooni.org/m/20260318072754.575883_KR_webconnectivity_6c9166d80dd736e5
http://www.whitepages.com/,ok,https://explorer.ooni.org/m/20260318072756.867883_KR_webconnectivity_fa3e645c2a459a0a
https://www.who.int/,ok,https://explorer.ooni.org/m/20260318072759.297646_KR_webconnectivity_024cec08636f0d9b
https://www.wordreference.com/,ok,https://explorer.ooni.org/m/20260318072800.698397_KR_webconnectivity_e3b28e0def2ec148
https://www.worldometers.info/coronavirus/,ok,https://explorer.ooni.org/m/20260318072802.950666_KR_webconnectivity_10c80843c1a0d043
http://www.yahoo.co.kr/,ok,https://explorer.ooni.org/m/20260318072808.497668_KR_webconnectivity_a215414654e26f20
https://www.y2mate.com/,dns,https://explorer.ooni.org/m/20260318072803.641359_KR_webconnectivity_c6c36fe63deb0249
https://www.yahoo.com/,ok,https://explorer.ooni.org/m/20260318072812.184147_KR_webconnectivity_57f117b09a4c6df7
http://www.zzn.com/,tcp_ip,https://explorer.ooni.org/m/20260318072813.383419_KR_webconnectivity_8542d2cedf20450e
https://ya.ru/,dns,https://explorer.ooni.org/m/20260318072814.473049_KR_webconnectivity_26336077b6b8e600
https://yandex.com/,dns,https://explorer.ooni.org/m/20260318072815.563757_KR_webconnectivity_6c1ba9b20d6e34ea
https://yandexwebcache.net/robots.txt,ok,https://explorer.ooni.org/m/20260318072819.254846_KR_webconnectivity_0f6de5c8f9f7632c
https://zoom.us/,ok,https://explorer.ooni.org/m/20260318072821.751777_KR_webconnectivity_3d20242fe93ee859
https://adultfriendfinder.com/,dns,https://explorer.ooni.org/m/20260318072824.065809_KR_webconnectivity_a8a8d9473cd2591d
https://alqassam.ps/,dns,https://explorer.ooni.org/m/20260318072824.850546_KR_webconnectivity_c38357bd066bf51c
https://alt.com/,dns,https://explorer.ooni.org/m/20260318072826.280875_KR_webconnectivity_5ab4255b0feceb17
https://amphetamines.com/,ok,https://explorer.ooni.org/m/20260318072829.885973_KR_webconnectivity_2533526d05f550ba
http://asiafriendfinder.com/,dns,https://explorer.ooni.org/m/20260318072832.019855_KR_webconnectivity_b3cb27b1827f92a1
http://asiansmaster.com/,dns,https://explorer.ooni.org/m/20260318072833.208569_KR_webconnectivity_fdbdbcd322ecc8e7
https://beeg.com/,dns,https://explorer.ooni.org/m/20260318072833.910439_KR_webconnectivity_c6917cbf2f4c2d2e
http://betasia.com/,dns,https://explorer.ooni.org/m/20260318072834.811608_KR_webconnectivity_f424e548259dc407
https://btggaming.com/,dns,https://explorer.ooni.org/m/20260318072837.266263_KR_webconnectivity_ea6281804b894ceb
http://cafe.daum.net/amc21,ok,https://explorer.ooni.org/m/20260318072840.483855_KR_webconnectivity_a92d1b781705ec30
http://cafe.daum.net/dacultureNO,ok,https://explorer.ooni.org/m/20260318072843.181689_KR_webconnectivity_371a9514d6f8c2d5
http://cafe.naver.com/mansdotcom,ok,https://explorer.ooni.org/m/20260318072845.977167_KR_webconnectivity_6a863d5faade55bf
http://cafe.naver.com/rtbnmm/,ok,https://explorer.ooni.org/m/20260318072850.989596_KR_webconnectivity_4f9f3ed2cc04afbe
http://creamasia.com/,dns,https://explorer.ooni.org/m/20260318072855.709708_KR_webconnectivity_12a5d84afc280c04
https://dailystormer.in/,dns,https://explorer.ooni.org/m/20260318072856.415778_KR_webconnectivity_16f67acd05f75912
https://drugs-forum.com/,dns,https://explorer.ooni.org/m/20260318072857.150469_KR_webconnectivity_c2be5982115d7c4c
https://eln-voces.net/,ok,https://explorer.ooni.org/m/20260318072901.438191_KR_webconnectivity_9f8f3b24966e4894
https://europedatingonline.com/,dns,https://explorer.ooni.org/m/20260318072902.116459_KR_webconnectivity_ad912d12c0014501
https://forum.grasscity.com/,dns,https://explorer.ooni.org/m/20260318072903.474015_KR_webconnectivity_c9efcd7fad924af9
https://friendfinder.com/,dns,https://explorer.ooni.org/m/20260318072905.050533_KR_webconnectivity_0d333b71fcc39be0
https://godhatesfags.com/,dns,https://explorer.ooni.org/m/20260318072905.772241_KR_webconnectivity_a2e010a316461c31
https://heroin.org/,dns,https://explorer.ooni.org/m/20260318072906.529303_KR_webconnectivity_dcb34001dc13ab34
https://hightimes.com/,dns,https://explorer.ooni.org/m/20260318072908.072783_KR_webconnectivity_8335fab3a5723571
https://hitomi.la/,dns,https://explorer.ooni.org/m/20260318072909.129742_KR_webconnectivity_3ef25898a01d5072
http://hotgaylist.com/,dns,https://explorer.ooni.org/m/20260318072909.894817_KR_webconnectivity_08b070c170ee74c4
https://howtogrowmarijuana.com/,dns,https://explorer.ooni.org/m/20260318072911.279115_KR_webconnectivity_8412d303dee8e7a1
https://hustler.com/,dns,https://explorer.ooni.org/m/20260318072911.988759_KR_webconnectivity_ef7e099118793297
http://indianfriendfinder.com/,dns,https://explorer.ooni.org/m/20260318072913.781106_KR_webconnectivity_587610b56779cec0
https://kiwifarms.net/,dns,https://explorer.ooni.org/m/20260318072929.509869_KR_webconnectivity_a3c611b93d91d605
http://koreanfriendfinder.com/,dns,https://explorer.ooni.org/m/20260318072932.179177_KR_webconnectivity_4fc5df3f43d27b6a
http://makemodel.net/,ok,https://explorer.ooni.org/m/20260318072935.772123_KR_webconnectivity_97738158ab9381f4
https://maps.org/,ok,https://explorer.ooni.org/m/20260318072937.951954_KR_webconnectivity_779ca4d7d9fd0bae
http://mingky.org/,dns,https://explorer.ooni.org/m/20260318072938.718972_KR_webconnectivity_9c9acbc2c56abff1
http://ndfsk.dyndns.org/,ok,https://explorer.ooni.org/m/20260318072939.393868_KR_webconnectivity_be9105089aa1725f
http://ndfsk.dyndns.org/kuguk8/Title1.htm,ok,https://explorer.ooni.org/m/20260318072940.032114_KR_webconnectivity_7752f40094619c68
https://norml.org/,dns,https://explorer.ooni.org/m/20260318072943.130764_KR_webconnectivity_72a2e9e40c057e98
https://nsdapao.info/,dns,https://explorer.ooni.org/m/20260318072958.824912_KR_webconnectivity_b7ed34a02fc4c771
http://onlybingo.com/,dns,https://explorer.ooni.org/m/20260318073014.672351_KR_webconnectivity_281c95f0c163fe5a
https://onlyfans.com/,dns,https://explorer.ooni.org/m/20260318073015.395197_KR_webconnectivity_9d5a8800227ccf38
https://panties.com/,dns,https://explorer.ooni.org/m/20260318073016.351831_KR_webconnectivity_dabb17dbc4913aad
http://sexkorea.net/,dns,https://explorer.ooni.org/m/20260318073021.662721_KR_webconnectivity_020836c46f62f1ec
http://thaigirls.net/,dns,https://explorer.ooni.org/m/20260318073023.260214_KR_webconnectivity_59c2a242bc1883ec
https://trashy.com/,dns,https://explorer.ooni.org/m/20260318073025.256603_KR_webconnectivity_098f7d29516dbe3f
https://uk.match.com/,dns,https://explorer.ooni.org/m/20260318073025.988487_KR_webconnectivity_01edba02302b342c
http://user.chollian.net/,dns,https://explorer.ooni.org/m/20260318073029.702860_KR_webconnectivity_7a1d5fc7d0ee1d4e
http://user.chollian.net/~yesooj/mincho/deama.htm,dns,https://explorer.ooni.org/m/20260318073033.211112_KR_webconnectivity_8faf9763449f8bdf
http://via89.kr/,ok,https://explorer.ooni.org/m/20260318073035.208120_KR_webconnectivity_61badf298ed244d5
http://video.fc2.com/ko/a/,dns,https://explorer.ooni.org/m/20260318073037.335617_KR_webconnectivity_4fdcb307d79071e5
https://weedmaps.com/,dns,https://explorer.ooni.org/m/20260318073038.341616_KR_webconnectivity_a114f14e8df48893
https://worldsingles.com/,dns,https://explorer.ooni.org/m/20260318073039.127134_KR_webconnectivity_26854c2ebb34bad2
https://www.3wishes.com/,dns,https://explorer.ooni.org/m/20260318073039.918565_KR_webconnectivity_816f8e7b21ffa7c7
http://www.4online-gambling.com/,dns,https://explorer.ooni.org/m/20260318073041.032790_KR_webconnectivity_45d87bcd5faac90f
http://www.888casino.com/,dns,https://explorer.ooni.org/m/20260318073042.561880_KR_webconnectivity_32bea9427888334e
http://www.abcunderwear.com/,dns,https://explorer.ooni.org/m/20260318073043.572199_KR_webconnectivity_7529a4c8a4cd9665
http://www.absinth.com/,ok,https://explorer.ooni.org/m/20260318073045.686159_KR_webconnectivity_51562d22f19c8bec
http://www.absolut.com/,ok,https://explorer.ooni.org/m/20260318073046.607364_KR_webconnectivity_68670a32a3e3a042
https://www.agentprovocateur.com/,dns,https://explorer.ooni.org/m/20260318073047.356351_KR_webconnectivity_a7842110d7313432
https://www.americannaziparty.com/,ok,https://explorer.ooni.org/m/20260318073049.680778_KR_webconnectivity_5936f49618746d86
https://www.ariannelingerie.com/,dns,https://explorer.ooni.org/m/20260318073050.841527_KR_webconnectivity_364a4ce4038b08ed
https://www.ashleymadison.com/,dns,https://explorer.ooni.org/m/20260318073051.603719_KR_webconnectivity_2cad54a703647aaf
http://www.asiabynight.com/,dns,https://explorer.ooni.org/m/20260318073107.316895_KR_webconnectivity_93d78f9e1ac5eeda
https://www.bacardi.com/,ok,https://explorer.ooni.org/m/20260318073110.028942_KR_webconnectivity_7a4cbe8313b312a4
http://www.barmeister.com/,ok,https://explorer.ooni.org/m/20260318073110.950600_KR_webconnectivity_50f1b42619a94d86
https://www.bat.com/,ok,https://explorer.ooni.org/m/20260318073115.635146_KR_webconnectivity_5c11c856ad3a3d83
http://www.beer.com/,ok,https://explorer.ooni.org/m/20260318073120.857725_KR_webconnectivity_9827a481ace6ccb5
https://www.beerinfo.com/,ok,https://explorer.ooni.org/m/20260318073127.651637_KR_webconnectivity_3a970196d8208a2e
http://www.betfair.com/,dns,https://explorer.ooni.org/m/20260318073128.405066_KR_webconnectivity_2d478d5a0c1cba4e
http://www.bglad.com/,dns,https://explorer.ooni.org/m/20260318073131.249338_KR_webconnectivity_6fb197bf7ab3c1ab
http://www.blackjackinfo.com/,dns,https://explorer.ooni.org/m/20260318073132.971716_KR_webconnectivity_9dc4ab10f39af824
https://www.blueskyswimwear.com/,dns,https://explorer.ooni.org/m/20260318073133.910638_KR_webconnectivity_7bbc2c38959199d5
http://www.budweiser.com/,ok,https://explorer.ooni.org/m/20260318073139.061089_KR_webconnectivity_5ac38d1af4266560
https://www.bravoporn.com/,dns,https://explorer.ooni.org/m/20260318073134.641755_KR_webconnectivity_8959a9df11507f23
https://www.buydutchseeds.com/,dns,https://explorer.ooni.org/m/20260318073139.962028_KR_webconnectivity_faf29c02f0a55bd1
https://www.cannaweed.com/,dns,https://explorer.ooni.org/m/20260318073140.712709_KR_webconnectivity_50a7a35c3c54728d
https://www.casino.com/,dns,https://explorer.ooni.org/m/20260318073141.523444_KR_webconnectivity_5ecfead2b5a31cd8
http://www.casinotropez.com/,dns,https://explorer.ooni.org/m/20260318073142.338992_KR_webconnectivity_27f40e1e0c0e8640
http://www.chantelle.com/,dns,https://explorer.ooni.org/m/20260318073143.136237_KR_webconnectivity_e45e83f1d680f4ef
https://www.churchofeuthanasia.org/,dns,https://explorer.ooni.org/m/20260318073144.486714_KR_webconnectivity_5c566e12f4eb6f57
http://www.columbus25.com/,ok,https://explorer.ooni.org/m/20260318073145.266879_KR_webconnectivity_8e0982ffb89aff4f
http://www.coquette.com/,dns,https://explorer.ooni.org/m/20260318073146.305026_KR_webconnectivity_88fecb9f89797ff8
http://www.date.com/,dns,https://explorer.ooni.org/m/20260318073148.359802_KR_webconnectivity_bcf15d9bb86f915e
https://www.dating.com/,dns,https://explorer.ooni.org/m/20260318073149.295507_KR_webconnectivity_b4291aa25f8e657d
http://www.dekaron.co.kr/,dns,https://explorer.ooni.org/m/20260318073152.754412_KR_webconnectivity_9f0c87a62313b633
http://www.delicates.co.uk/,ok,https://explorer.ooni.org/m/20260318073158.348809_KR_webconnectivity_3c03678d17747c2a
https://www.dextroverse.org/,ok,https://explorer.ooni.org/m/20260318073234.998981_KR_webconnectivity_a98ed8da5c55fb13
https://www.drugsdata.org/,dns,https://explorer.ooni.org/m/20260318073241.498339_KR_webconnectivity_3b56c01dcde0ab3b
http://www.drugsense.org/,ok,https://explorer.ooni.org/m/20260318073247.089895_KR_webconnectivity_135774856dc995b7
http://www.dsnet.co.kr/,ok,https://explorer.ooni.org/m/20260318073303.221125_KR_webconnectivity_072ec3f11e99b2fd
https://www.eharmony.com/,dns,https://explorer.ooni.org/m/20260318073304.527524_KR_webconnectivity_498bac74d307bfd2
https://www.erowid.org/,tcp_ip,https://explorer.ooni.org/m/20260318073346.164114_KR_webconnectivity_86c0ff82ade03bb3
http://www.forbiddenasian.com/,dns,https://explorer.ooni.org/m/20260318073348.490318_KR_webconnectivity_3f6c8eb35c1db7f3
http://www.freshpair.com/,dns,https://explorer.ooni.org/m/20260318073349.486770_KR_webconnectivity_ab67bda2f65dc537
http://www.fuckingfreemovies.com/,dns,https://explorer.ooni.org/m/20260318073351.176434_KR_webconnectivity_9292b758ca2e5d62
https://www.gambling.com/,dns,https://explorer.ooni.org/m/20260318073352.144997_KR_webconnectivity_343f2f0538313a25
http://www.gamemeca.com/,dns,https://explorer.ooni.org/m/20260318073354.882114_KR_webconnectivity_fd7b60421b22f7fe
http://www.gamespot.co.kr/,dns,https://explorer.ooni.org/m/20260318073357.797907_KR_webconnectivity_ba4b73bf636c544e
http://www.gayapatal.com/,dns,https://explorer.ooni.org/m/20260318073402.708464_KR_webconnectivity_fa39b7647a37c48b
http://www.globalfire.tv/,ok,https://explorer.ooni.org/m/20260318073406.354474_KR_webconnectivity_b9ddeeac767037f4
https://www.goldenpalace.com/,dns,https://explorer.ooni.org/m/20260318073407.614046_KR_webconnectivity_e51433cf66f64b0d
http://www.goldenrivieracasino.com/,dns,https://explorer.ooni.org/m/20260318073408.802702_KR_webconnectivity_24173db881d36445
http://www.gotgayporn.com/,dns,https://explorer.ooni.org/m/20260318073415.441132_KR_webconnectivity_6a74b1316f4edb2e
http://www.hanes.com/,ok,https://explorer.ooni.org/m/20260318073416.875825_KR_webconnectivity_0d40c062270da611
http://www.hiliq.net/,ok,https://explorer.ooni.org/m/20260318073424.098026_KR_webconnectivity_c155b4c22027247f
https://www.happn.com/,dns,https://explorer.ooni.org/m/20260318073417.583998_KR_webconnectivity_56c1b2412b49d44f
http://www.i-um.com/,dns,https://explorer.ooni.org/m/20260318073425.941488_KR_webconnectivity_a592c7824c502299
http://www.ilbe.com/,dns,https://explorer.ooni.org/m/20260318073428.304166_KR_webconnectivity_a062f57089046aaf
http://www.indianporngirls.com/,dns,https://explorer.ooni.org/m/20260318073431.168032_KR_webconnectivity_26b31cd1874bb5d2
https://www.ipair.com/,dns,https://explorer.ooni.org/m/20260318073432.410099_KR_webconnectivity_527ee99f0e095e10
http://www.jackdaniels.com/,ok,https://explorer.ooni.org/m/20260318073434.636713_KR_webconnectivity_6f1c3ff9048766b6
https://www.jackpotcitycasino1.com/,dns,https://explorer.ooni.org/m/20260318073437.354792_KR_webconnectivity_d301ab52a50a5594
https://www.jdate.com/,dns,https://explorer.ooni.org/m/20260318073438.153318_KR_webconnectivity_7a96415f59ff0bac
http://www.joyhunting.com/,dns,https://explorer.ooni.org/m/20260318073453.851256_KR_webconnectivity_d134c5b04a5a42e2
http://www.jupae.com/,ok,https://explorer.ooni.org/m/20260318073510.736723_KR_webconnectivity_af4aecc20330c0fb
http://www.koreancupid.com/,dns,https://explorer.ooni.org/m/20260318073511.601465_KR_webconnectivity_c659ae1083654e81
http://www.lasenza.com/,dns,https://explorer.ooni.org/m/20260318073512.745548_KR_webconnectivity_4433cb6293aa656d
http://www.lesbiansubmission.com/,dns,https://explorer.ooni.org/m/20260318073518.417907_KR_webconnectivity_b4a736386750d726
http://www.lineage.co.kr/,dns,https://explorer.ooni.org/m/20260318073522.173340_KR_webconnectivity_7879ff6409d8afa7
https://www.lovoo.com/,dns,https://explorer.ooni.org/m/20260318073528.030978_KR_webconnectivity_4cc56132ea4baf82
http://www.luckynugget.com/,dns,https://explorer.ooni.org/m/20260318073530.399230_KR_webconnectivity_64e9022616ea9430
http://www.marijuanatravels.com/,dns,https://explorer.ooni.org/m/20260318073546.110928_KR_webconnectivity_639027f02e189553
http://www.mgame.com/,dns,https://explorer.ooni.org/m/20260318073548.681039_KR_webconnectivity_b93f6571ba325660
https://www.match.com/,dns,https://explorer.ooni.org/m/20260318073546.842819_KR_webconnectivity_9afcf85aef07b883
http://www.moderndrunkardmagazine.com/,ok,https://explorer.ooni.org/m/20260318073606.122769_KR_webconnectivity_522d46b5f2958dd4
http://www.monacogoldcasino.com/,dns,https://explorer.ooni.org/m/20260318073607.031747_KR_webconnectivity_6096339e8a2d1cfa
http://www.mrchewsasianbeaver.com/,dns,https://explorer.ooni.org/m/20260318073609.467807_KR_webconnectivity_17a224b211039b4a
http://www.neonjoint.com/,dns,https://explorer.ooni.org/m/20260318073610.712911_KR_webconnectivity_089bb4e31874052c
https://www.okcupid.com/,dns,https://explorer.ooni.org/m/20260318073614.474928_KR_webconnectivity_da09a61b021701cb
http://www.online-dating.org/,dns,https://explorer.ooni.org/m/20260318073615.353797_KR_webconnectivity_5c6b644183a5e94f
https://www.onlinegambling.com/,dns,https://explorer.ooni.org/m/20260318073619.604221_KR_webconnectivity_85a37e21a876fbf8
http://www.originalelf.com/,error,https://explorer.ooni.org/m/20260318073623.479895_KR_webconnectivity_6190244ce6dd97fe
http://www.partypoker.com/,dns,https://explorer.ooni.org/m/20260318073624.168038_KR_webconnectivity_d8a30517cd14a339
https://www.partypoker.net/,dns,https://explorer.ooni.org/m/20260318073625.192776_KR_webconnectivity_f6577e4dbc815e71
https://www.playboy.com/,dns,https://explorer.ooni.org/m/20260318073626.428635_KR_webconnectivity_ea7912f420fee852
https://www.pmi.com/,ok,https://explorer.ooni.org/m/20260318073630.686953_KR_webconnectivity_62a42abc69e41602
http://www.pof.com/,dns,https://explorer.ooni.org/m/20260318073631.628757_KR_webconnectivity_e2bb15e91724cc5f
http://www.poker.com/,dns,https://explorer.ooni.org/m/20260318073632.472870_KR_webconnectivity_1b1b39c6872ca58a
http://www.pokerstars.com/,dns,https://explorer.ooni.org/m/20260318073633.482538_KR_webconnectivity_0d3084a653d220b9
https://www.pornhub.com/,dns,https://explorer.ooni.org/m/20260318073634.531972_KR_webconnectivity_f43a64bb257e0c8d
http://www.ranking.co.kr/,dns,https://explorer.ooni.org/m/20260318073653.236999_KR_webconnectivity_3cf7dd62016ee731
http://www.realbeer.com/,ok,https://explorer.ooni.org/m/20260318073654.531149_KR_webconnectivity_74784e3f2632d74e
http://www.ricefever.com/,dns,https://explorer.ooni.org/m/20260318073655.267995_KR_webconnectivity_32380d40b40226df
http://www.riverbelle.com/,dns,https://explorer.ooni.org/m/20260318073656.721668_KR_webconnectivity_ebc1b9aa8afab140
http://www.rollitup.org/,dns,https://explorer.ooni.org/m/20260318073657.488219_KR_webconnectivity_20ecbc47cbb17005
http://www.royalvegas-casino-kr.com/,dns,https://explorer.ooni.org/m/20260318073700.041051_KR_webconnectivity_f828b6cd3e933b01
http://www.royalvegas.com/,dns,https://explorer.ooni.org/m/20260318073701.344236_KR_webconnectivity_7ba2e25919e77a02
http://www.rxmarijuana.com/,dns,https://explorer.ooni.org/m/20260318073702.866466_KR_webconnectivity_898ae3beb65a9ff8
http://www.satp.org/,ok,https://explorer.ooni.org/m/20260318073708.290428_KR_webconnectivity_9a3ff546aac5c430
http://www.sex.com/,dns,https://explorer.ooni.org/m/20260318073710.107051_KR_webconnectivity_faf6dfa989449a71
http://www.slotland.com/,dns,https://explorer.ooni.org/m/20260318073711.965150_KR_webconnectivity_e41305eec29321c5
https://www.shroomery.org/,dns,https://explorer.ooni.org/m/20260318073710.838819_KR_webconnectivity_8b40b790c408d610
http://www.soramall.kr/,dns,https://explorer.ooni.org/m/20260318073727.943661_KR_webconnectivity_c48ac00b55ebb592
http://www.speeddater.co.uk/,ok,https://explorer.ooni.org/m/20260318073731.816189_KR_webconnectivity_2968f11382872667
https://www.spark.com/,dns,https://explorer.ooni.org/m/20260318073728.755846_KR_webconnectivity_a7ad38417eea32a7
http://www.spinpalace.com/,dns,https://explorer.ooni.org/m/20260318073737.284705_KR_webconnectivity_32d83190f881aafb
http://www.sportingbet.com/,dns,https://explorer.ooni.org/m/20260318073738.502348_KR_webconnectivity_609a168c7d772db5
http://www.sportsinteraction.com/,dns,https://explorer.ooni.org/m/20260318073739.226181_KR_webconnectivity_1eede471630a7b12
http://www.taima.org/,dns,https://explorer.ooni.org/m/20260318073741.386804_KR_webconnectivity_6308a06492362170
http://www.thegooddrugsguide.com/,dns,https://explorer.ooni.org/m/20260318073742.257465_KR_webconnectivity_2337fcd046ee734c
http://www.tobacco.org/,ok,https://explorer.ooni.org/m/20260318073743.738198_KR_webconnectivity_b0e899a13dd52c4b
http://www.topdrawers.com/,dns,https://explorer.ooni.org/m/20260318073745.313098_KR_webconnectivity_46cc71d9b6442728
http://www.vanguardnewsnetwork.com/,ok,https://explorer.ooni.org/m/20260318073750.701582_KR_webconnectivity_7166976c023e7010
http://www.venus.com/,dns,https://explorer.ooni.org/m/20260318073751.557214_KR_webconnectivity_464bd2dfc13cc979
https://www.victoriassecret.com/,dns,https://explorer.ooni.org/m/20260318073752.678383_KR_webconnectivity_415774a5cae91a36
http://www.wegames.net/,dns,https://explorer.ooni.org/m/20260318073754.334513_KR_webconnectivity_786659411a23ce6e
http://www.winespectator.com/,ok,https://explorer.ooni.org/m/20260318073801.115233_KR_webconnectivity_28a2be6f2fe3e71e
https://www.xnxx.com/,dns,https://explorer.ooni.org/m/20260318073802.015191_KR_webconnectivity_ee45a3cec68ecb98
http://www.xvideos.com/,dns,https://explorer.ooni.org/m/20260318073803.226200_KR_webconnectivity_a9dc749eb6c3c649
https://www.xvideos.com/,dns,https://explorer.ooni.org/m/20260318073805.422503_KR_webconnectivity_d6fcded3d1bf04ca
https://www.youporn.com/,dns,https://explorer.ooni.org/m/20260318073807.550320_KR_webconnectivity_4d750a04c148f54d
https://xhamster.com/,dns,https://explorer.ooni.org/m/20260318073808.666460_KR_webconnectivity_b068864e07cba05b
http://ywoos.com/,dns,https://explorer.ooni.org/m/20260318073824.422901_KR_webconnectivity_bc67966bb0a8a319
https://1.0.0.1/dns-query?dns=q80BAAABAAAAAAAAA3d3dwdleGFtcGxlA2NvbQAAAQAB,ok,https://explorer.ooni.org/m/20260318073825.094455_KR_webconnectivity_76488aa6da08544e
https://1.0.0.3/dns-query?dns=q80BAAABAAAAAAAAA3d3dwdleGFtcGxlA2NvbQAAAQAB,ok,https://explorer.ooni.org/m/20260318073825.801548_KR_webconnectivity_93e2e78a8fab4519
https://1.1.1.1/dns-query?dns=q80BAAABAAAAAAAAA3d3dwdleGFtcGxlA2NvbQAAAQAB,tcp_ip,https://explorer.ooni.org/m/20260318073856.424748_KR_webconnectivity_d0ac530fec0fdc54
https://1.1.1.3/dns-query?dns=q80BAAABAAAAAAAAA3d3dwdleGFtcGxlA2NvbQAAAQAB,tcp_ip,https://explorer.ooni.org/m/20260318073927.067735_KR_webconnectivity_9a4a8465d068dae2
https://149.112.112.9/dns-query?dns=q80BAAABAAAAAAAAA3d3dwdleGFtcGxlA2NvbQAAAQAB,ok,https://explorer.ooni.org/m/20260318073928.355551_KR_webconnectivity_a5bc9346d65f4bd0
https://350.org/,ok,https://explorer.ooni.org/m/20260318073931.163267_KR_webconnectivity_27e8e9c1f1c5889d
https://8.8.4.4/dns-query?dns=q80BAAABAAAAAAAAA3d3dwdleGFtcGxlA2NvbQAAAQAB,ok,https://explorer.ooni.org/m/20260318073932.235061_KR_webconnectivity_a02d065cb8782af7
https://8.8.8.8/dns-query?dns=q80BAAABAAAAAAAAA3d3dwdleGFtcGxlA2NvbQAAAQAB,ok,https://explorer.ooni.org/m/20260318073933.260421_KR_webconnectivity_037620044ee224ec
https://8kun.top/,dns,https://explorer.ooni.org/m/20260318073936.218170_KR_webconnectivity_293d22030607ec7f
https://9.9.9.9/dns-query?dns=q80BAAABAAAAAAAAA3d3dwdleGFtcGxlA2NvbQAAAQAB,tcp_ip,https://explorer.ooni.org/m/20260318073939.000731_KR_webconnectivity_82a672c8b8252b21
https://abortion-korea.org/,http-failure,https://explorer.ooni.org/m/20260318073947.202782_KR_webconnectivity_d69586075fa54136
https://abortion.eu/,dns,https://explorer.ooni.org/m/20260318073949.066040_KR_webconnectivity_ac005d74e9d52ab0
https://abortion.kr/,dns,https://explorer.ooni.org/m/20260318073951.834616_KR_webconnectivity_9d357de95073454f
https://abortionfunds.org/,dns,https://explorer.ooni.org/m/20260318073954.050639_KR_webconnectivity_968a6e59087236bb
https://abortionnetwork.amsterdam/,dns,https://explorer.ooni.org/m/20260318073956.848948_KR_webconnectivity_e86571f2d68d1cbf
https://abortionpillinfo.org/,ok,https://explorer.ooni.org/m/20260318074001.192195_KR_webconnectivity_c1daada1641876fa
https://aidaccess.org/,dns,https://explorer.ooni.org/m/20260318074002.111149_KR_webconnectivity_163ae8acd24eca90
https://ajax.aspnetcdn.com/ajax/4.5.2/1/MicrosoftAjax.js,ok,https://explorer.ooni.org/m/20260318074005.007051_KR_webconnectivity_187910c1bb330774
https://amp.cloudflare.com/v0/amp-iframe-0.1.js,ok,https://explorer.ooni.org/m/20260318074005.869156_KR_webconnectivity_1487736056a833ac
https://android.apis.google.com/robots.txt,ok,https://explorer.ooni.org/m/20260318074007.737229_KR_webconnectivity_daabf372fee1cbf2
https://android.googleapis.com/robots.txt,ok,https://explorer.ooni.org/m/20260318074009.382008_KR_webconnectivity_e328f786503216b6
https://api.github.com/,ok,https://explorer.ooni.org/m/20260318074011.283257_KR_webconnectivity_9310b4ce6d68d415
https://apps.apple.com/us/developer/apple/id284417353/,ok,https://explorer.ooni.org/m/20260318074015.163295_KR_webconnectivity_b4e62fd621867541
https://archive.is/,ok,https://explorer.ooni.org/m/20260318074018.045162_KR_webconnectivity_2454843c9f01be6f
https://archive.org/,ok,https://explorer.ooni.org/m/20260318074020.031314_KR_webconnectivity_9c57e3d692b2f609
http://bestiz.net/,ok,https://explorer.ooni.org/m/20260318074028.731376_KR_webconnectivity_33ce8c7da42cf9e1
https://assets.gitlab-static.net/robots.txt,ok,https://explorer.ooni.org/m/20260318074020.660588_KR_webconnectivity_d9001200bbd19bff
https://bit.ly/,http-failure,https://explorer.ooni.org/m/20260318074030.136356_KR_webconnectivity_237a79f521b852e8
https://bitbucket.org/,dns,https://explorer.ooni.org/m/20260318074031.102409_KR_webconnectivity_d5fdc4e4cf6d50de
https://bitly.com/,dns,https://explorer.ooni.org/m/20260318074031.895817_KR_webconnectivity_bf61831f0a6ad38b
http://blog.naver.com/,ok,https://explorer.ooni.org/m/20260318074034.881322_KR_webconnectivity_b90f3c0e26471f09
http://cafe.daum.net/Kgreens,ok,https://explorer.ooni.org/m/20260318074038.026113_KR_webconnectivity_fad3ec25a32d9970
http://cafe.daum.net/chiwoo/,ok,https://explorer.ooni.org/m/20260318074040.339158_KR_webconnectivity_8d2f23403e66d5ce
http://cafe.daum.net/ok1221,ok,https://explorer.ooni.org/m/20260318074042.994969_KR_webconnectivity_954e8d226bd82abe
http://cafe.daum.net/ssaumjil,ok,https://explorer.ooni.org/m/20260318074045.470473_KR_webconnectivity_c3e286409713aaf4
http://cafe.daum.net/subdued20club/,ok,https://explorer.ooni.org/m/20260318074048.023034_KR_webconnectivity_49986ddc4c0121d8
http://cafe.daum.net/truepicture/,ok,https://explorer.ooni.org/m/20260318074050.396285_KR_webconnectivity_5212e0ab4a2e1488
http://cafe.naver.com/imsanbu,ok,https://explorer.ooni.org/m/20260318074055.841790_KR_webconnectivity_6686db85241dbb45
https://cdn-client.medium.com/lite/static/js/manifest.ef5f44d2.js,ok,https://explorer.ooni.org/m/20260318074057.057459_KR_webconnectivity_fdc4896785abff83
https://cdn.ampproject.org/v0/amp-iframe-0.1.js,ok,https://explorer.ooni.org/m/20260318074059.629479_KR_webconnectivity_4b543e82f42d3d07
https://cdn.jsdelivr.net/favicon.ico,ok,https://explorer.ooni.org/m/20260318074100.720612_KR_webconnectivity_a5e5266981375c59
https://cdn.sstatic.net/Img/home/open-source.svg,ok,https://explorer.ooni.org/m/20260318074101.742482_KR_webconnectivity_7a54020509d1325d
https://cdnjs.cloudflare.com/,ok,https://explorer.ooni.org/m/20260318074102.825339_KR_webconnectivity_f97dbd275256b3c6
https://churchofgodinchristmennonite.net/,ok,https://explorer.ooni.org/m/20260318074104.712267_KR_webconnectivity_e7edff1857606d3a
https://cites.org/,ok,https://explorer.ooni.org/m/20260318074105.792373_KR_webconnectivity_50f4d9248b9a1000
https://citizensclimatelobby.org/,ok,https://explorer.ooni.org/m/20260318074108.354903_KR_webconnectivity_3b7088d8244ca941
http://cloud.naver.com/,ok,https://explorer.ooni.org/m/20260318074112.544255_KR_webconnectivity_f8999e7c80ce9889
https://cloudflare-dns.com/dns-query?dns=q80BAAABAAAAAAAAA3d3dwdleGFtcGxlA2NvbQAAAQAB,tcp_ip,https://explorer.ooni.org/m/20260318074113.200681_KR_webconnectivity_0e076d7c10fd6a7a
https://cloudflare-ech.com/,ok,https://explorer.ooni.org/m/20260318074115.949604_KR_webconnectivity_15c4b83d64d7d82e
http://clparty.kr/,error,https://explorer.ooni.org/m/20260318074132.576329_KR_webconnectivity_9d34dedf4866dd36
https://code.jquery.com/,ok,https://explorer.ooni.org/m/20260318074135.585093_KR_webconnectivity_c46023389f168d39
https://codeberg.org/,ok,https://explorer.ooni.org/m/20260318074138.294471_KR_webconnectivity_4f33b0e9430e0e17
https://codeload.github.com/github/rally/tar.gz/v1.0.1,ok,https://explorer.ooni.org/m/20260318074141.023200_KR_webconnectivity_cc62c64492d40872
http://cyworld.nate.com/,ok,https://explorer.ooni.org/m/20260318074145.171823_KR_webconnectivity_2b88d067c9b0db06
https://data.worldbank.org/topic/environment,ok,https://explorer.ooni.org/m/20260318074147.366273_KR_webconnectivity_9ce3b0a128ac7ba5
http://debate.org.uk/,ok,https://explorer.ooni.org/m/20260318074151.094646_KR_webconnectivity_60c95b86898ef0ae
https://dharmanet.org/,ok,https://explorer.ooni.org/m/20260318074154.911560_KR_webconnectivity_865fdd6e5c5ae863
https://digital.globalclimatestrike.net/,ok,https://explorer.ooni.org/m/20260318074157.306179_KR_webconnectivity_336ab46300c79ea3
https://dl.bintray.com/jfrog/xray/,ok,https://explorer.ooni.org/m/20260318074201.568670_KR_webconnectivity_944b25f77c512c66
https://dl.google.com/robots.txt,ok,https://explorer.ooni.org/m/20260318074203.778886_KR_webconnectivity_0f504bb72753ed5d
https://dlive.tv/,dns,https://explorer.ooni.org/m/20260318074204.724379_KR_webconnectivity_3a6f7c6fd871546b
https://dns.adguard.com/dns-query?dns=q80BAAABAAAAAAAAA3d3dwdleGFtcGxlA2NvbQAAAQAB,tcp_ip,https://explorer.ooni.org/m/20260318074205.397085_KR_webconnectivity_7fd93027e4d6bd52
https://dns.google/,ok,https://explorer.ooni.org/m/20260318074206.743863_KR_webconnectivity_9e0fbb50b68f8120
https://dns.quad9.net/dns-query?dns=q80BAAABAAAAAAAAA3d3dwdleGFtcGxlA2NvbQAAAQAB,tcp_ip,https://explorer.ooni.org/m/20260318074207.598734_KR_webconnectivity_dd5cfdc82c407276
https://docs.github.com/,ok,https://explorer.ooni.org/m/20260318074209.400458_KR_webconnectivity_ebd0b9dd6345b08b
https://doh-fi.blahdns.com/dns-query?dns=q80BAAABAAAAAAAAA3d3dwdleGFtcGxlA2NvbQAAAQAB,dns,https://explorer.ooni.org/m/20260318074210.085227_KR_webconnectivity_893b60a588a14649
https://doh.centraleu.pi-dns.com/dns-query?dns=q80BAAABAAAAAAAAA3d3dwdleGFtcGxlA2NvbQAAAQAB,dns,https://explorer.ooni.org/m/20260318074210.759155_KR_webconnectivity_7eeff57bacdb87c9
https://doh.dns.sb/dns-query?dns=q80BAAABAAAAAAAAA3d3dwdleGFtcGxlA2NvbQAAAQAB,dns,https://explorer.ooni.org/m/20260318074226.569759_KR_webconnectivity_9af0a69f2455642c
https://doh.opendns.com/dns-query?dns=q80BAAABAAAAAAAAA3d3dwdleGFtcGxlA2NvbQAAAQAB,tcp_ip,https://explorer.ooni.org/m/20260318074227.285437_KR_webconnectivity_be8632a094344c18
https://download-installer.cdn.mozilla.net/,ok,https://explorer.ooni.org/m/20260318074228.886766_KR_webconnectivity_c045e67784eb3784
https://dzen.ru/,dns,https://explorer.ooni.org/m/20260318074230.071950_KR_webconnectivity_30ab9c7052dc9e26
https://earthobservatory.nasa.gov/global-maps,ok,https://explorer.ooni.org/m/20260318074232.555005_KR_webconnectivity_0e9d8e29659f5fc5
https://earthwatch.org/,ok,https://explorer.ooni.org/m/20260318074233.934957_KR_webconnectivity_c50cdacb24c83e93
https://emchurch.org/,ok,https://explorer.ooni.org/m/20260318074236.619328_KR_webconnectivity_a2c784a17ba1cf64
https://espivblogs.net/,ok,https://explorer.ooni.org/m/20260318074242.537198_KR_webconnectivity_368cf7cf7d7da9dd
https://family.cloudflare-dns.com/dns-query?dns=q80BAAABAAAAAAAAA3d3dwdleGFtcGxlA2NvbQAAAQAB,dns,https://explorer.ooni.org/m/20260318074243.247543_KR_webconnectivity_3a5a7838e78852bf
https://fcm.googleapis.com/$discovery/rest?version=v1,ok,https://explorer.ooni.org/m/20260318074245.355856_KR_webconnectivity_de057297411971f9
https://findmymethod.org/,dns,https://explorer.ooni.org/m/20260318074246.065193_KR_webconnectivity_86ae58202e58d2e7
https://firebaseinstallations.googleapis.com/robots.txt,ok,https://explorer.ooni.org/m/20260318074249.474056_KR_webconnectivity_d8bb4034def5e7b3
https://fosfeminista.org/,ok,https://explorer.ooni.org/m/20260318074251.488551_KR_webconnectivity_35dbc4011f87637e
https://freedns.afraid.org/,dns,https://explorer.ooni.org/m/20260318074252.952963_KR_webconnectivity_500f0f4242014fe7
https://fridaysforfuture.org/,ok,https://explorer.ooni.org/m/20260318074258.028922_KR_webconnectivity_1e12665efb06ebe5
https://friendsoftheearth.uk/,ok,https://explorer.ooni.org/m/20260318074304.418826_KR_webconnectivity_aa1e9063aaffffde
https://frontlineaids.org/,ok,https://explorer.ooni.org/m/20260318074311.684129_KR_webconnectivity_23676ff004ce5880
https://gaggaalliance.org/,ok,https://explorer.ooni.org/m/20260318074315.241734_KR_webconnectivity_c6011bd246db3649
http://gall.dcinside.com/,ok,https://explorer.ooni.org/m/20260318074322.906800_KR_webconnectivity_eaa19e202840151d
http://gesomoon.com/Ver2/,ok,https://explorer.ooni.org/m/20260318074325.273728_KR_webconnectivity_1e101231c326a97b
https://ghost.org/,ok,https://explorer.ooni.org/m/20260318074328.389991_KR_webconnectivity_557f76517943b07f
https://gist.github.com/,ok,https://explorer.ooni.org/m/20260318074331.455327_KR_webconnectivity_44bd2e8e0224a1fc
https://git.io/,dns,https://explorer.ooni.org/m/20260318074332.572687_KR_webconnectivity_105aee67adf8b5ec
https://github.com/,ok,https://explorer.ooni.org/m/20260318074334.817601_KR_webconnectivity_414cd55275543e04
https://github.com/twbs/bootstrap/releases/download/v4.5.3/bootstrap-4.5.3-examples.zip,ok,https://explorer.ooni.org/m/20260318074337.657624_KR_webconnectivity_3d00adf814ed6a8d
https://github.githubassets.com/images/modules/open_graph/github-logo.png,ok,https://explorer.ooni.org/m/20260318074338.820200_KR_webconnectivity_74486db40b412177
https://gitlab.com/,dns,https://explorer.ooni.org/m/20260318074339.919602_KR_webconnectivity_7126d8baf31a3eb5
https://globalconservation.org/,ok,https://explorer.ooni.org/m/20260318074343.231152_KR_webconnectivity_44878be8512ff5b2
https://goaskalice.columbia.edu/,ok,https://explorer.ooni.org/m/20260318074345.687189_KR_webconnectivity_684c56227e41fd24
https://greenhost.net/,ok,https://explorer.ooni.org/m/20260318074349.239513_KR_webconnectivity_c63e17fe5371b5dc
https://i.ytimg.com/vi/JBRf3nEqfZ8/hq720.jpg,ok,https://explorer.ooni.org/m/20260318074352.634622_KR_webconnectivity_6fe135e0ced03697
https://iarf.net/,ok,https://explorer.ooni.org/m/20260318074356.539176_KR_webconnectivity_14d42bc2628b0033
https://impactlab.org/,ok,https://explorer.ooni.org/m/20260318074401.996031_KR_webconnectivity_4b7775d8c681b830
https://isaalmasih.net/,ok,https://explorer.ooni.org/m/20260318074404.609341_KR_webconnectivity_0b19a75851dd3acd
https://islamic-relief.org/,ok,https://explorer.ooni.org/m/20260318074407.848727_KR_webconnectivity_a4e6ccab758a0ae0
https://islamonline.net/,ok,https://explorer.ooni.org/m/20260318074411.940071_KR_webconnectivity_a5058e82b8a87dea
https://jainworld.com/,ok,https://explorer.ooni.org/m/20260318074415.077637_KR_webconnectivity_67ad753d3d0b4b13
https://joturl.com/,ok,https://explorer.ooni.org/m/20260318074419.190687_KR_webconnectivity_37f61ea08c36314b
https://krishna.com/,ok,https://explorer.ooni.org/m/20260318074423.950580_KR_webconnectivity_053b99463c8f3068
https://letsencrypt.org/,ok,https://explorer.ooni.org/m/20260318074426.581730_KR_webconnectivity_3c65ff7b7f2eb2d7
https://lh3.ggpht.com/_mm3cDcdhxkc/SzkPLt_zDUI/AAAAAAAAAZM/UplZlTSCVQc/s800/DSC_5305.jpg,ok,https://explorer.ooni.org/m/20260318074434.477458_KR_webconnectivity_8d48bb466de90a63
https://lh3.googleusercontent.com/favicon.ico,ok,https://explorer.ooni.org/m/20260318074436.729658_KR_webconnectivity_f66b60788cbc150e
https://lh4.ggpht.com/_PvLDsC2pRvk/ShwiscZujVI/AAAAAAAAFIQ/4q-TYiQ13-k/s512/DSC01330.jpg,ok,https://explorer.ooni.org/m/20260318074440.128457_KR_webconnectivity_357b0d1a5fdbf637
https://media0.giphy.com/robots.txt,ok,https://explorer.ooni.org/m/20260318074441.595509_KR_webconnectivity_0ac0c20a5530a16d
https://media3.giphy.com/robots.txt,ok,https://explorer.ooni.org/m/20260318074443.048419_KR_webconnectivity_5c4a3929c3286a4d
https://medium.com/,ok,https://explorer.ooni.org/m/20260318074444.133215_KR_webconnectivity_7bc7d9b0133d3264
https://miro.medium.com/robots.txt,ok,https://explorer.ooni.org/m/20260318074445.993108_KR_webconnectivity_c9a7d1338ac5e596
http://mlbpark.donga.com/,ok,https://explorer.ooni.org/m/20260318074450.165136_KR_webconnectivity_09ec922273c09995
https://moodle.com/,ok,https://explorer.ooni.org/m/20260318074452.725476_KR_webconnectivity_48f1411a87656010
https://movabletype.com/,ok,https://explorer.ooni.org/m/20260318074453.834189_KR_webconnectivity_ae4cdacecf78c3fe
https://myabortionstory.tumblr.com/,dns,https://explorer.ooni.org/m/20260318074455.338280_KR_webconnectivity_84e863e64d1a1c5e
https://nazarene.org/,ok,https://explorer.ooni.org/m/20260318074500.434863_KR_webconnectivity_663cd5883ebdf861
http://ndrive.naver.com/,ok,https://explorer.ooni.org/m/20260318074504.249013_KR_webconnectivity_e671c578fadbaf39
https://noblogs.org/,ok,https://explorer.ooni.org/m/20260318074508.418816_KR_webconnectivity_4fcb98c939adf8a2
https://notifications-pa.googleapis.com/robots.txt,ok,https://explorer.ooni.org/m/20260318074510.201060_KR_webconnectivity_717f1d89a5fd3536
https://oceanconservancy.org/,ok,https://explorer.ooni.org/m/20260318074512.261554_KR_webconnectivity_97e8cbd36520d171
https://ooni.github.io/,ok,https://explorer.ooni.org/m/20260318074513.660062_KR_webconnectivity_dc337a383e0eb219
https://ow.ly/,ok,https://explorer.ooni.org/m/20260318074516.858153_KR_webconnectivity_889f1bf48b75dde7
http://peta.xxx/,dns,https://explorer.ooni.org/m/20260318074518.435129_KR_webconnectivity_bc4c558a10076f8c
https://pastebin.com/,dns,https://explorer.ooni.org/m/20260318074517.645186_KR_webconnectivity_28599221cdd4b620
https://pingomatic.com/,ok,https://explorer.ooni.org/m/20260318074520.698879_KR_webconnectivity_ff565c544bd118bd
https://play-lh.googleusercontent.com/SZ7vNaa9txw_JsYsiOOP4_4fOaKfJVMQ-_aM10MW7x93IPDYoqdIkHSw-ffCgBABFSM=s256-rw,ok,https://explorer.ooni.org/m/20260318074522.964709_KR_webconnectivity_9e8d3138230f2466
https://play.google.com/,ok,https://explorer.ooni.org/m/20260318074526.540603_KR_webconnectivity_d9da1bcd34893009
https://play.googleapis.com/robots.txt,ok,https://explorer.ooni.org/m/20260318074528.338424_KR_webconnectivity_112d4eeb0d9e5a93
https://private.canadianshield.cira.ca/dns-query?dns=q80BAAABAAAAAAAAA3d3dwdleGFtcGxlA2NvbQAAAQAB,ok,https://explorer.ooni.org/m/20260318074530.335741_KR_webconnectivity_3d480ddcdc7c38b9
https://prolife.com/,dns,https://explorer.ooni.org/m/20260318074534.537987_KR_webconnectivity_21ff2444da461fa4
https://prq.se/,dns,https://explorer.ooni.org/m/20260318074535.673704_KR_webconnectivity_23f41717cb4ebba7
https://quran.com/,ok,https://explorer.ooni.org/m/20260318074537.880761_KR_webconnectivity_ba1c25aa848dd446
http://r3.o.lencr.org/,ok,https://explorer.ooni.org/m/20260318074538.523315_KR_webconnectivity_5d40edec6514a076
https://raw.githubusercontent.com/ooni/spec/master/README.md,dns,https://explorer.ooni.org/m/20260318074539.227840_KR_webconnectivity_72973213c5bc14e2
https://rebellion.global/,ok,https://explorer.ooni.org/m/20260318074542.799075_KR_webconnectivity_569905735e20e7b6
https://redapes.org/,ok,https://explorer.ooni.org/m/20260318074546.321158_KR_webconnectivity_4bf2961d9b69b8fb
https://replug.io/,ok,https://explorer.ooni.org/m/20260318074550.322211_KR_webconnectivity_673d7d58c40be66d
http://ruliweb.daum.net/,http-failure,https://explorer.ooni.org/m/20260318074559.354819_KR_webconnectivity_e7f83ac2d6165322
https://rutube.ru/,ok,https://explorer.ooni.org/m/20260318074605.361947_KR_webconnectivity_a77b7dbde921dda6
https://safe2choose.org/,dns,https://explorer.ooni.org/m/20260318074606.150754_KR_webconnectivity_e8b656b1b190131a
http://sex.clinic.co.kr/,dns,https://explorer.ooni.org/m/20260318074611.701220_KR_webconnectivity_6ff29cb3940ee974
https://sexetc.org/,dns,https://explorer.ooni.org/m/20260318074613.234329_KR_webconnectivity_fc225c7e1062edfa
http://shamash.org/,error,https://explorer.ooni.org/m/20260318074615.480405_KR_webconnectivity_4a8fef823dea3152
http://shia.org/,tcp_ip,https://explorer.ooni.org/m/20260318074646.372043_KR_webconnectivity_b1944f27cd43989c
https://short.io/,ok,https://explorer.ooni.org/m/20260318074649.886122_KR_webconnectivity_362be976617f4239
https://sites.google.com/,ok,https://explorer.ooni.org/m/20260318074655.352997_KR_webconnectivity_3e35dae0a3a99744
https://sniply.io/,ok,https://explorer.ooni.org/m/20260318074657.794608_KR_webconnectivity_5b0e76af3c1e1052
https://solar-aid.org/,ok,https://explorer.ooni.org/m/20260318074659.994153_KR_webconnectivity_596c04dfa1f9f9a1
https://srhrforall.org/,ok,https://explorer.ooni.org/m/20260318074703.543485_KR_webconnectivity_b00a400c553e0cef
https://stackexchange.com/,ok,https://explorer.ooni.org/m/20260318074705.346425_KR_webconnectivity_863a45452c5eb89f
https://stackoverflow.com/,ok,https://explorer.ooni.org/m/20260318074706.412166_KR_webconnectivity_a6766c6502ebafd7
https://t.co/,dns,https://explorer.ooni.org/m/20260318074707.180901_KR_webconnectivity_b92d7a45fc3bbbb8
https://t2mio.com/,ok,https://explorer.ooni.org/m/20260318074709.986628_KR_webconnectivity_baa2f4c75d79720c
http://tanzil.net/,ok,https://explorer.ooni.org/m/20260318074713.716603_KR_webconnectivity_54dfaf572bd3a491
https://technorati.com/,ok,https://explorer.ooni.org/m/20260318074716.603076_KR_webconnectivity_76cd4183e7a58f7a
https://telegra.ph/,dns,https://explorer.ooni.org/m/20260318074717.368362_KR_webconnectivity_990fb524d6ea6214
https://thereisnoearthb.org/,ok,https://explorer.ooni.org/m/20260318074719.228366_KR_webconnectivity_c4b993e06f4965d2
https://tiny.cc/,ok,https://explorer.ooni.org/m/20260318074721.636501_KR_webconnectivity_0b0a0c4929ea2291
https://tinyurl.com/,ok,https://explorer.ooni.org/m/20260318074723.409455_KR_webconnectivity_fa50c4df1b64aeda
https://torah.org/,ok,https://explorer.ooni.org/m/20260318074724.946404_KR_webconnectivity_d1e8de43991d95a0
https://turbobit.net/,ok,https://explorer.ooni.org/m/20260318074729.190998_KR_webconnectivity_c8b4628aa376e1b0
https://vesselthefilm.com/,ok,https://explorer.ooni.org/m/20260318074734.162850_KR_webconnectivity_6eebb607b870bcea
https://we.riseup.net/,ok,https://explorer.ooni.org/m/20260318074737.067086_KR_webconnectivity_621b3aa3f30122cb
http://web.humoruniv.com/main.html,ok,https://explorer.ooni.org/m/20260318074741.456418_KR_webconnectivity_7eb39983203f9f9f
http://web.khu.ac.kr/,ok,https://explorer.ooni.org/m/20260318074743.323510_KR_webconnectivity_5375569c4fe989c8
http://weblogs.us/,ok,https://explorer.ooni.org/m/20260318074749.389469_KR_webconnectivity_95a815ffe3fe1e12
https://womenfirstdigital.org/,ok,https://explorer.ooni.org/m/20260318074753.312382_KR_webconnectivity_701f11ca7aec0387
https://womenonweb.kr/,http-failure,https://explorer.ooni.org/m/20260318074756.276654_KR_webconnectivity_cdae525076071d97
https://wordpress.com/,ok,https://explorer.ooni.org/m/20260318074759.058912_KR_webconnectivity_fec3237dc7f150a7
https://wordpress.org/,ok,https://explorer.ooni.org/m/20260318074802.307459_KR_webconnectivity_10882c6f7e9d1027
https://write.as/,ok,https://explorer.ooni.org/m/20260318074809.337537_KR_webconnectivity_176f5ce8567c10f3
https://wupj.org/,ok,https://explorer.ooni.org/m/20260318074812.234310_KR_webconnectivity_c37f2910d8f1983b
https://wwf.panda.org/,ok,https://explorer.ooni.org/m/20260318074817.437982_KR_webconnectivity_2ecb9e8093246e91
https://www.100webspace.com/,ok,https://explorer.ooni.org/m/20260318074825.150074_KR_webconnectivity_17d33f3c99f92910
https://www.1800respect.org.au/languages/,ok,https://explorer.ooni.org/m/20260318074832.322881_KR_webconnectivity_2a16489834adabb3
https://www.abortionno.org/,dns,https://explorer.ooni.org/m/20260318074833.042501_KR_webconnectivity_c07db315f450f258
https://www.abortoinfosegura.com/,ok,https://explorer.ooni.org/m/20260318074836.051064_KR_webconnectivity_07f6bf48ba45750f
https://www.adl.org/,ok,https://explorer.ooni.org/m/20260318074837.875312_KR_webconnectivity_4b17daf4c5f6e4aa
https://www.adventist.org/,ok,https://explorer.ooni.org/m/20260318074839.092539_KR_webconnectivity_4dca294ee35109d1
https://www.advocatesforyouth.org/,ok,https://explorer.ooni.org/m/20260318074840.514222_KR_webconnectivity_6ec3e0fd9ae4b8b3
http://www.afreeca.com/,http-failure,https://explorer.ooni.org/m/20260318074845.555816_KR_webconnectivity_dace1f7cf927cf00
http://www.ahsex.org/,error,https://explorer.ooni.org/m/20260318074901.632681_KR_webconnectivity_0ed5372914c51e99
https://www.angelfire.lycos.com/,ok,https://explorer.ooni.org/m/20260318074905.941580_KR_webconnectivity_2310a9320701b26b
https://www.anglicancommunion.org/,ok,https://explorer.ooni.org/m/20260318074911.575302_KR_webconnectivity_69210cbd1c9c041b
http://www.arder.co.kr/,dns,https://explorer.ooni.org/m/20260318074921.400351_KR_webconnectivity_ff8b37f4d7289617
http://www.asiatour.com/,ok,https://explorer.ooni.org/m/20260318074924.149583_KR_webconnectivity_f2558d73b22d5c0d
https://www.atheistalliance.org/,ok,https://explorer.ooni.org/m/20260318074930.145491_KR_webconnectivity_153bc229fa5ed724
https://www.atheists.org/,ok,https://explorer.ooni.org/m/20260318074933.556570_KR_webconnectivity_0b7f47d4d01ac9cd
http://www.auduboninternational.org/,ok,https://explorer.ooni.org/m/20260318074936.776187_KR_webconnectivity_0b7ea79201cde19f
https://www.autistici.org/,ok,https://explorer.ooni.org/m/20260318074945.790889_KR_webconnectivity_4f34a7adcf8ffe7a
http://www.bahai.org/,ok,https://explorer.ooni.org/m/20260318074954.724673_KR_webconnectivity_f2de225aaaed0d5e
https://www.beintheknow.org/,dns,https://explorer.ooni.org/m/20260318074955.629801_KR_webconnectivity_bb5ef1e53cc20496
https://www.bing-amp.com/v0/amp-iframe-0.1.js,error,https://explorer.ooni.org/m/20260318074956.464551_KR_webconnectivity_df4347c7dd8a2219
https://www.birthcontrol.com/,dns,https://explorer.ooni.org/m/20260318074959.035504_KR_webconnectivity_7cac5175e91f0cf9
http://www.biz.ly/,ok,https://explorer.ooni.org/m/20260318075004.046736_KR_webconnectivity_13c7800cdca9b86f
https://www.bl.ink/,ok,https://explorer.ooni.org/m/20260318075006.441314_KR_webconnectivity_c110c337ad4deff7
http://www.blogeasy.com/,ok,https://explorer.ooni.org/m/20260318075018.490939_KR_webconnectivity_9e4005d4c3564ec1
https://www.blogger.com/,ok,https://explorer.ooni.org/m/20260318075022.337528_KR_webconnectivity_102e73edee837313
http://www.blogsome.com/,ok,https://explorer.ooni.org/m/20260318075025.669827_KR_webconnectivity_d8d2f17333971e34
https://www.brinkster.com/,ok,https://explorer.ooni.org/m/20260318075029.181042_KR_webconnectivity_457864c35ae59de8
http://www.buddhanet.net/,ok,https://explorer.ooni.org/m/20260318075036.658097_KR_webconnectivity_4e9843ba293da66f
http://www.cafe24.com/,ok,https://explorer.ooni.org/m/20260318075042.633622_KR_webconnectivity_4b1d6049e43ad490
https://www.carbonbrief.org/,ok,https://explorer.ooni.org/m/20260318075045.352638_KR_webconnectivity_145d7d544c5e194e
https://www.carbonmap.org/,ok,https://explorer.ooni.org/m/20260318075048.249540_KR_webconnectivity_74490f3d403d2b13
https://www.catholic.org/,ok,https://explorer.ooni.org/m/20260318075054.516863_KR_webconnectivity_a3b72ad2462ef1ce
https://www.catholicsforchoice.org/,ok,https://explorer.ooni.org/m/20260318075056.708617_KR_webconnectivity_64e3ec0bb8880a0e
https://www.ccel.org/,ok,https://explorer.ooni.org/m/20260318075102.354619_KR_webconnectivity_067c0fd18089b437
https://www.ceceurope.org/,ok,https://explorer.ooni.org/m/20260318075108.112570_KR_webconnectivity_cf65ca7b6e564288
https://www.christianity.com/,ok,https://explorer.ooni.org/m/20260318075111.723958_KR_webconnectivity_12d1c98806530135
https://www.christianitytoday.com/,ok,https://explorer.ooni.org/m/20260318075113.810204_KR_webconnectivity_4e1fe8a28744321d
https://www.cleanwateraction.org/,ok,https://explorer.ooni.org/m/20260318075116.648429_KR_webconnectivity_a8b1a2aea6ab9414
https://www.climaterealityproject.org/,ok,https://explorer.ooni.org/m/20260318075120.061255_KR_webconnectivity_3873b089e2b3f9c8
https://www.coolearth.org/,ok,https://explorer.ooni.org/m/20260318075124.052570_KR_webconnectivity_c114dd20804bfc90
https://www.copticchurch.net/,ok,https://explorer.ooni.org/m/20260318075127.149151_KR_webconnectivity_ffdf2e9e6cf78028
https://www.cseindia.org/,ok,https://explorer.ooni.org/m/20260318075133.056074_KR_webconnectivity_f1d90cd88791306e
http://www.dogdrip.net/,dns,https://explorer.ooni.org/m/20260318075134.425292_KR_webconnectivity_28314ef571b133bc
https://www.dotster.com/,dns,https://explorer.ooni.org/m/20260318075135.469026_KR_webconnectivity_3c8fcfad9751e49e
https://www.dreamhost.com/,ok,https://explorer.ooni.org/m/20260318075137.832401_KR_webconnectivity_7a6ff5fa284fb340
https://www.earthaction.org/,ok,https://explorer.ooni.org/m/20260318075140.817578_KR_webconnectivity_ceb702f8a0b44966
https://www.earthrights.org/,ok,https://explorer.ooni.org/m/20260318075142.563927_KR_webconnectivity_8744d92fcd4f0a9a
http://www.ebaumsworld.com/,dns,https://explorer.ooni.org/m/20260318075143.433022_KR_webconnectivity_6764b5cecd33d926
http://www.eco.or.kr/,ok,https://explorer.ooni.org/m/20260318075150.005071_KR_webconnectivity_0c2fc0c2b31a4646
https://www.edf.org/,ok,https://explorer.ooni.org/m/20260318075151.996020_KR_webconnectivity_a720fc9698cbf3a8
https://www.eea.europa.eu/,ok,https://explorer.ooni.org/m/20260318075158.430881_KR_webconnectivity_34c40cf3d23a3d2f
https://www.emailaddresses.com/,ok,https://explorer.ooni.org/m/20260318075200.920905_KR_webconnectivity_1d4dde65ad2ba770
https://www.enom.com/,ok,https://explorer.ooni.org/m/20260318075203.108400_KR_webconnectivity_81f18de153662448
https://www.epik.com/,ok,https://explorer.ooni.org/m/20260318075207.457532_KR_webconnectivity_aeb8155fbf8949ec
https://www.episcopalchurch.org/,ok,https://explorer.ooni.org/m/20260318075210.370854_KR_webconnectivity_111f4522abb6790e
https://www.ewg.org/,ok,https://explorer.ooni.org/m/20260318075213.811661_KR_webconnectivity_52f70e560334a52c
https://www.exmormon.org/,tcp_ip,https://explorer.ooni.org/m/20260318075247.268575_KR_webconnectivity_5fec2cd68d0e9c78
https://www.fandom.com/,dns,https://explorer.ooni.org/m/20260318075247.960170_KR_webconnectivity_d53b4611878c0793
http://www.fark.com/,dns,https://explorer.ooni.org/m/20260318075248.853050_KR_webconnectivity_c9d1c457a484c202
https://www.fhi360.org/,ok,https://explorer.ooni.org/m/20260318075251.627700_KR_webconnectivity_cff3f2505a30405a
http://www.fmkorea.com/,ok,https://explorer.ooni.org/m/20260318075253.749193_KR_webconnectivity_d92a3e1cde24c4e6
https://www.footprintnetwork.org/,ok,https://explorer.ooni.org/m/20260318075258.569591_KR_webconnectivity_04d171a2f2ac493e
http://www.formercatholic.com/,ok,https://explorer.ooni.org/m/20260318075301.411436_KR_webconnectivity_cfd4c3ad711cd3cd
https://www.frc.org/,ok,https://explorer.ooni.org/m/20260318075305.302920_KR_webconnectivity_76466a1d3c6c549e
http://www.freehomepage.com/,ok,https://explorer.ooni.org/m/20260318075307.299486_KR_webconnectivity_31ca6abfa04fa70e
http://www.freeservers.com/,ok,https://explorer.ooni.org/m/20260318075310.181342_KR_webconnectivity_8f135eb442536e62
http://www.freewebspace.com/,ok,https://explorer.ooni.org/m/20260318075313.922202_KR_webconnectivity_f54d81fbfccebf28
http://www.gabia.com/,error,https://explorer.ooni.org/m/20260318075317.700884_KR_webconnectivity_fb5317789ccf4fd2
https://www.globalwitness.org/,ok,https://explorer.ooni.org/m/20260318075322.986918_KR_webconnectivity_d5d1052eeb1e24c6
https://www.goarch.org/,ok,https://explorer.ooni.org/m/20260318075324.189902_KR_webconnectivity_4285e68bd4ad4c7c
https://www.godaddy.com/,dns,https://explorer.ooni.org/m/20260318075324.962776_KR_webconnectivity_9d2906de7502c5cb
http://www.godalone.org/,ok,https://explorer.ooni.org/m/20260318075328.542252_KR_webconnectivity_4d128fa7dfa6ed37
https://www.googleapis.com/auth/cloud-platform,ok,https://explorer.ooni.org/m/20260318075331.678543_KR_webconnectivity_f3138b68ea1a3e1a
http://www.greenkorea.org/,ok,https://explorer.ooni.org/m/20260318075335.822334_KR_webconnectivity_864d9b0542771e02
http://www.greennet.org.uk/,ok,https://explorer.ooni.org/m/20260318075340.840097_KR_webconnectivity_bbff38c5be240993
https://www.greenpeace.org/,ok,https://explorer.ooni.org/m/20260318075343.444481_KR_webconnectivity_0e175f228fcc8506
https://www.gstatic.com/robots.txt,ok,https://explorer.ooni.org/m/20260318075345.392042_KR_webconnectivity_97918805790394f2
http://www.hostgator.com/,ok,https://explorer.ooni.org/m/20260318075346.434243_KR_webconnectivity_7c73ff0890b72892
http://www.hotge.co.kr/,ok,https://explorer.ooni.org/m/20260318075351.883493_KR_webconnectivity_f45a093948a3aed1
https://www.howtouseabortionpill.org/,ok,https://explorer.ooni.org/m/20260318075355.278686_KR_webconnectivity_2fa4e5de40e96517
https://www.iaea.org/,ok,https://explorer.ooni.org/m/20260318075357.115749_KR_webconnectivity_2425ae5798a6b27a
http://www.iavi.org/,ok,https://explorer.ooni.org/m/20260318075358.840399_KR_webconnectivity_adb1f8807b4df7f3
http://www.iico.org/,ok,https://explorer.ooni.org/m/20260318075403.976048_KR_webconnectivity_a5b6ab3da845f4fd
https://www.internationalrivers.org/,ok,https://explorer.ooni.org/m/20260318075407.345756_KR_webconnectivity_f4149a366a66b75b
https://www.ipcc.ch/,ok,https://explorer.ooni.org/m/20260318075411.539981_KR_webconnectivity_9c866a7cd5e08879
https://www.iskcon.org/,ok,https://explorer.ooni.org/m/20260318075412.188885_KR_webconnectivity_29cd1bc1565c39b1
http://www.islameyat.com/,ok,https://explorer.ooni.org/m/20260318075419.353822_KR_webconnectivity_e2066548a84d1def
http://www.islamicity.com/,ok,https://explorer.ooni.org/m/20260318075420.457663_KR_webconnectivity_4d6fadee7577a88b
https://www.islaminstitut.de/en/,ok,https://explorer.ooni.org/m/20260318075424.279011_KR_webconnectivity_836d4ee11abeb004
https://www.iucn.org/,ok,https://explorer.ooni.org/m/20260318075427.531074_KR_webconnectivity_9520546e5d423489
http://www.jesussaves.cc/,ok,https://explorer.ooni.org/m/20260318075436.350431_KR_webconnectivity_1b48dcab9e8d18c8
http://www.jinbo.net/,ok,https://explorer.ooni.org/m/20260318075440.132489_KR_webconnectivity_5b51a1ccbeb4c310
http://www.judaism.com/,ok,https://explorer.ooni.org/m/20260318075442.414920_KR_webconnectivity_99279f51c6e49b63
http://www.judaismconversion.org/,ok,https://explorer.ooni.org/m/20260318075448.979994_KR_webconnectivity_76f05a00eb076082
https://www.jw.org/,error,https://explorer.ooni.org/m/20260318075450.331663_KR_webconnectivity_2c63d142d01b8a7d
http://www.kfem.or.kr/,ok,https://explorer.ooni.org/m/20260318075458.410197_KR_webconnectivity_81f4ee4022c96240
http://www.kgreens.org/,ok,https://explorer.ooni.org/m/20260318075502.852354_KR_webconnectivity_b4844ed12e5c8b2f
http://www.krts.or.kr/,ok,https://explorer.ooni.org/m/20260318075508.759223_KR_webconnectivity_66012fce225013aa
https://www.leaseweb.com/,ok,https://explorer.ooni.org/m/20260318075513.575872_KR_webconnectivity_c338334622235a76
https://www.livejournal.com/,dns,https://explorer.ooni.org/m/20260318075514.906027_KR_webconnectivity_3bdc2b6ca0b8d530
http://www.mgoon.com/,error,https://explorer.ooni.org/m/20260318075532.153440_KR_webconnectivity_6e1ec7e158ea1ea2
http://www.muhammadanism.com/,ok,https://explorer.ooni.org/m/20260318075538.457775_KR_webconnectivity_55cae8201f45369d
https://www.namecheap.com/,ok,https://explorer.ooni.org/m/20260318075539.334919_KR_webconnectivity_adb5024d2549cda0
http://www.nate.com/,ok,https://explorer.ooni.org/m/20260318075541.102699_KR_webconnectivity_131199a6b58fce5c
http://www.nate.com/?f=pann,ok,https://explorer.ooni.org/m/20260318075542.759371_KR_webconnectivity_13d119e4538f92ff
http://www.nature.org/,ok,https://explorer.ooni.org/m/20260318075546.931908_KR_webconnectivity_cc1b9b82e947f089
http://www.no-ip.com/,ok,https://explorer.ooni.org/m/20260318075551.901500_KR_webconnectivity_a067cf833221347f
https://www.oca.org/,ok,https://explorer.ooni.org/m/20260318075555.513898_KR_webconnectivity_b16b705e24298093
http://www.oicc.org/,ok,https://explorer.ooni.org/m/20260318075558.334288_KR_webconnectivity_d84ce881d4cb7805
http://www.oikoumene.org/,ok,https://explorer.ooni.org/m/20260318075602.215557_KR_webconnectivity_10771c045ddc5284
https://www.om.org/,ok,https://explorer.ooni.org/m/20260318075603.851915_KR_webconnectivity_1f9ddd556d3db2fd
https://www.orangewebsite.com/,ok,https://explorer.ooni.org/m/20260318075609.810062_KR_webconnectivity_d3683c03d34f2618
http://www.orthodoxconvert.info/,ok,https://explorer.ooni.org/m/20260318075612.356658_KR_webconnectivity_e8c6dd684ba82c57
https://www.paganpride.org/,ok,https://explorer.ooni.org/m/20260318075615.847864_KR_webconnectivity_d321eadf2508aa87
http://www.pandora.tv/,ok,https://explorer.ooni.org/m/20260318075617.766358_KR_webconnectivity_eb2abe789c96aa5f
https://www.persecution.org/,ok,https://explorer.ooni.org/m/20260318075621.114105_KR_webconnectivity_3a08c2958458f58d
https://www.peta.org/,dns,https://explorer.ooni.org/m/20260318075621.840495_KR_webconnectivity_20f47825a9776eb3
https://www.petside.com/,ok,https://explorer.ooni.org/m/20260318075657.891495_KR_webconnectivity_58258033a35cd35b
http://www.podbbang.com/,ok,https://explorer.ooni.org/m/20260318075702.971567_KR_webconnectivity_82f39e054edbdc82
https://www.plannedparenthood.org/,dns,https://explorer.ooni.org/m/20260318075658.598600_KR_webconnectivity_e86902d27f776118
http://www.ppfk.or.kr/,ok,https://explorer.ooni.org/m/20260318075709.535421_KR_webconnectivity_199f62092460b325
http://www.ppomppu.co.kr/zboard/zboard.php?id=freeboard,ok,https://explorer.ooni.org/m/20260318075710.979132_KR_webconnectivity_c04fe6ec67c7f390
http://www.ppomppu.co.kr/zboard/zboard.php?id=issue,ok,https://explorer.ooni.org/m/20260318075712.402351_KR_webconnectivity_8b07fcf8e652099b
https://www.premaritalsex.info/,dns,https://explorer.ooni.org/m/20260318075713.046605_KR_webconnectivity_ef95035cb828374a
https://www.privex.io/,ok,https://explorer.ooni.org/m/20260318075716.574834_KR_webconnectivity_b9cffa08c9f4e34f
http://www.prolife.or.kr/,ok,https://explorer.ooni.org/m/20260318075723.592362_KR_webconnectivity_8a4fdacdd2b978db
http://www.pullbbang.com/,dns,https://explorer.ooni.org/m/20260318075725.269912_KR_webconnectivity_b63f7bf72b59e4a5
https://www.rackspace.com/,ok,https://explorer.ooni.org/m/20260318075728.580239_KR_webconnectivity_7e86bc4d8813dce5
http://www.ran.org/,ok,https://explorer.ooni.org/m/20260318075732.263710_KR_webconnectivity_ee2a19aaf1c5b86e
https://www.ran.org/,ok,https://explorer.ooni.org/m/20260318075733.950440_KR_webconnectivity_fed075b302d31779
https://www.rebrandly.com/,ok,https://explorer.ooni.org/m/20260318075735.983041_KR_webconnectivity_3fba7a5d1424d16c
https://www.reprouncensored.org/,ok,https://explorer.ooni.org/m/20260318075739.075756_KR_webconnectivity_b7a87906695d9330
https://www.resourcematters.org/,ok,https://explorer.ooni.org/m/20260318075742.011681_KR_webconnectivity_83cc40d8ba855d31
https://www.salvationarmy.org/,ok,https://explorer.ooni.org/m/20260318075745.836940_KR_webconnectivity_6ff1435128abd449
http://www.sangsaeng.org/,dns,https://explorer.ooni.org/m/20260318075748.718405_KR_webconnectivity_be2eaf9220eb2b17
https://www.sbc.net/,ok,https://explorer.ooni.org/m/20260318075751.882433_KR_webconnectivity_114a4625c2c4409b
http://www.scarleteen.com/,dns,https://explorer.ooni.org/m/20260318075753.313471_KR_webconnectivity_d6d81d45ab4005a4
http://www.scientology.org/,ok,https://explorer.ooni.org/m/20260318075756.137249_KR_webconnectivity_471a578dae60d001
http://www.sex-academy.com/,dns,https://explorer.ooni.org/m/20260318075758.689408_KR_webconnectivity_201dab567348ea06
http://www.sexandu.ca/,dns,https://explorer.ooni.org/m/20260318075802.453803_KR_webconnectivity_c4a226860780988e
http://www.sexandu.ca/fr/,dns,https://explorer.ooni.org/m/20260318075806.087108_KR_webconnectivity_1bb750255b2a9005
https://www.sfsi.org/,dns,https://explorer.ooni.org/m/20260318075807.236762_KR_webconnectivity_31769828c816db48
http://www.shinto.org/,ok,https://explorer.ooni.org/m/20260318075820.307901_KR_webconnectivity_ee05a26620621588
http://www.siecus.org/,dns,https://explorer.ooni.org/m/20260318075821.031022_KR_webconnectivity_cbf8047711c82476
https://www.sierraclub.org/,ok,https://explorer.ooni.org/m/20260318075822.297254_KR_webconnectivity_177d4b283b67e9c6
http://www.submission.org/,ok,https://explorer.ooni.org/m/20260318075825.565156_KR_webconnectivity_d7ca5f1f04b71703
http://www.survive.org.uk/,ok,https://explorer.ooni.org/m/20260318075828.965250_KR_webconnectivity_c9297a48dc15d6f9
http://www.suyongso.com/,ok,https://explorer.ooni.org/m/20260318075829.704651_KR_webconnectivity_66ab1b2e1f381a45
http://www.tcloud.co.kr/,ok,https://explorer.ooni.org/m/20260318075846.093618_KR_webconnectivity_f88bcb00815a958d
http://www.teenhealthfx.com/,ok,https://explorer.ooni.org/m/20260318075850.144931_KR_webconnectivity_5d501bf13ad7bcda
http://www.teensource.org/,dns,https://explorer.ooni.org/m/20260318075850.843499_KR_webconnectivity_6deed20c52f045df
http://www.themwl.org/,ok,https://explorer.ooni.org/m/20260318075856.763995_KR_webconnectivity_46b0a72b091a3c81
http://www.tistory.com/,ok,https://explorer.ooni.org/m/20260318075901.629379_KR_webconnectivity_ac3cda632ee7cff0
http://www.todayhumor.co.kr/,ok,https://explorer.ooni.org/m/20260318075904.304563_KR_webconnectivity_85e4c7817d074b2f
http://www.tripod.lycos.com/,ok,https://explorer.ooni.org/m/20260318075909.931720_KR_webconnectivity_663a6decb8e88c9e
http://www.truthnet.org/,ok,https://explorer.ooni.org/m/20260318075914.845033_KR_webconnectivity_32fbf27cf3e22fab
http://www.typepad.com/,ok,https://explorer.ooni.org/m/20260318075916.196475_KR_webconnectivity_bcf610ec54197c3a
https://www.ucc.org/,ok,https://explorer.ooni.org/m/20260318075919.633000_KR_webconnectivity_5bfafed0125cb6ee
https://www.ucsusa.org/,ok,https://explorer.ooni.org/m/20260318075923.801987_KR_webconnectivity_73c5fae613246c5b
http://www.ultimatebirthcontrol.com/,dns,https://explorer.ooni.org/m/20260318075925.365553_KR_webconnectivity_157c6dd9cb8fe429
http://www.umc.org/,ok,https://explorer.ooni.org/m/20260318075928.806453_KR_webconnectivity_a9fe173b3ffebeb3
https://www.unep.org/,ok,https://explorer.ooni.org/m/20260318075931.268661_KR_webconnectivity_2d6b58c6fa0c0196
http://www.upci.org/,ok,https://explorer.ooni.org/m/20260318075937.856353_KR_webconnectivity_0e2a95fe3230151e
http://www.vatican.va/,ok,https://explorer.ooni.org/m/20260318075939.097344_KR_webconnectivity_167e75d22287b8e5
http://www.wcicc.org/,ok,https://explorer.ooni.org/m/20260318075942.151541_KR_webconnectivity_89eb83af42a0e54b
https://www.weebly.com/,ok,https://explorer.ooni.org/m/20260318075944.746107_KR_webconnectivity_efdd5ce9c70d8c63
http://www.whois.co.kr/,ok,https://explorer.ooni.org/m/20260318075950.914941_KR_webconnectivity_8d3a72cf73c21444
http://www.wix.com/,ok,https://explorer.ooni.org/m/20260318075953.673899_KR_webconnectivity_7605bfb063ce0c54
http://www.worldjewishcongress.org/,ok,https://explorer.ooni.org/m/20260318075959.950180_KR_webconnectivity_2288cf7cafc2ad91
https://www.worldwildlife.org/,ok,https://explorer.ooni.org/m/20260318080000.777390_KR_webconnectivity_a15e47199fb39801
https://www.xenu.net/,ok,https://explorer.ooni.org/m/20260318080005.930644_KR_webconnectivity_105b8e2bc611de5b
http://www.xyinlove.co.kr/,error,https://explorer.ooni.org/m/20260318080024.540862_KR_webconnectivity_052005b25652a524
http://www.ymca.int/,dns,https://explorer.ooni.org/m/20260318080025.470142_KR_webconnectivity_26ff13f0cafc4957
https://www.yola.com/,ok,https://explorer.ooni.org/m/20260318080028.815371_KR_webconnectivity_eddf5e5d70bbd59d
https://www.zanzu.nl/,dns,https://explorer.ooni.org/m/20260318080029.643141_KR_webconnectivity_87fa5d0533d585ba
https://www.zoomshare.com/,dns,https://explorer.ooni.org/m/20260318080031.499228_KR_webconnectivity_c3f0456970a6f058
http://xanga.com/,ok,https://explorer.ooni.org/m/20260318080033.621493_KR_webconnectivity_ef5eb05dd39f430c
https://xda-developers.com/,ok,https://explorer.ooni.org/m/20260318080039.919320_KR_webconnectivity_c240db043785774b
https://yourls.org/,ok,https://explorer.ooni.org/m/20260318080041.754990_KR_webconnectivity_0b08eb33ade32aea
https://yt3.ggpht.com/a-/AOh14GhGCI1dxtHOY_TDQfmxDBK_S7CHTPJ3U6zOUw=s480-c-k-c0x00ffffff-no-rj-mo,ok,https://explorer.ooni.org/m/20260318080045.684463_KR_webconnectivity_7da647a873b0fecd
https://yt4.ggpht.com/a-/AOh14GhOiUxI-RcMC-Vfl2i15v3xewMr8bt2yNXTfw=s480-c-k-c0x00ffffff-no-rj-mo,ok,https://explorer.ooni.org/m/20260318080049.556145_KR_webconnectivity_b6cd911607baff3d
https://1337x.st/,dns,https://explorer.ooni.org/m/20260318080050.254709_KR_webconnectivity_757faddf675c15f6
https://1337x.to/,dns,https://explorer.ooni.org/m/20260318080051.022826_KR_webconnectivity_77e7ea51ae5d708f
http://4shared.com/,confirmed,https://explorer.ooni.org/m/20260318080053.597686_KR_webconnectivity_a4f2b382839103fb
https://911truth.org/,ok,https://explorer.ooni.org/m/20260318080058.036907_KR_webconnectivity_83866149eea3bf8e
https://addons.mozilla.org/,ok,https://explorer.ooni.org/m/20260318080100.118974_KR_webconnectivity_345a97fd5535f954
https://addons.opera.com/,ok,https://explorer.ooni.org/m/20260318080104.908556_KR_webconnectivity_7d497f362f48a4ff
https://addons.opera.com/en/extensions/,ok,https://explorer.ooni.org/m/20260318080110.062086_KR_webconnectivity_64a4175cb5f5b8e6
http://applefile.com/,dns,https://explorer.ooni.org/m/20260318080112.824209_KR_webconnectivity_e515bab3dc681779
https://annas-archive.org/,dns,https://explorer.ooni.org/m/20260318080110.717192_KR_webconnectivity_6a7d915004fb3035
https://ar.m.wikipedia.org/,ok,https://explorer.ooni.org/m/20260318080119.803091_KR_webconnectivity_ed5b741a1a265fe5
https://ar.wikipedia.org/,ok,https://explorer.ooni.org/m/20260318080123.045508_KR_webconnectivity_810eee427545ca33
https://archiveofourown.org/,ok,https://explorer.ooni.org/m/20260318080124.558800_KR_webconnectivity_9738b77efa765a14
https://arxiv.org/,ok,https://explorer.ooni.org/m/20260318080126.051077_KR_webconnectivity_28d8b82e7b586bd5
https://asean.org/,ok,https://explorer.ooni.org/m/20260318080127.675828_KR_webconnectivity_0a830236ebecff69
https://bintray.com/,ok,https://explorer.ooni.org/m/20260318080132.313960_KR_webconnectivity_2395e1b989de731e
http://bitsnoop.com/,dns,https://explorer.ooni.org/m/20260318080133.015877_KR_webconnectivity_53dd0f9b70f121f6
http://bommin.net/,confirmed,https://explorer.ooni.org/m/20260318080139.961799_KR_webconnectivity_b62194af51ed975f
https://ca.wikipedia.org/,ok,https://explorer.ooni.org/m/20260318080144.620023_KR_webconnectivity_6036e41e3de0cbc2
http://cafe.daum.net/seoulminart,ok,https://explorer.ooni.org/m/20260318080147.458714_KR_webconnectivity_6eb6c1633de9b958
http://cafe.naver.com/newartcafe,ok,https://explorer.ooni.org/m/20260318080152.282843_KR_webconnectivity_db235feb78cad92e
http://canna.to/,dns,https://explorer.ooni.org/m/20260318080153.061856_KR_webconnectivity_b41aebb906fd136c
https://catbox.moe/,ok,https://explorer.ooni.org/m/20260318080155.321364_KR_webconnectivity_f10e2c19d6a6a39c
https://chat.openai.com/,ok,https://explorer.ooni.org/m/20260318080156.605338_KR_webconnectivity_143a4b22dd7c8136
http://chongryon.com/,confirmed,https://explorer.ooni.org/m/20260318080212.677581_KR_webconnectivity_efa06032c1926182
https://chrome.google.com/webstore/category/extensions,ok,https://explorer.ooni.org/m/20260318080216.210120_KR_webconnectivity_c282c62eec3d6d3b
https://chromewebstore.google.com/,ok,https://explorer.ooni.org/m/20260318080219.453378_KR_webconnectivity_b0f12f67fdbdb5a1
https://code.org/,ok,https://explorer.ooni.org/m/20260318080221.657935_KR_webconnectivity_63c2b77696e47bc6
https://commons.wikimedia.org/,ok,https://explorer.ooni.org/m/20260318080225.011755_KR_webconnectivity_51487a00ca224e10
https://credibilitycoalition.org/,ok,https://explorer.ooni.org/m/20260318080229.539240_KR_webconnectivity_0a27be34fbaea722
https://crypt.ee/,ok,https://explorer.ooni.org/m/20260318080231.835781_KR_webconnectivity_a4e5c2f72eb55e75
http://data.donkeyhote.co.kr/,dns,https://explorer.ooni.org/m/20260318080233.672614_KR_webconnectivity_396862e0e99e94ac
https://de.wikipedia.org/,ok,https://explorer.ooni.org/m/20260318080236.792987_KR_webconnectivity_65d3d3560ad68608
https://dfiles.eu/,ok,https://explorer.ooni.org/m/20260318080241.788373_KR_webconnectivity_5a27cec32d4209d8
https://digg.com/,ok,https://explorer.ooni.org/m/20260318080243.133777_KR_webconnectivity_74f01e08ad7d6eef
https://docs.google.com/,ok,https://explorer.ooni.org/m/20260318080246.742767_KR_webconnectivity_f5d3842f73f70f1e
https://download.cnet.com/,dns,https://explorer.ooni.org/m/20260318080247.623739_KR_webconnectivity_f37423b53ec2e3ae
https://drive.google.com/,ok,https://explorer.ooni.org/m/20260318080252.147250_KR_webconnectivity_1a8b99fb31fb22e1
https://en.m.wikipedia.org/,ok,https://explorer.ooni.org/m/20260318080255.791890_KR_webconnectivity_1615e800b3459939
https://en.wikipedia.org/,ok,https://explorer.ooni.org/m/20260318080258.940377_KR_webconnectivity_c6bdaa7790c00e96
https://ente.io/,ok,https://explorer.ooni.org/m/20260318080302.210420_KR_webconnectivity_e67abbb3ef5009b3
https://es.m.wikipedia.org/,ok,https://explorer.ooni.org/m/20260318080307.398807_KR_webconnectivity_d96038ca790a1b85
https://es.wikipedia.org/,ok,https://explorer.ooni.org/m/20260318080314.551803_KR_webconnectivity_ae1abbb5f7e884e2
https://eztv.ag/,dns,https://explorer.ooni.org/m/20260318080319.432696_KR_webconnectivity_3502b1d0d59222e0
https://eztv.re/,dns,https://explorer.ooni.org/m/20260318080320.171051_KR_webconnectivity_628fd3874f3cb3bd
https://f-droid.org/,ok,https://explorer.ooni.org/m/20260318080324.846235_KR_webconnectivity_f595e23431b9ab64
https://fdroid.tetaneutral.net/fdroid/repo,ok,https://explorer.ooni.org/m/20260318080328.287177_KR_webconnectivity_3a61bd30d9c6827b
http://file.daum.net/,ok,https://explorer.ooni.org/m/20260318080329.688571_KR_webconnectivity_d46e554fda3ae85d
http://filecast.co.kr/,dns,https://explorer.ooni.org/m/20260318080333.609992_KR_webconnectivity_bfca4cb6341edc30
https://filen.io/,ok,https://explorer.ooni.org/m/20260318080339.258545_KR_webconnectivity_922de32f8b0ac7b2
https://files.pythonhosted.org/,ok,https://explorer.ooni.org/m/20260318080340.049922_KR_webconnectivity_f97f959474e0fbc0
https://forum.mhut.org/,dns,https://explorer.ooni.org/m/20260318080340.839306_KR_webconnectivity_b2d552e983959c1c
https://fr.wikipedia.org/,ok,https://explorer.ooni.org/m/20260318080344.651626_KR_webconnectivity_0641940d9e8911ca
https://ko.wikipedia.org/,ok,https://explorer.ooni.org/m/20260318080347.983214_KR_webconnectivity_5c39081545e51d80
http://koredufund.org.kp/,dns,https://explorer.ooni.org/m/20260318080353.824792_KR_webconnectivity_80c573d44a64b865
https://www.douban.com/,ok,https://explorer.ooni.org/m/20260318080400.430825_KR_webconnectivity_096fa5204a1febb9
http://www.mfasia.org/,error,https://explorer.ooni.org/m/20260318080424.358719_KR_webconnectivity_a7676aa73a313f72
http://www.newsweekasia.com/,ok,https://explorer.ooni.org/m/20260318080442.314886_KR_webconnectivity_1584b8dd36bc20b2
http://www.publiuspundit.com/,ok,https://explorer.ooni.org/m/20260318080445.752596_KR_webconnectivity_e3cdfe5afa0c84cb
http://www.seapa.org/,dns,https://explorer.ooni.org/m/20260318080455.925640_KR_webconnectivity_cbf4de02912ed97b
http://www.seapabkk.org/,dns,https://explorer.ooni.org/m/20260318080458.201596_KR_webconnectivity_3232016433301ed6
http://www.taipeitimes.com/,ok,https://explorer.ooni.org/m/20260318080501.513775_KR_webconnectivity_5eadd44e2ec72f1c
http://www.zdnetasia.com/,ok,https://explorer.ooni.org/m/20260318080506.056141_KR_webconnectivity_95acdbad48fa5dae
"http://www.zdnetasia.com/downloads/pc/swinfo/0,39043052,39222404s,00.htm",ok,https://explorer.ooni.org/m/20260318080510.903502_KR_webconnectivity_309639f2f232789a
http://streetmeatasia.com/,dns,https://explorer.ooni.org/m/20260318080517.064383_KR_webconnectivity_b2faf43fdd87d1a3
http://www.88square.com/,dns,https://explorer.ooni.org/m/20260318080532.808438_KR_webconnectivity_fbfc8e145f90c232
http://www.asiangirlsnextdoor.com/,dns,https://explorer.ooni.org/m/20260318080533.562144_KR_webconnectivity_1b0480b10280cd09
http://www.asianthumbs.org/,dns,https://explorer.ooni.org/m/20260318080536.752637_KR_webconnectivity_bc6da8977c0e1421
http://www.bangkokstreetwhores.com/,dns,https://explorer.ooni.org/m/20260318080538.534545_KR_webconnectivity_6b5ae406939e9434
http://www.dateinasia.com/,dns,https://explorer.ooni.org/m/20260318080540.262837_KR_webconnectivity_6c05b0446580228d
http://www.exploitedteensasia.com/,dns,https://explorer.ooni.org/m/20260318080542.896408_KR_webconnectivity_b6ef491ee7bbb654
http://www.gayasianamateurs.com/,dns,https://explorer.ooni.org/m/20260318080543.612964_KR_webconnectivity_f7370dcb0cebb039
http://www.unescap.org/,ok,https://explorer.ooni.org/m/20260318080545.057085_KR_webconnectivity_d8e84df465df0105
http://www.globalgayz.com/,ok,https://explorer.ooni.org/m/20260318080549.457897_KR_webconnectivity_0d446054aee3f2e0
http://www.thaichix.com/,dns,https://explorer.ooni.org/m/20260318080550.571886_KR_webconnectivity_518a39023822fc92
http://www.thaicuties.com/,dns,https://explorer.ooni.org/m/20260318080551.962069_KR_webconnectivity_3cf425b78b83d1df
http://www.secularislam.org/,ok,https://explorer.ooni.org/m/20260318080555.619553_KR_webconnectivity_c357e28f3a179173
https://en.wiktionary.org/,ok,https://explorer.ooni.org/m/20260318080558.791354_KR_webconnectivity_39dfd188150700c2
ok,dns,tcp_ip,http-diff,http-failure,confirmed,error,no_data,http(legacy)
1534,558,35,2,24,24,44,0,0
2221/2221 (expected)
