https://twitter.com/,ok,https://explorer.ooni.org/m/20260402064236.816355_KR_webconnectivity_ca1c23ee4f8aee00
https://www.facebook.com/,ok,https://explorer.ooni.org/m/20260402064258.024604_KR_webconnectivity_fdb292b9f24a1d14
https://www.instagram.com/,ok,https://explorer.ooni.org/m/20260402064310.863810_KR_webconnectivity_f1b74b1703b9193c
https://www.youtube.com/,ok,https://explorer.ooni.org/m/20260402064331.757913_KR_webconnectivity_e1de2bcc9c7d1f3a
https://www.tiktok.com/,ok,https://explorer.ooni.org/m/20260402064340.142507_KR_webconnectivity_2fc1f5d212e57982
https://x.com/,ok,https://explorer.ooni.org/m/20260402064354.512992_KR_webconnectivity_107098849e4c9040
https://discord.com/,ok,https://explorer.ooni.org/m/20260402064409.711094_KR_webconnectivity_7b54e15220ecbff1
https://smotrim.ru/,ok,https://explorer.ooni.org/m/20260402064412.094359_KR_webconnectivity_fffee0f08c6c61ec
https://surfshark.com/,dns,https://explorer.ooni.org/m/20260402064414.287480_KR_webconnectivity_3f94c46823fb9b9c
http://transsexual.org/,dns,https://explorer.ooni.org/m/20260402064417.362180_KR_webconnectivity_361fda358fc7e0e6
https://ultrasurf.us/,dns,https://explorer.ooni.org/m/20260402064422.871883_KR_webconnectivity_c0cca6fec7ff41ae
https://www.cyberghostvpn.com/,dns,https://explorer.ooni.org/m/20260402064424.880915_KR_webconnectivity_b30a8364096bd6d6
http://www.korea-htr.com/,confirmed,https://explorer.ooni.org/m/20260402064426.181847_KR_webconnectivity_aceb8f07a70adca5
http://imagebingo.naver.com/,ok,https://explorer.ooni.org/m/20260402064426.916124_KR_webconnectivity_0e6de33e781fcbad
http://internetphone114.com/,ok,https://explorer.ooni.org/m/20260402064427.666489_KR_webconnectivity_3c949c7f7147d8a4
https://ipfs.io/,dns,https://explorer.ooni.org/m/20260402064428.680723_KR_webconnectivity_669e11e1a8701711
https://pps.whatsapp.net/robots.txt,ok,https://explorer.ooni.org/m/20260402064431.572812_KR_webconnectivity_a917e8c9f027e3df
https://support.therapytribe.com/hivaids-support-group/,ok,https://explorer.ooni.org/m/20260402064433.207101_KR_webconnectivity_7c5c11763307c265
https://t.me/,dns,https://explorer.ooni.org/m/20260402064439.312474_KR_webconnectivity_bc02b7afe170b726
https://tse1.explicit.bing.net/robots.txt,dns,https://explorer.ooni.org/m/20260402064440.387361_KR_webconnectivity_4b9f69b391715593
http://tvpot.media.daum.net/,ok,https://explorer.ooni.org/m/20260402064446.621716_KR_webconnectivity_c25d4645e1556393
https://www.bittorrent.com/,dns,https://explorer.ooni.org/m/20260402064447.759370_KR_webconnectivity_5d997771eaa4ba49
https://www.ectaco.com/,dns,https://explorer.ooni.org/m/20260402064449.265338_KR_webconnectivity_cc82094a55af5bfa
https://www.gmx.com/,dns,https://explorer.ooni.org/m/20260402064450.588950_KR_webconnectivity_1cd56d677bc652c6
http://www.lsinc.co.kr/,ok,https://explorer.ooni.org/m/20260402064502.181336_KR_webconnectivity_73ad3c72d4025be4
http://www.photobucket.com/,dns,https://explorer.ooni.org/m/20260402064503.951085_KR_webconnectivity_f7a9c05d322147c3
https://www.sendspace.com/,dns,https://explorer.ooni.org/m/20260402064504.864914_KR_webconnectivity_86ca452a81889f81
https://www.twitch.tv/,dns,https://explorer.ooni.org/m/20260402064507.991238_KR_webconnectivity_8530322d4fd00c91
http://www.veoh.com/,dns,https://explorer.ooni.org/m/20260402064513.589388_KR_webconnectivity_a6ce6283d9802a69
https://www.vonage.com/,ok,https://explorer.ooni.org/m/20260402064521.413683_KR_webconnectivity_bf14a1fe670c6da1
http://www.webbox.com/index.php,ok,https://explorer.ooni.org/m/20260402064522.640262_KR_webconnectivity_fa821a921fddd869
https://www.y2mate.com/,dns,https://explorer.ooni.org/m/20260402064523.393690_KR_webconnectivity_0f8734ea06dcb7df
https://ya.ru/,dns,https://explorer.ooni.org/m/20260402064524.342134_KR_webconnectivity_fdcb7c9675f8dd5e
https://1.0.0.1/dns-query?dns=q80BAAABAAAAAAAAA3d3dwdleGFtcGxlA2NvbQAAAQAB,ok,https://explorer.ooni.org/m/20260402064525.548744_KR_webconnectivity_648fe0ebd09d64fd
https://1.0.0.3/dns-query?dns=q80BAAABAAAAAAAAA3d3dwdleGFtcGxlA2NvbQAAAQAB,ok,https://explorer.ooni.org/m/20260402064526.958429_KR_webconnectivity_dad7d114dc0657c2
https://assets.gitlab-static.net/robots.txt,ok,https://explorer.ooni.org/m/20260402064527.689684_KR_webconnectivity_ea6c86e91762d39c
https://dns.adguard.com/dns-query?dns=q80BAAABAAAAAAAAA3d3dwdleGFtcGxlA2NvbQAAAQAB,tcp_ip,https://explorer.ooni.org/m/20260402064528.719259_KR_webconnectivity_d47aca741d2568f7
https://doh-fi.blahdns.com/dns-query?dns=q80BAAABAAAAAAAAA3d3dwdleGFtcGxlA2NvbQAAAQAB,dns,https://explorer.ooni.org/m/20260402064530.445204_KR_webconnectivity_22e3f6a608fcde2e
https://doh.opendns.com/dns-query?dns=q80BAAABAAAAAAAAA3d3dwdleGFtcGxlA2NvbQAAAQAB,tcp_ip,https://explorer.ooni.org/m/20260402064531.135306_KR_webconnectivity_aa2fd6ffb339c3f2
https://gitlab.com/,dns,https://explorer.ooni.org/m/20260402064534.343872_KR_webconnectivity_3c1a4deae7aa1b38
https://mozilla.cloudflare-dns.com/dns-query?dns=q80BAAABAAAAAAAAA3d3dwdleGFtcGxlA2NvbQAAAQAB,dns,https://explorer.ooni.org/m/20260402064538.381023_KR_webconnectivity_8ecbeb1447495129
http://r3.o.lencr.org/,ok,https://explorer.ooni.org/m/20260402064538.985961_KR_webconnectivity_1c735907fa390763
https://telegra.ph/,dns,https://explorer.ooni.org/m/20260402064539.630155_KR_webconnectivity_ae0831a1abe7f4c3
https://vimeo.com/,dns,https://explorer.ooni.org/m/20260402064541.168182_KR_webconnectivity_e83b05af9a2b5d5f
https://www.beintheknow.org/,dns,https://explorer.ooni.org/m/20260402064542.640351_KR_webconnectivity_69d65edee10eba77
http://www.pandora.tv/,ok,https://explorer.ooni.org/m/20260402064549.197475_KR_webconnectivity_34dffe6c6703e03d
https://1337x.st/,dns,https://explorer.ooni.org/m/20260402064551.192808_KR_webconnectivity_71780bce064898a9
https://www.premaritalsex.info/,dns,https://explorer.ooni.org/m/20260402064550.190197_KR_webconnectivity_4be028e48779699c
https://1337x.to/,dns,https://explorer.ooni.org/m/20260402064552.345195_KR_webconnectivity_6f15a255f37783ea
https://annas-archive.org/,dns,https://explorer.ooni.org/m/20260402064553.429087_KR_webconnectivity_c0b9631fe1a03817
http://bitsnoop.com/,dns,https://explorer.ooni.org/m/20260402064559.204617_KR_webconnectivity_5c809d6b8ea76aaf
http://canna.to/,dns,https://explorer.ooni.org/m/20260402064601.738157_KR_webconnectivity_45f3d8fd47ed4abd
https://eztv.ag/,dns,https://explorer.ooni.org/m/20260402064604.215273_KR_webconnectivity_9ed05778555ecf51
https://forum.mhut.org/,dns,https://explorer.ooni.org/m/20260402064608.028744_KR_webconnectivity_7fd07b7993cfb7e5
http://torrent82.com/,ok,https://explorer.ooni.org/m/20260402064611.481127_KR_webconnectivity_09564f33c339156b
https://safeabortionpills.org/,http-failure,https://explorer.ooni.org/m/20260402064614.886945_KR_webconnectivity_13d09d3a62581fda
https://9gag.com/,dns,https://explorer.ooni.org/m/20260402064617.180567_KR_webconnectivity_b9ecb6f4f4351488
https://abs.twimg.com/sticky/default_profile_images/default_profile_normal.png,ok,https://explorer.ooni.org/m/20260402064619.550603_KR_webconnectivity_a2d6bfe6d99bc3f0
https://badoo.com/,dns,https://explorer.ooni.org/m/20260402064620.550287_KR_webconnectivity_aa37d0f6d8c539dd
http://blogmarks.net/,dns,https://explorer.ooni.org/m/20260402064622.082412_KR_webconnectivity_3e24a3b20822f678
https://cdn.fbsbx.com/favicon.ico,dns,https://explorer.ooni.org/m/20260402064623.404580_KR_webconnectivity_7b96f7d5f4321461
https://edge-chat.instagram.com/robots.txt,ok,https://explorer.ooni.org/m/20260402064636.585884_KR_webconnectivity_c5f7edcba60228ec
https://edge-mqtt.facebook.com/favicon.ico,ok,https://explorer.ooni.org/m/20260402064640.609185_KR_webconnectivity_caad5e492076618b
https://fbcdn.net/robots.txt,ok,https://explorer.ooni.org/m/20260402064648.879759_KR_webconnectivity_18c964cbfbf429d7
https://myspace.com/,error,https://explorer.ooni.org/m/20260402064700.588723_KR_webconnectivity_9200c91e0824c80e
https://ntc.party/,dns,https://explorer.ooni.org/m/20260402064706.846109_KR_webconnectivity_4e2eaddb77b0369c
https://qph.fs.quoracdn.net/main-thumb-1117688072-200-uijiqfjcmlvaxczdrlawbgyaomfocdnt.jpeg,ok,https://explorer.ooni.org/m/20260402064708.582527_KR_webconnectivity_7f47380953718510
https://qsbr.fs.quoracdn.net/-4-web.entry.js.out-34-8f7d03da0b7a24ae.webpack,ok,https://explorer.ooni.org/m/20260402064713.990538_KR_webconnectivity_df6f47de52025ed4
https://scontent-frt3-2.cdninstagram.com/favicon.ico,ok,https://explorer.ooni.org/m/20260402064715.374245_KR_webconnectivity_643d2baeec3fe5f4
https://scontent.cdninstagram.com/robots.txt,ok,https://explorer.ooni.org/m/20260402064718.398113_KR_webconnectivity_da99527fedcb86d1
https://secondlife.com/,dns,https://explorer.ooni.org/m/20260402064719.580235_KR_webconnectivity_974d3ffe12073b45
https://styles.redditmedia.com/robots.txt,ok,https://explorer.ooni.org/m/20260402064721.538779_KR_webconnectivity_c6ed29d4726d2be1
https://tinder.com/,dns,https://explorer.ooni.org/m/20260402064722.752369_KR_webconnectivity_5fde8819967cbf6e
https://triller.co/,error,https://explorer.ooni.org/m/20260402064724.097061_KR_webconnectivity_5a7338ff066160c6
https://upload.twitter.com/robots.txt,ok,https://explorer.ooni.org/m/20260402064725.475590_KR_webconnectivity_8c948a65457da213
https://video.cdninstagram.com/favicon.ico,ok,https://explorer.ooni.org/m/20260402064731.769662_KR_webconnectivity_240015f7f361c4cd
https://www.4chan.org/,dns,https://explorer.ooni.org/m/20260402064733.957567_KR_webconnectivity_58a31a509773ab4b
https://www.clubhouseapi.com/,ok,https://explorer.ooni.org/m/20260402064737.677471_KR_webconnectivity_097a723b9bd9a109
https://www.meetme.com/,dns,https://explorer.ooni.org/m/20260402064739.675564_KR_webconnectivity_1e0056d5f773f8ef
https://www.meetup.com/,dns,https://explorer.ooni.org/m/20260402064740.637825_KR_webconnectivity_4a94bd7cafbc060b
https://www.quora.com/,ok,https://explorer.ooni.org/m/20260402064747.673012_KR_webconnectivity_432c401ba6403f69
https://www.redditstatic.com/robots.txt,ok,https://explorer.ooni.org/m/20260402064749.537515_KR_webconnectivity_8fd96bdb443a3183
https://www.trendsmap.com/,tcp_ip,https://explorer.ooni.org/m/20260402064751.039303_KR_webconnectivity_d557ecf7a06deba9
https://www.yubo.live/,ok,https://explorer.ooni.org/m/20260402064801.075511_KR_webconnectivity_570bb2b2081d6abe
https://signal.org/,ok,https://explorer.ooni.org/m/20260402064805.271982_KR_webconnectivity_b7a7d03e4706bd24
https://www.snapchat.com/,ok,https://explorer.ooni.org/m/20260402064810.325069_KR_webconnectivity_df0a165213ad63f0
https://www.viber.com/,ok,https://explorer.ooni.org/m/20260402064820.726609_KR_webconnectivity_bfd74f35b1c4d2b9
https://www.whatsapp.com/,ok,https://explorer.ooni.org/m/20260402064834.174276_KR_webconnectivity_46bc9cd9bc374127
https://beeg.com/,dns,https://explorer.ooni.org/m/20260402064835.403629_KR_webconnectivity_9a4c8f21eb69acd0
http://hotgaylist.com/,dns,https://explorer.ooni.org/m/20260402064836.110275_KR_webconnectivity_12585273b8c3d953
https://uk.match.com/,dns,https://explorer.ooni.org/m/20260402064837.847396_KR_webconnectivity_e0f8090e74084599
https://www.agentprovocateur.com/,dns,https://explorer.ooni.org/m/20260402064839.071346_KR_webconnectivity_44b941f596945be0
http://www.betfair.com/,dns,https://explorer.ooni.org/m/20260402064840.149085_KR_webconnectivity_187740dc17802be9
https://www.cannaweed.com/,dns,https://explorer.ooni.org/m/20260402064841.406366_KR_webconnectivity_8b9b4e48e0a9cfda
http://www.koreancupid.com/,dns,https://explorer.ooni.org/m/20260402064843.278502_KR_webconnectivity_ff66c6d26a216410
http://www.lasenza.com/,dns,https://explorer.ooni.org/m/20260402064844.953730_KR_webconnectivity_a917ede4f5cb2af6
https://www.match.com/,dns,https://explorer.ooni.org/m/20260402064846.641673_KR_webconnectivity_6495393db995f03c
http://www.pokerstars.com/,dns,https://explorer.ooni.org/m/20260402064847.998906_KR_webconnectivity_257b765687458d4a
https://www.pornhub.com/,dns,https://explorer.ooni.org/m/20260402064849.167448_KR_webconnectivity_d2e84dc234efedaf
https://airvpn.org/,dns,https://explorer.ooni.org/m/20260402064850.212891_KR_webconnectivity_a534e92cb93de9fd
https://allout.org/,dns,https://explorer.ooni.org/m/20260402064852.205593_KR_webconnectivity_ed65aaa0aaccf2fc
https://allthefallen.moe/,dns,https://explorer.ooni.org/m/20260402064855.274379_KR_webconnectivity_e6a7aeaee39cabdb
https://anon.inf.tu-dresden.de/,dns,https://explorer.ooni.org/m/20260402064856.750213_KR_webconnectivity_35f76cb17df96a74
https://banthis.tv/,dns,https://explorer.ooni.org/m/20260402064859.898092_KR_webconnectivity_387de2d8c129f64e
http://beyondexgay.com/,http-diff,https://explorer.ooni.org/m/20260402064910.756016_KR_webconnectivity_9bd85c300f46d84d
https://bi.org/,dns,https://explorer.ooni.org/m/20260402064913.532336_KR_webconnectivity_5074d110d92f769f
https://boingboing.net/,dns,https://explorer.ooni.org/m/20260402064915.745147_KR_webconnectivity_f3d729acaf05be92
https://bricspress.live/,dns,https://explorer.ooni.org/m/20260402064916.470892_KR_webconnectivity_d9d3ae4feed12656
https://bridges.torproject.org/,dns,https://explorer.ooni.org/m/20260402064920.290276_KR_webconnectivity_c678d4d22a8cd87d
https://btguard.com/,dns,https://explorer.ooni.org/m/20260402064931.337690_KR_webconnectivity_54085d84b4671670
https://carafem.org/,dns,https://explorer.ooni.org/m/20260402064932.504734_KR_webconnectivity_6d31c083419f2712
https://ccrjustice.org/,ok,https://explorer.ooni.org/m/20260402064936.476879_KR_webconnectivity_54965e0fba072e72
https://cdns.grindr.com/,dns,https://explorer.ooni.org/m/20260402065002.402783_KR_webconnectivity_66beb6e44b2a3abe
https://censorship.no/,dns,https://explorer.ooni.org/m/20260402065020.527876_KR_webconnectivity_a379f1d1c6685338
http://comingout.narun.net/,ok,https://explorer.ooni.org/m/20260402065038.650231_KR_webconnectivity_5df8514ac066f950
https://creativecommons.org/,dns,https://explorer.ooni.org/m/20260402065054.665367_KR_webconnectivity_f4b86c049254b254
https://dartcenter.org/,ok,https://explorer.ooni.org/m/20260402065112.319830_KR_webconnectivity_5b0037d4e1d3a1d2
https://docs.mvt.re/,dns,https://explorer.ooni.org/m/20260402065129.149152_KR_webconnectivity_f235eb18e7c4e40a
http://english.chosun.com/,ok,https://explorer.ooni.org/m/20260402065145.630627_KR_webconnectivity_ab428aaf4eaea2b2
https://explorer.ooni.org/,ok,https://explorer.ooni.org/m/20260402065205.508625_KR_webconnectivity_51946c109361dd2a
https://freenetproject.org/,dns,https://explorer.ooni.org/m/20260402065221.370771_KR_webconnectivity_bde556aec0b49887
https://freesocks.org/,dns,https://explorer.ooni.org/m/20260402065224.263521_KR_webconnectivity_d146ac0236324232
https://freespeech.org/,dns,https://explorer.ooni.org/m/20260402065225.344151_KR_webconnectivity_7965af9542de4ee5
http://gaytoday.com/,dns,https://explorer.ooni.org/m/20260402065227.810264_KR_webconnectivity_f32d4307f3e147d2
https://grindr.mobi/,ok,https://explorer.ooni.org/m/20260402065230.748058_KR_webconnectivity_d9098003ae6ee875
https://multiproxy.org/,dns,https://explorer.ooni.org/m/20260402065246.684652_KR_webconnectivity_9d3ab5e27cdf98b9
http://nkhumanrights.or.kr/,ok,https://explorer.ooni.org/m/20260402065251.727107_KR_webconnectivity_3a003d982768388f
https://nordvpn.com/,ok,https://explorer.ooni.org/m/20260402065253.954597_KR_webconnectivity_1588ab1e7c0de6e1
http://northkoreatech.org/,ok,https://explorer.ooni.org/m/20260402065256.589331_KR_webconnectivity_9fa4656f290b7f87
https://ooni.org/,ok,https://explorer.ooni.org/m/20260402065259.407563_KR_webconnectivity_d57e61849b5ea457
https://openvpn.net/,dns,https://explorer.ooni.org/m/20260402065301.007615_KR_webconnectivity_0885eb25fe094f5f
https://proxify.com/,dns,https://explorer.ooni.org/m/20260402065302.441078_KR_webconnectivity_bee1f947e2732a9e
https://resurj.org/,dns,https://explorer.ooni.org/m/20260402065303.672404_KR_webconnectivity_0f986d1bc04f21a2
http://russia.tv/,ok,https://explorer.ooni.org/m/20260402065307.156445_KR_webconnectivity_189c3f6af6dd2916
https://strongvpn.com/,dns,https://explorer.ooni.org/m/20260402065308.101641_KR_webconnectivity_1aaec563731b00f4
https://thegailygrind.com/,dns,https://explorer.ooni.org/m/20260402065309.683326_KR_webconnectivity_d5ef7dd6b010e50d
http://times.hankooki.com/,dns,https://explorer.ooni.org/m/20260402065311.686211_KR_webconnectivity_0b62ab1823d1faf3
https://www.arabnews.com/,ok,https://explorer.ooni.org/m/20260402065314.616597_KR_webconnectivity_9ba75e5ff049082a
https://www.article19.org/,ok,https://explorer.ooni.org/m/20260402065317.322244_KR_webconnectivity_77b98b4b3ce8b5b3
http://www.cawinfo.org/,dns,https://explorer.ooni.org/m/20260402065333.748443_KR_webconnectivity_ce67ac664b36e701
https://www.echr.coe.int/,ok,https://explorer.ooni.org/m/20260402065337.141985_KR_webconnectivity_b3f5442319447e1d
https://www.mc-doualiya.com/,ok,https://explorer.ooni.org/m/20260402065339.401700_KR_webconnectivity_aeefb09393aa03ea
https://www.pubg.com/,dns,https://explorer.ooni.org/m/20260402065340.141858_KR_webconnectivity_c3829ed5441f4dd4
https://www.xbox.com/,dns,https://explorer.ooni.org/m/20260402065341.161356_KR_webconnectivity_75b9cd04073559d9
https://mail.yandex.ru/,dns,https://explorer.ooni.org/m/20260402065342.297441_KR_webconnectivity_c74e8082644bbd36
https://presearch.com/,ok,https://explorer.ooni.org/m/20260402065344.326154_KR_webconnectivity_157e08ea17cdd503
http://www.kissphoto.net/,ok,https://explorer.ooni.org/m/20260402065346.752395_KR_webconnectivity_9a8af38eb8835920
https://www.doctissimo.fr/,dns,https://explorer.ooni.org/m/20260402065345.096885_KR_webconnectivity_fe6bc376f69dab6a
https://www.tumblr.com/,dns,https://explorer.ooni.org/m/20260402065347.894591_KR_webconnectivity_f87dc9091da03333
https://bsky.app/,ok,https://explorer.ooni.org/m/20260402065351.810421_KR_webconnectivity_9c9fcb3f6388c45d
https://clubhouse.pubnub.com/,ok,https://explorer.ooni.org/m/20260402065355.683495_KR_webconnectivity_279f4d19485e4cc5
https://external.xx.fbcdn.net/robots.txt,ok,https://explorer.ooni.org/m/20260402065358.399003_KR_webconnectivity_0e205a5af88b3926
https://gettr.com/,ok,https://explorer.ooni.org/m/20260402065401.585981_KR_webconnectivity_69130f2a8c56f68c
https://i.instagram.com/robots.txt,ok,https://explorer.ooni.org/m/20260402065405.610518_KR_webconnectivity_5b2b3b5d6131c4c0
https://mastodon.social/,ok,https://explorer.ooni.org/m/20260402065412.497284_KR_webconnectivity_013083aa2908ee89
https://preview.redd.it/robots.txt,ok,https://explorer.ooni.org/m/20260402065414.119539_KR_webconnectivity_4af7bf01d1670e66
https://scontent.xx.fbcdn.net/robots.txt,ok,https://explorer.ooni.org/m/20260402065416.190861_KR_webconnectivity_83b761675c6f2433
https://static.cdninstagram.com/robots.txt,ok,https://explorer.ooni.org/m/20260402065418.484882_KR_webconnectivity_2310b83f287470d3
https://staticxx.facebook.com/robots.txt,ok,https://explorer.ooni.org/m/20260402065421.039601_KR_webconnectivity_908f3494fdd9197e
https://valence.community/,ok,https://explorer.ooni.org/m/20260402065423.834613_KR_webconnectivity_2b3a350822f29c93
https://web.facebook.com/robots.txt,ok,https://explorer.ooni.org/m/20260402065428.978054_KR_webconnectivity_87234e9e47de11f8
https://www.clubhouse.com/,ok,https://explorer.ooni.org/m/20260402065432.367068_KR_webconnectivity_a172accbf52af8d1
https://www.imqq.com/,ok,https://explorer.ooni.org/m/20260402065434.544363_KR_webconnectivity_d921d0fc380e5b3e
https://www.joinclubhouse.com/,ok,https://explorer.ooni.org/m/20260402065437.308365_KR_webconnectivity_b77042c89c51f37b
https://www.worldpulse.com/,ok,https://explorer.ooni.org/m/20260402065440.026477_KR_webconnectivity_6abff52549815a85
https://t.co/,dns,https://explorer.ooni.org/m/20260402065441.371016_KR_webconnectivity_bc35eeb2ca88c171
https://afterellen.com/,ok,https://explorer.ooni.org/m/20260402065444.640615_KR_webconnectivity_c6c96bccbbcb2133
https://cdt.org/,ok,https://explorer.ooni.org/m/20260402065449.064140_KR_webconnectivity_f2787711ecf6e2b6
https://cryptome.org/,dns,https://explorer.ooni.org/m/20260402065450.873639_KR_webconnectivity_34496ad923a333ec
http://freedom.jinbo.net/,ok,https://explorer.ooni.org/m/20260402065454.075064_KR_webconnectivity_56acb9e907459e27
https://getintra.org/,ok,https://explorer.ooni.org/m/20260402065459.595169_KR_webconnectivity_c62ec700394f5ade
https://getoutline.org/,ok,https://explorer.ooni.org/m/20260402065504.283259_KR_webconnectivity_3633826f4792c96d
https://gijn.org/,ok,https://explorer.ooni.org/m/20260402065505.770291_KR_webconnectivity_09ff2f34b1f709cf
http://hrnet.jinbo.net/,ok,https://explorer.ooni.org/m/20260402065508.917503_KR_webconnectivity_c509cf519cfaff61
https://iyfglobal.org/,ok,https://explorer.ooni.org/m/20260402065512.236490_KR_webconnectivity_d112ce4e23a54507
http://kscrc.org/,ok,https://explorer.ooni.org/m/20260402065515.278047_KR_webconnectivity_04615156f2a0cbf3
https://lalgbtcenter.org/,ok,https://explorer.ooni.org/m/20260402065517.412644_KR_webconnectivity_468419ac029f8781
https://lgbtnewsnow.org/,http-failure,https://explorer.ooni.org/m/20260402065519.493022_KR_webconnectivity_87156fd2fd2260e8
https://mask-h2.icloud.com/,error,https://explorer.ooni.org/m/20260402065521.532416_KR_webconnectivity_b9484bc69274b88f
https://minorityrights.org/,ok,https://explorer.ooni.org/m/20260402065523.268836_KR_webconnectivity_87dbbec6d1811cb8
https://orbot.app/,ok,https://explorer.ooni.org/m/20260402065525.347219_KR_webconnectivity_a7b037a36ad88071
https://radiofreel.github.io/,ok,https://explorer.ooni.org/m/20260402065530.583850_KR_webconnectivity_85fa56c9837b4bb0
https://transfemscience.org/,ok,https://explorer.ooni.org/m/20260402065535.289123_KR_webconnectivity_cace97bec50a9a6e
https://unredacted.org/,ok,https://explorer.ooni.org/m/20260402065538.402774_KR_webconnectivity_8d9d68f1f2dbd30e
https://www.bnaibrith.org/,ok,https://explorer.ooni.org/m/20260402065541.334890_KR_webconnectivity_1ac46a29673ce2d6
https://www.business-humanrights.org/,ok,https://explorer.ooni.org/m/20260402065544.439828_KR_webconnectivity_4587b675e850b71e
https://www.exgay.com/,ok,https://explorer.ooni.org/m/20260402065546.200559_KR_webconnectivity_4d6b69d3fb96454f
https://www.ft.com/,ok,https://explorer.ooni.org/m/20260402065555.866114_KR_webconnectivity_9fcd4daa57133d2d
http://www.glbtqarchive.com/,ok,https://explorer.ooni.org/m/20260402065557.964623_KR_webconnectivity_9510ba652a086396
https://www.ictj.org/,ok,https://explorer.ooni.org/m/20260402065607.550215_KR_webconnectivity_d30d8d968c16236a
https://www.ijm.org/,ok,https://explorer.ooni.org/m/20260402065619.658252_KR_webconnectivity_c9db13f930ed5208
https://www.infomigrants.net/,ok,https://explorer.ooni.org/m/20260402065623.221446_KR_webconnectivity_808bb5075d117eed
http://www.inochong.org/,ok,https://explorer.ooni.org/m/20260402065627.939439_KR_webconnectivity_17895a20683f48dd
http://www.isiswomen.org/,ok,https://explorer.ooni.org/m/20260402065632.550904_KR_webconnectivity_31cb9e2a10fa83d5
http://www.kqcf.org/,ok,https://explorer.ooni.org/m/20260402065633.716428_KR_webconnectivity_94d7a62cb79fabfc
http://www.mizzima.com/,ok,https://explorer.ooni.org/m/20260402065635.534509_KR_webconnectivity_1c2b51f25020b346
https://www.pinknews.co.uk/,http-failure,https://explorer.ooni.org/m/20260402065638.068442_KR_webconnectivity_9d8b0f093c1bd802
http://www.sp.or.kr/,dns,https://explorer.ooni.org/m/20260402065642.128473_KR_webconnectivity_8f91ff13c56891af
https://www.unhcr.org/,ok,https://explorer.ooni.org/m/20260402065644.340183_KR_webconnectivity_886fca43188c56b9
http://www.vop.co.kr/,error,https://explorer.ooni.org/m/20260402065701.361805_KR_webconnectivity_97422c8f48116432
https://eztv.re/,dns,https://explorer.ooni.org/m/20260402065703.055594_KR_webconnectivity_2ace9732f472dafe
https://newalbumreleases.net/,dns,https://explorer.ooni.org/m/20260402065705.306221_KR_webconnectivity_e900374d3116885d
https://app.element.io/,ok,https://explorer.ooni.org/m/20260402065707.324101_KR_webconnectivity_7837a2e11850f146
https://journals.lww.com/,ok,https://explorer.ooni.org/m/20260402065710.327161_KR_webconnectivity_3f3e8b6a9a3bff08
https://kick.com/,dns,https://explorer.ooni.org/m/20260402065711.979309_KR_webconnectivity_97992bcdb15cf909
https://matrix-client.matrix.org/_matrix/client/versions,ok,https://explorer.ooni.org/m/20260402065714.447484_KR_webconnectivity_dcaf1cad9c004538
https://mmg.whatsapp.net/robots.txt,ok,https://explorer.ooni.org/m/20260402065716.296639_KR_webconnectivity_ff761a91a92590b7
https://odysee.com/,ok,https://explorer.ooni.org/m/20260402065719.350340_KR_webconnectivity_0c120b825ebd4ea6
https://st1.zoom.us/zoom.ico,ok,https://explorer.ooni.org/m/20260402065721.783034_KR_webconnectivity_9062d27f8acc4e58
http://www.dogpile.com/,ok,https://explorer.ooni.org/m/20260402065723.996894_KR_webconnectivity_cbc94d98a1729126
https://www.health.com/,ok,https://explorer.ooni.org/m/20260402065726.582626_KR_webconnectivity_6bf551927b74874c
https://www.msf.org/,ok,https://explorer.ooni.org/m/20260402065733.814333_KR_webconnectivity_1aec097136ff8c95
http://www.transwhiz.com/,ok,https://explorer.ooni.org/m/20260402065738.135626_KR_webconnectivity_3c451cab40f9c4c3
http://www.zzn.com/,ok,https://explorer.ooni.org/m/20260402065740.137353_KR_webconnectivity_de9edd90966fc938
https://i.pinimg.com/236x/78/6e/00/786e00eab219eca59803d118fbe0feb3.jpg,ok,https://explorer.ooni.org/m/20260402065744.226435_KR_webconnectivity_f122369e4c906f5a
https://joinmastodon.org/,ok,https://explorer.ooni.org/m/20260402065800.997080_KR_webconnectivity_a45b8203687fad2c
https://locals.com/,ok,https://explorer.ooni.org/m/20260402065814.814130_KR_webconnectivity_0251d40586d8f738
https://mastodon.cloud/,ok,https://explorer.ooni.org/m/20260402065820.187010_KR_webconnectivity_494b9b264f9ebff1
https://mstdn.io/,ok,https://explorer.ooni.org/m/20260402065825.029471_KR_webconnectivity_2b72c005798c46bf
https://mstdn.jp/,ok,https://explorer.ooni.org/m/20260402065828.833648_KR_webconnectivity_87d275376c2fc186
https://pbs.twimg.com/profile_images/941658150889054208/lFeD3554_200x200.jpg,ok,https://explorer.ooni.org/m/20260402065830.823155_KR_webconnectivity_0b137b7e90a23dd4
https://pixelfed.social/,ok,https://explorer.ooni.org/m/20260402065834.649154_KR_webconnectivity_abfa377f507c306f
https://s.pinimg.com/robots.txt,ok,https://explorer.ooni.org/m/20260402065836.891029_KR_webconnectivity_6aa2e80fbe046fcd
https://scontent-vie1-1.cdninstagram.com/favicon.ico,ok,https://explorer.ooni.org/m/20260402065839.786060_KR_webconnectivity_d3418430a659fbbd
https://untappd.com/,ok,https://explorer.ooni.org/m/20260402065851.947921_KR_webconnectivity_b0a8272fd82a1d06
https://video.twimg.com/tweet_video/EC6DSXDXsAEhHAa.mp4,ok,https://explorer.ooni.org/m/20260402065857.333001_KR_webconnectivity_a42c5d5433454c91
https://www.hootsuite.com/,ok,https://explorer.ooni.org/m/20260402065908.378005_KR_webconnectivity_880a01889036fd40
https://www.linkedin.com/,ok,https://explorer.ooni.org/m/20260402065921.569795_KR_webconnectivity_aebef50c6a712549
https://www.minds.com/,ok,https://explorer.ooni.org/m/20260402065931.336531_KR_webconnectivity_97313a51b361711e
https://www.patreon.com/,ok,https://explorer.ooni.org/m/20260402065942.277148_KR_webconnectivity_47e61ae609add543
https://www.blueskyswimwear.com/,dns,https://explorer.ooni.org/m/20260402065943.374225_KR_webconnectivity_125a638aa6044295
http://www.neonjoint.com/,dns,https://explorer.ooni.org/m/20260402065944.699294_KR_webconnectivity_35a10d6e8c2037c0
http://www.online-dating.org/,dns,https://explorer.ooni.org/m/20260402065947.626961_KR_webconnectivity_1e2154048530a437
http://www.thegooddrugsguide.com/,dns,https://explorer.ooni.org/m/20260402065949.489819_KR_webconnectivity_1aa98c8e9e9774bb
https://www.xnxx.com/,dns,https://explorer.ooni.org/m/20260402065950.674290_KR_webconnectivity_53bbd3c3e30298a5
https://www.reddit.com/,dns,https://explorer.ooni.org/m/20260402065952.625781_KR_webconnectivity_8080fabdbec2e5b3
http://416family.org/,ok,https://explorer.ooni.org/m/20260402065955.599789_KR_webconnectivity_39242da1699ef3dc
https://abortion-pills.org/,http-failure,https://explorer.ooni.org/m/20260402065957.227618_KR_webconnectivity_6f6aa9c1508ba56d
https://defenddefenders.org/,ok,https://explorer.ooni.org/m/20260402065959.320527_KR_webconnectivity_0e6816f24c159577
https://equal-eyes.org/,ok,https://explorer.ooni.org/m/20260402070013.193209_KR_webconnectivity_78d34de6fdf77e8b
https://foreignpolicy.com/,ok,https://explorer.ooni.org/m/20260402070027.898456_KR_webconnectivity_52a269e60f7f83b3
https://globalvoices.org/,error,https://explorer.ooni.org/m/20260402070048.565493_KR_webconnectivity_ab04950386b9a139
http://hcy.jinbo.net/,ok,https://explorer.ooni.org/m/20260402070051.604530_KR_webconnectivity_f06b48893abf8954
http://joins.com/,ok,https://explorer.ooni.org/m/20260402070053.206056_KR_webconnectivity_9b5411ac288226eb
http://lambdalegal.org/,ok,https://explorer.ooni.org/m/20260402070103.005596_KR_webconnectivity_7c84cbf3b95e781d
http://leftworkers.org/,ok,https://explorer.ooni.org/m/20260402070104.579257_KR_webconnectivity_e64aa1237753ca86
https://lgbtvacationplanners.com/,error,https://explorer.ooni.org/m/20260402070107.029133_KR_webconnectivity_37e265d62ca7d9b4
http://napo.jinbo.net/,ok,https://explorer.ooni.org/m/20260402070109.495142_KR_webconnectivity_e2d50110878d5962
https://nypost.com/,ok,https://explorer.ooni.org/m/20260402070121.973192_KR_webconnectivity_1bb6069ec1fbbf60
https://onionshare.org/,ok,https://explorer.ooni.org/m/20260402070125.220720_KR_webconnectivity_0e2f84237987dd31
https://opennet.net/,ok,https://explorer.ooni.org/m/20260402070140.141170_KR_webconnectivity_fb7bd7ea5347ce15
http://opennet.or.kr/,ok,https://explorer.ooni.org/m/20260402070156.116037_KR_webconnectivity_7ec142a7e217d40c
https://otr.cypherpunks.ca/,ok,https://explorer.ooni.org/m/20260402070202.687443_KR_webconnectivity_8cccac00cd5d1a0d
https://ourworldindata.org/,ok,https://explorer.ooni.org/m/20260402070214.676317_KR_webconnectivity_761039c2a06179ec
http://outpridekorea.com/,dns,https://explorer.ooni.org/m/20260402070230.869975_KR_webconnectivity_5066f630fafe4b68
https://outrightinternational.org/,ok,https://explorer.ooni.org/m/20260402070244.125584_KR_webconnectivity_abab3e1ad7d8f3e5
http://peacekorea.org/,ok,https://explorer.ooni.org/m/20260402070249.837275_KR_webconnectivity_83b5c8905eccbc8e
https://pirateparty.org.au/,ok,https://explorer.ooni.org/m/20260402070257.752077_KR_webconnectivity_69fd74f64119d5ae
http://poor.jinbo.net/,ok,https://explorer.ooni.org/m/20260402070305.590134_KR_webconnectivity_cdd7caead8146651
http://ppss.kr/,ok,https://explorer.ooni.org/m/20260402070321.332555_KR_webconnectivity_4586d01fe42f8a7a
https://pridesource.com/,ok,https://explorer.ooni.org/m/20260402070331.262728_KR_webconnectivity_fafd7e733edbf951
https://prism-break.org/,ok,https://explorer.ooni.org/m/20260402070334.249323_KR_webconnectivity_afc5cd2a85875b30
https://proton.me/,ok,https://explorer.ooni.org/m/20260402070344.324439_KR_webconnectivity_378493af5566c286
https://protonvpn.com/,http-failure,https://explorer.ooni.org/m/20260402070406.865092_KR_webconnectivity_c413637abccaac43
http://proxy.org/,dns,https://explorer.ooni.org/m/20260402070422.830732_KR_webconnectivity_cfea18438307ee5f
http://proxytools.sourceforge.net/,ok,https://explorer.ooni.org/m/20260402070426.710416_KR_webconnectivity_1d874cb49c5dfbed
http://pssp.org/,ok,https://explorer.ooni.org/m/20260402070435.926588_KR_webconnectivity_c1f58ef225c9094a
https://queernet-rlp.de/,ok,https://explorer.ooni.org/m/20260402070448.808081_KR_webconnectivity_a4740efb3e328579
https://radiofreel.gitlab.io/,ok,https://explorer.ooni.org/m/20260402070452.726597_KR_webconnectivity_84f9d48636d4b735
https://reclaimthenet.org/,ok,https://explorer.ooni.org/m/20260402070502.358064_KR_webconnectivity_0051c195810db8bf
https://reliefweb.int/,ok,https://explorer.ooni.org/m/20260402070515.723698_KR_webconnectivity_7af1a33410609d1b
https://remailer.paranoici.org/,ok,https://explorer.ooni.org/m/20260402070519.831641_KR_webconnectivity_cd6024676166b467
https://ren.tv/,ok,https://explorer.ooni.org/m/20260402070533.541348_KR_webconnectivity_c280e2d38dd4d50c
https://reproductiverights.org/,ok,https://explorer.ooni.org/m/20260402070544.720379_KR_webconnectivity_033f79dfe12a564f
https://ria.ru/,ok,https://explorer.ooni.org/m/20260402070559.601550_KR_webconnectivity_7bcc6e18e305b987
http://rodong.rep.kp/,dns,https://explorer.ooni.org/m/20260402070624.264334_KR_webconnectivity_87681300a0771af5
https://rsf.org/,ok,https://explorer.ooni.org/m/20260402070641.104781_KR_webconnectivity_9765df8ccbad945d
https://rtr-planeta.com/,ok,https://explorer.ooni.org/m/20260402070650.936929_KR_webconnectivity_7cea6f6633572ee7
http://sadd.or.kr/,ok,https://explorer.ooni.org/m/20260402070704.697913_KR_webconnectivity_b66002c8ab5c8d79
https://safeabortionpill.org/,ok,https://explorer.ooni.org/m/20260402070708.728302_KR_webconnectivity_9de03e5aaae511d1
https://safeabortionpills.com/,ok,https://explorer.ooni.org/m/20260402070712.887501_KR_webconnectivity_988e9571ff2e8982
http://samugol.net/,ok,https://explorer.ooni.org/m/20260402070716.116484_KR_webconnectivity_48a01d4424a8e766
https://sandbox.cryptpad.info/,ok,https://explorer.ooni.org/m/20260402070719.259438_KR_webconnectivity_eb70dc09c18331a6
https://sea-watch.org/,ok,https://explorer.ooni.org/m/20260402070735.270551_KR_webconnectivity_4e55f3da5e8c1aaf
http://seapa.wordpress.com/,ok,https://explorer.ooni.org/m/20260402070745.322497_KR_webconnectivity_3f57ed64910aca7f
https://secfirst.org/,error,https://explorer.ooni.org/m/20260402070747.724568_KR_webconnectivity_c992ac3359003827
https://secure.avaaz.org/,ok,https://explorer.ooni.org/m/20260402070756.338090_KR_webconnectivity_703007312a90f21e
http://seoul.nodong.org/,ok,https://explorer.ooni.org/m/20260402070802.622933_KR_webconnectivity_65e87915f13ab322
http://service.nodong.org/,ok,https://explorer.ooni.org/m/20260402070819.158571_KR_webconnectivity_533be29ccf750d4c
http://sewolho416.org/,ok,https://explorer.ooni.org/m/20260402070827.494036_KR_webconnectivity_6cfe1d58c00c8e1b
https://slashdot.org/,ok,https://explorer.ooni.org/m/20260402070841.597317_KR_webconnectivity_4d29356eb342524e
https://slate.com/,ok,https://explorer.ooni.org/m/20260402070854.794485_KR_webconnectivity_6b8821bab25822de
http://slownews.kr/,ok,https://explorer.ooni.org/m/20260402070904.444985_KR_webconnectivity_c6bf7a374047ed6c
https://southfeministfutures.org/,ok,https://explorer.ooni.org/m/20260402070915.555913_KR_webconnectivity_2c35f1c0255d31cd
https://sputniknews.cn/,ok,https://explorer.ooni.org/m/20260402070935.616489_KR_webconnectivity_586773140e186726
https://sputniknews.com/,http-failure,https://explorer.ooni.org/m/20260402070939.558606_KR_webconnectivity_01799dc3cf5efbdc
https://ssd.eff.org/,ok,https://explorer.ooni.org/m/20260402070944.220777_KR_webconnectivity_3696d21a2ef92c8d
https://substack.com/,ok,https://explorer.ooni.org/m/20260402070951.108228_KR_webconnectivity_82ebee7de26c75fb
http://surprise.or.kr/board/,ok,https://explorer.ooni.org/m/20260402070956.389494_KR_webconnectivity_02ed462fa33a058e
https://tacticaltech.org/,ok,https://explorer.ooni.org/m/20260402071012.188459_KR_webconnectivity_d5b8fb9f89a24d91
https://tails.net/,ok,https://explorer.ooni.org/m/20260402071018.308936_KR_webconnectivity_81466297ce2750eb
https://tdov.org/,ok,https://explorer.ooni.org/m/20260402071027.045775_KR_webconnectivity_4b7f67a5a183adfb
https://theglobalobservatory.org/,ok,https://explorer.ooni.org/m/20260402071038.468396_KR_webconnectivity_95e83aaf9462ce3d
http://theimpeter.com/,error,https://explorer.ooni.org/m/20260402071057.584046_KR_webconnectivity_ca368d52cbf44693
https://theintercept.com/,ok,https://explorer.ooni.org/m/20260402071108.384488_KR_webconnectivity_66f5e67ee0209e09
https://threema.ch/,ok,https://explorer.ooni.org/m/20260402071122.529917_KR_webconnectivity_5dfab4ee7c0dd59e
https://timcast.com/,ok,https://explorer.ooni.org/m/20260402071134.049891_KR_webconnectivity_b3217925c77099bc
https://timesofindia.indiatimes.com/,ok,https://explorer.ooni.org/m/20260402071149.606891_KR_webconnectivity_48428dbdc1869270
https://transequality.org/,ok,https://explorer.ooni.org/m/20260402071202.868081_KR_webconnectivity_96642b54cd39bf18
http://transparency.or.kr/,ok,https://explorer.ooni.org/m/20260402071214.432460_KR_webconnectivity_d4f9723a5be13909
http://twokoreas.blogspot.com/,ok,https://explorer.ooni.org/m/20260402071223.679699_KR_webconnectivity_589071c588680fe7
https://tyt.com/,ok,https://explorer.ooni.org/m/20260402071236.597907_KR_webconnectivity_d4a1511b86a75aa2
https://unpo.org/,ok,https://explorer.ooni.org/m/20260402071248.108957_KR_webconnectivity_79f0c98bb64bfc7a
https://unwatch.org/,ok,https://explorer.ooni.org/m/20260402071301.805922_KR_webconnectivity_43832eb19b92d157
https://urgentactionfund.org/,ok,https://explorer.ooni.org/m/20260402071316.868227_KR_webconnectivity_b169a1de4cc4b450
https://veracrypt.fr/,ok,https://explorer.ooni.org/m/20260402071321.999440_KR_webconnectivity_b2a7ed0ed9374778
https://vgtrk.ru/,ok,https://explorer.ooni.org/m/20260402071331.619335_KR_webconnectivity_1ef9a6040e9bc3db
http://viewsnnews.com/,ok,https://explorer.ooni.org/m/20260402071340.340243_KR_webconnectivity_e0e139a923331cbd
http://vok.rep.kp/,dns,https://explorer.ooni.org/m/20260402071353.177053_KR_webconnectivity_399cd467c8a55e20
https://vuejs.org/,ok,https://explorer.ooni.org/m/20260402071403.524216_KR_webconnectivity_be2f556e83bac5af
http://wcollar.tistory.com/308,ok,https://explorer.ooni.org/m/20260402071411.243029_KR_webconnectivity_4e921e957d79a4c5
https://wearechange.org/,ok,https://explorer.ooni.org/m/20260402071424.169635_KR_webconnectivity_036bc002eab5e16a
https://wedo.org/,ok,https://explorer.ooni.org/m/20260402071437.027892_KR_webconnectivity_9475cbe448111c37
https://wfrtds.org/,ok,https://explorer.ooni.org/m/20260402071451.120479_KR_webconnectivity_37b09b126f42a114
https://whrdic.org/,ok,https://explorer.ooni.org/m/20260402071501.094983_KR_webconnectivity_0a4b1a9bdab13c1e
https://wickr.com/,ok,https://explorer.ooni.org/m/20260402071512.830340_KR_webconnectivity_3a5f81246a45c04e
https://wikileaks.org/,ok,https://explorer.ooni.org/m/20260402071518.609412_KR_webconnectivity_9399dde9a20fdd0a
https://women-on-web.kr/,ok,https://explorer.ooni.org/m/20260402071527.517282_KR_webconnectivity_5cf20ade02b61914
https://womeninblack.org/,ok,https://explorer.ooni.org/m/20260402071536.204735_KR_webconnectivity_db71164ffecb6c36
http://workingvoice.net/,http-failure,https://explorer.ooni.org/m/20260402071559.966957_KR_webconnectivity_6ddae3bc52cca305
https://world.internationalism.org/,ok,https://explorer.ooni.org/m/20260402071607.466759_KR_webconnectivity_d9d295971a3df2e4
https://www.1tv.ru/,ok,https://explorer.ooni.org/m/20260402071619.281979_KR_webconnectivity_ef41e9fee81f86b7
http://www.2016change.net/,ok,https://explorer.ooni.org/m/20260402071630.470942_KR_webconnectivity_7a3f33e5b302af21
https://www.404media.co/,ok,https://explorer.ooni.org/m/20260402071639.272922_KR_webconnectivity_27365c37bd96703e
https://www.access-unlocked.org/,ok,https://explorer.ooni.org/m/20260402071642.893998_KR_webconnectivity_f82b67148d72d0f7
https://www.accessnow.org/,ok,https://explorer.ooni.org/m/20260402071655.675608_KR_webconnectivity_6b5db9fe041c42e5
https://www.afp.com/,ok,https://explorer.ooni.org/m/20260402071708.310936_KR_webconnectivity_e5a09a27ace35074
https://www.ahram.org.eg/,ok,https://explorer.ooni.org/m/20260402071809.779619_KR_webconnectivity_0e96d0d4235b42d3
https://www.alarabiya.net/,ok,https://explorer.ooni.org/m/20260402071822.757716_KR_webconnectivity_87742c5b05550aad
https://www.alhurra.com/,ok,https://explorer.ooni.org/m/20260402071835.039790_KR_webconnectivity_14a239455308a0d1
https://www.aljazeera.com/,ok,https://explorer.ooni.org/m/20260402071848.413546_KR_webconnectivity_21520fb5c8bb582c
https://www.aljazeera.net/,ok,https://explorer.ooni.org/m/20260402071902.324224_KR_webconnectivity_e763cc8d483109cb
https://www.almanar.com.lb/,ok,https://explorer.ooni.org/m/20260402071910.551769_KR_webconnectivity_43a57b7ba6a7a12a
http://www.amnesty.or.kr/,ok,https://explorer.ooni.org/m/20260402071923.300117_KR_webconnectivity_c05d27aa69d02a76
https://www.amnesty.org/,ok,https://explorer.ooni.org/m/20260402071925.365982_KR_webconnectivity_e912d16b773cfdee
https://www.amnestyusa.org/,ok,https://explorer.ooni.org/m/20260402071937.711770_KR_webconnectivity_b67b46e8a5be4e19
http://www.amrc.org.hk/,ok,https://explorer.ooni.org/m/20260402071940.836470_KR_webconnectivity_58f3a6d78bc5ec1a
http://www.anarclan.net/,ok,https://explorer.ooni.org/m/20260402071942.963619_KR_webconnectivity_e0e8aa88dc4602ce
https://www.apt.ch/,ok,https://explorer.ooni.org/m/20260402071952.728853_KR_webconnectivity_c152048bdd3a658d
http://www.apwld.org/,http-failure,https://explorer.ooni.org/m/20260402072000.568285_KR_webconnectivity_0775352521f6131c
http://www.arrc-hre.com/,ok,https://explorer.ooni.org/m/20260402072027.143024_KR_webconnectivity_5b023bfdd3c7229d
http://www.asia-daily.com/,ok,https://explorer.ooni.org/m/20260402072031.286503_KR_webconnectivity_346baab245dc862e
http://www.asiafoundation.org/,ok,https://explorer.ooni.org/m/20260402072033.985673_KR_webconnectivity_9b3822d216d70cbb
http://www.asiamedia.ucla.edu/,tcp_ip,https://explorer.ooni.org/m/20260402072120.283178_KR_webconnectivity_d7839e1a8d3f0c11
http://www.asian-migrants.org/,http-failure,https://explorer.ooni.org/m/20260402072125.042357_KR_webconnectivity_75f247a1d27a8047
https://www.awid.org/,ok,https://explorer.ooni.org/m/20260402072130.875815_KR_webconnectivity_1461b1b98c1defd9
https://www.bbc.co.uk/,ok,https://explorer.ooni.org/m/20260402072147.929640_KR_webconnectivity_d8a187984c8518d9
https://www.bbc.com/,ok,https://explorer.ooni.org/m/20260402072200.745202_KR_webconnectivity_4b7b2ad5467c7ed9
https://www.benarnews.org/,ok,https://explorer.ooni.org/m/20260402072222.876806_KR_webconnectivity_0d87a75fbf161c4f
https://www.benedelman.org/,ok,https://explorer.ooni.org/m/20260402072234.734792_KR_webconnectivity_5405a4801e4da0db
http://www.bicommunitynews.co.uk/,ok,https://explorer.ooni.org/m/20260402072249.762902_KR_webconnectivity_a03097ccf5c008ac
https://www.bitmask.net/,ok,https://explorer.ooni.org/m/20260402072258.287050_KR_webconnectivity_b4216ea7d1c2037c
https://www.brookings.edu/,ok,https://explorer.ooni.org/m/20260402072312.069051_KR_webconnectivity_5f6512223a7d00d0
https://www.btselem.org/,ok,https://explorer.ooni.org/m/20260402072320.350215_KR_webconnectivity_4f76957722100581
http://www.buddy79.com/,ok,https://explorer.ooni.org/m/20260402072325.867100_KR_webconnectivity_91d61270b6decff1
https://www.buzzfeed.com/,ok,https://explorer.ooni.org/m/20260402072336.580919_KR_webconnectivity_d8754fbb7a2aea15
https://www.caritas.org/,ok,https://explorer.ooni.org/m/20260402072352.267879_KR_webconnectivity_862f44e435fba1a0
https://www.cartercenter.org/,ok,https://explorer.ooni.org/m/20260402072403.413333_KR_webconnectivity_3d414401d9468fc8
https://www.cbc.ca/,ok,https://explorer.ooni.org/m/20260402072412.538150_KR_webconnectivity_dd29628a45a55c18
https://www.cbsnews.com/,ok,https://explorer.ooni.org/m/20260402072427.034014_KR_webconnectivity_2eb54df6dc578083
http://www.ccdm.or.kr/,ok,https://explorer.ooni.org/m/20260402072440.451242_KR_webconnectivity_f3d577ee435576ba
http://www.cesr.org/,ok,https://explorer.ooni.org/m/20260402072453.768549_KR_webconnectivity_aa1b232d01b4df65
https://www.cfr.org/,ok,https://explorer.ooni.org/m/20260402072505.794877_KR_webconnectivity_ebae959117bb6f71
https://www.cgtn.com/,ok,https://explorer.ooni.org/m/20260402072519.419990_KR_webconnectivity_e6c84461ba21ce3c
https://www.change.org/,ok,https://explorer.ooni.org/m/20260402072530.101734_KR_webconnectivity_f7e2fdabbfd8021c
http://www.channelnewsasia.com/,ok,https://explorer.ooni.org/m/20260402072543.503912_KR_webconnectivity_aee4f493908b4e45
https://www.childrensdefense.org/,ok,https://explorer.ooni.org/m/20260402072554.986592_KR_webconnectivity_b2927e701e2dc9b5
https://www.chinadaily.com.cn/,ok,https://explorer.ooni.org/m/20260402072603.816136_KR_webconnectivity_8c882d82b7e62cf9
https://www.chinatimes.com/,ok,https://explorer.ooni.org/m/20260402072618.495546_KR_webconnectivity_8dd88464890245d0
http://www.chingusai.net/,dns,https://explorer.ooni.org/m/20260402072622.585301_KR_webconnectivity_6a9e22c8766804f4
http://www.chosun.com/,ok,https://explorer.ooni.org/m/20260402072634.079980_KR_webconnectivity_e86a0ede6a2ce7f2
https://www.cnbc.com/,ok,https://explorer.ooni.org/m/20260402072648.840624_KR_webconnectivity_471375ae74df3803
http://www.cnnasiapacific.com/,tcp_ip,https://explorer.ooni.org/m/20260402072734.626922_KR_webconnectivity_658cdc82395b4d15
https://www.cpj.org/,ok,https://explorer.ooni.org/m/20260402072744.728668_KR_webconnectivity_4ccd3eed010c7ccb
https://www.crisisgroup.org/,ok,https://explorer.ooni.org/m/20260402072755.070309_KR_webconnectivity_69ef88e5284aa29f
https://www.csmonitor.com/,ok,https://explorer.ooni.org/m/20260402072811.774876_KR_webconnectivity_98185ffd9313d4ca
https://www.currenttime.tv/,ok,https://explorer.ooni.org/m/20260402072829.935523_KR_webconnectivity_6bb2a1decad79216
http://www.cwgl.rutgers.edu/,ok,https://explorer.ooni.org/m/20260402072840.533983_KR_webconnectivity_64b3d43cab0641e4
https://www.dailymail.co.uk/,ok,https://explorer.ooni.org/m/20260402072854.226557_KR_webconnectivity_47cd1b4e39472479
https://www.dailysabah.com/,ok,https://explorer.ooni.org/m/20260402072915.256290_KR_webconnectivity_d4e730783dc67ae5
https://www.dailywire.com/,ok,https://explorer.ooni.org/m/20260402072928.163933_KR_webconnectivity_81008326e937cb2d
https://www.dd-rd.ca/,ok,https://explorer.ooni.org/m/20260402072930.885033_KR_webconnectivity_fd8ce4c1746c41b7
http://www.ddanzi.com/,ok,https://explorer.ooni.org/m/20260402072941.766430_KR_webconnectivity_de8ca811541a0ab5
https://www.democracycaucus.net/,ok,https://explorer.ooni.org/m/20260402072948.665420_KR_webconnectivity_5dc06c6460852a8a
https://www.democracynow.org/,ok,https://explorer.ooni.org/m/20260402073004.468070_KR_webconnectivity_d2e6933de8587739
https://www.derechos.org/,ok,https://explorer.ooni.org/m/20260402073012.063533_KR_webconnectivity_ea575fdf72b9ec67
https://www.disabilityrightsfund.org/,ok,https://explorer.ooni.org/m/20260402073022.804558_KR_webconnectivity_bee3e3a7254b4d7c
http://www.donga.com/,ok,https://explorer.ooni.org/m/20260402073050.609091_KR_webconnectivity_3c2e92560b3adff0
https://www.dopplr.com/,ok,https://explorer.ooni.org/m/20260402073056.723940_KR_webconnectivity_39ad39e1ce28bf96
https://www.doriafeministfund.org/,ok,https://explorer.ooni.org/m/20260402073101.115006_KR_webconnectivity_03ccb633cb2e5436
http://www.drudgereport.com/,ok,https://explorer.ooni.org/m/20260402073112.048845_KR_webconnectivity_7df235946b38e6f9
https://www.dw.com/,ok,https://explorer.ooni.org/m/20260402073117.865934_KR_webconnectivity_235436425f776489
http://www.ebn.co.kr/,ok,https://explorer.ooni.org/m/20260402073137.958236_KR_webconnectivity_aa02edea23abf34f
http://www.ecequality.org/,ok,https://explorer.ooni.org/m/20260402073150.559540_KR_webconnectivity_41696f2e51e15ae1
http://www.eduhope.net/,ok,https://explorer.ooni.org/m/20260402073205.528840_KR_webconnectivity_64601d82e4ea5b25
https://www.eff.org/,ok,https://explorer.ooni.org/m/20260402073215.616062_KR_webconnectivity_0eda0759cc7757e9
https://www.eluniversal.com/,ok,https://explorer.ooni.org/m/20260402073232.382313_KR_webconnectivity_cca01a39ace578c1
https://www.endfgm.eu/,ok,https://explorer.ooni.org/m/20260402073238.917170_KR_webconnectivity_644b009c4de475f8
http://www.equaline.or.kr/,ok,https://explorer.ooni.org/m/20260402073251.644914_KR_webconnectivity_6b769e8143f28039
https://www.euronews.com/,ok,https://explorer.ooni.org/m/20260402073256.820854_KR_webconnectivity_dc3754bde25861b2
https://www.exitinternational.net/,ok,https://explorer.ooni.org/m/20260402073306.526366_KR_webconnectivity_827f5908aeb19ecb
https://www.expressvpn.com/,ok,https://explorer.ooni.org/m/20260402073319.911996_KR_webconnectivity_ff10d4717e709804
https://www.f-secure.com/,http-failure,https://explorer.ooni.org/m/20260402073341.583886_KR_webconnectivity_daa629d84b690fe9
https://www.familyequality.org/,ok,https://explorer.ooni.org/m/20260402073357.057985_KR_webconnectivity_6b102995f96d3dba
https://www.feminist.com/,ok,https://explorer.ooni.org/m/20260402073411.838673_KR_webconnectivity_8a2923d2bf02b8d2
https://www.fidh.org/,ok,https://explorer.ooni.org/m/20260402073421.307646_KR_webconnectivity_cd6c7db05b1e8303
http://www.fktu.or.kr/,ok,https://explorer.ooni.org/m/20260402073432.778335_KR_webconnectivity_8b0ca589f0c6e9bd
https://www.fondationdefrance.org/,ok,https://explorer.ooni.org/m/20260402073451.236914_KR_webconnectivity_3341f548f1aa5f31
https://www.forbes.com/,ok,https://explorer.ooni.org/m/20260402073504.767118_KR_webconnectivity_72be9a5a982517bf
https://www.fordfoundation.org/,ok,https://explorer.ooni.org/m/20260402073517.540427_KR_webconnectivity_9640fff22e4a9198
https://www.forum18.org/,ok,https://explorer.ooni.org/m/20260402073523.702723_KR_webconnectivity_922481feda2276a9
https://www.foxnews.com/,ok,https://explorer.ooni.org/m/20260402073540.454783_KR_webconnectivity_8c7ccd10884b7f13
https://www.france24.com/,ok,https://explorer.ooni.org/m/20260402073545.728310_KR_webconnectivity_4959444992951484
https://www.francemediasmonde.com/,ok,https://explorer.ooni.org/m/20260402073556.925987_KR_webconnectivity_267a0ddd17bb8668
http://www.freeexpression.org/,ok,https://explorer.ooni.org/m/20260402073613.261268_KR_webconnectivity_2f499f1600e1aee5
https://www.freespeech.com/,ok,https://explorer.ooni.org/m/20260402073628.912099_KR_webconnectivity_97e3c54dbd1b6411
https://www.frontlinedefenders.org/,ok,https://explorer.ooni.org/m/20260402073638.463276_KR_webconnectivity_85cc76155967c66f
http://www.ftchinese.com/,ok,https://explorer.ooni.org/m/20260402073655.144520_KR_webconnectivity_3bca5c0ff553cfc7
http://www.gayscape.com/,dns,https://explorer.ooni.org/m/20260402073658.440508_KR_webconnectivity_6ec1723dcaca7a63
https://www.gearthblog.com/,ok,https://explorer.ooni.org/m/20260402073706.916404_KR_webconnectivity_9a599bcdd409ada7
https://www.genderit.org/,ok,https://explorer.ooni.org/m/20260402073715.392803_KR_webconnectivity_3bff2bddf071ee06
https://www.getoutline.org/,ok,https://explorer.ooni.org/m/20260402073721.352497_KR_webconnectivity_237507e1995dc0e6
https://www.girlsnotbrides.org/,ok,https://explorer.ooni.org/m/20260402073736.644597_KR_webconnectivity_7fa217cd1e6ebbd0
http://www.glaad.org/,ok,https://explorer.ooni.org/m/20260402073753.440866_KR_webconnectivity_47714a2351afc92d
https://www.globaleaks.org/,ok,https://explorer.ooni.org/m/20260402073806.637589_KR_webconnectivity_61b52114ceb544a4
https://www.globalfundforwomen.org/,ok,https://explorer.ooni.org/m/20260402073821.238459_KR_webconnectivity_c80f56220e8fee17
http://www.globalgayz.com/g-korea.html,ok,https://explorer.ooni.org/m/20260402073841.114972_KR_webconnectivity_d70c78a47f1390cb
http://www.globalr2p.org/,ok,https://explorer.ooni.org/m/20260402073854.972153_KR_webconnectivity_ba8f1cef14db5d0f
https://www.glsen.org/,ok,https://explorer.ooni.org/m/20260402073908.276890_KR_webconnectivity_696c0cda8e8c76d8
http://www.gmhc.org/,ok,https://explorer.ooni.org/m/20260402073927.000593_KR_webconnectivity_712ea8715adb8fa0
https://www.gnu.org/,ok,https://explorer.ooni.org/m/20260402073947.164243_KR_webconnectivity_e0b39b77a64f5100
https://www.gnupg.org/,ok,https://explorer.ooni.org/m/20260402073953.122139_KR_webconnectivity_28b1104730cdbf06
http://www.gobalnews.com/,ok,https://explorer.ooni.org/m/20260402074002.461280_KR_webconnectivity_d73b0324399de022
http://www.granma.cu/,ok,https://explorer.ooni.org/m/20260402074018.870995_KR_webconnectivity_ef0aca670c238f1f
https://www.haaretz.com/,ok,https://explorer.ooni.org/m/20260402074031.916370_KR_webconnectivity_245056893c957d02
http://www.hani.co.kr/,ok,https://explorer.ooni.org/m/20260402074042.992597_KR_webconnectivity_bfd565e09dbd0614
http://www.hankooki.com/,ok,https://explorer.ooni.org/m/20260402074058.037576_KR_webconnectivity_b0576ef9a4a77b71
http://www.hellodd.com/,ok,https://explorer.ooni.org/m/20260402074114.767652_KR_webconnectivity_18a3b844a9dd3de8
https://www.herdict.org/,ok,https://explorer.ooni.org/m/20260402074129.139482_KR_webconnectivity_d32299c037cee25e
https://www.heritage.org/,ok,https://explorer.ooni.org/m/20260402074142.231889_KR_webconnectivity_6595415254243b14
https://www.heyjane.com/,ok,https://explorer.ooni.org/m/20260402074153.306151_KR_webconnectivity_771ae260b913b677
http://www.hizb-ut-tahrir.org/,dns,https://explorer.ooni.org/m/20260402074239.784899_KR_webconnectivity_cafe52ce902e702e
http://www.hopeandlaw.org/,ok,https://explorer.ooni.org/m/20260402074252.233263_KR_webconnectivity_00300157eadbe967
http://www.hotline.or.kr/,ok,https://explorer.ooni.org/m/20260402074308.944708_KR_webconnectivity_a980bdd8e629d7a2
http://www.hrc.org/,ok,https://explorer.ooni.org/m/20260402074325.427038_KR_webconnectivity_6ee7234bc41ddb17
http://www.hrea.org/,ok,https://explorer.ooni.org/m/20260402074339.608272_KR_webconnectivity_021c4523a703b595
https://www.hrw.org/,ok,https://explorer.ooni.org/m/20260402074347.095857_KR_webconnectivity_296a13ad00fcef46
https://www.hrw.org/asia/south-korea,ok,https://explorer.ooni.org/m/20260402074402.094504_KR_webconnectivity_f20a29d55517e623
https://www.huffpost.com/,ok,https://explorer.ooni.org/m/20260402074411.690007_KR_webconnectivity_9fc8b7ad8144e029
https://www.humanrightsconnected.org/,ok,https://explorer.ooni.org/m/20260402074415.577360_KR_webconnectivity_395cd5388dff1295
http://www.humanrightsfirst.org/,ok,https://explorer.ooni.org/m/20260402074430.111898_KR_webconnectivity_bb92bbb29de6f49f
http://www.i615.net/,error,https://explorer.ooni.org/m/20260402074436.350107_KR_webconnectivity_1d794fc380b6eed3
http://www.iaffe.org/,ok,https://explorer.ooni.org/m/20260402074443.816688_KR_webconnectivity_318e2fa8d4850eb8
https://www.icc-cpi.int/,ok,https://explorer.ooni.org/m/20260402074452.221786_KR_webconnectivity_37f0bae603252cdd
https://www.icij.org/,ok,https://explorer.ooni.org/m/20260402074506.783973_KR_webconnectivity_9b543d76f30b353a
http://www.icrw.org/,ok,https://explorer.ooni.org/m/20260402074515.449348_KR_webconnectivity_e407b3babace3b87
http://www.idea.int/,ok,https://explorer.ooni.org/m/20260402074533.190388_KR_webconnectivity_890fe3b03a49b3dc
http://www.ifj-asia.org/,tcp_ip,https://explorer.ooni.org/m/20260402074618.991814_KR_webconnectivity_bc9def2ca0208efd
http://www.ifj.org/,ok,https://explorer.ooni.org/m/20260402074630.976522_KR_webconnectivity_1bc2cbf5cd620a2d
https://www.ihrc.org.uk/,ok,https://explorer.ooni.org/m/20260402074644.172791_KR_webconnectivity_1969c2bede8083cb
https://www.iknowpolitics.org/,ok,https://explorer.ooni.org/m/20260402074706.107706_KR_webconnectivity_c6f7982c4da339a0
https://www.ilga-europe.org/,ok,https://explorer.ooni.org/m/20260402074721.114544_KR_webconnectivity_5d94dfdaa3073fdb
http://www.ilga.info/,ok,https://explorer.ooni.org/m/20260402074727.601854_KR_webconnectivity_ad88e8c72ac8c9c6
http://www.ilga.org/asia/,ok,https://explorer.ooni.org/m/20260402074741.036547_KR_webconnectivity_58866036cf462cd3
http://www.ilo.org/public/english/region/asro/bangkok/child/trafficking/index.htm,ok,https://explorer.ooni.org/m/20260402074757.609988_KR_webconnectivity_4e246044bfc430de
https://www.indiatimes.com/,ok,https://explorer.ooni.org/m/20260402074814.896934_KR_webconnectivity_369061f73e408053
http://www.inews24.com/,ok,https://explorer.ooni.org/m/20260402074841.580023_KR_webconnectivity_d6e24e61d22e6dde
https://www.infowars.com/,ok,https://explorer.ooni.org/m/20260402074853.854290_KR_webconnectivity_61dfbb665625cde9
http://www.inkwon.or.kr/,ok,https://explorer.ooni.org/m/20260402074917.330679_KR_webconnectivity_2d2c94d3988fa895
http://www.inminds.co.uk/,ok,https://explorer.ooni.org/m/20260402074927.260577_KR_webconnectivity_fada6f74e7a76b1d
https://www.ipetitions.com/,ok,https://explorer.ooni.org/m/20260402074937.626023_KR_webconnectivity_e2c593d8b12fc96d
http://www.irna.ir/,ok,https://explorer.ooni.org/m/20260402074941.954455_KR_webconnectivity_68edcdedc56eb1b8
http://www.islamawareness.net/,ok,https://explorer.ooni.org/m/20260402074949.350541_KR_webconnectivity_4dfa869356117f7c
http://www.islamawareness.net/Asia/KoreaSouth/,ok,https://explorer.ooni.org/m/20260402074958.178073_KR_webconnectivity_7f016691f984cb5b
http://www.islamkorea.com/,ok,https://explorer.ooni.org/m/20260402075021.203821_KR_webconnectivity_1460f5a5944b17f6
http://www.iwraw-ap.org/,ok,https://explorer.ooni.org/m/20260402075032.851576_KR_webconnectivity_b64152c27d15a235
https://www.iwraw-ap.org/,ok,https://explorer.ooni.org/m/20260402075040.326086_KR_webconnectivity_bfc9542e9e1fa177
http://www.japantimes.co.jp/,ok,https://explorer.ooni.org/m/20260402075053.545546_KR_webconnectivity_d531c031a9741748
http://www.jcmk.org/,ok,https://explorer.ooni.org/m/20260402075109.814998_KR_webconnectivity_9a9811cb516c8d56
http://www.jhr.ca/,ok,https://explorer.ooni.org/m/20260402075120.562269_KR_webconnectivity_5be9fc9b84b679e8
http://www.jinbocorea.org/,ok,https://explorer.ooni.org/m/20260402075133.924457_KR_webconnectivity_916abed78a133e54
http://www.jmarshall.com/,ok,https://explorer.ooni.org/m/20260402075137.490682_KR_webconnectivity_1cadb2196f0b346f
https://www.jmarshall.com/,ok,https://explorer.ooni.org/m/20260402075140.936224_KR_webconnectivity_fa5d4aa3aa669ae9
http://www.kcna.co.jp/,confirmed,https://explorer.ooni.org/m/20260402075143.606501_KR_webconnectivity_bc3b59fdc09ca8f1
http://www.kctu.org/,ok,https://explorer.ooni.org/m/20260402075154.508510_KR_webconnectivity_b337140ad66cdfa4
http://www.kdawu.org/,ok,https://explorer.ooni.org/m/20260402075203.452346_KR_webconnectivity_8111a5d26725b5fb
http://www.kdlp.org/,ok,https://explorer.ooni.org/m/20260402075215.208715_KR_webconnectivity_ea0878056e42e184
http://www.khan.co.kr/,ok,https://explorer.ooni.org/m/20260402075227.925550_KR_webconnectivity_549534ae54b56c68
http://www.khrp.org/,ok,https://explorer.ooni.org/m/20260402075234.914904_KR_webconnectivity_46dc78c593accbdb
http://www.kita.net/,ok,https://explorer.ooni.org/m/20260402075255.398452_KR_webconnectivity_afba651ec0eea8f3
http://www.kncc.or.kr/,ok,https://explorer.ooni.org/m/20260402075304.723752_KR_webconnectivity_cc4ba4470bcc4dd9
http://www.kngo.net/,http-failure,https://explorer.ooni.org/m/20260402075318.266638_KR_webconnectivity_ac9e93a76d6ac736
http://www.koreaherald.co.kr/,ok,https://explorer.ooni.org/m/20260402075328.031630_KR_webconnectivity_163749a59cd0a700
http://www.korealiberator.org/,ok,https://explorer.ooni.org/m/20260402075338.052532_KR_webconnectivity_5dc5a580b6fedafb
http://www.korva.or.kr/,ok,https://explorer.ooni.org/m/20260402075351.567876_KR_webconnectivity_88c2e2418d1fb6d1
http://www.kpil.org/,ok,https://explorer.ooni.org/m/20260402075358.724483_KR_webconnectivity_9bd2ba8a0f94f31b
http://www.kwdi.re.kr/,ok,https://explorer.ooni.org/m/20260402075433.404134_KR_webconnectivity_33762930fc4fe87c
http://www.kwpa.org/,ok,https://explorer.ooni.org/m/20260402075445.644342_KR_webconnectivity_f4789daf41f088c5
http://www.kwwnet.org/,ok,https://explorer.ooni.org/m/20260402075502.351974_KR_webconnectivity_c178f41334a9a534
http://www.laborrightsnow.org/,ok,https://explorer.ooni.org/m/20260402075506.752014_KR_webconnectivity_7c38f029d6bfad3b
http://www.lanacion.com.ar/,ok,https://explorer.ooni.org/m/20260402075520.080609_KR_webconnectivity_fde83e6f0b52596f
https://www.laquadrature.net/,ok,https://explorer.ooni.org/m/20260402075531.556246_KR_webconnectivity_c1688f644cdb75e6
http://www.latimes.com/,ok,https://explorer.ooni.org/m/20260402075543.452826_KR_webconnectivity_d1630faff5e40e11
https://www.lds.org/,ok,https://explorer.ooni.org/m/20260402075555.724089_KR_webconnectivity_40cb95ebeb9a3a71
http://www.learningpartnership.org/,ok,https://explorer.ooni.org/m/20260402075608.622874_KR_webconnectivity_e336342d8de89b3c
https://www.lemonde.fr/,ok,https://explorer.ooni.org/m/20260402075620.164491_KR_webconnectivity_8c614645f1b116fb
https://www.lgbtmap.org/,ok,https://explorer.ooni.org/m/20260402075635.608856_KR_webconnectivity_e01925746a80ee5b
http://www.lgbtpride.or.kr/,ok,https://explorer.ooni.org/m/20260402075653.663081_KR_webconnectivity_6b2b291e83afd5a4
https://www.lgbtqnation.com/,ok,https://explorer.ooni.org/m/20260402075707.854690_KR_webconnectivity_0f46ea0711254ece
https://www.lilithfund.org/,error,https://explorer.ooni.org/m/20260402075808.632150_KR_webconnectivity_588702e56e6b30bb
http://www.littlespeck.com/,ok,https://explorer.ooni.org/m/20260402075815.059540_KR_webconnectivity_84a6e6e141c1027a
https://www.logmein.com/,ok,https://explorer.ooni.org/m/20260402075817.576927_KR_webconnectivity_615fd14ca6121c53
https://www.madre.org/,ok,https://explorer.ooni.org/m/20260402075832.356198_KR_webconnectivity_9d54e6757e157f33
http://www.mainichi.co.jp/,ok,https://explorer.ooni.org/m/20260402075837.564575_KR_webconnectivity_9889abf1259b8a77
https://www.mamacash.org/,ok,https://explorer.ooni.org/m/20260402075849.717555_KR_webconnectivity_5c0e2256cf2c5687
https://www.martus.org/,ok,https://explorer.ooni.org/m/20260402075855.049490_KR_webconnectivity_d44344d3226489ba
http://www.mediareform.co.kr/,ok,https://explorer.ooni.org/m/20260402075903.960146_KR_webconnectivity_26e941d57e522d3f
http://www.mediatoday.co.kr/,ok,https://explorer.ooni.org/m/20260402075918.121725_KR_webconnectivity_f0bd9c16484f192d
http://www.mediaus.co.kr/,ok,https://explorer.ooni.org/m/20260402075931.867948_KR_webconnectivity_081053cc66c59f58
https://www.mideastyouth.com/,ok,https://explorer.ooni.org/m/20260402075939.721175_KR_webconnectivity_2528c72b663e387f
http://www.migrant114.org/,dns,https://explorer.ooni.org/m/20260402075948.210883_KR_webconnectivity_8884dd793fe9cd8a
https://www.mombian.com/,ok,https://explorer.ooni.org/m/20260402075950.931923_KR_webconnectivity_80855a1632d561d0
http://www.mongu.net/,ok,https://explorer.ooni.org/m/20260402075958.400914_KR_webconnectivity_04f8351e4820e94e
https://www.mormon.org/,ok,https://explorer.ooni.org/m/20260402080005.904452_KR_webconnectivity_2f88a6326c2ad0cd
https://www.muckrock.com/,ok,https://explorer.ooni.org/m/20260402080021.499203_KR_webconnectivity_8ffc6bae77eabe67
https://www.musalaha.org/,ok,https://explorer.ooni.org/m/20260402080032.097175_KR_webconnectivity_d65f763487ab375c
http://www.naeil.com/,ok,https://explorer.ooni.org/m/20260402080036.995952_KR_webconnectivity_f75513ffae9669b2
https://www.namecoin.org/,ok,https://explorer.ooni.org/m/20260402080042.128243_KR_webconnectivity_bca270e86ba9456c
https://www.nbc.com/,ok,https://explorer.ooni.org/m/20260402080059.278048_KR_webconnectivity_12cba2e443421e21
https://www.nbcnews.com/,ok,https://explorer.ooni.org/m/20260402080115.612349_KR_webconnectivity_163c9d4114ddb3a0
https://www.nbcnewyork.com/,ok,https://explorer.ooni.org/m/20260402080126.860952_KR_webconnectivity_4e17638a8ae76774
http://www.nclrights.org/,ok,https://explorer.ooni.org/m/20260402080140.924297_KR_webconnectivity_a3aa38b4decbb1fa
https://www.ndi.org/,ok,https://explorer.ooni.org/m/20260402080155.421794_KR_webconnectivity_d151654f9802be14
https://www.ned.org/,ok,https://explorer.ooni.org/m/20260402080204.153532_KR_webconnectivity_a832386ab096b59e
http://www.newnownext.com/,ok,https://explorer.ooni.org/m/20260402080219.825549_KR_webconnectivity_9fb38c19050a6b25
http://www.newnownext.com/franchise/the-backlot/,ok,https://explorer.ooni.org/m/20260402080236.667012_KR_webconnectivity_96d4e27913453b2b
http://www.newscham.net/,ok,https://explorer.ooni.org/m/20260402080242.262682_KR_webconnectivity_7eda87794ba87825
https://www.njal.la/,ok,https://explorer.ooni.org/m/20260402080248.640835_KR_webconnectivity_3bce7e829c7dc442
http://www.nkhumanrights.or.kr/,ok,https://explorer.ooni.org/m/20260402080251.385544_KR_webconnectivity_b5dfed45e54583f4
http://www.nkzone.org/,tcp_ip,https://explorer.ooni.org/m/20260402080337.534577_KR_webconnectivity_6b70b7facf1601e9
http://www.nocutnews.co.kr/,ok,https://explorer.ooni.org/m/20260402080353.138602_KR_webconnectivity_a64d5a7b7c92e497
http://www.nodong.org/,ok,https://explorer.ooni.org/m/20260402080406.897507_KR_webconnectivity_a6e6e6659c48a761
http://www.nonghyup.com/,ok,https://explorer.ooni.org/m/20260402080412.103866_KR_webconnectivity_c51ce43554218f08
https://www.nostraightnews.com/,ok,https://explorer.ooni.org/m/20260402080427.577524_KR_webconnectivity_67c056633f8400c5
https://www.npr.org/,ok,https://explorer.ooni.org/m/20260402080443.944628_KR_webconnectivity_44b84f32366fe613
https://www.ntv.ru/,ok,https://explorer.ooni.org/m/20260402080504.465424_KR_webconnectivity_1b6f5d1a47fef31e
https://www.nwci.ie/,ok,https://explorer.ooni.org/m/20260402080512.313029_KR_webconnectivity_835c13fd262c214c
https://www.nytimes.com/,ok,https://explorer.ooni.org/m/20260402080525.941851_KR_webconnectivity_dc6411caccd38d40
https://www.oas.org/,ok,https://explorer.ooni.org/m/20260402080536.689893_KR_webconnectivity_c41df83dee7a652f
https://www.occrp.org/,ok,https://explorer.ooni.org/m/20260402080549.906765_KR_webconnectivity_f00a5231705ba9e8
http://www.ohmynews.com/,ok,https://explorer.ooni.org/m/20260402080611.455142_KR_webconnectivity_41301d79ee36a815
http://www.omct.org/,ok,https://explorer.ooni.org/m/20260402080628.928041_KR_webconnectivity_bee9e2f86add003d
https://www.omct.org/,ok,https://explorer.ooni.org/m/20260402080645.907663_KR_webconnectivity_6be00d73665a5de4
https://www.opendns.com/,ok,https://explorer.ooni.org/m/20260402080650.235493_KR_webconnectivity_617349bcd8773be2
https://www.openpgp.org/,ok,https://explorer.ooni.org/m/20260402080655.094364_KR_webconnectivity_bcf45ce386d745a1
https://www.opensocietyfoundations.org/,ok,https://explorer.ooni.org/m/20260402080710.756542_KR_webconnectivity_d1d66de2ef0ea852
https://www.ou.org/,ok,https://explorer.ooni.org/m/20260402080729.441188_KR_webconnectivity_a02f759129c08e9b
http://www.pcusa.org/,ok,https://explorer.ooni.org/m/20260402080742.338842_KR_webconnectivity_5db37fc234b06e18
http://www.people.com.cn/,ok,https://explorer.ooni.org/m/20260402080759.601174_KR_webconnectivity_21072f9f6ffdc8b1
http://www.peoplepower21.org/,ok,https://explorer.ooni.org/m/20260402080814.901149_KR_webconnectivity_27e88f5dd80656c5
https://www.phpmyadmin.net/,ok,https://explorer.ooni.org/m/20260402080824.324721_KR_webconnectivity_37defc745969a6c4
https://www.piratenpartei.ch/,ok,https://explorer.ooni.org/m/20260402080834.042129_KR_webconnectivity_249ea9e50ce4e77e
http://www.piratpartiet.se/,error,https://explorer.ooni.org/m/20260402080934.835854_KR_webconnectivity_078df54cf3af043e
http://www.poweroftruth.net/,ok,https://explorer.ooni.org/m/20260402080949.138343_KR_webconnectivity_87eefc43bd28b6b5
https://www.pravda.ru/,dns,https://explorer.ooni.org/m/20260402081004.799311_KR_webconnectivity_0722fa12a315d1b0
http://www.pressian.com/,ok,https://explorer.ooni.org/m/20260402081017.851461_KR_webconnectivity_6eff4a189446d45c
https://www.pridemedia.com/,ok,https://explorer.ooni.org/m/20260402081033.714240_KR_webconnectivity_03e1ba6648a06427
https://www.privacidade.digital/,ok,https://explorer.ooni.org/m/20260402081040.547543_KR_webconnectivity_46835e413fdb774b
https://www.privacyguides.org/,ok,https://explorer.ooni.org/m/20260402081049.127636_KR_webconnectivity_c8772fca4a3f4b3e
https://www.privacyinternational.org/,ok,https://explorer.ooni.org/m/20260402081056.848117_KR_webconnectivity_635d411a821fa50f
https://www.privacytools.io/,ok,https://explorer.ooni.org/m/20260402081104.682720_KR_webconnectivity_66f27740d2b0bd01
http://www.privaterra.org/,ok,https://explorer.ooni.org/m/20260402081117.590072_KR_webconnectivity_c94822009d448107
https://www.projectveritas.com/,ok,https://explorer.ooni.org/m/20260402081134.718366_KR_webconnectivity_286bc10e95f889c8
https://www.propublica.org/,ok,https://explorer.ooni.org/m/20260402081149.151896_KR_webconnectivity_dfd9be281ef44146
https://www.protectioninternational.org/,ok,https://explorer.ooni.org/m/20260402081205.679835_KR_webconnectivity_88018aefffa77c70
http://www.qhnews.com/,http-diff,https://explorer.ooni.org/m/20260402081211.738164_KR_webconnectivity_43f6cfab08ffc88e
http://www.radicalparty.org/,ok,https://explorer.ooni.org/m/20260402081244.955224_KR_webconnectivity_1e53d272f6b88c68
http://www.rainbowfoundation.co.kr/,ok,https://explorer.ooni.org/m/20260402081301.230150_KR_webconnectivity_078180a8af314937
https://www.rambler.ru/,ok,https://explorer.ooni.org/m/20260402081317.214065_KR_webconnectivity_1ca9ea84ffe702d4
https://www.rawa.org/,ok,https://explorer.ooni.org/m/20260402081322.013304_KR_webconnectivity_3d615b37106555ec
http://www.redian.org/,ok,https://explorer.ooni.org/m/20260402081329.497020_KR_webconnectivity_8ca4731adf1e8e13
https://www.redstateaccess.com/,ok,https://explorer.ooni.org/m/20260402081332.741491_KR_webconnectivity_6053b0a032b86547
https://www.refugeesinternational.org/,ok,https://explorer.ooni.org/m/20260402081347.635034_KR_webconnectivity_2bd914911aa2a8a8
http://www.repubblica.com/,ok,https://explorer.ooni.org/m/20260402081404.084696_KR_webconnectivity_31d49f770a537510
https://www.rescue.org/,ok,https://explorer.ooni.org/m/20260402081417.586555_KR_webconnectivity_1ac67d3736b0eb11
https://www.reuters.com/,ok,https://explorer.ooni.org/m/20260402081423.805886_KR_webconnectivity_8744a5874bc3e62b
https://www.rfa.org/,ok,https://explorer.ooni.org/m/20260402081438.226789_KR_webconnectivity_015c76368d45df09
https://www.rferl.org/,ok,https://explorer.ooni.org/m/20260402081455.711114_KR_webconnectivity_580c918a2de1f5a5
http://www.rights.or.kr/,dns,https://explorer.ooni.org/m/20260402081507.062433_KR_webconnectivity_a72e3d789b0ec720
http://www.righttodie.ca/,ok,https://explorer.ooni.org/m/20260402081510.997067_KR_webconnectivity_5deb7ed519fe1617
http://www.rsf.org/article.php3?id_article=17361,ok,https://explorer.ooni.org/m/20260402081526.899658_KR_webconnectivity_67d9112cee3ec46e
https://www.rt.com/,ok,https://explorer.ooni.org/m/20260402081540.963197_KR_webconnectivity_aa11ab4b2251ddde
https://www.rtarabic.com/,ok,https://explorer.ooni.org/m/20260402081553.516975_KR_webconnectivity_378eff5133b7bbd4
http://www.sarangbang.or.kr/,ok,https://explorer.ooni.org/m/20260402081600.210662_KR_webconnectivity_8daab4f7836b5eea
https://www.savethechildren.net/,ok,https://explorer.ooni.org/m/20260402081613.842098_KR_webconnectivity_9ecde0afe2b4cec3
https://www.sbs.com.au/language/coronavirus?cid=infocus,ok,https://explorer.ooni.org/m/20260402081627.809424_KR_webconnectivity_bae1478e4a6ed4e3
http://www.scmp.com/,ok,https://explorer.ooni.org/m/20260402081639.359712_KR_webconnectivity_d7748f6f96254cd0
https://www.scmp.com/,ok,https://explorer.ooni.org/m/20260402081652.829486_KR_webconnectivity_cd2d114f36d30d7a
https://www.secfirst.org/,error,https://explorer.ooni.org/m/20260402081656.039043_KR_webconnectivity_417095d56703045e
http://www.sisters.or.kr/,ok,https://explorer.ooni.org/m/20260402081714.768774_KR_webconnectivity_0ac888b547b7cd2a
https://www.spiegel.de/,ok,https://explorer.ooni.org/m/20260402081736.091480_KR_webconnectivity_7f43088f7aea02cd
https://www.starlink.com/,ok,https://explorer.ooni.org/m/20260402081740.086577_KR_webconnectivity_523e4f96f2fc9808
http://www.state.gov/g/drl/rls/hrrpt/2004/41647.htm,ok,https://explorer.ooni.org/m/20260402081755.621123_KR_webconnectivity_53cbb0ec1b4c96c1
https://www.stonewall.org.uk/,ok,https://explorer.ooni.org/m/20260402081805.590990_KR_webconnectivity_a05e95d7b9c5eb9f
http://www.stopstreetharassment.org/,ok,https://explorer.ooni.org/m/20260402081812.973461_KR_webconnectivity_a494b00c71e2f3e4
https://www.techlore.tech/,ok,https://explorer.ooni.org/m/20260402081820.366406_KR_webconnectivity_a6796b2239315bd8
https://www.terredeshommes.nl/,ok,https://explorer.ooni.org/m/20260402081836.818978_KR_webconnectivity_013e41407ef0d38c
http://www.theepochtimes.com/,ok,https://explorer.ooni.org/m/20260402081855.430106_KR_webconnectivity_76f1b60503b3c279
https://www.theguardian.com/,ok,https://explorer.ooni.org/m/20260402081909.432460_KR_webconnectivity_a3998b0ee0bdfdf0
https://www.thetrevorproject.org/,ok,https://explorer.ooni.org/m/20260402081924.747834_KR_webconnectivity_18cf790c70fc64c8
http://www.tongilnews.com/,ok,https://explorer.ooni.org/m/20260402081939.731040_KR_webconnectivity_e055d304cb244740
https://www.transgendermap.com/,ok,https://explorer.ooni.org/m/20260402081951.501547_KR_webconnectivity_9bd0231e11e2fc59
https://www.transparency.org/,ok,https://explorer.ooni.org/m/20260402082004.302365_KR_webconnectivity_58326490e60c7b14
https://www.tvc.ru/,ok,https://explorer.ooni.org/m/20260402082009.226527_KR_webconnectivity_96e7ea73586451e3
http://www.u4.no/,ok,https://explorer.ooni.org/m/20260402082024.475529_KR_webconnectivity_7223c6fc38117b36
https://www.unfpa.org/,ok,https://explorer.ooni.org/m/20260402082037.908408_KR_webconnectivity_a6e355db2b0732c2
https://www.upi.com/Top_News/World-News/2019/07/11/Amnesty-International-LGBT-soldiers-face-abuse-in-South-Korea-military/1461562819145/,ok,https://explorer.ooni.org/m/20260402082051.617086_KR_webconnectivity_4a7a069f7b7ffd67
https://www.urduvoa.com/,ok,https://explorer.ooni.org/m/20260402082104.479828_KR_webconnectivity_cf658fb7ed95b949
https://www.usatoday.com/,ok,https://explorer.ooni.org/m/20260402082116.473889_KR_webconnectivity_e5d47844e95bc882
https://www.vesti.ru/,ok,https://explorer.ooni.org/m/20260402082135.681289_KR_webconnectivity_5de61d042c2aefaf
https://www.vice.com/,ok,https://explorer.ooni.org/m/20260402082151.510885_KR_webconnectivity_912bfc06b790f238
https://www.voanews.com/,ok,https://explorer.ooni.org/m/20260402082201.038062_KR_webconnectivity_9d5f276a976a8284
https://www.vpngate.net/,dns,https://explorer.ooni.org/m/20260402082205.183599_KR_webconnectivity_1db293f222814c3d
https://www.warchild.net/,ok,https://explorer.ooni.org/m/20260402082215.738015_KR_webconnectivity_6432f4b2e1293ac1
https://www.washingtontimes.com/,ok,https://explorer.ooni.org/m/20260402082230.465883_KR_webconnectivity_bd764d690ba28d53
http://www.well.com/,ok,https://explorer.ooni.org/m/20260402082248.012373_KR_webconnectivity_9e78cebcc9e5775e
http://www.well.com/user/queerjhd/,ok,https://explorer.ooni.org/m/20260402082251.707425_KR_webconnectivity_08b70f3376690516
http://www.wftucentral.org/,ok,https://explorer.ooni.org/m/20260402082304.683912_KR_webconnectivity_9dca8376eeb05e24
https://www.wiesenthal.com/,ok,https://explorer.ooni.org/m/20260402082318.705799_KR_webconnectivity_79e9f63ecac7e036
https://www.wilpf.org/,ok,https://explorer.ooni.org/m/20260402082338.048649_KR_webconnectivity_600d4a540be03b95
http://www.withoutwar.org/,ok,https://explorer.ooni.org/m/20260402082350.789584_KR_webconnectivity_2c3bbd361f2d2c7d
https://www.witness.org/,ok,https://explorer.ooni.org/m/20260402082408.753388_KR_webconnectivity_1a1d95326b48f072
http://www.wluml.org/,ok,https://explorer.ooni.org/m/20260402082431.385273_KR_webconnectivity_cef4a7e65678f5ba
http://www.wnd.com/,ok,https://explorer.ooni.org/m/20260402082447.583392_KR_webconnectivity_239b08a1a54d5875
https://www.womankind.org.uk/,ok,https://explorer.ooni.org/m/20260402082450.770523_KR_webconnectivity_afaa666f1de8eebc
http://www.women21.or.kr/,ok,https://explorer.ooni.org/m/20260402082457.486960_KR_webconnectivity_4eb6cfdff840a751
https://www.womenforafghanwomen.org/,ok,https://explorer.ooni.org/m/20260402082516.161442_KR_webconnectivity_35953bcb7ae0f74d
https://www.womenforwomen.org/,ok,https://explorer.ooni.org/m/20260402082529.466011_KR_webconnectivity_f8a02561150cc4e0
http://www.womenlink.or.kr/,ok,https://explorer.ooni.org/m/20260402082546.099832_KR_webconnectivity_9b3c8b394885df7f
http://www.womennews.co.kr/,ok,https://explorer.ooni.org/m/20260402082602.639648_KR_webconnectivity_6edb0720e1fcd920
https://www.womenpeacemakersprogram.org/,ok,https://explorer.ooni.org/m/20260402082618.231789_KR_webconnectivity_d0de80e143dc614e
http://www.womensmediacenter.com/,ok,https://explorer.ooni.org/m/20260402082627.519028_KR_webconnectivity_a01fdf6617dfbeb7
http://www.womenvoters.or.kr/,ok,https://explorer.ooni.org/m/20260402082636.015853_KR_webconnectivity_c3f7c9a0c9038df9
http://www.worldcoalition.org/,ok,https://explorer.ooni.org/m/20260402082647.346561_KR_webconnectivity_40f3b78027365a06
https://www.wsj.com/,ok,https://explorer.ooni.org/m/20260402082652.890530_KR_webconnectivity_3b36d3bd76a5d37d
http://www.xinhuanet.com/,ok,https://explorer.ooni.org/m/20260402082713.603177_KR_webconnectivity_4bb1fa53f90afea2
https://www.yellowhammerfund.org/,ok,https://explorer.ooni.org/m/20260402082722.162783_KR_webconnectivity_2217596a5ed069b2
http://www.yonhapnews.co.kr/,ok,https://explorer.ooni.org/m/20260402082742.746508_KR_webconnectivity_bc5fd3997d719ff3
http://www.zeit.de/,ok,https://explorer.ooni.org/m/20260402082756.627598_KR_webconnectivity_3ed54e090da6fa0f
http://xxx.lanl.gov/,dns,https://explorer.ooni.org/m/20260402082812.780887_KR_webconnectivity_7081f005241c1e63
http://yolsa.org/,ok,https://explorer.ooni.org/m/20260402082819.228042_KR_webconnectivity_e5ad2962abb51194
http://ytimes.org/,ok,https://explorer.ooni.org/m/20260402082829.667769_KR_webconnectivity_ccb7e2f26b3c9fba
https://abortion.eu/,dns,https://explorer.ooni.org/m/20260402082831.740349_KR_webconnectivity_7e5423a8922bffa4
https://cloudflare-dns.com/dns-query?dns=q80BAAABAAAAAAAAA3d3dwdleGFtcGxlA2NvbQAAAQAB,tcp_ip,https://explorer.ooni.org/m/20260402082833.149643_KR_webconnectivity_960046716e663613
http://cyworld.nate.com/,ok,https://explorer.ooni.org/m/20260402082835.116196_KR_webconnectivity_179cf409866ef643
https://dlive.tv/,dns,https://explorer.ooni.org/m/20260402082836.530259_KR_webconnectivity_87f7692b0389a90c
https://git.io/,dns,https://explorer.ooni.org/m/20260402082838.073102_KR_webconnectivity_ba71defa95aadc17
https://pastebin.com/,dns,https://explorer.ooni.org/m/20260402082840.242087_KR_webconnectivity_6d9db6690b79b6c0
http://peta.xxx/,dns,https://explorer.ooni.org/m/20260402082841.923023_KR_webconnectivity_eec2518b73adda39
https://prq.se/,dns,https://explorer.ooni.org/m/20260402082843.241495_KR_webconnectivity_7c55bd69f35ddbd9
https://raw.githubusercontent.com/ooni/spec/master/README.md,dns,https://explorer.ooni.org/m/20260402082844.342932_KR_webconnectivity_8d6048be48052431
http://www.scarleteen.com/,dns,https://explorer.ooni.org/m/20260402082845.804533_KR_webconnectivity_2e46be42e5673766
http://www.suyongso.com/,ok,https://explorer.ooni.org/m/20260402082846.635109_KR_webconnectivity_7705e81b1259f319
https://www.zanzu.nl/,dns,https://explorer.ooni.org/m/20260402082847.415503_KR_webconnectivity_5f1f80892e1f5e6b
https://albiononline.com/,dns,https://explorer.ooni.org/m/20260402082848.104610_KR_webconnectivity_d3d033b887d14af2
https://coinmarketcap.com/,dns,https://explorer.ooni.org/m/20260402082849.085311_KR_webconnectivity_4bee745a653c0d37
http://detectportal.firefox.com/success.txt,ok,https://explorer.ooni.org/m/20260402082849.814572_KR_webconnectivity_5f48a8c4469a81e0
https://electrum.org/,dns,https://explorer.ooni.org/m/20260402082850.535824_KR_webconnectivity_ad078bd589fc1021
http://phrack.org/,dns,https://explorer.ooni.org/m/20260402082851.421183_KR_webconnectivity_dc3884df4932600e
https://poki.com/,dns,https://explorer.ooni.org/m/20260402082852.235444_KR_webconnectivity_99a25711435c1d8b
https://uphold.com/,dns,https://explorer.ooni.org/m/20260402082853.415223_KR_webconnectivity_cd34842673b8c818
https://www.binance.com/,dns,https://explorer.ooni.org/m/20260402082854.692122_KR_webconnectivity_75dc5cb1efdf8654
https://www.chess.com/,dns,https://explorer.ooni.org/m/20260402082855.661051_KR_webconnectivity_79f24796f9febf7a
https://www.coolmathgames.com/,dns,https://explorer.ooni.org/m/20260402082856.818620_KR_webconnectivity_0d054a3a98590436
https://www.gamespot.com/,dns,https://explorer.ooni.org/m/20260402082857.850288_KR_webconnectivity_3aa5539f5b78b854
https://www.origin.com/,dns,https://explorer.ooni.org/m/20260402082859.249055_KR_webconnectivity_d776408d2f271b94
https://adium.im/,ok,https://explorer.ooni.org/m/20260402082903.603976_KR_webconnectivity_31fefe972772f6ba
https://ebuddy.com/,ok,https://explorer.ooni.org/m/20260402082909.409687_KR_webconnectivity_f7749bccfb05b893
https://elpha.com/,error,https://explorer.ooni.org/m/20260402082912.375378_KR_webconnectivity_0c009410d8ef5933
https://foursquare.com/,ok,https://explorer.ooni.org/m/20260402082925.182506_KR_webconnectivity_6550e771b87406ba
http://friend.com.kp/,dns,https://explorer.ooni.org/m/20260402082934.515959_KR_webconnectivity_e3a8cda1f191343c
https://gab.com/,ok,https://explorer.ooni.org/m/20260402082940.016209_KR_webconnectivity_890cf920faf00f6b
https://groups.google.com/,ok,https://explorer.ooni.org/m/20260402082951.497520_KR_webconnectivity_a52da82896d7aa84
https://instagram.fsaw1-13.fna.fbcdn.net/favicon.ico,ok,https://explorer.ooni.org/m/20260402082954.606203_KR_webconnectivity_667f552ae1218807
https://lookaside.facebook.com/robots.txt,ok,https://explorer.ooni.org/m/20260402082958.928742_KR_webconnectivity_34d29ceefeb4c531
https://mastodon.sdf.org/,ok,https://explorer.ooni.org/m/20260402083004.565846_KR_webconnectivity_aac6d8c73f203767
https://mastodon.xyz/,ok,https://explorer.ooni.org/m/20260402083013.103579_KR_webconnectivity_a7baf41c428d3885
https://plus.im/,ok,https://explorer.ooni.org/m/20260402083022.474586_KR_webconnectivity_146ba5aa5102523c
https://scontent-ams4-1.cdninstagram.com/favicon.ico,ok,https://explorer.ooni.org/m/20260402083025.456858_KR_webconnectivity_3fe61363b2852c21
https://static.xx.fbcdn.net/favicon.ico,ok,https://explorer.ooni.org/m/20260402083042.462298_KR_webconnectivity_9eff23d494b221b4
https://vk.com/,ok,https://explorer.ooni.org/m/20260402083103.708236_KR_webconnectivity_ed801ea9369f6f63
https://weibo.com/,ok,https://explorer.ooni.org/m/20260402083108.398275_KR_webconnectivity_b558cd8914f9a07f
https://www.douyin.com/,ok,https://explorer.ooni.org/m/20260402083116.842385_KR_webconnectivity_e5c0e9a376ffc0f7
https://www.ning.com/,ok,https://explorer.ooni.org/m/20260402083131.615548_KR_webconnectivity_38e25def3ce89c4c
https://www.yelp.com/,ok,https://explorer.ooni.org/m/20260402083148.336742_KR_webconnectivity_b00f8d249f95e93e
https://telegram.org/,dns,https://explorer.ooni.org/m/20260402083149.467194_KR_webconnectivity_028f216b59d2a9f3
https://a.slack-edge.com/f70ec/img/test_cdn_pixel.gif,ok,https://explorer.ooni.org/m/20260402083206.859416_KR_webconnectivity_f3eb763fde6aef4a
https://about.riot.im/,ok,https://explorer.ooni.org/m/20260402083226.826575_KR_webconnectivity_242559b7e9f18a50
http://abpr2.railfan.net/,error,https://explorer.ooni.org/m/20260402083237.646412_KR_webconnectivity_a9952dbd199886a1
https://account.proton.me/,ok,https://explorer.ooni.org/m/20260402083242.862178_KR_webconnectivity_849ef49be77cfc95
https://app.developer.here.com/coronavirus/,ok,https://explorer.ooni.org/m/20260402083250.968510_KR_webconnectivity_bf64f0ed3d45c37e
https://app.simplelogin.io/,ok,https://explorer.ooni.org/m/20260402083255.736307_KR_webconnectivity_01bdba4795a70240
https://app.slack.com/robots.txt,ok,https://explorer.ooni.org/m/20260402083300.371608_KR_webconnectivity_ad8873b148a8249a
https://app.wire.com/,ok,https://explorer.ooni.org/m/20260402083304.982190_KR_webconnectivity_c9b6d6977801c7a2
https://archive.ph/,ok,https://explorer.ooni.org/m/20260402083310.622259_KR_webconnectivity_cae869043e536df3
https://avatars.mds.yandex.net/robots.txt,http-failure,https://explorer.ooni.org/m/20260402083333.001518_KR_webconnectivity_6525049a93e63b19
http://bizmessage.kakao.com/,ok,https://explorer.ooni.org/m/20260402083339.542990_KR_webconnectivity_f45821e96d8925eb
https://briarproject.org/,ok,https://explorer.ooni.org/m/20260402083343.865600_KR_webconnectivity_aa6b3692437c3314
http://bric.postech.ac.kr/,ok,https://explorer.ooni.org/m/20260402083402.299018_KR_webconnectivity_eeecd873eb99c9ff
http://cafe.daum.net/ahyoomee,ok,https://explorer.ooni.org/m/20260402083406.460563_KR_webconnectivity_3a8ec672d00facca
http://cafe.naver.com/gjhlk,ok,https://explorer.ooni.org/m/20260402083410.515524_KR_webconnectivity_71fa4d90d5549e57
http://caramasia.gn.apc.org/,tcp_ip,https://explorer.ooni.org/m/20260402083457.837365_KR_webconnectivity_b6b04b7e69cedfa4
https://censored.tv/,ok,https://explorer.ooni.org/m/20260402083517.919575_KR_webconnectivity_6ff457571e1c9b0d
https://chat-gpt.org/,ok,https://explorer.ooni.org/m/20260402083526.720827_KR_webconnectivity_b484830ed9ead726
https://chatgpt.com/,ok,https://explorer.ooni.org/m/20260402083530.869016_KR_webconnectivity_6b76a979700af28f
https://cid.contact/,ok,https://explorer.ooni.org/m/20260402083534.924569_KR_webconnectivity_8509cdf5207eacab
https://circumcision.org/,ok,https://explorer.ooni.org/m/20260402083546.881902_KR_webconnectivity_b773d56839b56cce
https://coronavirus.jhu.edu/map.html,ok,https://explorer.ooni.org/m/20260402083550.904574_KR_webconnectivity_e4b9b7a43d33fe77
https://covidtracking.com/,ok,https://explorer.ooni.org/m/20260402083609.162963_KR_webconnectivity_ac3615b7a0699cef
https://cwtch.im/,ok,https://explorer.ooni.org/m/20260402083614.445289_KR_webconnectivity_7befe32da9ee63ed
https://delta.chat/,ok,https://explorer.ooni.org/m/20260402083618.054897_KR_webconnectivity_23ad1c32e2cde3fb
https://disqus.com/,ok,https://explorer.ooni.org/m/20260402083621.285778_KR_webconnectivity_5dcf408b55ab39c0
https://dl.acm.org/,ok,https://explorer.ooni.org/m/20260402083623.817087_KR_webconnectivity_e5255cea728ca02a
https://duckduckgo.com/,http-failure,https://explorer.ooni.org/m/20260402083645.550014_KR_webconnectivity_b79044b31f61d5e4
https://element.io/,ok,https://explorer.ooni.org/m/20260402083659.262589_KR_webconnectivity_0638cdd534df9218
https://encrypted-tbn0.gstatic.com/robots.txt,ok,https://explorer.ooni.org/m/20260402083701.718971_KR_webconnectivity_3f575ac4429f9aba
https://espiv.net/,ok,https://explorer.ooni.org/m/20260402083712.056739_KR_webconnectivity_d7cc862f0da39032
https://evernote.com/,ok,https://explorer.ooni.org/m/20260402083726.420144_KR_webconnectivity_492395f98e0fb610
https://experience.arcgis.com/experience/685d0ace521648f8a5beeeee1b9125cd,ok,https://explorer.ooni.org/m/20260402083729.196964_KR_webconnectivity_8bdc5d163bdeecfd
https://external-content.duckduckgo.com/robots.txt,http-failure,https://explorer.ooni.org/m/20260402083750.865548_KR_webconnectivity_81aafb0e1f607b52
http://gall.dcinside.com/board/lists/?id=disease,ok,https://explorer.ooni.org/m/20260402083807.574668_KR_webconnectivity_3cdec44d66abd314
https://gemini.google.com/,ok,https://explorer.ooni.org/m/20260402083823.398606_KR_webconnectivity_793d210be253091c
https://getsession.org/,ok,https://explorer.ooni.org/m/20260402083832.963276_KR_webconnectivity_336f56694b51b355
https://gisanddata.maps.arcgis.com/apps/dashboards/bda7594740fd40299423467b48e9ecf6,ok,https://explorer.ooni.org/m/20260402083837.237637_KR_webconnectivity_41e8b2affe467807
http://giveu.net/,ok,https://explorer.ooni.org/m/20260402083856.261742_KR_webconnectivity_9c838713e98e3298
https://go-text.me/,ok,https://explorer.ooni.org/m/20260402083911.210783_KR_webconnectivity_b99dd62e8d5cfc22
https://hgis.uw.edu/virus/,ok,https://explorer.ooni.org/m/20260402083919.160651_KR_webconnectivity_dff0f81f1a059b7d
https://icao.maps.arcgis.com/apps/opsdashboard/index.html#/977dde48256b489fb48fa98e724721e8,ok,https://explorer.ooni.org/m/20260402083924.801880_KR_webconnectivity_014c32b554e331a5
https://icao.maps.arcgis.com/apps/webappviewer3d/index.html?id=d9d3f8fa9a23425c8f0889baab626186,ok,https://explorer.ooni.org/m/20260402083929.430825_KR_webconnectivity_e5faa1c3482809cb
https://icq.com/,ok,https://explorer.ooni.org/m/20260402083939.792770_KR_webconnectivity_ca0f71a71ce6f690
https://ifacetimeapp.com/,ok,https://explorer.ooni.org/m/20260402083952.397123_KR_webconnectivity_32ba24d1d956b6c7
https://im0-tub-com.yandex.net/i?id=462f375c96139f1e41d919b44be2d780&n=13&exp=1,tcp_ip,https://explorer.ooni.org/m/20260402084053.453898_KR_webconnectivity_6fa6688478d25c08
https://imageshack.com/,ok,https://explorer.ooni.org/m/20260402084100.685693_KR_webconnectivity_5f55b84cc5ba24f1
https://imgur.com/,dns,https://explorer.ooni.org/m/20260402084101.770769_KR_webconnectivity_da3de821eb018238
http://imo.im/,ok,https://explorer.ooni.org/m/20260402084105.636397_KR_webconnectivity_dd17949d8d9e3bc2
https://imp.free.fr/,ok,https://explorer.ooni.org/m/20260402084112.099311_KR_webconnectivity_7af8b3f2cd3f00d9
https://jami.net/,ok,https://explorer.ooni.org/m/20260402084121.502918_KR_webconnectivity_37750ad8c48e3f9f
https://kidshealth.org/,ok,https://explorer.ooni.org/m/20260402084129.086849_KR_webconnectivity_c96c8f8a808702da
http://kr.yahoo.com/,ok,https://explorer.ooni.org/m/20260402084146.398450_KR_webconnectivity_86182edb28b27588
https://lbry.com/,ok,https://explorer.ooni.org/m/20260402084152.463043_KR_webconnectivity_7160d73d0ca99523
https://lbry.org/,ok,https://explorer.ooni.org/m/20260402084159.778839_KR_webconnectivity_f02e48a574bbe0cb
https://lens.google.com/uploadbyurl?url=https%3A%2F%2Fwww.google.com%2Fimages%2Fbranding%2Fgooglelogo%2F1x%2Fgooglelogo_color_150x54dp.png&hl=en-US&ep=gisb,ok,https://explorer.ooni.org/m/20260402084212.321539_KR_webconnectivity_7ef9b7de52ef6a95
http://lifeline.or.kr/,error,https://explorer.ooni.org/m/20260402084230.442785_KR_webconnectivity_2636a9d30f08a4da
https://line.me/,ok,https://explorer.ooni.org/m/20260402084237.937809_KR_webconnectivity_1d6a4b95ed03bb60
https://livestream.com/,ok,https://explorer.ooni.org/m/20260402084251.967238_KR_webconnectivity_205bc969cdf87072
https://login.live.com/,ok,https://explorer.ooni.org/m/20260402084309.677823_KR_webconnectivity_2772005d3686c4fc
http://mail.daum.net/,ok,https://explorer.ooni.org/m/20260402084315.927858_KR_webconnectivity_ef06f8fac0230cd8
https://mail.google.com/,ok,https://explorer.ooni.org/m/20260402084340.337585_KR_webconnectivity_17b9cb270f493ea9
http://mail.naver.com/,ok,https://explorer.ooni.org/m/20260402084347.929577_KR_webconnectivity_ddf7b98de5ddb1bd
https://mail.proton.me/,ok,https://explorer.ooni.org/m/20260402084351.522163_KR_webconnectivity_b7f6b21e99c6e438
https://mail.ru/,ok,https://explorer.ooni.org/m/20260402084402.554543_KR_webconnectivity_136e82f2655521da
https://mail.yahoo.com/,ok,https://explorer.ooni.org/m/20260402084409.221712_KR_webconnectivity_1d3ccd8cac767da8
https://matrix.org/,ok,https://explorer.ooni.org/m/20260402084412.546569_KR_webconnectivity_1fff5cee0982e197
https://matrix.to/,ok,https://explorer.ooni.org/m/20260402084415.742594_KR_webconnectivity_6d0f6052eba00afb
https://mattermost.com/,ok,https://explorer.ooni.org/m/20260402084420.089710_KR_webconnectivity_215bb46cdff5d6fd
https://media-arn2-1.cdn.whatsapp.net/robots.txt,ok,https://explorer.ooni.org/m/20260402084423.265159_KR_webconnectivity_67eb116bc2ee3301
https://media.fevn1-1.fna.whatsapp.net/robots.txt,ok,https://explorer.ooni.org/m/20260402084427.934271_KR_webconnectivity_46a164da10dfb106
https://meet.jit.si/,ok,https://explorer.ooni.org/m/20260402084432.932495_KR_webconnectivity_a113ccf176e8097a
https://messages.google.com/,ok,https://explorer.ooni.org/m/20260402084436.611696_KR_webconnectivity_5b85e8ae8d035959
https://mobile.element.io/,ok,https://explorer.ooni.org/m/20260402084439.282905_KR_webconnectivity_eb088b636422e860
https://msh.org/,ok,https://explorer.ooni.org/m/20260402084455.422021_KR_webconnectivity_8fa07740e80f07ba
https://mytrans.com.tw/,ok,https://explorer.ooni.org/m/20260402084458.059081_KR_webconnectivity_35c4f512e43c195b
https://nextstrain.org/ncov,ok,https://explorer.ooni.org/m/20260402084505.528795_KR_webconnectivity_af87e5beb4b56ddc
https://nostr.com/,ok,https://explorer.ooni.org/m/20260402084516.204087_KR_webconnectivity_a975bfeb06d400d5
https://obsproject.com/,ok,https://explorer.ooni.org/m/20260402084522.467167_KR_webconnectivity_089fad812e32ca7d
http://onairkorean.tv/,dns,https://explorer.ooni.org/m/20260402084523.880464_KR_webconnectivity_620618c597b3cb43
https://openai.com/,ok,https://explorer.ooni.org/m/20260402084527.001852_KR_webconnectivity_4fea5d992ac57143
https://openobservatory.slack.com/,ok,https://explorer.ooni.org/m/20260402084537.666515_KR_webconnectivity_f8e42007ed793218
https://opera.com/,ok,https://explorer.ooni.org/m/20260402084551.747780_KR_webconnectivity_aa421c76c44dbbb5
https://outlook.live.com/,ok,https://explorer.ooni.org/m/20260402084558.880451_KR_webconnectivity_f18bdabefbd4e1c4
https://photos.google.com/,ok,https://explorer.ooni.org/m/20260402084614.494408_KR_webconnectivity_fa5a36cacc56b1c6
https://pinboard.in/,ok,https://explorer.ooni.org/m/20260402084617.228567_KR_webconnectivity_b240897b169776c1
https://posteo.de/,ok,https://explorer.ooni.org/m/20260402084631.182464_KR_webconnectivity_5df2b83e6cb31243
https://postimage.io/,http-failure,https://explorer.ooni.org/m/20260402084634.821990_KR_webconnectivity_67d143c2137f5c47
https://presearch.org/,ok,https://explorer.ooni.org/m/20260402084642.267557_KR_webconnectivity_a027f6695616d52c
https://rumble.com/,ok,https://explorer.ooni.org/m/20260402084655.668323_KR_webconnectivity_02145a9009c904b9
http://sakhr.com/,ok,https://explorer.ooni.org/m/20260402084658.203666_KR_webconnectivity_e0949c8104c2d607
https://search.aol.com/,ok,https://explorer.ooni.org/m/20260402084705.238184_KR_webconnectivity_c83d5ebf4aa3a473
https://search.brave.com/,ok,https://explorer.ooni.org/m/20260402084721.620410_KR_webconnectivity_93d6c8c1f1447ee7
https://secure.hi5.com/,ok,https://explorer.ooni.org/m/20260402084736.779431_KR_webconnectivity_8a29550cde05e3c8
https://simplex.chat/,ok,https://explorer.ooni.org/m/20260402084748.701205_KR_webconnectivity_b2605f19c5557abe
https://slack-imgs.com/,ok,https://explorer.ooni.org/m/20260402084754.333090_KR_webconnectivity_ece44abb5ba0f2be
https://slack.com/,ok,https://explorer.ooni.org/m/20260402084810.723287_KR_webconnectivity_0a4375dc012869ae
https://spideroak.com/,ok,https://explorer.ooni.org/m/20260402084826.342993_KR_webconnectivity_a6e9a62442d479bb
https://startpage.com/,http-failure,https://explorer.ooni.org/m/20260402084829.579329_KR_webconnectivity_382fb81b228b74a0
https://status.im/,ok,https://explorer.ooni.org/m/20260402084841.358466_KR_webconnectivity_322ab47055ff9c39
https://storymaps.arcgis.com/,ok,https://explorer.ooni.org/m/20260402084858.839315_KR_webconnectivity_ccbb558d28cae458
https://support.delta.chat/,ok,https://explorer.ooni.org/m/20260402084919.153291_KR_webconnectivity_432f294ade537a82
https://tamtam.chat/,ok,https://explorer.ooni.org/m/20260402084925.549845_KR_webconnectivity_b53a8a161b8ab8dd
http://tcafek.com/,confirmed,https://explorer.ooni.org/m/20260402084942.579660_KR_webconnectivity_20a1eefc85b25718
https://teams.microsoft.com/,ok,https://explorer.ooni.org/m/20260402085001.662248_KR_webconnectivity_6ee05f9ceb472f8b
https://telegram.me/,dns,https://explorer.ooni.org/m/20260402085004.896897_KR_webconnectivity_1cb3bf36bf645354
https://test-ipv6.com/,ok,https://explorer.ooni.org/m/20260402085016.665274_KR_webconnectivity_42069fb7fc23f574
https://th.bing.com/th/id/OIP.YnpdokcN_OQYn3n41AlqZAHaEe?w=250&h=180&c=7&o=5&pid=1.7,ok,https://explorer.ooni.org/m/20260402085025.678914_KR_webconnectivity_92e42b9d22812e12
https://translate.google.com/,ok,https://explorer.ooni.org/m/20260402085042.059118_KR_webconnectivity_f2f7eaf3b277658b
https://translation2.paralink.com/,ok,https://explorer.ooni.org/m/20260402085051.193214_KR_webconnectivity_ce9eef31c1fa0a86
https://transparencyreport.google.com/,ok,https://explorer.ooni.org/m/20260402085055.940585_KR_webconnectivity_dd6c30ba21faf4ed
https://trello.com/,ok,https://explorer.ooni.org/m/20260402085111.092412_KR_webconnectivity_e20cc6a3a532eb79
https://tuta.com/,ok,https://explorer.ooni.org/m/20260402085129.716135_KR_webconnectivity_1930deeadb54b200
http://tvcast.naver.com/,ok,https://explorer.ooni.org/m/20260402085142.945962_KR_webconnectivity_85418d13f4f74631
http://tvpot.daum.net/,dns,https://explorer.ooni.org/m/20260402085145.215420_KR_webconnectivity_7e6beafcb0573c4e
https://tvzil.com/,dns,https://explorer.ooni.org/m/20260402085147.403428_KR_webconnectivity_c40780df4ce9c17c
https://tx.me/,ok,https://explorer.ooni.org/m/20260402085154.007106_KR_webconnectivity_571f5142ac9b437a
https://vector.im/_matrix/identity/api/v1,ok,https://explorer.ooni.org/m/20260402085156.505205_KR_webconnectivity_8d200e57303b3ca7
https://video-preview.s3.yandex.net/robots.txt,http-failure,https://explorer.ooni.org/m/20260402085218.824498_KR_webconnectivity_f41b369947adc00b
https://web.wechat.com/,ok,https://explorer.ooni.org/m/20260402085235.175646_KR_webconnectivity_0a8f52e57b401863
https://webcache.googleusercontent.com/robots.txt,ok,https://explorer.ooni.org/m/20260402085247.762591_KR_webconnectivity_6c85ef0ac0d7a803
https://wire.com/,ok,https://explorer.ooni.org/m/20260402085306.610661_KR_webconnectivity_e49f6ffeff4b9c4b
https://worldhealth.net/,ok,https://explorer.ooni.org/m/20260402085323.213553_KR_webconnectivity_9b5f402208613b0a
http://www.aids.or.kr/,ok,https://explorer.ooni.org/m/20260402085328.870096_KR_webconnectivity_233df11d16dda9d1
https://www.ananzi.co.za/,ok,https://explorer.ooni.org/m/20260402085335.719875_KR_webconnectivity_23b732466b7c4804
http://www.asiansexgazette.com/,dns,https://explorer.ooni.org/m/20260402085338.169037_KR_webconnectivity_7cd5c5f991e3ab85
http://www.asiansexgazette.com/asg/asian_health.htm,dns,https://explorer.ooni.org/m/20260402085340.870260_KR_webconnectivity_2c750169acdb08f2
http://www.ask.com/,ok,https://explorer.ooni.org/m/20260402085351.697569_KR_webconnectivity_b603e91291b0b596
https://www.asterisk.org/,ok,https://explorer.ooni.org/m/20260402085353.903840_KR_webconnectivity_fac44b6fcd9dca1c
https://www.baidu.com/,ok,https://explorer.ooni.org/m/20260402085406.519360_KR_webconnectivity_47ed0f563660930a
https://www.bbm.com/,ok,https://explorer.ooni.org/m/20260402085425.873773_KR_webconnectivity_48dcffe65c69a35f
https://www.bing.com/,ok,https://explorer.ooni.org/m/20260402085444.885137_KR_webconnectivity_895c7e5e1a7221f3
https://www.bitchute.com/,ok,https://explorer.ooni.org/m/20260402085447.956563_KR_webconnectivity_c8be0b6aeaa958d5
https://www.blackberry.com/,ok,https://explorer.ooni.org/m/20260402085504.633642_KR_webconnectivity_a5e022dac8e5f9d8
https://www.broadvoice.com/,ok,https://explorer.ooni.org/m/20260402085523.882384_KR_webconnectivity_6419177bc4c974fc
https://www.cdc.go.kr/board/board.es?mid=&bid=0030,error,https://explorer.ooni.org/m/20260402085527.839203_KR_webconnectivity_96b211305d7315c9
https://www.cdc.gov/,ok,https://explorer.ooni.org/m/20260402085539.068073_KR_webconnectivity_ebdec001a7cc7b5e
http://www.chol.com/,dns,https://explorer.ooni.org/m/20260402085544.816759_KR_webconnectivity_5d0ea469f07464af
http://www.cirp.org/,ok,https://explorer.ooni.org/m/20260402085549.304919_KR_webconnectivity_6d260d0f41f6e4c5
http://www.dailymotion.com/kr,ok,https://explorer.ooni.org/m/20260402085557.123717_KR_webconnectivity_2ccf0e3233aa9608
https://www.dailymotion.com/,ok,https://explorer.ooni.org/m/20260402085606.058516_KR_webconnectivity_8db9f604c4222bfc
http://www.daum.net/,ok,https://explorer.ooni.org/m/20260402085627.304632_KR_webconnectivity_1478e994f1f0d2c7
https://www.deepseek.com/,dns,https://explorer.ooni.org/m/20260402085628.885198_KR_webconnectivity_3677b887e8e006c7
https://www.doctorswithoutborders.org/,ok,https://explorer.ooni.org/m/20260402085647.408394_KR_webconnectivity_a4f11bb955948a02
http://www.dreamwiz.com/,ok,https://explorer.ooni.org/m/20260402085700.964885_KR_webconnectivity_4343f73c9ce7783c
https://www.ecdc.europa.eu/,ok,https://explorer.ooni.org/m/20260402085717.989655_KR_webconnectivity_01c0b162384d1160
http://www.empas.com/,ok,https://explorer.ooni.org/m/20260402085720.081971_KR_webconnectivity_acdeaa63006fff39
https://www.engenderhealth.org/,ok,https://explorer.ooni.org/m/20260402085737.136469_KR_webconnectivity_433cc3a8189f38cf
http://www.euthanasia.cc/,ok,https://explorer.ooni.org/m/20260402085746.732857_KR_webconnectivity_cfa8c236622cd68e
https://www.excite.com/,dns,https://explorer.ooni.org/m/20260402085748.322550_KR_webconnectivity_b17daf228aeba62a
https://www.fastmail.com/,ok,https://explorer.ooni.org/m/20260402085800.927761_KR_webconnectivity_47584fa9eb688ccf
https://www.flickr.com/,ok,https://explorer.ooni.org/m/20260402085813.205698_KR_webconnectivity_e5e8875c9a5105aa
https://www.fotki.com/,ok,https://explorer.ooni.org/m/20260402085818.645425_KR_webconnectivity_9ab6408d4ab90f4c
http://www.fotolog.com/,ok,https://explorer.ooni.org/m/20260402085836.722540_KR_webconnectivity_35f56da983fbaa49
https://www.freepik.com/,ok,https://explorer.ooni.org/m/20260402085842.989550_KR_webconnectivity_2d80da1101de70e2
https://www.gatesfoundation.org/,ok,https://explorer.ooni.org/m/20260402085903.952753_KR_webconnectivity_10679e8b1c82a537
http://www.getdrupe.com/,ok,https://explorer.ooni.org/m/20260402085920.822730_KR_webconnectivity_4db7064c99ea3b87
https://www.google.co.kr/,ok,https://explorer.ooni.org/m/20260402085933.497899_KR_webconnectivity_123610770bbe03f3
https://www.google.com/,ok,https://explorer.ooni.org/m/20260402085951.814454_KR_webconnectivity_248a7c0d6dd75f08
https://www.healthmap.org/covid-19/,ok,https://explorer.ooni.org/m/20260402085954.693813_KR_webconnectivity_3b76c0eda9c92b61
https://www.hightail.com/,ok,https://explorer.ooni.org/m/20260402090004.300989_KR_webconnectivity_5d03d4aaad2478c6
https://www.hotbot.com/,dns,https://explorer.ooni.org/m/20260402090006.544849_KR_webconnectivity_2af294e98377520c
https://www.hushmail.com/,ok,https://explorer.ooni.org/m/20260402090024.475748_KR_webconnectivity_8c17fe44534016a6
https://www.iconnecthere.com/,ok,https://explorer.ooni.org/m/20260402090030.767762_KR_webconnectivity_9c403d5a64b364b6
http://www.implantinfo.com/,ok,https://explorer.ooni.org/m/20260402090045.321673_KR_webconnectivity_7fa453f2a215571b
http://www.inbox.com/,ok,https://explorer.ooni.org/m/20260402090054.988845_KR_webconnectivity_66b20117cd85e166
http://www.internet-phone.co.kr/,tcp_ip,https://explorer.ooni.org/m/20260402090141.611180_KR_webconnectivity_9562230ed4efdb1e
http://www.isscr.org/,ok,https://explorer.ooni.org/m/20260402090154.777772_KR_webconnectivity_f6c080231f98800a
https://www.jabber.ru/,ok,https://explorer.ooni.org/m/20260402090201.488098_KR_webconnectivity_b960cddc19bfd06f
http://www.kakao.com/services/8,ok,https://explorer.ooni.org/m/20260402090224.009664_KR_webconnectivity_b7a1e6ee6f5e9350
http://www.keptprivate.com/,ok,https://explorer.ooni.org/m/20260402090226.713719_KR_webconnectivity_e1da3e7f26918bad
https://www.kff.org/,ok,https://explorer.ooni.org/m/20260402090239.793767_KR_webconnectivity_d50390f7a2082087
http://www.kftel.com/,ok,https://explorer.ooni.org/m/20260402090242.617440_KR_webconnectivity_493ae664fb772c58
https://www.last.fm/,ok,https://explorer.ooni.org/m/20260402090302.021196_KR_webconnectivity_d7df21c2de55cc8a
http://www.lets070.net/,ok,https://explorer.ooni.org/m/20260402090305.322373_KR_webconnectivity_02d79d65337ee0b1
http://www.lingo.com/,error,https://explorer.ooni.org/m/20260402090308.014735_KR_webconnectivity_129233f06e0c8f8f
http://www.linphone.org/,ok,https://explorer.ooni.org/m/20260402090327.439558_KR_webconnectivity_1f914598873e0d18
https://www.liveleak.com/,error,https://explorer.ooni.org/m/20260402090332.592599_KR_webconnectivity_1a01ad6720e0a61b
http://www.love4one.com/,ok,https://explorer.ooni.org/m/20260402090347.743604_KR_webconnectivity_232091a9a1ea88dd
http://www.lxnetworks.co.kr/,error,https://explorer.ooni.org/m/20260402090351.489072_KR_webconnectivity_10366aaf39e82bca
http://www.lycos.com/,ok,https://explorer.ooni.org/m/20260402090358.994225_KR_webconnectivity_aeff25aa6404ac88
http://www.magicjack.com/,ok,https://explorer.ooni.org/m/20260402090408.978492_KR_webconnectivity_9258d1bd98cb1cc7
https://www.mail.com/,ok,https://explorer.ooni.org/m/20260402090428.809259_KR_webconnectivity_09ca828997e64237
http://www.mail.lycos.com/,ok,https://explorer.ooni.org/m/20260402090434.130832_KR_webconnectivity_9cfee4657b72cb80
http://www.mail2web.com/,ok,https://explorer.ooni.org/m/20260402090455.771495_KR_webconnectivity_f5d71914c55ffe10
http://www.mailinator.com/,ok,https://explorer.ooni.org/m/20260402090511.668565_KR_webconnectivity_2f85b4bab2fe1dad
https://www.mamma.com/,ok,https://explorer.ooni.org/m/20260402090519.167106_KR_webconnectivity_f7f303dbb81d9492
https://www.mariestopes.org.uk/,ok,https://explorer.ooni.org/m/20260402090536.707577_KR_webconnectivity_e232eeb391df144f
http://www.medecinsdumonde.org/,ok,https://explorer.ooni.org/m/20260402090553.141177_KR_webconnectivity_e9e1e9deb1bad735
https://www.mediafire.com/,ok,https://explorer.ooni.org/m/20260402090602.147780_KR_webconnectivity_1f0d0f7ad516e047
http://www.medicinenet.com/,ok,https://explorer.ooni.org/m/20260402090617.424306_KR_webconnectivity_1e5043222237648f
http://www.mersjido.com/,ok,https://explorer.ooni.org/m/20260402090619.226877_KR_webconnectivity_6b5462693cb2a1af
https://www.messenger.com/,ok,https://explorer.ooni.org/m/20260402090636.010136_KR_webconnectivity_3bf801774d259074
http://www.metacrawler.com/,dns,https://explorer.ooni.org/m/20260402090640.529326_KR_webconnectivity_c66df7f84c74ed54
https://www.microsoft.com/,ok,https://explorer.ooni.org/m/20260402090659.805058_KR_webconnectivity_936cadb75058b0ee
http://www.microsofttranslator.com/,ok,https://explorer.ooni.org/m/20260402090719.424189_KR_webconnectivity_efc3a8dcb9a605d3
https://www.mojeek.com/,ok,https://explorer.ooni.org/m/20260402090723.598644_KR_webconnectivity_392523dd25d784da
http://www.moohan.net/,dns,https://explorer.ooni.org/m/20260402090728.744370_KR_webconnectivity_d56bed4e196a2ccb
https://www.msn.com/,ok,https://explorer.ooni.org/m/20260402090735.655538_KR_webconnectivity_386bdc1d0a11bbd9
http://www.munjanara.co.kr/,error,https://explorer.ooni.org/m/20260402090757.023529_KR_webconnectivity_60a63ad871b0a5bc
http://www.naver.com/,ok,https://explorer.ooni.org/m/20260402090808.434149_KR_webconnectivity_dff361deb1346aeb
http://www.netaddress.com/,ok,https://explorer.ooni.org/m/20260402090814.592052_KR_webconnectivity_a548c0e94fbd05e5
https://www.netaddress.com/,ok,https://explorer.ooni.org/m/20260402090819.537503_KR_webconnectivity_c23d4735139fa8b8
https://www.netflix.com/,ok,https://explorer.ooni.org/m/20260402090836.124375_KR_webconnectivity_1721fd92cc2bf66a
http://www.nicesms.co.kr/,dns,https://explorer.ooni.org/m/20260402090840.155839_KR_webconnectivity_37bfded88b8e376a
http://www.olleh-kt.kr/,ok,https://explorer.ooni.org/m/20260402090844.693264_KR_webconnectivity_a1a1e77824dbc4cd
http://www.online-translator.com/,ok,https://explorer.ooni.org/m/20260402090855.494593_KR_webconnectivity_c01c06b5ca01c79e
http://www.oovoo.com/,ok,https://explorer.ooni.org/m/20260402090915.424568_KR_webconnectivity_44da024a45bf42fb
https://www.openstreetmap.org/,ok,https://explorer.ooni.org/m/20260402090922.273134_KR_webconnectivity_2cdd7ab4a7dba43c
http://www.orgio.com/,ok,https://explorer.ooni.org/m/20260402090926.170227_KR_webconnectivity_8e8b1bba9356f80f
http://www.paltalk.com/,ok,https://explorer.ooni.org/m/20260402090931.573073_KR_webconnectivity_9b9e6614d85c626a
http://www.pandora.com/,ok,https://explorer.ooni.org/m/20260402090938.118027_KR_webconnectivity_40930c412ec13fbc
https://www.perplexity.ai/,ok,https://explorer.ooni.org/m/20260402090940.455676_KR_webconnectivity_4a81d6243d2cf368
https://www.pinterest.com/,ok,https://explorer.ooni.org/m/20260402090958.743000_KR_webconnectivity_e4cabc9625b42db9
https://www.postmaster.co.uk/,ok,https://explorer.ooni.org/m/20260402091005.136803_KR_webconnectivity_952f0c041410a8d1
http://www.ppurio.com/,dns,https://explorer.ooni.org/m/20260402091010.283840_KR_webconnectivity_4f144c777623c0f2
https://www.projectbaseline.com/studies/covid-research/,ok,https://explorer.ooni.org/m/20260402091021.714921_KR_webconnectivity_6aba0255bed7b478
https://www.proton.me/,ok,https://explorer.ooni.org/m/20260402091036.941506_KR_webconnectivity_10d8e469e0ece1bd
https://www.rki.de/,ok,https://explorer.ooni.org/m/20260402091102.654239_KR_webconnectivity_2083c142c03a2f92
https://www.search.com/,ok,https://explorer.ooni.org/m/20260402091124.320025_KR_webconnectivity_f62bb188cbfa312b
http://www.searchindia.com/,ok,https://explorer.ooni.org/m/20260402091136.565992_KR_webconnectivity_b7bf55e075827c05
http://www.securenym.net/,ok,https://explorer.ooni.org/m/20260402091138.402340_KR_webconnectivity_be4f8011abc1459b
https://www.sendthisfile.com/,ok,https://explorer.ooni.org/m/20260402091155.287407_KR_webconnectivity_d4027ad078c5f66b
http://www.shinbiro.com/,tcp_ip,https://explorer.ooni.org/m/20260402091241.338015_KR_webconnectivity_be62b61f67158f6a
http://www.sina.com.cn/,ok,https://explorer.ooni.org/m/20260402091300.914685_KR_webconnectivity_82ce28c02b6a6e53
https://www.skype.com/,ok,https://explorer.ooni.org/m/20260402091310.434981_KR_webconnectivity_3203bbd4121be88e
http://www.skysms.co.kr/,ok,https://explorer.ooni.org/m/20260402091312.725561_KR_webconnectivity_40f99bc4ab17f394
http://www.slideshare.net/,ok,https://explorer.ooni.org/m/20260402091330.438400_KR_webconnectivity_153474207b48b461
https://www.startmail.com/,ok,https://explorer.ooni.org/m/20260402091350.627999_KR_webconnectivity_f8629a84dac11b90
https://www.subscribestar.com/,ok,https://explorer.ooni.org/m/20260402091401.855633_KR_webconnectivity_f98221bde3472479
http://www.talkyou.me/,ok,https://explorer.ooni.org/m/20260402091408.183854_KR_webconnectivity_3c6a2479d2325889
http://www.tango.me/,ok,https://explorer.ooni.org/m/20260402091410.333771_KR_webconnectivity_9a29e2c8d89b3210
https://www.tawk.to/,ok,https://explorer.ooni.org/m/20260402091426.541630_KR_webconnectivity_6bb4cc0378a43da2
https://www.ted.com/,ok,https://explorer.ooni.org/m/20260402091441.595667_KR_webconnectivity_3bcc81c6e5ca7414
https://www.textra.me/,ok,https://explorer.ooni.org/m/20260402091448.185412_KR_webconnectivity_e9a51ccf0c22795a
https://www.theglobalfund.org/,ok,https://explorer.ooni.org/m/20260402091459.119618_KR_webconnectivity_0b6f6558e2ff56f2
http://www.tialsoft.com/download/,ok,https://explorer.ooni.org/m/20260402091503.595546_KR_webconnectivity_67845986d2ba279c
http://www.tialsoft.com/multitranse/,ok,https://explorer.ooni.org/m/20260402091508.643449_KR_webconnectivity_74707d69c5cb3787
https://www.transferbigfiles.com/,ok,https://explorer.ooni.org/m/20260402091512.521297_KR_webconnectivity_6c0096692d10ad54
http://www.translate.ru/,ok,https://explorer.ooni.org/m/20260402091523.088883_KR_webconnectivity_ca4f48ae02b910be
https://www.truecaller.com/,ok,https://explorer.ooni.org/m/20260402091533.045647_KR_webconnectivity_5ac89c779d34dbfd
https://www.unaids.org/,ok,https://explorer.ooni.org/m/20260402091552.639827_KR_webconnectivity_5349db8adb1dfb2f
https://www.ushareit.com/,dns,https://explorer.ooni.org/m/20260402091555.079957_KR_webconnectivity_44cf7e79d5ce7539
http://www.vtv.co.kr/,ok,https://explorer.ooni.org/m/20260402091608.160790_KR_webconnectivity_8bfee8c2f9923555
https://www.vyke.com/,ok,https://explorer.ooni.org/m/20260402091615.174000_KR_webconnectivity_b3298f6835919385
http://www.wevo.co.kr/,error,https://explorer.ooni.org/m/20260402091631.461505_KR_webconnectivity_a84decae0fa23e6d
http://www.whitepages.com/,ok,https://explorer.ooni.org/m/20260402091647.314538_KR_webconnectivity_00223516781434c9
https://www.who.int/,ok,https://explorer.ooni.org/m/20260402091705.855482_KR_webconnectivity_acbcca774fb840a3
https://www.wordreference.com/,ok,https://explorer.ooni.org/m/20260402091707.804758_KR_webconnectivity_bc8ab21ff2556a85
https://www.worldometers.info/coronavirus/,ok,https://explorer.ooni.org/m/20260402091721.820593_KR_webconnectivity_3a033b3524637e65
http://www.yahoo.co.kr/,ok,https://explorer.ooni.org/m/20260402091737.723645_KR_webconnectivity_61a4567b8601bca7
https://www.yahoo.com/,ok,https://explorer.ooni.org/m/20260402091750.939205_KR_webconnectivity_ef8990dcfa69d4aa
https://yandex.com/,dns,https://explorer.ooni.org/m/20260402091752.539320_KR_webconnectivity_c7a66437f8b348e2
https://yandexwebcache.net/robots.txt,ok,https://explorer.ooni.org/m/20260402091757.599613_KR_webconnectivity_e01ce639598b9db5
https://zoom.us/,ok,https://explorer.ooni.org/m/20260402091817.093234_KR_webconnectivity_1423d8702844f1aa
https://1.1.1.1/,tcp_ip,https://explorer.ooni.org/m/20260402091847.964403_KR_webconnectivity_c272ed586a351802
http://2015peoplepower.tistory.com/,ok,https://explorer.ooni.org/m/20260402091850.524927_KR_webconnectivity_00145801e510c46c
https://4genderjustice.org/,ok,https://explorer.ooni.org/m/20260402091938.164867_KR_webconnectivity_b77b80806d142161
https://76crimes.com/,ok,https://explorer.ooni.org/m/20260402091955.997717_KR_webconnectivity_a10541beec38fad9
http://abc.go.com/,ok,https://explorer.ooni.org/m/20260402092014.708710_KR_webconnectivity_fad401cfc8419cf7
http://act.jinbo.net/,ok,https://explorer.ooni.org/m/20260402092034.833095_KR_webconnectivity_6664d75b8284136c
https://actionaid.org/,ok,https://explorer.ooni.org/m/20260402092044.158471_KR_webconnectivity_0ac8843cacd11054
https://advox.globalvoices.org/,error,https://explorer.ooni.org/m/20260402092049.055311_KR_webconnectivity_8c33d2984c7bb369
https://amnezia.org/,dns,https://explorer.ooni.org/m/20260402092050.842766_KR_webconnectivity_88b3f98776e79132
http://anonymouse.org/,dns,https://explorer.ooni.org/m/20260402092106.518406_KR_webconnectivity_fe3e57bc43d9e156
https://antivigilancia.org/,dns,https://explorer.ooni.org/m/20260402092108.873339_KR_webconnectivity_f80b081d4a23856a
https://arc-international.net/,ok,https://explorer.ooni.org/m/20260402092124.111670_KR_webconnectivity_19cd6f2330f87c43
https://asiatimes.com/,ok,https://explorer.ooni.org/m/20260402092144.477358_KR_webconnectivity_f04ac7b8657d792e
https://atlasofsurveillance.org/,ok,https://explorer.ooni.org/m/20260402092150.594216_KR_webconnectivity_882dfb1997b49c28
http://base21.jinbo.net/,ok,https://explorer.ooni.org/m/20260402092220.431977_KR_webconnectivity_9a03681a3f9da7da
https://blog.genderwatchdog.org/,ok,https://explorer.ooni.org/m/20260402092227.725434_KR_webconnectivity_0b91c0a89cfbfc8d
http://blog.jinbo.net/,ok,https://explorer.ooni.org/m/20260402092241.376902_KR_webconnectivity_2353f8f7bce464d9
https://bouncer.ooni.io/,ok,https://explorer.ooni.org/m/20260402092245.880223_KR_webconnectivity_33a2afc895f9672a
https://brothersroad.org/,ok,https://explorer.ooni.org/m/20260402092259.836509_KR_webconnectivity_ff46034597111a77
http://cafe.daum.net/,ok,https://explorer.ooni.org/m/20260402092304.727722_KR_webconnectivity_c3a4d877b7f17f6f
http://cafe.daum.net/antimb,ok,https://explorer.ooni.org/m/20260402092309.414333_KR_webconnectivity_f7d17006fc8f3fbc
http://cafe.daum.net/libertyofthepress,ok,https://explorer.ooni.org/m/20260402092312.802013_KR_webconnectivity_e925adb8ef8d3250
http://cafe.daum.net/pridecare,ok,https://explorer.ooni.org/m/20260402092315.447138_KR_webconnectivity_ff55001b722a6600
http://cafe.daum.net/stopcjd,ok,https://explorer.ooni.org/m/20260402092318.782927_KR_webconnectivity_38026efb64e08799
http://cafe.naver.com/asunaro/,ok,https://explorer.ooni.org/m/20260402092341.829083_KR_webconnectivity_a2632d50747f9e76
https://carnegieendowment.org/,ok,https://explorer.ooni.org/m/20260402092357.089245_KR_webconnectivity_647d429b47603f81
https://certbot.eff.org/,ok,https://explorer.ooni.org/m/20260402092402.999720_KR_webconnectivity_540cb4eb5456b1c8
https://citizenlab.ca/,ok,https://explorer.ooni.org/m/20260402092418.011397_KR_webconnectivity_5c6b1950b90d8f4e
https://cpj.org/,ok,https://explorer.ooni.org/m/20260402092432.483789_KR_webconnectivity_67387dee81b91dac
https://cryptpad.fr/,ok,https://explorer.ooni.org/m/20260402092436.381565_KR_webconnectivity_42f5e080bbbc5c82
https://cryptpad.org/instances/,ok,https://explorer.ooni.org/m/20260402092441.997961_KR_webconnectivity_87b12cd972641f0b
https://csid-online.org/,ok,https://explorer.ooni.org/m/20260402092450.418794_KR_webconnectivity_a454c765fc320684
https://cyber.harvard.edu/,ok,https://explorer.ooni.org/m/20260402092458.341031_KR_webconnectivity_927d4ea7bde16c94
https://ddosecrets.com/,ok,https://explorer.ooni.org/m/20260402092503.854472_KR_webconnectivity_f10a9a7b61daa344
https://disclose.ngo/,ok,https://explorer.ooni.org/m/20260402092507.800750_KR_webconnectivity_3929f0d4907a4ed2
https://dn42.dev/,ok,https://explorer.ooni.org/m/20260402092512.949567_KR_webconnectivity_df19233f8b9b7203
https://download.cnet.com/,dns,https://explorer.ooni.org/m/20260402092513.739348_KR_webconnectivity_198691b08980e514
https://edition.cnn.com/,ok,https://explorer.ooni.org/m/20260402092516.361291_KR_webconnectivity_fe57189248b4671e
http://english.eduhope.net/,ok,https://explorer.ooni.org/m/20260402092519.532142_KR_webconnectivity_251f58d99846025f
http://english.hani.co.kr/,ok,https://explorer.ooni.org/m/20260402092522.766938_KR_webconnectivity_caa6917525a5218b
http://english.yna.co.kr/,error,https://explorer.ooni.org/m/20260402092524.722844_KR_webconnectivity_37196649e39ff58f
https://epic.org/,ok,https://explorer.ooni.org/m/20260402092526.835448_KR_webconnectivity_21ee5cb33efce4a3
https://feminist.org/,ok,https://explorer.ooni.org/m/20260402092529.768730_KR_webconnectivity_fbaef7f8febd4688
https://fleegle.mixmin.net/,ok,https://explorer.ooni.org/m/20260402092533.808999_KR_webconnectivity_a345d72e49bf2c06
https://fondfbr.ru/,dns,https://explorer.ooni.org/m/20260402092535.719432_KR_webconnectivity_65b0a303f0048d29
https://freedomhouse.org/,ok,https://explorer.ooni.org/m/20260402092537.697875_KR_webconnectivity_b6b5e3058afc4cfa
https://freemuse.org/,ok,https://explorer.ooni.org/m/20260402092548.258390_KR_webconnectivity_20ff76f07ccd4555
https://freespeechdebate.com/,tcp_ip,https://explorer.ooni.org/m/20260402092619.006128_KR_webconnectivity_a3291cfe94257c5b
https://fronterafundrgv.org/,dns,https://explorer.ooni.org/m/20260402092622.093613_KR_webconnectivity_79c89e901e6a1aaf
https://fundtexaschoice.org/,ok,https://explorer.ooni.org/m/20260402092625.533237_KR_webconnectivity_2d67e2d61f96a765
https://gaymenshealth.org/,ok,https://explorer.ooni.org/m/20260402092629.270054_KR_webconnectivity_5c7d756b5d921247
https://genderandaids.unwomen.org/,ok,https://explorer.ooni.org/m/20260402092631.670050_KR_webconnectivity_68ddcac3a7777989
https://globalpressjournal.com/,ok,https://explorer.ooni.org/m/20260402092633.911452_KR_webconnectivity_9f7837923789eeb5
http://go.jinbo.net/,ok,https://explorer.ooni.org/m/20260402092637.223103_KR_webconnectivity_9836d9e69e4f3bc0
https://gpgtools.org/,ok,https://explorer.ooni.org/m/20260402092641.831965_KR_webconnectivity_9af033fcf36379b7
https://guardianproject.info/,ok,https://explorer.ooni.org/m/20260402092646.278046_KR_webconnectivity_c32dfbd85b90ff40
http://hbyd.org/,ok,https://explorer.ooni.org/m/20260402092655.102433_KR_webconnectivity_509368c3df3c3218
https://help.unhcr.org/,ok,https://explorer.ooni.org/m/20260402092657.907574_KR_webconnectivity_1f4407948340389d
http://hotzone.yahoo.com/,ok,https://explorer.ooni.org/m/20260402092701.606400_KR_webconnectivity_aa2df33ee4bfd848
http://hrights.or.kr/,ok,https://explorer.ooni.org/m/20260402092706.844491_KR_webconnectivity_be3082296542d160
http://hrlibrary.umn.edu/iwraw/,ok,https://explorer.ooni.org/m/20260402092709.532631_KR_webconnectivity_83a6dd1363dcc52f
http://humanmed.org/,dns,https://explorer.ooni.org/m/20260402092711.580636_KR_webconnectivity_c7de8a79a984176f
https://i2p2.de/,error,https://explorer.ooni.org/m/20260402092717.234993_KR_webconnectivity_c3fa3901d251376a
https://i2pforum.net/,ok,https://explorer.ooni.org/m/20260402092721.398625_KR_webconnectivity_16acab8c6a4b79ac
https://i2pgit.org/,ok,https://explorer.ooni.org/m/20260402092724.296115_KR_webconnectivity_7a9894f808066699
https://ifeminists.com/,ok,https://explorer.ooni.org/m/20260402092728.537909_KR_webconnectivity_dad2bccb59001be2
https://ij.org/,ok,https://explorer.ooni.org/m/20260402092730.588734_KR_webconnectivity_201837872658c30e
http://ijunnong.net/,ok,https://explorer.ooni.org/m/20260402092734.464641_KR_webconnectivity_ebaa5c3a0c677888
https://ikhwanonline.com/,error,https://explorer.ooni.org/m/20260402092835.002369_KR_webconnectivity_5a37e6ccf6609bd7
https://ilga.org/,ok,https://explorer.ooni.org/m/20260402092837.094262_KR_webconnectivity_ca9093c32b9dbed5
http://impeter.tistory.com/,ok,https://explorer.ooni.org/m/20260402092839.207946_KR_webconnectivity_fcd6d9652a4892a9
https://indymedia.org/,ok,https://explorer.ooni.org/m/20260402092843.406226_KR_webconnectivity_d676141c22a1db9c
http://instinctmagazine.com/,ok,https://explorer.ooni.org/m/20260402092846.822595_KR_webconnectivity_1df9d1a0da9e3842
https://internationalfamilyequalityday.org/,ok,https://explorer.ooni.org/m/20260402092852.059990_KR_webconnectivity_af1cb3b0d45efbb4
https://ipi.media/,ok,https://explorer.ooni.org/m/20260402092855.753244_KR_webconnectivity_78b1804ae71497be
https://itgetsbetter.org/,ok,https://explorer.ooni.org/m/20260402092857.804169_KR_webconnectivity_97a40a5e54b46511
http://ivancity.com/,dns,https://explorer.ooni.org/m/20260402092900.745267_KR_webconnectivity_ca4012e2ac3e1490
https://jezebel.com/,ok,https://explorer.ooni.org/m/20260402092902.848440_KR_webconnectivity_3bb06dd6691239b6
http://joongang.joins.com/,ok,https://explorer.ooni.org/m/20260402092918.697644_KR_webconnectivity_2145e9630ce9663a
http://joongangdaily.joins.com/,ok,https://explorer.ooni.org/m/20260402092923.137957_KR_webconnectivity_a38b3a98e1668569
http://jtbc.joins.com/,ok,https://explorer.ooni.org/m/20260402092930.334170_KR_webconnectivity_f54327d7f3949d74
https://justassociates.org/,ok,https://explorer.ooni.org/m/20260402092940.412531_KR_webconnectivity_94298ba189b014f9
http://justicewomen.com/,ok,https://explorer.ooni.org/m/20260402092942.110919_KR_webconnectivity_6755f64718a6ac0d
https://kaleidoscopetrust.com/,ok,https://explorer.ooni.org/m/20260402092949.376788_KR_webconnectivity_51955aa213daf694
https://keys.openpgp.org/,ok,https://explorer.ooni.org/m/20260402092953.958186_KR_webconnectivity_431856d567167898
http://kfcitu.org/,ok,https://explorer.ooni.org/m/20260402092956.539928_KR_webconnectivity_fb9885137ba3704f
http://khilafah.net/,ok,https://explorer.ooni.org/m/20260402093003.426452_KR_webconnectivity_ec971b0800a248a2
http://kieu.or.kr/,ok,https://explorer.ooni.org/m/20260402093006.507565_KR_webconnectivity_3f190f33c4c7e1d7
http://koreapinkmap.com/,http-failure,https://explorer.ooni.org/m/20260402093011.005323_KR_webconnectivity_f7f8fa8a968052ab
http://koredufund.org.kp/,dns,https://explorer.ooni.org/m/20260402093016.529412_KR_webconnectivity_18bd58570825b13a
http://korelcfund.org.kp/,dns,https://explorer.ooni.org/m/20260402093023.849365_KR_webconnectivity_c8d4b5c3a48169f1
http://ktu.or.kr/,tcp_ip,https://explorer.ooni.org/m/20260402093110.135796_KR_webconnectivity_1bf3f66c880c9512
https://laborrights.org/,ok,https://explorer.ooni.org/m/20260402093115.815805_KR_webconnectivity_b0511625400b10a7
https://lgbt.foundation/,ok,https://explorer.ooni.org/m/20260402093118.027788_KR_webconnectivity_bcee550cd4fcea6f
http://lgbtact.org/,dns,https://explorer.ooni.org/m/20260402093133.729182_KR_webconnectivity_bab324a6438868ff
https://lgbtqia.space/,ok,https://explorer.ooni.org/m/20260402093136.931320_KR_webconnectivity_5f0b54a737a4a5b0
https://liveuamap.com/,ok,https://explorer.ooni.org/m/20260402093140.084491_KR_webconnectivity_24ab963b09e9ed71
https://lokinet.org/,ok,https://explorer.ooni.org/m/20260402093143.330159_KR_webconnectivity_e06b87e700949ff7
https://makeamazonpay.com/,ok,https://explorer.ooni.org/m/20260402093147.007602_KR_webconnectivity_4043e9ca1690ead2
https://mask-api.icloud.com/,ok,https://explorer.ooni.org/m/20260402093151.802389_KR_webconnectivity_09222983b38646c2
https://mask.icloud.com/,error,https://explorer.ooni.org/m/20260402093153.394612_KR_webconnectivity_63131b8b346d83fd
https://massbrowser.cs.umass.edu/,ok,https://explorer.ooni.org/m/20260402093155.460435_KR_webconnectivity_c58d9338a11ec999
http://media.daum.net/,ok,https://explorer.ooni.org/m/20260402093202.498616_KR_webconnectivity_068fcc62f3c1494d
http://media.nodong.org/,ok,https://explorer.ooni.org/m/20260402093205.560369_KR_webconnectivity_9be643244ae7f997
https://mega.nz/,ok,https://explorer.ooni.org/m/20260402093208.623819_KR_webconnectivity_54d89214fdfa120a
http://members.tripod.com/~INDIA_RESOURCE/savoice.html,dns,https://explorer.ooni.org/m/20260402093215.973508_KR_webconnectivity_3666520c6a7d9043
https://messagevortex.net/,ok,https://explorer.ooni.org/m/20260402093219.461031_KR_webconnectivity_6538fe9ffc2e8f34
http://migrant.nodong.net/,ok,https://explorer.ooni.org/m/20260402093222.517443_KR_webconnectivity_50f7d6a2ed27993f
http://minbyun.jinbo.net/,ok,https://explorer.ooni.org/m/20260402093226.990866_KR_webconnectivity_62717fb1f1984804
https://moscow.rtrs.ru/,ok,https://explorer.ooni.org/m/20260402093233.891376_KR_webconnectivity_21f34847f43439b2
http://naenara.com.kp/,dns,https://explorer.ooni.org/m/20260402093239.660770_KR_webconnectivity_1fc8d38bea31d464
https://ncac.org/,ok,https://explorer.ooni.org/m/20260402093242.773333_KR_webconnectivity_cd99861b54f0221c
https://neilalexander.s3.dualstack.eu-west-2.amazonaws.com/deb/key.txt,ok,https://explorer.ooni.org/m/20260402093249.518039_KR_webconnectivity_a020c62feee57856
http://news.bbc.co.uk/2/hi/asia-pacific/,ok,https://explorer.ooni.org/m/20260402093254.807951_KR_webconnectivity_a8b2bb27d35cd50a
https://news.google.com/,ok,https://explorer.ooni.org/m/20260402093258.243778_KR_webconnectivity_66b907c52d553f7c
http://news.naver.com/,ok,https://explorer.ooni.org/m/20260402093301.739453_KR_webconnectivity_5916e4d530c0b015
http://newstapa.org/,ok,https://explorer.ooni.org/m/20260402093310.706978_KR_webconnectivity_d3fd08c781473c7f
http://nodong.org/,ok,https://explorer.ooni.org/m/20260402093315.694117_KR_webconnectivity_28fbdf0f7e4ac2d7
http://noneis.jinbo.net/,ok,https://explorer.ooni.org/m/20260402093318.845793_KR_webconnectivity_c73448858b1d25ae
https://now.org/,ok,https://explorer.ooni.org/m/20260402093321.025944_KR_webconnectivity_497d7a4a4f78fbec
https://numun.fund/,ok,https://explorer.ooni.org/m/20260402093326.480243_KR_webconnectivity_3d86f59cc11d1a7e
http://torrentdada.com/,dns,https://explorer.ooni.org/m/20260402093327.209497_KR_webconnectivity_67e0e70b029bdf82
http://torrentgogo.com/,ok,https://explorer.ooni.org/m/20260402093327.942637_KR_webconnectivity_777f4641faf05b73
http://torters.com/,dns,https://explorer.ooni.org/m/20260402093328.927511_KR_webconnectivity_0088eeb2616c8c4e
http://www.inetprivacy.com/,dns,https://explorer.ooni.org/m/20260402093329.699543_KR_webconnectivity_803123b798e9aa72
https://www.wechat.com/,ok,https://explorer.ooni.org/m/20260402093330.902109_KR_webconnectivity_696664f0119c76e7
https://1.1.1.1/dns-query?dns=q80BAAABAAAAAAAAA3d3dwdleGFtcGxlA2NvbQAAAQAB,tcp_ip,https://explorer.ooni.org/m/20260402093401.707570_KR_webconnectivity_1b50e0be716d8fcc
https://1.1.1.3/dns-query?dns=q80BAAABAAAAAAAAA3d3dwdleGFtcGxlA2NvbQAAAQAB,tcp_ip,https://explorer.ooni.org/m/20260402093432.502879_KR_webconnectivity_e07ef7d908b7d064
https://149.112.112.9/dns-query?dns=q80BAAABAAAAAAAAA3d3dwdleGFtcGxlA2NvbQAAAQAB,ok,https://explorer.ooni.org/m/20260402093433.479059_KR_webconnectivity_f78ea5c944d8bced
https://350.org/,ok,https://explorer.ooni.org/m/20260402093437.941101_KR_webconnectivity_c60457a1e3279c2a
https://8.8.4.4/dns-query?dns=q80BAAABAAAAAAAAA3d3dwdleGFtcGxlA2NvbQAAAQAB,ok,https://explorer.ooni.org/m/20260402093439.037781_KR_webconnectivity_46a49a7060a96097
https://8.8.8.8/dns-query?dns=q80BAAABAAAAAAAAA3d3dwdleGFtcGxlA2NvbQAAAQAB,ok,https://explorer.ooni.org/m/20260402093440.128998_KR_webconnectivity_85ea5d188d7651e0
https://8kun.top/,dns,https://explorer.ooni.org/m/20260402093444.344533_KR_webconnectivity_b062e11c4c4c0054
https://abortion-korea.org/,http-failure,https://explorer.ooni.org/m/20260402093447.381094_KR_webconnectivity_7877c16cceb01378
https://abortion.kr/,dns,https://explorer.ooni.org/m/20260402093448.695303_KR_webconnectivity_00bd3dbf8ae7bbe1
https://abortionfunds.org/,dns,https://explorer.ooni.org/m/20260402093451.425779_KR_webconnectivity_04c5faf625da5823
https://abortionnetwork.amsterdam/,dns,https://explorer.ooni.org/m/20260402093453.873767_KR_webconnectivity_fad64f35b7a302a1
https://abortionpillinfo.org/,ok,https://explorer.ooni.org/m/20260402093458.673419_KR_webconnectivity_ab84642044e66824
https://aidaccess.org/,dns,https://explorer.ooni.org/m/20260402093459.484879_KR_webconnectivity_0ab7123532500277
https://ajax.aspnetcdn.com/ajax/4.5.2/1/MicrosoftAjax.js,ok,https://explorer.ooni.org/m/20260402093502.350002_KR_webconnectivity_7733d7dfe77f6606
https://amp.cloudflare.com/v0/amp-iframe-0.1.js,ok,https://explorer.ooni.org/m/20260402093503.195037_KR_webconnectivity_78c76458b0787685
https://android.apis.google.com/robots.txt,ok,https://explorer.ooni.org/m/20260402093505.306251_KR_webconnectivity_993cbc19db6e3acd
https://android.googleapis.com/robots.txt,ok,https://explorer.ooni.org/m/20260402093507.190730_KR_webconnectivity_a02edda4db297e8d
https://api.github.com/,ok,https://explorer.ooni.org/m/20260402093509.040983_KR_webconnectivity_5db4fd5bec60f7a9
https://apps.apple.com/us/developer/apple/id284417353/,ok,https://explorer.ooni.org/m/20260402093513.559472_KR_webconnectivity_fc0137f362555bfb
https://archive.is/,ok,https://explorer.ooni.org/m/20260402093516.895978_KR_webconnectivity_e559cbc1b70b1e63
https://archive.org/,ok,https://explorer.ooni.org/m/20260402093519.249325_KR_webconnectivity_5ddcae28dc26eb2d
http://bestiz.net/,ok,https://explorer.ooni.org/m/20260402093521.094125_KR_webconnectivity_e3bee6d184ce02fe
https://bit.ly/,http-failure,https://explorer.ooni.org/m/20260402093522.512742_KR_webconnectivity_8c012fa93528a520
https://bitbucket.org/,ok,https://explorer.ooni.org/m/20260402093526.324283_KR_webconnectivity_6da5150d52778745
https://bitly.com/,dns,https://explorer.ooni.org/m/20260402093527.335323_KR_webconnectivity_9f00778d57f9f995
http://blog.naver.com/,ok,https://explorer.ooni.org/m/20260402093531.502006_KR_webconnectivity_ee627bea7269222a
http://cafe.daum.net/Kgreens,ok,https://explorer.ooni.org/m/20260402093534.400324_KR_webconnectivity_fb26a51ee39eac31
http://cafe.daum.net/chiwoo/,ok,https://explorer.ooni.org/m/20260402093537.306511_KR_webconnectivity_35282af0f8a92b29
http://cafe.daum.net/ok1221,ok,https://explorer.ooni.org/m/20260402093540.454103_KR_webconnectivity_fe4cb6cc4248c22e
http://cafe.daum.net/ssaumjil,ok,https://explorer.ooni.org/m/20260402093543.830521_KR_webconnectivity_47d76450d35722da
http://cafe.daum.net/subdued20club/,ok,https://explorer.ooni.org/m/20260402093546.216178_KR_webconnectivity_4c822c21f0e27dc2
http://cafe.daum.net/truepicture/,ok,https://explorer.ooni.org/m/20260402093546.982536_KR_webconnectivity_51ab431872653645
http://cafe.naver.com/imsanbu,ok,https://explorer.ooni.org/m/20260402093552.284472_KR_webconnectivity_2a8f10795fd9d91d
https://cdn-client.medium.com/lite/static/js/manifest.ef5f44d2.js,ok,https://explorer.ooni.org/m/20260402093553.310783_KR_webconnectivity_26efeb1188b12065
https://cdn.ampproject.org/v0/amp-iframe-0.1.js,ok,https://explorer.ooni.org/m/20260402093556.504760_KR_webconnectivity_1edb74f244cf0638
https://cdn.jsdelivr.net/favicon.ico,ok,https://explorer.ooni.org/m/20260402093557.651824_KR_webconnectivity_d062324ba2ec7314
https://cdn.sstatic.net/Img/home/open-source.svg,ok,https://explorer.ooni.org/m/20260402093558.828805_KR_webconnectivity_81a01cca0e4d588f
https://cdnjs.cloudflare.com/,ok,https://explorer.ooni.org/m/20260402093600.044571_KR_webconnectivity_ea416fc551a3cb3e
https://churchofgodinchristmennonite.net/,ok,https://explorer.ooni.org/m/20260402093602.782127_KR_webconnectivity_c14b70fe8bd4d7cd
https://cites.org/,ok,https://explorer.ooni.org/m/20260402093603.945730_KR_webconnectivity_a0676c30762fb6e0
https://citizensclimatelobby.org/,ok,https://explorer.ooni.org/m/20260402093606.750173_KR_webconnectivity_d04a021a84e84804
http://cloud.naver.com/,ok,https://explorer.ooni.org/m/20260402093607.632528_KR_webconnectivity_9b2204fc45b67fba
https://cloudflare-ech.com/,ok,https://explorer.ooni.org/m/20260402093609.999242_KR_webconnectivity_b110fe2827a44384
http://clparty.kr/,error,https://explorer.ooni.org/m/20260402093626.225884_KR_webconnectivity_e4fd80e7dd2b3743
https://code.jquery.com/,ok,https://explorer.ooni.org/m/20260402093628.203090_KR_webconnectivity_b819cd09efa09190
https://codeberg.org/,ok,https://explorer.ooni.org/m/20260402093636.353077_KR_webconnectivity_6a712330e55d5bfb
https://codeload.github.com/github/rally/tar.gz/v1.0.1,ok,https://explorer.ooni.org/m/20260402093643.038569_KR_webconnectivity_0f53ba79659ea3a7
https://data.worldbank.org/topic/environment,ok,https://explorer.ooni.org/m/20260402093645.254759_KR_webconnectivity_95825498ab774584
http://debate.org.uk/,ok,https://explorer.ooni.org/m/20260402093648.112410_KR_webconnectivity_4baef9eeefd7be57
https://dharmanet.org/,ok,https://explorer.ooni.org/m/20260402093654.793681_KR_webconnectivity_82e07bda0ccecd5b
https://digital.globalclimatestrike.net/,ok,https://explorer.ooni.org/m/20260402093657.303199_KR_webconnectivity_36ff2059036dff03
https://dl.bintray.com/jfrog/xray/,ok,https://explorer.ooni.org/m/20260402093704.891247_KR_webconnectivity_3f97ea70e81325b7
https://dl.google.com/robots.txt,ok,https://explorer.ooni.org/m/20260402093707.148858_KR_webconnectivity_0338c9f5b33a1475
https://dns.google/,ok,https://explorer.ooni.org/m/20260402093708.473169_KR_webconnectivity_118f77ee8cf65e5e
https://dns.quad9.net/dns-query?dns=q80BAAABAAAAAAAAA3d3dwdleGFtcGxlA2NvbQAAAQAB,tcp_ip,https://explorer.ooni.org/m/20260402093709.316716_KR_webconnectivity_bdc1977686a316ba
https://docs.github.com/,ok,https://explorer.ooni.org/m/20260402093710.953447_KR_webconnectivity_d6219984c1a34743
https://doh.dns.sb/dns-query?dns=q80BAAABAAAAAAAAA3d3dwdleGFtcGxlA2NvbQAAAQAB,dns,https://explorer.ooni.org/m/20260402093726.869650_KR_webconnectivity_b52eafe916414a8e
https://download-installer.cdn.mozilla.net/,ok,https://explorer.ooni.org/m/20260402093728.644636_KR_webconnectivity_a2532c9eb3a9a950
https://dzen.ru/,dns,https://explorer.ooni.org/m/20260402093729.755307_KR_webconnectivity_154f509ac64b3870
https://earthobservatory.nasa.gov/global-maps,ok,https://explorer.ooni.org/m/20260402093733.989448_KR_webconnectivity_5d03913cf720a63b
https://earthwatch.org/,ok,https://explorer.ooni.org/m/20260402093737.772770_KR_webconnectivity_acc595143d9f0e7e
https://emchurch.org/,ok,https://explorer.ooni.org/m/20260402093745.006145_KR_webconnectivity_8e81290e2397582d
https://espivblogs.net/,ok,https://explorer.ooni.org/m/20260402093751.081504_KR_webconnectivity_19e23c1bf9bdbb47
https://family.cloudflare-dns.com/dns-query?dns=q80BAAABAAAAAAAAA3d3dwdleGFtcGxlA2NvbQAAAQAB,dns,https://explorer.ooni.org/m/20260402093751.787768_KR_webconnectivity_20f3b117401323b0
https://fcm.googleapis.com/$discovery/rest?version=v1,ok,https://explorer.ooni.org/m/20260402093754.050209_KR_webconnectivity_a914b9056fe18c88
https://findmymethod.org/,dns,https://explorer.ooni.org/m/20260402093754.949062_KR_webconnectivity_2f61309923b5d94b
https://firebaseinstallations.googleapis.com/robots.txt,ok,https://explorer.ooni.org/m/20260402093802.866016_KR_webconnectivity_3a0dba50cefe7269
https://fosfeminista.org/,ok,https://explorer.ooni.org/m/20260402093804.823795_KR_webconnectivity_482061570edaf3c1
https://freedns.afraid.org/,dns,https://explorer.ooni.org/m/20260402093806.165412_KR_webconnectivity_ecae19ff93624f7c
https://fridaysforfuture.org/,ok,https://explorer.ooni.org/m/20260402093811.740087_KR_webconnectivity_321eef57d9c65c3e
https://friendsoftheearth.uk/,ok,https://explorer.ooni.org/m/20260402093813.274790_KR_webconnectivity_0ecca4b98f42d75a
https://frontlineaids.org/,ok,https://explorer.ooni.org/m/20260402093820.475808_KR_webconnectivity_4f147c9db9a3b183
https://gaggaalliance.org/,ok,https://explorer.ooni.org/m/20260402093824.244572_KR_webconnectivity_cfa1c1bf51971c41
http://gall.dcinside.com/,ok,https://explorer.ooni.org/m/20260402093829.565570_KR_webconnectivity_861fa0ff812c9058
http://gesomoon.com/Ver2/,ok,https://explorer.ooni.org/m/20260402093831.737477_KR_webconnectivity_ddd6d030fa162129
https://ghost.org/,ok,https://explorer.ooni.org/m/20260402093834.589044_KR_webconnectivity_80171e2930e5d456
https://gist.github.com/,ok,https://explorer.ooni.org/m/20260402093837.919807_KR_webconnectivity_6dd4e478082a0869
https://github.com/,ok,https://explorer.ooni.org/m/20260402093839.515229_KR_webconnectivity_aa6035e835aa4d9e
https://github.com/twbs/bootstrap/releases/download/v4.5.3/bootstrap-4.5.3-examples.zip,ok,https://explorer.ooni.org/m/20260402093841.839301_KR_webconnectivity_b4414ba17f4f42e9
https://github.githubassets.com/images/modules/open_graph/github-logo.png,ok,https://explorer.ooni.org/m/20260402093842.906516_KR_webconnectivity_68267747845ee2af
https://globalconservation.org/,ok,https://explorer.ooni.org/m/20260402093846.041168_KR_webconnectivity_957698cdc5010957
https://goaskalice.columbia.edu/,ok,https://explorer.ooni.org/m/20260402093847.902294_KR_webconnectivity_df33063858ee457c
https://greenhost.net/,ok,https://explorer.ooni.org/m/20260402093851.311653_KR_webconnectivity_2d2c293d39cbfa53
https://i.ytimg.com/vi/JBRf3nEqfZ8/hq720.jpg,ok,https://explorer.ooni.org/m/20260402093855.228362_KR_webconnectivity_34009ab293b461f8
https://iarf.net/,ok,https://explorer.ooni.org/m/20260402093859.130432_KR_webconnectivity_1a42be96a9eae17a
https://impactlab.org/,ok,https://explorer.ooni.org/m/20260402093902.895832_KR_webconnectivity_59a5ed52a07d4f81
https://isaalmasih.net/,ok,https://explorer.ooni.org/m/20260402093904.754197_KR_webconnectivity_47ecc91120c5358d
https://islamic-relief.org/,ok,https://explorer.ooni.org/m/20260402093907.974076_KR_webconnectivity_43e48432b76e0842
https://islamonline.net/,ok,https://explorer.ooni.org/m/20260402093913.169934_KR_webconnectivity_5ae41066c230db40
https://jainworld.com/,ok,https://explorer.ooni.org/m/20260402093914.891666_KR_webconnectivity_04b3db3ab2f32ea5
https://joturl.com/,ok,https://explorer.ooni.org/m/20260402093918.677964_KR_webconnectivity_358552d636d02513
https://krishna.com/,ok,https://explorer.ooni.org/m/20260402093923.578989_KR_webconnectivity_ac7d0f74e7359678
https://letsencrypt.org/,ok,https://explorer.ooni.org/m/20260402093926.253665_KR_webconnectivity_17b2a3b2e73684b6
https://lh3.ggpht.com/_mm3cDcdhxkc/SzkPLt_zDUI/AAAAAAAAAZM/UplZlTSCVQc/s800/DSC_5305.jpg,ok,https://explorer.ooni.org/m/20260402093929.618472_KR_webconnectivity_a2fa4089e5fa916c
https://lh3.googleusercontent.com/favicon.ico,ok,https://explorer.ooni.org/m/20260402093931.792286_KR_webconnectivity_2be163ba74b5b826
https://lh4.ggpht.com/_PvLDsC2pRvk/ShwiscZujVI/AAAAAAAAFIQ/4q-TYiQ13-k/s512/DSC01330.jpg,ok,https://explorer.ooni.org/m/20260402093935.950105_KR_webconnectivity_0871a764c9aeab84
https://media0.giphy.com/robots.txt,ok,https://explorer.ooni.org/m/20260402093937.378469_KR_webconnectivity_5c197837ae62a1ec
https://media3.giphy.com/robots.txt,ok,https://explorer.ooni.org/m/20260402093938.968731_KR_webconnectivity_84dddba211b7cf62
https://medium.com/,ok,https://explorer.ooni.org/m/20260402093940.178600_KR_webconnectivity_be630c01848d2999
https://miro.medium.com/robots.txt,ok,https://explorer.ooni.org/m/20260402093941.726372_KR_webconnectivity_72a3d1b4ece57aab
http://mlbpark.donga.com/,ok,https://explorer.ooni.org/m/20260402093946.288352_KR_webconnectivity_6f6419526d5fe760
https://moodle.com/,ok,https://explorer.ooni.org/m/20260402093949.591366_KR_webconnectivity_f7a12fbaadceeaca
https://movabletype.com/,ok,https://explorer.ooni.org/m/20260402093952.004109_KR_webconnectivity_4bdf05c3f32b72e5
https://myabortionstory.tumblr.com/,dns,https://explorer.ooni.org/m/20260402093953.435551_KR_webconnectivity_738f0205f191f35e
https://nazarene.org/,ok,https://explorer.ooni.org/m/20260402093958.875973_KR_webconnectivity_0fbaf554820133dc
http://ndrive.naver.com/,ok,https://explorer.ooni.org/m/20260402094002.211195_KR_webconnectivity_f2e1fdfe93eaad06
https://noblogs.org/,ok,https://explorer.ooni.org/m/20260402094007.265251_KR_webconnectivity_c185703aa1d963e6
https://notifications-pa.googleapis.com/robots.txt,ok,https://explorer.ooni.org/m/20260402094009.226228_KR_webconnectivity_82f60b5d534c4346
https://oceanconservancy.org/,ok,https://explorer.ooni.org/m/20260402094011.525135_KR_webconnectivity_145e74a0cc35356c
https://ooni.github.io/,ok,https://explorer.ooni.org/m/20260402094013.245696_KR_webconnectivity_c2d9d07f3d98be74
https://ow.ly/,ok,https://explorer.ooni.org/m/20260402094015.998834_KR_webconnectivity_55a9e0cf1514a901
https://pingomatic.com/,ok,https://explorer.ooni.org/m/20260402094018.415405_KR_webconnectivity_107c84c36b80f199
https://play-lh.googleusercontent.com/SZ7vNaa9txw_JsYsiOOP4_4fOaKfJVMQ-_aM10MW7x93IPDYoqdIkHSw-ffCgBABFSM=s256-rw,ok,https://explorer.ooni.org/m/20260402094020.908236_KR_webconnectivity_bb6d93ff5f612535
https://play.google.com/,ok,https://explorer.ooni.org/m/20260402094024.420295_KR_webconnectivity_4788b113aa88c2d3
https://play.googleapis.com/robots.txt,ok,https://explorer.ooni.org/m/20260402094026.255822_KR_webconnectivity_d566d86ca3228706
https://private.canadianshield.cira.ca/dns-query?dns=q80BAAABAAAAAAAAA3d3dwdleGFtcGxlA2NvbQAAAQAB,ok,https://explorer.ooni.org/m/20260402094028.508491_KR_webconnectivity_e5247a7fff7aedb3
https://prolife.com/,dns,https://explorer.ooni.org/m/20260402094032.716135_KR_webconnectivity_59fb1e1c913f46f0
https://quran.com/,ok,https://explorer.ooni.org/m/20260402094034.883749_KR_webconnectivity_7b8e2fa4ddfad346
https://rebellion.global/,ok,https://explorer.ooni.org/m/20260402094038.233079_KR_webconnectivity_4286ebc9f3c1fa8e
https://redapes.org/,ok,https://explorer.ooni.org/m/20260402094043.353056_KR_webconnectivity_cede7782e3b33a0b
https://replug.io/,ok,https://explorer.ooni.org/m/20260402094047.597605_KR_webconnectivity_8337a2d9ea8837d3
http://ruliweb.daum.net/,http-failure,https://explorer.ooni.org/m/20260402094051.516136_KR_webconnectivity_e424dc79d142873a
https://rutube.ru/,ok,https://explorer.ooni.org/m/20260402094056.555902_KR_webconnectivity_398a3c5b6c729396
https://safe2choose.org/,dns,https://explorer.ooni.org/m/20260402094057.336166_KR_webconnectivity_95d77649aea1e1e0
http://sex.clinic.co.kr/,dns,https://explorer.ooni.org/m/20260402094103.734608_KR_webconnectivity_abddbfc9e5b71765
https://sexetc.org/,dns,https://explorer.ooni.org/m/20260402094105.287000_KR_webconnectivity_3b6fe1df8ddcc0e0
http://shamash.org/,error,https://explorer.ooni.org/m/20260402094107.360452_KR_webconnectivity_fae3ae338cb6ba45
http://shia.org/,tcp_ip,https://explorer.ooni.org/m/20260402094153.332902_KR_webconnectivity_83be5ac996b2d0ce
https://short.io/,ok,https://explorer.ooni.org/m/20260402094155.508833_KR_webconnectivity_8f9107b1df0ff1d2
https://sites.google.com/,ok,https://explorer.ooni.org/m/20260402094159.775541_KR_webconnectivity_1489394716a5c2dc
https://sniply.io/,ok,https://explorer.ooni.org/m/20260402094201.572571_KR_webconnectivity_8fcff4df170859ac
https://solar-aid.org/,ok,https://explorer.ooni.org/m/20260402094203.950451_KR_webconnectivity_214c95672ba8fc39
https://srhrforall.org/,ok,https://explorer.ooni.org/m/20260402094206.433273_KR_webconnectivity_f856714c67345a75
https://stackexchange.com/,ok,https://explorer.ooni.org/m/20260402094208.047899_KR_webconnectivity_6909e2ac270ec437
https://stackoverflow.com/,ok,https://explorer.ooni.org/m/20260402094209.030603_KR_webconnectivity_9ffcac6e1817e7a4
https://t2mio.com/,ok,https://explorer.ooni.org/m/20260402094211.593743_KR_webconnectivity_415a89655de2bf62
http://tanzil.net/,ok,https://explorer.ooni.org/m/20260402094215.690339_KR_webconnectivity_732b631d7965a867
https://technorati.com/,ok,https://explorer.ooni.org/m/20260402094218.876970_KR_webconnectivity_878845503406dfbf
https://thereisnoearthb.org/,ok,https://explorer.ooni.org/m/20260402094220.295101_KR_webconnectivity_9542a731f84d572e
https://tiny.cc/,ok,https://explorer.ooni.org/m/20260402094223.617577_KR_webconnectivity_67f695e0503ca9f0
https://tinyurl.com/,ok,https://explorer.ooni.org/m/20260402094224.838796_KR_webconnectivity_23d541f7afaeaabf
https://torah.org/,ok,https://explorer.ooni.org/m/20260402094226.239799_KR_webconnectivity_4d164c8f25dc6664
https://turbobit.net/,ok,https://explorer.ooni.org/m/20260402094229.732703_KR_webconnectivity_fbecedb2288092cb
https://vesselthefilm.com/,ok,https://explorer.ooni.org/m/20260402094235.587078_KR_webconnectivity_175f9d9ffb6fb7ae
https://we.riseup.net/,ok,https://explorer.ooni.org/m/20260402094238.256916_KR_webconnectivity_e81dc8cb55f15121
http://web.humoruniv.com/main.html,ok,https://explorer.ooni.org/m/20260402094242.798797_KR_webconnectivity_2dad80b0bb351e5b
http://web.khu.ac.kr/,ok,https://explorer.ooni.org/m/20260402094245.548672_KR_webconnectivity_5ac55c80d234bcd4
http://weblogs.us/,ok,https://explorer.ooni.org/m/20260402094253.020244_KR_webconnectivity_1ca6298a13836a49
https://womenfirstdigital.org/,ok,https://explorer.ooni.org/m/20260402094256.083379_KR_webconnectivity_b7bfbb0ea8baa902
https://womenonweb.kr/,http-failure,https://explorer.ooni.org/m/20260402094258.724551_KR_webconnectivity_e5b3cb999ff37da2
https://wordpress.com/,ok,https://explorer.ooni.org/m/20260402094301.872868_KR_webconnectivity_13bdc3f7094c1dc3
https://wordpress.org/,ok,https://explorer.ooni.org/m/20260402094306.127824_KR_webconnectivity_c99b558f3676b3b3
https://write.as/,ok,https://explorer.ooni.org/m/20260402094309.281646_KR_webconnectivity_2095837b8ad48cee
https://wupj.org/,ok,https://explorer.ooni.org/m/20260402094312.988796_KR_webconnectivity_3172f12bdcc7c2d3
https://wwf.panda.org/,ok,https://explorer.ooni.org/m/20260402094318.487435_KR_webconnectivity_367aa3a2245142d0
https://www.100webspace.com/,ok,https://explorer.ooni.org/m/20260402094325.992645_KR_webconnectivity_489452ecfc1f862c
https://www.1800respect.org.au/languages/,ok,https://explorer.ooni.org/m/20260402094338.523402_KR_webconnectivity_65d8f0f66929905e
https://www.abortionno.org/,dns,https://explorer.ooni.org/m/20260402094339.213568_KR_webconnectivity_4ea8e433e3aa4fb5
https://www.abortoinfosegura.com/,ok,https://explorer.ooni.org/m/20260402094342.047775_KR_webconnectivity_e1b44cae7c11750d
https://www.adl.org/,ok,https://explorer.ooni.org/m/20260402094343.912265_KR_webconnectivity_808683ed567c1061
https://www.adventist.org/,ok,https://explorer.ooni.org/m/20260402094345.090490_KR_webconnectivity_6095632ae6d1fe0f
https://www.advocatesforyouth.org/,ok,https://explorer.ooni.org/m/20260402094346.522268_KR_webconnectivity_72fd5a9630285518
http://www.afreeca.com/,ok,https://explorer.ooni.org/m/20260402094350.185766_KR_webconnectivity_b25d09814156c5c9
http://www.ahsex.org/,error,https://explorer.ooni.org/m/20260402094406.307640_KR_webconnectivity_757fba12c8143f58
https://www.angelfire.lycos.com/,ok,https://explorer.ooni.org/m/20260402094502.859707_KR_webconnectivity_b380bc2906c06193
https://www.anglicancommunion.org/,ok,https://explorer.ooni.org/m/20260402094507.821247_KR_webconnectivity_d8cee264243b3aa7
http://www.arder.co.kr/,dns,https://explorer.ooni.org/m/20260402094517.547857_KR_webconnectivity_f88ad0ec920b68c9
http://www.asiatour.com/,ok,https://explorer.ooni.org/m/20260402094520.767501_KR_webconnectivity_00ac4d8b6f76665b
https://www.atheistalliance.org/,ok,https://explorer.ooni.org/m/20260402094526.790910_KR_webconnectivity_7551b0a6612e5431
https://www.atheists.org/,ok,https://explorer.ooni.org/m/20260402094530.532617_KR_webconnectivity_c9f49e0d57f153a6
http://www.auduboninternational.org/,ok,https://explorer.ooni.org/m/20260402094534.341728_KR_webconnectivity_60c67d69f5239b88
https://www.autistici.org/,ok,https://explorer.ooni.org/m/20260402094537.952490_KR_webconnectivity_1afb3e9dd9f31aef
http://www.bahai.org/,ok,https://explorer.ooni.org/m/20260402094541.001070_KR_webconnectivity_61c8d76543068a2a
https://www.bing-amp.com/v0/amp-iframe-0.1.js,error,https://explorer.ooni.org/m/20260402094541.973171_KR_webconnectivity_e442448bc0142825
https://www.birthcontrol.com/,dns,https://explorer.ooni.org/m/20260402094544.511186_KR_webconnectivity_98356f331dc08875
http://www.biz.ly/,ok,https://explorer.ooni.org/m/20260402094549.622558_KR_webconnectivity_c3c085b2b6e92253
https://www.bl.ink/,ok,https://explorer.ooni.org/m/20260402094551.608070_KR_webconnectivity_d448db74d7666bdf
http://www.blogeasy.com/,ok,https://explorer.ooni.org/m/20260402094553.709776_KR_webconnectivity_e37c9aaf50630473
https://www.blogger.com/,ok,https://explorer.ooni.org/m/20260402094558.409425_KR_webconnectivity_f4c760436467a229
http://www.blogsome.com/,ok,https://explorer.ooni.org/m/20260402094602.968526_KR_webconnectivity_55b5a2c4ff16c240
https://www.brinkster.com/,ok,https://explorer.ooni.org/m/20260402094606.530805_KR_webconnectivity_f6663105793f1ef3
http://www.buddhanet.net/,ok,https://explorer.ooni.org/m/20260402094614.090925_KR_webconnectivity_9d17357b2683249b
http://www.cafe24.com/,dns,https://explorer.ooni.org/m/20260402094617.317895_KR_webconnectivity_c8d9c03f4ff2e5c7
https://www.carbonbrief.org/,ok,https://explorer.ooni.org/m/20260402094619.507109_KR_webconnectivity_1972c9759a2437a5
https://www.carbonmap.org/,ok,https://explorer.ooni.org/m/20260402094621.423702_KR_webconnectivity_c0e6db90e68c14ae
https://www.catholic.org/,ok,https://explorer.ooni.org/m/20260402094626.376204_KR_webconnectivity_e99b3f4df884fbe2
https://www.catholicsforchoice.org/,ok,https://explorer.ooni.org/m/20260402094629.942408_KR_webconnectivity_76bc947aecfac928
https://www.ccel.org/,ok,https://explorer.ooni.org/m/20260402094637.630241_KR_webconnectivity_8a73df26f050f2a1
https://www.ceceurope.org/,ok,https://explorer.ooni.org/m/20260402094643.915958_KR_webconnectivity_2da63821e217cfa8
https://www.christianity.com/,ok,https://explorer.ooni.org/m/20260402094647.388283_KR_webconnectivity_ae167caa4563fb9a
https://www.christianitytoday.com/,ok,https://explorer.ooni.org/m/20260402094651.750530_KR_webconnectivity_63f8bbc9b8eaf44c
https://www.cleanwateraction.org/,ok,https://explorer.ooni.org/m/20260402094655.399314_KR_webconnectivity_363905cb69f5dd21
https://www.climaterealityproject.org/,ok,https://explorer.ooni.org/m/20260402094659.342410_KR_webconnectivity_e10e372bd401773d
https://www.coolearth.org/,ok,https://explorer.ooni.org/m/20260402094702.312892_KR_webconnectivity_413e1316751ec186
https://www.copticchurch.net/,ok,https://explorer.ooni.org/m/20260402094705.622168_KR_webconnectivity_98f280010d0013dd
https://www.cseindia.org/,ok,https://explorer.ooni.org/m/20260402094710.325905_KR_webconnectivity_6742b824cec00b15
http://www.dogdrip.net/,dns,https://explorer.ooni.org/m/20260402094712.089590_KR_webconnectivity_d581b18a499e2cc1
https://www.dotster.com/,dns,https://explorer.ooni.org/m/20260402094713.044238_KR_webconnectivity_1614e60f30be0045
https://www.dreamhost.com/,ok,https://explorer.ooni.org/m/20260402094715.647389_KR_webconnectivity_931921025cbba840
https://www.earthaction.org/,ok,https://explorer.ooni.org/m/20260402094720.566532_KR_webconnectivity_dd3fbd7a3d809136
https://www.earthrights.org/,ok,https://explorer.ooni.org/m/20260402094723.542714_KR_webconnectivity_f9dd6feeadb4ccfd
http://www.ebaumsworld.com/,dns,https://explorer.ooni.org/m/20260402094725.594658_KR_webconnectivity_e8c2a70f8d3a6292
http://www.eco.or.kr/,ok,https://explorer.ooni.org/m/20260402094731.720613_KR_webconnectivity_881fff665102191b
https://www.edf.org/,ok,https://explorer.ooni.org/m/20260402094734.691057_KR_webconnectivity_75142c0d897d0e6f
https://www.eea.europa.eu/,ok,https://explorer.ooni.org/m/20260402094742.340047_KR_webconnectivity_56fc1e3adf03b606
https://www.emailaddresses.com/,ok,https://explorer.ooni.org/m/20260402094746.900663_KR_webconnectivity_bce20769d6ad80d0
https://www.enom.com/,ok,https://explorer.ooni.org/m/20260402094749.241154_KR_webconnectivity_eec5bd0ec521b736
https://www.epik.com/,ok,https://explorer.ooni.org/m/20260402094752.392425_KR_webconnectivity_d481d5c33466e93c
https://www.episcopalchurch.org/,ok,https://explorer.ooni.org/m/20260402094800.678807_KR_webconnectivity_3d7e2f3bbd2c0f84
https://www.ewg.org/,ok,https://explorer.ooni.org/m/20260402094803.719244_KR_webconnectivity_4d95499cfc66d36f
https://www.exmormon.org/,tcp_ip,https://explorer.ooni.org/m/20260402094840.202763_KR_webconnectivity_9909cb3d960f6d41
https://www.fandom.com/,dns,https://explorer.ooni.org/m/20260402094840.868165_KR_webconnectivity_04317fc474078fd5
http://www.fark.com/,dns,https://explorer.ooni.org/m/20260402094841.821772_KR_webconnectivity_ce3078061144c905
https://www.fhi360.org/,ok,https://explorer.ooni.org/m/20260402094845.727931_KR_webconnectivity_aa4ac567e1460ca2
http://www.fmkorea.com/,ok,https://explorer.ooni.org/m/20260402094848.193649_KR_webconnectivity_fca86802d59423ef
https://www.footprintnetwork.org/,ok,https://explorer.ooni.org/m/20260402094853.278766_KR_webconnectivity_7ee8192c3b3ef0b4
http://www.formercatholic.com/,ok,https://explorer.ooni.org/m/20260402094855.824695_KR_webconnectivity_2968da6f4968aeca
https://www.frc.org/,ok,https://explorer.ooni.org/m/20260402094859.299679_KR_webconnectivity_4c99322d0a351feb
http://www.freehomepage.com/,ok,https://explorer.ooni.org/m/20260402094900.854434_KR_webconnectivity_ee49e15e25b85f2e
http://www.freeservers.com/,ok,https://explorer.ooni.org/m/20260402094903.758828_KR_webconnectivity_1b4cb7434b3b603a
http://www.freewebspace.com/,ok,https://explorer.ooni.org/m/20260402094907.522019_KR_webconnectivity_b476b3287f81c19d
http://www.gabia.com/,error,https://explorer.ooni.org/m/20260402094910.714263_KR_webconnectivity_8d3936385eea37fa
https://www.globalwitness.org/,ok,https://explorer.ooni.org/m/20260402094916.556191_KR_webconnectivity_418ba9eb116d76d1
https://www.goarch.org/,ok,https://explorer.ooni.org/m/20260402094918.223809_KR_webconnectivity_f2ecf60e42770368
http://www.godalone.org/,ok,https://explorer.ooni.org/m/20260402094922.459140_KR_webconnectivity_c7c6325da4589e06
https://www.godaddy.com/,dns,https://explorer.ooni.org/m/20260402094918.943972_KR_webconnectivity_2761f2fed047b813
https://www.googleapis.com/auth/cloud-platform,ok,https://explorer.ooni.org/m/20260402094925.793288_KR_webconnectivity_ba7aab8837ebdcb8
http://www.greenkorea.org/,ok,https://explorer.ooni.org/m/20260402094930.052440_KR_webconnectivity_a53e8bc2ed00c8aa
http://www.greennet.org.uk/,ok,https://explorer.ooni.org/m/20260402094935.920410_KR_webconnectivity_53d02631ae8cb19c
https://www.greenpeace.org/,ok,https://explorer.ooni.org/m/20260402094938.118372_KR_webconnectivity_5f3d37ee9ca8e4ee
https://www.gstatic.com/robots.txt,ok,https://explorer.ooni.org/m/20260402094940.430338_KR_webconnectivity_36f145c440a7c1e5
http://www.hostgator.com/,ok,https://explorer.ooni.org/m/20260402094941.536272_KR_webconnectivity_37be13076d307bac
http://www.hotge.co.kr/,ok,https://explorer.ooni.org/m/20260402094945.579802_KR_webconnectivity_1d2fc09dcca14b63
https://www.howtouseabortionpill.org/,ok,https://explorer.ooni.org/m/20260402094949.519654_KR_webconnectivity_363cf5547465063d
https://www.iaea.org/,ok,https://explorer.ooni.org/m/20260402094951.187340_KR_webconnectivity_08cc096fe6433997
http://www.iavi.org/,ok,https://explorer.ooni.org/m/20260402094952.938805_KR_webconnectivity_d1ea056345d0ceca
http://www.iico.org/,ok,https://explorer.ooni.org/m/20260402094955.079822_KR_webconnectivity_937d2a12705b9a18
https://www.internationalrivers.org/,ok,https://explorer.ooni.org/m/20260402094959.959433_KR_webconnectivity_0ff11eca57408dc3
https://www.ipcc.ch/,ok,https://explorer.ooni.org/m/20260402095005.522707_KR_webconnectivity_4d458909684db8e6
https://www.iskcon.org/,ok,https://explorer.ooni.org/m/20260402095006.597959_KR_webconnectivity_4b17aa9f1fb64107
http://www.islameyat.com/,ok,https://explorer.ooni.org/m/20260402095011.853991_KR_webconnectivity_a5f0838f468f1371
http://www.islamicity.com/,ok,https://explorer.ooni.org/m/20260402095013.708899_KR_webconnectivity_7384dbc565c9f55c
https://www.islaminstitut.de/en/,ok,https://explorer.ooni.org/m/20260402095018.244100_KR_webconnectivity_055a5dc4ffd63248
https://www.iucn.org/,ok,https://explorer.ooni.org/m/20260402095022.430013_KR_webconnectivity_9a1ea0c2408a3b56
http://www.jesussaves.cc/,ok,https://explorer.ooni.org/m/20260402095028.970618_KR_webconnectivity_da219c581f34e360
http://www.jinbo.net/,ok,https://explorer.ooni.org/m/20260402095031.960699_KR_webconnectivity_fc833f6b1e19e2cd
http://www.judaism.com/,ok,https://explorer.ooni.org/m/20260402095034.475193_KR_webconnectivity_82890064c7c59bc5
http://www.judaismconversion.org/,ok,https://explorer.ooni.org/m/20260402095045.834072_KR_webconnectivity_90ebe0fac2a2ae20
https://www.jw.org/,error,https://explorer.ooni.org/m/20260402095047.188920_KR_webconnectivity_6bafd207da9b35be
http://www.kfem.or.kr/,ok,https://explorer.ooni.org/m/20260402095054.742596_KR_webconnectivity_7434df5f0f301e98
http://www.kgreens.org/,ok,https://explorer.ooni.org/m/20260402095100.406950_KR_webconnectivity_70a9c6b08771f293
http://www.krts.or.kr/,ok,https://explorer.ooni.org/m/20260402095105.983226_KR_webconnectivity_5c9ebe1343a3305c
https://www.leaseweb.com/,ok,https://explorer.ooni.org/m/20260402095110.051137_KR_webconnectivity_c90f5ec309ac6fc9
https://www.livejournal.com/,dns,https://explorer.ooni.org/m/20260402095111.125283_KR_webconnectivity_52dbca66215bb4ea
http://www.mgoon.com/,error,https://explorer.ooni.org/m/20260402095128.382243_KR_webconnectivity_f654c99d22479bf8
http://www.muhammadanism.com/,ok,https://explorer.ooni.org/m/20260402095134.746505_KR_webconnectivity_fda7368c95367e60
https://www.namecheap.com/,ok,https://explorer.ooni.org/m/20260402095135.724416_KR_webconnectivity_5312ee1e1653fd0d
http://www.nate.com/,ok,https://explorer.ooni.org/m/20260402095138.143359_KR_webconnectivity_18bf271bfb930703
http://www.nate.com/?f=pann,ok,https://explorer.ooni.org/m/20260402095139.979914_KR_webconnectivity_363e0a0cedc6aa1a
http://www.nature.org/,ok,https://explorer.ooni.org/m/20260402095143.473505_KR_webconnectivity_62e325f335c72baf
http://www.no-ip.com/,ok,https://explorer.ooni.org/m/20260402095148.864354_KR_webconnectivity_f4bdce8c8c3db6a6
https://www.oca.org/,ok,https://explorer.ooni.org/m/20260402095153.283022_KR_webconnectivity_e00d81cd146b1650
http://www.oicc.org/,ok,https://explorer.ooni.org/m/20260402095156.110446_KR_webconnectivity_ebfccd4eb05850c9
http://www.oikoumene.org/,ok,https://explorer.ooni.org/m/20260402095201.037440_KR_webconnectivity_0e862c777d72b634
https://www.om.org/,ok,https://explorer.ooni.org/m/20260402095202.139802_KR_webconnectivity_982f49f9c53fdfd6
https://www.orangewebsite.com/,ok,https://explorer.ooni.org/m/20260402095208.312518_KR_webconnectivity_729afeac88ea6ef8
http://www.orthodoxconvert.info/,ok,https://explorer.ooni.org/m/20260402095210.976433_KR_webconnectivity_b0b7dc74e8f01716
https://www.paganpride.org/,ok,https://explorer.ooni.org/m/20260402095214.835725_KR_webconnectivity_82df32995b5a49d2
https://www.persecution.org/,ok,https://explorer.ooni.org/m/20260402095218.531740_KR_webconnectivity_c42a18c0907da99f
https://www.peta.org/,dns,https://explorer.ooni.org/m/20260402095219.241641_KR_webconnectivity_e3933495a6adba30
https://www.petside.com/,ok,https://explorer.ooni.org/m/20260402095240.404498_KR_webconnectivity_152f4b6e15cda056
http://www.podbbang.com/,ok,https://explorer.ooni.org/m/20260402095244.785838_KR_webconnectivity_f0dac2fa006b952d
http://www.ppfk.or.kr/,ok,https://explorer.ooni.org/m/20260402095252.898557_KR_webconnectivity_df8b67226f4feab9
http://www.ppomppu.co.kr/zboard/zboard.php?id=freeboard,ok,https://explorer.ooni.org/m/20260402095254.378830_KR_webconnectivity_535d5aa112a3e81a
http://www.ppomppu.co.kr/zboard/zboard.php?id=issue,ok,https://explorer.ooni.org/m/20260402095255.937646_KR_webconnectivity_1741977669d85ac4
https://www.privex.io/,ok,https://explorer.ooni.org/m/20260402095259.402985_KR_webconnectivity_ff400340d37369f7
http://www.prolife.or.kr/,ok,https://explorer.ooni.org/m/20260402095304.621010_KR_webconnectivity_98dc5c97eb81f080
http://www.pullbbang.com/,dns,https://explorer.ooni.org/m/20260402095306.422579_KR_webconnectivity_e9c64eb068442ae7
https://www.rackspace.com/,ok,https://explorer.ooni.org/m/20260402095309.543051_KR_webconnectivity_d321713b1498db73
http://www.ran.org/,ok,https://explorer.ooni.org/m/20260402095312.033938_KR_webconnectivity_8190225ada740b2e
https://www.ran.org/,ok,https://explorer.ooni.org/m/20260402095313.591851_KR_webconnectivity_d53cdcf74d8db69e
https://www.rebrandly.com/,ok,https://explorer.ooni.org/m/20260402095315.620160_KR_webconnectivity_44d00226d0b5e429
https://www.reprouncensored.org/,ok,https://explorer.ooni.org/m/20260402095319.385108_KR_webconnectivity_eb57561d8eb8d1e0
https://www.resourcematters.org/,ok,https://explorer.ooni.org/m/20260402095321.230900_KR_webconnectivity_7ddd03917f92ca0f
https://www.salvationarmy.org/,ok,https://explorer.ooni.org/m/20260402095323.650556_KR_webconnectivity_9eed2fa82d4fbe1c
http://www.sangsaeng.org/,dns,https://explorer.ooni.org/m/20260402095326.378250_KR_webconnectivity_85b8f0fcc7395c07
https://www.sbc.net/,ok,https://explorer.ooni.org/m/20260402095329.653433_KR_webconnectivity_23fd948788b30512
http://www.scientology.org/,ok,https://explorer.ooni.org/m/20260402095331.772345_KR_webconnectivity_1d7fc6a757dae076
http://www.sex-academy.com/,dns,https://explorer.ooni.org/m/20260402095333.982096_KR_webconnectivity_85f83a87379fa4a7
http://www.sexandu.ca/,dns,https://explorer.ooni.org/m/20260402095337.448304_KR_webconnectivity_1a93dec809abf1a7
http://www.sexandu.ca/fr/,dns,https://explorer.ooni.org/m/20260402095341.040500_KR_webconnectivity_1a6b751327d7bb4c
https://www.sfsi.org/,dns,https://explorer.ooni.org/m/20260402095344.121483_KR_webconnectivity_32cb797d0612ad41
http://www.shinto.org/,ok,https://explorer.ooni.org/m/20260402095346.850862_KR_webconnectivity_dce61633a55a4468
http://www.siecus.org/,dns,https://explorer.ooni.org/m/20260402095347.540978_KR_webconnectivity_7c421a9de8343730
https://www.sierraclub.org/,ok,https://explorer.ooni.org/m/20260402095353.958595_KR_webconnectivity_89cf729723913f03
http://www.submission.org/,ok,https://explorer.ooni.org/m/20260402095358.041018_KR_webconnectivity_190db5f4bbe755d9
http://www.survive.org.uk/,ok,https://explorer.ooni.org/m/20260402095400.774150_KR_webconnectivity_40d03f7dae59408a
http://www.tcloud.co.kr/,ok,https://explorer.ooni.org/m/20260402095417.300917_KR_webconnectivity_5dab7108a629f91b
http://www.teenhealthfx.com/,ok,https://explorer.ooni.org/m/20260402095421.449170_KR_webconnectivity_fe2dd0028803b510
http://www.teensource.org/,dns,https://explorer.ooni.org/m/20260402095422.140192_KR_webconnectivity_38bea93984dbcd56
http://www.themwl.org/,ok,https://explorer.ooni.org/m/20260402095428.330061_KR_webconnectivity_7e3f8c43667b8b78
http://www.tistory.com/,ok,https://explorer.ooni.org/m/20260402095433.138389_KR_webconnectivity_3aa5bce57082436a
http://www.todayhumor.co.kr/,ok,https://explorer.ooni.org/m/20260402095435.798379_KR_webconnectivity_1567c5ff32974568
http://www.tripod.lycos.com/,ok,https://explorer.ooni.org/m/20260402095439.886890_KR_webconnectivity_970dec4e6e2acf6e
http://www.truthnet.org/,ok,https://explorer.ooni.org/m/20260402095445.046425_KR_webconnectivity_b116314070b18baa
http://www.typepad.com/,ok,https://explorer.ooni.org/m/20260402095446.563164_KR_webconnectivity_107d1eced72f55ee
https://www.ucc.org/,ok,https://explorer.ooni.org/m/20260402095451.047613_KR_webconnectivity_6a38c9ffc114bcbc
https://www.ucsusa.org/,ok,https://explorer.ooni.org/m/20260402095455.212713_KR_webconnectivity_037970f0d98f960d
http://www.ultimatebirthcontrol.com/,dns,https://explorer.ooni.org/m/20260402095457.167493_KR_webconnectivity_74f9cc9ee4a747c7
http://www.umc.org/,ok,https://explorer.ooni.org/m/20260402095500.659452_KR_webconnectivity_23ccffd9a296e328
https://www.unep.org/,ok,https://explorer.ooni.org/m/20260402095504.574525_KR_webconnectivity_3158cc99fa319811
http://www.upci.org/,ok,https://explorer.ooni.org/m/20260402095510.499959_KR_webconnectivity_c4ad16304968ccdb
http://www.vatican.va/,ok,https://explorer.ooni.org/m/20260402095512.961857_KR_webconnectivity_4142b00c7095f249
http://www.wcicc.org/,ok,https://explorer.ooni.org/m/20260402095516.658899_KR_webconnectivity_3f9735fa76ed11da
https://www.weebly.com/,ok,https://explorer.ooni.org/m/20260402095519.466029_KR_webconnectivity_f62776e65aa551a4
http://www.whois.co.kr/,ok,https://explorer.ooni.org/m/20260402095525.662234_KR_webconnectivity_8636f1770fa561cf
http://www.wix.com/,ok,https://explorer.ooni.org/m/20260402095527.221458_KR_webconnectivity_cdc4231c2692db2b
http://www.worldjewishcongress.org/,ok,https://explorer.ooni.org/m/20260402095534.533444_KR_webconnectivity_82c83f637b959130
https://www.worldwildlife.org/,ok,https://explorer.ooni.org/m/20260402095536.270720_KR_webconnectivity_4875a097832353f0
https://www.xenu.net/,ok,https://explorer.ooni.org/m/20260402095541.897271_KR_webconnectivity_be2e523cd3258dfe
http://www.xyinlove.co.kr/,error,https://explorer.ooni.org/m/20260402095544.247178_KR_webconnectivity_ea7f691ad08752ca
http://www.ymca.int/,dns,https://explorer.ooni.org/m/20260402095545.120157_KR_webconnectivity_081a5fe96d11c594
https://www.yola.com/,ok,https://explorer.ooni.org/m/20260402095549.147455_KR_webconnectivity_ecda70fbdff1062c
https://www.zoomshare.com/,dns,https://explorer.ooni.org/m/20260402095550.982619_KR_webconnectivity_63789c81df9924e8
http://xanga.com/,ok,https://explorer.ooni.org/m/20260402095552.772136_KR_webconnectivity_ea471a1bbe307b39
https://xda-developers.com/,ok,https://explorer.ooni.org/m/20260402095559.186200_KR_webconnectivity_17b7869435e595af
https://yourls.org/,ok,https://explorer.ooni.org/m/20260402095600.907856_KR_webconnectivity_348d44239b859dde
https://yt3.ggpht.com/a-/AOh14GhGCI1dxtHOY_TDQfmxDBK_S7CHTPJ3U6zOUw=s480-c-k-c0x00ffffff-no-rj-mo,ok,https://explorer.ooni.org/m/20260402095605.088063_KR_webconnectivity_aca6daa9ac3c20ac
https://yt4.ggpht.com/a-/AOh14GhOiUxI-RcMC-Vfl2i15v3xewMr8bt2yNXTfw=s480-c-k-c0x00ffffff-no-rj-mo,ok,https://explorer.ooni.org/m/20260402095609.254249_KR_webconnectivity_e8d61d2cb0185d32
https://alqassam.ps/,dns,https://explorer.ooni.org/m/20260402095611.046863_KR_webconnectivity_ceaed4283683d8b7
http://betasia.com/,dns,https://explorer.ooni.org/m/20260402095611.959691_KR_webconnectivity_8c97920e11c4c8ef
https://europedatingonline.com/,dns,https://explorer.ooni.org/m/20260402095612.602132_KR_webconnectivity_0642ab5c7dd1cecd
https://hitomi.la/,dns,https://explorer.ooni.org/m/20260402095613.726184_KR_webconnectivity_e24c072a43fd34bc
http://ndfsk.dyndns.org/kuguk8/Title1.htm,ok,https://explorer.ooni.org/m/20260402095614.654916_KR_webconnectivity_dd8f4c30ebdd5119
https://onlyfans.com/,dns,https://explorer.ooni.org/m/20260402095615.344197_KR_webconnectivity_75794e813ec9f95c
http://thaigirls.net/,dns,https://explorer.ooni.org/m/20260402095617.352753_KR_webconnectivity_9c4d36e315495db9
https://worldsingles.com/,dns,https://explorer.ooni.org/m/20260402095618.043187_KR_webconnectivity_81c6be90bc682701
https://www.3wishes.com/,dns,https://explorer.ooni.org/m/20260402095619.195017_KR_webconnectivity_1c72fffa30ee4dfe
http://www.barmeister.com/,ok,https://explorer.ooni.org/m/20260402095620.141688_KR_webconnectivity_5877cd1253c6f6cc
https://www.bravoporn.com/,dns,https://explorer.ooni.org/m/20260402095620.956545_KR_webconnectivity_5a37a8a77c5212e9
http://www.chantelle.com/,dns,https://explorer.ooni.org/m/20260402095621.767144_KR_webconnectivity_91f5eeeaa5ebf334
http://www.columbus25.com/,ok,https://explorer.ooni.org/m/20260402095622.582484_KR_webconnectivity_01eb3b5679ab24ac
https://www.dating.com/,dns,https://explorer.ooni.org/m/20260402095623.337997_KR_webconnectivity_da5f8274e870a244
https://www.eharmony.com/,dns,https://explorer.ooni.org/m/20260402095624.306964_KR_webconnectivity_f1409b401deb76be
http://www.gayapatal.com/,dns,https://explorer.ooni.org/m/20260402095625.056520_KR_webconnectivity_e13180e04384a348
https://www.goldenpalace.com/,dns,https://explorer.ooni.org/m/20260402095626.088093_KR_webconnectivity_4fce4ac24eb0a630
http://www.goldenrivieracasino.com/,dns,https://explorer.ooni.org/m/20260402095627.503943_KR_webconnectivity_68bb5cb89f7e4a7c
https://www.lovoo.com/,dns,https://explorer.ooni.org/m/20260402095628.352949_KR_webconnectivity_2e727db032100c25
http://www.monacogoldcasino.com/,dns,https://explorer.ooni.org/m/20260402095629.255341_KR_webconnectivity_1b6c6937f82b1907
http://www.partypoker.com/,dns,https://explorer.ooni.org/m/20260402095629.997029_KR_webconnectivity_ea33c1bece9a7bc3
https://www.playboy.com/,dns,https://explorer.ooni.org/m/20260402095631.317546_KR_webconnectivity_46abbf88dd5e9123
http://www.pof.com/,dns,https://explorer.ooni.org/m/20260402095632.703023_KR_webconnectivity_f9826303c47b134c
http://www.poker.com/,dns,https://explorer.ooni.org/m/20260402095633.428932_KR_webconnectivity_95400753e43f4be8
http://www.rxmarijuana.com/,dns,https://explorer.ooni.org/m/20260402095634.514527_KR_webconnectivity_75fdba7a08922f2d
http://www.sex.com/,dns,https://explorer.ooni.org/m/20260402095635.217671_KR_webconnectivity_7e1f67e6a31244ce
http://www.sportingbet.com/,dns,https://explorer.ooni.org/m/20260402095636.241684_KR_webconnectivity_74cb48a71ea8c3e0
https://www.xvideos.com/,dns,https://explorer.ooni.org/m/20260402095637.191190_KR_webconnectivity_dd2767f32bb2d512
https://www.youporn.com/,dns,https://explorer.ooni.org/m/20260402095638.226695_KR_webconnectivity_569be4de6bccbd67
http://anonymizer.secuser.com/,dns,https://explorer.ooni.org/m/20260402095639.093202_KR_webconnectivity_8fa3c82bccadc2b2
https://www.hyphanet.org/,dns,https://explorer.ooni.org/m/20260402095639.916011_KR_webconnectivity_6059c55b097ec2e7
http://www.qhtyzx.com/,ok,https://explorer.ooni.org/m/20260402095641.442791_KR_webconnectivity_65acfbda59acfb2e
http://www.seapa.org/,tcp_ip,https://explorer.ooni.org/m/20260402095642.772135_KR_webconnectivity_c2e03f6cf987e41d
https://www.theatlantic.com/,dns,https://explorer.ooni.org/m/20260402095643.528840_KR_webconnectivity_d7f62f633d829e7c
https://krunker.io/,dns,https://explorer.ooni.org/m/20260402095644.675163_KR_webconnectivity_158fb10924061898
https://matcha.xyz/,dns,https://explorer.ooni.org/m/20260402095645.406192_KR_webconnectivity_ab2924073c995f03
https://store.steampowered.com/,dns,https://explorer.ooni.org/m/20260402095646.584665_KR_webconnectivity_cb9496d082c2cbfe
https://tlauncher.org/,dns,https://explorer.ooni.org/m/20260402095647.613388_KR_webconnectivity_54c29c60d824b562
https://totaljerkface.com/,dns,https://explorer.ooni.org/m/20260402095648.382493_KR_webconnectivity_2b1796a4e918122e
http://wowbogo.net/,ok,https://explorer.ooni.org/m/20260402095649.082896_KR_webconnectivity_0aed8365cd4326d5
http://www.blackhat.be/,dns,https://explorer.ooni.org/m/20260402095650.024987_KR_webconnectivity_a01a4f0fbb4ec8b9
https://www.blizzard.com/,dns,https://explorer.ooni.org/m/20260402095651.131684_KR_webconnectivity_2178f98d010b3008
https://www.blockchain.com/,dns,https://explorer.ooni.org/m/20260402095651.788679_KR_webconnectivity_6234b98ca5b35e18
https://www.coinbase.com/,dns,https://explorer.ooni.org/m/20260402095652.520857_KR_webconnectivity_e1647d73b0178189
https://www.exploit-db.com/,dns,https://explorer.ooni.org/m/20260402095653.276634_KR_webconnectivity_27866705fb59bb87
https://www.f-list.net/,dns,https://explorer.ooni.org/m/20260402095654.262919_KR_webconnectivity_af354cfd00ce8684
https://www.guildwars.com/,dns,https://explorer.ooni.org/m/20260402095655.414315_KR_webconnectivity_82512fb63de55441
https://www.habbo.com/,dns,https://explorer.ooni.org/m/20260402095656.697833_KR_webconnectivity_2b5031800eefe835
http://www.hackforums.net/,dns,https://explorer.ooni.org/m/20260402095657.677756_KR_webconnectivity_7fa9fad4cf951b61
http://www.hackhull.com/,dns,https://explorer.ooni.org/m/20260402095658.899544_KR_webconnectivity_955914647a69e42f
http://www.idsoftware.com/,dns,https://explorer.ooni.org/m/20260402095700.091438_KR_webconnectivity_9b22ca2b94a2631a
https://www.minecraft.net/,dns,https://explorer.ooni.org/m/20260402095701.609362_KR_webconnectivity_063f94fecc4e0634
http://www.pmang.com/,dns,https://explorer.ooni.org/m/20260402095702.553204_KR_webconnectivity_03539ea97f5457ff
https://www.pogo.com/,dns,https://explorer.ooni.org/m/20260402095703.598975_KR_webconnectivity_422322e6c9b740c7
http://www.riftgame.com/,dns,https://explorer.ooni.org/m/20260402095704.641872_KR_webconnectivity_5a99724063ff2260
https://www.roblox.com/,dns,https://explorer.ooni.org/m/20260402095706.193558_KR_webconnectivity_9fff704ee5cdde56
http://www.square-enix.com/,dns,https://explorer.ooni.org/m/20260402095707.711961_KR_webconnectivity_ceaf7ecfe75142f9
http://4shared.com/,confirmed,https://explorer.ooni.org/m/20260402095710.153958_KR_webconnectivity_349c775e0c39f72e
https://911truth.org/,ok,https://explorer.ooni.org/m/20260402095714.465588_KR_webconnectivity_f703bb43dea439e8
https://addons.mozilla.org/,ok,https://explorer.ooni.org/m/20260402095716.965304_KR_webconnectivity_79f336746dc473b1
https://addons.opera.com/,ok,https://explorer.ooni.org/m/20260402095723.109760_KR_webconnectivity_22ac786fd0ac3670
https://addons.opera.com/en/extensions/,ok,https://explorer.ooni.org/m/20260402095728.593996_KR_webconnectivity_c984ea50a6d0d0db
http://applefile.com/,dns,https://explorer.ooni.org/m/20260402095734.759604_KR_webconnectivity_66b76b43e70cbb24
https://ar.m.wikipedia.org/,ok,https://explorer.ooni.org/m/20260402095740.497870_KR_webconnectivity_0869ab1c3e15f0f0
https://ar.wikipedia.org/,ok,https://explorer.ooni.org/m/20260402095743.666893_KR_webconnectivity_9e91ee481381ffec
https://archiveofourown.org/,ok,https://explorer.ooni.org/m/20260402095746.772438_KR_webconnectivity_b291dcb21c06c92e
https://arxiv.org/,ok,https://explorer.ooni.org/m/20260402095748.500177_KR_webconnectivity_b2eb96c5d9bb9fbd
https://asean.org/,ok,https://explorer.ooni.org/m/20260402095749.517917_KR_webconnectivity_b39666ab91b628cc
https://bintray.com/,ok,https://explorer.ooni.org/m/20260402095755.043055_KR_webconnectivity_2205db8aa37c9834
http://bommin.net/,confirmed,https://explorer.ooni.org/m/20260402095759.322601_KR_webconnectivity_e408fb540af67bbd
https://ca.wikipedia.org/,ok,https://explorer.ooni.org/m/20260402095803.846879_KR_webconnectivity_61b9c95e1a59baba
http://cafe.daum.net/seoulminart,ok,https://explorer.ooni.org/m/20260402095806.358012_KR_webconnectivity_161ff191245d5fc8
http://cafe.naver.com/newartcafe,ok,https://explorer.ooni.org/m/20260402095811.595243_KR_webconnectivity_fe61a65a153bb797
https://catbox.moe/,ok,https://explorer.ooni.org/m/20260402095813.751191_KR_webconnectivity_ec85d3a3f3680a86
https://chat.openai.com/,ok,https://explorer.ooni.org/m/20260402095815.095238_KR_webconnectivity_5974be9e505d2778
http://chongryon.com/,confirmed,https://explorer.ooni.org/m/20260402095831.312930_KR_webconnectivity_7079b92107158d18
https://chrome.google.com/webstore/category/extensions,ok,https://explorer.ooni.org/m/20260402095834.878633_KR_webconnectivity_98387e280a843105
https://chromewebstore.google.com/,ok,https://explorer.ooni.org/m/20260402095838.178217_KR_webconnectivity_b903d909e7e9a3b3
https://code.org/,ok,https://explorer.ooni.org/m/20260402095842.425641_KR_webconnectivity_13b891fb7dad2ed6
https://commons.wikimedia.org/,ok,https://explorer.ooni.org/m/20260402095845.720776_KR_webconnectivity_92e832646ebb8cb8
https://credibilitycoalition.org/,ok,https://explorer.ooni.org/m/20260402095848.366203_KR_webconnectivity_3c3450059a9ced19
https://crypt.ee/,ok,https://explorer.ooni.org/m/20260402095850.295825_KR_webconnectivity_6d878f33f9af5688
http://data.donkeyhote.co.kr/,dns,https://explorer.ooni.org/m/20260402095851.549708_KR_webconnectivity_a65cf8ae45d666e6
https://de.wikipedia.org/,ok,https://explorer.ooni.org/m/20260402095855.667001_KR_webconnectivity_3623d6939e816fa5
https://dfiles.eu/,ok,https://explorer.ooni.org/m/20260402095901.058045_KR_webconnectivity_f6715fdbf1860208
https://digg.com/,ok,https://explorer.ooni.org/m/20260402095902.649477_KR_webconnectivity_6ccb39a1df76df65
https://docs.google.com/,ok,https://explorer.ooni.org/m/20260402095906.512151_KR_webconnectivity_b49a760abfc3609b
https://drive.google.com/,ok,https://explorer.ooni.org/m/20260402095911.312505_KR_webconnectivity_2d71d36093fac0ae
https://en.m.wikipedia.org/,ok,https://explorer.ooni.org/m/20260402095915.223238_KR_webconnectivity_be8b6b1412089f7b
https://en.wikipedia.org/,ok,https://explorer.ooni.org/m/20260402095918.330332_KR_webconnectivity_a3b91342010c1974
https://ente.io/,ok,https://explorer.ooni.org/m/20260402095921.866237_KR_webconnectivity_5bbf36f146bec9b7
https://es.m.wikipedia.org/,ok,https://explorer.ooni.org/m/20260402095926.760892_KR_webconnectivity_6ac4cad0604b782e
https://es.wikipedia.org/,ok,https://explorer.ooni.org/m/20260402095934.601613_KR_webconnectivity_008a9b55974785e3
https://f-droid.org/,ok,https://explorer.ooni.org/m/20260402095937.624920_KR_webconnectivity_fa0360e970f5c9e1
https://fdroid.tetaneutral.net/fdroid/repo,ok,https://explorer.ooni.org/m/20260402095945.402269_KR_webconnectivity_eb5a4cde192a2b5a
http://file.daum.net/,ok,https://explorer.ooni.org/m/20260402095946.578320_KR_webconnectivity_b4c08f36bf0fe1d9
http://filecast.co.kr/,dns,https://explorer.ooni.org/m/20260402095950.510241_KR_webconnectivity_856ba284cd48fe1e
https://filen.io/,ok,https://explorer.ooni.org/m/20260402095958.653333_KR_webconnectivity_c4766a7ea24d56e3
https://files.pythonhosted.org/,ok,https://explorer.ooni.org/m/20260402095959.461114_KR_webconnectivity_77e7dc8b08e1fb83
https://fr.wikipedia.org/,ok,https://explorer.ooni.org/m/20260402100003.361835_KR_webconnectivity_75380e352817aa5d
https://ftp.fau.de/fdroid/repo,ok,https://explorer.ooni.org/m/20260402100006.708406_KR_webconnectivity_397ec0011d362f8c
http://gnu.rep.kp/,dns,https://explorer.ooni.org/m/20260402100010.980334_KR_webconnectivity_f8aa565adf59d920
https://hackerspaces.org/,ok,https://explorer.ooni.org/m/20260402100014.215887_KR_webconnectivity_07d2e1b9050fb92f
http://historyedu.or.kr/,ok,https://explorer.ooni.org/m/20260402100026.722746_KR_webconnectivity_5b40c7692761ccde
https://i.gr-assets.com/robots.txt,ok,https://explorer.ooni.org/m/20260402100030.553558_KR_webconnectivity_6164e568100e2373
https://infidels.org/,ok,https://explorer.ooni.org/m/20260402100033.382553_KR_webconnectivity_a23c7d7b877b2ebb
https://int.soccerway.com/,http-failure,https://explorer.ooni.org/m/20260402100037.509615_KR_webconnectivity_c26a620ae810823d
https://intelligence.weforum.org/,ok,https://explorer.ooni.org/m/20260402100050.232508_KR_webconnectivity_b40de43055164254
https://isa.gov.ly/,ok,https://explorer.ooni.org/m/20260402100053.233165_KR_webconnectivity_1dcc6d1888db506a
https://it.wikipedia.org/,ok,https://explorer.ooni.org/m/20260402100056.573008_KR_webconnectivity_1bf3cccec2579627
https://ja.wikipedia.org/,ok,https://explorer.ooni.org/m/20260402100100.136600_KR_webconnectivity_3d912991038cd802
http://kancc.org/,dns,https://explorer.ooni.org/m/20260402100113.800119_KR_webconnectivity_7f3cdd4cc606eaac
http://kass.org.kp/,dns,https://explorer.ooni.org/m/20260402100130.428384_KR_webconnectivity_e4299b9317613953
http://kicc-dprk.org/,confirmed,https://explorer.ooni.org/m/20260402100132.745334_KR_webconnectivity_2b90bceb08dd38ca
http://kiyctc.com.kp/,dns,https://explorer.ooni.org/m/20260402100140.537038_KR_webconnectivity_6cf586af4946b7bb
http://ko.internationalism.org/,ok,https://explorer.ooni.org/m/20260402100146.191907_KR_webconnectivity_d926eb747705d3d1
https://ko.wiktionary.org/,ok,https://explorer.ooni.org/m/20260402100149.412255_KR_webconnectivity_1802a9a1e9284d7a
http://korfilm.com.kp/,dns,https://explorer.ooni.org/m/20260402100205.375202_KR_webconnectivity_6930626ccfb68c46
http://kremlin.ru/,ok,https://explorer.ooni.org/m/20260402100224.288125_KR_webconnectivity_ea849344eb5a31bb
https://libgen.fun/,error,https://explorer.ooni.org/m/20260402100225.864889_KR_webconnectivity_f1a00e9398d80403
https://libgen.is/,dns,https://explorer.ooni.org/m/20260402100241.511705_KR_webconnectivity_72f9d27057149cb3
http://libgen.lc/,ok,https://explorer.ooni.org/m/20260402100242.785717_KR_webconnectivity_b306c84e46d4ecf6
http://libgen.li/,dns,https://explorer.ooni.org/m/20260402100246.615471_KR_webconnectivity_78f3cb2421113563
https://libgen.life/,tcp_ip,https://explorer.ooni.org/m/20260402100334.470526_KR_webconnectivity_7b0bc4317b353a62
https://libgen.me/,error,https://explorer.ooni.org/m/20260402100336.614433_KR_webconnectivity_476cbd13f00d361f
http://libgen.rs/,dns,https://explorer.ooni.org/m/20260402100352.297931_KR_webconnectivity_088644c2334010a6
https://libgen.space/,error,https://explorer.ooni.org/m/20260402100353.824943_KR_webconnectivity_7d4fe09e00d9dc93
http://libgen.st/,tcp_ip,https://explorer.ooni.org/m/20260402100424.997220_KR_webconnectivity_3444c59e356c7b32
https://login.infomaniak.com/,ok,https://explorer.ooni.org/m/20260402100428.457359_KR_webconnectivity_769ace7139d04314
https://login.tailscale.com/,ok,https://explorer.ooni.org/m/20260402100437.150683_KR_webconnectivity_7d81dd6d4ed090a3
http://ma.gov.kp/,dns,https://explorer.ooni.org/m/20260402100441.512316_KR_webconnectivity_4dc2478c8cb7709f
https://mashable.com/,ok,https://explorer.ooni.org/m/20260402100444.293532_KR_webconnectivity_80397f1b9d9ab39b
https://mirror.cyberbits.eu/fdroid/repo,ok,https://explorer.ooni.org/m/20260402100447.623779_KR_webconnectivity_9676846d4970a123
https://mymemory.translated.net/,ok,https://explorer.ooni.org/m/20260402100452.495006_KR_webconnectivity_b1100b4256ac398f
http://naenara.com/,ok,https://explorer.ooni.org/m/20260402100454.933653_KR_webconnectivity_f7a19b4c48c8d23c
https://notesnook.com/,ok,https://explorer.ooni.org/m/20260402100458.056633_KR_webconnectivity_7eb5a4520e679d16
http://onekorea.org/,ok,https://explorer.ooni.org/m/20260402100500.434598_KR_webconnectivity_5cbb6866a6fa4553
https://openverse.org/,ok,https://explorer.ooni.org/m/20260402100501.828970_KR_webconnectivity_bd64fe5863afc780
https://plug-mirror.rcac.purdue.edu/fdroid/repo,ok,https://explorer.ooni.org/m/20260402100505.766643_KR_webconnectivity_4b651e8c870ece8c
https://pt.m.wikipedia.org/,ok,https://explorer.ooni.org/m/20260402100510.109281_KR_webconnectivity_d3f32954656834a9
https://pulse.internetsociety.org/,ok,https://explorer.ooni.org/m/20260402100512.002466_KR_webconnectivity_5a968315410fbe20
https://put.io/,ok,https://explorer.ooni.org/m/20260402100514.478387_KR_webconnectivity_90d77c005b902497
https://radiofreetexas.com/,ok,https://explorer.ooni.org/m/20260402100517.729263_KR_webconnectivity_19c628f1f3134b33
https://ru.wikipedia.org/,ok,https://explorer.ooni.org/m/20260402100522.929378_KR_webconnectivity_9219a79efb577d07
https://s.gr-assets.com/robots.txt,ok,https://explorer.ooni.org/m/20260402100524.242697_KR_webconnectivity_99591488870f5a62
http://sdprk.org.kp/,dns,https://explorer.ooni.org/m/20260402100530.789573_KR_webconnectivity_6ba0df773521dd10
https://savefrom.net/,dns,https://explorer.ooni.org/m/20260402100525.091201_KR_webconnectivity_e39a80a0e3deaacd
http://sfkuk.freeservers.com/,ok,https://explorer.ooni.org/m/20260402100537.761887_KR_webconnectivity_8bcc5a6d16a09fb4
http://simfile.uplusbox.co.kr/,dns,https://explorer.ooni.org/m/20260402100553.731447_KR_webconnectivity_56f4291265cef797
https://simple.wikipedia.org/,ok,https://explorer.ooni.org/m/20260402100557.012109_KR_webconnectivity_b97403817c941387
https://skiff.com/,ok,https://explorer.ooni.org/m/20260402100600.753049_KR_webconnectivity_d3b6a0f4c5ddc6b0
https://soundcloud.com/,ok,https://explorer.ooni.org/m/20260402100603.616959_KR_webconnectivity_e030c7277ac9ef98
https://sourceforge.net/,ok,https://explorer.ooni.org/m/20260402100605.939528_KR_webconnectivity_d5ae7a2c8578c7fc
https://standardnotes.com/,ok,https://explorer.ooni.org/m/20260402100608.790736_KR_webconnectivity_6f28315bff5b9748
http://torrenters.com/,dns,https://explorer.ooni.org/m/20260402100612.159435_KR_webconnectivity_1dc5bbba17815103
https://uea.org/,ok,https://explorer.ooni.org/m/20260402100618.286767_KR_webconnectivity_3e7da88d01dc5c07
https://upload.wikimedia.org/wikipedia/commons/thumb/3/37/Generic_Camera_Icon.svg/100px-Generic_Camera_Icon.svg.png,ok,https://explorer.ooni.org/m/20260402100620.522015_KR_webconnectivity_5b187876100eaee0
http://usacrime.or.kr/,ok,https://explorer.ooni.org/m/20260402100623.244268_KR_webconnectivity_aa03be2df38cd39f
https://w3schools.com/,ok,https://explorer.ooni.org/m/20260402100627.475645_KR_webconnectivity_adb9475889a0e685
https://wikidata.org/,ok,https://explorer.ooni.org/m/20260402100633.593255_KR_webconnectivity_e4bf17ff4c14ca03
https://wikihow.com/,ok,https://explorer.ooni.org/m/20260402100635.574168_KR_webconnectivity_cbe9149d2231a1a2
https://wikimapia.org/,ok,https://explorer.ooni.org/m/20260402100639.065602_KR_webconnectivity_5610f4d8225b8267
http://www.1koreannews.com/,ok,https://explorer.ooni.org/m/20260402100639.822714_KR_webconnectivity_a0eb57649fea5c80
https://www.2shared.com/,ok,https://explorer.ooni.org/m/20260402100643.827342_KR_webconnectivity_42ef841c5b17b6b7
https://www.4shared.com/,ok,https://explorer.ooni.org/m/20260402100649.580702_KR_webconnectivity_8f5cfbfb55524e89
https://www.911memorial.org/,ok,https://explorer.ooni.org/m/20260402100653.766291_KR_webconnectivity_e08fe7a25bd32b0d
http://www.acquisitionx.com/,ok,https://explorer.ooni.org/m/20260402100655.961729_KR_webconnectivity_b16372605a23ebae
https://www.af.mil/,ok,https://explorer.ooni.org/m/20260402100658.230030_KR_webconnectivity_835da65eae4810b7
http://www.aha.ru/,ok,https://explorer.ooni.org/m/20260402100717.333360_KR_webconnectivity_db2e3b01eff56c2d
http://www.aha.ru/~zentsov/korea.htm,ok,https://explorer.ooni.org/m/20260402100733.971509_KR_webconnectivity_522be582dfa27548
http://www.arirang.dprkorea.com/,dns,https://explorer.ooni.org/m/20260402100743.781920_KR_webconnectivity_dd4b9ce290471e65
https://www.army.mil/,ok,https://explorer.ooni.org/m/20260402100747.641169_KR_webconnectivity_34860850e7e541fb
https://www.auswaertiges-amt.de/,ok,https://explorer.ooni.org/m/20260402100751.616359_KR_webconnectivity_042abab4f765ea4d
http://www.big.or.jp/,ok,https://explorer.ooni.org/m/20260402100753.708574_KR_webconnectivity_6c29948d35a7f140
http://www.bittornado.com/,dns,https://explorer.ooni.org/m/20260402100809.398828_KR_webconnectivity_f1c3213af204e046
https://www.bme.com/,dns,https://explorer.ooni.org/m/20260402100811.764131_KR_webconnectivity_75bb174d01ca4d9e
http://www.bommin.net/,confirmed,https://explorer.ooni.org/m/20260402100818.105770_KR_webconnectivity_5d36b63c25a7f793
http://www.chongryon.com/,confirmed,https://explorer.ooni.org/m/20260402100835.414279_KR_webconnectivity_944be99c836f6e94
https://www.cia.gov/,ok,https://explorer.ooni.org/m/20260402100839.817905_KR_webconnectivity_aec8c87896f49d17
http://www.cinetown.co.kr/,ok,https://explorer.ooni.org/m/20260402100856.802803_KR_webconnectivity_d3b9cf615327c235
https://www.cis.minsk.by/,ok,https://explorer.ooni.org/m/20260402100904.772152_KR_webconnectivity_c557dff4228bdcad
http://www.cizel.co.kr/,dns,https://explorer.ooni.org/m/20260402100906.027643_KR_webconnectivity_180aecc9d6042265
http://www.cnet-ta.ne.jp/,ok,https://explorer.ooni.org/m/20260402100909.390883_KR_webconnectivity_15431462d115919f
http://www.collegehumor.com/,dns,https://explorer.ooni.org/m/20260402100925.044993_KR_webconnectivity_86a9d24e117f4361
http://www.coreaone-news.com/,confirmed,https://explorer.ooni.org/m/20260402100932.880853_KR_webconnectivity_8de1f0d489801d0d
https://www.darpa.mil/,ok,https://explorer.ooni.org/m/20260402100940.917867_KR_webconnectivity_e951d1eb20876b59
https://www.dea.gov/,ok,https://explorer.ooni.org/m/20260402100942.336613_KR_webconnectivity_3b5cb9b2311f00a6
https://www.deathmetal.org/,ok,https://explorer.ooni.org/m/20260402100947.647050_KR_webconnectivity_b9d004dc96a1c85d
https://www.defense.gov/,ok,https://explorer.ooni.org/m/20260402100949.537593_KR_webconnectivity_d1b478c3c0dac33c
https://www.dia.mil/,ok,https://explorer.ooni.org/m/20260402100952.177726_KR_webconnectivity_5afd5f2de7705c7a
https://www.dictionary.com/,ok,https://explorer.ooni.org/m/20260402100953.779809_KR_webconnectivity_71bd1c5ee1e880c8
http://www.dprk-book.com/,tcp_ip,https://explorer.ooni.org/m/20260402101040.199757_KR_webconnectivity_01284809906a599e
http://www.dprkorea.com/,dns,https://explorer.ooni.org/m/20260402101048.864596_KR_webconnectivity_b8fdcb419e2605a6
https://www.dropbox.com/,ok,https://explorer.ooni.org/m/20260402101053.668294_KR_webconnectivity_a4357b7f4faf510a
https://www.epa.gov/,ok,https://explorer.ooni.org/m/20260402101057.058840_KR_webconnectivity_545eaf200e907cde
https://www.eventbrite.com/,ok,https://explorer.ooni.org/m/20260402101059.683182_KR_webconnectivity_8658f17a4f48c1c2
http://www.fileguri.com/,http-failure,https://explorer.ooni.org/m/20260402101102.575407_KR_webconnectivity_b3543ca9167ae281
http://www.filenori.com/,ok,https://explorer.ooni.org/m/20260402101104.995448_KR_webconnectivity_2b49f7143a51f036
http://www.foreignaffairs.org/,ok,https://explorer.ooni.org/m/20260402101107.357345_KR_webconnectivity_f9e5ea3bd2a493ed
http://www.fsb.ru/,tcp_ip,https://explorer.ooni.org/m/20260402101140.285409_KR_webconnectivity_b5632511b00222a2
https://www.fsf.org/,error,https://explorer.ooni.org/m/20260402101142.171142_KR_webconnectivity_7cb5f85ae9bae4ee
https://www.gawker.com/,ok,https://explorer.ooni.org/m/20260402101145.899105_KR_webconnectivity_035da8d85a39e697
https://www.globalpolicy.org/,ok,https://explorer.ooni.org/m/20260402101150.660037_KR_webconnectivity_f20815237951e5b9
https://www.goodreads.com/,ok,https://explorer.ooni.org/m/20260402101154.312346_KR_webconnectivity_3137ba2ec0534d50
https://www.gov.uk/,ok,https://explorer.ooni.org/m/20260402101158.260940_KR_webconnectivity_3c10adeb9b6f6ac4
https://www.gutenberg.org/,ok,https://explorer.ooni.org/m/20260402101209.135011_KR_webconnectivity_f3672ec1d6783dcc
http://www.hanguksa.org/,ok,https://explorer.ooni.org/m/20260402101215.462695_KR_webconnectivity_cebf132594684231
http://www.hisedu.or.kr/,ok,https://explorer.ooni.org/m/20260402101220.958951_KR_webconnectivity_c47f6d7312057cf2
http://www.honamhistory.org/,ok,https://explorer.ooni.org/m/20260402101224.291804_KR_webconnectivity_6b8a76f56d5c4551
http://www.honduras.com/,ok,https://explorer.ooni.org/m/20260402101228.206503_KR_webconnectivity_8be07631ea17ca0e
https://www.iaru.org/,ok,https://explorer.ooni.org/m/20260402101233.600701_KR_webconnectivity_5deaee2e04717d65
https://www.ibe.unesco.org/,ok,https://explorer.ooni.org/m/20260402101239.853428_KR_webconnectivity_cd62324a874e9aff
https://www.icrc.org/,ok,https://explorer.ooni.org/m/20260402101242.749808_KR_webconnectivity_8a1c8e7233145fae
https://www.ideasbeyondborders.org/,ok,https://explorer.ooni.org/m/20260402101246.026433_KR_webconnectivity_3937b75c2aa7f2a4
http://www.iea.org/,ok,https://explorer.ooni.org/m/20260402101249.703738_KR_webconnectivity_9bae65d7fa50b80c
https://www.ifrc.org/,ok,https://explorer.ooni.org/m/20260402101250.689989_KR_webconnectivity_09df57cd2839ca29
http://www.ihr.org/,ok,https://explorer.ooni.org/m/20260402101300.870791_KR_webconnectivity_4a2bcc7df39a324a
https://www.ilo.org/,ok,https://explorer.ooni.org/m/20260402101303.758518_KR_webconnectivity_4e73238324905964
http://www.inhard.com/,ok,https://explorer.ooni.org/m/20260402101313.878117_KR_webconnectivity_836e25f238e9f043
https://www.interpol.int/,ok,https://explorer.ooni.org/m/20260402101317.009280_KR_webconnectivity_6b89445a9e5c1405
https://www.isa.org.jm/,ok,https://explorer.ooni.org/m/20260402101327.862378_KR_webconnectivity_d27f60419745e475
http://www.isj.org.uk/,ok,https://explorer.ooni.org/m/20260402101333.521168_KR_webconnectivity_18cff7168d84a28d
http://www.jjangfile.net/,dns,https://explorer.ooni.org/m/20260402101349.197878_KR_webconnectivity_d7352667a8d65212
https://www.jsf.mil/,ok,https://explorer.ooni.org/m/20260402101356.902460_KR_webconnectivity_d99ea9db50e81e01
http://www.kancc.org/,confirmed,https://explorer.ooni.org/m/20260402101413.719923_KR_webconnectivity_4ad89e089313e113
http://www.kcckp.net/,confirmed,https://explorer.ooni.org/m/20260402101418.973656_KR_webconnectivity_cbb0f555715781ef
http://www.kdvr.de/,ok,https://explorer.ooni.org/m/20260402101421.439823_KR_webconnectivity_55b1f395494f8bec
https://www.khanacademy.org/,ok,https://explorer.ooni.org/m/20260402101423.973472_KR_webconnectivity_9bcbef0072702d8a
http://www.kickassclassical.com/,dns,https://explorer.ooni.org/m/20260402101439.663321_KR_webconnectivity_0ac319bcc79b8d28
http://www.korea-dpr.com/,confirmed,https://explorer.ooni.org/m/20260402101442.593024_KR_webconnectivity_bf1c1154ff3111eb
http://www.korea-dpr.com/menu.htm,confirmed,https://explorer.ooni.org/m/20260402101444.424600_KR_webconnectivity_2bb1d1abf4ef0064
http://www.korea-dpr.com/users/jisge/,confirmed,https://explorer.ooni.org/m/20260402101446.225615_KR_webconnectivity_a8239afb5e9ddfea
http://www.korea-is-one.org/,dns,https://explorer.ooni.org/m/20260402101448.611725_KR_webconnectivity_591f0fc04a672611
http://www.korea-is-one.org/rubrique.php3?id_rubrique=5,dns,https://explorer.ooni.org/m/20260402101450.839914_KR_webconnectivity_48db499260d7db13
http://www.korea-np.co.jp/,tcp_ip,https://explorer.ooni.org/m/20260402101501.488135_KR_webconnectivity_82f6b7d0b1b542e9
http://www.koreanhistory.org/,ok,https://explorer.ooni.org/m/20260402101504.503759_KR_webconnectivity_9362eefd97d79055
https://www.marxists.org/,ok,https://explorer.ooni.org/m/20260402101507.917864_KR_webconnectivity_93b1c923cfe3f483
http://www.metal-archives.com/,ok,https://explorer.ooni.org/m/20260402101510.246589_KR_webconnectivity_42a2f2730ec42698
http://www.minjok.com/,dns,https://explorer.ooni.org/m/20260402101513.133302_KR_webconnectivity_0d87886db7d682da
http://www.mnr.gov.cn/,dns,https://explorer.ooni.org/m/20260402101523.828377_KR_webconnectivity_fbb37c4fddfee4a7
http://www.monkey3.co.kr/,dns,https://explorer.ooni.org/m/20260402101540.039678_KR_webconnectivity_2a89638c2bec1f66
https://www.mozilla.org/,ok,https://explorer.ooni.org/m/20260402101543.073503_KR_webconnectivity_0e2bc506785307e3
https://www.mp3.com/,tcp_ip,https://explorer.ooni.org/m/20260402101628.794402_KR_webconnectivity_3b34dff898f1d3f1
https://www.musixmatch.com/,ok,https://explorer.ooni.org/m/20260402101631.062635_KR_webconnectivity_d6f82a62c874c9f5
http://www.nato.int/,ok,https://explorer.ooni.org/m/20260402101634.564369_KR_webconnectivity_38f6def887c3d5a5
http://www.nzeen.com/,ok,https://explorer.ooni.org/m/20260402101638.927515_KR_webconnectivity_1e07b1be1f85aabb
http://www.onekorea.org/,ok,https://explorer.ooni.org/m/20260402101643.521706_KR_webconnectivity_3559173e203e273c
http://www.opec.org/,ok,https://explorer.ooni.org/m/20260402101646.765051_KR_webconnectivity_e85adf5503a91618
http://www.openart.or.kr/,ok,https://explorer.ooni.org/m/20260402101651.339827_KR_webconnectivity_b730aa7611a44bcc
http://www.orangefile.com/,dns,https://explorer.ooni.org/m/20260402101654.447518_KR_webconnectivity_c32000f5ce0b37c8
https://www.osce.org/,ok,https://explorer.ooni.org/m/20260402101658.056544_KR_webconnectivity_8e538d62b85b44f7
http://www.ournation-school.com/,confirmed,https://explorer.ooni.org/m/20260402101659.823198_KR_webconnectivity_248a6ebc19736578
https://www.overdrive.com/,ok,https://explorer.ooni.org/m/20260402101702.396023_KR_webconnectivity_e89ad4926677eef5
http://www.pacom.mil/,ok,https://explorer.ooni.org/m/20260402101705.269122_KR_webconnectivity_be40bcd6fdf55a00
http://www.ryongnamsan.edu.kp/,dns,https://explorer.ooni.org/m/20260402101709.257187_KR_webconnectivity_a299336c11a08f6b
http://www.schwarzreport.org/,ok,https://explorer.ooni.org/m/20260402101713.033922_KR_webconnectivity_83f8120afaf39b65
https://www.scribd.com/,ok,https://explorer.ooni.org/m/20260402101715.197897_KR_webconnectivity_9966bce03bd4f4a6
https://www.shazam.com/,ok,https://explorer.ooni.org/m/20260402101718.099142_KR_webconnectivity_546611abc9c81aaa
http://www.slsknet.org/,ok,https://explorer.ooni.org/m/20260402101720.070822_KR_webconnectivity_7d7e21ea311e9ab5
http://www.socom.mil/,tcp_ip,https://explorer.ooni.org/m/20260402101820.442805_KR_webconnectivity_2b21ae53f1d9c4e6
http://www.soribada.com/,ok,https://explorer.ooni.org/m/20260402101824.389711_KR_webconnectivity_86162554e73bc3d5
https://www.spotify.com/,ok,https://explorer.ooni.org/m/20260402101826.134227_KR_webconnectivity_64f0975db7967306
https://www.state.gov/,ok,https://explorer.ooni.org/m/20260402101828.732275_KR_webconnectivity_0638fa5f604edc6f
http://www.stratcom.mil/,ok,https://explorer.ooni.org/m/20260402101830.640144_KR_webconnectivity_d3ab51cb7c9705ac
http://www.syccr.com/,ok,https://explorer.ooni.org/m/20260402101835.417438_KR_webconnectivity_c5782c38099a9cd0
https://www.timeout.com/,ok,https://explorer.ooni.org/m/20260402101840.602141_KR_webconnectivity_23440aca6e818d3d
http://www.tmz.com/,ok,https://explorer.ooni.org/m/20260402101844.430721_KR_webconnectivity_e4315167364e42c2
https://www.un.int/,ok,https://explorer.ooni.org/m/20260402101849.945915_KR_webconnectivity_bbdbedf6aa3c1ebc
https://www.un.org/,ok,https://explorer.ooni.org/m/20260402101852.835165_KR_webconnectivity_58c82aced14c8d5f
https://www.undp.org/,ok,https://explorer.ooni.org/m/20260402101854.567419_KR_webconnectivity_4a14f1042b67b99d
https://www.unwomen.org/,ok,https://explorer.ooni.org/m/20260402101857.299441_KR_webconnectivity_2a0c60273af30c36
http://www.uriminzokkiri.com/,tcp_ip,https://explorer.ooni.org/m/20260402101943.116629_KR_webconnectivity_c9116823a904e88c
http://www.uscg.mil/,ok,https://explorer.ooni.org/m/20260402101945.617649_KR_webconnectivity_38761f0879a6507a
https://www.ushmm.org/,ok,https://explorer.ooni.org/m/20260402101948.302590_KR_webconnectivity_37e1f6810c807b6f
https://www.utorrent.com/,ok,https://explorer.ooni.org/m/20260402101950.487144_KR_webconnectivity_ce68febfb345c74d
http://www.vibe.com/,ok,https://explorer.ooni.org/m/20260402101953.752854_KR_webconnectivity_354458f779bf417d
https://www.videolan.org/,ok,https://explorer.ooni.org/m/20260402101958.530160_KR_webconnectivity_2daf70b6d592abd2
https://www.wfp.org/,ok,https://explorer.ooni.org/m/20260402102002.437991_KR_webconnectivity_8a6102c63ca88dae
https://www.wikipedia.org/,ok,https://explorer.ooni.org/m/20260402102005.559644_KR_webconnectivity_2893410cfe860c8e
https://www.wiktionary.org/,ok,https://explorer.ooni.org/m/20260402102008.868228_KR_webconnectivity_bf77639f0c74f60e
https://www.xinjiang.gov.cn/,ok,https://explorer.ooni.org/m/20260402102011.943979_KR_webconnectivity_36205c556939685e
http://www.xxlmag.com/,ok,https://explorer.ooni.org/m/20260402102017.837075_KR_webconnectivity_099aba875a358fe6
https://www.zoho.com/,ok,https://explorer.ooni.org/m/20260402102020.649436_KR_webconnectivity_b4c60ad458b148ea
https://z-lib.org/,error,https://explorer.ooni.org/m/20260402102022.586978_KR_webconnectivity_dc80da0c43b3e583
https://zh.wikipedia.org/,ok,https://explorer.ooni.org/m/20260402102027.042859_KR_webconnectivity_769e81cd90d7a95d
https://www.feministfrequency.com/,dns,https://explorer.ooni.org/m/20260402102027.761923_KR_webconnectivity_56da9ffa69d421dd
http://www.gayrice.com/,dns,https://explorer.ooni.org/m/20260402102028.491074_KR_webconnectivity_8782a73b43bdba5a
http://www.gayrice.com/gayplaces/country.php?cid=126,dns,https://explorer.ooni.org/m/20260402102029.139661_KR_webconnectivity_1106ed36235f8a57
https://www.out.com/,dns,https://explorer.ooni.org/m/20260402102029.871569_KR_webconnectivity_79d6dd7b175f94c4
https://www.planetromeo.com/,dns,https://explorer.ooni.org/m/20260402102030.674638_KR_webconnectivity_fae79cd390b92189
https://www.purevpn.com/,dns,https://explorer.ooni.org/m/20260402102031.608631_KR_webconnectivity_a677036d391ffb6a
https://www.tunnelbear.com/,dns,https://explorer.ooni.org/m/20260402102032.327015_KR_webconnectivity_54ecd95aa8664e95
https://www.womenonwaves.org/,dns,https://explorer.ooni.org/m/20260402102033.174974_KR_webconnectivity_99e0c544dc94a5a9
https://yggdrasil-network.github.io/,dns,https://explorer.ooni.org/m/20260402102033.926058_KR_webconnectivity_2b5e50da3d899f7b
https://adultfriendfinder.com/,dns,https://explorer.ooni.org/m/20260402102036.101023_KR_webconnectivity_86ea8403ddb47f07
https://alt.com/,dns,https://explorer.ooni.org/m/20260402102037.538161_KR_webconnectivity_77f0c72691629ff6
https://amphetamines.com/,ok,https://explorer.ooni.org/m/20260402102039.306268_KR_webconnectivity_e6730fdbc0e537db
http://asiafriendfinder.com/,dns,https://explorer.ooni.org/m/20260402102041.936823_KR_webconnectivity_2a4a9b858a1f9856
http://asiansmaster.com/,dns,https://explorer.ooni.org/m/20260402102043.090895_KR_webconnectivity_3fdcd612d3a43eb2
https://btggaming.com/,dns,https://explorer.ooni.org/m/20260402102044.911298_KR_webconnectivity_1bf9725aba186df8
http://cafe.daum.net/amc21,ok,https://explorer.ooni.org/m/20260402102047.485875_KR_webconnectivity_5292b421001f9d5e
http://cafe.daum.net/dacultureNO,ok,https://explorer.ooni.org/m/20260402102050.296761_KR_webconnectivity_549b1fcf41755aab
http://cafe.naver.com/mansdotcom,ok,https://explorer.ooni.org/m/20260402102053.168693_KR_webconnectivity_1c44f4275c21418b
http://cafe.naver.com/rtbnmm/,ok,https://explorer.ooni.org/m/20260402102058.070255_KR_webconnectivity_3194b777b9c1a7ab
http://creamasia.com/,dns,https://explorer.ooni.org/m/20260402102059.602897_KR_webconnectivity_0c2ea5ae837ba9d1
https://dailystormer.in/,dns,https://explorer.ooni.org/m/20260402102100.282408_KR_webconnectivity_95c97640779f1250
https://drugs-forum.com/,dns,https://explorer.ooni.org/m/20260402102101.017903_KR_webconnectivity_9aabfa5398c983fc
https://eln-voces.net/,ok,https://explorer.ooni.org/m/20260402102105.636365_KR_webconnectivity_9cbbb1abed175fec
https://forum.grasscity.com/,dns,https://explorer.ooni.org/m/20260402102106.722176_KR_webconnectivity_e8b45b4cf35f99ab
https://friendfinder.com/,dns,https://explorer.ooni.org/m/20260402102108.510013_KR_webconnectivity_d1b8d25916e9f9e2
https://godhatesfags.com/,dns,https://explorer.ooni.org/m/20260402102109.194824_KR_webconnectivity_7e946ed03e85f6cf
https://heroin.org/,dns,https://explorer.ooni.org/m/20260402102109.885570_KR_webconnectivity_24f620654f3d99e4
https://hightimes.com/,dns,https://explorer.ooni.org/m/20260402102111.575814_KR_webconnectivity_668061915a91a152
https://howtogrowmarijuana.com/,dns,https://explorer.ooni.org/m/20260402102127.232148_KR_webconnectivity_d1e7f3017f491697
http://indianfriendfinder.com/,dns,https://explorer.ooni.org/m/20260402102129.106974_KR_webconnectivity_ace772b8eba10940
https://kiwifarms.net/,dns,https://explorer.ooni.org/m/20260402102144.833100_KR_webconnectivity_1f8246290f105c54
http://koreanfriendfinder.com/,dns,https://explorer.ooni.org/m/20260402102147.220454_KR_webconnectivity_8c9c0bdc9074887f
http://makemodel.net/,ok,https://explorer.ooni.org/m/20260402102152.635255_KR_webconnectivity_12d7f75cba91b2a3
https://maps.org/,ok,https://explorer.ooni.org/m/20260402102154.884537_KR_webconnectivity_073f5963cf869e63
http://mingky.org/,dns,https://explorer.ooni.org/m/20260402102156.120657_KR_webconnectivity_eaf4b1010f48b26c
https://norml.org/,dns,https://explorer.ooni.org/m/20260402102159.555573_KR_webconnectivity_c5a6327571ec398d
https://nsdapao.info/,dns,https://explorer.ooni.org/m/20260402102215.418356_KR_webconnectivity_f217e6382a7c8557
http://onlybingo.com/,dns,https://explorer.ooni.org/m/20260402102231.067524_KR_webconnectivity_ca5041ca9191f540
https://panties.com/,dns,https://explorer.ooni.org/m/20260402102232.721341_KR_webconnectivity_b6475ceeb134ac3a
http://sexkorea.net/,dns,https://explorer.ooni.org/m/20260402102237.775902_KR_webconnectivity_9504df79adcaf9dc
https://trashy.com/,dns,https://explorer.ooni.org/m/20260402102238.587348_KR_webconnectivity_2d9c69500ee83243
http://user.chollian.net/,dns,https://explorer.ooni.org/m/20260402102240.533083_KR_webconnectivity_e7ec66f942352d0c
http://user.chollian.net/~yesooj/mincho/deama.htm,dns,https://explorer.ooni.org/m/20260402102242.950629_KR_webconnectivity_ea6dd4dc95680cfb
http://via89.kr/,ok,https://explorer.ooni.org/m/20260402102243.628960_KR_webconnectivity_2534327e07f8c77f
http://video.fc2.com/ko/a/,dns,https://explorer.ooni.org/m/20260402102245.739405_KR_webconnectivity_b784d6af50183057
https://weedmaps.com/,dns,https://explorer.ooni.org/m/20260402102246.901752_KR_webconnectivity_5e6f3ea94ebf8fd1
http://www.4online-gambling.com/,dns,https://explorer.ooni.org/m/20260402102248.097966_KR_webconnectivity_549acf12301e896c
http://www.888casino.com/,dns,https://explorer.ooni.org/m/20260402102248.891805_KR_webconnectivity_e04230ff454268a2
http://www.absinth.com/,ok,https://explorer.ooni.org/m/20260402102251.538930_KR_webconnectivity_6dc230df74fcf4f5
http://www.absolut.com/,ok,https://explorer.ooni.org/m/20260402102252.404689_KR_webconnectivity_e6b7d7e7c6852cc8
https://www.americannaziparty.com/,ok,https://explorer.ooni.org/m/20260402102254.403591_KR_webconnectivity_e9413686bb4ccd36
https://www.ariannelingerie.com/,dns,https://explorer.ooni.org/m/20260402102255.484700_KR_webconnectivity_6d90056b6a8a8a5b
http://www.asiabynight.com/,dns,https://explorer.ooni.org/m/20260402102311.868762_KR_webconnectivity_052cd0274699dc26
https://www.ashleymadison.com/,dns,https://explorer.ooni.org/m/20260402102256.145488_KR_webconnectivity_d0fd1c19fa385abc
https://www.bacardi.com/,ok,https://explorer.ooni.org/m/20260402102314.838993_KR_webconnectivity_66f08976a3f6918b
https://www.bat.com/,ok,https://explorer.ooni.org/m/20260402102319.276894_KR_webconnectivity_eacb3c754869efa2
http://www.beer.com/,ok,https://explorer.ooni.org/m/20260402102323.421281_KR_webconnectivity_e22d2280ac21e954
https://www.beerinfo.com/,ok,https://explorer.ooni.org/m/20260402102327.993344_KR_webconnectivity_eb50d2acc395ed53
http://www.bglad.com/,dns,https://explorer.ooni.org/m/20260402102330.761485_KR_webconnectivity_c2731b37a9bbf927
http://www.blackjackinfo.com/,dns,https://explorer.ooni.org/m/20260402102332.951946_KR_webconnectivity_66bff31d2f36f24e
http://www.budweiser.com/,ok,https://explorer.ooni.org/m/20260402102336.642473_KR_webconnectivity_d6f8a79ecca236c6
https://www.buydutchseeds.com/,dns,https://explorer.ooni.org/m/20260402102337.524893_KR_webconnectivity_077fbd28c8fa87f8
https://www.casino.com/,dns,https://explorer.ooni.org/m/20260402102338.339567_KR_webconnectivity_2e13c649d5caf17d
http://www.casinotropez.com/,dns,https://explorer.ooni.org/m/20260402102339.222942_KR_webconnectivity_dd96babc46ba167f
https://www.churchofeuthanasia.org/,dns,https://explorer.ooni.org/m/20260402102340.566577_KR_webconnectivity_ee4bdf8f5c37a2ea
http://www.coquette.com/,dns,https://explorer.ooni.org/m/20260402102341.544382_KR_webconnectivity_ebd17ce9f39face3
http://www.date.com/,dns,https://explorer.ooni.org/m/20260402102343.650349_KR_webconnectivity_c74db335e8d62973
http://www.dekaron.co.kr/,dns,https://explorer.ooni.org/m/20260402102347.341607_KR_webconnectivity_b4d3323d565d557f
http://www.delicates.co.uk/,ok,https://explorer.ooni.org/m/20260402102409.354875_KR_webconnectivity_26a166f4c54730a6
https://www.dextroverse.org/,ok,https://explorer.ooni.org/m/20260402102412.744291_KR_webconnectivity_727100d56635817e
https://www.drugsdata.org/,dns,https://explorer.ooni.org/m/20260402102416.608388_KR_webconnectivity_6b42b3a77dc4853e
http://www.drugsense.org/,ok,https://explorer.ooni.org/m/20260402102422.415927_KR_webconnectivity_f556012696f66f1f
http://www.dsnet.co.kr/,ok,https://explorer.ooni.org/m/20260402102438.716985_KR_webconnectivity_7d27734c8976a15f
https://www.erowid.org/,tcp_ip,https://explorer.ooni.org/m/20260402102515.473011_KR_webconnectivity_aada44e0a4f87761
http://www.forbiddenasian.com/,dns,https://explorer.ooni.org/m/20260402102517.204744_KR_webconnectivity_bc9a209844acfbc3
http://www.freshpair.com/,dns,https://explorer.ooni.org/m/20260402102518.107537_KR_webconnectivity_47c06d76ddcd0bb0
http://www.fuckingfreemovies.com/,dns,https://explorer.ooni.org/m/20260402102519.805110_KR_webconnectivity_c77c52fd1067fafc
https://www.gambling.com/,dns,https://explorer.ooni.org/m/20260402102520.792194_KR_webconnectivity_46ca39b0c1a1434a
http://www.gamemeca.com/,dns,https://explorer.ooni.org/m/20260402102523.971056_KR_webconnectivity_c20ca57fc64df834
http://www.gamespot.co.kr/,dns,https://explorer.ooni.org/m/20260402102526.937637_KR_webconnectivity_098ec6698c8ec285
http://www.globalfire.tv/,ok,https://explorer.ooni.org/m/20260402102530.473128_KR_webconnectivity_ca06d8396b3a56fc
http://www.gotgayporn.com/,dns,https://explorer.ooni.org/m/20260402102531.635400_KR_webconnectivity_7ccdfa0bcd7a77be
http://www.hanes.com/,ok,https://explorer.ooni.org/m/20260402102533.232368_KR_webconnectivity_283cb408b6c34c16
http://www.hiliq.net/,ok,https://explorer.ooni.org/m/20260402102540.441616_KR_webconnectivity_172a8be8098faaf7
https://www.happn.com/,dns,https://explorer.ooni.org/m/20260402102533.952280_KR_webconnectivity_2213f77567db6760
http://www.i-um.com/,dns,https://explorer.ooni.org/m/20260402102541.457199_KR_webconnectivity_d3c11200d38e29ef
http://www.ilbe.com/,dns,https://explorer.ooni.org/m/20260402102543.773224_KR_webconnectivity_1ead7e4235ea702c
http://www.indianporngirls.com/,dns,https://explorer.ooni.org/m/20260402102545.623211_KR_webconnectivity_01679cf03ff14c41
https://www.ipair.com/,dns,https://explorer.ooni.org/m/20260402102546.863062_KR_webconnectivity_d3661137266f6ba2
http://www.jackdaniels.com/,ok,https://explorer.ooni.org/m/20260402102549.442569_KR_webconnectivity_adae0a339fbac833
https://www.jackpotcitycasino1.com/,dns,https://explorer.ooni.org/m/20260402102551.123799_KR_webconnectivity_695c205658e97718
https://www.jdate.com/,dns,https://explorer.ooni.org/m/20260402102551.858398_KR_webconnectivity_b3fe95dee9d7777b
http://www.joyhunting.com/,dns,https://explorer.ooni.org/m/20260402102607.739887_KR_webconnectivity_7b399e3d7c640e0e
http://www.jupae.com/,ok,https://explorer.ooni.org/m/20260402102626.796238_KR_webconnectivity_7bf245387a86c5dc
http://www.lesbiansubmission.com/,dns,https://explorer.ooni.org/m/20260402102628.922709_KR_webconnectivity_31bf041b04995d58
http://www.lineage.co.kr/,dns,https://explorer.ooni.org/m/20260402102632.175603_KR_webconnectivity_7b8864873c6a1dd1
http://www.luckynugget.com/,dns,https://explorer.ooni.org/m/20260402102633.588049_KR_webconnectivity_5095ef0a8c451253
http://www.marijuanatravels.com/,dns,https://explorer.ooni.org/m/20260402102649.271871_KR_webconnectivity_0457d9a9790138d7
http://www.mgame.com/,dns,https://explorer.ooni.org/m/20260402102651.092462_KR_webconnectivity_93bff3eb7da6164a
http://www.moderndrunkardmagazine.com/,ok,https://explorer.ooni.org/m/20260402102723.361718_KR_webconnectivity_7981896977cd27ed
http://www.mrchewsasianbeaver.com/,dns,https://explorer.ooni.org/m/20260402102725.801227_KR_webconnectivity_bc29bade07a9ed80
https://www.onlinegambling.com/,dns,https://explorer.ooni.org/m/20260402102727.526327_KR_webconnectivity_a097dfff42c6248e
http://www.originalelf.com/,error,https://explorer.ooni.org/m/20260402102735.130631_KR_webconnectivity_2dd7aa896c5c6498
https://www.partypoker.net/,dns,https://explorer.ooni.org/m/20260402102735.908429_KR_webconnectivity_01d2f46bb60955f4
https://www.pmi.com/,ok,https://explorer.ooni.org/m/20260402102740.290209_KR_webconnectivity_c93379bcfc157770
http://www.ranking.co.kr/,dns,https://explorer.ooni.org/m/20260402102744.642953_KR_webconnectivity_74cdf4dccba044bb
http://www.realbeer.com/,ok,https://explorer.ooni.org/m/20260402102746.089440_KR_webconnectivity_fdec055b22c649c8
http://www.riverbelle.com/,dns,https://explorer.ooni.org/m/20260402102747.401151_KR_webconnectivity_0acf2161d2321fe7
http://www.rollitup.org/,dns,https://explorer.ooni.org/m/20260402102748.152850_KR_webconnectivity_60b3ef3f645d5777
http://www.royalvegas-casino-kr.com/,dns,https://explorer.ooni.org/m/20260402102750.960672_KR_webconnectivity_94ac662ddc1c94db
http://www.royalvegas.com/,dns,https://explorer.ooni.org/m/20260402102752.228739_KR_webconnectivity_7642f34107b60cf9
http://www.satp.org/,ok,https://explorer.ooni.org/m/20260402102758.095747_KR_webconnectivity_81e95ff3ebdb6553
https://www.shroomery.org/,dns,https://explorer.ooni.org/m/20260402102759.004791_KR_webconnectivity_5222b7246151121d
http://www.slotland.com/,dns,https://explorer.ooni.org/m/20260402102800.096048_KR_webconnectivity_430ebc7929584ec7
http://www.soramall.kr/,dns,https://explorer.ooni.org/m/20260402102816.076374_KR_webconnectivity_dcab656335913e9c
https://www.spark.com/,dns,https://explorer.ooni.org/m/20260402102816.821325_KR_webconnectivity_526297bdc8a14576
http://www.speeddater.co.uk/,ok,https://explorer.ooni.org/m/20260402102820.219301_KR_webconnectivity_315a9f89ead158d5
http://www.spinpalace.com/,dns,https://explorer.ooni.org/m/20260402102821.817822_KR_webconnectivity_77196df23bd8d216
http://www.sportsinteraction.com/,dns,https://explorer.ooni.org/m/20260402102822.516711_KR_webconnectivity_888ef5e578a4a8dd
http://www.taima.org/,dns,https://explorer.ooni.org/m/20260402102824.287758_KR_webconnectivity_c5c2f6a81a7f6594
http://www.tobacco.org/,ok,https://explorer.ooni.org/m/20260402102826.107387_KR_webconnectivity_81d7474580678852
http://www.topdrawers.com/,dns,https://explorer.ooni.org/m/20260402102827.863532_KR_webconnectivity_6346a20b87910e35
http://www.vanguardnewsnetwork.com/,ok,https://explorer.ooni.org/m/20260402102831.582954_KR_webconnectivity_45097d54c50e65ee
http://www.venus.com/,dns,https://explorer.ooni.org/m/20260402102832.445353_KR_webconnectivity_2504aa297a7d301e
https://www.victoriassecret.com/,dns,https://explorer.ooni.org/m/20260402102833.659799_KR_webconnectivity_5d219c09f0cc78cc
http://www.wegames.net/,dns,https://explorer.ooni.org/m/20260402102835.334757_KR_webconnectivity_44995b257ca62bff
http://www.winespectator.com/,ok,https://explorer.ooni.org/m/20260402102838.047145_KR_webconnectivity_e352d216fa07337f
http://www.xvideos.com/,dns,https://explorer.ooni.org/m/20260402102839.202197_KR_webconnectivity_1a2d949e6397ec50
https://xhamster.com/,dns,https://explorer.ooni.org/m/20260402102840.677496_KR_webconnectivity_f990e4b6ce4fc04d
http://ywoos.com/,dns,https://explorer.ooni.org/m/20260402102856.550854_KR_webconnectivity_deca1fd1aff931e6
https://genderdysphoria.fyi/,dns,https://explorer.ooni.org/m/20260402102857.417736_KR_webconnectivity_5c2edd3b87022dc8
http://guardster.com/,dns,https://explorer.ooni.org/m/20260402102858.213213_KR_webconnectivity_698abe19356a8a1e
http://inter.kdlp.org/,ok,https://explorer.ooni.org/m/20260402102859.793570_KR_webconnectivity_2da2f4284375fb31
https://hide.me/,dns,https://explorer.ooni.org/m/20260402102859.059772_KR_webconnectivity_d7df796f96344aa0
https://lantern.io/,dns,https://explorer.ooni.org/m/20260402102900.547748_KR_webconnectivity_45038bfd32b83f58
http://lgbt.kdlp.org/,ok,https://explorer.ooni.org/m/20260402102901.577406_KR_webconnectivity_83d731705f7dbf72
https://mullvad.net/,dns,https://explorer.ooni.org/m/20260402102902.557990_KR_webconnectivity_6f25501a3306689a
https://proxy.i2phides.me/,dns,https://explorer.ooni.org/m/20260402102903.272992_KR_webconnectivity_a05596fc852cb112
https://safervpn.com/,dns,https://explorer.ooni.org/m/20260402102904.042376_KR_webconnectivity_f9fcfe61a5363d41
https://shadowsocks.org/,dns,https://explorer.ooni.org/m/20260402102904.915135_KR_webconnectivity_3948c1fd8ad65caf
https://spys.one/,dns,https://explorer.ooni.org/m/20260402102905.605094_KR_webconnectivity_7dfe1cf3f4996993
https://thunder.free-signal.com/,dns,https://explorer.ooni.org/m/20260402102906.385493_KR_webconnectivity_3a3d40afb4e455be
http://www.e-ju.net/,ok,https://explorer.ooni.org/m/20260402102907.109697_KR_webconnectivity_f1021e9e88ba3830
https://www.gaystarnews.com/,dns,https://explorer.ooni.org/m/20260402102907.844735_KR_webconnectivity_b20ee27b65c9e9e1
https://www.hotspotshield.com/,dns,https://explorer.ooni.org/m/20260402102908.611232_KR_webconnectivity_1f88e0297b87b3b2
https://www.ipredator.se/,dns,https://explorer.ooni.org/m/20260402102909.341343_KR_webconnectivity_125b2a4fad5ca0fc
http://www.mfasia.org/,ok,https://explorer.ooni.org/m/20260402102918.460543_KR_webconnectivity_ebd4fd05cf6668ce
http://www.migrantsinkorea.net/,ok,https://explorer.ooni.org/m/20260402102919.160803_KR_webconnectivity_54ca27e70a1eec59
https://www.msichoices.org/,dns,https://explorer.ooni.org/m/20260402102920.331699_KR_webconnectivity_a35f061780da2bda
http://www.naral.org/,ok,https://explorer.ooni.org/m/20260402102921.081873_KR_webconnectivity_c26027f15049dbf8
http://www.newsweekasia.com/,ok,https://explorer.ooni.org/m/20260402102938.528083_KR_webconnectivity_bbfcb3dc147be0fe
https://www.opentech.fund/,dns,https://explorer.ooni.org/m/20260402102939.227866_KR_webconnectivity_80378de883deb250
http://www.protest.net/,dns,https://explorer.ooni.org/m/20260402102940.014187_KR_webconnectivity_b471aff32aa7db57
http://www.publiuspundit.com/,ok,https://explorer.ooni.org/m/20260402102941.337338_KR_webconnectivity_519a66fe9e671b08
http://www.samesexmarriage.ca/,dns,https://explorer.ooni.org/m/20260402102942.197805_KR_webconnectivity_3bbcfd7e14dd1f14
http://www.seapabkk.org/,dns,https://explorer.ooni.org/m/20260402102945.080824_KR_webconnectivity_1f1264b07f46f349
https://www.surfeasy.com/,dns,https://explorer.ooni.org/m/20260402102945.860064_KR_webconnectivity_f9fdfdef753ad1d5
http://www.taipeitimes.com/,ok,https://explorer.ooni.org/m/20260402102949.418451_KR_webconnectivity_394eaa2edafb4bac
https://www.teafund.org/,dns,https://explorer.ooni.org/m/20260402102950.196930_KR_webconnectivity_b7eed4b64d0f09c9
http://www.theregister.co.uk/,dns,https://explorer.ooni.org/m/20260402102950.960089_KR_webconnectivity_95b73dc2b94c0266
http://www.ultimate-anonymity.com/,dns,https://explorer.ooni.org/m/20260402102951.754201_KR_webconnectivity_33baae8bca54c97e
https://www.washingtonpost.com/,dns,https://explorer.ooni.org/m/20260402102952.513941_KR_webconnectivity_3d6bc0e82af00dbe
http://www.zdnetasia.com/,ok,https://explorer.ooni.org/m/20260402102959.941895_KR_webconnectivity_6889549e179ddb6b
"http://www.zdnetasia.com/downloads/pc/swinfo/0,39043052,39222404s,00.htm",ok,https://explorer.ooni.org/m/20260402103007.029770_KR_webconnectivity_27ea88f622a515d0
https://zenvpn.net/,dns,https://explorer.ooni.org/m/20260402103008.026071_KR_webconnectivity_241c5b75e77e0760
http://chakantv.co.kr/,ok,https://explorer.ooni.org/m/20260402103009.010437_KR_webconnectivity_447de88a64efa1ab
https://cocaine.org/,dns,https://explorer.ooni.org/m/20260402103009.785614_KR_webconnectivity_debbcd8fdbcb5bfd
https://deepseek.ai/,dns,https://explorer.ooni.org/m/20260402103010.763972_KR_webconnectivity_81b235b0f0e59e49
https://dweb.link/,dns,https://explorer.ooni.org/m/20260402103011.540949_KR_webconnectivity_532ae68cde021a91
http://www.ppca.co.kr/,ok,https://explorer.ooni.org/m/20260402103012.473105_KR_webconnectivity_bfae9807ec9f1104
https://doh.centraleu.pi-dns.com/dns-query?dns=q80BAAABAAAAAAAAA3d3dwdleGFtcGxlA2NvbQAAAQAB,dns,https://explorer.ooni.org/m/20260402103013.329008_KR_webconnectivity_5e397fbbeb27d7c8
https://theonion.com/,dns,https://explorer.ooni.org/m/20260402103014.138780_KR_webconnectivity_4b5547de0bffc1f3
https://yts.lt/,dns,https://explorer.ooni.org/m/20260402103014.855509_KR_webconnectivity_bb7c2ee13b2501ac
http://adb.org/,ok,https://explorer.ooni.org/m/20260402103020.292000_KR_webconnectivity_2c65e7321029021b
https://alignpay.com/,dns,https://explorer.ooni.org/m/20260402103036.125468_KR_webconnectivity_91601d74e947a232
https://api.revenuecat.com/,ok,https://explorer.ooni.org/m/20260402103040.723367_KR_webconnectivity_7df4693b5fa5e30b
https://apis.google.com/robots.txt,ok,https://explorer.ooni.org/m/20260402103045.010973_KR_webconnectivity_55ee93a1e6edafe4
http://archive.ubuntu.com/,ok,https://explorer.ooni.org/m/20260402103047.613695_KR_webconnectivity_f076a88f42285fa4
https://astalavista.box.sk/,dns,https://explorer.ooni.org/m/20260402103048.648006_KR_webconnectivity_4fdd211f126a34d5
https://attrition.org/,ok,https://explorer.ooni.org/m/20260402103052.020617_KR_webconnectivity_65c37f35d64c7aeb
https://beacondb.net/,ok,https://explorer.ooni.org/m/20260402103054.629355_KR_webconnectivity_86b9a59c82eadf35
https://bitcoin.org/,dns,https://explorer.ooni.org/m/20260402103055.721714_KR_webconnectivity_6dac3a8730e89b4c
https://bitcoin.sipa.be/,dns,https://explorer.ooni.org/m/20260402103056.881602_KR_webconnectivity_867b44b258e614ac
https://blockdx.co/,error,https://explorer.ooni.org/m/20260402103058.797455_KR_webconnectivity_37e541431928c69d
https://blog.counter-strike.net/,dns,https://explorer.ooni.org/m/20260402103059.552314_KR_webconnectivity_d29fc0c4764c1de3
https://blog.mozilla.org/,ok,https://explorer.ooni.org/m/20260402103103.363475_KR_webconnectivity_f04713d2623d83bd
https://bogus.d2a8n1.rootcanary.net/,ok,https://explorer.ooni.org/m/20260402103106.345628_KR_webconnectivity_c43137593bf1a5b0
https://brave.com/,ok,https://explorer.ooni.org/m/20260402103109.002703_KR_webconnectivity_b1fa799c6e9b5334
https://bughunters.google.com/,ok,https://explorer.ooni.org/m/20260402103111.990305_KR_webconnectivity_e0209a3c96791586
https://cdnjs.com/,ok,https://explorer.ooni.org/m/20260402103114.106747_KR_webconnectivity_3712bf34527e8fd7
http://clients3.google.com/generate_204,ok,https://explorer.ooni.org/m/20260402103115.829859_KR_webconnectivity_535dfb3005e03e61
https://clients5.google.com/robots.txt,ok,https://explorer.ooni.org/m/20260402103118.010258_KR_webconnectivity_897ee9242422a0eb
https://company.wizards.com/,dns,https://explorer.ooni.org/m/20260402103119.206537_KR_webconnectivity_d857448afc64e54a
http://connect.rom.miui.com/generate_204,ok,https://explorer.ooni.org/m/20260402103120.429706_KR_webconnectivity_fa8ce20e727df873
http://connectivitycheck.android.com/generate_204,ok,https://explorer.ooni.org/m/20260402103121.996183_KR_webconnectivity_a54de17e6559d05d
http://connectivitycheck.gstatic.com/generate_204,ok,https://explorer.ooni.org/m/20260402103123.535201_KR_webconnectivity_21d97a92fa534a5e
https://cultdeadcow.com/,dns,https://explorer.ooni.org/m/20260402103124.798397_KR_webconnectivity_a4ae3dae2f2629ac
https://dashjr.org/,dns,https://explorer.ooni.org/m/20260402103125.977515_KR_webconnectivity_cd8f01f8220e0a3c
https://defcon.org/,ok,https://explorer.ooni.org/m/20260402103130.220197_KR_webconnectivity_84c142a8ccc2da6e
https://dnsleaktest.com/,dns,https://explorer.ooni.org/m/20260402103131.308480_KR_webconnectivity_9b115472ad5561fa
https://dnsviz.net/,ok,https://explorer.ooni.org/m/20260402103133.507789_KR_webconnectivity_07f9d213136120c4
https://doubleclick.net/,ok,https://explorer.ooni.org/m/20260402103137.063729_KR_webconnectivity_55fae0b7c433617b
https://earth.google.com/web/,ok,https://explorer.ooni.org/m/20260402103139.342504_KR_webconnectivity_dcccbbce9feeeab5
https://en.miui.com/,ok,https://explorer.ooni.org/m/20260402103143.834155_KR_webconnectivity_d6adad33da886529
https://epicgames.com/,dns,https://explorer.ooni.org/m/20260402103144.830947_KR_webconnectivity_0ebbac02c904d45e
https://etherscan.io/,dns,https://explorer.ooni.org/m/20260402103145.952859_KR_webconnectivity_e13c3e38e6eef9e2
https://fedoramagazine.org/,ok,https://explorer.ooni.org/m/20260402103148.858405_KR_webconnectivity_9861bd5827fb62ce
https://gamersclub.gg/,dns,https://explorer.ooni.org/m/20260402103149.621733_KR_webconnectivity_5c67c2e1ada2dcca
https://giganews.com/,dns,https://explorer.ooni.org/m/20260402103150.470252_KR_webconnectivity_da022afe7f4f98db
http://gmarket.co.kr/,ok,https://explorer.ooni.org/m/20260402103152.403602_KR_webconnectivity_ec832049b74f4b0e
https://hodlhodl.com/,ok,https://explorer.ooni.org/m/20260402103155.793384_KR_webconnectivity_717dddf79ece1cee
https://insecure.org/,ok,https://explorer.ooni.org/m/20260402103158.654895_KR_webconnectivity_a6a60678ada5f8e4
https://kh.google.com/rt/earth/PlanetoidMetadata,ok,https://explorer.ooni.org/m/20260402103200.922600_KR_webconnectivity_7ceea2f715e8b8d9
https://khms0.google.com/kh/v=908?x=81&y=103&z=8,ok,https://explorer.ooni.org/m/20260402103203.139734_KR_webconnectivity_a1a62ebd1090ee8a
https://khms1.google.com/kh/v=908?x=327&y=414&z=10,ok,https://explorer.ooni.org/m/20260402103205.322360_KR_webconnectivity_b1aa00fdfa40bcbf
http://knic.com.kp/,dns,https://explorer.ooni.org/m/20260402103210.901474_KR_webconnectivity_3d85b4820bdca8e4
https://localmonero.co/,ok,https://explorer.ooni.org/m/20260402103213.921811_KR_webconnectivity_2f4f5ac4c1aefb32
https://maps.gstatic.com/tactile/basepage/grid-image.png,ok,https://explorer.ooni.org/m/20260402103215.859569_KR_webconnectivity_c7fbd7c7c7d30007
https://metasploit.com/,ok,https://explorer.ooni.org/m/20260402103219.195912_KR_webconnectivity_9578bee5519effc4
https://moodle.org/,ok,https://explorer.ooni.org/m/20260402103221.809911_KR_webconnectivity_5b7ce941dd9fed65
https://nemtudo.me/,dns,https://explorer.ooni.org/m/20260402103222.618727_KR_webconnectivity_ccb34aba7eaf24ac
http://networkcheck.kde.org/,ok,https://explorer.ooni.org/m/20260402103223.929022_KR_webconnectivity_e33dd0064aca5fce
https://nmap.org/,ok,https://explorer.ooni.org/m/20260402103226.427527_KR_webconnectivity_8adc0d8f255d96b3
http://nmcheck.gnome.org/check_network_status.txt,ok,https://explorer.ooni.org/m/20260402103227.618585_KR_webconnectivity_706ac9e7882a9a92
https://o0.ingest.sentry.io/api/0,ok,https://explorer.ooni.org/m/20260402103228.605529_KR_webconnectivity_58800f35c83d7eb1
http://opportunity.org/,ok,https://explorer.ooni.org/m/20260402103232.471202_KR_webconnectivity_054a5ca0f1377cae
https://packetstormsecurity.com/,ok,https://explorer.ooni.org/m/20260402103236.470901_KR_webconnectivity_b2ee3b9501bf44e4
http://ping.archlinux.org/,ok,https://explorer.ooni.org/m/20260402103238.310063_KR_webconnectivity_e3138f92ad0375a9
https://plan-uk.org/,ok,https://explorer.ooni.org/m/20260402103241.244926_KR_webconnectivity_c217065debcaf217
https://repo1.maven.org/,ok,https://explorer.ooni.org/m/20260402103242.121087_KR_webconnectivity_3c9ba37e0d67aa1b
https://root-key-sentinel-is-ta-20326.d2a8n3.rootcanary.net/,ok,https://explorer.ooni.org/m/20260402103245.083422_KR_webconnectivity_98528c3097e3b6da
https://root-key-sentinel-is-ta-38696.d2a8n3.rootcanary.net/,ok,https://explorer.ooni.org/m/20260402103248.402560_KR_webconnectivity_79e88d8c3fd1c6cb
https://root-key-sentinel-not-ta-20326.d2a8n3.rootcanary.net/,ok,https://explorer.ooni.org/m/20260402103251.771394_KR_webconnectivity_b73859462c695dcb
https://root-key-sentinel-not-ta-38696.d2a8n3.rootcanary.net/,ok,https://explorer.ooni.org/m/20260402103255.125920_KR_webconnectivity_18f4c8b8b035b50e
https://s3.amazonaws.com/ooni-data/archives-raw/yaml_tar_vault.json,ok,https://explorer.ooni.org/m/20260402103300.063022_KR_webconnectivity_5af4ef150276303f
https://seclists.org/,ok,https://explorer.ooni.org/m/20260402103303.746155_KR_webconnectivity_e7261a96881ebb67
https://sentry.io/api/0/,ok,https://explorer.ooni.org/m/20260402103304.711979_KR_webconnectivity_b0dde7351bba09dc
https://sourceforge.net/projects/loic/,ok,https://explorer.ooni.org/m/20260402103307.389303_KR_webconnectivity_dc89f1b823a23289
http://start.ubuntu.com/connectivity-check.html,ok,https://explorer.ooni.org/m/20260402103309.013076_KR_webconnectivity_f35b7bcf73ce4643
https://store.epicgames.com/,dns,https://explorer.ooni.org/m/20260402103309.749582_KR_webconnectivity_225001497077490f
https://swift.org/,ok,https://explorer.ooni.org/m/20260402103311.645893_KR_webconnectivity_aea08f4da78eb511
https://thehackernews.com/,ok,https://explorer.ooni.org/m/20260402103313.531093_KR_webconnectivity_1ac1644090036548
https://tigerweb.ru/,tcp_ip,https://explorer.ooni.org/m/20260402103344.925934_KR_webconnectivity_ccc138cbcc527028
https://toolbox.googleapps.com/,ok,https://explorer.ooni.org/m/20260402103349.202243_KR_webconnectivity_f906e71c331d3383
https://trisquel.info/,ok,https://explorer.ooni.org/m/20260402103354.847976_KR_webconnectivity_ecb0595f0553599f
https://use-application-dns.net/,ok,https://explorer.ooni.org/m/20260402103357.929602_KR_webconnectivity_ad4b3238b24e6bdf
https://wasabiwallet.io/,ok,https://explorer.ooni.org/m/20260402103402.040639_KR_webconnectivity_d69b017df8ccd8f5
https://wkkf.org/,ok,https://explorer.ooni.org/m/20260402103405.203875_KR_webconnectivity_6bc37b337b99e9b0
https://worldofwarcraft.com/,dns,https://explorer.ooni.org/m/20260402103406.391390_KR_webconnectivity_470902d2b58cd8ac
http://www.11st.co.kr/,ok,https://explorer.ooni.org/m/20260402103407.992506_KR_webconnectivity_5af69d4307f78ee8
https://www.2600.com/,dns,https://explorer.ooni.org/m/20260402103411.420969_KR_webconnectivity_97da91f0c2307df1
https://www.airbnb.co.kr/,ok,https://explorer.ooni.org/m/20260402103414.745249_KR_webconnectivity_ec5ba0ec1a4fa16f
https://www.akdn.org/,ok,https://explorer.ooni.org/m/20260402103420.375471_KR_webconnectivity_f4a9a7d724d2cd8f
https://www.amazon.com/,ok,https://explorer.ooni.org/m/20260402103421.712244_KR_webconnectivity_b8d29524e56e6b7a
http://www.apple.com/library/test/success.html,ok,https://explorer.ooni.org/m/20260402103423.013967_KR_webconnectivity_2f399125d3b54996
https://www.apple.com/,ok,https://explorer.ooni.org/m/20260402103425.482258_KR_webconnectivity_1b4769a39fd697a2
http://www.auction.co.kr/,ok,https://explorer.ooni.org/m/20260402103426.361502_KR_webconnectivity_a3febbb572eb3c7e
https://www.babbel.com/,ok,https://explorer.ooni.org/m/20260402103429.355563_KR_webconnectivity_93d58aa6d7ad9431
http://www.barnesandnoble.com/,error,https://explorer.ooni.org/m/20260402103529.661661_KR_webconnectivity_1dc945f1348cd2f4
http://www.bobaedream.co.kr/,ok,https://explorer.ooni.org/m/20260402103532.959526_KR_webconnectivity_83e9158a48d6b7c8
https://www.care.org/,ok,https://explorer.ooni.org/m/20260402103538.186566_KR_webconnectivity_1c690993193c08aa
https://www.ccc.de/,ok,https://explorer.ooni.org/m/20260402103541.145539_KR_webconnectivity_f1963003876bc3f6
http://www.ccej.or.kr/,ok,https://explorer.ooni.org/m/20260402103547.950889_KR_webconnectivity_a61c907644611a5a
https://www.chromium.org/,ok,https://explorer.ooni.org/m/20260402103548.786995_KR_webconnectivity_8ae252bb1a2c44b2
https://www.coinex.com/,dns,https://explorer.ooni.org/m/20260402103549.865264_KR_webconnectivity_7002871fd4301075
https://www.common-fund.org/,ok,https://explorer.ooni.org/m/20260402103553.364138_KR_webconnectivity_0bf012955d97e929
https://www.concern.net/,ok,https://explorer.ooni.org/m/20260402103558.829480_KR_webconnectivity_8ae080141457ed13
https://www.craigslist.org/,dns,https://explorer.ooni.org/m/20260402103601.319423_KR_webconnectivity_ccd37ef1904f83ba
https://www.crs.org/,ok,https://explorer.ooni.org/m/20260402103602.685071_KR_webconnectivity_3f9459f9b5541015
http://www.cyber-pirates.org/,ok,https://explorer.ooni.org/m/20260402103617.211456_KR_webconnectivity_943562741e20b537
https://www.darknet.org.uk/,dns,https://explorer.ooni.org/m/20260402103618.895114_KR_webconnectivity_4728949c9c39f3ca
https://www.ddo.com/,dns,https://explorer.ooni.org/m/20260402103621.209017_KR_webconnectivity_8a2b44f3ee529a2c
https://www.ea.com/,dns,https://explorer.ooni.org/m/20260402103621.895773_KR_webconnectivity_42ae4769d2218389
https://www.ebay.com/,ok,https://explorer.ooni.org/m/20260402103625.582661_KR_webconnectivity_7c6c9f1e20358369
https://www.eccouncil.org/,ok,https://explorer.ooni.org/m/20260402103627.260521_KR_webconnectivity_15e540e9f3e7f442
https://www.episcopalrelief.org/,ok,https://explorer.ooni.org/m/20260402103628.959979_KR_webconnectivity_c6dab6ecc1dd9376
https://www.eveonline.com/,dns,https://explorer.ooni.org/m/20260402103629.674226_KR_webconnectivity_ed0840ac8a2277f1
http://www.feedtheminds.org/,tcp_ip,https://explorer.ooni.org/m/20260402103630.780989_KR_webconnectivity_3fdfae9182fb06f7
http://www.fki.or.kr/,ok,https://explorer.ooni.org/m/20260402103632.839493_KR_webconnectivity_ae5e52d2b46ed0d0
https://www.g5.com/,dns,https://explorer.ooni.org/m/20260402103634.722383_KR_webconnectivity_71d7dff17050e300
https://www.gazprombank.ru/,ok,https://explorer.ooni.org/m/20260402103639.793634_KR_webconnectivity_6de976d87048da0b
https://www.genymotion.com/,ok,https://explorer.ooni.org/m/20260402103642.392266_KR_webconnectivity_2dbc26b42b0c6dab
https://www.globalgiving.org/,ok,https://explorer.ooni.org/m/20260402103644.241910_KR_webconnectivity_3da70519f329fdf6
https://www.gofundme.com/,ok,https://explorer.ooni.org/m/20260402103648.498915_KR_webconnectivity_74e03f0149cb2eff
https://www.gog.com/,dns,https://explorer.ooni.org/m/20260402103649.340893_KR_webconnectivity_427ebdebafb7a21c
https://www.groupon.com/,ok,https://explorer.ooni.org/m/20260402103652.607484_KR_webconnectivity_e87b965744df7fd3
http://www.hackinthebox.org/,tcp_ip,https://explorer.ooni.org/m/20260402103659.742666_KR_webconnectivity_6edb2b7b01f4704f
http://www.hacktivismo.com/,dns,https://explorer.ooni.org/m/20260402103700.889004_KR_webconnectivity_ad593e44ab9cd578
https://www.helvetas.ch/,ok,https://explorer.ooni.org/m/20260402103708.252907_KR_webconnectivity_4a7fa6ccc5a2c4a4
https://www.idrc.ca/,ok,https://explorer.ooni.org/m/20260402103713.117377_KR_webconnectivity_3ba907aa713bb2d6
https://www.ifad.org/,ok,https://explorer.ooni.org/m/20260402103714.379209_KR_webconnectivity_3267939f2fc2ecb6
https://www.ifc.org/,ok,https://explorer.ooni.org/m/20260402103716.221848_KR_webconnectivity_42572ba586663e50
https://www.imf.org/,ok,https://explorer.ooni.org/m/20260402103717.902602_KR_webconnectivity_8dc221d367d893fb
https://www.international.gc.ca/,ok,https://explorer.ooni.org/m/20260402103721.602481_KR_webconnectivity_8836524a8dc52696
https://www.internetsociety.org/,ok,https://explorer.ooni.org/m/20260402103724.681676_KR_webconnectivity_68c77ed1206aefb5
http://www.inven.co.kr/,dns,https://explorer.ooni.org/m/20260402103728.523391_KR_webconnectivity_f9be56a76b9007a5
https://www.kali.org/,ok,https://explorer.ooni.org/m/20260402103731.890677_KR_webconnectivity_d0f9424169af08b5
https://www.kbs-frb.be/,ok,https://explorer.ooni.org/m/20260402103753.467884_KR_webconnectivity_2907453dff547777
https://www.kucoin.com/,dns,https://explorer.ooni.org/m/20260402103757.352890_KR_webconnectivity_7822ab9bdaef588f
https://www.lastwar.com/,dns,https://explorer.ooni.org/m/20260402103758.152044_KR_webconnectivity_2d65fa654f574208
https://www.macfound.org/,ok,https://explorer.ooni.org/m/20260402103813.663043_KR_webconnectivity_34c9ae680c132824
https://www.malwares.com/,ok,https://explorer.ooni.org/m/20260402103815.867556_KR_webconnectivity_d76d66c4fab1983e
http://www.msftconnecttest.com/connecttest.txt,ok,https://explorer.ooni.org/m/20260402103817.797386_KR_webconnectivity_89aab160c96cf2ef
http://www.msftncsi.com/ncsi.txt,ok,https://explorer.ooni.org/m/20260402103819.466630_KR_webconnectivity_c09a3635ab0fa607
http://www.netmarble.net/,dns,https://explorer.ooni.org/m/20260402103822.237872_KR_webconnectivity_6ca3a222d1ebcdbd
http://www.nmrc.org/,dns,https://explorer.ooni.org/m/20260402103823.650323_KR_webconnectivity_5417fdc2d4af04ad
https://www.oxfam.org/,ok,https://explorer.ooni.org/m/20260402103842.021261_KR_webconnectivity_7020e0ce25c39893
https://www.paralleleconomy.com/,ok,https://explorer.ooni.org/m/20260402103856.564418_KR_webconnectivity_8c98de1feda75b7e
https://www.paypal.com/,ok,https://explorer.ooni.org/m/20260402103914.978948_KR_webconnectivity_142868050ba64926
http://www.pcgamer.com/,dns,https://explorer.ooni.org/m/20260402103916.652029_KR_webconnectivity_fcaedb5586fedf2a
https://www.playstation.com/,dns,https://explorer.ooni.org/m/20260402103919.745682_KR_webconnectivity_2e2e5aee9b254fa4
https://www.progressio.org.uk/,ok,https://explorer.ooni.org/m/20260402103924.005677_KR_webconnectivity_74335953246f67d9
https://www.rbf.org/,ok,https://explorer.ooni.org/m/20260402103937.210906_KR_webconnectivity_64a5fa082b28a63b
http://www.rockstargames.com/,dns,https://explorer.ooni.org/m/20260402103938.420419_KR_webconnectivity_874969f2b8666663
http://www.runescape.com/,dns,https://explorer.ooni.org/m/20260402103940.093387_KR_webconnectivity_689ac522ffef7392
http://www.sida.se/,ok,https://explorer.ooni.org/m/20260402104003.099716_KR_webconnectivity_a37c3c3b2b977d72
https://www.thegeekdiary.com/,ok,https://explorer.ooni.org/m/20260402104004.836056_KR_webconnectivity_a6607bc9ce766e2e
https://www.uber.com/,ok,https://explorer.ooni.org/m/20260402104023.589689_KR_webconnectivity_5d7cc7dc55756a81
https://www.ubisoft.com/,dns,https://explorer.ooni.org/m/20260402104025.037687_KR_webconnectivity_640ae0b1652a2103
http://www.unlockme.co.uk/,ok,https://explorer.ooni.org/m/20260402104027.429136_KR_webconnectivity_018badc977a3c335
https://www.usaid.gov/,ok,https://explorer.ooni.org/m/20260402104033.113274_KR_webconnectivity_29f8f63b65c4e00c
https://www.walmart.com/,ok,https://explorer.ooni.org/m/20260402104053.102276_KR_webconnectivity_0439a3f0e75e5402
https://www.weforum.org/,ok,https://explorer.ooni.org/m/20260402104055.071008_KR_webconnectivity_76ececa1b9bcb8ef
https://www.westernunion.com/,ok,https://explorer.ooni.org/m/20260402104110.058502_KR_webconnectivity_511137e76c917e4e
https://www.wmtransfer.com/,ok,https://explorer.ooni.org/m/20260402104126.260735_KR_webconnectivity_a4203bad36046299
https://www.worldbank.org/,ok,https://explorer.ooni.org/m/20260402104137.783631_KR_webconnectivity_da2a8e49b43c4715
http://www.zone-h.org/,ok,https://explorer.ooni.org/m/20260402104139.366615_KR_webconnectivity_23251c2cce441304
https://xe.com/,ok,https://explorer.ooni.org/m/20260402104158.307737_KR_webconnectivity_740f7e9d7e65e451
http://zipbogo.net/,confirmed,https://explorer.ooni.org/m/20260402104201.427106_KR_webconnectivity_c4f0fe96c735b713
https://getlantern.org/,dns,https://explorer.ooni.org/m/20260402104203.566016_KR_webconnectivity_13232b1ce9dca313
https://googleweblight.com/i?u=https%3A%2F%2Fexample.com%2F,dns,https://explorer.ooni.org/m/20260402104204.807658_KR_webconnectivity_23555a28395b0cef
https://mega.io/,dns,https://explorer.ooni.org/m/20260402104205.874749_KR_webconnectivity_245485efe697c535
https://privatevpn.com/,dns,https://explorer.ooni.org/m/20260402104207.954042_KR_webconnectivity_d61c80288263806d
https://securevpn.com/,dns,https://explorer.ooni.org/m/20260402104210.280147_KR_webconnectivity_fa750286b35b24c1
https://speedify.com/,dns,https://explorer.ooni.org/m/20260402104211.845398_KR_webconnectivity_4488edc3733d9f85
https://trustvpn.me/,dns,https://explorer.ooni.org/m/20260402104213.127201_KR_webconnectivity_ce485680ec07773e
https://ultravpn.com/,dns,https://explorer.ooni.org/m/20260402104214.349958_KR_webconnectivity_ccb8333d40064f08
https://www.betternet.co/,dns,https://explorer.ooni.org/m/20260402104215.484513_KR_webconnectivity_2b3e07e03a798309
https://www.clintonfoundation.org/,ok,https://explorer.ooni.org/m/20260402104218.057993_KR_webconnectivity_60ab781f4ff2b81b
http://www.dit-inc.us/,dns,https://explorer.ooni.org/m/20260402104219.517907_KR_webconnectivity_ed0ae830f0797fcf
http://www.feer.com/,ok,https://explorer.ooni.org/m/20260402104220.356104_KR_webconnectivity_0d292d873741c9a4
http://www.goodasyou.net/,dns,https://explorer.ooni.org/m/20260402104222.519451_KR_webconnectivity_527cf8c235c16394
https://www.grindr.com/,dns,https://explorer.ooni.org/m/20260402104223.981940_KR_webconnectivity_71ad166ae17cc93b
https://www.hidemyass.com/,dns,https://explorer.ooni.org/m/20260402104225.753619_KR_webconnectivity_67969b06b9d8ce30
https://www.icj.org/,dns,https://explorer.ooni.org/m/20260402104227.157306_KR_webconnectivity_6ecc8304be2fc465
https://www.ipvanish.com/,dns,https://explorer.ooni.org/m/20260402104228.659594_KR_webconnectivity_c5a23f31b49b049b
https://www.ivpn.net/,dns,https://explorer.ooni.org/m/20260402104230.812297_KR_webconnectivity_b5bcffc0f5491c40
https://www.jihadwatch.org/,ok,https://explorer.ooni.org/m/20260402104234.579114_KR_webconnectivity_478d104eb539239b
https://www.knapsackforhope.org/,ok,https://explorer.ooni.org/m/20260402104236.655858_KR_webconnectivity_713e93da0227c621
http://www.korea-htr.com/chuo/,confirmed,https://explorer.ooni.org/m/20260402104238.317077_KR_webconnectivity_b0cf4b337bd27c02
https://www.megaproxy.com/,dns,https://explorer.ooni.org/m/20260402104239.975444_KR_webconnectivity_ea90d4bf24b0d709
https://www.nifty.org/,dns,https://explorer.ooni.org/m/20260402104241.841160_KR_webconnectivity_3ff200139133a840
http://www.oneworld.net/,ok,https://explorer.ooni.org/m/20260402104243.113334_KR_webconnectivity_f8805188b2e81755
http://www.pangari.net/,ok,https://explorer.ooni.org/m/20260402104244.240071_KR_webconnectivity_39643001eacac6ed
http://www.peacefire.org/circumventor/simple-circumventor-instructions.html,dns,https://explorer.ooni.org/m/20260402104245.967466_KR_webconnectivity_aa5b80dc8b23c56c
https://www.pinkcupid.com/,dns,https://explorer.ooni.org/m/20260402104247.423527_KR_webconnectivity_179b88c49d4ae20f
https://www.privateinternetaccess.com/,dns,https://explorer.ooni.org/m/20260402104249.348544_KR_webconnectivity_f72c9e618b1a939d
https://www.queerty.com/,dns,https://explorer.ooni.org/m/20260402104250.452191_KR_webconnectivity_b98cc087808328b2
https://www.reprolegalhelpline.org/,dns,https://explorer.ooni.org/m/20260402104251.724766_KR_webconnectivity_9faff254b87b6d5c
https://www.scruff.com/,dns,https://explorer.ooni.org/m/20260402104252.877887_KR_webconnectivity_c9d462b8ade822df
https://www.shoe.org/,dns,https://explorer.ooni.org/m/20260402104253.713394_KR_webconnectivity_47fe5c16aa53b002
http://www.sisainlive.com/,ok,https://explorer.ooni.org/m/20260402104254.637675_KR_webconnectivity_822f80a3097cf633
https://www.torproject.org/,dns,https://explorer.ooni.org/m/20260402104255.987650_KR_webconnectivity_bdc2590bdaf8a881
https://www.unfe.org/,ok,https://explorer.ooni.org/m/20260402104258.265328_KR_webconnectivity_433aa872fc3245a5
https://www.unicef.org/,ok,https://explorer.ooni.org/m/20260402104306.332033_KR_webconnectivity_e1be2fe58e12229e
https://www.uproxy.org/,dns,https://explorer.ooni.org/m/20260402104307.682506_KR_webconnectivity_e7c74f9b549b616a
https://www.vpnunlimited.com/,dns,https://explorer.ooni.org/m/20260402104308.906372_KR_webconnectivity_db14d581ca1fe8bc
https://www.womenonweb.org/,dns,https://explorer.ooni.org/m/20260402104309.847677_KR_webconnectivity_1e6f031cda428b00
https://cc.bingj.com/cache.aspx?q=nothing,dns,https://explorer.ooni.org/m/20260402104310.616643_KR_webconnectivity_2d2b862b35775083
https://coronavirus.app/,dns,https://explorer.ooni.org/m/20260402104312.064560_KR_webconnectivity_3041268d5459bf9b
http://h50030.www5.hp.com/,ok,https://explorer.ooni.org/m/20260402104313.378243_KR_webconnectivity_4f0e8bd37aa05178
https://www.plannedparenthood.org/,dns,https://explorer.ooni.org/m/20260402104314.688363_KR_webconnectivity_13d699e17abdf8dd
https://api.protonvpn.ch/tests/ping,dns,https://explorer.ooni.org/m/20260402104316.148080_KR_webconnectivity_2d1b289841868709
https://geti2p.net/,dns,https://explorer.ooni.org/m/20260402104317.381241_KR_webconnectivity_316463e6c1c1716d
https://hola.org/,dns,https://explorer.ooni.org/m/20260402104319.299002_KR_webconnectivity_9aa63e3015cb48c7
https://i2pd.website/,dns,https://explorer.ooni.org/m/20260402104321.811586_KR_webconnectivity_6c8096729bcf2e69
https://justthepill.com/,dns,https://explorer.ooni.org/m/20260402104322.957586_KR_webconnectivity_29762c3034fe7e51
https://leap.se/,dns,https://explorer.ooni.org/m/20260402104324.559157_KR_webconnectivity_01309325c166ffc3
http://libgen.gs/,ok,https://explorer.ooni.org/m/20260402104326.381970_KR_webconnectivity_32bc58a941616a08
https://microsoftedge.microsoft.com/,dns,https://explorer.ooni.org/m/20260402104327.287416_KR_webconnectivity_61f37cdc3c77287c
http://nocensor.org/,ok,https://explorer.ooni.org/m/20260402104329.037669_KR_webconnectivity_0791d679023f2b82
http://nodongsarang.org/,ok,https://explorer.ooni.org/m/20260402104331.110929_KR_webconnectivity_20cd8313078ed36c
https://pflag.org/,dns,https://explorer.ooni.org/m/20260402104332.969805_KR_webconnectivity_4c8a15cc4d773206
https://psiphon.ca/,dns,https://explorer.ooni.org/m/20260402104334.145683_KR_webconnectivity_fa055d74add49996
https://riseup.net/,dns,https://explorer.ooni.org/m/20260402104335.950602_KR_webconnectivity_327eecda489fc1cf
https://sci-hub.se/,dns,https://explorer.ooni.org/m/20260402104336.692840_KR_webconnectivity_590511d87f1075b6
https://sputnikglobe.com/,dns,https://explorer.ooni.org/m/20260402104338.419676_KR_webconnectivity_e1c471e277a8ca89
https://tor.eff.org/,dns,https://explorer.ooni.org/m/20260402104340.540478_KR_webconnectivity_3c7ffa37cb401a82
https://triplebit.org/,dns,https://explorer.ooni.org/m/20260402104342.692591_KR_webconnectivity_be02df55dc4c6d9d
https://womenhelp.org/,dns,https://explorer.ooni.org/m/20260402104343.977387_KR_webconnectivity_76241ffddc5c9e2b
https://www.advocate.com/,dns,https://explorer.ooni.org/m/20260402104344.792622_KR_webconnectivity_00f0fe2cc50e4bc4
http://www.anonymizer.ru/,dns,https://explorer.ooni.org/m/20260402104345.885690_KR_webconnectivity_70b171681b6beef7
http://www.anonymsurfen.com/,dns,https://explorer.ooni.org/m/20260402104346.686245_KR_webconnectivity_88bb243b031e2959
https://www.cato.org/,ok,https://explorer.ooni.org/m/20260402104349.566783_KR_webconnectivity_f41a152a160d4d7e
http://www.depdc.org/,ok,https://explorer.ooni.org/m/20260402104350.324104_KR_webconnectivity_da5997f861140c12
http://www.dprk-stamp.com/,ok,https://explorer.ooni.org/m/20260402104351.477390_KR_webconnectivity_4e0b34d2a5e9a16e
https://www.economist.com/,ok,https://explorer.ooni.org/m/20260402104353.560219_KR_webconnectivity_e99977eae122a56e
http://www.forum-asia.org/,ok,https://explorer.ooni.org/m/20260402104355.817777_KR_webconnectivity_72db257a97e6accf
http://www.freedominfo.org/,ok,https://explorer.ooni.org/m/20260402104357.085312_KR_webconnectivity_c49b8a4ad458fb04
https://www.freespeechcoalition.com/,dns,https://explorer.ooni.org/m/20260402104358.253764_KR_webconnectivity_aa9226872369f239
http://www.fridae.com/,dns,https://explorer.ooni.org/m/20260402104400.207553_KR_webconnectivity_c76fbfd1f9f65528
http://www.gayegypt.com/,dns,https://explorer.ooni.org/m/20260402104402.051610_KR_webconnectivity_26a9e7948e4faf0b
http://www.http-tunnel.com/,dns,https://explorer.ooni.org/m/20260402104403.182100_KR_webconnectivity_7ff83e8c36491f51
http://www.ifex.org/,ok,https://explorer.ooni.org/m/20260402104405.652561_KR_webconnectivity_7e47d9b82546850c
http://www.ifge.org/,dns,https://explorer.ooni.org/m/20260402104407.375516_KR_webconnectivity_3c659711560a560d
https://www.ineedana.com/,dns,https://explorer.ooni.org/m/20260402104409.633789_KR_webconnectivity_05b8a853742efb54
http://www.kcna.kp/,dns,https://explorer.ooni.org/m/20260402104413.517591_KR_webconnectivity_a6f85cb754b57293
https://www.ohchr.org/,ok,https://explorer.ooni.org/m/20260402104418.265407_KR_webconnectivity_1a40215e75cddf52
https://www.plancpills.org/,dns,https://explorer.ooni.org/m/20260402104419.565808_KR_webconnectivity_ffe94f8373c59dc1
https://www.rfi.fr/,ok,https://explorer.ooni.org/m/20260402104421.890864_KR_webconnectivity_8a5f9cb800894c2b
https://www.rollingstone.com/,dns,https://explorer.ooni.org/m/20260402104423.321119_KR_webconnectivity_f17fe0f5ca619645
http://www.snumaum.org/,ok,https://explorer.ooni.org/m/20260402104425.995204_KR_webconnectivity_f116ee0beac59add
https://www.telegraph.co.uk/,ok,https://explorer.ooni.org/m/20260402104428.889712_KR_webconnectivity_54493dbd1dd2afee
http://www.towleroad.com/,dns,https://explorer.ooni.org/m/20260402104430.929024_KR_webconnectivity_2d986701a87314b6
http://www.upschool.net/xe/,ok,https://explorer.ooni.org/m/20260402104433.226389_KR_webconnectivity_36311989172f5816
http://baykoreans.net/,dns,https://explorer.ooni.org/m/20260402104434.385802_KR_webconnectivity_43dd3108fc754e2a
https://chika.aangat.lahat.computer/,dns,https://explorer.ooni.org/m/20260402104435.974992_KR_webconnectivity_ebd774a4ed337049
http://cyworld.nate.com/club/clubsection/clubSection4_main.asp,ok,https://explorer.ooni.org/m/20260402104437.342725_KR_webconnectivity_6b3501e97e6fe663
http://dongyoungsang.com/,confirmed,https://explorer.ooni.org/m/20260402104439.858030_KR_webconnectivity_d959f536ca6bcc86
https://9.9.9.9/dns-query?dns=q80BAAABAAAAAAAAA3d3dwdleGFtcGxlA2NvbQAAAQAB,tcp_ip,https://explorer.ooni.org/m/20260402104440.736230_KR_webconnectivity_64538a3651a7ff62
https://hornet.com/,dns,https://explorer.ooni.org/m/20260402104441.934154_KR_webconnectivity_bad64773ad7cc7c9
https://ooni.torproject.org/,dns,https://explorer.ooni.org/m/20260402104443.217440_KR_webconnectivity_9fed18899b3e0127
https://securevpn.im/,dns,https://explorer.ooni.org/m/20260402104445.930115_KR_webconnectivity_45fd6e416602fdde
http://www.asiapacificnews.com/,ok,https://explorer.ooni.org/m/20260402104448.210957_KR_webconnectivity_b0ed50c564f25c14
https://www.eurobicon.org/,dns,https://explorer.ooni.org/m/20260402104449.600077_KR_webconnectivity_7d84653028ba0990
https://www.guerrillagirls.com/,dns,https://explorer.ooni.org/m/20260402104450.898112_KR_webconnectivity_1ebdd7ed832b7545
http://www.pikicast.com/,tcp_ip,https://explorer.ooni.org/m/20260402104536.731720_KR_webconnectivity_2b9359af62f18407
https://www.securityinabox.org/,ok,https://explorer.ooni.org/m/20260402104540.215769_KR_webconnectivity_caf54998b816eb5c
http://ndfsk.dyndns.org/,ok,https://explorer.ooni.org/m/20260402104541.205099_KR_webconnectivity_d4c89ddcb0e57afa
http://www.asiangirlsnextdoor.com/,dns,https://explorer.ooni.org/m/20260402104542.308442_KR_webconnectivity_e41c4a8596f28fae
http://www.dateinasia.com/,dns,https://explorer.ooni.org/m/20260402104543.441124_KR_webconnectivity_1393e0cb0effd785
http://www.gayasianamateurs.com/,dns,https://explorer.ooni.org/m/20260402104544.527510_KR_webconnectivity_5fbd4f5057a65f16
https://bcc.chat/,ok,https://explorer.ooni.org/m/20260402104548.372122_KR_webconnectivity_198ef1150cbb3062
https://claude.ai/,ok,https://explorer.ooni.org/m/20260402104551.410269_KR_webconnectivity_ca8e5b2ca5c14863
https://dit.whatsapp.net/robots.txt,ok,https://explorer.ooni.org/m/20260402104553.297191_KR_webconnectivity_7af25c1d7a877048
https://microsoftedge.microsoft.com/addons/Microsoft-Edge-Extensions-Home,dns,https://explorer.ooni.org/m/20260402104554.167924_KR_webconnectivity_5ca04161078a4383
http://osaka.korea-htr.com/,ok,https://explorer.ooni.org/m/20260402104554.940677_KR_webconnectivity_23fa3af8e322bedd
https://rargb.to/,dns,https://explorer.ooni.org/m/20260402104556.008350_KR_webconnectivity_ca4c76257a49c1f8
http://software.naver.com/,ok,https://explorer.ooni.org/m/20260402104556.864058_KR_webconnectivity_86d0e85712982d1c
http://tongil-i.net/,ok,https://explorer.ooni.org/m/20260402104557.605999_KR_webconnectivity_46e6b3fd32667376
http://fteproxy.org/,dns,https://explorer.ooni.org/m/20260402104559.199800_KR_webconnectivity_984596c1e96552f1
https://janesdueprocess.org/,dns,https://explorer.ooni.org/m/20260402104600.660178_KR_webconnectivity_920addd053f341aa
http://www.asiantribune.com/,dns,https://explorer.ooni.org/m/20260402104602.202072_KR_webconnectivity_24dbe0a88f51c55b
http://www.utopia-asia.com/,dns,https://explorer.ooni.org/m/20260402104604.461143_KR_webconnectivity_33cbff8a76062d8d
http://www.womenforpeaceandjustice.org/,ok,https://explorer.ooni.org/m/20260402104615.333568_KR_webconnectivity_61a38014b5e96e7b
http://bizLGU.com/,error,https://explorer.ooni.org/m/20260402104617.522510_KR_webconnectivity_63cd67c85dec068e
https://cinemata.org/,ok,https://explorer.ooni.org/m/20260402104624.033351_KR_webconnectivity_768d8628aed67689
http://hksh.koreanhistory.or.kr/,ok,https://explorer.ooni.org/m/20260402104625.039270_KR_webconnectivity_b2ae45c8edc645ee
http://kcnawatch.co/,confirmed,https://explorer.ooni.org/m/20260402104626.385965_KR_webconnectivity_52d925c27d7232af
https://kickasstorrents.to/,dns,https://explorer.ooni.org/m/20260402104627.489335_KR_webconnectivity_e17b87ff86d53086
https://ko.wikipedia.org/,ok,https://explorer.ooni.org/m/20260402104646.984722_KR_webconnectivity_cd0cd99b9983fb4f
https://nsw2u.com/,dns,https://explorer.ooni.org/m/20260402104648.882451_KR_webconnectivity_5e9938a2a17523e6
https://rapidgator.net/,dns,https://explorer.ooni.org/m/20260402104650.052157_KR_webconnectivity_135b74967f94d81d
https://subscene.com/,dns,https://explorer.ooni.org/m/20260402104651.349002_KR_webconnectivity_236a9382ab7ab137
http://www.0ubada.net/,ok,https://explorer.ooni.org/m/20260402104652.502905_KR_webconnectivity_63a2f751989a4a07
http://www.cinewel.com/,dns,https://explorer.ooni.org/m/20260402104654.189747_KR_webconnectivity_70fed921c74dd597
https://www.douban.com/,ok,https://explorer.ooni.org/m/20260402104711.663153_KR_webconnectivity_945f6d91b1f137cd
http://www.dprkstudies.org/documents/nkpics/picgal.html,dns,https://explorer.ooni.org/m/20260402104713.520994_KR_webconnectivity_aec8ddbb4f9cacb0
http://www.ez0u.co.kr/,ok,https://explorer.ooni.org/m/20260402104714.887564_KR_webconnectivity_dba835272dfa4fde
https://www.fanfiction.net/,ok,https://explorer.ooni.org/m/20260402104719.783877_KR_webconnectivity_a3c9b165bc19f23e
http://www.imdb.com/,dns,https://explorer.ooni.org/m/20260402104721.906518_KR_webconnectivity_321b8374638345fa
http://www.pic-international.com/,ok,https://explorer.ooni.org/m/20260402104723.812641_KR_webconnectivity_afc856d2cdecf396
https://yts.mx/,dns,https://explorer.ooni.org/m/20260402104725.050915_KR_webconnectivity_50279e7f14a258bc
https://hustler.com/,dns,https://explorer.ooni.org/m/20260402104726.343736_KR_webconnectivity_3dc4c5fe9abc6318
https://kat.am/,dns,https://explorer.ooni.org/m/20260402104728.522852_KR_webconnectivity_b606e6b539414447
https://katcr.to/,dns,https://explorer.ooni.org/m/20260402104730.788215_KR_webconnectivity_877f774fe83afd54
https://limetorrents.pro/,dns,https://explorer.ooni.org/m/20260402104732.366652_KR_webconnectivity_033dc3660cf6d091
http://streetmeatasia.com/,dns,https://explorer.ooni.org/m/20260402104737.227750_KR_webconnectivity_9a3ae24edd6f173a
http://www.88square.com/,dns,https://explorer.ooni.org/m/20260402104753.619294_KR_webconnectivity_168f4e8c99957517
http://www.abcunderwear.com/,dns,https://explorer.ooni.org/m/20260402104756.332974_KR_webconnectivity_4563c89607a3a16a
http://www.asianthumbs.org/,dns,https://explorer.ooni.org/m/20260402104758.888237_KR_webconnectivity_a6f88bde8393d2cd
http://www.bangkokstreetwhores.com/,dns,https://explorer.ooni.org/m/20260402104801.161445_KR_webconnectivity_72059fcaf2369096
http://www.bitcomet.com/,dns,https://explorer.ooni.org/m/20260402104802.810858_KR_webconnectivity_cb0d0c211c1cda55
http://www.chaju.org/,ok,https://explorer.ooni.org/m/20260402104805.744783_KR_webconnectivity_0bbefd727c7d3d9e
https://www.datpiff.com/,dns,https://explorer.ooni.org/m/20260402104806.890032_KR_webconnectivity_358e12d7c344ea79
http://www.dprkstudies.org/,dns,https://explorer.ooni.org/m/20260402104809.259480_KR_webconnectivity_0d8355631f16f352
http://www.exploitedteensasia.com/,dns,https://explorer.ooni.org/m/20260402104813.032253_KR_webconnectivity_beb56de1bd098d06
http://www.filenara.co.kr/,dns,https://explorer.ooni.org/m/20260402104814.212275_KR_webconnectivity_624ccc3b0a02b4c0
http://www.korea-dpr.com/cgi-bin/simpleforum.cgi,confirmed,https://explorer.ooni.org/m/20260402104815.905915_KR_webconnectivity_25a36e709e95180c
http://www.korea-dpr.com/library/entrance.htm,confirmed,https://explorer.ooni.org/m/20260402104818.467759_KR_webconnectivity_b52f60354d9f9549
https://www.literotica.com/,dns,https://explorer.ooni.org/m/20260402104820.971275_KR_webconnectivity_3a186eac56867916
https://www.lushstories.com/,dns,https://explorer.ooni.org/m/20260402104822.663531_KR_webconnectivity_c7201d176b9339bc
http://www.navy.mil/,ok,https://explorer.ooni.org/m/20260402104826.992302_KR_webconnectivity_f35bd19f5f2d6ef0
https://www.nsa.gov/,ok,https://explorer.ooni.org/m/20260402104829.531718_KR_webconnectivity_4d5d70de9240703c
https://www.okcupid.com/,dns,https://explorer.ooni.org/m/20260402104830.655325_KR_webconnectivity_d1a0c412a6614077
http://www.onfile.co.kr/,ok,https://explorer.ooni.org/m/20260402104832.095374_KR_webconnectivity_ce1eee3476f91f78
https://www.researchgate.net/,ok,https://explorer.ooni.org/m/20260402104833.838930_KR_webconnectivity_9c1cc118406796ed
http://www.ricefever.com/,dns,https://explorer.ooni.org/m/20260402104835.101780_KR_webconnectivity_b33270f38c43de3d
http://www.songunpoliticsstudygroup.org/,dns,https://explorer.ooni.org/m/20260402104836.940163_KR_webconnectivity_4e519d8e90e186bc
http://yesfile.com/,dns,https://explorer.ooni.org/m/20260402104838.788509_KR_webconnectivity_fc5c8a8f9b41bf0d
https://libgen.xyz/,dns,https://explorer.ooni.org/m/20260402104839.740401_KR_webconnectivity_8ba9759f5b1b64dc
https://thepiratebay.org/,dns,https://explorer.ooni.org/m/20260402104841.445741_KR_webconnectivity_972129cf2b170fbf
https://web.archive.org/,dns,https://explorer.ooni.org/m/20260402104843.299936_KR_webconnectivity_560f0b99dcaf8263
http://www.centcom.mil/,ok,https://explorer.ooni.org/m/20260402104845.721286_KR_webconnectivity_7f0fb8adaa6f1bde
http://www.dklotto.com/,dns,https://explorer.ooni.org/m/20260402104849.638692_KR_webconnectivity_362fc213de2c6883
http://www.elufa.net/,confirmed,https://explorer.ooni.org/m/20260402104852.420226_KR_webconnectivity_2c769f73e9b2bea3
http://www.enppy.com/,dns,https://explorer.ooni.org/m/20260402104855.687849_KR_webconnectivity_7878df309f151621
https://www.givesendgo.com/,ok,https://explorer.ooni.org/m/20260402104858.776689_KR_webconnectivity_668623e0cef76403
http://www.iias.nl/,tcp_ip,https://explorer.ooni.org/m/20260402104900.962899_KR_webconnectivity_02ab94505b9ee4db
http://www.krbook.net/,ok,https://explorer.ooni.org/m/20260402104903.402550_KR_webconnectivity_35540063ac34a682
https://www.libgen.tw/,ok,https://explorer.ooni.org/m/20260402104907.100681_KR_webconnectivity_1d899dc1a0af29be
https://www.limetorrents.lol/,http-failure,https://explorer.ooni.org/m/20260402104910.937600_KR_webconnectivity_8b8c49226b823a8a
http://www.nkland.org/,ok,https://explorer.ooni.org/m/20260402104913.558833_KR_webconnectivity_621b5ace1ba98e75
http://www.pruna.com/,dns,https://explorer.ooni.org/m/20260402104916.566453_KR_webconnectivity_1c9881db2432f18e
http://www.quantico.marines.mil/,ok,https://explorer.ooni.org/m/20260402104919.387576_KR_webconnectivity_058747ce245eefa5
http://www.sealswcc.com/,ok,https://explorer.ooni.org/m/20260402104925.544816_KR_webconnectivity_b3e51b87bae0ecca
http://www.silibank.com/,ok,https://explorer.ooni.org/m/20260402104929.306999_KR_webconnectivity_74702c4d7417fb02
http://www.southcom.mil/,ok,https://explorer.ooni.org/m/20260402104932.749007_KR_webconnectivity_1845f7f4a8f79015
http://www.usafa.af.mil/,ok,https://explorer.ooni.org/m/20260402104935.762521_KR_webconnectivity_3551a51e834b0a17
http://www.worldcorea.net/,confirmed,https://explorer.ooni.org/m/20260402104938.436458_KR_webconnectivity_730bbcaa692b4d38
https://x1337x.eu/,ok,https://explorer.ooni.org/m/20260402104943.056120_KR_webconnectivity_3828de7614ee49cc
http://www.thaichix.com/,dns,https://explorer.ooni.org/m/20260402104946.427209_KR_webconnectivity_f6ecc1266777ff72
https://www.bitfinex.com/,dns,https://explorer.ooni.org/m/20260402104947.656719_KR_webconnectivity_8740632104c7b36a
https://www.kraken.com/,dns,https://explorer.ooni.org/m/20260402104949.113586_KR_webconnectivity_96c60e6705c208ab
http://www.nexon.com/,dns,https://explorer.ooni.org/m/20260402104950.725395_KR_webconnectivity_f9a36f991edc3f6d
http://www.unescap.org/,ok,https://explorer.ooni.org/m/20260402104953.155999_KR_webconnectivity_86c1f8fba8675eaf
http://www.globalgayz.com/,ok,https://explorer.ooni.org/m/20260402105004.839568_KR_webconnectivity_13dc2b2aa214c6a4
http://www.thaicuties.com/,dns,https://explorer.ooni.org/m/20260402105007.286432_KR_webconnectivity_897626063f94fe2f
http://www.secularislam.org/,ok,https://explorer.ooni.org/m/20260402105012.989198_KR_webconnectivity_95e4978610aa97e2
https://en.wiktionary.org/,ok,https://explorer.ooni.org/m/20260402105030.555837_KR_webconnectivity_83038ba476acb40c
ok,dns,tcp_ip,http-diff,http-failure,confirmed,error,no_data,http(legacy)
1532,559,36,2,25,24,43,0,0
2221/2221 (expected)
