https://twitter.com/,ok,https://explorer.ooni.org/m/20260306054001.917462_KR_webconnectivity_862d2292655a2c32
https://www.facebook.com/,ok,https://explorer.ooni.org/m/20260306054015.805283_KR_webconnectivity_11c05120a58995f6
https://www.instagram.com/,ok,https://explorer.ooni.org/m/20260306054028.019928_KR_webconnectivity_cf03bfc94401da19
https://www.youtube.com/,ok,https://explorer.ooni.org/m/20260306054047.652624_KR_webconnectivity_9683db6da0c6ff65
https://safeabortionpills.org/,http-failure,https://explorer.ooni.org/m/20260306054050.445268_KR_webconnectivity_be305f5b478efe17
https://www.tiktok.com/,ok,https://explorer.ooni.org/m/20260306054054.923392_KR_webconnectivity_bcd471d45a52586e
https://x.com/,ok,https://explorer.ooni.org/m/20260306054108.094261_KR_webconnectivity_c69261c7b6b979f1
https://discord.com/,ok,https://explorer.ooni.org/m/20260306054119.608949_KR_webconnectivity_29e0dc4e74cac35e
https://www.reddit.com/,dns,https://explorer.ooni.org/m/20260306054120.586485_KR_webconnectivity_0e2947174351ab6b
https://yts.lt/,dns,https://explorer.ooni.org/m/20260306054122.820396_KR_webconnectivity_9e70d07bb1f1e508
https://badoo.com/,dns,https://explorer.ooni.org/m/20260306054124.463300_KR_webconnectivity_bd5eaa310d31c5dc
https://yts.mx/,dns,https://explorer.ooni.org/m/20260306054123.562650_KR_webconnectivity_a60728ca7bb81fba
http://blogmarks.net/,dns,https://explorer.ooni.org/m/20260306054125.590696_KR_webconnectivity_946437e6f700c202
https://cdn.fbsbx.com/favicon.ico,dns,https://explorer.ooni.org/m/20260306054126.555051_KR_webconnectivity_c5395c7cc8e0fc17
https://myspace.com/,error,https://explorer.ooni.org/m/20260306054127.424886_KR_webconnectivity_184e03319d6954c8
https://scontent-frt3-2.cdninstagram.com/favicon.ico,ok,https://explorer.ooni.org/m/20260306054128.410030_KR_webconnectivity_cc0d750f05d03062
https://tinder.com/,dns,https://explorer.ooni.org/m/20260306054129.492348_KR_webconnectivity_9cb3e91a7a1a7e5a
https://upload.twitter.com/robots.txt,ok,https://explorer.ooni.org/m/20260306054130.788198_KR_webconnectivity_d838219ecef201b1
https://www.4chan.org/,dns,https://explorer.ooni.org/m/20260306054132.089909_KR_webconnectivity_374a1cc22a45b6fa
https://signal.org/,ok,https://explorer.ooni.org/m/20260306054134.770987_KR_webconnectivity_e97daf99fe0170d4
https://telegram.org/,dns,https://explorer.ooni.org/m/20260306054135.631052_KR_webconnectivity_06edaac13c79fe67
https://vimeo.com/,dns,https://explorer.ooni.org/m/20260306054136.875177_KR_webconnectivity_f7a41fdf9f558ae2
https://www.snapchat.com/,ok,https://explorer.ooni.org/m/20260306054143.598453_KR_webconnectivity_cee9212fae3f15d5
https://www.viber.com/,ok,https://explorer.ooni.org/m/20260306054148.911466_KR_webconnectivity_23e369af4ed4074b
https://www.wechat.com/,ok,https://explorer.ooni.org/m/20260306054151.785262_KR_webconnectivity_6afe96529d32fd6a
https://www.whatsapp.com/,ok,https://explorer.ooni.org/m/20260306054208.197338_KR_webconnectivity_bdd0559692e86695
https://beeg.com/,dns,https://explorer.ooni.org/m/20260306054209.287442_KR_webconnectivity_9a41c7e6cb757261
http://hotgaylist.com/,dns,https://explorer.ooni.org/m/20260306054210.071816_KR_webconnectivity_fbcd605fdb740e57
https://hustler.com/,dns,https://explorer.ooni.org/m/20260306054210.936098_KR_webconnectivity_6c0c19c329c70b5d
http://ndfsk.dyndns.org/,ok,https://explorer.ooni.org/m/20260306054211.694422_KR_webconnectivity_ddabdb83377a06f2
http://ndfsk.dyndns.org/kuguk8/Title1.htm,ok,https://explorer.ooni.org/m/20260306054212.449140_KR_webconnectivity_a59b19371d695cd7
https://onlyfans.com/,dns,https://explorer.ooni.org/m/20260306054213.467908_KR_webconnectivity_6ced58405e364227
https://trashy.com/,dns,https://explorer.ooni.org/m/20260306054214.511068_KR_webconnectivity_8931750f4421d8cd
https://uk.match.com/,dns,https://explorer.ooni.org/m/20260306054215.332872_KR_webconnectivity_ad6c9c13e4d95546
https://www.agentprovocateur.com/,dns,https://explorer.ooni.org/m/20260306054216.375346_KR_webconnectivity_b871525e8f113713
https://www.ashleymadison.com/,dns,https://explorer.ooni.org/m/20260306054217.453014_KR_webconnectivity_3ea74fb3d7ba628f
https://www.cannaweed.com/,dns,https://explorer.ooni.org/m/20260306054218.702160_KR_webconnectivity_62aa18a8e126cf96
https://www.casino.com/,dns,https://explorer.ooni.org/m/20260306054219.597237_KR_webconnectivity_63b53368440c5465
http://www.chantelle.com/,dns,https://explorer.ooni.org/m/20260306054221.160065_KR_webconnectivity_a1086d059b0b6421
https://www.eharmony.com/,dns,https://explorer.ooni.org/m/20260306054222.301509_KR_webconnectivity_7450b2ce656baa63
https://www.gambling.com/,dns,https://explorer.ooni.org/m/20260306054223.390831_KR_webconnectivity_577762c25179ed94
https://www.match.com/,dns,https://explorer.ooni.org/m/20260306054224.235068_KR_webconnectivity_c099b2c96e155b2b
http://www.monacogoldcasino.com/,dns,https://explorer.ooni.org/m/20260306054225.315878_KR_webconnectivity_6f5b9096f566e990
http://www.pof.com/,dns,https://explorer.ooni.org/m/20260306054226.375245_KR_webconnectivity_962ec20b8309a9e9
http://www.poker.com/,dns,https://explorer.ooni.org/m/20260306054227.254382_KR_webconnectivity_d6ea2bcb37871df1
http://www.pokerstars.com/,dns,https://explorer.ooni.org/m/20260306054228.321941_KR_webconnectivity_30f43b973aa8af28
http://www.sex.com/,dns,https://explorer.ooni.org/m/20260306054229.842980_KR_webconnectivity_c48f79b344186138
https://www.shroomery.org/,dns,https://explorer.ooni.org/m/20260306054231.036507_KR_webconnectivity_12d4785d00f856e5
http://www.slotland.com/,dns,https://explorer.ooni.org/m/20260306054232.540649_KR_webconnectivity_f478e5598d4e2005
https://www.youporn.com/,dns,https://explorer.ooni.org/m/20260306054233.590901_KR_webconnectivity_98679893b135790f
https://xhamster.com/,dns,https://explorer.ooni.org/m/20260306054235.293033_KR_webconnectivity_72299430647986ce
https://amnezia.org/,dns,https://explorer.ooni.org/m/20260306054237.653392_KR_webconnectivity_453cc0434c5f303a
https://anon.inf.tu-dresden.de/,dns,https://explorer.ooni.org/m/20260306054238.764246_KR_webconnectivity_cd198075b241e6ba
https://banthis.tv/,dns,https://explorer.ooni.org/m/20260306054240.185071_KR_webconnectivity_2773f59ef909248d
https://boingboing.net/,dns,https://explorer.ooni.org/m/20260306054241.686547_KR_webconnectivity_3e66ddc339791858
https://bricspress.live/,ok,https://explorer.ooni.org/m/20260306054242.542153_KR_webconnectivity_41d429085e20b26c
https://bridges.torproject.org/,dns,https://explorer.ooni.org/m/20260306054243.748995_KR_webconnectivity_f8fc63e1a85eb547
http://comingout.narun.net/,ok,https://explorer.ooni.org/m/20260306054245.184374_KR_webconnectivity_71447b0ab6dfa2c1
https://creativecommons.org/,dns,https://explorer.ooni.org/m/20260306054246.336519_KR_webconnectivity_6d3c247f6e3935af
https://docs.mvt.re/,dns,https://explorer.ooni.org/m/20260306054247.322124_KR_webconnectivity_8e4edb80e796cec4
https://freesocks.org/,dns,https://explorer.ooni.org/m/20260306054248.372745_KR_webconnectivity_bc499677a3060def
https://freespeech.org/,dns,https://explorer.ooni.org/m/20260306054250.323691_KR_webconnectivity_bbd619924174cd57
https://genderdysphoria.fyi/,dns,https://explorer.ooni.org/m/20260306054251.264316_KR_webconnectivity_83d2d82ee7049a8b
https://geti2p.net/,dns,https://explorer.ooni.org/m/20260306054252.481767_KR_webconnectivity_fd10bc336d8f0633
https://googleweblight.com/i?u=https%3A%2F%2Fexample.com%2F,dns,https://explorer.ooni.org/m/20260306054253.846445_KR_webconnectivity_f384bb6044155374
http://lgbt.kdlp.org/,ok,https://explorer.ooni.org/m/20260306054255.515492_KR_webconnectivity_e771670858abf0be
https://justthepill.com/,dns,https://explorer.ooni.org/m/20260306054254.686167_KR_webconnectivity_ed741f4185ca77f4
https://liveuamap.com/,ok,https://explorer.ooni.org/m/20260306054307.139900_KR_webconnectivity_8794c43ad8b01572
https://ooni.torproject.org/,dns,https://explorer.ooni.org/m/20260306054309.006993_KR_webconnectivity_1e160a6f5d40837f
https://spys.one/,dns,https://explorer.ooni.org/m/20260306054310.138585_KR_webconnectivity_eebdd33c8a466e59
https://trustvpn.me/,dns,https://explorer.ooni.org/m/20260306054311.705321_KR_webconnectivity_b2f39d293262a7ae
https://www.advocate.com/,dns,https://explorer.ooni.org/m/20260306054312.812726_KR_webconnectivity_bd06a8d8bfe48eb4
http://www.anonymizer.ru/,dns,https://explorer.ooni.org/m/20260306054314.024307_KR_webconnectivity_3c7bd637777e18ad
https://www.betternet.co/,dns,https://explorer.ooni.org/m/20260306054315.055853_KR_webconnectivity_384ed877222aed6e
https://www.cyberghostvpn.com/,dns,https://explorer.ooni.org/m/20260306054316.261155_KR_webconnectivity_3052373ce6d6a400
http://www.e-ju.net/,ok,https://explorer.ooni.org/m/20260306054317.130396_KR_webconnectivity_ce2106dc8adb0814
https://www.feministfrequency.com/,dns,https://explorer.ooni.org/m/20260306054318.006726_KR_webconnectivity_e2d1a513b714bed0
https://www.freespeechcoalition.com/,dns,https://explorer.ooni.org/m/20260306054319.120353_KR_webconnectivity_72cb16afd2bea986
http://www.gayrice.com/,dns,https://explorer.ooni.org/m/20260306054320.109858_KR_webconnectivity_3d136a6ebe011dde
http://www.gayrice.com/gayplaces/country.php?cid=126,dns,https://explorer.ooni.org/m/20260306054320.944438_KR_webconnectivity_0fc02dfbd0cf1601
https://www.grindr.com/,dns,https://explorer.ooni.org/m/20260306054321.885715_KR_webconnectivity_9c6264e8e31516c1
https://www.guerrillagirls.com/,dns,https://explorer.ooni.org/m/20260306054323.639107_KR_webconnectivity_c6e139f00f665258
https://www.hotspotshield.com/,dns,https://explorer.ooni.org/m/20260306054324.622562_KR_webconnectivity_efea6aebbe3265f2
https://www.icj.org/,dns,https://explorer.ooni.org/m/20260306054325.631842_KR_webconnectivity_32f0224d52f1f977
https://www.ipvanish.com/,dns,https://explorer.ooni.org/m/20260306054326.546126_KR_webconnectivity_753739645e93363e
https://www.out.com/,dns,https://explorer.ooni.org/m/20260306054327.397071_KR_webconnectivity_0d5797b585464afc
http://www.pangari.net/,ok,https://explorer.ooni.org/m/20260306054328.441581_KR_webconnectivity_6e6954a7134eec91
https://www.plancpills.org/,dns,https://explorer.ooni.org/m/20260306054329.352097_KR_webconnectivity_750cec86b5091993
http://www.qhtyzx.com/,ok,https://explorer.ooni.org/m/20260306054330.224373_KR_webconnectivity_2df180db0ce8d761
https://www.vpnunlimited.com/,dns,https://explorer.ooni.org/m/20260306054331.402666_KR_webconnectivity_9921c9c400cd3509
https://www.womenonwaves.org/,dns,https://explorer.ooni.org/m/20260306054332.660612_KR_webconnectivity_08e0261cf667e8e0
https://www.womenonweb.org/,dns,https://explorer.ooni.org/m/20260306054333.839048_KR_webconnectivity_bff9c5b1c6831dcf
https://coinmarketcap.com/,dns,https://explorer.ooni.org/m/20260306054335.695745_KR_webconnectivity_72bbfb2daed28665
https://giganews.com/,dns,https://explorer.ooni.org/m/20260306054336.861769_KR_webconnectivity_bd0c0f6bccab3e1c
https://store.epicgames.com/,dns,https://explorer.ooni.org/m/20260306054338.437496_KR_webconnectivity_1c3fc3402bb9f2b0
https://www.coinbase.com/,dns,https://explorer.ooni.org/m/20260306054339.743256_KR_webconnectivity_3697a038c8784a3e
https://www.ea.com/,dns,https://explorer.ooni.org/m/20260306054340.829254_KR_webconnectivity_938b04b0305d329e
https://www.gamespot.com/,dns,https://explorer.ooni.org/m/20260306054341.911810_KR_webconnectivity_64778b095a9f8f00
http://www.hackforums.net/,dns,https://explorer.ooni.org/m/20260306054342.812410_KR_webconnectivity_c57d884f6fdffbdf
http://www.pcgamer.com/,dns,https://explorer.ooni.org/m/20260306054344.699371_KR_webconnectivity_17729c2f5971e9b2
https://www.origin.com/,dns,https://explorer.ooni.org/m/20260306054343.638509_KR_webconnectivity_0fa6c1af40ce58c7
https://www.xbox.com/,dns,https://explorer.ooni.org/m/20260306054345.991876_KR_webconnectivity_5c7a8e7a3200c4ae
https://coronavirus.app/,dns,https://explorer.ooni.org/m/20260306054347.227115_KR_webconnectivity_0ab3f143216056b1
http://onairkorean.tv/,dns,https://explorer.ooni.org/m/20260306054348.720254_KR_webconnectivity_73562ca6fc0a7037
https://st1.zoom.us/zoom.ico,ok,https://explorer.ooni.org/m/20260306054350.758242_KR_webconnectivity_f7b5c6356635423f
https://t.me/,dns,https://explorer.ooni.org/m/20260306054351.920991_KR_webconnectivity_0cc6448c1f705a01
https://www.bittorrent.com/,dns,https://explorer.ooni.org/m/20260306054353.020741_KR_webconnectivity_1bf0a11a4fd13b70
https://www.gmx.com/,dns,https://explorer.ooni.org/m/20260306054354.824602_KR_webconnectivity_304b92efb49d3bbf
http://www.lsinc.co.kr/,ok,https://explorer.ooni.org/m/20260306054356.296787_KR_webconnectivity_0e77e61f2daf7cae
http://www.moohan.net/,dns,https://explorer.ooni.org/m/20260306054404.456343_KR_webconnectivity_01c299b3ecdaf74f
http://www.ppca.co.kr/,ok,https://explorer.ooni.org/m/20260306054405.292861_KR_webconnectivity_f7fdbeef1711b5c7
https://9gag.com/,dns,https://explorer.ooni.org/m/20260306054406.232813_KR_webconnectivity_4b3f504c3a29db33
https://adium.im/,ok,https://explorer.ooni.org/m/20260306054410.038893_KR_webconnectivity_c2e9aa9ee09d8ad3
https://bsky.app/,ok,https://explorer.ooni.org/m/20260306054413.795811_KR_webconnectivity_2fa46d4a048ec7a8
https://clubhouse.pubnub.com/,ok,https://explorer.ooni.org/m/20260306054417.239265_KR_webconnectivity_79293751037c0864
https://ebuddy.com/,ok,https://explorer.ooni.org/m/20260306054421.553671_KR_webconnectivity_12abffcc2fc7696e
https://edge-chat.instagram.com/robots.txt,ok,https://explorer.ooni.org/m/20260306054424.065424_KR_webconnectivity_4f11bc71814ccfd5
https://edge-mqtt.facebook.com/favicon.ico,ok,https://explorer.ooni.org/m/20260306054425.994181_KR_webconnectivity_f5a6b9f22252dba5
https://elpha.com/,error,https://explorer.ooni.org/m/20260306054428.398532_KR_webconnectivity_ef14afdce6520591
https://external.xx.fbcdn.net/robots.txt,ok,https://explorer.ooni.org/m/20260306054430.877322_KR_webconnectivity_a1cc30b591a5d27f
https://fbcdn.net/robots.txt,ok,https://explorer.ooni.org/m/20260306054433.219115_KR_webconnectivity_4815d3219eea7df1
https://foursquare.com/,ok,https://explorer.ooni.org/m/20260306054444.976081_KR_webconnectivity_a572986bcbc37316
http://friend.com.kp/,dns,https://explorer.ooni.org/m/20260306054449.592468_KR_webconnectivity_bb7b350c9f57d50c
https://gab.com/,ok,https://explorer.ooni.org/m/20260306054454.503080_KR_webconnectivity_d6d513788cd77ee9
https://gettr.com/,ok,https://explorer.ooni.org/m/20260306054458.717803_KR_webconnectivity_f918f38a697e1b77
https://groups.google.com/,ok,https://explorer.ooni.org/m/20260306054513.324781_KR_webconnectivity_364fe73d7d09abea
https://i.instagram.com/robots.txt,ok,https://explorer.ooni.org/m/20260306054515.404089_KR_webconnectivity_a5c7e3458a7ef2f6
https://i.pinimg.com/236x/78/6e/00/786e00eab219eca59803d118fbe0feb3.jpg,ok,https://explorer.ooni.org/m/20260306054518.446102_KR_webconnectivity_6b5cbaa9810c7fbe
https://instagram.fsaw1-13.fna.fbcdn.net/favicon.ico,ok,https://explorer.ooni.org/m/20260306054522.327912_KR_webconnectivity_0dd96f309924698e
https://joinmastodon.org/,ok,https://explorer.ooni.org/m/20260306054531.043976_KR_webconnectivity_9d5a6de56a0c1747
https://locals.com/,ok,https://explorer.ooni.org/m/20260306054541.520819_KR_webconnectivity_6c42752074b08b34
https://lookaside.facebook.com/robots.txt,ok,https://explorer.ooni.org/m/20260306054546.678320_KR_webconnectivity_39e079ce07316f55
https://mastodon.cloud/,ok,https://explorer.ooni.org/m/20260306054552.568761_KR_webconnectivity_14fcc18a1b2f6426
https://mastodon.sdf.org/,ok,https://explorer.ooni.org/m/20260306054557.856135_KR_webconnectivity_dd5b389d6bfe5f38
https://mastodon.social/,ok,https://explorer.ooni.org/m/20260306054603.568742_KR_webconnectivity_263398e537f378c4
https://mastodon.xyz/,ok,https://explorer.ooni.org/m/20260306054612.408220_KR_webconnectivity_bff587540a9a14b6
https://mstdn.io/,ok,https://explorer.ooni.org/m/20260306054618.549623_KR_webconnectivity_6bcf317ab375c634
https://mstdn.jp/,ok,https://explorer.ooni.org/m/20260306054625.659967_KR_webconnectivity_0a39517fb1aa9f95
https://ntc.party/,dns,https://explorer.ooni.org/m/20260306054627.605308_KR_webconnectivity_a8a09f57665f370c
https://pixelfed.social/,ok,https://explorer.ooni.org/m/20260306054630.905651_KR_webconnectivity_6a38b60d4af5d561
https://plus.im/,ok,https://explorer.ooni.org/m/20260306054634.791511_KR_webconnectivity_a68f5755e85d03b8
https://preview.redd.it/robots.txt,ok,https://explorer.ooni.org/m/20260306054637.049229_KR_webconnectivity_a460820e2527d08f
https://qph.fs.quoracdn.net/main-thumb-1117688072-200-uijiqfjcmlvaxczdrlawbgyaomfocdnt.jpeg,ok,https://explorer.ooni.org/m/20260306054638.723255_KR_webconnectivity_d6fc64f13d4448f2
https://qsbr.fs.quoracdn.net/-4-web.entry.js.out-34-8f7d03da0b7a24ae.webpack,ok,https://explorer.ooni.org/m/20260306054644.820964_KR_webconnectivity_f7139c0f4d129890
https://s.pinimg.com/robots.txt,ok,https://explorer.ooni.org/m/20260306054648.105850_KR_webconnectivity_23c10d14089ba296
https://scontent-ams4-1.cdninstagram.com/favicon.ico,ok,https://explorer.ooni.org/m/20260306054650.992296_KR_webconnectivity_23a444f217f13a5b
https://scontent-vie1-1.cdninstagram.com/favicon.ico,ok,https://explorer.ooni.org/m/20260306054655.085827_KR_webconnectivity_7381df163acb729c
https://scontent.cdninstagram.com/robots.txt,ok,https://explorer.ooni.org/m/20260306054658.074593_KR_webconnectivity_251c77658ee7ae2b
https://scontent.xx.fbcdn.net/robots.txt,ok,https://explorer.ooni.org/m/20260306054700.476479_KR_webconnectivity_886f7011a15250d6
https://secondlife.com/,dns,https://explorer.ooni.org/m/20260306054702.130517_KR_webconnectivity_2c0d5e924df6d629
https://static.cdninstagram.com/robots.txt,ok,https://explorer.ooni.org/m/20260306054705.037877_KR_webconnectivity_583178d81d30b497
https://static.xx.fbcdn.net/favicon.ico,ok,https://explorer.ooni.org/m/20260306054718.093085_KR_webconnectivity_2e40be89110c8317
https://staticxx.facebook.com/robots.txt,ok,https://explorer.ooni.org/m/20260306054720.178512_KR_webconnectivity_54c8cc970c691c2f
https://styles.redditmedia.com/robots.txt,ok,https://explorer.ooni.org/m/20260306054722.495745_KR_webconnectivity_858d444a5b274244
https://triller.co/,error,https://explorer.ooni.org/m/20260306054724.312517_KR_webconnectivity_03abd3da1b6a85eb
https://untappd.com/,ok,https://explorer.ooni.org/m/20260306054733.869187_KR_webconnectivity_4fbbdafc858eb571
https://valence.community/,ok,https://explorer.ooni.org/m/20260306054736.557318_KR_webconnectivity_dfe81ad3886ac8b4
https://video.cdninstagram.com/favicon.ico,ok,https://explorer.ooni.org/m/20260306054738.608374_KR_webconnectivity_02ee1cf7741cc2ad
https://video.twimg.com/tweet_video/EC6DSXDXsAEhHAa.mp4,ok,https://explorer.ooni.org/m/20260306054745.028498_KR_webconnectivity_35c9e7aa8c3cb0cd
https://vk.com/,ok,https://explorer.ooni.org/m/20260306054800.811817_KR_webconnectivity_85b08a5f338cf031
https://web.facebook.com/robots.txt,ok,https://explorer.ooni.org/m/20260306054804.810517_KR_webconnectivity_d03013e138cb6469
https://weibo.com/,ok,https://explorer.ooni.org/m/20260306054810.798811_KR_webconnectivity_b12efac7fdff668d
https://www.clubhouse.com/,ok,https://explorer.ooni.org/m/20260306054815.570571_KR_webconnectivity_8183030ef4b8dad7
https://www.clubhouseapi.com/,ok,https://explorer.ooni.org/m/20260306054816.926772_KR_webconnectivity_23bbea68dd7ed20c
https://www.douyin.com/,ok,https://explorer.ooni.org/m/20260306054822.954223_KR_webconnectivity_72612a479eaff462
https://www.hootsuite.com/,ok,https://explorer.ooni.org/m/20260306054833.923791_KR_webconnectivity_24aa605901de27b3
https://www.imqq.com/,ok,https://explorer.ooni.org/m/20260306054838.572743_KR_webconnectivity_f5636500b52fa15a
https://www.joinclubhouse.com/,ok,https://explorer.ooni.org/m/20260306054842.648698_KR_webconnectivity_08213d4481a881f4
https://www.linkedin.com/,ok,https://explorer.ooni.org/m/20260306054854.566644_KR_webconnectivity_ecb3346ad87bdcef
https://www.meetme.com/,dns,https://explorer.ooni.org/m/20260306054857.858500_KR_webconnectivity_0e8c740611cd63b7
https://www.meetup.com/,dns,https://explorer.ooni.org/m/20260306054858.986363_KR_webconnectivity_85abe754567dc4d4
https://www.minds.com/,ok,https://explorer.ooni.org/m/20260306054907.272023_KR_webconnectivity_96250a995efde6e0
https://www.yelp.com/,ok,https://explorer.ooni.org/m/20260306054919.700904_KR_webconnectivity_61f48a9ac4643b42
https://www.yubo.live/,ok,https://explorer.ooni.org/m/20260306054923.160143_KR_webconnectivity_42a336b55d700c1f
https://1.0.0.1/dns-query?dns=q80BAAABAAAAAAAAA3d3dwdleGFtcGxlA2NvbQAAAQAB,ok,https://explorer.ooni.org/m/20260306054924.220698_KR_webconnectivity_5799b020fd6e90ad
https://1.0.0.3/dns-query?dns=q80BAAABAAAAAAAAA3d3dwdleGFtcGxlA2NvbQAAAQAB,ok,https://explorer.ooni.org/m/20260306054925.987517_KR_webconnectivity_3a6dcbf716b60506
https://abortion.eu/,dns,https://explorer.ooni.org/m/20260306054928.088174_KR_webconnectivity_08bd18bf102d0434
https://assets.gitlab-static.net/robots.txt,ok,https://explorer.ooni.org/m/20260306054929.178233_KR_webconnectivity_803d48641da9cb91
https://bitly.com/,dns,https://explorer.ooni.org/m/20260306054930.535104_KR_webconnectivity_4c5f82638f3a349f
https://doh.centraleu.pi-dns.com/dns-query?dns=q80BAAABAAAAAAAAA3d3dwdleGFtcGxlA2NvbQAAAQAB,dns,https://explorer.ooni.org/m/20260306054931.627396_KR_webconnectivity_99a58f94128e7da0
https://doh.opendns.com/dns-query?dns=q80BAAABAAAAAAAAA3d3dwdleGFtcGxlA2NvbQAAAQAB,tcp_ip,https://explorer.ooni.org/m/20260306054932.485736_KR_webconnectivity_2e707fec44381d0b
https://family.cloudflare-dns.com/dns-query?dns=q80BAAABAAAAAAAAA3d3dwdleGFtcGxlA2NvbQAAAQAB,dns,https://explorer.ooni.org/m/20260306054933.280236_KR_webconnectivity_c73d69470005d2fb
https://findmymethod.org/,dns,https://explorer.ooni.org/m/20260306054934.128991_KR_webconnectivity_734b6f3ca2c34b54
https://mozilla.cloudflare-dns.com/dns-query?dns=q80BAAABAAAAAAAAA3d3dwdleGFtcGxlA2NvbQAAAQAB,dns,https://explorer.ooni.org/m/20260306054934.923320_KR_webconnectivity_819b24531de03fa4
https://myabortionstory.tumblr.com/,dns,https://explorer.ooni.org/m/20260306054936.339621_KR_webconnectivity_1cdd367ddb5560bb
https://pastebin.com/,dns,https://explorer.ooni.org/m/20260306054937.580287_KR_webconnectivity_9d4b21d7dded8211
https://prq.se/,dns,https://explorer.ooni.org/m/20260306054939.165921_KR_webconnectivity_d91dfbe9614e1073
https://safe2choose.org/,dns,https://explorer.ooni.org/m/20260306054940.512426_KR_webconnectivity_5709eefea725337f
https://stackoverflow.com/,ok,https://explorer.ooni.org/m/20260306054942.430594_KR_webconnectivity_02eccdeddfd14e8b
https://t.co/,dns,https://explorer.ooni.org/m/20260306054943.625078_KR_webconnectivity_013312871b76ab91
https://tinyurl.com/,dns,https://explorer.ooni.org/m/20260306054944.956332_KR_webconnectivity_0d96f6ae1ea0b0e6
https://www.bing-amp.com/v0/amp-iframe-0.1.js,error,https://explorer.ooni.org/m/20260306054946.472760_KR_webconnectivity_0995207c1a3324f0
https://www.dotster.com/,dns,https://explorer.ooni.org/m/20260306054948.146559_KR_webconnectivity_5dbdd6fbc4d988c0
http://www.ebaumsworld.com/,dns,https://explorer.ooni.org/m/20260306054949.856232_KR_webconnectivity_04720779c31e2cd1
https://1.1.1.1/,tcp_ip,https://explorer.ooni.org/m/20260306055021.053804_KR_webconnectivity_227469adcbea8295
http://2015peoplepower.tistory.com/,ok,https://explorer.ooni.org/m/20260306055023.583509_KR_webconnectivity_544faa86f42d012c
http://416family.org/,ok,https://explorer.ooni.org/m/20260306055025.926437_KR_webconnectivity_9456a2ca2174872d
https://4genderjustice.org/,ok,https://explorer.ooni.org/m/20260306055038.869663_KR_webconnectivity_617c302513ec8355
https://76crimes.com/,ok,https://explorer.ooni.org/m/20260306055055.931932_KR_webconnectivity_4600347658814f12
http://abc.go.com/,ok,https://explorer.ooni.org/m/20260306055107.178717_KR_webconnectivity_49d5ca2293ce9afc
https://abortion-pills.org/,http-failure,https://explorer.ooni.org/m/20260306055109.063839_KR_webconnectivity_07f946be8f90e05f
http://act.jinbo.net/,ok,https://explorer.ooni.org/m/20260306055126.678872_KR_webconnectivity_8a2ad2e42ea34495
https://actionaid.org/,ok,https://explorer.ooni.org/m/20260306055134.924952_KR_webconnectivity_b2e050faf258897a
https://advox.globalvoices.org/,error,https://explorer.ooni.org/m/20260306055155.383833_KR_webconnectivity_52835d248acc7f9a
https://afterellen.com/,ok,https://explorer.ooni.org/m/20260306055158.342163_KR_webconnectivity_5c2aaf40fe40d8a5
https://airvpn.org/,dns,https://explorer.ooni.org/m/20260306055159.588145_KR_webconnectivity_3c7146b1fea8e6ce
https://allout.org/,dns,https://explorer.ooni.org/m/20260306055201.904132_KR_webconnectivity_4967602785bf3ed6
https://allthefallen.moe/,dns,https://explorer.ooni.org/m/20260306055203.209177_KR_webconnectivity_03a6b9368c03d6ca
http://anonymizer.secuser.com/,dns,https://explorer.ooni.org/m/20260306055204.285444_KR_webconnectivity_8d2812b0bbf5c1f2
http://anonymouse.org/,dns,https://explorer.ooni.org/m/20260306055220.158362_KR_webconnectivity_575ffea4ba129b84
https://antivigilancia.org/,dns,https://explorer.ooni.org/m/20260306055223.278588_KR_webconnectivity_ca32951f36e170fe
https://api.protonvpn.ch/tests/ping,dns,https://explorer.ooni.org/m/20260306055224.090901_KR_webconnectivity_0dc5e2fc16fc0eeb
https://arc-international.net/,ok,https://explorer.ooni.org/m/20260306055236.321933_KR_webconnectivity_a45a645ec523d8ec
https://asiatimes.com/,ok,https://explorer.ooni.org/m/20260306055249.210705_KR_webconnectivity_4e2b5e7ebbb03348
https://atlasofsurveillance.org/,ok,https://explorer.ooni.org/m/20260306055254.001772_KR_webconnectivity_4091bde08987158d
http://base21.jinbo.net/,ok,https://explorer.ooni.org/m/20260306055310.552756_KR_webconnectivity_15312f5df4df2444
http://beyondexgay.com/,http-diff,https://explorer.ooni.org/m/20260306055312.901542_KR_webconnectivity_cef9e972d50de258
https://bi.org/,dns,https://explorer.ooni.org/m/20260306055315.508326_KR_webconnectivity_9c493eb9eff1bab6
https://blog.genderwatchdog.org/,ok,https://explorer.ooni.org/m/20260306055320.691477_KR_webconnectivity_a300db03f3e085f3
http://blog.jinbo.net/,ok,https://explorer.ooni.org/m/20260306055333.881805_KR_webconnectivity_8d84a481fc357ceb
https://bouncer.ooni.io/,ok,https://explorer.ooni.org/m/20260306055339.268398_KR_webconnectivity_3cf8d397f33b0577
https://brothersroad.org/,ok,https://explorer.ooni.org/m/20260306055349.974990_KR_webconnectivity_d17f19d9937b784b
https://btguard.com/,dns,https://explorer.ooni.org/m/20260306055351.392985_KR_webconnectivity_1957ef820f003bcc
http://cafe.daum.net/,ok,https://explorer.ooni.org/m/20260306055355.521739_KR_webconnectivity_2e6bfc48d5e9a82e
http://cafe.daum.net/antimb,ok,https://explorer.ooni.org/m/20260306055358.906351_KR_webconnectivity_667661cb661de4ca
http://cafe.daum.net/libertyofthepress,ok,https://explorer.ooni.org/m/20260306055402.571009_KR_webconnectivity_f261ee4a80479820
http://cafe.daum.net/pridecare,ok,https://explorer.ooni.org/m/20260306055405.246910_KR_webconnectivity_a7930e78afa6f566
http://cafe.daum.net/stopcjd,ok,https://explorer.ooni.org/m/20260306055408.157719_KR_webconnectivity_5c7448c5f825557c
http://cafe.naver.com/asunaro/,ok,https://explorer.ooni.org/m/20260306055422.531054_KR_webconnectivity_f7e92632f562d9e3
https://carafem.org/,dns,https://explorer.ooni.org/m/20260306055424.143285_KR_webconnectivity_de2cce8f673fb296
https://carnegieendowment.org/,ok,https://explorer.ooni.org/m/20260306055436.566002_KR_webconnectivity_e868d5cd412f77de
https://ccrjustice.org/,ok,https://explorer.ooni.org/m/20260306055438.635762_KR_webconnectivity_68fce2fe4015ce6a
https://cdns.grindr.com/,dns,https://explorer.ooni.org/m/20260306055440.495053_KR_webconnectivity_ad802a50555a6798
https://cdt.org/,ok,https://explorer.ooni.org/m/20260306055443.509743_KR_webconnectivity_9e14e3dce56aae0b
https://censorship.no/,dns,https://explorer.ooni.org/m/20260306055444.488286_KR_webconnectivity_e7a69fd723d5e5a5
https://certbot.eff.org/,ok,https://explorer.ooni.org/m/20260306055451.920205_KR_webconnectivity_8c0fe79b5bfe8459
https://citizenlab.ca/,ok,https://explorer.ooni.org/m/20260306055506.020551_KR_webconnectivity_64e4338d10c9070b
https://cpj.org/,ok,https://explorer.ooni.org/m/20260306055516.279945_KR_webconnectivity_d88760b8f0915ba8
https://cryptome.org/,dns,https://explorer.ooni.org/m/20260306055518.787521_KR_webconnectivity_d255cf42198ed08e
https://cryptpad.org/instances/,ok,https://explorer.ooni.org/m/20260306055522.812360_KR_webconnectivity_cdb016a7fa676ceb
https://csid-online.org/,ok,https://explorer.ooni.org/m/20260306055530.728181_KR_webconnectivity_789dba1bd7c0a971
https://cyber.harvard.edu/,ok,https://explorer.ooni.org/m/20260306055538.120246_KR_webconnectivity_6e799b30edf8c2e1
https://dartcenter.org/,ok,https://explorer.ooni.org/m/20260306055541.180385_KR_webconnectivity_64cfb976dfedbcef
https://ddosecrets.com/,ok,https://explorer.ooni.org/m/20260306055602.155945_KR_webconnectivity_7b38b00a50e551fc
https://defenddefenders.org/,ok,https://explorer.ooni.org/m/20260306055605.311009_KR_webconnectivity_90aa2d7796da9296
https://disclose.ngo/,ok,https://explorer.ooni.org/m/20260306055608.967623_KR_webconnectivity_ba1cf5d3ffa8d7e2
https://dn42.dev/,ok,https://explorer.ooni.org/m/20260306055613.733531_KR_webconnectivity_69bc35909ca892e6
https://edition.cnn.com/,ok,https://explorer.ooni.org/m/20260306055622.674083_KR_webconnectivity_11d1e63e848bee76
http://english.chosun.com/,ok,https://explorer.ooni.org/m/20260306055624.366723_KR_webconnectivity_43adac1175d5740f
http://english.eduhope.net/,ok,https://explorer.ooni.org/m/20260306055628.186483_KR_webconnectivity_a55595aa1bbf5cc4
http://english.hani.co.kr/,ok,https://explorer.ooni.org/m/20260306055642.476748_KR_webconnectivity_317a6d684318a3bf
http://english.yna.co.kr/,error,https://explorer.ooni.org/m/20260306055644.656942_KR_webconnectivity_0728cab5d4653e81
https://epic.org/,ok,https://explorer.ooni.org/m/20260306055654.116568_KR_webconnectivity_bba0d4e3b93c5c2c
https://equal-eyes.org/,ok,https://explorer.ooni.org/m/20260306055705.458304_KR_webconnectivity_610f9a44f2b32460
https://explorer.ooni.org/,ok,https://explorer.ooni.org/m/20260306055712.053005_KR_webconnectivity_1196aa061a559582
https://feminist.org/,ok,https://explorer.ooni.org/m/20260306055722.931653_KR_webconnectivity_fed4e603c3511a92
https://fleegle.mixmin.net/,ok,https://explorer.ooni.org/m/20260306055726.716357_KR_webconnectivity_2fc9212e52fcadf6
https://fondfbr.ru/,dns,https://explorer.ooni.org/m/20260306055728.941727_KR_webconnectivity_b461ad25b49acdb9
https://foreignpolicy.com/,ok,https://explorer.ooni.org/m/20260306055741.666099_KR_webconnectivity_3f85f6809d0529bd
http://freedom.jinbo.net/,ok,https://explorer.ooni.org/m/20260306055744.149115_KR_webconnectivity_d8f7082125d8bdd4
https://freedomhouse.org/,ok,https://explorer.ooni.org/m/20260306055751.809839_KR_webconnectivity_c9bc7714e8c1c172
https://freemuse.org/,ok,https://explorer.ooni.org/m/20260306055803.536664_KR_webconnectivity_afc214569ee44f3c
https://freenetproject.org/,dns,https://explorer.ooni.org/m/20260306055804.803262_KR_webconnectivity_11f9f2d02993865b
https://freespeechdebate.com/,tcp_ip,https://explorer.ooni.org/m/20260306055850.796306_KR_webconnectivity_4dc65b2565a3d9cc
https://fronterafundrgv.org/,dns,https://explorer.ooni.org/m/20260306055853.681665_KR_webconnectivity_e271231ea999889f
http://fteproxy.org/,dns,https://explorer.ooni.org/m/20260306055855.088962_KR_webconnectivity_f9da5caabfb9584b
https://fundtexaschoice.org/,ok,https://explorer.ooni.org/m/20260306055909.575228_KR_webconnectivity_5db66fc0bba9a16f
https://gaymenshealth.org/,ok,https://explorer.ooni.org/m/20260306055913.724754_KR_webconnectivity_9b61ca37f6616299
http://gaytoday.com/,dns,https://explorer.ooni.org/m/20260306055915.957257_KR_webconnectivity_4a5e9e471546d3bd
https://genderandaids.unwomen.org/,ok,https://explorer.ooni.org/m/20260306055922.613671_KR_webconnectivity_9bd32ce4559f2f67
https://getintra.org/,ok,https://explorer.ooni.org/m/20260306055928.696065_KR_webconnectivity_0f2b35b2ed054bc7
https://getlantern.org/,dns,https://explorer.ooni.org/m/20260306055929.919546_KR_webconnectivity_39408df81d72db00
https://getoutline.org/,ok,https://explorer.ooni.org/m/20260306055940.355048_KR_webconnectivity_4409a24934fcb853
https://gijn.org/,ok,https://explorer.ooni.org/m/20260306055942.554508_KR_webconnectivity_34d96ad0da67f778
https://globalpressjournal.com/,ok,https://explorer.ooni.org/m/20260306055946.184187_KR_webconnectivity_b66cbf10721c44df
https://globalvoices.org/,tcp_ip,https://explorer.ooni.org/m/20260306060002.787179_KR_webconnectivity_6ae204feccfc01fb
http://go.jinbo.net/,ok,https://explorer.ooni.org/m/20260306060008.540998_KR_webconnectivity_72b98b38c7add369
https://gpgtools.org/,ok,https://explorer.ooni.org/m/20260306060014.281476_KR_webconnectivity_2893c147c3fb0d5a
https://grindr.mobi/,ok,https://explorer.ooni.org/m/20260306060016.049281_KR_webconnectivity_8cdb464cde939826
https://guardianproject.info/,ok,https://explorer.ooni.org/m/20260306060021.807485_KR_webconnectivity_75813cb3f07afbf9
http://guardster.com/,dns,https://explorer.ooni.org/m/20260306060022.701129_KR_webconnectivity_354d69f6f3d41b8f
http://hbyd.org/,ok,https://explorer.ooni.org/m/20260306060038.664564_KR_webconnectivity_8640ff57e934c23a
http://hcy.jinbo.net/,ok,https://explorer.ooni.org/m/20260306060040.852399_KR_webconnectivity_766f0525e270f695
https://help.unhcr.org/,ok,https://explorer.ooni.org/m/20260306060044.867550_KR_webconnectivity_fb1451ef0bc0a4d0
https://hide.me/,dns,https://explorer.ooni.org/m/20260306060046.287051_KR_webconnectivity_73f0a166a70eeb63
https://hola.org/,dns,https://explorer.ooni.org/m/20260306060048.165501_KR_webconnectivity_ea2ce46320744105
https://hornet.com/,dns,https://explorer.ooni.org/m/20260306060049.652646_KR_webconnectivity_b80723d5831100f0
http://hotzone.yahoo.com/,ok,https://explorer.ooni.org/m/20260306060053.489848_KR_webconnectivity_43ac39e784d64433
http://hrights.or.kr/,ok,https://explorer.ooni.org/m/20260306060105.655620_KR_webconnectivity_3b1697e6e4a7dfe8
http://hrlibrary.umn.edu/iwraw/,ok,https://explorer.ooni.org/m/20260306060115.216843_KR_webconnectivity_5b92769dcb475df1
http://hrnet.jinbo.net/,ok,https://explorer.ooni.org/m/20260306060118.789904_KR_webconnectivity_c1d59ad34002e2f8
http://humanmed.org/,dns,https://explorer.ooni.org/m/20260306060120.612248_KR_webconnectivity_0613472fc8fd6b4a
https://i2p2.de/,error,https://explorer.ooni.org/m/20260306060126.876342_KR_webconnectivity_113238bd3bf4dac2
https://i2pd.website/,dns,https://explorer.ooni.org/m/20260306060128.644704_KR_webconnectivity_6e6b359d82690bad
https://i2pforum.net/,error,https://explorer.ooni.org/m/20260306060204.978543_KR_webconnectivity_3420f33a49012082
https://i2pgit.org/,ok,https://explorer.ooni.org/m/20260306060210.470871_KR_webconnectivity_f87d08e00eaab7a0
https://ifeminists.com/,ok,https://explorer.ooni.org/m/20260306060225.610375_KR_webconnectivity_b251fbf3432ccb54
https://ij.org/,ok,https://explorer.ooni.org/m/20260306060236.334679_KR_webconnectivity_56dcd50d82ee9f25
http://ijunnong.net/,ok,https://explorer.ooni.org/m/20260306060242.667525_KR_webconnectivity_1c49e0c1259af66e
https://ikhwanonline.com/,ok,https://explorer.ooni.org/m/20260306060253.536490_KR_webconnectivity_e5ded14be590affd
https://ilga.org/,ok,https://explorer.ooni.org/m/20260306060303.459360_KR_webconnectivity_5e12fc6c63d332c6
http://impeter.tistory.com/,ok,https://explorer.ooni.org/m/20260306060306.608879_KR_webconnectivity_f917525efe8707f2
https://indymedia.org/,ok,https://explorer.ooni.org/m/20260306060310.993832_KR_webconnectivity_99bd38cbbab52906
http://instinctmagazine.com/,ok,https://explorer.ooni.org/m/20260306060327.099610_KR_webconnectivity_68089a66a0a517b0
http://inter.kdlp.org/,ok,https://explorer.ooni.org/m/20260306060328.062056_KR_webconnectivity_7519ab6dac142fea
https://internationalfamilyequalityday.org/,ok,https://explorer.ooni.org/m/20260306060343.439052_KR_webconnectivity_308738245627ef91
https://ipi.media/,ok,https://explorer.ooni.org/m/20260306060353.949846_KR_webconnectivity_838e1e2e4edda9eb
https://itgetsbetter.org/,ok,https://explorer.ooni.org/m/20260306060401.863268_KR_webconnectivity_3ec258983f214059
http://ivancity.com/,dns,https://explorer.ooni.org/m/20260306060405.596745_KR_webconnectivity_660a1eed12765d01
https://iyfglobal.org/,ok,https://explorer.ooni.org/m/20260306060412.672512_KR_webconnectivity_5d2d3dbcf5c32506
https://janesdueprocess.org/,dns,https://explorer.ooni.org/m/20260306060413.734499_KR_webconnectivity_0f29e8b1b3e5c650
https://jezebel.com/,ok,https://explorer.ooni.org/m/20260306060423.879972_KR_webconnectivity_88cac4a607c6fc06
http://joins.com/,ok,https://explorer.ooni.org/m/20260306060439.741798_KR_webconnectivity_1b2d0f038eb70cfd
http://joongang.joins.com/,ok,https://explorer.ooni.org/m/20260306060442.529585_KR_webconnectivity_908a7acdabe270f2
http://joongangdaily.joins.com/,ok,https://explorer.ooni.org/m/20260306060456.347608_KR_webconnectivity_a0c8486ea69e42cb
http://jtbc.joins.com/,ok,https://explorer.ooni.org/m/20260306060522.733636_KR_webconnectivity_d7032ad5277401c7
https://justassociates.org/,ok,https://explorer.ooni.org/m/20260306060538.216050_KR_webconnectivity_41346f4e95e79e50
http://justicewomen.com/,ok,https://explorer.ooni.org/m/20260306060540.573225_KR_webconnectivity_eae25240998169f8
https://kaleidoscopetrust.com/,ok,https://explorer.ooni.org/m/20260306060552.093604_KR_webconnectivity_9129d853849a31b8
https://keys.openpgp.org/,ok,https://explorer.ooni.org/m/20260306060556.345421_KR_webconnectivity_8bb5deee90913e67
http://kfcitu.org/,ok,https://explorer.ooni.org/m/20260306060559.916225_KR_webconnectivity_9d0a2c5a1ef9db1b
http://khilafah.net/,ok,https://explorer.ooni.org/m/20260306060613.266436_KR_webconnectivity_a7be02321dfdeb1c
http://kieu.or.kr/,ok,https://explorer.ooni.org/m/20260306060618.184211_KR_webconnectivity_df6e130ba17498f4
http://koreapinkmap.com/,http-failure,https://explorer.ooni.org/m/20260306060630.365477_KR_webconnectivity_51812b3f696f9144
http://koredufund.org.kp/,dns,https://explorer.ooni.org/m/20260306060633.603986_KR_webconnectivity_9a96b4a43ccec30b
http://korelcfund.org.kp/,dns,https://explorer.ooni.org/m/20260306060637.574889_KR_webconnectivity_a69bf7be7b594ff3
http://kscrc.org/,ok,https://explorer.ooni.org/m/20260306060639.759170_KR_webconnectivity_7e2d5b4bc0c2fa93
http://ktu.or.kr/,tcp_ip,https://explorer.ooni.org/m/20260306060729.561612_KR_webconnectivity_a194ca7024d052fd
https://laborrights.org/,ok,https://explorer.ooni.org/m/20260306060740.214163_KR_webconnectivity_bd65cd0d47262ddc
https://lalgbtcenter.org/,ok,https://explorer.ooni.org/m/20260306060742.904923_KR_webconnectivity_3c3b7c6872d3bacd
http://lambdalegal.org/,ok,https://explorer.ooni.org/m/20260306060754.098843_KR_webconnectivity_0ba48db73c2fb81d
https://lantern.io/,dns,https://explorer.ooni.org/m/20260306060754.918136_KR_webconnectivity_2386cc5ab92133f0
https://leap.se/,dns,https://explorer.ooni.org/m/20260306060756.534106_KR_webconnectivity_8ed4a7f97651b834
http://leftworkers.org/,ok,https://explorer.ooni.org/m/20260306060757.824209_KR_webconnectivity_d0a01af4c94c6415
https://lgbt.foundation/,ok,https://explorer.ooni.org/m/20260306060810.305306_KR_webconnectivity_de50faeb4eeb6d6c
http://lgbtact.org/,dns,https://explorer.ooni.org/m/20260306060826.117094_KR_webconnectivity_b832bae177be25a8
https://lgbtnewsnow.org/,http-failure,https://explorer.ooni.org/m/20260306060828.196145_KR_webconnectivity_11e120352a56a896
https://lgbtqia.space/,ok,https://explorer.ooni.org/m/20260306060834.414427_KR_webconnectivity_7425ece42c3ca715
https://lgbtvacationplanners.com/,error,https://explorer.ooni.org/m/20260306060836.350498_KR_webconnectivity_fe6e0ae550d336f1
https://lokinet.org/,ok,https://explorer.ooni.org/m/20260306060842.457721_KR_webconnectivity_a252f00fbe34b1f2
https://makeamazonpay.com/,ok,https://explorer.ooni.org/m/20260306060855.420834_KR_webconnectivity_e3d69b864472ff3f
https://mask-api.icloud.com/,ok,https://explorer.ooni.org/m/20260306060859.893046_KR_webconnectivity_1f3f1481b5fa2be9
https://mask-h2.icloud.com/,error,https://explorer.ooni.org/m/20260306060902.634530_KR_webconnectivity_887c81ecc8cb430e
https://mask.icloud.com/,error,https://explorer.ooni.org/m/20260306060906.433636_KR_webconnectivity_b8e11107d3f44070
https://massbrowser.cs.umass.edu/,ok,https://explorer.ooni.org/m/20260306060910.247365_KR_webconnectivity_e3d3e6858627b802
http://media.daum.net/,ok,https://explorer.ooni.org/m/20260306060924.540233_KR_webconnectivity_62582ea45e24135c
http://media.nodong.org/,ok,https://explorer.ooni.org/m/20260306060931.013423_KR_webconnectivity_984fda7dadaa32e1
https://mega.io/,dns,https://explorer.ooni.org/m/20260306060932.229174_KR_webconnectivity_aae5428aa69518e0
https://mega.nz/,ok,https://explorer.ooni.org/m/20260306060935.932012_KR_webconnectivity_719de11b4ca91f8e
http://members.tripod.com/~INDIA_RESOURCE/savoice.html,dns,https://explorer.ooni.org/m/20260306060940.958234_KR_webconnectivity_b97faa0aee20d938
https://messagevortex.net/,ok,https://explorer.ooni.org/m/20260306060944.604753_KR_webconnectivity_0807b8287f9b7633
http://migrant.nodong.net/,ok,https://explorer.ooni.org/m/20260306060949.290703_KR_webconnectivity_0abe9efd848b0ea1
http://minbyun.jinbo.net/,ok,https://explorer.ooni.org/m/20260306061000.244592_KR_webconnectivity_d6f4dc9424fe5103
https://minorityrights.org/,ok,https://explorer.ooni.org/m/20260306061007.407189_KR_webconnectivity_6abb430e11ed3f82
https://moscow.rtrs.ru/,ok,https://explorer.ooni.org/m/20260306061012.577365_KR_webconnectivity_94cce21b6f49bd9a
https://mullvad.net/,dns,https://explorer.ooni.org/m/20260306061013.803865_KR_webconnectivity_c3952c683e456c17
https://multiproxy.org/,dns,https://explorer.ooni.org/m/20260306061015.484344_KR_webconnectivity_240c79f4bfe2f8c7
http://naenara.com.kp/,dns,https://explorer.ooni.org/m/20260306061019.093250_KR_webconnectivity_0607c168a5d9aaea
http://napo.jinbo.net/,ok,https://explorer.ooni.org/m/20260306061021.129373_KR_webconnectivity_e2fc90a2584d6e06
https://ncac.org/,ok,https://explorer.ooni.org/m/20260306061029.639857_KR_webconnectivity_b5dc33da23b968fa
https://neilalexander.s3.dualstack.eu-west-2.amazonaws.com/deb/key.txt,ok,https://explorer.ooni.org/m/20260306061036.919310_KR_webconnectivity_8bf165a428177b67
http://news.bbc.co.uk/2/hi/asia-pacific/,ok,https://explorer.ooni.org/m/20260306061045.759351_KR_webconnectivity_fb8d0b1012d78168
https://news.google.com/,ok,https://explorer.ooni.org/m/20260306061056.866403_KR_webconnectivity_fca3b31a88857dd5
http://news.naver.com/,ok,https://explorer.ooni.org/m/20260306061109.610697_KR_webconnectivity_d3a5732c3e467947
http://newstapa.org/,ok,https://explorer.ooni.org/m/20260306061117.207388_KR_webconnectivity_2262a230d7f1bf64
http://nkhumanrights.or.kr/,ok,https://explorer.ooni.org/m/20260306061119.806361_KR_webconnectivity_faa65fc1f3d53448
http://nocensor.org/,ok,https://explorer.ooni.org/m/20260306061121.594169_KR_webconnectivity_9ef211f22c87244a
http://nodong.org/,ok,https://explorer.ooni.org/m/20260306061133.612017_KR_webconnectivity_2fb3f52236a8ca94
http://nodongsarang.org/,ok,https://explorer.ooni.org/m/20260306061137.436605_KR_webconnectivity_fd3c0d99d8ae91d6
http://noneis.jinbo.net/,ok,https://explorer.ooni.org/m/20260306061146.086022_KR_webconnectivity_0af7650641e952dc
https://nordvpn.com/,ok,https://explorer.ooni.org/m/20260306061148.868993_KR_webconnectivity_6a258b4b1f5d2a65
http://northkoreatech.org/,ok,https://explorer.ooni.org/m/20260306061150.364672_KR_webconnectivity_4ca8949086f95691
https://now.org/,ok,https://explorer.ooni.org/m/20260306061200.772844_KR_webconnectivity_8f90dfc2c2fb5ebe
https://numun.fund/,ok,https://explorer.ooni.org/m/20260306061218.461016_KR_webconnectivity_29244c2ac994035c
https://nypost.com/,ok,https://explorer.ooni.org/m/20260306061232.033552_KR_webconnectivity_bd6a99e3eb29fc2d
https://onionshare.org/,ok,https://explorer.ooni.org/m/20260306061237.510669_KR_webconnectivity_74d2c93a931363ed
https://ooni.org/,ok,https://explorer.ooni.org/m/20260306061240.016503_KR_webconnectivity_5c979df9b6c2700c
https://opennet.net/,ok,https://explorer.ooni.org/m/20260306061246.829035_KR_webconnectivity_de8f185ef49c701d
http://opennet.or.kr/,ok,https://explorer.ooni.org/m/20260306061302.563752_KR_webconnectivity_47d24b47a6cf484a
https://openvpn.net/,dns,https://explorer.ooni.org/m/20260306061304.027109_KR_webconnectivity_c9a0fbb9be339995
https://orbot.app/,ok,https://explorer.ooni.org/m/20260306061308.503817_KR_webconnectivity_ca7538c47b8dda89
https://otr.cypherpunks.ca/,ok,https://explorer.ooni.org/m/20260306061312.933603_KR_webconnectivity_151b209d42f9396b
https://ourworldindata.org/,ok,https://explorer.ooni.org/m/20260306061325.723886_KR_webconnectivity_b5eaefd169e728b2
http://outpridekorea.com/,dns,https://explorer.ooni.org/m/20260306061342.389521_KR_webconnectivity_641b3cb203baa8df
https://outrightinternational.org/,ok,https://explorer.ooni.org/m/20260306061354.291640_KR_webconnectivity_30f67436ceb41ecc
http://peacekorea.org/,ok,https://explorer.ooni.org/m/20260306061402.742880_KR_webconnectivity_e588967876f97343
https://pflag.org/,dns,https://explorer.ooni.org/m/20260306061404.833275_KR_webconnectivity_dd303e406950c622
https://pirateparty.org.au/,ok,https://explorer.ooni.org/m/20260306061408.919337_KR_webconnectivity_bce1ff06f31780bc
http://poor.jinbo.net/,ok,https://explorer.ooni.org/m/20260306061414.245698_KR_webconnectivity_fb3897805e927ac3
http://ppss.kr/,ok,https://explorer.ooni.org/m/20260306061427.601931_KR_webconnectivity_d100a8c3ddcdcbf9
https://pridesource.com/,ok,https://explorer.ooni.org/m/20260306061439.232473_KR_webconnectivity_9d21397894e1ce22
https://prism-break.org/,ok,https://explorer.ooni.org/m/20260306061442.793622_KR_webconnectivity_7d143c0f85027234
https://privatevpn.com/,dns,https://explorer.ooni.org/m/20260306061445.459984_KR_webconnectivity_9290fc1abe8db91a
https://proton.me/,ok,https://explorer.ooni.org/m/20260306061457.171376_KR_webconnectivity_938422affa4b37fe
https://protonvpn.com/,http-failure,https://explorer.ooni.org/m/20260306061519.018452_KR_webconnectivity_44995d2135aebbdd
https://proxify.com/,dns,https://explorer.ooni.org/m/20260306061520.311946_KR_webconnectivity_13ab591f31afb68d
https://proxy.i2phides.me/,dns,https://explorer.ooni.org/m/20260306061521.275453_KR_webconnectivity_e198876629dfaea8
http://proxy.org/,dns,https://explorer.ooni.org/m/20260306061537.335234_KR_webconnectivity_5ba43e5daa8ca256
http://proxytools.sourceforge.net/,ok,https://explorer.ooni.org/m/20260306061539.743895_KR_webconnectivity_8c16b94ed727222f
https://psiphon.ca/,dns,https://explorer.ooni.org/m/20260306061540.688179_KR_webconnectivity_6e96addfab0428e2
http://pssp.org/,ok,https://explorer.ooni.org/m/20260306061547.639619_KR_webconnectivity_53d038a68e220e29
https://queernet-rlp.de/,ok,https://explorer.ooni.org/m/20260306061602.637741_KR_webconnectivity_0589101ad29db0b1
https://radiofreel.github.io/,ok,https://explorer.ooni.org/m/20260306061608.749062_KR_webconnectivity_1657629039542639
https://radiofreel.gitlab.io/,ok,https://explorer.ooni.org/m/20260306061615.723346_KR_webconnectivity_353f1ef4ec8f594b
https://reclaimthenet.org/,ok,https://explorer.ooni.org/m/20260306061626.886202_KR_webconnectivity_8966d0a80ef56c61
https://reliefweb.int/,ok,https://explorer.ooni.org/m/20260306061643.656507_KR_webconnectivity_51a13b3b4ec16b59
https://remailer.paranoici.org/,ok,https://explorer.ooni.org/m/20260306061647.393152_KR_webconnectivity_d15d030ea61aeddd
https://ren.tv/,ok,https://explorer.ooni.org/m/20260306061703.850481_KR_webconnectivity_71ce63e1e6ceff7e
https://reproductiverights.org/,ok,https://explorer.ooni.org/m/20260306061715.348058_KR_webconnectivity_1872206d0e70977b
https://resurj.org/,dns,https://explorer.ooni.org/m/20260306061716.912644_KR_webconnectivity_d936ad0dbcc82f9d
https://ria.ru/,ok,https://explorer.ooni.org/m/20260306061733.687101_KR_webconnectivity_e3efae4e8f7242fe
https://riseup.net/,dns,https://explorer.ooni.org/m/20260306061736.528095_KR_webconnectivity_dd104ee897612399
http://rodong.rep.kp/,dns,https://explorer.ooni.org/m/20260306061802.950517_KR_webconnectivity_4dc147d26247bb8e
https://rsf.org/,ok,https://explorer.ooni.org/m/20260306061817.870564_KR_webconnectivity_d9423d75d680e956
https://rtr-planeta.com/,ok,https://explorer.ooni.org/m/20260306061838.016203_KR_webconnectivity_2c60d527827b17d9
http://russia.tv/,dns,https://explorer.ooni.org/m/20260306061853.820205_KR_webconnectivity_0dded4ce53903143
http://sadd.or.kr/,ok,https://explorer.ooni.org/m/20260306061903.775411_KR_webconnectivity_376b9a651e69a0ac
https://safeabortionpill.org/,ok,https://explorer.ooni.org/m/20260306061909.906878_KR_webconnectivity_9d72277307a44b60
https://safeabortionpills.com/,ok,https://explorer.ooni.org/m/20260306061915.351143_KR_webconnectivity_629051409fbef87e
https://safervpn.com/,dns,https://explorer.ooni.org/m/20260306061916.682580_KR_webconnectivity_33fdedb1d6d09ba8
http://samugol.net/,ok,https://explorer.ooni.org/m/20260306061928.192447_KR_webconnectivity_1350897eed825127
https://sandbox.cryptpad.info/,ok,https://explorer.ooni.org/m/20260306061931.529225_KR_webconnectivity_a197b6a63940a740
https://sea-watch.org/,ok,https://explorer.ooni.org/m/20260306061943.253169_KR_webconnectivity_ff4d0ab6b524c0a7
http://seapa.wordpress.com/,ok,https://explorer.ooni.org/m/20260306061951.236593_KR_webconnectivity_b1064305ce9d043f
https://secfirst.org/,error,https://explorer.ooni.org/m/20260306061954.521442_KR_webconnectivity_c90d610a38744cdd
https://secure.avaaz.org/,ok,https://explorer.ooni.org/m/20260306062001.062748_KR_webconnectivity_e1f3fb7e358ca6fb
https://securevpn.com/,dns,https://explorer.ooni.org/m/20260306062002.595813_KR_webconnectivity_ed7f56c2400e63f8
https://securevpn.im/,dns,https://explorer.ooni.org/m/20260306062004.139213_KR_webconnectivity_af2f987b226f5d43
http://seoul.nodong.org/,ok,https://explorer.ooni.org/m/20260306062008.918824_KR_webconnectivity_9f9336964df36ee5
http://service.nodong.org/,ok,https://explorer.ooni.org/m/20260306062024.810428_KR_webconnectivity_27684d5c33a45a2e
http://sewolho416.org/,ok,https://explorer.ooni.org/m/20260306062028.851749_KR_webconnectivity_5f73ad181db2890f
https://shadowsocks.org/,dns,https://explorer.ooni.org/m/20260306062030.304917_KR_webconnectivity_1276196f0fc59b62
https://slashdot.org/,ok,https://explorer.ooni.org/m/20260306062045.814890_KR_webconnectivity_4cc5c91934656976
https://slate.com/,ok,https://explorer.ooni.org/m/20260306062055.421554_KR_webconnectivity_aae2705e83f9791f
http://slownews.kr/,ok,https://explorer.ooni.org/m/20260306062104.782911_KR_webconnectivity_ee02a44528822d78
https://smotrim.ru/,ok,https://explorer.ooni.org/m/20260306062126.805289_KR_webconnectivity_0c0974cc6fd93937
https://southfeministfutures.org/,ok,https://explorer.ooni.org/m/20260306062134.874663_KR_webconnectivity_cc752a79ec072f8d
https://speedify.com/,dns,https://explorer.ooni.org/m/20260306062136.751372_KR_webconnectivity_4f48f682a0feedd0
https://sputnikglobe.com/,dns,https://explorer.ooni.org/m/20260306062138.511918_KR_webconnectivity_217f24c99fee4e16
https://sputniknews.cn/,ok,https://explorer.ooni.org/m/20260306062154.197445_KR_webconnectivity_ff4a3faa7c50b151
https://sputniknews.com/,http-failure,https://explorer.ooni.org/m/20260306062156.672195_KR_webconnectivity_82b2e97f716314a1
https://ssd.eff.org/,ok,https://explorer.ooni.org/m/20260306062201.686074_KR_webconnectivity_8ff98ebc77d885a2
https://strongvpn.com/,dns,https://explorer.ooni.org/m/20260306062203.132888_KR_webconnectivity_84be3f592d1feae0
https://substack.com/,ok,https://explorer.ooni.org/m/20260306062209.034112_KR_webconnectivity_bc880881b7edf953
https://surfshark.com/,dns,https://explorer.ooni.org/m/20260306062210.272128_KR_webconnectivity_63bdf7be3d251ce9
http://surprise.or.kr/board/,ok,https://explorer.ooni.org/m/20260306062215.222991_KR_webconnectivity_aee123dd4b039c98
https://tacticaltech.org/,ok,https://explorer.ooni.org/m/20260306062230.522340_KR_webconnectivity_3ba8aa7655bf3690
https://tails.net/,ok,https://explorer.ooni.org/m/20260306062236.235005_KR_webconnectivity_045b45f283650566
https://tdov.org/,ok,https://explorer.ooni.org/m/20260306062241.871769_KR_webconnectivity_4d77efe2b3ec0395
https://thegailygrind.com/,dns,https://explorer.ooni.org/m/20260306062243.838457_KR_webconnectivity_de2cc6683ff7a522
https://theglobalobservatory.org/,ok,https://explorer.ooni.org/m/20260306062251.400260_KR_webconnectivity_a1f104b8823b4e46
http://theimpeter.com/,error,https://explorer.ooni.org/m/20260306062309.421195_KR_webconnectivity_8c160d4e7145417a
https://theintercept.com/,ok,https://explorer.ooni.org/m/20260306062320.020028_KR_webconnectivity_1310a07abcb2e005
https://threema.ch/,ok,https://explorer.ooni.org/m/20260306062333.207424_KR_webconnectivity_b8515f46bce39f9d
https://thunder.free-signal.com/,dns,https://explorer.ooni.org/m/20260306062334.395997_KR_webconnectivity_09acf733a51555df
https://timcast.com/,ok,https://explorer.ooni.org/m/20260306062341.678518_KR_webconnectivity_f326f74e9a8744e1
http://times.hankooki.com/,dns,https://explorer.ooni.org/m/20260306062343.792423_KR_webconnectivity_6d80f494a23a4c27
https://timesofindia.indiatimes.com/,ok,https://explorer.ooni.org/m/20260306062358.028612_KR_webconnectivity_e78e41ee533fa6db
https://tor.eff.org/,dns,https://explorer.ooni.org/m/20260306062401.134771_KR_webconnectivity_08dacc960b88f7a9
https://transequality.org/,ok,https://explorer.ooni.org/m/20260306062416.959054_KR_webconnectivity_484c36160fa60581
https://transfemscience.org/,ok,https://explorer.ooni.org/m/20260306062420.018515_KR_webconnectivity_a66da2d556cba80b
http://transparency.or.kr/,ok,https://explorer.ooni.org/m/20260306062428.032542_KR_webconnectivity_ebbb7e86ce6e60ef
http://transsexual.org/,dns,https://explorer.ooni.org/m/20260306062429.781536_KR_webconnectivity_fb1bb6cd616c9bba
https://triplebit.org/,dns,https://explorer.ooni.org/m/20260306062432.153281_KR_webconnectivity_b42d7f8f0963d2fb
http://twokoreas.blogspot.com/,ok,https://explorer.ooni.org/m/20260306062441.537217_KR_webconnectivity_854d70be91e91412
https://tyt.com/,ok,https://explorer.ooni.org/m/20260306062455.345177_KR_webconnectivity_ae0064f766f99457
https://ultrasurf.us/,dns,https://explorer.ooni.org/m/20260306062456.835971_KR_webconnectivity_7429c7152fe3f203
https://ultravpn.com/,dns,https://explorer.ooni.org/m/20260306062458.968641_KR_webconnectivity_8b80e70015ddc988
https://unpo.org/,ok,https://explorer.ooni.org/m/20260306062511.886645_KR_webconnectivity_84aefdd6754dbd54
https://unredacted.org/,ok,https://explorer.ooni.org/m/20260306062521.282729_KR_webconnectivity_1424b3bced553234
https://unwatch.org/,ok,https://explorer.ooni.org/m/20260306062537.668418_KR_webconnectivity_9fedf007b9dc69d1
https://urgentactionfund.org/,ok,https://explorer.ooni.org/m/20260306062551.350536_KR_webconnectivity_77a5e8a165c85edc
https://veracrypt.fr/,ok,https://explorer.ooni.org/m/20260306062557.273472_KR_webconnectivity_dc40d225b8ccf1a5
https://vgtrk.ru/,ok,https://explorer.ooni.org/m/20260306062604.662083_KR_webconnectivity_af3a77068cc962aa
http://viewsnnews.com/,ok,https://explorer.ooni.org/m/20260306062612.106006_KR_webconnectivity_6a11adacab72d4a5
http://vok.rep.kp/,dns,https://explorer.ooni.org/m/20260306062617.560537_KR_webconnectivity_407974b84bdccec3
https://vuejs.org/,ok,https://explorer.ooni.org/m/20260306062627.641332_KR_webconnectivity_36a6d54158523020
http://wcollar.tistory.com/308,ok,https://explorer.ooni.org/m/20260306062630.523605_KR_webconnectivity_20963e4382693992
https://wearechange.org/,ok,https://explorer.ooni.org/m/20260306062640.759337_KR_webconnectivity_f312185a9f0279cb
https://wedo.org/,ok,https://explorer.ooni.org/m/20260306062653.068259_KR_webconnectivity_0c05651fff3a5e03
https://wfrtds.org/,ok,https://explorer.ooni.org/m/20260306062703.434648_KR_webconnectivity_58acb4b446e44ff9
https://whrdic.org/,ok,https://explorer.ooni.org/m/20260306062710.744034_KR_webconnectivity_97c14b28352863b4
https://wickr.com/,ok,https://explorer.ooni.org/m/20260306062723.624226_KR_webconnectivity_6dfc1ddda8b4edbc
https://wikileaks.org/,ok,https://explorer.ooni.org/m/20260306062730.214356_KR_webconnectivity_9957d10404caf6f2
https://women-on-web.kr/,ok,https://explorer.ooni.org/m/20260306062737.577929_KR_webconnectivity_9da79a9617e70b3c
https://womenhelp.org/,dns,https://explorer.ooni.org/m/20260306062739.467158_KR_webconnectivity_960cbb0f0268ddf5
https://womeninblack.org/,ok,https://explorer.ooni.org/m/20260306062750.846070_KR_webconnectivity_483d884a3f16f7e1
http://workingvoice.net/,ok,https://explorer.ooni.org/m/20260306062802.801539_KR_webconnectivity_3a60684ee12b04b3
https://world.internationalism.org/,ok,https://explorer.ooni.org/m/20260306062812.085264_KR_webconnectivity_0cdfef1d5e75e1d4
https://www.1tv.ru/,ok,https://explorer.ooni.org/m/20260306062823.874232_KR_webconnectivity_447d5c04dc9c5a77
http://www.2016change.net/,ok,https://explorer.ooni.org/m/20260306062835.351624_KR_webconnectivity_7674827cdc5aef0f
https://www.404media.co/,ok,https://explorer.ooni.org/m/20260306062842.182849_KR_webconnectivity_223617c2ddf572d6
https://www.access-unlocked.org/,ok,https://explorer.ooni.org/m/20260306062845.101648_KR_webconnectivity_05b1d86fcfb17112
https://www.accessnow.org/,ok,https://explorer.ooni.org/m/20260306062852.945577_KR_webconnectivity_0c58ab3488a02289
https://www.afp.com/,ok,https://explorer.ooni.org/m/20260306062901.173161_KR_webconnectivity_be01166068e8a151
https://www.ahram.org.eg/,ok,https://explorer.ooni.org/m/20260306062906.047630_KR_webconnectivity_a98d4f048dc4d048
https://www.alarabiya.net/,ok,https://explorer.ooni.org/m/20260306062908.315530_KR_webconnectivity_661b499b896de2e1
https://www.alhurra.com/,ok,https://explorer.ooni.org/m/20260306062922.070689_KR_webconnectivity_0a1fd39aa1a6910c
https://www.aljazeera.com/,ok,https://explorer.ooni.org/m/20260306062933.446385_KR_webconnectivity_3b891ece05ef3192
https://www.aljazeera.net/,ok,https://explorer.ooni.org/m/20260306062944.604177_KR_webconnectivity_d99b7f2fb1267fad
https://www.almanar.com.lb/,ok,https://explorer.ooni.org/m/20260306062951.923902_KR_webconnectivity_93d4ffc05a08d65f
http://www.amnesty.or.kr/,ok,https://explorer.ooni.org/m/20260306063006.037911_KR_webconnectivity_423a45114dddf106
https://www.amnesty.org/,ok,https://explorer.ooni.org/m/20260306063016.884936_KR_webconnectivity_2a4610799cbe52f5
https://www.amnestyusa.org/,ok,https://explorer.ooni.org/m/20260306063027.037681_KR_webconnectivity_4622ead9aaf0fd18
http://www.amrc.org.hk/,ok,https://explorer.ooni.org/m/20260306063030.290660_KR_webconnectivity_403ce64eeb1cbf5a
http://www.anarclan.net/,ok,https://explorer.ooni.org/m/20260306063033.390049_KR_webconnectivity_78311def665cb90b
http://www.anonymsurfen.com/,dns,https://explorer.ooni.org/m/20260306063034.577431_KR_webconnectivity_92c20c17dbc51f61
https://www.apt.ch/,ok,https://explorer.ooni.org/m/20260306063045.739376_KR_webconnectivity_3e0c5541289ac9f9
http://www.apwld.org/,http-failure,https://explorer.ooni.org/m/20260306063054.100928_KR_webconnectivity_1fb4ccc92061e70f
https://www.arabnews.com/,ok,https://explorer.ooni.org/m/20260306063056.126196_KR_webconnectivity_ad2c2184454afbd7
http://www.arrc-hre.com/,ok,https://explorer.ooni.org/m/20260306063123.711320_KR_webconnectivity_4e1f1a75f19880d6
https://www.article19.org/,ok,https://explorer.ooni.org/m/20260306063134.289063_KR_webconnectivity_22d16a2c9eb5fbe8
http://www.asia-daily.com/,ok,https://explorer.ooni.org/m/20260306063138.322872_KR_webconnectivity_cd82bbcba2ce8763
http://www.asiafoundation.org/,ok,https://explorer.ooni.org/m/20260306063140.032950_KR_webconnectivity_3120ed8796baf484
http://www.asiamedia.ucla.edu/,tcp_ip,https://explorer.ooni.org/m/20260306063226.295045_KR_webconnectivity_f3a6ee5dda3e507c
http://www.asian-migrants.org/,http-failure,https://explorer.ooni.org/m/20260306063230.577005_KR_webconnectivity_08a2739010616a83
http://www.asiapacificnews.com/,ok,https://explorer.ooni.org/m/20260306063232.362370_KR_webconnectivity_ee5490e728743c8d
https://www.awid.org/,ok,https://explorer.ooni.org/m/20260306063238.578811_KR_webconnectivity_c0f84e17b9265969
https://www.bbc.co.uk/,ok,https://explorer.ooni.org/m/20260306063250.370077_KR_webconnectivity_21abb02710c527db
https://www.bbc.com/,ok,https://explorer.ooni.org/m/20260306063300.249014_KR_webconnectivity_c58241ece8bc2b8d
https://www.benarnews.org/,ok,https://explorer.ooni.org/m/20260306063312.956970_KR_webconnectivity_7b0b36dd87e766e1
https://www.benedelman.org/,ok,https://explorer.ooni.org/m/20260306063322.644464_KR_webconnectivity_63995ed0d02d50e1
http://www.bicommunitynews.co.uk/,ok,https://explorer.ooni.org/m/20260306063337.566598_KR_webconnectivity_bc807e14f9cb0067
https://www.bitmask.net/,ok,https://explorer.ooni.org/m/20260306063344.924047_KR_webconnectivity_343f9f532e92eb16
https://www.bnaibrith.org/,ok,https://explorer.ooni.org/m/20260306063347.676899_KR_webconnectivity_541d9c26d52b060d
https://www.brookings.edu/,ok,https://explorer.ooni.org/m/20260306063359.513298_KR_webconnectivity_13cb7fc1e2edaa99
https://www.btselem.org/,ok,https://explorer.ooni.org/m/20260306063405.242500_KR_webconnectivity_79706bd8bfd6bcf5
http://www.buddy79.com/,ok,https://explorer.ooni.org/m/20260306063409.348675_KR_webconnectivity_5dc4682a069fcd30
https://www.business-humanrights.org/,ok,https://explorer.ooni.org/m/20260306063424.921336_KR_webconnectivity_1431ccd66649177c
https://www.buzzfeed.com/,ok,https://explorer.ooni.org/m/20260306063433.992569_KR_webconnectivity_628704a726ff3b0d
https://www.caritas.org/,ok,https://explorer.ooni.org/m/20260306063449.687277_KR_webconnectivity_607c66b31ca7a0fa
https://www.cartercenter.org/,ok,https://explorer.ooni.org/m/20260306063502.485843_KR_webconnectivity_9dde07e5e68ec609
https://www.cato.org/,ok,https://explorer.ooni.org/m/20260306063504.303813_KR_webconnectivity_1c1ca4c69825eda8
http://www.cawinfo.org/,dns,https://explorer.ooni.org/m/20260306063505.215460_KR_webconnectivity_d0c36ba6150eaed9
https://www.cbc.ca/,ok,https://explorer.ooni.org/m/20260306063514.954888_KR_webconnectivity_14581fbd0eb35d37
https://www.cbsnews.com/,ok,https://explorer.ooni.org/m/20260306063526.018581_KR_webconnectivity_e929b88a6b82a225
http://www.ccdm.or.kr/,ok,https://explorer.ooni.org/m/20260306063538.242187_KR_webconnectivity_ea4e1587f950673c
http://www.cesr.org/,ok,https://explorer.ooni.org/m/20260306063549.875259_KR_webconnectivity_ed17602925e29ebb
https://www.cfr.org/,ok,https://explorer.ooni.org/m/20260306063604.232768_KR_webconnectivity_37b7c8b3487efb8c
https://www.cgtn.com/,ok,https://explorer.ooni.org/m/20260306063617.526282_KR_webconnectivity_e0deabdbd66c6691
https://www.change.org/,ok,https://explorer.ooni.org/m/20260306063626.166303_KR_webconnectivity_207a8284603b7903
http://www.channelnewsasia.com/,ok,https://explorer.ooni.org/m/20260306063638.683417_KR_webconnectivity_7e6a444aa29fcfdd
https://www.childrensdefense.org/,ok,https://explorer.ooni.org/m/20260306063649.470039_KR_webconnectivity_ea6264bc6fe198f4
https://www.chinadaily.com.cn/,ok,https://explorer.ooni.org/m/20260306063701.708403_KR_webconnectivity_2449106ccd173945
https://www.chinatimes.com/,ok,https://explorer.ooni.org/m/20260306063713.812680_KR_webconnectivity_f0f8e33190a023c3
http://www.chingusai.net/,dns,https://explorer.ooni.org/m/20260306063717.627794_KR_webconnectivity_82f38bcdf66f4ecf
http://www.chosun.com/,ok,https://explorer.ooni.org/m/20260306063728.616973_KR_webconnectivity_0b155fd1d269a311
https://www.clintonfoundation.org/,ok,https://explorer.ooni.org/m/20260306063731.722532_KR_webconnectivity_67f6e0d8a5bf2c2d
https://www.cnbc.com/,ok,https://explorer.ooni.org/m/20260306063744.382298_KR_webconnectivity_a4f0900b6ec7ecd5
http://www.cnnasiapacific.com/,tcp_ip,https://explorer.ooni.org/m/20260306063830.562172_KR_webconnectivity_3d7bdfda4b00d651
https://www.cpj.org/,ok,https://explorer.ooni.org/m/20260306063842.340547_KR_webconnectivity_83bc31ab645b7c2c
https://www.crisisgroup.org/,ok,https://explorer.ooni.org/m/20260306063854.847245_KR_webconnectivity_5d001476635bc6ae
https://www.csmonitor.com/,ok,https://explorer.ooni.org/m/20260306063906.784553_KR_webconnectivity_c7544a296bf862ae
https://www.currenttime.tv/,ok,https://explorer.ooni.org/m/20260306063918.946942_KR_webconnectivity_8a255fa7f87ce9b3
http://www.cwgl.rutgers.edu/,ok,https://explorer.ooni.org/m/20260306063933.083534_KR_webconnectivity_483af7a89f745e06
https://www.dailymail.co.uk/,ok,https://explorer.ooni.org/m/20260306063941.958795_KR_webconnectivity_7b308bd83f41013d
https://www.dailysabah.com/,ok,https://explorer.ooni.org/m/20260306063954.599169_KR_webconnectivity_bf321394644abdce
https://www.dailywire.com/,ok,https://explorer.ooni.org/m/20260306064006.962230_KR_webconnectivity_e96ce59092d85cf4
https://www.dd-rd.ca/,ok,https://explorer.ooni.org/m/20260306064011.191821_KR_webconnectivity_136edf2e2416b93c
http://www.ddanzi.com/,ok,https://explorer.ooni.org/m/20260306064020.551499_KR_webconnectivity_70bc640b02b56c37
https://www.democracycaucus.net/,ok,https://explorer.ooni.org/m/20260306064037.788205_KR_webconnectivity_68f62b4d1e13984f
https://www.democracynow.org/,ok,https://explorer.ooni.org/m/20260306064049.359216_KR_webconnectivity_017b514157ce06c3
http://www.depdc.org/,ok,https://explorer.ooni.org/m/20260306064050.191509_KR_webconnectivity_a5aa4e7986acd777
https://www.derechos.org/,ok,https://explorer.ooni.org/m/20260306064055.835298_KR_webconnectivity_c5274ce1350d17ed
https://www.disabilityrightsfund.org/,ok,https://explorer.ooni.org/m/20260306064107.841652_KR_webconnectivity_090ad8de0559ea18
http://www.dit-inc.us/,dns,https://explorer.ooni.org/m/20260306064109.205807_KR_webconnectivity_a6c4772bdfd27f79
http://www.donga.com/,ok,https://explorer.ooni.org/m/20260306064138.198886_KR_webconnectivity_0106690e630a7e59
https://www.dopplr.com/,ok,https://explorer.ooni.org/m/20260306064146.139634_KR_webconnectivity_4863aa97d8ded3b6
https://www.doriafeministfund.org/,ok,https://explorer.ooni.org/m/20260306064150.769389_KR_webconnectivity_beddf8be8f5dc8e1
http://www.drudgereport.com/,ok,https://explorer.ooni.org/m/20260306064159.369174_KR_webconnectivity_d762cf7a2858e7f2
https://www.dw.com/,ok,https://explorer.ooni.org/m/20260306064204.391920_KR_webconnectivity_6b450e07572639f9
http://www.ebn.co.kr/,ok,https://explorer.ooni.org/m/20260306064218.762502_KR_webconnectivity_22855a473fb4b033
http://www.ecequality.org/,ok,https://explorer.ooni.org/m/20260306064227.554980_KR_webconnectivity_f06467b97e4f882f
https://www.echr.coe.int/,ok,https://explorer.ooni.org/m/20260306064229.348848_KR_webconnectivity_cd51810936c576f4
https://www.economist.com/,ok,https://explorer.ooni.org/m/20260306064232.171308_KR_webconnectivity_d6464d54892be517
http://www.eduhope.net/,ok,https://explorer.ooni.org/m/20260306064241.959648_KR_webconnectivity_e93f439bca91bb56
https://www.eff.org/,ok,https://explorer.ooni.org/m/20260306064250.503899_KR_webconnectivity_f02eb03315995bc8
https://www.eluniversal.com/,ok,https://explorer.ooni.org/m/20260306064302.691596_KR_webconnectivity_0f6a99efec741b0c
https://www.endfgm.eu/,ok,https://explorer.ooni.org/m/20260306064307.793246_KR_webconnectivity_2261dcca5e3260b3
http://www.equaline.or.kr/,ok,https://explorer.ooni.org/m/20260306064321.144346_KR_webconnectivity_718eaf3694abb9f9
https://www.eurobicon.org/,dns,https://explorer.ooni.org/m/20260306064322.720077_KR_webconnectivity_c9011b2bcfa644b4
https://www.euronews.com/,ok,https://explorer.ooni.org/m/20260306064331.548897_KR_webconnectivity_e484eefc5f334d6d
https://www.exgay.com/,ok,https://explorer.ooni.org/m/20260306064333.332093_KR_webconnectivity_cdbc731463e4b5f6
https://www.exitinternational.net/,ok,https://explorer.ooni.org/m/20260306064343.785984_KR_webconnectivity_7cbd71c1b35bcdf5
https://www.expressvpn.com/,ok,https://explorer.ooni.org/m/20260306064356.665178_KR_webconnectivity_a53480965788750f
https://www.f-secure.com/,http-failure,https://explorer.ooni.org/m/20260306064418.339221_KR_webconnectivity_5a6fb5cde44fa8a3
https://www.familyequality.org/,ok,https://explorer.ooni.org/m/20260306064429.516409_KR_webconnectivity_0f3b0856de5e620b
http://www.feer.com/,ok,https://explorer.ooni.org/m/20260306064430.487978_KR_webconnectivity_fcd7225148a705e2
https://www.feminist.com/,ok,https://explorer.ooni.org/m/20260306064447.987733_KR_webconnectivity_6ac18424e810f984
https://www.fidh.org/,ok,https://explorer.ooni.org/m/20260306064456.292955_KR_webconnectivity_d2c324024de5d59b
http://www.fktu.or.kr/,ok,https://explorer.ooni.org/m/20260306064504.216681_KR_webconnectivity_d2cc26178f8bedff
https://www.fondationdefrance.org/,ok,https://explorer.ooni.org/m/20260306064515.910318_KR_webconnectivity_165aab0ae5fea7fb
https://www.forbes.com/,ok,https://explorer.ooni.org/m/20260306064524.578389_KR_webconnectivity_17f1c387c70c754f
https://www.fordfoundation.org/,ok,https://explorer.ooni.org/m/20260306064533.350223_KR_webconnectivity_eef8d049aa84f170
http://www.forum-asia.org/,ok,https://explorer.ooni.org/m/20260306064535.930208_KR_webconnectivity_8d9c909326788188
https://www.forum18.org/,ok,https://explorer.ooni.org/m/20260306064541.247441_KR_webconnectivity_056955bd7b23323a
https://www.foxnews.com/,ok,https://explorer.ooni.org/m/20260306064554.122656_KR_webconnectivity_5d69779e9da1c3e6
https://www.france24.com/,ok,https://explorer.ooni.org/m/20260306064556.304147_KR_webconnectivity_368bbb3181414dca
https://www.francemediasmonde.com/,ok,https://explorer.ooni.org/m/20260306064608.172439_KR_webconnectivity_a95c5b951ff5bf3d
http://www.freedominfo.org/,ok,https://explorer.ooni.org/m/20260306064610.001235_KR_webconnectivity_fc893895fb5936d1
http://www.freeexpression.org/,ok,https://explorer.ooni.org/m/20260306064620.511998_KR_webconnectivity_8b551c1128ae28d6
https://www.freespeech.com/,ok,https://explorer.ooni.org/m/20260306064636.296215_KR_webconnectivity_6f90f8caf8a9557c
http://www.fridae.com/,dns,https://explorer.ooni.org/m/20260306064637.764147_KR_webconnectivity_3a899c76c7c1f857
https://www.frontlinedefenders.org/,ok,https://explorer.ooni.org/m/20260306064646.118720_KR_webconnectivity_6efdb847135f6276
https://www.ft.com/,ok,https://explorer.ooni.org/m/20260306064658.915322_KR_webconnectivity_a5e71eb713a3ac9a
http://www.ftchinese.com/,ok,https://explorer.ooni.org/m/20260306064710.602242_KR_webconnectivity_7ad5208724ea4abc
http://www.gayegypt.com/,dns,https://explorer.ooni.org/m/20260306064712.699478_KR_webconnectivity_3dcd060f50b82345
http://www.gayscape.com/,dns,https://explorer.ooni.org/m/20260306064715.994757_KR_webconnectivity_69670d49f21121f2
https://www.gaystarnews.com/,dns,https://explorer.ooni.org/m/20260306064717.169001_KR_webconnectivity_ac432ed77c752fa8
https://www.gearthblog.com/,ok,https://explorer.ooni.org/m/20260306064723.526015_KR_webconnectivity_966c7c77e61b6308
https://www.genderit.org/,ok,https://explorer.ooni.org/m/20260306064728.390065_KR_webconnectivity_9d18cd899a582d45
https://www.getoutline.org/,ok,https://explorer.ooni.org/m/20260306064733.524266_KR_webconnectivity_67c4a7130f492d3c
https://www.girlsnotbrides.org/,ok,https://explorer.ooni.org/m/20260306064748.583216_KR_webconnectivity_cb88de671e6f9bf2
http://www.glaad.org/,ok,https://explorer.ooni.org/m/20260306064804.574371_KR_webconnectivity_0b2999787a486f4e
http://www.glbtqarchive.com/,ok,https://explorer.ooni.org/m/20260306064806.537098_KR_webconnectivity_14c3399a328a8116
https://www.globaleaks.org/,ok,https://explorer.ooni.org/m/20260306064815.227630_KR_webconnectivity_bfe049be7ad39582
https://www.globalfundforwomen.org/,ok,https://explorer.ooni.org/m/20260306064828.329379_KR_webconnectivity_b1ed7dd05367c775
http://www.globalgayz.com/g-korea.html,ok,https://explorer.ooni.org/m/20260306064838.981054_KR_webconnectivity_b5a062c1f9630227
http://www.globalr2p.org/,ok,https://explorer.ooni.org/m/20260306064851.919879_KR_webconnectivity_bf64224f7e1fefd3
https://www.glsen.org/,ok,https://explorer.ooni.org/m/20260306064903.908035_KR_webconnectivity_0f49869e39b944c5
http://www.gmhc.org/,ok,https://explorer.ooni.org/m/20260306064918.390519_KR_webconnectivity_4e72bb4370f514b6
https://www.gnu.org/,ok,https://explorer.ooni.org/m/20260306064939.617618_KR_webconnectivity_85a25f13097ff034
https://www.gnupg.org/,ok,https://explorer.ooni.org/m/20260306064944.779828_KR_webconnectivity_240c43973bcf3aec
http://www.gobalnews.com/,ok,https://explorer.ooni.org/m/20260306064954.092728_KR_webconnectivity_ce76ad3eb3f6b7a3
http://www.goodasyou.net/,dns,https://explorer.ooni.org/m/20260306064955.152862_KR_webconnectivity_302ac06129928160
http://www.granma.cu/,ok,https://explorer.ooni.org/m/20260306065008.671832_KR_webconnectivity_027104aa324f5ad5
https://www.haaretz.com/,ok,https://explorer.ooni.org/m/20260306065022.315883_KR_webconnectivity_61c9e8ab96c77ba8
http://www.hani.co.kr/,ok,https://explorer.ooni.org/m/20260306065030.037189_KR_webconnectivity_2a0357dd66829bf7
http://www.hankooki.com/,ok,https://explorer.ooni.org/m/20260306065043.207925_KR_webconnectivity_d546b689e8ff8927
http://www.hellodd.com/,ok,https://explorer.ooni.org/m/20260306065056.005605_KR_webconnectivity_43d4ccd95f32242e
https://www.herdict.org/,ok,https://explorer.ooni.org/m/20260306065105.487884_KR_webconnectivity_ca8d421ee35cf2ee
https://www.heritage.org/,ok,https://explorer.ooni.org/m/20260306065112.181411_KR_webconnectivity_158650fc56118e4d
https://www.heyjane.com/,ok,https://explorer.ooni.org/m/20260306065122.025484_KR_webconnectivity_1594cea2b3d9c727
https://www.hidemyass.com/,dns,https://explorer.ooni.org/m/20260306065123.260871_KR_webconnectivity_a02d52c3f72584bc
http://www.hizb-ut-tahrir.org/,tcp_ip,https://explorer.ooni.org/m/20260306065209.793247_KR_webconnectivity_e994a9edd4899f7c
http://www.hopeandlaw.org/,ok,https://explorer.ooni.org/m/20260306065225.096154_KR_webconnectivity_304b4e2fae384b87
http://www.hotline.or.kr/,ok,https://explorer.ooni.org/m/20260306065237.084588_KR_webconnectivity_7146e3d9580539bb
http://www.hrc.org/,ok,https://explorer.ooni.org/m/20260306065253.505120_KR_webconnectivity_28034e4affc71575
http://www.hrea.org/,ok,https://explorer.ooni.org/m/20260306065306.377018_KR_webconnectivity_d09037880e852205
https://www.hrw.org/,ok,https://explorer.ooni.org/m/20260306065316.542033_KR_webconnectivity_56427a5fb731be91
https://www.hrw.org/asia/south-korea,ok,https://explorer.ooni.org/m/20260306065323.596562_KR_webconnectivity_dba637208ce9e418
http://www.http-tunnel.com/,dns,https://explorer.ooni.org/m/20260306065325.037415_KR_webconnectivity_ad9de515153acba2
https://www.huffpost.com/,ok,https://explorer.ooni.org/m/20260306065333.972836_KR_webconnectivity_3150d166c06a99ff
https://www.humanrightsconnected.org/,ok,https://explorer.ooni.org/m/20260306065337.720272_KR_webconnectivity_14425d721efed493
http://www.humanrightsfirst.org/,ok,https://explorer.ooni.org/m/20260306065350.829420_KR_webconnectivity_7103b619caa8e6da
https://www.hyphanet.org/,dns,https://explorer.ooni.org/m/20260306065352.171345_KR_webconnectivity_8e92053df9194210
http://www.i615.net/,error,https://explorer.ooni.org/m/20260306065357.293016_KR_webconnectivity_0f6b7fa65b9c6a71
http://www.iaffe.org/,ok,https://explorer.ooni.org/m/20260306065401.964716_KR_webconnectivity_e5a0dc58c5127388
https://www.icc-cpi.int/,ok,https://explorer.ooni.org/m/20260306065410.484690_KR_webconnectivity_a8d363461118d638
https://www.icij.org/,ok,https://explorer.ooni.org/m/20260306065425.940337_KR_webconnectivity_8928ed45e49ceb38
http://www.icrw.org/,ok,https://explorer.ooni.org/m/20260306065434.419006_KR_webconnectivity_462ea40a49e65e85
https://www.ictj.org/,ok,https://explorer.ooni.org/m/20260306065442.136508_KR_webconnectivity_99e5ea334ba99281
http://www.idea.int/,ok,https://explorer.ooni.org/m/20260306065456.231026_KR_webconnectivity_61c3dd92c56193d6
http://www.ifex.org/,ok,https://explorer.ooni.org/m/20260306065507.020743_KR_webconnectivity_4047f85c1198f422
http://www.ifge.org/,dns,https://explorer.ooni.org/m/20260306065509.633554_KR_webconnectivity_1d7f1829536fbeaf
http://www.ifj-asia.org/,tcp_ip,https://explorer.ooni.org/m/20260306065555.493164_KR_webconnectivity_6af27939f77d8933
http://www.ifj.org/,ok,https://explorer.ooni.org/m/20260306065603.140399_KR_webconnectivity_09370606ffe0defa
https://www.ihrc.org.uk/,ok,https://explorer.ooni.org/m/20260306065619.260539_KR_webconnectivity_94b927fe36ea1453
https://www.ijm.org/,ok,https://explorer.ooni.org/m/20260306065631.697036_KR_webconnectivity_6b4777d00e3bb291
https://www.iknowpolitics.org/,ok,https://explorer.ooni.org/m/20260306065648.009279_KR_webconnectivity_592488d907a78a93
https://www.ilga-europe.org/,ok,https://explorer.ooni.org/m/20260306065701.649389_KR_webconnectivity_11df2ccb570f2199
http://www.ilga.info/,ok,https://explorer.ooni.org/m/20260306065709.278528_KR_webconnectivity_c975baec0eea5a00
http://www.ilga.org/asia/,ok,https://explorer.ooni.org/m/20260306065721.237109_KR_webconnectivity_7c5e9c2b1a09d615
http://www.ilo.org/public/english/region/asro/bangkok/child/trafficking/index.htm,ok,https://explorer.ooni.org/m/20260306065734.113501_KR_webconnectivity_832da3d75cddf9e3
https://www.indiatimes.com/,ok,https://explorer.ooni.org/m/20260306065753.431917_KR_webconnectivity_fde63f8e06df346e
https://www.ineedana.com/,dns,https://explorer.ooni.org/m/20260306065755.278769_KR_webconnectivity_5ff9d4f70a2c820b
http://www.inetprivacy.com/,dns,https://explorer.ooni.org/m/20260306065756.230712_KR_webconnectivity_07684dd672832868
http://www.inews24.com/,ok,https://explorer.ooni.org/m/20260306065805.694279_KR_webconnectivity_ec3820cb97033e54
https://www.infomigrants.net/,ok,https://explorer.ooni.org/m/20260306065807.814795_KR_webconnectivity_ee8b5c5c90102a4d
https://www.infowars.com/,ok,https://explorer.ooni.org/m/20260306065819.671582_KR_webconnectivity_b1414fe10760f5ae
http://www.inkwon.or.kr/,ok,https://explorer.ooni.org/m/20260306065827.338060_KR_webconnectivity_506b770885b933f6
http://www.inminds.co.uk/,ok,https://explorer.ooni.org/m/20260306065841.125691_KR_webconnectivity_972d44fd061f016d
http://www.inochong.org/,ok,https://explorer.ooni.org/m/20260306065843.564969_KR_webconnectivity_a60aa7b23a336c71
https://www.ipetitions.com/,ok,https://explorer.ooni.org/m/20260306065851.291857_KR_webconnectivity_151061883fd62dfc
https://www.ipredator.se/,dns,https://explorer.ooni.org/m/20260306065852.290550_KR_webconnectivity_5c19a54944b2a6a1
http://www.irna.ir/,ok,https://explorer.ooni.org/m/20260306065856.139081_KR_webconnectivity_26384be712200f2b
http://www.isiswomen.org/,ok,https://explorer.ooni.org/m/20260306065900.676641_KR_webconnectivity_bd68a49ec1a386a7
http://www.islamawareness.net/,ok,https://explorer.ooni.org/m/20260306065906.910444_KR_webconnectivity_c8baa33ba3d59cd3
http://www.islamawareness.net/Asia/KoreaSouth/,ok,https://explorer.ooni.org/m/20260306065915.596422_KR_webconnectivity_902a59d0d51f1118
http://www.islamkorea.com/,ok,https://explorer.ooni.org/m/20260306065931.674071_KR_webconnectivity_a044e5f2f6ae97c5
https://www.ivpn.net/,dns,https://explorer.ooni.org/m/20260306065933.616548_KR_webconnectivity_2bcf71aa380a74c7
http://www.iwraw-ap.org/,ok,https://explorer.ooni.org/m/20260306065943.177435_KR_webconnectivity_0e2da7b843b7a810
https://www.iwraw-ap.org/,ok,https://explorer.ooni.org/m/20260306065950.585030_KR_webconnectivity_7ecc8be8757a3e98
http://www.japantimes.co.jp/,ok,https://explorer.ooni.org/m/20260306070001.746148_KR_webconnectivity_7f1360e75dc7e82c
http://www.jcmk.org/,ok,https://explorer.ooni.org/m/20260306070019.488924_KR_webconnectivity_ad229ac173a69787
http://www.jhr.ca/,ok,https://explorer.ooni.org/m/20260306070042.646987_KR_webconnectivity_226ee348ec5e0303
https://www.jihadwatch.org/,ok,https://explorer.ooni.org/m/20260306070044.890414_KR_webconnectivity_bf1c541b591729de
http://www.jinbocorea.org/,ok,https://explorer.ooni.org/m/20260306070104.668217_KR_webconnectivity_9938df55861269f2
http://www.jmarshall.com/,ok,https://explorer.ooni.org/m/20260306070109.373171_KR_webconnectivity_1d64fed6339ff50b
https://www.jmarshall.com/,ok,https://explorer.ooni.org/m/20260306070111.930719_KR_webconnectivity_9d58f39ec28c60c1
http://www.kcna.co.jp/,confirmed,https://explorer.ooni.org/m/20260306070114.873427_KR_webconnectivity_5583378f6b006233
http://www.kcna.kp/,dns,https://explorer.ooni.org/m/20260306070116.475094_KR_webconnectivity_3ddd0ee5caf7e814
http://www.kctu.org/,ok,https://explorer.ooni.org/m/20260306070121.214966_KR_webconnectivity_d1c63e7c62295e13
http://www.kdawu.org/,ok,https://explorer.ooni.org/m/20260306070127.927970_KR_webconnectivity_7f34757824f6458c
http://www.kdlp.org/,ok,https://explorer.ooni.org/m/20260306070133.218319_KR_webconnectivity_e23d77b57ac1511b
http://www.khan.co.kr/,ok,https://explorer.ooni.org/m/20260306070147.508940_KR_webconnectivity_76b805033621e755
http://www.khrp.org/,ok,https://explorer.ooni.org/m/20260306070152.191623_KR_webconnectivity_1fdd096c71e19422
http://www.kita.net/,ok,https://explorer.ooni.org/m/20260306070209.088010_KR_webconnectivity_c1e7cf203b864e7f
https://www.knapsackforhope.org/,ok,https://explorer.ooni.org/m/20260306070212.158534_KR_webconnectivity_c6948c0c078c32fa
http://www.kncc.or.kr/,error,https://explorer.ooni.org/m/20260306070230.316962_KR_webconnectivity_2d4f0fc5727809d2
http://www.kngo.net/,error,https://explorer.ooni.org/m/20260306070247.151145_KR_webconnectivity_32dc73c895b01c3d
http://www.korea-htr.com/,confirmed,https://explorer.ooni.org/m/20260306070248.778552_KR_webconnectivity_a127985b55607094
http://www.korea-htr.com/chuo/,confirmed,https://explorer.ooni.org/m/20260306070250.874404_KR_webconnectivity_ab9db29b06111d2f
http://www.koreaherald.co.kr/,ok,https://explorer.ooni.org/m/20260306070305.194476_KR_webconnectivity_f063d27301b1610d
http://www.korealiberator.org/,ok,https://explorer.ooni.org/m/20260306070313.226027_KR_webconnectivity_7e7d3d80ce3cbfaf
http://www.korva.or.kr/,ok,https://explorer.ooni.org/m/20260306070325.641506_KR_webconnectivity_9441f1086f976852
http://www.kpil.org/,ok,https://explorer.ooni.org/m/20260306070332.549041_KR_webconnectivity_d70ad918ab81581e
http://www.kqcf.org/,ok,https://explorer.ooni.org/m/20260306070335.094953_KR_webconnectivity_d438ce77e9bd7b14
http://www.kwdi.re.kr/,ok,https://explorer.ooni.org/m/20260306070405.488931_KR_webconnectivity_60b0ff962bc1b072
http://www.kwpa.org/,ok,https://explorer.ooni.org/m/20260306070414.910602_KR_webconnectivity_8b0c663a64020cdb
http://www.kwwnet.org/,ok,https://explorer.ooni.org/m/20260306070429.478633_KR_webconnectivity_d2c56a481f0b1410
http://www.laborrightsnow.org/,ok,https://explorer.ooni.org/m/20260306070434.223366_KR_webconnectivity_0acfdc63bc15b0a9
http://www.lanacion.com.ar/,ok,https://explorer.ooni.org/m/20260306070445.604051_KR_webconnectivity_fad651ddc260d225
https://www.laquadrature.net/,ok,https://explorer.ooni.org/m/20260306070452.199272_KR_webconnectivity_0178df3b8448a864
http://www.latimes.com/,ok,https://explorer.ooni.org/m/20260306070502.585794_KR_webconnectivity_4d1eebfdd2c28879
https://www.lds.org/,ok,https://explorer.ooni.org/m/20260306070514.462722_KR_webconnectivity_cf5ec41cc44594ad
http://www.learningpartnership.org/,ok,https://explorer.ooni.org/m/20260306070522.436649_KR_webconnectivity_721288f624af9ec9
https://www.lemonde.fr/,ok,https://explorer.ooni.org/m/20260306070532.606622_KR_webconnectivity_769455f5b6e28185
https://www.lgbtmap.org/,ok,https://explorer.ooni.org/m/20260306070548.259419_KR_webconnectivity_2bca1bc45403d2ae
http://www.lgbtpride.or.kr/,ok,https://explorer.ooni.org/m/20260306070557.958358_KR_webconnectivity_8181ed2e3c241d54
https://www.lgbtqnation.com/,ok,https://explorer.ooni.org/m/20260306070608.288071_KR_webconnectivity_fc4597d990caf39f
https://www.lilithfund.org/,ok,https://explorer.ooni.org/m/20260306070622.650805_KR_webconnectivity_0165a04bececff03
http://www.littlespeck.com/,ok,https://explorer.ooni.org/m/20260306070628.952229_KR_webconnectivity_de1df70371321e63
https://www.logmein.com/,ok,https://explorer.ooni.org/m/20260306070631.223325_KR_webconnectivity_c357aa93ec7f40c3
https://www.madre.org/,ok,https://explorer.ooni.org/m/20260306070640.982115_KR_webconnectivity_2ad5777e49d32633
http://www.mainichi.co.jp/,ok,https://explorer.ooni.org/m/20260306070646.876966_KR_webconnectivity_c2e5094e0a23b263
https://www.mamacash.org/,ok,https://explorer.ooni.org/m/20260306070657.513299_KR_webconnectivity_cb0949d4814cbfed
https://www.martus.org/,ok,https://explorer.ooni.org/m/20260306070701.231240_KR_webconnectivity_bbe00c8c1b9f9785
https://www.mc-doualiya.com/,ok,https://explorer.ooni.org/m/20260306070703.880073_KR_webconnectivity_edc9783c744c6c2b
http://www.mediareform.co.kr/,ok,https://explorer.ooni.org/m/20260306070711.994695_KR_webconnectivity_406d132a513ec991
http://www.mediatoday.co.kr/,ok,https://explorer.ooni.org/m/20260306070728.607719_KR_webconnectivity_adc8cae5e3ca8a0b
http://www.mediaus.co.kr/,ok,https://explorer.ooni.org/m/20260306070741.323785_KR_webconnectivity_8328563ed38025c0
https://www.megaproxy.com/,dns,https://explorer.ooni.org/m/20260306070742.898955_KR_webconnectivity_fae2e54d26481b94
https://www.mideastyouth.com/,ok,https://explorer.ooni.org/m/20260306070753.070932_KR_webconnectivity_e69ab07ae3f3a372
http://www.migrant114.org/,dns,https://explorer.ooni.org/m/20260306070756.570772_KR_webconnectivity_b690d07606b05d3e
http://www.migrantsinkorea.net/,ok,https://explorer.ooni.org/m/20260306070758.230969_KR_webconnectivity_62129b348dd965bd
http://www.mizzima.com/,ok,https://explorer.ooni.org/m/20260306070800.383476_KR_webconnectivity_1b70503687657d90
https://www.mombian.com/,ok,https://explorer.ooni.org/m/20260306070802.018321_KR_webconnectivity_20e436f446fa51da
http://www.mongu.net/,ok,https://explorer.ooni.org/m/20260306070806.038640_KR_webconnectivity_5c075f2d9455a4f8
https://www.mormon.org/,ok,https://explorer.ooni.org/m/20260306070812.856885_KR_webconnectivity_40773c320849f437
https://www.msichoices.org/,dns,https://explorer.ooni.org/m/20260306070814.117242_KR_webconnectivity_c2dc0857d078bc8a
https://www.muckrock.com/,ok,https://explorer.ooni.org/m/20260306070825.967452_KR_webconnectivity_9510bba07c2c40b6
https://www.musalaha.org/,ok,https://explorer.ooni.org/m/20260306070838.442209_KR_webconnectivity_31fd22d29734580d
http://www.naeil.com/,ok,https://explorer.ooni.org/m/20260306070846.401485_KR_webconnectivity_fffd01c1a4110eed
https://www.namecoin.org/,ok,https://explorer.ooni.org/m/20260306070852.578223_KR_webconnectivity_339fcd82992a094f
http://www.naral.org/,ok,https://explorer.ooni.org/m/20260306070902.579285_KR_webconnectivity_1be6522ed9868f71
https://www.nbc.com/,ok,https://explorer.ooni.org/m/20260306070915.007691_KR_webconnectivity_f754dd2ac0866261
https://www.nbcnews.com/,ok,https://explorer.ooni.org/m/20260306070929.018985_KR_webconnectivity_d37078498e164607
https://www.nbcnewyork.com/,ok,https://explorer.ooni.org/m/20260306070936.058902_KR_webconnectivity_f1243b945a18ef74
http://www.nclrights.org/,ok,https://explorer.ooni.org/m/20260306070950.139320_KR_webconnectivity_07bcc1609b18e409
https://www.ndi.org/,ok,https://explorer.ooni.org/m/20260306071001.634859_KR_webconnectivity_a454f8e948dc4449
https://www.ned.org/,ok,https://explorer.ooni.org/m/20260306071009.341515_KR_webconnectivity_78ccc09c765b47ee
http://www.newnownext.com/,ok,https://explorer.ooni.org/m/20260306071024.501404_KR_webconnectivity_140a9a1d49084be5
http://www.newnownext.com/franchise/the-backlot/,ok,https://explorer.ooni.org/m/20260306071035.725317_KR_webconnectivity_3faab8bf6a4de5ae
http://www.newscham.net/,ok,https://explorer.ooni.org/m/20260306071043.222637_KR_webconnectivity_b96bd0f23ea3673f
https://www.nifty.org/,dns,https://explorer.ooni.org/m/20260306071044.711845_KR_webconnectivity_87167779208343a8
https://www.njal.la/,ok,https://explorer.ooni.org/m/20260306071058.034449_KR_webconnectivity_440dea2d97899746
http://www.nkhumanrights.or.kr/,ok,https://explorer.ooni.org/m/20260306071101.561081_KR_webconnectivity_38d15862edbb1f01
http://www.nkzone.org/,tcp_ip,https://explorer.ooni.org/m/20260306071148.682322_KR_webconnectivity_b127a6972b9bc173
http://www.nocutnews.co.kr/,ok,https://explorer.ooni.org/m/20260306071206.979687_KR_webconnectivity_d128ca55ab35dcef
http://www.nodong.org/,ok,https://explorer.ooni.org/m/20260306071222.416956_KR_webconnectivity_9d12a339821a5c77
http://www.nonghyup.com/,ok,https://explorer.ooni.org/m/20260306071226.894530_KR_webconnectivity_c4eb02fa22fbe86b
https://www.nostraightnews.com/,ok,https://explorer.ooni.org/m/20260306071239.496142_KR_webconnectivity_37f74bb099639593
https://www.npr.org/,ok,https://explorer.ooni.org/m/20260306071255.459102_KR_webconnectivity_e1450c3daacd44df
https://www.ntv.ru/,ok,https://explorer.ooni.org/m/20260306071309.550586_KR_webconnectivity_714ef804edf066c8
https://www.nwci.ie/,ok,https://explorer.ooni.org/m/20260306071316.057536_KR_webconnectivity_63ffbdd0c4160ee1
https://www.nytimes.com/,ok,https://explorer.ooni.org/m/20260306071328.938829_KR_webconnectivity_2c795fa2b42326dc
https://www.oas.org/,ok,https://explorer.ooni.org/m/20260306071337.292339_KR_webconnectivity_5326e356c0e5eeab
https://www.occrp.org/,ok,https://explorer.ooni.org/m/20260306071350.468820_KR_webconnectivity_9646e02e08ef7514
https://www.ohchr.org/,ok,https://explorer.ooni.org/m/20260306071352.873464_KR_webconnectivity_5ad81ad328e9e904
http://www.ohmynews.com/,ok,https://explorer.ooni.org/m/20260306071403.948974_KR_webconnectivity_1c83cb452dc0e823
http://www.omct.org/,ok,https://explorer.ooni.org/m/20260306071421.535442_KR_webconnectivity_7eeb979792c2dd11
https://www.omct.org/,ok,https://explorer.ooni.org/m/20260306071437.117861_KR_webconnectivity_0d31736e94bdabc7
http://www.oneworld.net/,ok,https://explorer.ooni.org/m/20260306071458.414428_KR_webconnectivity_865836b1ab735214
https://www.opendns.com/,ok,https://explorer.ooni.org/m/20260306071503.258530_KR_webconnectivity_29925c06bf2d8752
https://www.openpgp.org/,ok,https://explorer.ooni.org/m/20260306071507.136019_KR_webconnectivity_e0099aeafaa6257b
https://www.opensocietyfoundations.org/,ok,https://explorer.ooni.org/m/20260306071520.346461_KR_webconnectivity_4a1dd9b833d73a4c
https://www.opentech.fund/,ok,https://explorer.ooni.org/m/20260306071531.135289_KR_webconnectivity_bb413fcdf7685b8e
https://www.ou.org/,ok,https://explorer.ooni.org/m/20260306071545.404992_KR_webconnectivity_79859eca19f61d65
http://www.pcusa.org/,ok,https://explorer.ooni.org/m/20260306071556.294540_KR_webconnectivity_b6b9b718b56778c4
http://www.peacefire.org/circumventor/simple-circumventor-instructions.html,dns,https://explorer.ooni.org/m/20260306071557.353969_KR_webconnectivity_6e4838c801ac264e
http://www.people.com.cn/,ok,https://explorer.ooni.org/m/20260306071611.784588_KR_webconnectivity_d61bcf89c83116b8
http://www.peoplepower21.org/,ok,https://explorer.ooni.org/m/20260306071621.975856_KR_webconnectivity_84918bea0180ee6d
https://www.phpmyadmin.net/,ok,https://explorer.ooni.org/m/20260306071628.456300_KR_webconnectivity_c4fa2fa4b81a1d27
http://www.pikicast.com/,error,https://explorer.ooni.org/m/20260306071630.967840_KR_webconnectivity_a150e4801f6ec5f3
https://www.pinkcupid.com/,dns,https://explorer.ooni.org/m/20260306071632.313452_KR_webconnectivity_451b131b12d90d7e
https://www.pinknews.co.uk/,http-failure,https://explorer.ooni.org/m/20260306071635.638664_KR_webconnectivity_d44f76245acb7854
https://www.piratenpartei.ch/,ok,https://explorer.ooni.org/m/20260306071644.882556_KR_webconnectivity_9ce6a9cb41c008cf
http://www.piratpartiet.se/,ok,https://explorer.ooni.org/m/20260306071705.959558_KR_webconnectivity_937fb618f552fa08
https://www.planetromeo.com/,dns,https://explorer.ooni.org/m/20260306071707.927545_KR_webconnectivity_1458ec1b5ab4d618
http://www.poweroftruth.net/,ok,https://explorer.ooni.org/m/20260306071720.987933_KR_webconnectivity_49474c69163d031d
https://www.pravda.ru/,dns,https://explorer.ooni.org/m/20260306071737.786891_KR_webconnectivity_e11a8562f331bed2
http://www.pressian.com/,ok,https://explorer.ooni.org/m/20260306071751.059599_KR_webconnectivity_8c77fcab65f51645
https://www.pridemedia.com/,ok,https://explorer.ooni.org/m/20260306071803.844990_KR_webconnectivity_f30c7f03ae709a69
https://www.privacidade.digital/,ok,https://explorer.ooni.org/m/20260306071810.601943_KR_webconnectivity_1f2be63af4990c32
https://www.privacyguides.org/,ok,https://explorer.ooni.org/m/20260306071820.851411_KR_webconnectivity_696277c5eee5827b
https://www.privacyinternational.org/,ok,https://explorer.ooni.org/m/20260306071828.376074_KR_webconnectivity_e4d2d8e641cffbe6
https://www.privacytools.io/,ok,https://explorer.ooni.org/m/20260306071836.576011_KR_webconnectivity_787005f446b4423a
https://www.privateinternetaccess.com/,dns,https://explorer.ooni.org/m/20260306071838.022542_KR_webconnectivity_0a0cc8d598a96cc4
http://www.privaterra.org/,ok,https://explorer.ooni.org/m/20260306071846.718819_KR_webconnectivity_4a241b65d0e007af
https://www.projectveritas.com/,ok,https://explorer.ooni.org/m/20260306071855.719414_KR_webconnectivity_0e64339bcb2f72e3
https://www.propublica.org/,ok,https://explorer.ooni.org/m/20260306071909.176139_KR_webconnectivity_eba5df9701f0b78e
https://www.protectioninternational.org/,ok,https://explorer.ooni.org/m/20260306071924.952376_KR_webconnectivity_df23ae7b480df35e
http://www.protest.net/,dns,https://explorer.ooni.org/m/20260306071926.333596_KR_webconnectivity_31263949c219872b
https://www.purevpn.com/,dns,https://explorer.ooni.org/m/20260306071927.855823_KR_webconnectivity_16d74c4cc8dcfdd5
http://www.qhnews.com/,ok,https://explorer.ooni.org/m/20260306071958.567415_KR_webconnectivity_36f0fc42147e2333
https://www.queerty.com/,dns,https://explorer.ooni.org/m/20260306071959.518416_KR_webconnectivity_4e22c920bf5a46e3
http://www.radicalparty.org/,ok,https://explorer.ooni.org/m/20260306072015.126584_KR_webconnectivity_56ee82f6bb3e2aaa
http://www.rainbowfoundation.co.kr/,ok,https://explorer.ooni.org/m/20260306072029.384441_KR_webconnectivity_87af313e30c389db
https://www.rambler.ru/,ok,https://explorer.ooni.org/m/20260306072042.232933_KR_webconnectivity_b3d2fa3783431f30
https://www.rawa.org/,ok,https://explorer.ooni.org/m/20260306072046.609661_KR_webconnectivity_7f0cfc8c7b30c2bd
http://www.redian.org/,ok,https://explorer.ooni.org/m/20260306072058.064534_KR_webconnectivity_22d26de516047dc4
https://www.redstateaccess.com/,ok,https://explorer.ooni.org/m/20260306072101.890794_KR_webconnectivity_a3e0d0a72160ee18
https://www.refugeesinternational.org/,ok,https://explorer.ooni.org/m/20260306072115.916045_KR_webconnectivity_54c9da531f0fbec1
https://www.reprolegalhelpline.org/,dns,https://explorer.ooni.org/m/20260306072118.086828_KR_webconnectivity_3d1c34b068df541a
http://www.repubblica.com/,ok,https://explorer.ooni.org/m/20260306072129.697021_KR_webconnectivity_158632354d08dd0b
https://www.rescue.org/,ok,https://explorer.ooni.org/m/20260306072141.499038_KR_webconnectivity_664e26ec9402f350
https://www.reuters.com/,ok,https://explorer.ooni.org/m/20260306072146.805302_KR_webconnectivity_357b16dc417f3a73
https://www.rfa.org/,ok,https://explorer.ooni.org/m/20260306072203.003404_KR_webconnectivity_66ea81ccd5ff606f
https://www.rferl.org/,ok,https://explorer.ooni.org/m/20260306072218.939277_KR_webconnectivity_db2505f2eda10fd7
https://www.rfi.fr/,ok,https://explorer.ooni.org/m/20260306072221.858255_KR_webconnectivity_ba803dbec0ab773e
http://www.rights.or.kr/,error,https://explorer.ooni.org/m/20260306072234.366619_KR_webconnectivity_77fe4d20ccc0d9b1
http://www.righttodie.ca/,ok,https://explorer.ooni.org/m/20260306072237.723678_KR_webconnectivity_690aa38c16b8ea3a
http://www.rsf.org/article.php3?id_article=17361,ok,https://explorer.ooni.org/m/20260306072255.565608_KR_webconnectivity_f00dfda0d0614a5b
https://www.rt.com/,ok,https://explorer.ooni.org/m/20260306072309.632732_KR_webconnectivity_45e885f34a185a57
https://www.rtarabic.com/,ok,https://explorer.ooni.org/m/20260306072324.054542_KR_webconnectivity_66d83cec2b633440
http://www.samesexmarriage.ca/,dns,https://explorer.ooni.org/m/20260306072324.904562_KR_webconnectivity_d4750020d3dcd658
http://www.sarangbang.or.kr/,ok,https://explorer.ooni.org/m/20260306072333.787881_KR_webconnectivity_e3f931a3a0661647
https://www.savethechildren.net/,ok,https://explorer.ooni.org/m/20260306072350.502729_KR_webconnectivity_2eac09633a1295ee
https://www.sbs.com.au/language/coronavirus?cid=infocus,ok,https://explorer.ooni.org/m/20260306072401.222579_KR_webconnectivity_b0049ffbbab48bed
http://www.scmp.com/,ok,https://explorer.ooni.org/m/20260306072412.547515_KR_webconnectivity_0028dc882d0590b0
https://www.scmp.com/,ok,https://explorer.ooni.org/m/20260306072424.476431_KR_webconnectivity_7060a6b1ae05d3c0
https://www.scruff.com/,dns,https://explorer.ooni.org/m/20260306072425.605694_KR_webconnectivity_dbd5a7a15462bc76
https://www.secfirst.org/,error,https://explorer.ooni.org/m/20260306072428.742914_KR_webconnectivity_9f92ad62a279ad3f
https://www.securityinabox.org/,ok,https://explorer.ooni.org/m/20260306072432.383790_KR_webconnectivity_f3420e0d5c9dd480
https://www.shoe.org/,dns,https://explorer.ooni.org/m/20260306072433.729779_KR_webconnectivity_7049abbbcc1bf519
http://www.sisainlive.com/,ok,https://explorer.ooni.org/m/20260306072434.566982_KR_webconnectivity_a0f9a63a1c0cebff
http://www.sisters.or.kr/,ok,https://explorer.ooni.org/m/20260306072451.981195_KR_webconnectivity_db463bea35d5e7fd
http://www.snumaum.org/,ok,https://explorer.ooni.org/m/20260306072454.748987_KR_webconnectivity_b3409e58b5651642
http://www.sp.or.kr/,dns,https://explorer.ooni.org/m/20260306072457.659635_KR_webconnectivity_1770206a453d8772
https://www.spiegel.de/,ok,https://explorer.ooni.org/m/20260306072512.178854_KR_webconnectivity_fc3631690969a181
https://www.starlink.com/,ok,https://explorer.ooni.org/m/20260306072516.467923_KR_webconnectivity_3211b13434f81975
http://www.state.gov/g/drl/rls/hrrpt/2004/41647.htm,ok,https://explorer.ooni.org/m/20260306072532.539567_KR_webconnectivity_4033ce69aa1b7f64
https://www.stonewall.org.uk/,ok,https://explorer.ooni.org/m/20260306072543.587225_KR_webconnectivity_2957bb60f0f14d10
http://www.stopstreetharassment.org/,ok,https://explorer.ooni.org/m/20260306072552.205924_KR_webconnectivity_71aa7250b5915c76
https://www.surfeasy.com/,dns,https://explorer.ooni.org/m/20260306072553.135604_KR_webconnectivity_ed557da3b52a21c0
https://www.teafund.org/,dns,https://explorer.ooni.org/m/20260306072554.198771_KR_webconnectivity_642d262f95bf07da
https://www.techlore.tech/,ok,https://explorer.ooni.org/m/20260306072600.215428_KR_webconnectivity_9d214d457aa22945
https://www.telegraph.co.uk/,ok,https://explorer.ooni.org/m/20260306072602.490378_KR_webconnectivity_44de8a575012c07d
https://www.terredeshommes.nl/,ok,https://explorer.ooni.org/m/20260306072618.571745_KR_webconnectivity_c12b24c1614fb73f
https://www.theatlantic.com/,dns,https://explorer.ooni.org/m/20260306072620.284844_KR_webconnectivity_ebe6c2935fab8a47
http://www.theepochtimes.com/,ok,https://explorer.ooni.org/m/20260306072633.284356_KR_webconnectivity_6839d96b887707c6
https://www.theguardian.com/,ok,https://explorer.ooni.org/m/20260306072645.818824_KR_webconnectivity_d529dbdad0f86575
http://www.theregister.co.uk/,dns,https://explorer.ooni.org/m/20260306072646.700565_KR_webconnectivity_8984345c3424b694
https://www.thetrevorproject.org/,dns,https://explorer.ooni.org/m/20260306072650.229336_KR_webconnectivity_dc485f07ab9d85f9
http://www.tongilnews.com/,ok,https://explorer.ooni.org/m/20260306072701.623514_KR_webconnectivity_4657dd3f0e2fc3fb
https://www.torproject.org/,dns,https://explorer.ooni.org/m/20260306072703.355398_KR_webconnectivity_bd928441f1fc9187
http://www.towleroad.com/,dns,https://explorer.ooni.org/m/20260306072705.174387_KR_webconnectivity_4e67d403d8132dbd
https://www.transgendermap.com/,ok,https://explorer.ooni.org/m/20260306072719.345407_KR_webconnectivity_59690993a40f4805
https://www.transparency.org/,ok,https://explorer.ooni.org/m/20260306072732.587824_KR_webconnectivity_8b8fd9e6fcfd93ad
https://www.tunnelbear.com/,dns,https://explorer.ooni.org/m/20260306072733.895653_KR_webconnectivity_6fd8aba2335894a5
https://www.tvc.ru/,ok,https://explorer.ooni.org/m/20260306072737.560143_KR_webconnectivity_203163b516bf03a3
http://www.u4.no/,ok,https://explorer.ooni.org/m/20260306072749.671557_KR_webconnectivity_1308e58d2e4c876f
http://www.ultimate-anonymity.com/,dns,https://explorer.ooni.org/m/20260306072751.098367_KR_webconnectivity_cde519740c8c5f30
https://www.unfe.org/,ok,https://explorer.ooni.org/m/20260306072753.674497_KR_webconnectivity_7447760e82de9088
https://www.unfpa.org/,ok,https://explorer.ooni.org/m/20260306072805.191037_KR_webconnectivity_a5556d2f629617e9
https://www.unhcr.org/,ok,https://explorer.ooni.org/m/20260306072808.831179_KR_webconnectivity_da18c5f26ef30215
https://www.unicef.org/,ok,https://explorer.ooni.org/m/20260306072810.967358_KR_webconnectivity_c1c044dac6769f21
https://www.upi.com/Top_News/World-News/2019/07/11/Amnesty-International-LGBT-soldiers-face-abuse-in-South-Korea-military/1461562819145/,ok,https://explorer.ooni.org/m/20260306072823.033556_KR_webconnectivity_050a7965db788aa3
https://www.uproxy.org/,dns,https://explorer.ooni.org/m/20260306072824.108458_KR_webconnectivity_c43ffeee4e01e895
http://www.upschool.net/xe/,ok,https://explorer.ooni.org/m/20260306072825.915337_KR_webconnectivity_3b683e380123eee1
https://www.urduvoa.com/,ok,https://explorer.ooni.org/m/20260306072835.818068_KR_webconnectivity_e8970db756cbfaf5
https://www.usatoday.com/,ok,https://explorer.ooni.org/m/20260306072846.792879_KR_webconnectivity_be18ed64d0095648
https://www.vesti.ru/,ok,https://explorer.ooni.org/m/20260306072900.451251_KR_webconnectivity_8afd1de2af50085c
https://www.vice.com/,ok,https://explorer.ooni.org/m/20260306072912.447738_KR_webconnectivity_d0eee71358713168
https://www.voanews.com/,ok,https://explorer.ooni.org/m/20260306072921.080114_KR_webconnectivity_8af782faad56c9e3
http://www.vop.co.kr/,error,https://explorer.ooni.org/m/20260306072923.305884_KR_webconnectivity_dd5c8473153e2318
https://www.vpngate.net/,dns,https://explorer.ooni.org/m/20260306072927.683613_KR_webconnectivity_e335c04b3c087bbc
https://www.warchild.net/,ok,https://explorer.ooni.org/m/20260306072935.224266_KR_webconnectivity_85826b1c1717cdd3
https://www.washingtonpost.com/,dns,https://explorer.ooni.org/m/20260306072936.717970_KR_webconnectivity_67245445176ad0c8
https://www.washingtontimes.com/,ok,https://explorer.ooni.org/m/20260306072949.987949_KR_webconnectivity_f34086b3de12f064
http://www.well.com/,ok,https://explorer.ooni.org/m/20260306073004.889130_KR_webconnectivity_1e3fa9da520bb809
http://www.well.com/user/queerjhd/,ok,https://explorer.ooni.org/m/20260306073009.262512_KR_webconnectivity_2526fc2280193ebb
http://www.wftucentral.org/,ok,https://explorer.ooni.org/m/20260306073017.507926_KR_webconnectivity_5ac21e6d721465ab
https://www.wiesenthal.com/,ok,https://explorer.ooni.org/m/20260306073029.617232_KR_webconnectivity_8932685b109cffbd
https://www.wilpf.org/,ok,https://explorer.ooni.org/m/20260306073043.534799_KR_webconnectivity_afe8da02046d84f3
http://www.withoutwar.org/,ok,https://explorer.ooni.org/m/20260306073056.667439_KR_webconnectivity_bab63afa3f36fb72
https://www.witness.org/,ok,https://explorer.ooni.org/m/20260306073111.089093_KR_webconnectivity_998717c31b4f10b8
http://www.wluml.org/,ok,https://explorer.ooni.org/m/20260306073129.424265_KR_webconnectivity_feb1a36e0a75fed8
http://www.wnd.com/,ok,https://explorer.ooni.org/m/20260306073140.562663_KR_webconnectivity_d673262903af628b
https://www.womankind.org.uk/,ok,https://explorer.ooni.org/m/20260306073143.734502_KR_webconnectivity_26960d11821a4834
http://www.women21.or.kr/,ok,https://explorer.ooni.org/m/20260306073149.277775_KR_webconnectivity_d16f45d59914c439
https://www.womenforafghanwomen.org/,ok,https://explorer.ooni.org/m/20260306073208.312149_KR_webconnectivity_da2e188328395fb6
https://www.womenforwomen.org/,ok,https://explorer.ooni.org/m/20260306073222.156914_KR_webconnectivity_561e2076f3cbf837
http://www.womenlink.or.kr/,ok,https://explorer.ooni.org/m/20260306073234.680546_KR_webconnectivity_586702b710beccd9
http://www.womennews.co.kr/,ok,https://explorer.ooni.org/m/20260306073248.746583_KR_webconnectivity_8dd19cdb1a5602ae
https://www.womenpeacemakersprogram.org/,ok,https://explorer.ooni.org/m/20260306073305.347858_KR_webconnectivity_5ebcf90ec96d73fd
http://www.womensmediacenter.com/,ok,https://explorer.ooni.org/m/20260306073317.140980_KR_webconnectivity_12ad0a562a1346be
http://www.womenvoters.or.kr/,ok,https://explorer.ooni.org/m/20260306073321.987112_KR_webconnectivity_1337598df04cde66
http://www.worldcoalition.org/,ok,https://explorer.ooni.org/m/20260306073331.787413_KR_webconnectivity_f91a9430187095e5
https://www.wsj.com/,ok,https://explorer.ooni.org/m/20260306073334.625610_KR_webconnectivity_34f00621195d56d2
http://www.xinhuanet.com/,ok,https://explorer.ooni.org/m/20260306073352.172234_KR_webconnectivity_12c979c2056242da
https://www.yellowhammerfund.org/,ok,https://explorer.ooni.org/m/20260306073359.742244_KR_webconnectivity_fe897cf2dc2888a4
http://www.yonhapnews.co.kr/,ok,https://explorer.ooni.org/m/20260306073413.455117_KR_webconnectivity_5c3061839121f60e
http://www.zeit.de/,ok,https://explorer.ooni.org/m/20260306073421.796463_KR_webconnectivity_05f94623580b74d3
http://xxx.lanl.gov/,dns,https://explorer.ooni.org/m/20260306073438.089631_KR_webconnectivity_5f4e076e4d5caa2e
https://yggdrasil-network.github.io/,dns,https://explorer.ooni.org/m/20260306073439.606315_KR_webconnectivity_d06face9acccc56b
http://yolsa.org/,ok,https://explorer.ooni.org/m/20260306073445.227342_KR_webconnectivity_9ebc44bf272e1703
http://ytimes.org/,ok,https://explorer.ooni.org/m/20260306073455.092400_KR_webconnectivity_e09dea75f2d3f874
https://zenvpn.net/,dns,https://explorer.ooni.org/m/20260306073456.629643_KR_webconnectivity_5a4b64979d34b21c
http://bitsnoop.com/,dns,https://explorer.ooni.org/m/20260306073458.257871_KR_webconnectivity_4f37da70241e4de8
http://data.donkeyhote.co.kr/,dns,https://explorer.ooni.org/m/20260306073500.390538_KR_webconnectivity_27f37df8c9d6d1ef
https://download.cnet.com/,dns,https://explorer.ooni.org/m/20260306073501.665852_KR_webconnectivity_b428aa16121355bb
http://hksh.koreanhistory.or.kr/,ok,https://explorer.ooni.org/m/20260306073502.678893_KR_webconnectivity_1b49e914892fc456
https://katcr.to/,dns,https://explorer.ooni.org/m/20260306073504.104023_KR_webconnectivity_c51f2ace6a6dc216
http://kcnawatch.co/,confirmed,https://explorer.ooni.org/m/20260306073505.556262_KR_webconnectivity_e85f5b7206eca311
http://libgen.gs/,ok,https://explorer.ooni.org/m/20260306073507.808473_KR_webconnectivity_39be815aeb9695ad
https://rapidgator.net/,ok,https://explorer.ooni.org/m/20260306073519.818379_KR_webconnectivity_aa3f50496d6c0d32
https://rargb.to/,dns,https://explorer.ooni.org/m/20260306073521.081417_KR_webconnectivity_f49218b782a4ab3e
https://sci-hub.se/,dns,https://explorer.ooni.org/m/20260306073521.887099_KR_webconnectivity_d6f62bcd0662be57
https://subscene.com/,dns,https://explorer.ooni.org/m/20260306073523.102526_KR_webconnectivity_0be708094d60a49b
https://theonion.com/,dns,https://explorer.ooni.org/m/20260306073523.943000_KR_webconnectivity_0f85bf89e84762aa
http://tongil-i.net/,ok,https://explorer.ooni.org/m/20260306073524.873709_KR_webconnectivity_88315887ec8a6ca6
http://torrent82.com/,ok,https://explorer.ooni.org/m/20260306073525.753097_KR_webconnectivity_e8651e4fc64c80ea
http://torrentdada.com/,dns,https://explorer.ooni.org/m/20260306073526.562437_KR_webconnectivity_f822b5f20af149a9
http://torrentgogo.com/,ok,https://explorer.ooni.org/m/20260306073527.411919_KR_webconnectivity_c00dcfff56aa2441
http://www.0ubada.net/,ok,https://explorer.ooni.org/m/20260306073528.316276_KR_webconnectivity_1be0334b611ad22b
http://www.1koreannews.com/,ok,https://explorer.ooni.org/m/20260306073529.203037_KR_webconnectivity_cab6ffabc3681cd0
http://www.bitcomet.com/,dns,https://explorer.ooni.org/m/20260306073530.394308_KR_webconnectivity_94bc22352a1b2e2a
http://www.ez0u.co.kr/,ok,https://explorer.ooni.org/m/20260306073531.739777_KR_webconnectivity_649628d372135f68
http://www.filenara.co.kr/,dns,https://explorer.ooni.org/m/20260306073533.346796_KR_webconnectivity_8975fa619017c178
http://www.onfile.co.kr/,ok,https://explorer.ooni.org/m/20260306073534.141491_KR_webconnectivity_0d27fb59a58fb0c5
https://www.researchgate.net/,ok,https://explorer.ooni.org/m/20260306073535.806400_KR_webconnectivity_8f9238c61bff9f08
http://www.worldcorea.net/,confirmed,https://explorer.ooni.org/m/20260306073539.249282_KR_webconnectivity_74c73369f8bd18fd
https://www.rollingstone.com/,dns,https://explorer.ooni.org/m/20260306073536.597357_KR_webconnectivity_2642dffe907db163
https://www.xinjiang.gov.cn/,ok,https://explorer.ooni.org/m/20260306073553.473545_KR_webconnectivity_de87d7ec35e59077
http://www.xxlmag.com/,ok,https://explorer.ooni.org/m/20260306073611.647632_KR_webconnectivity_685805d9b5cac44d
https://www.zoho.com/,ok,https://explorer.ooni.org/m/20260306073616.114541_KR_webconnectivity_fabc0795e2354fd7
https://x1337x.eu/,ok,https://explorer.ooni.org/m/20260306073618.933569_KR_webconnectivity_bd6214a2918f55b8
http://yesfile.com/,dns,https://explorer.ooni.org/m/20260306073622.811093_KR_webconnectivity_1b974c0c0895feaf
https://z-lib.org/,error,https://explorer.ooni.org/m/20260306073625.700079_KR_webconnectivity_5e5c1656fa62b06e
https://zh.wikipedia.org/,ok,https://explorer.ooni.org/m/20260306073640.139843_KR_webconnectivity_27be778ea193aa8e
https://a.slack-edge.com/f70ec/img/test_cdn_pixel.gif,ok,https://explorer.ooni.org/m/20260306073643.025508_KR_webconnectivity_0b3527e96fc2b1d5
https://about.riot.im/,ok,https://explorer.ooni.org/m/20260306073700.811796_KR_webconnectivity_6761539b08723faf
http://abpr2.railfan.net/,error,https://explorer.ooni.org/m/20260306073708.795477_KR_webconnectivity_0c12e9987f881160
https://account.proton.me/,ok,https://explorer.ooni.org/m/20260306073713.701762_KR_webconnectivity_27dc99379b06dbad
https://app.developer.here.com/coronavirus/,ok,https://explorer.ooni.org/m/20260306073717.748234_KR_webconnectivity_47029e6113bf8128
https://app.element.io/,ok,https://explorer.ooni.org/m/20260306073720.456634_KR_webconnectivity_567278fc840a36dc
https://app.simplelogin.io/,ok,https://explorer.ooni.org/m/20260306073724.503766_KR_webconnectivity_c34d97d726a7e8f6
https://app.slack.com/robots.txt,ok,https://explorer.ooni.org/m/20260306073728.120078_KR_webconnectivity_9eba6bbeeeea8501
https://app.wire.com/,ok,https://explorer.ooni.org/m/20260306073732.437215_KR_webconnectivity_89ddaaa1c7f83e82
https://archive.ph/,ok,https://explorer.ooni.org/m/20260306073737.848366_KR_webconnectivity_f85239362fed9da7
https://avatars.mds.yandex.net/robots.txt,http-failure,https://explorer.ooni.org/m/20260306073801.003396_KR_webconnectivity_bc36affe9dfe50ec
http://baykoreans.net/,dns,https://explorer.ooni.org/m/20260306073801.889463_KR_webconnectivity_211e6bf0a3def064
https://bcc.chat/,ok,https://explorer.ooni.org/m/20260306073805.479727_KR_webconnectivity_1326bd8f6f2d551f
http://bizLGU.com/,error,https://explorer.ooni.org/m/20260306073808.153940_KR_webconnectivity_97696398ddbe22ec
http://bizmessage.kakao.com/,ok,https://explorer.ooni.org/m/20260306073814.727566_KR_webconnectivity_627c16a8ca712384
https://briarproject.org/,ok,https://explorer.ooni.org/m/20260306073819.899174_KR_webconnectivity_2e9ef92a3fb849fd
http://bric.postech.ac.kr/,ok,https://explorer.ooni.org/m/20260306073839.466481_KR_webconnectivity_98ee0405d86d8c27
http://cafe.daum.net/ahyoomee,ok,https://explorer.ooni.org/m/20260306073843.178257_KR_webconnectivity_5f75ea96f0acd129
http://cafe.naver.com/gjhlk,ok,https://explorer.ooni.org/m/20260306073846.741436_KR_webconnectivity_85004bf5ee5c9799
http://caramasia.gn.apc.org/,tcp_ip,https://explorer.ooni.org/m/20260306073933.775705_KR_webconnectivity_1d155219fd3af707
https://cc.bingj.com/cache.aspx?q=nothing,dns,https://explorer.ooni.org/m/20260306073935.541191_KR_webconnectivity_5192c6e618e2f0e6
https://censored.tv/,ok,https://explorer.ooni.org/m/20260306073949.909232_KR_webconnectivity_32b794a9265cd70d
http://chakantv.co.kr/,ok,https://explorer.ooni.org/m/20260306073950.745925_KR_webconnectivity_9c82b43e2d9b489d
https://chat-gpt.org/,ok,https://explorer.ooni.org/m/20260306073957.956205_KR_webconnectivity_23a721554eb95cdd
https://chatgpt.com/,ok,https://explorer.ooni.org/m/20260306074000.211962_KR_webconnectivity_627319061fe8bcc2
https://chika.aangat.lahat.computer/,dns,https://explorer.ooni.org/m/20260306074001.863882_KR_webconnectivity_2f5ce13abb21310d
https://cid.contact/,ok,https://explorer.ooni.org/m/20260306074005.850900_KR_webconnectivity_f3ef0f182ca5d8bf
https://cinemata.org/,ok,https://explorer.ooni.org/m/20260306074010.316251_KR_webconnectivity_f9a98e4d2aa892b4
https://circumcision.org/,ok,https://explorer.ooni.org/m/20260306074019.342685_KR_webconnectivity_808ea086ebd9ddfe
https://claude.ai/,ok,https://explorer.ooni.org/m/20260306074023.226039_KR_webconnectivity_84984fac7f253940
https://cocaine.org/,dns,https://explorer.ooni.org/m/20260306074024.455220_KR_webconnectivity_0dfbfb3f077e15c8
https://coronavirus.jhu.edu/map.html,ok,https://explorer.ooni.org/m/20260306074029.362076_KR_webconnectivity_78c5651bc1809636
https://covidtracking.com/,ok,https://explorer.ooni.org/m/20260306074040.812253_KR_webconnectivity_8165c7261b390831
https://cwtch.im/,ok,https://explorer.ooni.org/m/20260306074050.465304_KR_webconnectivity_b85824878256bfe4
http://cyworld.nate.com/club/clubsection/clubSection4_main.asp,ok,https://explorer.ooni.org/m/20260306074052.176292_KR_webconnectivity_8f950f1e9be8fcbd
https://deepseek.ai/,dns,https://explorer.ooni.org/m/20260306074053.342175_KR_webconnectivity_b2ef706f9a4a4a0b
https://delta.chat/,ok,https://explorer.ooni.org/m/20260306074056.644088_KR_webconnectivity_231ff4b127ab707f
https://disqus.com/,ok,https://explorer.ooni.org/m/20260306074100.145454_KR_webconnectivity_15b86b682950af89
https://dit.whatsapp.net/robots.txt,ok,https://explorer.ooni.org/m/20260306074101.939666_KR_webconnectivity_2b0cc710483484ed
https://dl.acm.org/,ok,https://explorer.ooni.org/m/20260306074103.303484_KR_webconnectivity_ac7cd1f33465bd04
http://dongyoungsang.com/,confirmed,https://explorer.ooni.org/m/20260306074105.807218_KR_webconnectivity_c896d7426091482a
https://duckduckgo.com/,http-failure,https://explorer.ooni.org/m/20260306074127.693056_KR_webconnectivity_fb934a8221c29f38
https://dweb.link/,dns,https://explorer.ooni.org/m/20260306074128.847264_KR_webconnectivity_cf46b006052ecb0c
https://element.io/,ok,https://explorer.ooni.org/m/20260306074142.611655_KR_webconnectivity_7a126f59e7eb6966
https://encrypted-tbn0.gstatic.com/robots.txt,ok,https://explorer.ooni.org/m/20260306074145.041188_KR_webconnectivity_0ed56468a2734430
https://espiv.net/,ok,https://explorer.ooni.org/m/20260306074153.008456_KR_webconnectivity_15f4f82078fa2c46
https://evernote.com/,ok,https://explorer.ooni.org/m/20260306074204.620079_KR_webconnectivity_bb50c4a6b771b589
https://experience.arcgis.com/experience/685d0ace521648f8a5beeeee1b9125cd,ok,https://explorer.ooni.org/m/20260306074208.650949_KR_webconnectivity_1e4a5519e9c55da0
https://external-content.duckduckgo.com/robots.txt,http-failure,https://explorer.ooni.org/m/20260306074230.958651_KR_webconnectivity_dd1682ec6a7aac5d
http://gall.dcinside.com/board/lists/?id=disease,http-diff,https://explorer.ooni.org/m/20260306074252.076552_KR_webconnectivity_884ce8c636306f5a
https://gemini.google.com/,ok,https://explorer.ooni.org/m/20260306074300.447009_KR_webconnectivity_ab8d0a7d4985acb4
https://getsession.org/,ok,https://explorer.ooni.org/m/20260306074308.926213_KR_webconnectivity_36bf95efff3cf9df
https://gisanddata.maps.arcgis.com/apps/dashboards/bda7594740fd40299423467b48e9ecf6,ok,https://explorer.ooni.org/m/20260306074313.226510_KR_webconnectivity_5b58aac10f4a5c28
http://giveu.net/,ok,https://explorer.ooni.org/m/20260306074327.583329_KR_webconnectivity_8cb3e6180558c89d
https://go-text.me/,ok,https://explorer.ooni.org/m/20260306074332.679925_KR_webconnectivity_20c693b808da56a3
http://h50030.www5.hp.com/,ok,https://explorer.ooni.org/m/20260306074334.574532_KR_webconnectivity_fe015ddaecfd6b6f
https://hgis.uw.edu/virus/,ok,https://explorer.ooni.org/m/20260306074346.528014_KR_webconnectivity_7af42ee35f0e0f7d
https://icao.maps.arcgis.com/apps/opsdashboard/index.html#/977dde48256b489fb48fa98e724721e8,ok,https://explorer.ooni.org/m/20260306074351.202452_KR_webconnectivity_77b1a2e4785aa1c3
https://icao.maps.arcgis.com/apps/webappviewer3d/index.html?id=d9d3f8fa9a23425c8f0889baab626186,ok,https://explorer.ooni.org/m/20260306074355.061528_KR_webconnectivity_cdd70fc43516e82b
https://icq.com/,ok,https://explorer.ooni.org/m/20260306074403.297277_KR_webconnectivity_fd4171e13d5155ff
https://ifacetimeapp.com/,ok,https://explorer.ooni.org/m/20260306074413.399493_KR_webconnectivity_fa2a6a9229e65a5b
https://im0-tub-com.yandex.net/i?id=462f375c96139f1e41d919b44be2d780&n=13&exp=1,tcp_ip,https://explorer.ooni.org/m/20260306074514.081933_KR_webconnectivity_1d96977c575f3bed
http://imagebingo.naver.com/,ok,https://explorer.ooni.org/m/20260306074515.662068_KR_webconnectivity_e79b512560d4b3e4
https://imageshack.com/,ok,https://explorer.ooni.org/m/20260306074521.014040_KR_webconnectivity_76b8d9ca5f9849d3
https://imgur.com/,dns,https://explorer.ooni.org/m/20260306074522.320770_KR_webconnectivity_cdcdd94f5f638b92
http://imo.im/,ok,https://explorer.ooni.org/m/20260306074525.531516_KR_webconnectivity_9e8fd5da4846b41d
https://imp.free.fr/,ok,https://explorer.ooni.org/m/20260306074531.520414_KR_webconnectivity_1c9420555732c63c
http://internetphone114.com/,ok,https://explorer.ooni.org/m/20260306074532.829756_KR_webconnectivity_6e9af1571007d4cf
https://ipfs.io/,dns,https://explorer.ooni.org/m/20260306074534.081321_KR_webconnectivity_e2fdc717b35c1eb6
https://jami.net/,ok,https://explorer.ooni.org/m/20260306074544.423329_KR_webconnectivity_e40eb448ce517582
https://journals.lww.com/,ok,https://explorer.ooni.org/m/20260306074546.722414_KR_webconnectivity_e2c35b76abbfbd6f
https://kick.com/,dns,https://explorer.ooni.org/m/20260306074547.587374_KR_webconnectivity_8381343c2feb0415
https://kidshealth.org/,ok,https://explorer.ooni.org/m/20260306074556.060148_KR_webconnectivity_9df4a0a8e15e13ba
http://kr.yahoo.com/,ok,https://explorer.ooni.org/m/20260306074606.386734_KR_webconnectivity_8338dc17c40aad92
https://lbry.com/,ok,https://explorer.ooni.org/m/20260306074610.099035_KR_webconnectivity_a7b091ab9b5dc15e
https://lbry.org/,ok,https://explorer.ooni.org/m/20260306074614.276466_KR_webconnectivity_835f68e34906c677
https://lens.google.com/uploadbyurl?url=https%3A%2F%2Fwww.google.com%2Fimages%2Fbranding%2Fgooglelogo%2F1x%2Fgooglelogo_color_150x54dp.png&hl=en-US&ep=gisb,ok,https://explorer.ooni.org/m/20260306074631.195364_KR_webconnectivity_4ef6e438fa03172d
http://lifeline.or.kr/,error,https://explorer.ooni.org/m/20260306074655.100203_KR_webconnectivity_16274dfdec544dc3
https://line.me/,ok,https://explorer.ooni.org/m/20260306074659.964992_KR_webconnectivity_f641eb6ae4846dd3
https://livestream.com/,ok,https://explorer.ooni.org/m/20260306074711.205123_KR_webconnectivity_039d30350f4b5900
https://login.live.com/,ok,https://explorer.ooni.org/m/20260306074720.309579_KR_webconnectivity_0bb55bc1c509e71a
http://mail.daum.net/,ok,https://explorer.ooni.org/m/20260306074727.138801_KR_webconnectivity_a3226f50a12d6492
https://mail.google.com/,ok,https://explorer.ooni.org/m/20260306074744.677049_KR_webconnectivity_28c03ac025ec04c7
http://mail.naver.com/,ok,https://explorer.ooni.org/m/20260306074748.419894_KR_webconnectivity_f742c3501e26f384
https://mail.proton.me/,ok,https://explorer.ooni.org/m/20260306074751.631128_KR_webconnectivity_6f9fc208847e18aa
https://mail.ru/,ok,https://explorer.ooni.org/m/20260306074801.524899_KR_webconnectivity_2db2393d61cbe639
https://mail.yahoo.com/,ok,https://explorer.ooni.org/m/20260306074806.479631_KR_webconnectivity_701069b0f23976f4
https://mail.yandex.ru/,dns,https://explorer.ooni.org/m/20260306074807.845770_KR_webconnectivity_61f594d476da2e2a
https://matrix-client.matrix.org/_matrix/client/versions,ok,https://explorer.ooni.org/m/20260306074809.307797_KR_webconnectivity_89ecb327c3c305eb
https://matrix.org/,ok,https://explorer.ooni.org/m/20260306074814.046296_KR_webconnectivity_2aebd6af65365f20
https://matrix.to/,ok,https://explorer.ooni.org/m/20260306074817.201738_KR_webconnectivity_a50f2f9e1b546025
https://mattermost.com/,ok,https://explorer.ooni.org/m/20260306074832.051594_KR_webconnectivity_2071997a16daa5dd
https://media-arn2-1.cdn.whatsapp.net/robots.txt,ok,https://explorer.ooni.org/m/20260306074835.625516_KR_webconnectivity_1d53527073c409ab
https://media.fevn1-1.fna.whatsapp.net/robots.txt,ok,https://explorer.ooni.org/m/20260306074839.364203_KR_webconnectivity_9c7ccd0c6bf249ef
https://meet.jit.si/,ok,https://explorer.ooni.org/m/20260306074844.468993_KR_webconnectivity_230ea3b6c140726c
https://messages.google.com/,ok,https://explorer.ooni.org/m/20260306074846.931507_KR_webconnectivity_80e491bb11979bdb
https://mmg.whatsapp.net/robots.txt,ok,https://explorer.ooni.org/m/20260306074850.490875_KR_webconnectivity_fefebef70bd1f06b
https://mobile.element.io/,ok,https://explorer.ooni.org/m/20260306074853.642461_KR_webconnectivity_f8700b968ee685f8
https://msh.org/,ok,https://explorer.ooni.org/m/20260306074906.583445_KR_webconnectivity_abb84d48dc441d3c
https://mytrans.com.tw/,ok,https://explorer.ooni.org/m/20260306074909.148561_KR_webconnectivity_a695b5a586ebdea3
https://nextstrain.org/ncov,ok,https://explorer.ooni.org/m/20260306074913.787918_KR_webconnectivity_3c66cc3a821095e5
https://nostr.com/,ok,https://explorer.ooni.org/m/20260306074919.471795_KR_webconnectivity_5c60d2a84aa17568
https://obsproject.com/,ok,https://explorer.ooni.org/m/20260306074923.348405_KR_webconnectivity_acccf9234a9c1ab8
https://odysee.com/,ok,https://explorer.ooni.org/m/20260306074925.520524_KR_webconnectivity_8359a0ab96614502
https://openai.com/,ok,https://explorer.ooni.org/m/20260306074930.539833_KR_webconnectivity_6e1df0b516e829f9
https://openobservatory.slack.com/,ok,https://explorer.ooni.org/m/20260306074938.505617_KR_webconnectivity_e4b363f3eead35b9
https://opera.com/,ok,https://explorer.ooni.org/m/20260306074951.560279_KR_webconnectivity_0f4cefeb5abfc39e
https://outlook.live.com/,ok,https://explorer.ooni.org/m/20260306074956.754449_KR_webconnectivity_5941865d3f527813
https://photos.google.com/,ok,https://explorer.ooni.org/m/20260306075012.493648_KR_webconnectivity_97c66fabcfbdc10d
https://pinboard.in/,ok,https://explorer.ooni.org/m/20260306075015.837922_KR_webconnectivity_0564ba74fc662d10
https://posteo.de/,ok,https://explorer.ooni.org/m/20260306075026.581336_KR_webconnectivity_8a8b75dda2f8700d
https://postimage.io/,http-failure,https://explorer.ooni.org/m/20260306075029.565869_KR_webconnectivity_dca9db7126fceb81
https://pps.whatsapp.net/robots.txt,ok,https://explorer.ooni.org/m/20260306075031.580145_KR_webconnectivity_8199757719583ecd
https://presearch.com/,ok,https://explorer.ooni.org/m/20260306075033.727095_KR_webconnectivity_ece124c5f27a4b0e
https://presearch.org/,ok,https://explorer.ooni.org/m/20260306075037.950636_KR_webconnectivity_c344b0d41b1678fd
https://rumble.com/,ok,https://explorer.ooni.org/m/20260306075048.734905_KR_webconnectivity_14efa57ba9a85820
http://sakhr.com/,ok,https://explorer.ooni.org/m/20260306075050.899093_KR_webconnectivity_f166d21a6ad39e58
https://search.aol.com/,ok,https://explorer.ooni.org/m/20260306075056.136805_KR_webconnectivity_f9cb0c4a47e82b26
https://search.brave.com/,ok,https://explorer.ooni.org/m/20260306075107.467948_KR_webconnectivity_6b6826cacf434bdf
https://secure.hi5.com/,ok,https://explorer.ooni.org/m/20260306075127.638301_KR_webconnectivity_36325a9a0cccf315
https://simplex.chat/,ok,https://explorer.ooni.org/m/20260306075137.794013_KR_webconnectivity_34802b7854c4c081
https://slack-imgs.com/,ok,https://explorer.ooni.org/m/20260306075141.359020_KR_webconnectivity_07564bdadcf76853
https://slack.com/,ok,https://explorer.ooni.org/m/20260306075155.398974_KR_webconnectivity_ff28e63dddfb35e7
https://spideroak.com/,ok,https://explorer.ooni.org/m/20260306075208.674584_KR_webconnectivity_c0d80e5755a413d4
https://startpage.com/,http-failure,https://explorer.ooni.org/m/20260306075212.463306_KR_webconnectivity_403badcc5f41a029
https://status.im/,ok,https://explorer.ooni.org/m/20260306075221.846019_KR_webconnectivity_f992f9baffa5c607
https://storymaps.arcgis.com/,ok,https://explorer.ooni.org/m/20260306075239.012980_KR_webconnectivity_55ea80f84a9a1173
https://support.delta.chat/,ok,https://explorer.ooni.org/m/20260306075257.854717_KR_webconnectivity_7c4962f96a21724e
https://support.therapytribe.com/hivaids-support-group/,ok,https://explorer.ooni.org/m/20260306075301.087366_KR_webconnectivity_a6e5cbfe0a9fc13a
https://tamtam.chat/,ok,https://explorer.ooni.org/m/20260306075305.708501_KR_webconnectivity_f0f8fbcc17cc792c
http://tcafek.com/,confirmed,https://explorer.ooni.org/m/20260306075322.109105_KR_webconnectivity_dd247354659786cd
https://teams.microsoft.com/,ok,https://explorer.ooni.org/m/20260306075334.764935_KR_webconnectivity_e0a83fcd5a59ec29
https://telegram.me/,dns,https://explorer.ooni.org/m/20260306075335.871596_KR_webconnectivity_1f152f4c1dc7f0e0
https://test-ipv6.com/,ok,https://explorer.ooni.org/m/20260306075343.718807_KR_webconnectivity_58732656486e9074
https://th.bing.com/th/id/OIP.YnpdokcN_OQYn3n41AlqZAHaEe?w=250&h=180&c=7&o=5&pid=1.7,ok,https://explorer.ooni.org/m/20260306075351.807960_KR_webconnectivity_8e0adb7c8a6a3393
https://translate.google.com/,ok,https://explorer.ooni.org/m/20260306075401.243560_KR_webconnectivity_169ed0a92fbd6711
https://translation2.paralink.com/,ok,https://explorer.ooni.org/m/20260306075410.863396_KR_webconnectivity_40d0b101fee5d26f
https://transparencyreport.google.com/,ok,https://explorer.ooni.org/m/20260306075416.183017_KR_webconnectivity_f795f6e35fa45df0
https://trello.com/,ok,https://explorer.ooni.org/m/20260306075431.679157_KR_webconnectivity_d7b1266e8423bd33
https://tse1.explicit.bing.net/robots.txt,dns,https://explorer.ooni.org/m/20260306075432.745040_KR_webconnectivity_efe4fc25ec471f9e
https://tuta.com/,ok,https://explorer.ooni.org/m/20260306075448.773819_KR_webconnectivity_22cb0f08954fb755
http://tvcast.naver.com/,ok,https://explorer.ooni.org/m/20260306075501.240406_KR_webconnectivity_84fc9dad5c53d1e5
http://tvpot.daum.net/,dns,https://explorer.ooni.org/m/20260306075502.879374_KR_webconnectivity_f7c34e14c7541baf
http://tvpot.media.daum.net/,ok,https://explorer.ooni.org/m/20260306075504.752962_KR_webconnectivity_a752325bc601e269
https://tvzil.com/,dns,https://explorer.ooni.org/m/20260306075506.735069_KR_webconnectivity_68b4bc4ff5b7f504
https://tx.me/,ok,https://explorer.ooni.org/m/20260306075512.393093_KR_webconnectivity_9441d05e8756da4e
https://vector.im/_matrix/identity/api/v1,ok,https://explorer.ooni.org/m/20260306075515.204874_KR_webconnectivity_e68eab14e9a80dba
https://video-preview.s3.yandex.net/robots.txt,http-failure,https://explorer.ooni.org/m/20260306075538.111002_KR_webconnectivity_55bec3fe430b5b3f
https://web.wechat.com/,ok,https://explorer.ooni.org/m/20260306075556.207446_KR_webconnectivity_2a3c1ffc383bc85a
https://webcache.googleusercontent.com/robots.txt,ok,https://explorer.ooni.org/m/20260306075558.790492_KR_webconnectivity_bba851c72d43adac
https://wire.com/,ok,https://explorer.ooni.org/m/20260306075609.215304_KR_webconnectivity_b7c31adcc005b123
https://worldhealth.net/,ok,https://explorer.ooni.org/m/20260306075620.476241_KR_webconnectivity_0345f9d468379a79
http://www.aids.or.kr/,ok,https://explorer.ooni.org/m/20260306075625.308211_KR_webconnectivity_3e534bbf291e70fb
https://www.ananzi.co.za/,ok,https://explorer.ooni.org/m/20260306075630.503115_KR_webconnectivity_0e022bfe44a6d795
http://www.asiansexgazette.com/,dns,https://explorer.ooni.org/m/20260306075633.231038_KR_webconnectivity_013db7da612af698
http://www.asiansexgazette.com/asg/asian_health.htm,dns,https://explorer.ooni.org/m/20260306075635.945542_KR_webconnectivity_3f1fe258899c7442
http://www.ask.com/,ok,https://explorer.ooni.org/m/20260306075645.804055_KR_webconnectivity_ea08d97e69d0ae06
https://www.asterisk.org/,ok,https://explorer.ooni.org/m/20260306075648.417079_KR_webconnectivity_b741eff0985a5cbd
https://www.baidu.com/,ok,https://explorer.ooni.org/m/20260306075702.587269_KR_webconnectivity_06e163325a165f0e
https://www.bbm.com/,ok,https://explorer.ooni.org/m/20260306075721.631145_KR_webconnectivity_81a1c4be65b66ad2
https://www.bing.com/,ok,https://explorer.ooni.org/m/20260306075736.391313_KR_webconnectivity_4c4737da65e90f7b
https://www.bitchute.com/,ok,https://explorer.ooni.org/m/20260306075738.283096_KR_webconnectivity_c78f68cdc6c59f5d
https://www.blackberry.com/,ok,https://explorer.ooni.org/m/20260306075750.184223_KR_webconnectivity_837b7011e7948cf8
https://www.broadvoice.com/,ok,https://explorer.ooni.org/m/20260306075804.936113_KR_webconnectivity_bc6624f2ff3a8aa7
https://www.cdc.go.kr/board/board.es?mid=&bid=0030,error,https://explorer.ooni.org/m/20260306075807.967861_KR_webconnectivity_d4d7549eed9fea0f
https://www.cdc.gov/,ok,https://explorer.ooni.org/m/20260306075817.320781_KR_webconnectivity_468ec252e51ec919
http://www.chol.com/,dns,https://explorer.ooni.org/m/20260306075820.923382_KR_webconnectivity_904e6dfe8d7af6fa
http://www.cirp.org/,ok,https://explorer.ooni.org/m/20260306075827.076776_KR_webconnectivity_b4ecd58c7e85c580
http://www.dailymotion.com/kr,ok,https://explorer.ooni.org/m/20260306075836.123192_KR_webconnectivity_5eb92dda0fb64afb
https://www.dailymotion.com/,ok,https://explorer.ooni.org/m/20260306075844.895694_KR_webconnectivity_59ce488dd4a1bf96
http://www.daum.net/,ok,https://explorer.ooni.org/m/20260306075857.464583_KR_webconnectivity_ca356cdd352eb756
https://www.deepseek.com/,dns,https://explorer.ooni.org/m/20260306075858.944716_KR_webconnectivity_be28453e1b7581a2
https://www.doctissimo.fr/,dns,https://explorer.ooni.org/m/20260306075900.316192_KR_webconnectivity_6d36de4d8dbc1a48
https://www.doctorswithoutborders.org/,ok,https://explorer.ooni.org/m/20260306075913.559580_KR_webconnectivity_302748bb9af3eb93
http://www.dogpile.com/,ok,https://explorer.ooni.org/m/20260306075916.782367_KR_webconnectivity_0e832ddf45b246a5
http://www.dreamwiz.com/,ok,https://explorer.ooni.org/m/20260306075931.430007_KR_webconnectivity_9801692e63272193
https://www.ecdc.europa.eu/,ok,https://explorer.ooni.org/m/20260306075948.517058_KR_webconnectivity_04094d31b83f6d4c
https://www.ectaco.com/,dns,https://explorer.ooni.org/m/20260306075950.169841_KR_webconnectivity_8a68d8a7770ee432
http://www.empas.com/,ok,https://explorer.ooni.org/m/20260306075952.305279_KR_webconnectivity_7e527b006fc80bc1
https://www.engenderhealth.org/,ok,https://explorer.ooni.org/m/20260306080009.041571_KR_webconnectivity_535e35ca50bce181
http://www.euthanasia.cc/,ok,https://explorer.ooni.org/m/20260306080013.975655_KR_webconnectivity_d9412e58e49a81bb
https://www.excite.com/,dns,https://explorer.ooni.org/m/20260306080015.616894_KR_webconnectivity_741e217f840f8c17
https://www.fastmail.com/,ok,https://explorer.ooni.org/m/20260306080026.640559_KR_webconnectivity_a9ddb39b20f9faea
https://www.flickr.com/,ok,https://explorer.ooni.org/m/20260306080035.989180_KR_webconnectivity_097ab9053e06cbb4
https://www.fotki.com/,ok,https://explorer.ooni.org/m/20260306080041.397700_KR_webconnectivity_84fb72f852bfb6a4
http://www.fotolog.com/,ok,https://explorer.ooni.org/m/20260306080056.618056_KR_webconnectivity_b3b3fdbdf3ad4479
https://www.freepik.com/,ok,https://explorer.ooni.org/m/20260306080100.416586_KR_webconnectivity_58565b89bdac83ff
https://www.gatesfoundation.org/,ok,https://explorer.ooni.org/m/20260306080117.320442_KR_webconnectivity_9b0f31abdc2650e3
http://www.getdrupe.com/,ok,https://explorer.ooni.org/m/20260306080132.769332_KR_webconnectivity_08470a4fb4c91379
https://www.google.co.kr/,ok,https://explorer.ooni.org/m/20260306080148.667414_KR_webconnectivity_042478acfc1776d8
https://www.google.com/,ok,https://explorer.ooni.org/m/20260306080203.953899_KR_webconnectivity_dea63c221f37c17b
https://www.health.com/,ok,https://explorer.ooni.org/m/20260306080207.055008_KR_webconnectivity_67a5db72b218581e
https://www.healthmap.org/covid-19/,ok,https://explorer.ooni.org/m/20260306080211.450597_KR_webconnectivity_dda57cc45768653e
https://www.hightail.com/,ok,https://explorer.ooni.org/m/20260306080221.323519_KR_webconnectivity_a0dd72d59f8cad32
https://www.hotbot.com/,dns,https://explorer.ooni.org/m/20260306080223.382254_KR_webconnectivity_2daaee9b1d82ba30
https://www.hushmail.com/,ok,https://explorer.ooni.org/m/20260306080236.443235_KR_webconnectivity_c6f88b66f215da1e
https://www.iconnecthere.com/,ok,https://explorer.ooni.org/m/20260306080240.907813_KR_webconnectivity_47d65c73fe03619a
http://www.implantinfo.com/,ok,https://explorer.ooni.org/m/20260306080255.037419_KR_webconnectivity_5f3337546831044c
http://www.inbox.com/,ok,https://explorer.ooni.org/m/20260306080302.582092_KR_webconnectivity_310105dd4bc86368
http://www.internet-phone.co.kr/,tcp_ip,https://explorer.ooni.org/m/20260306080349.505443_KR_webconnectivity_930cce3d6162a6ca
http://www.isscr.org/,ok,https://explorer.ooni.org/m/20260306080403.440359_KR_webconnectivity_56ede2d8247961b8
https://www.jabber.ru/,ok,https://explorer.ooni.org/m/20260306080408.429586_KR_webconnectivity_4028743344ff80df
http://www.kakao.com/services/8,ok,https://explorer.ooni.org/m/20260306080422.197150_KR_webconnectivity_6ef7c6e73ae6f15a
http://www.keptprivate.com/,ok,https://explorer.ooni.org/m/20260306080425.068576_KR_webconnectivity_da81a32288b3c945
https://www.kff.org/,ok,https://explorer.ooni.org/m/20260306080439.713723_KR_webconnectivity_b7292f80bcbddb54
http://www.kftel.com/,ok,https://explorer.ooni.org/m/20260306080443.657820_KR_webconnectivity_1527e013a7d174ff
http://www.kissphoto.net/,ok,https://explorer.ooni.org/m/20260306080445.051018_KR_webconnectivity_e4d0215be25f9a84
https://www.last.fm/,ok,https://explorer.ooni.org/m/20260306080456.930893_KR_webconnectivity_9a3e74885e9350ac
http://www.lets070.net/,ok,https://explorer.ooni.org/m/20260306080459.625728_KR_webconnectivity_61af263062fcf787
http://www.lingo.com/,error,https://explorer.ooni.org/m/20260306080502.215668_KR_webconnectivity_2dfd977051233ac9
http://www.linphone.org/,ok,https://explorer.ooni.org/m/20260306080520.634207_KR_webconnectivity_a804ea871c9e4410
https://www.liveleak.com/,error,https://explorer.ooni.org/m/20260306080524.578711_KR_webconnectivity_9fd3278934307f39
http://www.love4one.com/,ok,https://explorer.ooni.org/m/20260306080538.078562_KR_webconnectivity_bf0e2dd803867e41
http://www.lxnetworks.co.kr/,error,https://explorer.ooni.org/m/20260306080541.131132_KR_webconnectivity_420f897aed07ee35
http://www.lycos.com/,ok,https://explorer.ooni.org/m/20260306080545.839032_KR_webconnectivity_fb23cf3f8140f56d
http://www.magicjack.com/,ok,https://explorer.ooni.org/m/20260306080553.516785_KR_webconnectivity_14a6f0a569795d86
https://www.mail.com/,ok,https://explorer.ooni.org/m/20260306080606.721277_KR_webconnectivity_6df462f8c3bd7dfa
http://www.mail.lycos.com/,ok,https://explorer.ooni.org/m/20260306080614.261409_KR_webconnectivity_d840edcda86a344b
http://www.mail2web.com/,ok,https://explorer.ooni.org/m/20260306080630.140104_KR_webconnectivity_37d50728c7bde3c7
http://www.mailinator.com/,ok,https://explorer.ooni.org/m/20260306080646.912023_KR_webconnectivity_97a007be22d47807
https://www.mamma.com/,ok,https://explorer.ooni.org/m/20260306080653.072346_KR_webconnectivity_d0abeb0b4813bbd5
https://www.mariestopes.org.uk/,ok,https://explorer.ooni.org/m/20260306080710.681901_KR_webconnectivity_5e38a05e5b4920e3
http://www.medecinsdumonde.org/,ok,https://explorer.ooni.org/m/20260306080729.002984_KR_webconnectivity_4b5dcea0867ba5a4
https://www.mediafire.com/,ok,https://explorer.ooni.org/m/20260306080734.617088_KR_webconnectivity_35adb4099fb0af31
http://www.medicinenet.com/,ok,https://explorer.ooni.org/m/20260306080746.712110_KR_webconnectivity_61e965c12555d77b
http://www.mersjido.com/,ok,https://explorer.ooni.org/m/20260306080748.711182_KR_webconnectivity_898f8b0c2eb8b6cd
https://www.messenger.com/,ok,https://explorer.ooni.org/m/20260306080759.707138_KR_webconnectivity_e86c6c1d0cf1a9c4
http://www.metacrawler.com/,dns,https://explorer.ooni.org/m/20260306080801.312382_KR_webconnectivity_63faa51122b804d1
https://www.microsoft.com/,ok,https://explorer.ooni.org/m/20260306080811.162080_KR_webconnectivity_5483a5a4b4462f87
http://www.microsofttranslator.com/,ok,https://explorer.ooni.org/m/20260306080822.047357_KR_webconnectivity_5768c607fc8b15a9
https://www.mojeek.com/,ok,https://explorer.ooni.org/m/20260306080826.035604_KR_webconnectivity_2be0e4777e4b247c
https://www.msf.org/,ok,https://explorer.ooni.org/m/20260306080838.436657_KR_webconnectivity_ab50d67ceae8eadb
https://www.msn.com/,ok,https://explorer.ooni.org/m/20260306080846.381631_KR_webconnectivity_e3fe69918bb98ff8
http://www.munjanara.co.kr/,error,https://explorer.ooni.org/m/20260306080907.297512_KR_webconnectivity_429b0b3fa2e8ae03
http://www.naver.com/,ok,https://explorer.ooni.org/m/20260306080921.384589_KR_webconnectivity_487fb58e53bd2c50
http://www.netaddress.com/,ok,https://explorer.ooni.org/m/20260306080925.959592_KR_webconnectivity_10f165a1b14304d2
https://www.netaddress.com/,ok,https://explorer.ooni.org/m/20260306080930.713561_KR_webconnectivity_90bccf30822e29b9
https://www.netflix.com/,ok,https://explorer.ooni.org/m/20260306080943.398620_KR_webconnectivity_0349a660c62d5748
http://www.nicesms.co.kr/,dns,https://explorer.ooni.org/m/20260306080946.702252_KR_webconnectivity_f4dc822de2bc759f
http://www.olleh-kt.kr/,ok,https://explorer.ooni.org/m/20260306080950.330686_KR_webconnectivity_ff8f55c2e7639437
http://www.online-translator.com/,ok,https://explorer.ooni.org/m/20260306081002.708812_KR_webconnectivity_4789c67be84db073
http://www.oovoo.com/,ok,https://explorer.ooni.org/m/20260306081015.237367_KR_webconnectivity_7e6fa727728044fc
https://www.openstreetmap.org/,ok,https://explorer.ooni.org/m/20260306081020.373026_KR_webconnectivity_915490222f4e8d6b
http://www.orgio.com/,ok,https://explorer.ooni.org/m/20260306081024.669686_KR_webconnectivity_68f4be5341868c44
http://www.paltalk.com/,ok,https://explorer.ooni.org/m/20260306081027.833424_KR_webconnectivity_9b2a827bae952c1f
http://www.pandora.com/,ok,https://explorer.ooni.org/m/20260306081032.260501_KR_webconnectivity_f69b5f620252f7b5
https://www.perplexity.ai/,ok,https://explorer.ooni.org/m/20260306081035.585484_KR_webconnectivity_bd3c23dbd7835e76
http://www.photobucket.com/,dns,https://explorer.ooni.org/m/20260306081036.761759_KR_webconnectivity_274c7943efe2058c
https://www.pinterest.com/,dns,https://explorer.ooni.org/m/20260306081038.324004_KR_webconnectivity_216cd2061d152fe0
https://www.postmaster.co.uk/,ok,https://explorer.ooni.org/m/20260306081042.771939_KR_webconnectivity_fc0ecfd3e3107de0
http://www.ppurio.com/,dns,https://explorer.ooni.org/m/20260306081047.796595_KR_webconnectivity_842e6ca21a51fb1f
https://www.projectbaseline.com/studies/covid-research/,ok,https://explorer.ooni.org/m/20260306081056.241325_KR_webconnectivity_4213af4dc22a7b22
https://www.proton.me/,ok,https://explorer.ooni.org/m/20260306081112.781049_KR_webconnectivity_a081406aa6f7250a
https://www.rki.de/,ok,https://explorer.ooni.org/m/20260306081148.790565_KR_webconnectivity_ee095027b74eaa80
https://www.search.com/,ok,https://explorer.ooni.org/m/20260306081204.695930_KR_webconnectivity_f58d10515f2e1212
http://www.searchindia.com/,ok,https://explorer.ooni.org/m/20260306081211.653438_KR_webconnectivity_0d7fdc4325057f6e
http://www.securenym.net/,ok,https://explorer.ooni.org/m/20260306081214.131182_KR_webconnectivity_cb1a21d3a8ea0800
https://www.sendspace.com/,dns,https://explorer.ooni.org/m/20260306081215.509167_KR_webconnectivity_4098a0b11c1330f2
https://www.sendthisfile.com/,ok,https://explorer.ooni.org/m/20260306081232.470317_KR_webconnectivity_d634a8cb3c0e948e
http://www.shinbiro.com/,tcp_ip,https://explorer.ooni.org/m/20260306081318.809752_KR_webconnectivity_f6e54de8d2a1ae4e
http://www.sina.com.cn/,ok,https://explorer.ooni.org/m/20260306081335.658886_KR_webconnectivity_bc917025976e2361
https://www.skype.com/,ok,https://explorer.ooni.org/m/20260306081341.755930_KR_webconnectivity_1239e37834701f4c
http://www.skysms.co.kr/,ok,https://explorer.ooni.org/m/20260306081344.254346_KR_webconnectivity_3e190bf9f3bc43a1
http://www.slideshare.net/,ok,https://explorer.ooni.org/m/20260306081356.031266_KR_webconnectivity_5dede255e55772bd
https://www.startmail.com/,ok,https://explorer.ooni.org/m/20260306081409.846934_KR_webconnectivity_6c3d7c26d6681df6
https://www.subscribestar.com/,ok,https://explorer.ooni.org/m/20260306081426.564257_KR_webconnectivity_ea2d8b57cd30cfe7
http://www.talkyou.me/,ok,https://explorer.ooni.org/m/20260306081433.041999_KR_webconnectivity_aff9f11931ac1c5a
http://www.tango.me/,ok,https://explorer.ooni.org/m/20260306081435.964343_KR_webconnectivity_f3da6aafcf62ac85
https://www.tawk.to/,ok,https://explorer.ooni.org/m/20260306081451.355315_KR_webconnectivity_dd20f81c52197c53
https://www.ted.com/,ok,https://explorer.ooni.org/m/20260306081504.515159_KR_webconnectivity_515a36f74fdc4d1f
https://www.textra.me/,ok,https://explorer.ooni.org/m/20260306081512.022111_KR_webconnectivity_a216d265ab3261b5
https://www.theglobalfund.org/,ok,https://explorer.ooni.org/m/20260306081520.872314_KR_webconnectivity_a98a9f27e127b488
http://www.tialsoft.com/download/,ok,https://explorer.ooni.org/m/20260306081525.416687_KR_webconnectivity_41f8d130af3e4822
http://www.tialsoft.com/multitranse/,ok,https://explorer.ooni.org/m/20260306081530.210897_KR_webconnectivity_4b3207696cb839a6
https://www.transferbigfiles.com/,ok,https://explorer.ooni.org/m/20260306081534.391845_KR_webconnectivity_9cb2e49785c3336b
http://www.translate.ru/,ok,https://explorer.ooni.org/m/20260306081542.581808_KR_webconnectivity_c3a5fa3f9ac3caa2
http://www.transwhiz.com/,ok,https://explorer.ooni.org/m/20260306081547.596178_KR_webconnectivity_5ce662d5b8b108bb
https://www.truecaller.com/,ok,https://explorer.ooni.org/m/20260306081604.571376_KR_webconnectivity_f6a41ad5b1fd2db4
https://www.tumblr.com/,dns,https://explorer.ooni.org/m/20260306081606.089661_KR_webconnectivity_ae1bedae2135610e
https://www.twitch.tv/,dns,https://explorer.ooni.org/m/20260306081607.618254_KR_webconnectivity_5553f42521dcff03
https://www.unaids.org/,ok,https://explorer.ooni.org/m/20260306081625.211867_KR_webconnectivity_6c030425af0eec1b
https://www.ushareit.com/,dns,https://explorer.ooni.org/m/20260306081627.375566_KR_webconnectivity_8dbc0eacba6ec270
http://www.veoh.com/,ok,https://explorer.ooni.org/m/20260306081628.510548_KR_webconnectivity_ec4891c84ba00926
https://www.vonage.com/,ok,https://explorer.ooni.org/m/20260306081630.890487_KR_webconnectivity_6ac4f3cf8b0c4b18
http://www.vtv.co.kr/,error,https://explorer.ooni.org/m/20260306081659.853924_KR_webconnectivity_0dc1dc54095ac000
https://www.vyke.com/,ok,https://explorer.ooni.org/m/20260306081708.126744_KR_webconnectivity_23aab0aca21623df
http://www.webbox.com/index.php,ok,https://explorer.ooni.org/m/20260306081709.330632_KR_webconnectivity_83bb156c39a28a7f
http://www.wevo.co.kr/,error,https://explorer.ooni.org/m/20260306081728.023921_KR_webconnectivity_9f9d2ef190b507f0
http://www.whitepages.com/,ok,https://explorer.ooni.org/m/20260306081739.102182_KR_webconnectivity_b73f6704da67698e
https://www.who.int/,ok,https://explorer.ooni.org/m/20260306081752.556402_KR_webconnectivity_f79ca61536334544
https://www.wordreference.com/,ok,https://explorer.ooni.org/m/20260306081754.510973_KR_webconnectivity_d8152c8bbe9b4bbf
https://www.worldometers.info/coronavirus/,ok,https://explorer.ooni.org/m/20260306081807.931038_KR_webconnectivity_badbfb39ef2fb191
https://www.y2mate.com/,dns,https://explorer.ooni.org/m/20260306081809.300491_KR_webconnectivity_d3436d94b70998a9
http://www.yahoo.co.kr/,ok,https://explorer.ooni.org/m/20260306081826.716657_KR_webconnectivity_2bdeff95aa358027
https://www.yahoo.com/,ok,https://explorer.ooni.org/m/20260306081839.950282_KR_webconnectivity_11c9e9f3a780d3bf
http://www.zzn.com/,ok,https://explorer.ooni.org/m/20260306081842.521259_KR_webconnectivity_5f405d85ebbaab0e
https://ya.ru/,dns,https://explorer.ooni.org/m/20260306081843.755114_KR_webconnectivity_51b91c98e695ae2a
https://yandex.com/,dns,https://explorer.ooni.org/m/20260306081845.303725_KR_webconnectivity_f3a033281613f180
https://yandexwebcache.net/robots.txt,ok,https://explorer.ooni.org/m/20260306081849.803818_KR_webconnectivity_e59a61ad1495d72e
https://zoom.us/,ok,https://explorer.ooni.org/m/20260306081859.735480_KR_webconnectivity_2249d1e78d3cd2e4
https://abs.twimg.com/sticky/default_profile_images/default_profile_normal.png,ok,https://explorer.ooni.org/m/20260306081901.542693_KR_webconnectivity_b33e93c661eee3d8
https://pbs.twimg.com/profile_images/941658150889054208/lFeD3554_200x200.jpg,ok,https://explorer.ooni.org/m/20260306081904.387784_KR_webconnectivity_605c25aeee3e743f
https://www.ning.com/,ok,https://explorer.ooni.org/m/20260306081922.359893_KR_webconnectivity_6044825795a16011
https://www.patreon.com/,ok,https://explorer.ooni.org/m/20260306081933.898602_KR_webconnectivity_1c054a5e4dc20514
https://www.quora.com/,ok,https://explorer.ooni.org/m/20260306081935.795142_KR_webconnectivity_ca942831a93fb4b0
https://www.redditstatic.com/robots.txt,ok,https://explorer.ooni.org/m/20260306081937.742772_KR_webconnectivity_8d68d5bf0080aaa2
https://www.trendsmap.com/,tcp_ip,https://explorer.ooni.org/m/20260306081939.540038_KR_webconnectivity_e2d6dec4dc23f7cd
https://www.worldpulse.com/,ok,https://explorer.ooni.org/m/20260306081942.211268_KR_webconnectivity_0ec280568c3f748c
https://adultfriendfinder.com/,dns,https://explorer.ooni.org/m/20260306081945.055078_KR_webconnectivity_528e5f4ec2e3005f
https://alqassam.ps/,dns,https://explorer.ooni.org/m/20260306081946.684054_KR_webconnectivity_fad86e4d2669dadf
https://alt.com/,dns,https://explorer.ooni.org/m/20260306081949.416202_KR_webconnectivity_9340e82d8d57b106
https://amphetamines.com/,ok,https://explorer.ooni.org/m/20260306081954.249336_KR_webconnectivity_81a374e2ec958e07
http://asiafriendfinder.com/,dns,https://explorer.ooni.org/m/20260306081957.468687_KR_webconnectivity_b2719ca9d407709f
http://asiansmaster.com/,dns,https://explorer.ooni.org/m/20260306081959.273374_KR_webconnectivity_5ffeb8d1a9a0bd72
http://betasia.com/,dns,https://explorer.ooni.org/m/20260306082000.536133_KR_webconnectivity_a69f5678982b2f1c
https://btggaming.com/,dns,https://explorer.ooni.org/m/20260306082003.684965_KR_webconnectivity_984add935ae0a040
http://cafe.daum.net/amc21,ok,https://explorer.ooni.org/m/20260306082007.785419_KR_webconnectivity_451081166d812930
http://cafe.daum.net/dacultureNO,ok,https://explorer.ooni.org/m/20260306082010.900150_KR_webconnectivity_302990b4ec0c8639
http://cafe.naver.com/mansdotcom,ok,https://explorer.ooni.org/m/20260306082013.797779_KR_webconnectivity_50b11c02bffb78dc
http://cafe.naver.com/rtbnmm/,ok,https://explorer.ooni.org/m/20260306082024.861558_KR_webconnectivity_9f807e22a51c4986
http://creamasia.com/,dns,https://explorer.ooni.org/m/20260306082026.771949_KR_webconnectivity_d365085c2347d423
https://dailystormer.in/,dns,https://explorer.ooni.org/m/20260306082027.736350_KR_webconnectivity_e2b223db59f6da9c
https://drugs-forum.com/,dns,https://explorer.ooni.org/m/20260306082029.076469_KR_webconnectivity_d3c6ae5b8770e68d
https://eln-voces.net/,ok,https://explorer.ooni.org/m/20260306082041.173676_KR_webconnectivity_35d130986a18e8c3
https://europedatingonline.com/,dns,https://explorer.ooni.org/m/20260306082042.760763_KR_webconnectivity_81002b415b85a674
https://forum.grasscity.com/,dns,https://explorer.ooni.org/m/20260306082044.952941_KR_webconnectivity_114e8c089e3fdd7e
https://friendfinder.com/,dns,https://explorer.ooni.org/m/20260306082047.080408_KR_webconnectivity_975f3d23f72be3a5
https://godhatesfags.com/,dns,https://explorer.ooni.org/m/20260306082048.730962_KR_webconnectivity_0d354f557262e4e1
https://heroin.org/,dns,https://explorer.ooni.org/m/20260306082050.165409_KR_webconnectivity_502702e457f72f10
https://hightimes.com/,dns,https://explorer.ooni.org/m/20260306082052.275847_KR_webconnectivity_faa89222f8aaf21b
https://hitomi.la/,dns,https://explorer.ooni.org/m/20260306082053.936994_KR_webconnectivity_da8912e94a4bdc5d
https://howtogrowmarijuana.com/,dns,https://explorer.ooni.org/m/20260306082055.840987_KR_webconnectivity_38ceb7435e490a9d
http://indianfriendfinder.com/,dns,https://explorer.ooni.org/m/20260306082057.801821_KR_webconnectivity_985608a4e86e6ccd
https://kiwifarms.net/,dns,https://explorer.ooni.org/m/20260306082113.814382_KR_webconnectivity_6223851fab6db452
http://koreanfriendfinder.com/,dns,https://explorer.ooni.org/m/20260306082116.291468_KR_webconnectivity_9de9c51f45b4a072
http://makemodel.net/,ok,https://explorer.ooni.org/m/20260306082129.080499_KR_webconnectivity_239615fd70daa0c9
https://maps.org/,ok,https://explorer.ooni.org/m/20260306082139.924128_KR_webconnectivity_740dc64914379ed7
http://mingky.org/,dns,https://explorer.ooni.org/m/20260306082142.599623_KR_webconnectivity_0b239d6e1db216b3
https://norml.org/,dns,https://explorer.ooni.org/m/20260306082145.474481_KR_webconnectivity_087834f9c0f2e5ed
https://nsdapao.info/,dns,https://explorer.ooni.org/m/20260306082201.316271_KR_webconnectivity_083919e79d0c5052
http://onlybingo.com/,dns,https://explorer.ooni.org/m/20260306082217.084135_KR_webconnectivity_8d0a8e675fd736ac
https://panties.com/,dns,https://explorer.ooni.org/m/20260306082219.097358_KR_webconnectivity_2785c3864da2bc51
http://sexkorea.net/,dns,https://explorer.ooni.org/m/20260306082224.827253_KR_webconnectivity_ed029f866373c370
http://thaigirls.net/,dns,https://explorer.ooni.org/m/20260306082227.176623_KR_webconnectivity_81cac0b00274310d
http://user.chollian.net/,dns,https://explorer.ooni.org/m/20260306082230.257288_KR_webconnectivity_f94b30514302d73b
http://user.chollian.net/~yesooj/mincho/deama.htm,dns,https://explorer.ooni.org/m/20260306082233.433700_KR_webconnectivity_b7e4e7f88956f92e
http://via89.kr/,ok,https://explorer.ooni.org/m/20260306082234.750678_KR_webconnectivity_dfb7280433fc8fb4
http://video.fc2.com/ko/a/,dns,https://explorer.ooni.org/m/20260306082237.155013_KR_webconnectivity_e79ae1a8a3d46d42
https://weedmaps.com/,dns,https://explorer.ooni.org/m/20260306082239.602757_KR_webconnectivity_2fa5d576dbf57665
https://worldsingles.com/,dns,https://explorer.ooni.org/m/20260306082240.493563_KR_webconnectivity_0eec3e784656d1e9
https://www.3wishes.com/,dns,https://explorer.ooni.org/m/20260306082242.787614_KR_webconnectivity_e381e843ca3f4037
http://www.4online-gambling.com/,dns,https://explorer.ooni.org/m/20260306082244.690650_KR_webconnectivity_ec1de4105a4bc787
http://www.888casino.com/,dns,https://explorer.ooni.org/m/20260306082246.110568_KR_webconnectivity_1e95803445a79712
http://www.abcunderwear.com/,dns,https://explorer.ooni.org/m/20260306082247.471125_KR_webconnectivity_121ec04452a2a434
http://www.absinth.com/,ok,https://explorer.ooni.org/m/20260306082250.616312_KR_webconnectivity_b2746642913aadf3
http://www.absolut.com/,ok,https://explorer.ooni.org/m/20260306082254.656274_KR_webconnectivity_ed8b4826237337b4
https://www.americannaziparty.com/,ok,https://explorer.ooni.org/m/20260306082300.920447_KR_webconnectivity_487119d5cd7633b5
https://www.ariannelingerie.com/,dns,https://explorer.ooni.org/m/20260306082302.667351_KR_webconnectivity_4ad59584e5909d97
http://www.asiabynight.com/,dns,https://explorer.ooni.org/m/20260306082318.771953_KR_webconnectivity_8168247f53764ba2
https://www.bacardi.com/,ok,https://explorer.ooni.org/m/20260306082330.813291_KR_webconnectivity_49902642b1e6f37f
http://www.barmeister.com/,ok,https://explorer.ooni.org/m/20260306082332.123934_KR_webconnectivity_cb11a39a47992f68
https://www.bat.com/,ok,https://explorer.ooni.org/m/20260306082342.081695_KR_webconnectivity_32d7f9b83af3f64b
http://www.beer.com/,ok,https://explorer.ooni.org/m/20260306082353.364177_KR_webconnectivity_4e20a466306aad02
https://www.beerinfo.com/,ok,https://explorer.ooni.org/m/20260306082408.400739_KR_webconnectivity_f899ab45583cc2a6
http://www.betfair.com/,dns,https://explorer.ooni.org/m/20260306082409.566027_KR_webconnectivity_7d311220dd174d9f
http://www.bglad.com/,dns,https://explorer.ooni.org/m/20260306082412.888645_KR_webconnectivity_ce88c3081ce7d200
http://www.blackjackinfo.com/,dns,https://explorer.ooni.org/m/20260306082415.581659_KR_webconnectivity_401e75ead663d1fb
https://www.blueskyswimwear.com/,dns,https://explorer.ooni.org/m/20260306082417.492386_KR_webconnectivity_0a8b2c75e5ed3f01
https://www.bravoporn.com/,dns,https://explorer.ooni.org/m/20260306082418.735222_KR_webconnectivity_860f9ee92ec5ee75
http://www.budweiser.com/,ok,https://explorer.ooni.org/m/20260306082430.709786_KR_webconnectivity_f4775906ad511e3a
https://www.buydutchseeds.com/,dns,https://explorer.ooni.org/m/20260306082431.999780_KR_webconnectivity_428e8a295430d2db
http://www.casinotropez.com/,dns,https://explorer.ooni.org/m/20260306082433.163357_KR_webconnectivity_350ff90487b8d129
https://www.churchofeuthanasia.org/,dns,https://explorer.ooni.org/m/20260306082434.574502_KR_webconnectivity_fbb1119e2518d023
http://www.columbus25.com/,ok,https://explorer.ooni.org/m/20260306082435.378028_KR_webconnectivity_e4750bfb98d9b626
http://www.coquette.com/,dns,https://explorer.ooni.org/m/20260306082437.789681_KR_webconnectivity_120115ba4e2aad5d
http://www.date.com/,dns,https://explorer.ooni.org/m/20260306082440.363520_KR_webconnectivity_5adb3ae2d1d38738
https://www.dating.com/,dns,https://explorer.ooni.org/m/20260306082441.800598_KR_webconnectivity_d77e8f9972b3f73a
http://www.dekaron.co.kr/,dns,https://explorer.ooni.org/m/20260306082445.065939_KR_webconnectivity_15bad78dbc6789ef
http://www.delicates.co.uk/,ok,https://explorer.ooni.org/m/20260306082452.404798_KR_webconnectivity_b4ac9ad72b69e116
https://www.dextroverse.org/,ok,https://explorer.ooni.org/m/20260306082513.924599_KR_webconnectivity_0eadf94e613ac411
https://www.drugsdata.org/,dns,https://explorer.ooni.org/m/20260306082521.251586_KR_webconnectivity_64966864fe7f7e3e
http://www.drugsense.org/,ok,https://explorer.ooni.org/m/20260306082528.281760_KR_webconnectivity_38f827a0f027dbff
http://www.dsnet.co.kr/,ok,https://explorer.ooni.org/m/20260306082544.649063_KR_webconnectivity_4e77ed7ccb77f61a
https://www.erowid.org/,tcp_ip,https://explorer.ooni.org/m/20260306082616.887431_KR_webconnectivity_35c231cd888901f5
http://www.forbiddenasian.com/,dns,https://explorer.ooni.org/m/20260306082619.158248_KR_webconnectivity_2a0646a4601da2bd
http://www.freshpair.com/,dns,https://explorer.ooni.org/m/20260306082620.684330_KR_webconnectivity_91c136b5012e29d5
http://www.fuckingfreemovies.com/,dns,https://explorer.ooni.org/m/20260306082622.930263_KR_webconnectivity_8f9f70b55d9558b0
http://www.gamemeca.com/,dns,https://explorer.ooni.org/m/20260306082626.800134_KR_webconnectivity_7f06c0250c531028
http://www.gamespot.co.kr/,dns,https://explorer.ooni.org/m/20260306082629.434267_KR_webconnectivity_177612d7c799a373
http://www.gayapatal.com/,dns,https://explorer.ooni.org/m/20260306082631.589406_KR_webconnectivity_3debcaffe342877d
http://www.gayasianamateurs.com/,dns,https://explorer.ooni.org/m/20260306082632.788621_KR_webconnectivity_3d042e2e9b2ad730
http://www.globalfire.tv/,ok,https://explorer.ooni.org/m/20260306082638.372081_KR_webconnectivity_6befbbc892826417
https://www.goldenpalace.com/,dns,https://explorer.ooni.org/m/20260306082639.866672_KR_webconnectivity_aac166e06abeeaa7
http://www.goldenrivieracasino.com/,dns,https://explorer.ooni.org/m/20260306082641.577269_KR_webconnectivity_5dcbec78c94e7e56
http://www.gotgayporn.com/,dns,https://explorer.ooni.org/m/20260306082643.522958_KR_webconnectivity_ab6a124965bed4e2
http://www.hanes.com/,ok,https://explorer.ooni.org/m/20260306082645.513421_KR_webconnectivity_7ecdea27dcdc0adc
https://www.happn.com/,dns,https://explorer.ooni.org/m/20260306082647.124401_KR_webconnectivity_6f91207c574a16d1
http://www.hiliq.net/,ok,https://explorer.ooni.org/m/20260306082706.358868_KR_webconnectivity_b16a90b62f8b2cde
http://www.i-um.com/,dns,https://explorer.ooni.org/m/20260306082707.740776_KR_webconnectivity_3605427594cc5f47
http://www.ilbe.com/,dns,https://explorer.ooni.org/m/20260306082710.189574_KR_webconnectivity_7686d96591482c32
http://www.indianporngirls.com/,dns,https://explorer.ooni.org/m/20260306082713.413148_KR_webconnectivity_66d76de48dadec08
https://www.ipair.com/,dns,https://explorer.ooni.org/m/20260306082714.777827_KR_webconnectivity_60927cc5f6657d65
http://www.jackdaniels.com/,ok,https://explorer.ooni.org/m/20260306082727.654500_KR_webconnectivity_98459c54153bfd6d
https://www.jackpotcitycasino1.com/,dns,https://explorer.ooni.org/m/20260306082729.016424_KR_webconnectivity_62cba8a160d7020c
https://www.jdate.com/,dns,https://explorer.ooni.org/m/20260306082729.952142_KR_webconnectivity_1be5ad67f9c8326a
http://www.joyhunting.com/,dns,https://explorer.ooni.org/m/20260306082745.769263_KR_webconnectivity_508a5e34aeb8f4c3
http://www.jupae.com/,ok,https://explorer.ooni.org/m/20260306082803.204717_KR_webconnectivity_a5d252e7c1110a17
http://www.koreancupid.com/,dns,https://explorer.ooni.org/m/20260306082804.353918_KR_webconnectivity_7a922585f09d1869
http://www.lasenza.com/,dns,https://explorer.ooni.org/m/20260306082805.616551_KR_webconnectivity_ede2d91e3f50d333
http://www.lesbiansubmission.com/,dns,https://explorer.ooni.org/m/20260306082809.267493_KR_webconnectivity_61e5f2319acbb689
http://www.lineage.co.kr/,dns,https://explorer.ooni.org/m/20260306082812.553794_KR_webconnectivity_d730d8062376ac58
https://www.lovoo.com/,dns,https://explorer.ooni.org/m/20260306082813.827707_KR_webconnectivity_358f7eea1ec374a4
http://www.luckynugget.com/,dns,https://explorer.ooni.org/m/20260306082815.343859_KR_webconnectivity_b7f248ef25488bd2
http://www.marijuanatravels.com/,dns,https://explorer.ooni.org/m/20260306082831.557559_KR_webconnectivity_338ee253aadd463f
http://www.mgame.com/,dns,https://explorer.ooni.org/m/20260306082833.840816_KR_webconnectivity_2212f683eb0cfabe
http://www.moderndrunkardmagazine.com/,ok,https://explorer.ooni.org/m/20260306082854.296394_KR_webconnectivity_3759079cd990ed55
http://www.mrchewsasianbeaver.com/,dns,https://explorer.ooni.org/m/20260306082857.655826_KR_webconnectivity_5a16e53ed9a4058c
http://www.neonjoint.com/,dns,https://explorer.ooni.org/m/20260306082858.833215_KR_webconnectivity_dd9dc459ba41f38c
https://www.okcupid.com/,dns,https://explorer.ooni.org/m/20260306082901.101856_KR_webconnectivity_9cd81aa09f0bbcf0
http://www.online-dating.org/,dns,https://explorer.ooni.org/m/20260306082902.639695_KR_webconnectivity_180111dbe4087042
https://www.onlinegambling.com/,dns,https://explorer.ooni.org/m/20260306082905.947694_KR_webconnectivity_b0bc99c40cc7f015
http://www.originalelf.com/,error,https://explorer.ooni.org/m/20260306082912.819470_KR_webconnectivity_5983dee451f541f8
http://www.partypoker.com/,dns,https://explorer.ooni.org/m/20260306082913.894927_KR_webconnectivity_efdba2a0ac8f1191
https://www.partypoker.net/,dns,https://explorer.ooni.org/m/20260306082917.009294_KR_webconnectivity_2586dee7273e84c5
https://www.playboy.com/,dns,https://explorer.ooni.org/m/20260306082920.161867_KR_webconnectivity_10408c30941f09b3
https://www.pmi.com/,ok,https://explorer.ooni.org/m/20260306082938.520851_KR_webconnectivity_24637b99b6916c05
https://www.pornhub.com/,dns,https://explorer.ooni.org/m/20260306082940.054127_KR_webconnectivity_cda0207842ddfb28
http://www.ranking.co.kr/,dns,https://explorer.ooni.org/m/20260306082959.309051_KR_webconnectivity_cdf68909f4ec63bf
http://www.realbeer.com/,ok,https://explorer.ooni.org/m/20260306083003.729304_KR_webconnectivity_788195560c1a9360
http://www.ricefever.com/,dns,https://explorer.ooni.org/m/20260306083005.618553_KR_webconnectivity_f8496c045ccb2cc2
http://www.riverbelle.com/,dns,https://explorer.ooni.org/m/20260306083007.228285_KR_webconnectivity_ba95d014ee259bfe
http://www.rollitup.org/,dns,https://explorer.ooni.org/m/20260306083008.051694_KR_webconnectivity_2b4afc9567e00614
http://www.royalvegas-casino-kr.com/,dns,https://explorer.ooni.org/m/20260306083012.181639_KR_webconnectivity_5241cd676661642a
http://www.royalvegas.com/,dns,https://explorer.ooni.org/m/20260306083014.582726_KR_webconnectivity_83f59855298e45ca
http://www.rxmarijuana.com/,dns,https://explorer.ooni.org/m/20260306083016.092893_KR_webconnectivity_f37e69b3c14968f8
http://www.satp.org/,ok,https://explorer.ooni.org/m/20260306083030.555075_KR_webconnectivity_5784ab162cb5dbf7
http://www.soramall.kr/,dns,https://explorer.ooni.org/m/20260306083032.971618_KR_webconnectivity_6715fdda070272df
https://www.spark.com/,dns,https://explorer.ooni.org/m/20260306083034.130222_KR_webconnectivity_174a1876bb6e3e15
http://www.speeddater.co.uk/,ok,https://explorer.ooni.org/m/20260306083038.218689_KR_webconnectivity_50e6321ef1b1ba5d
http://www.spinpalace.com/,dns,https://explorer.ooni.org/m/20260306083040.153342_KR_webconnectivity_b163cf260955a8d0
http://www.sportingbet.com/,dns,https://explorer.ooni.org/m/20260306083041.537698_KR_webconnectivity_f85f7acef2951b94
http://www.sportsinteraction.com/,dns,https://explorer.ooni.org/m/20260306083042.944899_KR_webconnectivity_7b7b8e2ee66fa1b8
http://www.taima.org/,dns,https://explorer.ooni.org/m/20260306083045.011328_KR_webconnectivity_51ec0f99c002d58a
http://www.thegooddrugsguide.com/,dns,https://explorer.ooni.org/m/20260306083045.817649_KR_webconnectivity_a38e596de040e61f
http://www.tobacco.org/,ok,https://explorer.ooni.org/m/20260306083047.972027_KR_webconnectivity_3d52ad5cc5e51e52
http://www.topdrawers.com/,dns,https://explorer.ooni.org/m/20260306083050.199841_KR_webconnectivity_0a98318d953a4a1c
http://www.vanguardnewsnetwork.com/,ok,https://explorer.ooni.org/m/20260306083106.421499_KR_webconnectivity_3107ebf543e768c6
http://www.venus.com/,dns,https://explorer.ooni.org/m/20260306083107.953696_KR_webconnectivity_719fa6c5393d9936
https://www.victoriassecret.com/,dns,https://explorer.ooni.org/m/20260306083109.355805_KR_webconnectivity_4059b3ea9b29f22f
http://www.wegames.net/,dns,https://explorer.ooni.org/m/20260306083111.778923_KR_webconnectivity_cab0cdd6687f3814
http://www.winespectator.com/,ok,https://explorer.ooni.org/m/20260306083126.212302_KR_webconnectivity_89daaa699010b63d
https://www.xnxx.com/,dns,https://explorer.ooni.org/m/20260306083128.529011_KR_webconnectivity_cac99ac5a595823d
http://www.xvideos.com/,dns,https://explorer.ooni.org/m/20260306083130.344521_KR_webconnectivity_32f72296d02deca2
https://www.xvideos.com/,dns,https://explorer.ooni.org/m/20260306083132.132571_KR_webconnectivity_d4fd3c256acf2066
http://ywoos.com/,dns,https://explorer.ooni.org/m/20260306083147.983840_KR_webconnectivity_5d3ec1d186928433
https://cryptpad.fr/,ok,https://explorer.ooni.org/m/20260306083151.891610_KR_webconnectivity_bb6b8fe7c69de549
http://www.mfasia.org/,ok,https://explorer.ooni.org/m/20260306083207.405298_KR_webconnectivity_b13db886325ff814
http://www.newsweekasia.com/,ok,https://explorer.ooni.org/m/20260306083234.323753_KR_webconnectivity_9614184f130059d8
http://www.publiuspundit.com/,ok,https://explorer.ooni.org/m/20260306083235.848687_KR_webconnectivity_1d743398c86cbb0f
http://www.seapa.org/,tcp_ip,https://explorer.ooni.org/m/20260306083237.270495_KR_webconnectivity_c6e023cc3780354d
http://www.seapabkk.org/,dns,https://explorer.ooni.org/m/20260306083240.548706_KR_webconnectivity_aa63d68347f55940
http://www.taipeitimes.com/,ok,https://explorer.ooni.org/m/20260306083247.484301_KR_webconnectivity_1f11a1eca4433eb2
http://www.zdnetasia.com/,ok,https://explorer.ooni.org/m/20260306083258.733863_KR_webconnectivity_d4c01fbcd4d377e4
"http://www.zdnetasia.com/downloads/pc/swinfo/0,39043052,39222404s,00.htm",ok,https://explorer.ooni.org/m/20260306083314.652661_KR_webconnectivity_d43b8f4cdef41e4b
https://1.1.1.1/dns-query?dns=q80BAAABAAAAAAAAA3d3dwdleGFtcGxlA2NvbQAAAQAB,tcp_ip,https://explorer.ooni.org/m/20260306083345.808551_KR_webconnectivity_2c5533bd3e7cf983
https://1.1.1.3/dns-query?dns=q80BAAABAAAAAAAAA3d3dwdleGFtcGxlA2NvbQAAAQAB,tcp_ip,https://explorer.ooni.org/m/20260306083416.691150_KR_webconnectivity_ee39152a65beafec
https://149.112.112.9/dns-query?dns=q80BAAABAAAAAAAAA3d3dwdleGFtcGxlA2NvbQAAAQAB,ok,https://explorer.ooni.org/m/20260306083418.294097_KR_webconnectivity_a669f29d0d7b7485
https://350.org/,ok,https://explorer.ooni.org/m/20260306083429.191239_KR_webconnectivity_7080af4de95ef420
https://8.8.4.4/dns-query?dns=q80BAAABAAAAAAAAA3d3dwdleGFtcGxlA2NvbQAAAQAB,ok,https://explorer.ooni.org/m/20260306083430.736191_KR_webconnectivity_75af1a6e8a10a95b
https://8.8.8.8/dns-query?dns=q80BAAABAAAAAAAAA3d3dwdleGFtcGxlA2NvbQAAAQAB,ok,https://explorer.ooni.org/m/20260306083432.850542_KR_webconnectivity_72102cf93dac5111
https://8kun.top/,dns,https://explorer.ooni.org/m/20260306083434.959771_KR_webconnectivity_3114fbbaab66d6ca
https://9.9.9.9/dns-query?dns=q80BAAABAAAAAAAAA3d3dwdleGFtcGxlA2NvbQAAAQAB,tcp_ip,https://explorer.ooni.org/m/20260306083435.808772_KR_webconnectivity_2bf64e16fee6d3e7
https://abortion-korea.org/,http-failure,https://explorer.ooni.org/m/20260306083439.323874_KR_webconnectivity_37cf488def574492
https://abortion.kr/,dns,https://explorer.ooni.org/m/20260306083440.316249_KR_webconnectivity_8272ed0cda897a93
https://abortionfunds.org/,dns,https://explorer.ooni.org/m/20260306083443.281838_KR_webconnectivity_00675ecc7d0706d7
https://abortionnetwork.amsterdam/,dns,https://explorer.ooni.org/m/20260306083445.793202_KR_webconnectivity_84512eae0e808f02
https://abortionpillinfo.org/,ok,https://explorer.ooni.org/m/20260306083452.666700_KR_webconnectivity_1a49a109c3f27287
https://aidaccess.org/,dns,https://explorer.ooni.org/m/20260306083453.947123_KR_webconnectivity_84bc062a0a1342e9
https://ajax.aspnetcdn.com/ajax/4.5.2/1/MicrosoftAjax.js,ok,https://explorer.ooni.org/m/20260306083506.320553_KR_webconnectivity_03dd121f259fbf43
https://amp.cloudflare.com/v0/amp-iframe-0.1.js,ok,https://explorer.ooni.org/m/20260306083509.020295_KR_webconnectivity_4194cf3ff789ad99
https://android.apis.google.com/robots.txt,ok,https://explorer.ooni.org/m/20260306083511.228802_KR_webconnectivity_b72c597d0e968400
https://android.googleapis.com/robots.txt,ok,https://explorer.ooni.org/m/20260306083514.950935_KR_webconnectivity_62cd2ba42fb958ad
https://api.github.com/,ok,https://explorer.ooni.org/m/20260306083517.407342_KR_webconnectivity_afe8e3e0288dfd4d
https://apps.apple.com/us/developer/apple/id284417353/,ok,https://explorer.ooni.org/m/20260306083530.086907_KR_webconnectivity_f12fe139d08f3245
https://archive.is/,ok,https://explorer.ooni.org/m/20260306083534.212724_KR_webconnectivity_c51efa2137d2fd51
https://archive.org/,ok,https://explorer.ooni.org/m/20260306083537.030543_KR_webconnectivity_8a091104be943042
http://bestiz.net/,ok,https://explorer.ooni.org/m/20260306083539.420920_KR_webconnectivity_cca6796db0656fcc
https://bit.ly/,http-failure,https://explorer.ooni.org/m/20260306083542.255579_KR_webconnectivity_c657845444312c16
https://bitbucket.org/,dns,https://explorer.ooni.org/m/20260306083543.466650_KR_webconnectivity_f91d10cbf8f41693
http://blog.naver.com/,ok,https://explorer.ooni.org/m/20260306083548.915267_KR_webconnectivity_951acef54d3b7b3b
http://cafe.daum.net/Kgreens,ok,https://explorer.ooni.org/m/20260306083552.548832_KR_webconnectivity_fcad2fa401e8deea
http://cafe.daum.net/chiwoo/,ok,https://explorer.ooni.org/m/20260306083555.401096_KR_webconnectivity_f0e0c70aa24ddcf1
http://cafe.daum.net/ok1221,ok,https://explorer.ooni.org/m/20260306083558.178005_KR_webconnectivity_f80e08cb9fa8aac8
http://cafe.daum.net/ssaumjil,ok,https://explorer.ooni.org/m/20260306083600.789524_KR_webconnectivity_ddb71f2610e6afd5
http://cafe.daum.net/subdued20club/,ok,https://explorer.ooni.org/m/20260306083603.280251_KR_webconnectivity_356788760206a9f1
http://cafe.daum.net/truepicture/,ok,https://explorer.ooni.org/m/20260306083606.380157_KR_webconnectivity_c56ab08a36155f33
http://cafe.naver.com/imsanbu,ok,https://explorer.ooni.org/m/20260306083625.888689_KR_webconnectivity_6151f5172182643e
https://cdn-client.medium.com/lite/static/js/manifest.ef5f44d2.js,ok,https://explorer.ooni.org/m/20260306083629.267806_KR_webconnectivity_6c85eb950b7210c5
https://cdn.ampproject.org/v0/amp-iframe-0.1.js,ok,https://explorer.ooni.org/m/20260306083635.043275_KR_webconnectivity_f0471a9166e3445f
https://cdn.jsdelivr.net/favicon.ico,ok,https://explorer.ooni.org/m/20260306083638.371157_KR_webconnectivity_e2d8a662664ae24d
https://cdn.sstatic.net/Img/home/open-source.svg,ok,https://explorer.ooni.org/m/20260306083640.640879_KR_webconnectivity_78f91cae4b6100a9
https://cdnjs.cloudflare.com/,ok,https://explorer.ooni.org/m/20260306083643.207811_KR_webconnectivity_4813c8bfd10fe9d4
https://churchofgodinchristmennonite.net/,ok,https://explorer.ooni.org/m/20260306083645.669572_KR_webconnectivity_c1162d19bd72b774
https://cites.org/,ok,https://explorer.ooni.org/m/20260306083648.094546_KR_webconnectivity_a0d520c6f1dd5ed0
https://citizensclimatelobby.org/,ok,https://explorer.ooni.org/m/20260306083659.904824_KR_webconnectivity_0f46644ad6f8f731
http://cloud.naver.com/,ok,https://explorer.ooni.org/m/20260306083705.674529_KR_webconnectivity_4511f47cfd40f10f
https://cloudflare-dns.com/dns-query?dns=q80BAAABAAAAAAAAA3d3dwdleGFtcGxlA2NvbQAAAQAB,tcp_ip,https://explorer.ooni.org/m/20260306083706.834099_KR_webconnectivity_6193493baea16157
https://cloudflare-ech.com/,ok,https://explorer.ooni.org/m/20260306083715.303366_KR_webconnectivity_3f4bb2a6c77dddca
http://clparty.kr/,error,https://explorer.ooni.org/m/20260306083731.984012_KR_webconnectivity_5400bab06246099b
https://code.jquery.com/,ok,https://explorer.ooni.org/m/20260306083741.201428_KR_webconnectivity_719c6ab258f53d0d
https://codeberg.org/,ok,https://explorer.ooni.org/m/20260306083746.501497_KR_webconnectivity_e47dd490f4b3bd2a
https://codeload.github.com/github/rally/tar.gz/v1.0.1,ok,https://explorer.ooni.org/m/20260306083759.624657_KR_webconnectivity_de87959276e07107
http://cyworld.nate.com/,ok,https://explorer.ooni.org/m/20260306083801.124350_KR_webconnectivity_128fefb51d12d31e
https://data.worldbank.org/topic/environment,ok,https://explorer.ooni.org/m/20260306083810.463307_KR_webconnectivity_a1f83a3972aa04b7
http://debate.org.uk/,ok,https://explorer.ooni.org/m/20260306083815.452359_KR_webconnectivity_8cd26c1a55f8b7e4
https://dharmanet.org/,ok,https://explorer.ooni.org/m/20260306083828.453590_KR_webconnectivity_7ed69151719baec9
https://digital.globalclimatestrike.net/,ok,https://explorer.ooni.org/m/20260306083840.089222_KR_webconnectivity_a7ea2b682d6885af
https://dl.bintray.com/jfrog/xray/,ok,https://explorer.ooni.org/m/20260306083848.105082_KR_webconnectivity_03d7b61a1f12ea51
https://dl.google.com/robots.txt,ok,https://explorer.ooni.org/m/20260306083850.258880_KR_webconnectivity_967073c8608e5403
https://dlive.tv/,dns,https://explorer.ooni.org/m/20260306083851.517902_KR_webconnectivity_f2bad250e04309ba
https://dns.adguard.com/dns-query?dns=q80BAAABAAAAAAAAA3d3dwdleGFtcGxlA2NvbQAAAQAB,tcp_ip,https://explorer.ooni.org/m/20260306083852.524597_KR_webconnectivity_ce2eed76132f89ee
https://dns.google/,ok,https://explorer.ooni.org/m/20260306083854.633788_KR_webconnectivity_0bd4a95e09c8c849
https://dns.quad9.net/dns-query?dns=q80BAAABAAAAAAAAA3d3dwdleGFtcGxlA2NvbQAAAQAB,tcp_ip,https://explorer.ooni.org/m/20260306083855.834539_KR_webconnectivity_15becd0f9038122e
https://docs.github.com/,ok,https://explorer.ooni.org/m/20260306083906.371481_KR_webconnectivity_0d98e0ebff5a8bcb
https://doh-fi.blahdns.com/dns-query?dns=q80BAAABAAAAAAAAA3d3dwdleGFtcGxlA2NvbQAAAQAB,dns,https://explorer.ooni.org/m/20260306083907.821113_KR_webconnectivity_ad00673ed7a27ab9
https://doh.dns.sb/dns-query?dns=q80BAAABAAAAAAAAA3d3dwdleGFtcGxlA2NvbQAAAQAB,dns,https://explorer.ooni.org/m/20260306083923.955902_KR_webconnectivity_f2786329d81efcf2
https://download-installer.cdn.mozilla.net/,ok,https://explorer.ooni.org/m/20260306083926.223161_KR_webconnectivity_464a09f028bb6b51
https://dzen.ru/,dns,https://explorer.ooni.org/m/20260306083928.038483_KR_webconnectivity_62c67caa8444e9bd
https://earthobservatory.nasa.gov/global-maps,ok,https://explorer.ooni.org/m/20260306083947.651368_KR_webconnectivity_919d776241692937
https://earthwatch.org/,ok,https://explorer.ooni.org/m/20260306083955.106559_KR_webconnectivity_0a5e75114e32a938
https://emchurch.org/,ok,https://explorer.ooni.org/m/20260306083958.827987_KR_webconnectivity_99d0041e82e361e2
https://espivblogs.net/,ok,https://explorer.ooni.org/m/20260306084017.656703_KR_webconnectivity_a2b731ebbfe9027f
https://fcm.googleapis.com/$discovery/rest?version=v1,ok,https://explorer.ooni.org/m/20260306084025.094570_KR_webconnectivity_14dd89289c9d05c4
https://firebaseinstallations.googleapis.com/robots.txt,ok,https://explorer.ooni.org/m/20260306084035.176224_KR_webconnectivity_77f79eeca81e35c3
https://fosfeminista.org/,ok,https://explorer.ooni.org/m/20260306084039.721490_KR_webconnectivity_1bd65246c80f18a5
https://freedns.afraid.org/,dns,https://explorer.ooni.org/m/20260306084041.206446_KR_webconnectivity_a2b65f61ca70ae3a
https://fridaysforfuture.org/,ok,https://explorer.ooni.org/m/20260306084059.118860_KR_webconnectivity_32236a1d41fbcf56
https://friendsoftheearth.uk/,ok,https://explorer.ooni.org/m/20260306084108.067125_KR_webconnectivity_3593b6bd0943afb4
https://frontlineaids.org/,ok,https://explorer.ooni.org/m/20260306084120.379969_KR_webconnectivity_0e9c82b8ad6ec048
https://gaggaalliance.org/,ok,https://explorer.ooni.org/m/20260306084136.864928_KR_webconnectivity_35dab9ba97f93214
http://gall.dcinside.com/,ok,https://explorer.ooni.org/m/20260306084150.193100_KR_webconnectivity_4c40f4cf3a6ac4b3
http://gesomoon.com/Ver2/,ok,https://explorer.ooni.org/m/20260306084153.546546_KR_webconnectivity_b9dc45cf8b10507f
https://ghost.org/,ok,https://explorer.ooni.org/m/20260306084203.873679_KR_webconnectivity_796c143504395cb7
https://gist.github.com/,ok,https://explorer.ooni.org/m/20260306084219.872371_KR_webconnectivity_ebf80e8e091d33f6
https://git.io/,dns,https://explorer.ooni.org/m/20260306084221.361475_KR_webconnectivity_284224cc4cc01b60
https://github.com/,ok,https://explorer.ooni.org/m/20260306084236.133311_KR_webconnectivity_7b6a0cf126a75c7b
https://github.com/twbs/bootstrap/releases/download/v4.5.3/bootstrap-4.5.3-examples.zip,ok,https://explorer.ooni.org/m/20260306084251.180706_KR_webconnectivity_85a4b74bb354de64
https://github.githubassets.com/images/modules/open_graph/github-logo.png,ok,https://explorer.ooni.org/m/20260306084255.406700_KR_webconnectivity_bf17beb33f801bb8
https://gitlab.com/,dns,https://explorer.ooni.org/m/20260306084256.924414_KR_webconnectivity_de898694539947d2
https://globalconservation.org/,ok,https://explorer.ooni.org/m/20260306084309.543160_KR_webconnectivity_ab837fbb12316662
https://goaskalice.columbia.edu/,ok,https://explorer.ooni.org/m/20260306084319.366347_KR_webconnectivity_823dd2adcb0ba917
https://greenhost.net/,ok,https://explorer.ooni.org/m/20260306084324.345693_KR_webconnectivity_25b23637bb5ac0e5
https://i.ytimg.com/vi/JBRf3nEqfZ8/hq720.jpg,ok,https://explorer.ooni.org/m/20260306084336.069203_KR_webconnectivity_7079804ed3911166
https://iarf.net/,ok,https://explorer.ooni.org/m/20260306084351.749070_KR_webconnectivity_c787c3536c633271
https://impactlab.org/,ok,https://explorer.ooni.org/m/20260306084402.440117_KR_webconnectivity_6daf93b8721f0a88
https://isaalmasih.net/,ok,https://explorer.ooni.org/m/20260306084407.310370_KR_webconnectivity_41b217003f4b0b21
https://islamic-relief.org/,ok,https://explorer.ooni.org/m/20260306084420.607351_KR_webconnectivity_cb8db2594eee0804
https://islamonline.net/,ok,https://explorer.ooni.org/m/20260306084435.386333_KR_webconnectivity_758f418da8874074
https://jainworld.com/,ok,https://explorer.ooni.org/m/20260306084449.648649_KR_webconnectivity_132b9812ebe61bd4
https://joturl.com/,ok,https://explorer.ooni.org/m/20260306084456.407259_KR_webconnectivity_29dc31792aae19b7
https://krishna.com/,ok,https://explorer.ooni.org/m/20260306084506.526316_KR_webconnectivity_3ffc249fddf4d708
https://letsencrypt.org/,ok,https://explorer.ooni.org/m/20260306084515.970505_KR_webconnectivity_5d2a55278f8c20a7
https://lh3.ggpht.com/_mm3cDcdhxkc/SzkPLt_zDUI/AAAAAAAAAZM/UplZlTSCVQc/s800/DSC_5305.jpg,ok,https://explorer.ooni.org/m/20260306084526.973549_KR_webconnectivity_3e4c23886217a9ec
https://lh3.googleusercontent.com/favicon.ico,ok,https://explorer.ooni.org/m/20260306084530.911723_KR_webconnectivity_6d6a5887f7b9764b
https://lh4.ggpht.com/_PvLDsC2pRvk/ShwiscZujVI/AAAAAAAAFIQ/4q-TYiQ13-k/s512/DSC01330.jpg,ok,https://explorer.ooni.org/m/20260306084538.796501_KR_webconnectivity_0bfcb3e053b9538a
https://media0.giphy.com/robots.txt,ok,https://explorer.ooni.org/m/20260306084540.661611_KR_webconnectivity_62bfbbabb2d0c601
https://media3.giphy.com/robots.txt,ok,https://explorer.ooni.org/m/20260306084542.721966_KR_webconnectivity_2b90b7eddaf1cbc9
https://medium.com/,ok,https://explorer.ooni.org/m/20260306084546.201764_KR_webconnectivity_9bd99503a1ac2418
https://miro.medium.com/robots.txt,ok,https://explorer.ooni.org/m/20260306084549.685180_KR_webconnectivity_0927f551310f7ec1
http://mlbpark.donga.com/,ok,https://explorer.ooni.org/m/20260306084559.830747_KR_webconnectivity_e3c5cbf74792d3e8
https://moodle.com/,ok,https://explorer.ooni.org/m/20260306084612.125675_KR_webconnectivity_4257e71b4c6b858a
https://movabletype.com/,ok,https://explorer.ooni.org/m/20260306084614.876318_KR_webconnectivity_b41cb545e223257e
https://nazarene.org/,ok,https://explorer.ooni.org/m/20260306084638.260905_KR_webconnectivity_6610c75593f4a131
http://ndrive.naver.com/,ok,https://explorer.ooni.org/m/20260306084642.812170_KR_webconnectivity_579e5f5ddc5e0052
https://noblogs.org/,ok,https://explorer.ooni.org/m/20260306084649.896393_KR_webconnectivity_ed4696615d5304e9
https://notifications-pa.googleapis.com/robots.txt,ok,https://explorer.ooni.org/m/20260306084653.758495_KR_webconnectivity_be85031b167e45c1
https://oceanconservancy.org/,ok,https://explorer.ooni.org/m/20260306084705.438806_KR_webconnectivity_d3910fa385f190c7
https://ooni.github.io/,ok,https://explorer.ooni.org/m/20260306084708.739019_KR_webconnectivity_92930b5e2bcede40
https://ow.ly/,ok,https://explorer.ooni.org/m/20260306084712.946884_KR_webconnectivity_a0bf3f2fab8f8a7f
http://peta.xxx/,dns,https://explorer.ooni.org/m/20260306084714.181487_KR_webconnectivity_651fb8a953a63963
https://pingomatic.com/,ok,https://explorer.ooni.org/m/20260306084717.009536_KR_webconnectivity_ca5005db029803a7
https://play-lh.googleusercontent.com/SZ7vNaa9txw_JsYsiOOP4_4fOaKfJVMQ-_aM10MW7x93IPDYoqdIkHSw-ffCgBABFSM=s256-rw,ok,https://explorer.ooni.org/m/20260306084720.371957_KR_webconnectivity_57883b7163766cf7
https://play.google.com/,ok,https://explorer.ooni.org/m/20260306084736.410822_KR_webconnectivity_d9f025d199702251
https://play.googleapis.com/robots.txt,ok,https://explorer.ooni.org/m/20260306084741.447923_KR_webconnectivity_e3ec24a7282281cd
https://private.canadianshield.cira.ca/dns-query?dns=q80BAAABAAAAAAAAA3d3dwdleGFtcGxlA2NvbQAAAQAB,ok,https://explorer.ooni.org/m/20260306084745.656045_KR_webconnectivity_dcd0818ef7f0b689
https://prolife.com/,dns,https://explorer.ooni.org/m/20260306084750.213976_KR_webconnectivity_0ea169c149f2879b
https://quran.com/,ok,https://explorer.ooni.org/m/20260306084802.204291_KR_webconnectivity_58ab1b5bc185bb2c
http://r3.o.lencr.org/,ok,https://explorer.ooni.org/m/20260306084803.016085_KR_webconnectivity_0b2d1eb91abf1882
https://raw.githubusercontent.com/ooni/spec/master/README.md,dns,https://explorer.ooni.org/m/20260306084804.646262_KR_webconnectivity_6d1eb1dd36a9ac52
https://rebellion.global/,ok,https://explorer.ooni.org/m/20260306084811.093544_KR_webconnectivity_5b209ac28c7c37fb
https://redapes.org/,ok,https://explorer.ooni.org/m/20260306084827.129461_KR_webconnectivity_00cb1d100ed735a4
https://replug.io/,ok,https://explorer.ooni.org/m/20260306084841.367935_KR_webconnectivity_8f93a61e0d90c984
http://ruliweb.daum.net/,dns,https://explorer.ooni.org/m/20260306084851.309768_KR_webconnectivity_86e829ac1e318820
https://rutube.ru/,ok,https://explorer.ooni.org/m/20260306084908.379250_KR_webconnectivity_ab057397dec4e432
http://sex.clinic.co.kr/,dns,https://explorer.ooni.org/m/20260306084912.457826_KR_webconnectivity_bd9cb124b0b33c2e
https://sexetc.org/,dns,https://explorer.ooni.org/m/20260306084914.666618_KR_webconnectivity_3cc461465fea15d1
http://shamash.org/,error,https://explorer.ooni.org/m/20260306084918.046088_KR_webconnectivity_7415bcd1dcbe4ee1
http://shia.org/,tcp_ip,https://explorer.ooni.org/m/20260306084949.798274_KR_webconnectivity_d2d87eb454f6e185
https://short.io/,ok,https://explorer.ooni.org/m/20260306085006.870653_KR_webconnectivity_6e48f8fc8a4d4c7b
https://sites.google.com/,ok,https://explorer.ooni.org/m/20260306085032.812055_KR_webconnectivity_952b5ecf722ff092
https://sniply.io/,ok,https://explorer.ooni.org/m/20260306085050.028353_KR_webconnectivity_f8739030ebfe3013
https://solar-aid.org/,ok,https://explorer.ooni.org/m/20260306085103.949587_KR_webconnectivity_1dc8a4b1a693eea8
https://srhrforall.org/,ok,https://explorer.ooni.org/m/20260306085109.024837_KR_webconnectivity_88df7ea3b33532c6
https://stackexchange.com/,ok,https://explorer.ooni.org/m/20260306085114.168935_KR_webconnectivity_49e3dcc198529a82
https://t2mio.com/,ok,https://explorer.ooni.org/m/20260306085139.570978_KR_webconnectivity_a2b93e497f4c97df
http://tanzil.net/,ok,https://explorer.ooni.org/m/20260306085147.393371_KR_webconnectivity_f8e820e3c6692aaa
https://technorati.com/,ok,https://explorer.ooni.org/m/20260306085150.899498_KR_webconnectivity_fb103cf691d35877
https://telegra.ph/,dns,https://explorer.ooni.org/m/20260306085152.866791_KR_webconnectivity_7b48585871714be1
https://thereisnoearthb.org/,ok,https://explorer.ooni.org/m/20260306085159.095157_KR_webconnectivity_59d491d53ddd4ab7
https://tiny.cc/,ok,https://explorer.ooni.org/m/20260306085204.845269_KR_webconnectivity_8a31ed701796b8ca
https://torah.org/,ok,https://explorer.ooni.org/m/20260306085209.936683_KR_webconnectivity_883f1d20672119b1
https://turbobit.net/,ok,https://explorer.ooni.org/m/20260306085218.958530_KR_webconnectivity_c93cd280d7aeb315
https://vesselthefilm.com/,ok,https://explorer.ooni.org/m/20260306085232.023946_KR_webconnectivity_58065c2aea8f6cc4
https://we.riseup.net/,ok,https://explorer.ooni.org/m/20260306085236.936654_KR_webconnectivity_295684b6ea8d6cdd
http://web.humoruniv.com/main.html,ok,https://explorer.ooni.org/m/20260306085257.955805_KR_webconnectivity_c5c5208b6c6b04e2
http://web.khu.ac.kr/,ok,https://explorer.ooni.org/m/20260306085302.558377_KR_webconnectivity_aea1ec8b3c809474
http://weblogs.us/,ok,https://explorer.ooni.org/m/20260306085315.191284_KR_webconnectivity_7338ba2032510783
https://womenfirstdigital.org/,ok,https://explorer.ooni.org/m/20260306085337.825299_KR_webconnectivity_1d1e28cfbea2050d
https://womenonweb.kr/,http-failure,https://explorer.ooni.org/m/20260306085341.386266_KR_webconnectivity_a3a481baf42b8b53
https://wordpress.com/,ok,https://explorer.ooni.org/m/20260306085358.909056_KR_webconnectivity_f0ff2f86c2fbdb66
https://wordpress.org/,ok,https://explorer.ooni.org/m/20260306085415.688786_KR_webconnectivity_9193221eff3ec4c5
https://write.as/,ok,https://explorer.ooni.org/m/20260306085419.493794_KR_webconnectivity_f7c87a955077179e
https://wupj.org/,ok,https://explorer.ooni.org/m/20260306085427.262768_KR_webconnectivity_b9f698837f2220e7
https://wwf.panda.org/,ok,https://explorer.ooni.org/m/20260306085445.732569_KR_webconnectivity_817c150b3de54462
https://www.100webspace.com/,ok,https://explorer.ooni.org/m/20260306085507.018863_KR_webconnectivity_f1daa6b3c5b052a4
https://www.1800respect.org.au/languages/,ok,https://explorer.ooni.org/m/20260306085518.476290_KR_webconnectivity_5081869b2ee7df90
https://www.abortionno.org/,dns,https://explorer.ooni.org/m/20260306085520.625652_KR_webconnectivity_8d6b9576f6b5655e
https://www.abortoinfosegura.com/,ok,https://explorer.ooni.org/m/20260306085527.813711_KR_webconnectivity_01d59f0491ecaf41
https://www.adl.org/,ok,https://explorer.ooni.org/m/20260306085539.411162_KR_webconnectivity_b51e8bb3357e47a5
https://www.adventist.org/,ok,https://explorer.ooni.org/m/20260306085544.592688_KR_webconnectivity_c2894aaa4731dae8
https://www.advocatesforyouth.org/,ok,https://explorer.ooni.org/m/20260306085548.523899_KR_webconnectivity_61b7daf8f90fc621
http://www.afreeca.com/,http-failure,https://explorer.ooni.org/m/20260306085552.513594_KR_webconnectivity_7bf46ea1fa764b67
http://www.ahsex.org/,error,https://explorer.ooni.org/m/20260306085608.923039_KR_webconnectivity_35feea78e3998a72
https://www.angelfire.lycos.com/,error,https://explorer.ooni.org/m/20260306085709.890672_KR_webconnectivity_11b2e64573e21617
https://www.anglicancommunion.org/,ok,https://explorer.ooni.org/m/20260306085714.337992_KR_webconnectivity_70f907bf2307bcad
http://www.arder.co.kr/,dns,https://explorer.ooni.org/m/20260306085724.332681_KR_webconnectivity_59cce58fdc257194
http://www.asiatour.com/,ok,https://explorer.ooni.org/m/20260306085728.202727_KR_webconnectivity_fbe075359727d6c2
https://www.atheistalliance.org/,ok,https://explorer.ooni.org/m/20260306085747.865412_KR_webconnectivity_9e4761fc987f357b
https://www.atheists.org/,ok,https://explorer.ooni.org/m/20260306085801.985439_KR_webconnectivity_d388755ddb67ce42
http://www.auduboninternational.org/,ok,https://explorer.ooni.org/m/20260306085822.713959_KR_webconnectivity_9c9173f8d5b90764
https://www.autistici.org/,ok,https://explorer.ooni.org/m/20260306085834.205507_KR_webconnectivity_f633b7149daf5dca
http://www.bahai.org/,ok,https://explorer.ooni.org/m/20260306085850.989827_KR_webconnectivity_c556d50a7536bf3f
https://www.beintheknow.org/,dns,https://explorer.ooni.org/m/20260306085852.127804_KR_webconnectivity_46c0455fdbad6db5
https://www.birthcontrol.com/,dns,https://explorer.ooni.org/m/20260306085854.883262_KR_webconnectivity_6e775647faa241ee
http://www.biz.ly/,ok,https://explorer.ooni.org/m/20260306085908.573841_KR_webconnectivity_f46d84126ecaefb0
https://www.bl.ink/,ok,https://explorer.ooni.org/m/20260306085930.620432_KR_webconnectivity_ed72e7c9ece0b538
http://www.blogeasy.com/,ok,https://explorer.ooni.org/m/20260306085939.153485_KR_webconnectivity_5b4272bb771d28ff
https://www.blogger.com/,ok,https://explorer.ooni.org/m/20260306090005.461881_KR_webconnectivity_3e992a04422b4032
http://www.blogsome.com/,ok,https://explorer.ooni.org/m/20260306090012.180779_KR_webconnectivity_c55c0618d3d7f87c
https://www.brinkster.com/,ok,https://explorer.ooni.org/m/20260306090022.347740_KR_webconnectivity_6450dae3be2e4f95
http://www.buddhanet.net/,ok,https://explorer.ooni.org/m/20260306090035.952160_KR_webconnectivity_f28edf6ed46984d7
http://www.cafe24.com/,ok,https://explorer.ooni.org/m/20260306090054.177909_KR_webconnectivity_ea849adb70ffb2e9
https://www.carbonbrief.org/,ok,https://explorer.ooni.org/m/20260306090107.665770_KR_webconnectivity_cd19f17fad7684a3
https://www.carbonmap.org/,ok,https://explorer.ooni.org/m/20260306090113.300175_KR_webconnectivity_a92c820d681248cf
https://www.catholic.org/,ok,https://explorer.ooni.org/m/20260306090122.403282_KR_webconnectivity_97e33f467524893b
https://www.catholicsforchoice.org/,ok,https://explorer.ooni.org/m/20260306090130.649505_KR_webconnectivity_08c82d6f3d291802
https://www.ccel.org/,ok,https://explorer.ooni.org/m/20260306090136.445019_KR_webconnectivity_a322641fa9b72e7e
https://www.ceceurope.org/,ok,https://explorer.ooni.org/m/20260306090146.295280_KR_webconnectivity_81a424e96b476bb1
https://www.christianity.com/,ok,https://explorer.ooni.org/m/20260306090156.772152_KR_webconnectivity_824dc8ced6ce4636
https://www.christianitytoday.com/,ok,https://explorer.ooni.org/m/20260306090203.317524_KR_webconnectivity_3d98dcc994fe66ee
https://www.cleanwateraction.org/,ok,https://explorer.ooni.org/m/20260306090214.829225_KR_webconnectivity_a6fff439ed9e4de5
https://www.climaterealityproject.org/,ok,https://explorer.ooni.org/m/20260306090226.096812_KR_webconnectivity_42035ec965a6a82e
https://www.coolearth.org/,ok,https://explorer.ooni.org/m/20260306090246.152118_KR_webconnectivity_9c24dfeb02d1ef2b
https://www.copticchurch.net/,ok,https://explorer.ooni.org/m/20260306090250.931190_KR_webconnectivity_040a554fe3817559
https://www.cseindia.org/,ok,https://explorer.ooni.org/m/20260306090306.140030_KR_webconnectivity_530152ce93c1feb8
http://www.dogdrip.net/,dns,https://explorer.ooni.org/m/20260306090308.066794_KR_webconnectivity_1c4a7d457286618e
https://www.dreamhost.com/,ok,https://explorer.ooni.org/m/20260306090317.465961_KR_webconnectivity_8a5c18c2ef569ae6
https://www.earthaction.org/,ok,https://explorer.ooni.org/m/20260306090327.800390_KR_webconnectivity_6100f6056b8bbaf2
https://www.earthrights.org/,ok,https://explorer.ooni.org/m/20260306090334.060718_KR_webconnectivity_1e8c60dbba7a8d10
http://www.eco.or.kr/,ok,https://explorer.ooni.org/m/20260306090347.875745_KR_webconnectivity_a1ac08d4a085dd9d
https://www.edf.org/,ok,https://explorer.ooni.org/m/20260306090402.468806_KR_webconnectivity_69d56e7c737b72eb
https://www.eea.europa.eu/,ok,https://explorer.ooni.org/m/20260306090421.916519_KR_webconnectivity_84d34cc1118f4891
https://www.emailaddresses.com/,ok,https://explorer.ooni.org/m/20260306090425.439650_KR_webconnectivity_56ecc457dcf5b4f6
https://www.enom.com/,ok,https://explorer.ooni.org/m/20260306090436.653433_KR_webconnectivity_854ce7fed3457710
https://www.epik.com/,ok,https://explorer.ooni.org/m/20260306090450.182315_KR_webconnectivity_60efc03e944d4b88
https://www.episcopalchurch.org/,ok,https://explorer.ooni.org/m/20260306090503.119546_KR_webconnectivity_e43528b2d13699a7
https://www.ewg.org/,ok,https://explorer.ooni.org/m/20260306090513.367556_KR_webconnectivity_7f025531734b4bc8
https://www.exmormon.org/,tcp_ip,https://explorer.ooni.org/m/20260306090547.867722_KR_webconnectivity_0c202c396a72fbbb
https://www.fandom.com/,dns,https://explorer.ooni.org/m/20260306090548.991092_KR_webconnectivity_bdd38d458dda707e
http://www.fark.com/,dns,https://explorer.ooni.org/m/20260306090550.807358_KR_webconnectivity_00b1160b65d46926
https://www.fhi360.org/,ok,https://explorer.ooni.org/m/20260306090602.748838_KR_webconnectivity_96f15921f9febd5c
http://www.fmkorea.com/,ok,https://explorer.ooni.org/m/20260306090612.788996_KR_webconnectivity_9dba8e6f12ad809c
https://www.footprintnetwork.org/,ok,https://explorer.ooni.org/m/20260306090629.344722_KR_webconnectivity_3cebbcd608b22d9e
http://www.formercatholic.com/,ok,https://explorer.ooni.org/m/20260306090635.172547_KR_webconnectivity_56c357b4e6f4d5d8
https://www.frc.org/,ok,https://explorer.ooni.org/m/20260306090644.137679_KR_webconnectivity_c12ad3613003e1c3
http://www.freehomepage.com/,ok,https://explorer.ooni.org/m/20260306090646.164834_KR_webconnectivity_6b2faca11a213357
http://www.freeservers.com/,ok,https://explorer.ooni.org/m/20260306090650.338843_KR_webconnectivity_f0f91d3fa9512ed9
http://www.freewebspace.com/,ok,https://explorer.ooni.org/m/20260306090701.376816_KR_webconnectivity_f3b59fb82188d186
http://www.gabia.com/,error,https://explorer.ooni.org/m/20260306090705.590716_KR_webconnectivity_bbeeeb6ceeb0f1e3
https://www.globalwitness.org/,ok,https://explorer.ooni.org/m/20260306090714.923468_KR_webconnectivity_07eb9939a9cfe4ab
https://www.goarch.org/,ok,https://explorer.ooni.org/m/20260306090717.427937_KR_webconnectivity_02fe00f90477ddd5
https://www.godaddy.com/,dns,https://explorer.ooni.org/m/20260306090718.596480_KR_webconnectivity_29b236f58120a577
http://www.godalone.org/,ok,https://explorer.ooni.org/m/20260306090729.532844_KR_webconnectivity_b7fe88d64d992ab4
https://www.googleapis.com/auth/cloud-platform,ok,https://explorer.ooni.org/m/20260306090740.775645_KR_webconnectivity_19586aaf6e93bf86
http://www.greenkorea.org/,ok,https://explorer.ooni.org/m/20260306090754.334572_KR_webconnectivity_fdb8991dc6a33ef8
http://www.greennet.org.uk/,ok,https://explorer.ooni.org/m/20260306090804.275522_KR_webconnectivity_e14f64de61647952
https://www.greenpeace.org/,ok,https://explorer.ooni.org/m/20260306090807.139306_KR_webconnectivity_92cfa390dc18f95c
https://www.gstatic.com/robots.txt,ok,https://explorer.ooni.org/m/20260306090810.829628_KR_webconnectivity_6910c87c2490485b
http://www.hostgator.com/,ok,https://explorer.ooni.org/m/20260306090812.101013_KR_webconnectivity_fa5cc77afcd39b21
http://www.hotge.co.kr/,ok,https://explorer.ooni.org/m/20260306090818.835796_KR_webconnectivity_f9260b3ad4932123
https://www.howtouseabortionpill.org/,ok,https://explorer.ooni.org/m/20260306090831.848860_KR_webconnectivity_51ef5184ff30aebd
https://www.iaea.org/,ok,https://explorer.ooni.org/m/20260306090841.952064_KR_webconnectivity_e149c0de327b3cf8
http://www.iavi.org/,ok,https://explorer.ooni.org/m/20260306090854.913107_KR_webconnectivity_8bd9a3353e127db8
http://www.iico.org/,ok,https://explorer.ooni.org/m/20260306090911.554695_KR_webconnectivity_4027c06c542811e2
https://www.internationalrivers.org/,ok,https://explorer.ooni.org/m/20260306090922.505201_KR_webconnectivity_4cb0ab9f2d800a9a
https://www.ipcc.ch/,ok,https://explorer.ooni.org/m/20260306090934.356356_KR_webconnectivity_4a17f51c6287727e
https://www.iskcon.org/,ok,https://explorer.ooni.org/m/20260306090935.324255_KR_webconnectivity_f5c24276c7fa0c89
http://www.islameyat.com/,ok,https://explorer.ooni.org/m/20260306090948.826254_KR_webconnectivity_59f1f1be7237dd4a
http://www.islamicity.com/,ok,https://explorer.ooni.org/m/20260306090950.997667_KR_webconnectivity_e3b87dfb9cb3d31f
https://www.islaminstitut.de/en/,ok,https://explorer.ooni.org/m/20260306090958.682549_KR_webconnectivity_14b326cffda6e806
https://www.iucn.org/,ok,https://explorer.ooni.org/m/20260306091013.551680_KR_webconnectivity_63419a6d8cc782ec
http://www.jesussaves.cc/,ok,https://explorer.ooni.org/m/20260306091029.036097_KR_webconnectivity_5707f651cdcb12d2
http://www.jinbo.net/,ok,https://explorer.ooni.org/m/20260306091035.454594_KR_webconnectivity_dede9c360902ee82
http://www.judaism.com/,ok,https://explorer.ooni.org/m/20260306091042.992543_KR_webconnectivity_d2bcb4132c8ace04
http://www.judaismconversion.org/,ok,https://explorer.ooni.org/m/20260306091054.924453_KR_webconnectivity_747a0ef9f1acfc6d
https://www.jw.org/,error,https://explorer.ooni.org/m/20260306091057.075850_KR_webconnectivity_ca70c2c3ce156ce3
http://www.kfem.or.kr/,ok,https://explorer.ooni.org/m/20260306091114.224327_KR_webconnectivity_5d3ee9fe2f3e4f0f
http://www.kgreens.org/,ok,https://explorer.ooni.org/m/20260306091130.616870_KR_webconnectivity_cb08418d81056e6c
http://www.krts.or.kr/,ok,https://explorer.ooni.org/m/20260306091143.066945_KR_webconnectivity_90356adc8a41c25f
https://www.leaseweb.com/,ok,https://explorer.ooni.org/m/20260306091158.637068_KR_webconnectivity_864020264896b712
https://www.livejournal.com/,dns,https://explorer.ooni.org/m/20260306091200.031899_KR_webconnectivity_81599ec377d277de
http://www.mgoon.com/,error,https://explorer.ooni.org/m/20260306091218.095166_KR_webconnectivity_169066dd50c48e70
http://www.muhammadanism.com/,ok,https://explorer.ooni.org/m/20260306091228.101970_KR_webconnectivity_eb5efbbf50c98697
https://www.namecheap.com/,ok,https://explorer.ooni.org/m/20260306091231.342059_KR_webconnectivity_a144901f08c9e772
http://www.nate.com/,ok,https://explorer.ooni.org/m/20260306091235.566858_KR_webconnectivity_93f4b022fae8f39a
http://www.nate.com/?f=pann,ok,https://explorer.ooni.org/m/20260306091237.561601_KR_webconnectivity_91a6d9b274ad74bd
http://www.nature.org/,ok,https://explorer.ooni.org/m/20260306091249.992287_KR_webconnectivity_2e48a8bc725014c8
http://www.no-ip.com/,ok,https://explorer.ooni.org/m/20260306091304.294969_KR_webconnectivity_bc8c0f3d72f284e9
https://www.oca.org/,ok,https://explorer.ooni.org/m/20260306091311.826520_KR_webconnectivity_4722db6a7d9bbdb4
http://www.oicc.org/,ok,https://explorer.ooni.org/m/20260306091319.102587_KR_webconnectivity_037e70beb269ea59
http://www.oikoumene.org/,ok,https://explorer.ooni.org/m/20260306091333.348639_KR_webconnectivity_e5dbd9de0cbabf74
https://www.om.org/,ok,https://explorer.ooni.org/m/20260306091336.495908_KR_webconnectivity_89282cb6a5922046
https://www.orangewebsite.com/,ok,https://explorer.ooni.org/m/20260306091347.203895_KR_webconnectivity_d4691814d9968f90
http://www.orthodoxconvert.info/,ok,https://explorer.ooni.org/m/20260306091351.002985_KR_webconnectivity_a167cf1ee48375f2
https://www.paganpride.org/,ok,https://explorer.ooni.org/m/20260306091405.845067_KR_webconnectivity_56cfbcd42ebab61b
http://www.pandora.tv/,ok,https://explorer.ooni.org/m/20260306091407.330361_KR_webconnectivity_b94fc9b5878aa7d7
https://www.persecution.org/,ok,https://explorer.ooni.org/m/20260306091424.112101_KR_webconnectivity_2d69acb86c94ce02
https://www.peta.org/,dns,https://explorer.ooni.org/m/20260306091425.116426_KR_webconnectivity_917bef16608751c6
https://www.petside.com/,ok,https://explorer.ooni.org/m/20260306091503.513421_KR_webconnectivity_cc379595f9d4fa46
https://www.plannedparenthood.org/,dns,https://explorer.ooni.org/m/20260306091504.853835_KR_webconnectivity_48a7bb52cf772272
http://www.podbbang.com/,ok,https://explorer.ooni.org/m/20260306091516.605370_KR_webconnectivity_0153486341c88c91
http://www.ppfk.or.kr/,ok,https://explorer.ooni.org/m/20260306091531.160406_KR_webconnectivity_311c78a74bc00d90
http://www.ppomppu.co.kr/zboard/zboard.php?id=freeboard,ok,https://explorer.ooni.org/m/20260306091535.066459_KR_webconnectivity_cb3eebd13ff97045
http://www.ppomppu.co.kr/zboard/zboard.php?id=issue,ok,https://explorer.ooni.org/m/20260306091536.963388_KR_webconnectivity_7e875207e9e344d5
https://www.premaritalsex.info/,dns,https://explorer.ooni.org/m/20260306091538.059970_KR_webconnectivity_54d2c0563ac11af3
https://www.privex.io/,ok,https://explorer.ooni.org/m/20260306091543.626832_KR_webconnectivity_e385dc2844f64120
http://www.prolife.or.kr/,ok,https://explorer.ooni.org/m/20260306091554.643730_KR_webconnectivity_3618c851ae846106
http://www.pullbbang.com/,dns,https://explorer.ooni.org/m/20260306091556.524984_KR_webconnectivity_1bd320ea744968fa
https://www.rackspace.com/,ok,https://explorer.ooni.org/m/20260306091611.537940_KR_webconnectivity_1713cae26bb28b46
http://www.ran.org/,ok,https://explorer.ooni.org/m/20260306091622.196985_KR_webconnectivity_d3b96f3ec7098a2a
https://www.ran.org/,ok,https://explorer.ooni.org/m/20260306091636.734802_KR_webconnectivity_fb59f48bc6f9de5f
https://www.rebrandly.com/,ok,https://explorer.ooni.org/m/20260306091648.945024_KR_webconnectivity_260e73706249338c
https://www.reprouncensored.org/,ok,https://explorer.ooni.org/m/20260306091703.523353_KR_webconnectivity_443e58f4f8e62ae6
https://www.resourcematters.org/,ok,https://explorer.ooni.org/m/20260306091708.681493_KR_webconnectivity_47671900777544b2
https://www.salvationarmy.org/,ok,https://explorer.ooni.org/m/20260306091717.416890_KR_webconnectivity_bdaebbb13130c4fa
http://www.sangsaeng.org/,dns,https://explorer.ooni.org/m/20260306091720.321341_KR_webconnectivity_9a5b5e6e1a220210
https://www.sbc.net/,ok,https://explorer.ooni.org/m/20260306091734.595435_KR_webconnectivity_7dd702f372219485
http://www.scarleteen.com/,dns,https://explorer.ooni.org/m/20260306091736.378725_KR_webconnectivity_f6f17aec871d2baf
http://www.scientology.org/,ok,https://explorer.ooni.org/m/20260306091755.280068_KR_webconnectivity_091313e809e9cb16
http://www.sex-academy.com/,dns,https://explorer.ooni.org/m/20260306091757.908711_KR_webconnectivity_4755d92b834c9104
http://www.sexandu.ca/,dns,https://explorer.ooni.org/m/20260306091805.170622_KR_webconnectivity_646da14e08bf56f3
http://www.sexandu.ca/fr/,dns,https://explorer.ooni.org/m/20260306091808.974253_KR_webconnectivity_115ff64c1bfddb98
https://www.sfsi.org/,dns,https://explorer.ooni.org/m/20260306091810.416386_KR_webconnectivity_d96019d97bfa1ccd
http://www.shinto.org/,ok,https://explorer.ooni.org/m/20260306091825.524724_KR_webconnectivity_b5be884d41148dec
http://www.siecus.org/,dns,https://explorer.ooni.org/m/20260306091826.955907_KR_webconnectivity_38955a233e838756
https://www.sierraclub.org/,ok,https://explorer.ooni.org/m/20260306091828.759050_KR_webconnectivity_4aeedb50f31b566f
http://www.submission.org/,ok,https://explorer.ooni.org/m/20260306091833.242219_KR_webconnectivity_e155266d28868630
http://www.survive.org.uk/,ok,https://explorer.ooni.org/m/20260306091837.826376_KR_webconnectivity_9c9e252ad643ccb3
http://www.suyongso.com/,ok,https://explorer.ooni.org/m/20260306091838.720192_KR_webconnectivity_afd39ecdccd74386
http://www.tcloud.co.kr/,ok,https://explorer.ooni.org/m/20260306091856.363160_KR_webconnectivity_cbe463d56c07c603
http://www.teenhealthfx.com/,ok,https://explorer.ooni.org/m/20260306091906.424254_KR_webconnectivity_c963fa94d824f880
http://www.teensource.org/,dns,https://explorer.ooni.org/m/20260306091907.673159_KR_webconnectivity_881dc28b62350a4f
http://www.themwl.org/,ok,https://explorer.ooni.org/m/20260306091917.706020_KR_webconnectivity_c09b173a8abe4ab1
http://www.tistory.com/,ok,https://explorer.ooni.org/m/20260306091926.818043_KR_webconnectivity_d0561c4ca43afd79
http://www.todayhumor.co.kr/,ok,https://explorer.ooni.org/m/20260306091941.654532_KR_webconnectivity_04175326191cc5bf
http://www.tripod.lycos.com/,ok,https://explorer.ooni.org/m/20260306091948.664804_KR_webconnectivity_c06a61a929b2d9d8
http://www.truthnet.org/,ok,https://explorer.ooni.org/m/20260306091955.812211_KR_webconnectivity_6a525ef0a844c9fd
http://www.typepad.com/,ok,https://explorer.ooni.org/m/20260306091959.867402_KR_webconnectivity_2990bb5105d2b5c8
https://www.ucc.org/,ok,https://explorer.ooni.org/m/20260306092010.672558_KR_webconnectivity_d06fdbea093943cd
https://www.ucsusa.org/,ok,https://explorer.ooni.org/m/20260306092022.278837_KR_webconnectivity_815b8404e969e7a6
http://www.ultimatebirthcontrol.com/,dns,https://explorer.ooni.org/m/20260306092024.253260_KR_webconnectivity_0aefca0cb994d8d1
http://www.umc.org/,ok,https://explorer.ooni.org/m/20260306092031.738718_KR_webconnectivity_125ba65520658d0a
https://www.unep.org/,ok,https://explorer.ooni.org/m/20260306092045.189273_KR_webconnectivity_e89f7af14b243b87
http://www.upci.org/,ok,https://explorer.ooni.org/m/20260306092058.920688_KR_webconnectivity_3854fa6c3bcee75f
http://www.vatican.va/,ok,https://explorer.ooni.org/m/20260306092102.296653_KR_webconnectivity_2178e05fb1be0b44
http://www.wcicc.org/,ok,https://explorer.ooni.org/m/20260306092105.592667_KR_webconnectivity_1608c1ba9983c727
https://www.weebly.com/,ok,https://explorer.ooni.org/m/20260306092115.080273_KR_webconnectivity_4fbbc85b04e8f088
http://www.whois.co.kr/,ok,https://explorer.ooni.org/m/20260306092132.197144_KR_webconnectivity_7224d4dbc4c4659e
http://www.wix.com/,ok,https://explorer.ooni.org/m/20260306092144.382617_KR_webconnectivity_f70a710ee0b0702c
http://www.worldjewishcongress.org/,ok,https://explorer.ooni.org/m/20260306092204.109606_KR_webconnectivity_31c8adfcded966c2
https://www.worldwildlife.org/,ok,https://explorer.ooni.org/m/20260306092207.102655_KR_webconnectivity_fdd86319f6ae5e9f
https://www.xenu.net/,ok,https://explorer.ooni.org/m/20260306092217.799624_KR_webconnectivity_3c10cbf8340afe6b
http://www.xyinlove.co.kr/,error,https://explorer.ooni.org/m/20260306092233.843832_KR_webconnectivity_c1d8b5742d85a119
http://www.ymca.int/,dns,https://explorer.ooni.org/m/20260306092235.572505_KR_webconnectivity_a3bd0eb62edc80de
https://www.yola.com/,ok,https://explorer.ooni.org/m/20260306092247.833933_KR_webconnectivity_97cd441c2646a57b
https://www.zanzu.nl/,dns,https://explorer.ooni.org/m/20260306092249.354834_KR_webconnectivity_7db36bdd6cb99056
https://www.zoomshare.com/,dns,https://explorer.ooni.org/m/20260306092252.487757_KR_webconnectivity_4f9431721911f009
http://xanga.com/,ok,https://explorer.ooni.org/m/20260306092256.111699_KR_webconnectivity_26c617cf54197fbf
https://xda-developers.com/,ok,https://explorer.ooni.org/m/20260306092311.009791_KR_webconnectivity_82ca3a7af935a703
https://yourls.org/,ok,https://explorer.ooni.org/m/20260306092314.089406_KR_webconnectivity_893ec9aa310220c3
https://yt3.ggpht.com/a-/AOh14GhGCI1dxtHOY_TDQfmxDBK_S7CHTPJ3U6zOUw=s480-c-k-c0x00ffffff-no-rj-mo,ok,https://explorer.ooni.org/m/20260306092330.575525_KR_webconnectivity_0e19e220426636a1
https://yt4.ggpht.com/a-/AOh14GhOiUxI-RcMC-Vfl2i15v3xewMr8bt2yNXTfw=s480-c-k-c0x00ffffff-no-rj-mo,ok,https://explorer.ooni.org/m/20260306092351.847667_KR_webconnectivity_47dd85e3b31f64f4
http://adb.org/,ok,https://explorer.ooni.org/m/20260306092407.676554_KR_webconnectivity_6822d7913ceaed5a
https://albiononline.com/,dns,https://explorer.ooni.org/m/20260306092408.926715_KR_webconnectivity_dcf841194fd3fedf
https://alignpay.com/,dns,https://explorer.ooni.org/m/20260306092424.674614_KR_webconnectivity_0ed54cdd15c9dde1
https://api.revenuecat.com/,ok,https://explorer.ooni.org/m/20260306092438.879706_KR_webconnectivity_4c2068f1e13a5df9
https://apis.google.com/robots.txt,ok,https://explorer.ooni.org/m/20260306092451.257044_KR_webconnectivity_6b55de4e7e903542
http://archive.ubuntu.com/,ok,https://explorer.ooni.org/m/20260306092509.065580_KR_webconnectivity_8a7bd0d45634473e
https://astalavista.box.sk/,dns,https://explorer.ooni.org/m/20260306092510.605391_KR_webconnectivity_18b5eb6a7dba460a
https://attrition.org/,ok,https://explorer.ooni.org/m/20260306092517.079964_KR_webconnectivity_eaea385831923ea9
https://beacondb.net/,ok,https://explorer.ooni.org/m/20260306092522.446909_KR_webconnectivity_eea00d76e78e8e1e
https://bitcoin.org/,dns,https://explorer.ooni.org/m/20260306092524.288059_KR_webconnectivity_6c676be3549f3896
https://bitcoin.sipa.be/,dns,https://explorer.ooni.org/m/20260306092525.557294_KR_webconnectivity_e702d8bcc4f1f016
https://blockdx.co/,error,https://explorer.ooni.org/m/20260306092528.397369_KR_webconnectivity_b9fa1b341c072fc8
https://blog.counter-strike.net/,dns,https://explorer.ooni.org/m/20260306092529.720039_KR_webconnectivity_8fee6572e5d75148
https://blog.mozilla.org/,ok,https://explorer.ooni.org/m/20260306092537.790611_KR_webconnectivity_3a3a073555e5befb
https://bogus.d2a8n1.rootcanary.net/,ok,https://explorer.ooni.org/m/20260306092542.312845_KR_webconnectivity_74d051e239cc86c0
https://brave.com/,ok,https://explorer.ooni.org/m/20260306092554.832331_KR_webconnectivity_efc2c50b1aba208f
https://bughunters.google.com/,ok,https://explorer.ooni.org/m/20260306092558.807078_KR_webconnectivity_202b27f50baad6fd
https://cdnjs.com/,ok,https://explorer.ooni.org/m/20260306092609.706669_KR_webconnectivity_3355664cd489f202
http://clients3.google.com/generate_204,ok,https://explorer.ooni.org/m/20260306092611.664144_KR_webconnectivity_07a05174c3c6a356
https://clients5.google.com/robots.txt,ok,https://explorer.ooni.org/m/20260306092615.044044_KR_webconnectivity_f8196abc1024267e
https://company.wizards.com/,dns,https://explorer.ooni.org/m/20260306092616.270576_KR_webconnectivity_f2083bafd985eaaf
http://connect.rom.miui.com/generate_204,ok,https://explorer.ooni.org/m/20260306092619.484367_KR_webconnectivity_5e0064da9b6ea26f
http://connectivitycheck.android.com/generate_204,ok,https://explorer.ooni.org/m/20260306092620.959239_KR_webconnectivity_865a21f10abfcf76
http://connectivitycheck.gstatic.com/generate_204,ok,https://explorer.ooni.org/m/20260306092623.658056_KR_webconnectivity_4abe87ec0a9d2c4b
https://cultdeadcow.com/,dns,https://explorer.ooni.org/m/20260306092625.380011_KR_webconnectivity_e95f05a9268a30ee
https://dashjr.org/,dns,https://explorer.ooni.org/m/20260306092627.254696_KR_webconnectivity_330a5a2bf02c7e41
https://defcon.org/,ok,https://explorer.ooni.org/m/20260306092637.183734_KR_webconnectivity_8ed99759b31867e8
http://detectportal.firefox.com/success.txt,ok,https://explorer.ooni.org/m/20260306092638.405343_KR_webconnectivity_369d87e54a8417c6
https://dnsleaktest.com/,dns,https://explorer.ooni.org/m/20260306092640.191248_KR_webconnectivity_f45897304d96ff98
https://dnsviz.net/,ok,https://explorer.ooni.org/m/20260306092644.267366_KR_webconnectivity_1aab9a790f90b9a0
https://doubleclick.net/,ok,https://explorer.ooni.org/m/20260306092655.683080_KR_webconnectivity_a3d6e053bb524d20
https://earth.google.com/web/,ok,https://explorer.ooni.org/m/20260306092658.350496_KR_webconnectivity_5658b4a4414696a2
https://electrum.org/,dns,https://explorer.ooni.org/m/20260306092659.589682_KR_webconnectivity_de7adad25155bf34
https://en.miui.com/,ok,https://explorer.ooni.org/m/20260306092719.320700_KR_webconnectivity_bb6c65b3561bf70e
https://epicgames.com/,dns,https://explorer.ooni.org/m/20260306092721.289438_KR_webconnectivity_16f4ea498b2420fa
https://etherscan.io/,dns,https://explorer.ooni.org/m/20260306092723.765427_KR_webconnectivity_f2ac2b6e2170ed74
https://fedoramagazine.org/,ok,https://explorer.ooni.org/m/20260306092733.806588_KR_webconnectivity_425be570453eaafc
https://gamersclub.gg/,dns,https://explorer.ooni.org/m/20260306092734.978434_KR_webconnectivity_ceaeddb8a343a68e
http://gmarket.co.kr/,ok,https://explorer.ooni.org/m/20260306092739.114935_KR_webconnectivity_0165c9cf6cb803fa
https://hodlhodl.com/,ok,https://explorer.ooni.org/m/20260306092748.117301_KR_webconnectivity_bb6c4fc26fd234b9
https://insecure.org/,ok,https://explorer.ooni.org/m/20260306092756.879903_KR_webconnectivity_6d964faf3e338fd0
https://kh.google.com/rt/earth/PlanetoidMetadata,ok,https://explorer.ooni.org/m/20260306092800.907749_KR_webconnectivity_4799d54684c8cad1
https://khms0.google.com/kh/v=908?x=81&y=103&z=8,ok,https://explorer.ooni.org/m/20260306092804.200565_KR_webconnectivity_2d12488ef35b09ba
https://khms1.google.com/kh/v=908?x=327&y=414&z=10,ok,https://explorer.ooni.org/m/20260306092807.346745_KR_webconnectivity_29f00c7bbada4db3
http://knic.com.kp/,dns,https://explorer.ooni.org/m/20260306092814.431849_KR_webconnectivity_f5e29d2299b7b1a9
https://krunker.io/,dns,https://explorer.ooni.org/m/20260306092815.657488_KR_webconnectivity_71528d8f05cdfa26
https://localmonero.co/,ok,https://explorer.ooni.org/m/20260306092827.350050_KR_webconnectivity_cdb362fd050f41ca
https://maps.gstatic.com/tactile/basepage/grid-image.png,ok,https://explorer.ooni.org/m/20260306092830.088430_KR_webconnectivity_8b77d06d2c46bbb1
https://matcha.xyz/,dns,https://explorer.ooni.org/m/20260306092831.495787_KR_webconnectivity_a77ccbff926b0e6d
https://metasploit.com/,ok,https://explorer.ooni.org/m/20260306092837.436698_KR_webconnectivity_379cbfbcf48be4fc
https://moodle.org/,ok,https://explorer.ooni.org/m/20260306092850.332331_KR_webconnectivity_84d24e9b1405e4bc
https://nemtudo.me/,dns,https://explorer.ooni.org/m/20260306092851.168422_KR_webconnectivity_bfaefee6fbbf8e30
http://networkcheck.kde.org/,ok,https://explorer.ooni.org/m/20260306092852.905795_KR_webconnectivity_a2bed31485cd90cd
https://nmap.org/,ok,https://explorer.ooni.org/m/20260306092858.787667_KR_webconnectivity_48f0844c8cdb456e
http://nmcheck.gnome.org/check_network_status.txt,ok,https://explorer.ooni.org/m/20260306092900.562820_KR_webconnectivity_e474acf5eaf9b4c1
https://o0.ingest.sentry.io/api/0,ok,https://explorer.ooni.org/m/20260306092902.254520_KR_webconnectivity_c7482384f1147c6f
http://opportunity.org/,ok,https://explorer.ooni.org/m/20260306092907.349292_KR_webconnectivity_8fe4098b92c29bcd
https://packetstormsecurity.com/,ok,https://explorer.ooni.org/m/20260306092916.237332_KR_webconnectivity_837673a098e96dfb
http://phrack.org/,dns,https://explorer.ooni.org/m/20260306092917.836530_KR_webconnectivity_382a824c22571fa0
http://ping.archlinux.org/,ok,https://explorer.ooni.org/m/20260306092920.179419_KR_webconnectivity_df0cc769955c327c
https://plan-uk.org/,ok,https://explorer.ooni.org/m/20260306092932.476077_KR_webconnectivity_d22890db0e2909db
https://poki.com/,dns,https://explorer.ooni.org/m/20260306092933.695259_KR_webconnectivity_0ad9184fa8d89527
https://repo1.maven.org/,ok,https://explorer.ooni.org/m/20260306092935.648550_KR_webconnectivity_e333b256aef41700
https://root-key-sentinel-is-ta-20326.d2a8n3.rootcanary.net/,ok,https://explorer.ooni.org/m/20260306092940.162016_KR_webconnectivity_ca9bf782e793f8de
https://root-key-sentinel-is-ta-38696.d2a8n3.rootcanary.net/,ok,https://explorer.ooni.org/m/20260306092944.606890_KR_webconnectivity_bab7371a8cc58e72
https://root-key-sentinel-not-ta-20326.d2a8n3.rootcanary.net/,ok,https://explorer.ooni.org/m/20260306092948.845821_KR_webconnectivity_871177dbc65f9fc6
https://root-key-sentinel-not-ta-38696.d2a8n3.rootcanary.net/,ok,https://explorer.ooni.org/m/20260306092953.925135_KR_webconnectivity_b226963c9b311db9
https://s3.amazonaws.com/ooni-data/archives-raw/yaml_tar_vault.json,ok,https://explorer.ooni.org/m/20260306093009.957238_KR_webconnectivity_ca9b4d6c5e770a7a
https://seclists.org/,ok,https://explorer.ooni.org/m/20260306093026.209901_KR_webconnectivity_62c2995910027913
https://sentry.io/api/0/,ok,https://explorer.ooni.org/m/20260306093028.149732_KR_webconnectivity_d4cea6c6a7d06c00
https://sourceforge.net/projects/loic/,ok,https://explorer.ooni.org/m/20260306093040.536055_KR_webconnectivity_a3bad3e95fc39bef
http://start.ubuntu.com/connectivity-check.html,ok,https://explorer.ooni.org/m/20260306093042.694597_KR_webconnectivity_cb15835e72205102
https://store.steampowered.com/,dns,https://explorer.ooni.org/m/20260306093043.904936_KR_webconnectivity_4c78ef0e1068f2fa
https://swift.org/,ok,https://explorer.ooni.org/m/20260306093048.145588_KR_webconnectivity_c5e1bafe3fd6cfe9
https://thehackernews.com/,ok,https://explorer.ooni.org/m/20260306093100.637560_KR_webconnectivity_c3a7693a6a83a495
https://tigerweb.ru/,ok,https://explorer.ooni.org/m/20260306093112.790860_KR_webconnectivity_85c092a273e9b419
https://tlauncher.org/,dns,https://explorer.ooni.org/m/20260306093114.104142_KR_webconnectivity_9fa087be6ed60e8a
https://toolbox.googleapps.com/,ok,https://explorer.ooni.org/m/20260306093121.528319_KR_webconnectivity_48cd55b3e4016c3e
https://totaljerkface.com/,dns,https://explorer.ooni.org/m/20260306093122.778222_KR_webconnectivity_ebc10e6ac9f7b33f
https://trisquel.info/,ok,https://explorer.ooni.org/m/20260306093129.428762_KR_webconnectivity_9c4948c62b435b3c
https://uphold.com/,dns,https://explorer.ooni.org/m/20260306093130.743021_KR_webconnectivity_0a1afe5f27664d73
https://use-application-dns.net/,ok,https://explorer.ooni.org/m/20260306093140.755738_KR_webconnectivity_85b8e47f5b030959
https://wasabiwallet.io/,ok,https://explorer.ooni.org/m/20260306093156.822270_KR_webconnectivity_db718eaba4b45503
https://wkkf.org/,ok,https://explorer.ooni.org/m/20260306093205.172074_KR_webconnectivity_a0f21156818cfcff
https://worldofwarcraft.com/,dns,https://explorer.ooni.org/m/20260306093207.066339_KR_webconnectivity_67b4b838ab05e3c2
http://wowbogo.net/,ok,https://explorer.ooni.org/m/20260306093207.949864_KR_webconnectivity_75c6eec511b9c27a
http://www.11st.co.kr/,ok,https://explorer.ooni.org/m/20260306093210.431185_KR_webconnectivity_1733785d384b8fd2
https://www.2600.com/,dns,https://explorer.ooni.org/m/20260306093213.170495_KR_webconnectivity_44ca0f9285f90734
https://www.airbnb.co.kr/,ok,https://explorer.ooni.org/m/20260306093231.071243_KR_webconnectivity_5539dae8f7b35873
https://www.akdn.org/,ok,https://explorer.ooni.org/m/20260306093245.112701_KR_webconnectivity_8e695ba91339138c
https://www.amazon.com/,ok,https://explorer.ooni.org/m/20260306093300.323660_KR_webconnectivity_e25df77753582bd3
http://www.apple.com/library/test/success.html,ok,https://explorer.ooni.org/m/20260306093302.209583_KR_webconnectivity_7b48a5191a0fcfa4
https://www.apple.com/,ok,https://explorer.ooni.org/m/20260306093313.057683_KR_webconnectivity_1ec7df5d6fa66c1d
http://www.auction.co.kr/,ok,https://explorer.ooni.org/m/20260306093315.821296_KR_webconnectivity_4fd6513960562ce2
https://www.babbel.com/,ok,https://explorer.ooni.org/m/20260306093328.092822_KR_webconnectivity_aa6d97d71acde8bd
http://www.barnesandnoble.com/,error,https://explorer.ooni.org/m/20260306093428.512420_KR_webconnectivity_703b6b332d2d3fa4
https://www.binance.com/,dns,https://explorer.ooni.org/m/20260306093429.236655_KR_webconnectivity_666749008ccc08ff
https://www.bitfinex.com/,dns,https://explorer.ooni.org/m/20260306093430.532643_KR_webconnectivity_79d603fd830a2001
http://www.blackhat.be/,dns,https://explorer.ooni.org/m/20260306093431.715613_KR_webconnectivity_f5f3d35244ee7775
https://www.blizzard.com/,dns,https://explorer.ooni.org/m/20260306093433.217642_KR_webconnectivity_555b7b6d1dfd0a91
https://www.blockchain.com/,dns,https://explorer.ooni.org/m/20260306093434.005131_KR_webconnectivity_3f4a5dc1fcf50a80
http://www.bobaedream.co.kr/,ok,https://explorer.ooni.org/m/20260306093453.213664_KR_webconnectivity_980fa62443264c50
https://www.care.org/,ok,https://explorer.ooni.org/m/20260306093505.840515_KR_webconnectivity_5b6c1a7d36c7d00d
https://www.ccc.de/,ok,https://explorer.ooni.org/m/20260306093510.662512_KR_webconnectivity_c0061adf71bfcb59
http://www.ccej.or.kr/,ok,https://explorer.ooni.org/m/20260306093524.069574_KR_webconnectivity_20f2b75c26606c99
https://www.chess.com/,dns,https://explorer.ooni.org/m/20260306093524.892169_KR_webconnectivity_fe4018e06bbdcd75
https://www.chromium.org/,ok,https://explorer.ooni.org/m/20260306093527.089631_KR_webconnectivity_6a12f9622c47feaa
https://www.coinex.com/,dns,https://explorer.ooni.org/m/20260306093528.651028_KR_webconnectivity_1da14b7452cc3072
https://www.common-fund.org/,ok,https://explorer.ooni.org/m/20260306093540.264262_KR_webconnectivity_8294bf4ca0345012
https://www.concern.net/,ok,https://explorer.ooni.org/m/20260306093550.779785_KR_webconnectivity_812f845ae768c758
https://www.coolmathgames.com/,dns,https://explorer.ooni.org/m/20260306093551.903185_KR_webconnectivity_792fd23167057f5f
https://www.craigslist.org/,dns,https://explorer.ooni.org/m/20260306093555.165148_KR_webconnectivity_a023817ae7a1bad9
https://www.crs.org/,ok,https://explorer.ooni.org/m/20260306093558.079055_KR_webconnectivity_940def7e9226d79a
http://www.cyber-pirates.org/,ok,https://explorer.ooni.org/m/20260306093625.889450_KR_webconnectivity_1d1d90eddbd60205
https://www.darknet.org.uk/,dns,https://explorer.ooni.org/m/20260306093628.019119_KR_webconnectivity_9671faec7f66d82d
https://www.ddo.com/,dns,https://explorer.ooni.org/m/20260306093630.977523_KR_webconnectivity_72425988ffe92645
https://www.ebay.com/,ok,https://explorer.ooni.org/m/20260306093644.412576_KR_webconnectivity_a527626160d7ad53
https://www.eccouncil.org/,ok,https://explorer.ooni.org/m/20260306093655.178066_KR_webconnectivity_b3bf8cbe3b75e9dc
https://www.episcopalrelief.org/,ok,https://explorer.ooni.org/m/20260306093704.686109_KR_webconnectivity_d52fc26b5f5e0cdd
https://www.eveonline.com/,dns,https://explorer.ooni.org/m/20260306093705.974836_KR_webconnectivity_e75f3fc6b9c3d5d5
https://www.exploit-db.com/,dns,https://explorer.ooni.org/m/20260306093707.538690_KR_webconnectivity_829d3622e51d6153
https://www.f-list.net/,dns,https://explorer.ooni.org/m/20260306093709.434885_KR_webconnectivity_37e19232d5beb9e5
http://www.feedtheminds.org/,tcp_ip,https://explorer.ooni.org/m/20260306093711.525149_KR_webconnectivity_90f095bab176712f
http://www.fki.or.kr/,ok,https://explorer.ooni.org/m/20260306093714.771292_KR_webconnectivity_a0663eacad7cd792
https://www.g5.com/,dns,https://explorer.ooni.org/m/20260306093717.384847_KR_webconnectivity_509d38949246206c
https://www.gazprombank.ru/,ok,https://explorer.ooni.org/m/20260306093738.472726_KR_webconnectivity_7f27a8cfa6ed91a8
https://www.genymotion.com/,ok,https://explorer.ooni.org/m/20260306093752.917749_KR_webconnectivity_1c1b383848968b6b
https://www.globalgiving.org/,ok,https://explorer.ooni.org/m/20260306093759.663986_KR_webconnectivity_1ce72e249f597f75
https://www.gofundme.com/,ok,https://explorer.ooni.org/m/20260306093815.183762_KR_webconnectivity_3ee4aa90c7e51feb
https://www.gog.com/,dns,https://explorer.ooni.org/m/20260306093816.849983_KR_webconnectivity_7f23454f8ea1ccc3
https://www.groupon.com/,ok,https://explorer.ooni.org/m/20260306093821.259657_KR_webconnectivity_ee700e3fcbd4c36d
https://www.guildwars.com/,dns,https://explorer.ooni.org/m/20260306093822.708087_KR_webconnectivity_85a8b595cfa26b49
https://www.habbo.com/,dns,https://explorer.ooni.org/m/20260306093823.925684_KR_webconnectivity_2bd67dbaae0101c4
http://www.hackhull.com/,dns,https://explorer.ooni.org/m/20260306093824.818539_KR_webconnectivity_c0322073bad8e1aa
http://www.hackinthebox.org/,tcp_ip,https://explorer.ooni.org/m/20260306093834.438227_KR_webconnectivity_52e5f6ae62db59ff
http://www.hacktivismo.com/,dns,https://explorer.ooni.org/m/20260306093836.007446_KR_webconnectivity_e339dcadfd822771
https://www.helvetas.ch/,ok,https://explorer.ooni.org/m/20260306093850.678439_KR_webconnectivity_e6a591e6d5dfe891
https://www.idrc.ca/,ok,https://explorer.ooni.org/m/20260306093906.381591_KR_webconnectivity_82a4f613d91af5e6
http://www.idsoftware.com/,dns,https://explorer.ooni.org/m/20260306093907.558731_KR_webconnectivity_a067080415878af5
https://www.ifad.org/,ok,https://explorer.ooni.org/m/20260306093909.709178_KR_webconnectivity_c2fdf3890dd42811
https://www.ifc.org/,ok,https://explorer.ooni.org/m/20260306093920.228566_KR_webconnectivity_9c282d6d35d77169
https://www.imf.org/,ok,https://explorer.ooni.org/m/20260306093922.788422_KR_webconnectivity_0878a3115390ca71
https://www.international.gc.ca/,ok,https://explorer.ooni.org/m/20260306093928.238081_KR_webconnectivity_f4d3382c001aaeaf
https://www.internetsociety.org/,ok,https://explorer.ooni.org/m/20260306093946.261800_KR_webconnectivity_aca8e54775179052
http://www.inven.co.kr/,dns,https://explorer.ooni.org/m/20260306093950.177822_KR_webconnectivity_e4c6f9bf19c2defe
https://www.kali.org/,ok,https://explorer.ooni.org/m/20260306093957.421988_KR_webconnectivity_382ea38b96e24983
https://www.kbs-frb.be/,ok,https://explorer.ooni.org/m/20260306094010.943259_KR_webconnectivity_dcef658ec9a437a0
https://www.kraken.com/,dns,https://explorer.ooni.org/m/20260306094012.367377_KR_webconnectivity_e35ed98d5891acc3
https://www.kucoin.com/,dns,https://explorer.ooni.org/m/20260306094014.209308_KR_webconnectivity_79ca8e0deb4665d5
https://www.lastwar.com/,dns,https://explorer.ooni.org/m/20260306094015.742908_KR_webconnectivity_5af7e0a78ca6d2c3
https://www.macfound.org/,ok,https://explorer.ooni.org/m/20260306094025.148363_KR_webconnectivity_cca3bf3a928ff250
https://www.malwares.com/,ok,https://explorer.ooni.org/m/20260306094028.839859_KR_webconnectivity_cc9ffd33bef77856
https://www.minecraft.net/,dns,https://explorer.ooni.org/m/20260306094030.065844_KR_webconnectivity_2cd328a984def9b4
http://www.msftconnecttest.com/connecttest.txt,ok,https://explorer.ooni.org/m/20260306094031.911419_KR_webconnectivity_d1cfce970160310d
http://www.msftncsi.com/ncsi.txt,ok,https://explorer.ooni.org/m/20260306094033.396308_KR_webconnectivity_ef93d6129c7e19b8
http://www.netmarble.net/,dns,https://explorer.ooni.org/m/20260306094034.930606_KR_webconnectivity_006180195b6da532
http://www.nexon.com/,dns,https://explorer.ooni.org/m/20260306094036.165919_KR_webconnectivity_02a5a2fc7440f9d5
http://www.nmrc.org/,dns,https://explorer.ooni.org/m/20260306094038.044225_KR_webconnectivity_c2ed407226c5ea66
https://www.oxfam.org/,ok,https://explorer.ooni.org/m/20260306094054.455658_KR_webconnectivity_2b0579ef6f9ecac4
https://www.paralleleconomy.com/,ok,https://explorer.ooni.org/m/20260306094103.835460_KR_webconnectivity_bf9c12277f97e8ed
https://www.paypal.com/,ok,https://explorer.ooni.org/m/20260306094119.595535_KR_webconnectivity_812829e46dfa8c76
https://www.playstation.com/,dns,https://explorer.ooni.org/m/20260306094121.602414_KR_webconnectivity_78392640340e28cf
http://www.pmang.com/,dns,https://explorer.ooni.org/m/20260306094122.566615_KR_webconnectivity_42bc82b44d95d5ea
https://www.pogo.com/,dns,https://explorer.ooni.org/m/20260306094123.962875_KR_webconnectivity_91a350e31c03b8c9
https://www.progressio.org.uk/,ok,https://explorer.ooni.org/m/20260306094127.805098_KR_webconnectivity_6c1279e265ae00b1
https://www.pubg.com/,dns,https://explorer.ooni.org/m/20260306094129.614589_KR_webconnectivity_c97509e6391bddd6
https://www.rbf.org/,ok,https://explorer.ooni.org/m/20260306094132.756561_KR_webconnectivity_dce3a92d26e815a6
http://www.riftgame.com/,dns,https://explorer.ooni.org/m/20260306094135.273342_KR_webconnectivity_a1310cce93788330
https://www.roblox.com/,dns,https://explorer.ooni.org/m/20260306094137.806243_KR_webconnectivity_958b7a3d506da72e
http://www.rockstargames.com/,dns,https://explorer.ooni.org/m/20260306094138.832341_KR_webconnectivity_e2b60cfd51b4494f
http://www.runescape.com/,dns,https://explorer.ooni.org/m/20260306094141.308389_KR_webconnectivity_5436ed9a65fcb803
http://www.sida.se/,ok,https://explorer.ooni.org/m/20260306094159.107540_KR_webconnectivity_8a4f54bddbda178b
http://www.square-enix.com/,dns,https://explorer.ooni.org/m/20260306094200.648602_KR_webconnectivity_2b916eda4e0af6bc
https://www.thegeekdiary.com/,ok,https://explorer.ooni.org/m/20260306094201.640256_KR_webconnectivity_3daea166ea65cdee
https://www.uber.com/,ok,https://explorer.ooni.org/m/20260306094213.825625_KR_webconnectivity_7117ac9326fc1376
https://www.ubisoft.com/,dns,https://explorer.ooni.org/m/20260306094215.246513_KR_webconnectivity_ff15db869a44280c
http://www.unlockme.co.uk/,ok,https://explorer.ooni.org/m/20260306094217.777334_KR_webconnectivity_ba9bedf298381244
https://www.usaid.gov/,ok,https://explorer.ooni.org/m/20260306094223.015828_KR_webconnectivity_723ac76b6b96446b
https://www.walmart.com/,ok,https://explorer.ooni.org/m/20260306094234.642361_KR_webconnectivity_172942f99b3a9257
https://www.weforum.org/,ok,https://explorer.ooni.org/m/20260306094236.867061_KR_webconnectivity_1db420efe186429e
https://www.westernunion.com/,ok,https://explorer.ooni.org/m/20260306094244.458334_KR_webconnectivity_7c86269be153d20c
https://www.wmtransfer.com/,ok,https://explorer.ooni.org/m/20260306094257.136915_KR_webconnectivity_ce5d3ac996284821
https://www.worldbank.org/,ok,https://explorer.ooni.org/m/20260306094301.379118_KR_webconnectivity_f1797c968c6c50a9
http://www.zone-h.org/,ok,https://explorer.ooni.org/m/20260306094302.873805_KR_webconnectivity_d6e30c7023d8c437
https://xe.com/,ok,https://explorer.ooni.org/m/20260306094319.195634_KR_webconnectivity_cf873a47959fff5f
http://zipbogo.net/,confirmed,https://explorer.ooni.org/m/20260306094321.546168_KR_webconnectivity_75d6f22cb6de144f
https://1337x.st/,dns,https://explorer.ooni.org/m/20260306094322.626900_KR_webconnectivity_3c3a088254f0af3f
https://1337x.to/,dns,https://explorer.ooni.org/m/20260306094323.682809_KR_webconnectivity_0e7a5a77a027e435
http://4shared.com/,confirmed,https://explorer.ooni.org/m/20260306094326.732424_KR_webconnectivity_7a9c54f749c738e4
https://911truth.org/,ok,https://explorer.ooni.org/m/20260306094342.410339_KR_webconnectivity_9955e0d26ed9e50d
https://addons.mozilla.org/,ok,https://explorer.ooni.org/m/20260306094356.661677_KR_webconnectivity_c8a64882d72d4c91
https://addons.opera.com/,ok,https://explorer.ooni.org/m/20260306094403.447825_KR_webconnectivity_b30287879eb4dd5c
https://addons.opera.com/en/extensions/,ok,https://explorer.ooni.org/m/20260306094411.940029_KR_webconnectivity_50888bfee5b89004
https://annas-archive.org/,dns,https://explorer.ooni.org/m/20260306094412.720258_KR_webconnectivity_2e6c11a606592ca9
http://applefile.com/,dns,https://explorer.ooni.org/m/20260306094415.528750_KR_webconnectivity_fa1f4d356701f60e
https://ar.m.wikipedia.org/,ok,https://explorer.ooni.org/m/20260306094429.074715_KR_webconnectivity_ab0c71e31e63ed60
https://ar.wikipedia.org/,ok,https://explorer.ooni.org/m/20260306094441.181735_KR_webconnectivity_ba2a6e9cd0279923
https://archiveofourown.org/,ok,https://explorer.ooni.org/m/20260306094444.946680_KR_webconnectivity_5800de52229610a0
https://arxiv.org/,ok,https://explorer.ooni.org/m/20260306094450.952134_KR_webconnectivity_b09b75c6fa86c644
https://asean.org/,ok,https://explorer.ooni.org/m/20260306094507.877017_KR_webconnectivity_3c6acfe4236aa796
https://bintray.com/,ok,https://explorer.ooni.org/m/20260306094523.001704_KR_webconnectivity_3029fe7eef50c4d5
http://bommin.net/,confirmed,https://explorer.ooni.org/m/20260306094525.993337_KR_webconnectivity_511b95c3da13023a
https://ca.wikipedia.org/,ok,https://explorer.ooni.org/m/20260306094539.111900_KR_webconnectivity_18c55f6ccc4b26ac
http://cafe.daum.net/seoulminart,ok,https://explorer.ooni.org/m/20260306094543.168602_KR_webconnectivity_498aa7ce223d7e3b
http://cafe.naver.com/newartcafe,ok,https://explorer.ooni.org/m/20260306094557.015213_KR_webconnectivity_fc95c3a1bdf45d5c
http://canna.to/,dns,https://explorer.ooni.org/m/20260306094558.377079_KR_webconnectivity_897808b1691fc72e
https://catbox.moe/,ok,https://explorer.ooni.org/m/20260306094604.635438_KR_webconnectivity_4781b0ce72f24900
https://chat.openai.com/,ok,https://explorer.ooni.org/m/20260306094608.728071_KR_webconnectivity_8ea2b9b1db9bb847
http://chongryon.com/,confirmed,https://explorer.ooni.org/m/20260306094625.434877_KR_webconnectivity_a17254c2bcd2d71e
https://chrome.google.com/webstore/category/extensions,ok,https://explorer.ooni.org/m/20260306094639.203623_KR_webconnectivity_f9c488dd9891d5fb
https://chromewebstore.google.com/,ok,https://explorer.ooni.org/m/20260306094651.345530_KR_webconnectivity_c525e319bb9af485
https://code.org/,ok,https://explorer.ooni.org/m/20260306094705.812042_KR_webconnectivity_76f2cb30ae120d44
https://commons.wikimedia.org/,ok,https://explorer.ooni.org/m/20260306094718.712785_KR_webconnectivity_fbb0ce4ecab3ce9a
https://credibilitycoalition.org/,ok,https://explorer.ooni.org/m/20260306094721.795043_KR_webconnectivity_a7633f5469baadf5
https://crypt.ee/,ok,https://explorer.ooni.org/m/20260306094728.090135_KR_webconnectivity_6902162ad7134f95
https://de.wikipedia.org/,ok,https://explorer.ooni.org/m/20260306094737.948674_KR_webconnectivity_58992e31f544c635
https://dfiles.eu/,ok,https://explorer.ooni.org/m/20260306094745.725400_KR_webconnectivity_d73c22ed75aa8f9c
https://digg.com/,ok,https://explorer.ooni.org/m/20260306094800.798267_KR_webconnectivity_5cb8f20a5361d0e2
https://docs.google.com/,ok,https://explorer.ooni.org/m/20260306094813.492048_KR_webconnectivity_a22d38789cf16082
https://drive.google.com/,ok,https://explorer.ooni.org/m/20260306094828.512158_KR_webconnectivity_5075b12d8b723037
https://en.m.wikipedia.org/,ok,https://explorer.ooni.org/m/20260306094844.826685_KR_webconnectivity_d991e32d137cfc68
https://en.wikipedia.org/,ok,https://explorer.ooni.org/m/20260306094901.041569_KR_webconnectivity_e1e44dc90208577a
https://ente.io/,ok,https://explorer.ooni.org/m/20260306094916.526920_KR_webconnectivity_86f87d2b11563cd4
https://es.m.wikipedia.org/,ok,https://explorer.ooni.org/m/20260306094931.660027_KR_webconnectivity_8f6d2fd5ff46a6a2
https://es.wikipedia.org/,ok,https://explorer.ooni.org/m/20260306094943.718257_KR_webconnectivity_178c0bed1726b3b2
https://eztv.ag/,dns,https://explorer.ooni.org/m/20260306094944.614733_KR_webconnectivity_d575fbce1294f24e
https://eztv.re/,dns,https://explorer.ooni.org/m/20260306094946.511671_KR_webconnectivity_839e0707784c7844
https://f-droid.org/,ok,https://explorer.ooni.org/m/20260306094953.028820_KR_webconnectivity_ff5f470f4cb3f33c
https://fdroid.tetaneutral.net/fdroid/repo,ok,https://explorer.ooni.org/m/20260306094957.413736_KR_webconnectivity_8282895a32cad2d9
http://file.daum.net/,ok,https://explorer.ooni.org/m/20260306094958.931552_KR_webconnectivity_7b632a199462d663
http://filecast.co.kr/,dns,https://explorer.ooni.org/m/20260306095002.420183_KR_webconnectivity_df8bb493fe60f1f9
https://filen.io/,ok,https://explorer.ooni.org/m/20260306095021.970218_KR_webconnectivity_cf91ef01b79c4e17
https://files.pythonhosted.org/,ok,https://explorer.ooni.org/m/20260306095024.408666_KR_webconnectivity_7b69f58963dc4a0d
https://forum.mhut.org/,dns,https://explorer.ooni.org/m/20260306095025.580100_KR_webconnectivity_d063833e60c9d918
https://fr.wikipedia.org/,ok,https://explorer.ooni.org/m/20260306095042.137749_KR_webconnectivity_251e2bc17f9831a7
https://ftp.fau.de/fdroid/repo,ok,https://explorer.ooni.org/m/20260306095046.775588_KR_webconnectivity_cc3fc727ea58838d
http://gnu.rep.kp/,dns,https://explorer.ooni.org/m/20260306095051.197908_KR_webconnectivity_4627617352aceb71
https://hackerspaces.org/,ok,https://explorer.ooni.org/m/20260306095054.735213_KR_webconnectivity_8e39acc7693f6cc0
http://historyedu.or.kr/,ok,https://explorer.ooni.org/m/20260306095109.348431_KR_webconnectivity_c34dc435663a9e89
https://i.gr-assets.com/robots.txt,ok,https://explorer.ooni.org/m/20260306095111.411256_KR_webconnectivity_128dbc2a18d9d7a7
https://infidels.org/,ok,https://explorer.ooni.org/m/20260306095119.793751_KR_webconnectivity_1983b2eb65dde8c9
https://int.soccerway.com/,http-failure,https://explorer.ooni.org/m/20260306095122.211861_KR_webconnectivity_a99bf66e984a956b
https://intelligence.weforum.org/,ok,https://explorer.ooni.org/m/20260306095129.295867_KR_webconnectivity_32f811788c40cfb3
https://isa.gov.ly/,ok,https://explorer.ooni.org/m/20260306095131.587459_KR_webconnectivity_b50d5cf3b7353869
https://it.wikipedia.org/,ok,https://explorer.ooni.org/m/20260306095141.682930_KR_webconnectivity_ef2d1024e32f6a30
https://ja.wikipedia.org/,ok,https://explorer.ooni.org/m/20260306095157.205630_KR_webconnectivity_da17dc4f0a2b01c0
http://kancc.org/,dns,https://explorer.ooni.org/m/20260306095200.999912_KR_webconnectivity_490fb5c5844d67ee
http://kass.org.kp/,dns,https://explorer.ooni.org/m/20260306095217.716293_KR_webconnectivity_aea6fba62a47d183
https://kat.am/,dns,https://explorer.ooni.org/m/20260306095218.930842_KR_webconnectivity_04c3c932ceb862b0
http://kicc-dprk.org/,confirmed,https://explorer.ooni.org/m/20260306095220.852242_KR_webconnectivity_e801aeab80afd28e
http://kiyctc.com.kp/,dns,https://explorer.ooni.org/m/20260306095225.398724_KR_webconnectivity_cbbb3f8f45c3d9ae
https://kickasstorrents.to/,dns,https://explorer.ooni.org/m/20260306095221.737822_KR_webconnectivity_2712169e00a09769
http://ko.internationalism.org/,ok,https://explorer.ooni.org/m/20260306095236.989480_KR_webconnectivity_7f2f477378808bbc
https://ko.wiktionary.org/,ok,https://explorer.ooni.org/m/20260306095253.263372_KR_webconnectivity_219d8cc0dd8c31cc
http://korfilm.com.kp/,dns,https://explorer.ooni.org/m/20260306095310.841118_KR_webconnectivity_1cf60f02f937cb46
http://kremlin.ru/,ok,https://explorer.ooni.org/m/20260306095314.235218_KR_webconnectivity_ba28b88eef5e0cfd
https://libgen.fun/,error,https://explorer.ooni.org/m/20260306095316.346687_KR_webconnectivity_f666d23b26403b97
https://libgen.is/,dns,https://explorer.ooni.org/m/20260306095332.226311_KR_webconnectivity_34300e40da13fa3e
http://libgen.lc/,ok,https://explorer.ooni.org/m/20260306095334.615813_KR_webconnectivity_a7ba7f5f82591cb6
http://libgen.li/,dns,https://explorer.ooni.org/m/20260306095336.345105_KR_webconnectivity_42be0f5ddd29ce05
https://libgen.life/,tcp_ip,https://explorer.ooni.org/m/20260306095422.147407_KR_webconnectivity_84c71044a832a3cf
https://libgen.me/,error,https://explorer.ooni.org/m/20260306095424.363556_KR_webconnectivity_4e20053893c12a8f
http://libgen.rs/,dns,https://explorer.ooni.org/m/20260306095440.329392_KR_webconnectivity_e73fc711e48e4fc7
https://libgen.space/,error,https://explorer.ooni.org/m/20260306095442.396090_KR_webconnectivity_ba3c66d49ecab52d
http://libgen.st/,tcp_ip,https://explorer.ooni.org/m/20260306095528.685145_KR_webconnectivity_c5aee42432ea621a
https://libgen.xyz/,dns,https://explorer.ooni.org/m/20260306095530.435439_KR_webconnectivity_43da2de0783aa9c4
https://limetorrents.pro/,dns,https://explorer.ooni.org/m/20260306095531.279883_KR_webconnectivity_cae84241ebe1aff6
https://login.infomaniak.com/,ok,https://explorer.ooni.org/m/20260306095535.310835_KR_webconnectivity_0716ad322d602b64
https://login.tailscale.com/,ok,https://explorer.ooni.org/m/20260306095543.132364_KR_webconnectivity_66f04c3f3c656f8b
http://ma.gov.kp/,dns,https://explorer.ooni.org/m/20260306095546.917051_KR_webconnectivity_61e44ac8ece3362c
https://mashable.com/,ok,https://explorer.ooni.org/m/20260306095549.221076_KR_webconnectivity_633ef981036cd3ab
https://microsoftedge.microsoft.com/,dns,https://explorer.ooni.org/m/20260306095550.189628_KR_webconnectivity_797d41dca483c3a8
https://microsoftedge.microsoft.com/addons/Microsoft-Edge-Extensions-Home,dns,https://explorer.ooni.org/m/20260306095551.020402_KR_webconnectivity_21667d6d429ab145
https://mirror.cyberbits.eu/fdroid/repo,ok,https://explorer.ooni.org/m/20260306095554.725737_KR_webconnectivity_45d7377d065c6e43
https://mymemory.translated.net/,ok,https://explorer.ooni.org/m/20260306095600.073695_KR_webconnectivity_a1aaf181ffab8460
http://naenara.com/,ok,https://explorer.ooni.org/m/20260306095602.976374_KR_webconnectivity_0a70c51eac2ab048
https://newalbumreleases.net/,dns,https://explorer.ooni.org/m/20260306095604.159949_KR_webconnectivity_b1270448518a4175
https://notesnook.com/,ok,https://explorer.ooni.org/m/20260306095607.015244_KR_webconnectivity_916794431f0230d6
https://nsw2u.com/,dns,https://explorer.ooni.org/m/20260306095607.844120_KR_webconnectivity_18e4ed3c9b913505
http://onekorea.org/,ok,https://explorer.ooni.org/m/20260306095610.026815_KR_webconnectivity_a2a6b47a6fea7093
https://openverse.org/,ok,https://explorer.ooni.org/m/20260306095611.415280_KR_webconnectivity_e56d3bc05496ca57
http://osaka.korea-htr.com/,ok,https://explorer.ooni.org/m/20260306095612.196914_KR_webconnectivity_b1c5c8106349ab6f
https://plug-mirror.rcac.purdue.edu/fdroid/repo,ok,https://explorer.ooni.org/m/20260306095615.133682_KR_webconnectivity_01853f9630baefd0
https://pt.m.wikipedia.org/,ok,https://explorer.ooni.org/m/20260306095619.137147_KR_webconnectivity_2cc567b66abbb161
https://pulse.internetsociety.org/,ok,https://explorer.ooni.org/m/20260306095621.264633_KR_webconnectivity_b1c5bd521613966d
https://put.io/,ok,https://explorer.ooni.org/m/20260306095624.045640_KR_webconnectivity_f77e62ded03ad2f3
https://radiofreetexas.com/,ok,https://explorer.ooni.org/m/20260306095627.432853_KR_webconnectivity_3a306579bda82920
https://ru.wikipedia.org/,ok,https://explorer.ooni.org/m/20260306095630.875562_KR_webconnectivity_9efc165518467e1b
https://s.gr-assets.com/robots.txt,ok,https://explorer.ooni.org/m/20260306095632.260575_KR_webconnectivity_081b1d999be746cf
https://savefrom.net/,dns,https://explorer.ooni.org/m/20260306095633.382861_KR_webconnectivity_d30ac6b5e2406817
http://sdprk.org.kp/,dns,https://explorer.ooni.org/m/20260306095636.985513_KR_webconnectivity_23b8c668b4be46ba
http://sfkuk.freeservers.com/,ok,https://explorer.ooni.org/m/20260306095639.410936_KR_webconnectivity_77e8ae26ae50ac02
http://simfile.uplusbox.co.kr/,dns,https://explorer.ooni.org/m/20260306095655.751606_KR_webconnectivity_23997e4e290f636a
https://simple.wikipedia.org/,ok,https://explorer.ooni.org/m/20260306095659.341558_KR_webconnectivity_b89e303274fbcb15
https://skiff.com/,ok,https://explorer.ooni.org/m/20260306095701.387539_KR_webconnectivity_461ee61dcf8f8bdc
http://software.naver.com/,ok,https://explorer.ooni.org/m/20260306095702.261750_KR_webconnectivity_0db1f36d4809b590
https://soundcloud.com/,ok,https://explorer.ooni.org/m/20260306095704.559246_KR_webconnectivity_736548568b291192
https://sourceforge.net/,ok,https://explorer.ooni.org/m/20260306095707.024818_KR_webconnectivity_631ba994bc003a52
https://standardnotes.com/,ok,https://explorer.ooni.org/m/20260306095710.176712_KR_webconnectivity_f19a766819444547
https://thepiratebay.org/,dns,https://explorer.ooni.org/m/20260306095712.917532_KR_webconnectivity_2774b94a9fe43f1f
http://torrenters.com/,dns,https://explorer.ooni.org/m/20260306095714.549622_KR_webconnectivity_9b3b466401b5c9a9
http://torters.com/,dns,https://explorer.ooni.org/m/20260306095716.627438_KR_webconnectivity_2a5387d535179877
https://uea.org/,ok,https://explorer.ooni.org/m/20260306095721.553696_KR_webconnectivity_214ac87a3171ee5b
https://upload.wikimedia.org/wikipedia/commons/thumb/3/37/Generic_Camera_Icon.svg/100px-Generic_Camera_Icon.svg.png,ok,https://explorer.ooni.org/m/20260306095723.944429_KR_webconnectivity_fdeaa8d787997fe9
http://usacrime.or.kr/,ok,https://explorer.ooni.org/m/20260306095726.772447_KR_webconnectivity_13ecaf4281ac0a68
https://w3schools.com/,ok,https://explorer.ooni.org/m/20260306095731.696163_KR_webconnectivity_f4e75caac7d61a3f
https://web.archive.org/,dns,https://explorer.ooni.org/m/20260306095733.614525_KR_webconnectivity_d71bf96c8adfc184
https://wikidata.org/,ok,https://explorer.ooni.org/m/20260306095738.024051_KR_webconnectivity_d555ecf4ec14bcd0
https://wikihow.com/,ok,https://explorer.ooni.org/m/20260306095740.612452_KR_webconnectivity_3878cf217fd697a1
https://wikimapia.org/,ok,https://explorer.ooni.org/m/20260306095744.819868_KR_webconnectivity_a2c9341ac67a0b39
https://www.2shared.com/,ok,https://explorer.ooni.org/m/20260306095747.965390_KR_webconnectivity_4ac2b232084e525d
https://www.4shared.com/,ok,https://explorer.ooni.org/m/20260306095752.684663_KR_webconnectivity_7ae22596d442b593
https://www.911memorial.org/,ok,https://explorer.ooni.org/m/20260306095756.835027_KR_webconnectivity_b09fb84a53dc0502
http://www.acquisitionx.com/,ok,https://explorer.ooni.org/m/20260306095801.509936_KR_webconnectivity_5fb0e678499e4e39
https://www.af.mil/,ok,https://explorer.ooni.org/m/20260306095803.937506_KR_webconnectivity_3925171929e76a1c
http://www.aha.ru/,ok,https://explorer.ooni.org/m/20260306095824.494391_KR_webconnectivity_d5de2babb7504547
http://www.aha.ru/~zentsov/korea.htm,ok,https://explorer.ooni.org/m/20260306095841.232209_KR_webconnectivity_abb40ae7f9e515e3
http://www.arirang.dprkorea.com/,dns,https://explorer.ooni.org/m/20260306095852.796001_KR_webconnectivity_5425e1508083dfe7
https://www.army.mil/,ok,https://explorer.ooni.org/m/20260306095855.864751_KR_webconnectivity_272702fbdeb78f5e
https://www.auswaertiges-amt.de/,ok,https://explorer.ooni.org/m/20260306095900.299782_KR_webconnectivity_c9447426d5f7dfd4
http://www.big.or.jp/,ok,https://explorer.ooni.org/m/20260306095903.511568_KR_webconnectivity_f6b40aa2b4b2f4d2
http://www.bittornado.com/,dns,https://explorer.ooni.org/m/20260306095919.298280_KR_webconnectivity_2b7e3849f74525b9
https://www.bme.com/,dns,https://explorer.ooni.org/m/20260306095920.851707_KR_webconnectivity_87c7f4eb2e978984
http://www.bommin.net/,confirmed,https://explorer.ooni.org/m/20260306095923.622728_KR_webconnectivity_2c22eccacd8b4750
http://www.centcom.mil/,ok,https://explorer.ooni.org/m/20260306095925.884016_KR_webconnectivity_68f47ffa2b22412c
http://www.chaju.org/,ok,https://explorer.ooni.org/m/20260306095926.965549_KR_webconnectivity_5c42d1051410c853
http://www.chongryon.com/,confirmed,https://explorer.ooni.org/m/20260306095943.369245_KR_webconnectivity_5a2305754b180e28
https://www.cia.gov/,ok,https://explorer.ooni.org/m/20260306095947.652601_KR_webconnectivity_f1b4829c1a9b2dc3
http://www.cinetown.co.kr/,ok,https://explorer.ooni.org/m/20260306100004.523864_KR_webconnectivity_5fb72e38fc6101cd
http://www.cinewel.com/,dns,https://explorer.ooni.org/m/20260306100016.826575_KR_webconnectivity_4218a798be64ddc5
https://www.cis.minsk.by/,ok,https://explorer.ooni.org/m/20260306100025.536942_KR_webconnectivity_7e275aa5c7ac144b
http://www.cizel.co.kr/,dns,https://explorer.ooni.org/m/20260306100042.199224_KR_webconnectivity_1a138c47361dbbf8
http://www.cnet-ta.ne.jp/,ok,https://explorer.ooni.org/m/20260306100045.700761_KR_webconnectivity_c62b0072afebf0ca
http://www.collegehumor.com/,dns,https://explorer.ooni.org/m/20260306100101.828273_KR_webconnectivity_f600023fc42008f3
http://www.coreaone-news.com/,confirmed,https://explorer.ooni.org/m/20260306100110.079609_KR_webconnectivity_aeaa989124f0d7c9
https://www.darpa.mil/,ok,https://explorer.ooni.org/m/20260306100115.844083_KR_webconnectivity_3bdddc1828d6ce78
https://www.datpiff.com/,dns,https://explorer.ooni.org/m/20260306100116.665146_KR_webconnectivity_89302fef35c990fc
https://www.dea.gov/,ok,https://explorer.ooni.org/m/20260306100118.662811_KR_webconnectivity_c7c4f22f24f2e12e
https://www.deathmetal.org/,ok,https://explorer.ooni.org/m/20260306100122.209758_KR_webconnectivity_20d2cb6624c84767
https://www.defense.gov/,ok,https://explorer.ooni.org/m/20260306100124.195263_KR_webconnectivity_513fefc3993f4c73
https://www.dia.mil/,ok,https://explorer.ooni.org/m/20260306100126.663499_KR_webconnectivity_cdd547247b7bcc72
https://www.dictionary.com/,ok,https://explorer.ooni.org/m/20260306100128.136433_KR_webconnectivity_c9d1e668f89ac5f7
http://www.dklotto.com/,dns,https://explorer.ooni.org/m/20260306100130.772413_KR_webconnectivity_f0e61f6e6878118a
http://www.dprk-book.com/,tcp_ip,https://explorer.ooni.org/m/20260306100217.917075_KR_webconnectivity_11b2f9c32d7cde3f
http://www.dprk-stamp.com/,ok,https://explorer.ooni.org/m/20260306100218.868668_KR_webconnectivity_141a6f47c2ef9267
http://www.dprkorea.com/,dns,https://explorer.ooni.org/m/20260306100229.952830_KR_webconnectivity_06ad0af8d0e843cb
http://www.dprkstudies.org/,dns,https://explorer.ooni.org/m/20260306100231.301693_KR_webconnectivity_3d8831273446b3c1
http://www.dprkstudies.org/documents/nkpics/picgal.html,dns,https://explorer.ooni.org/m/20260306100232.769014_KR_webconnectivity_c4b340ae074c131e
https://www.dropbox.com/,ok,https://explorer.ooni.org/m/20260306100236.944655_KR_webconnectivity_290b0b89de484d99
http://www.elufa.net/,confirmed,https://explorer.ooni.org/m/20260306100238.842173_KR_webconnectivity_86c955d8395ec9c4
http://www.enppy.com/,dns,https://explorer.ooni.org/m/20260306100241.895600_KR_webconnectivity_41b4ca6e5ca9a010
https://www.epa.gov/,ok,https://explorer.ooni.org/m/20260306100245.588221_KR_webconnectivity_e2e30a6e39fc4b30
https://www.eventbrite.com/,ok,https://explorer.ooni.org/m/20260306100250.184172_KR_webconnectivity_2d2820468ed9fbac
https://www.fanfiction.net/,ok,https://explorer.ooni.org/m/20260306100251.291300_KR_webconnectivity_b1f11fb8357a17ab
http://www.fileguri.com/,http-failure,https://explorer.ooni.org/m/20260306100254.244721_KR_webconnectivity_ae099feb86f79ecf
http://www.filenori.com/,ok,https://explorer.ooni.org/m/20260306100256.821586_KR_webconnectivity_e25d601ed7c95bfa
http://www.foreignaffairs.org/,ok,https://explorer.ooni.org/m/20260306100259.563318_KR_webconnectivity_b533d87c2efe1da3
http://www.fsb.ru/,ok,https://explorer.ooni.org/m/20260306100304.020854_KR_webconnectivity_daf8a58f1aa59245
https://www.fsf.org/,error,https://explorer.ooni.org/m/20260306100305.879854_KR_webconnectivity_8e252c08e762d8c3
https://www.gawker.com/,ok,https://explorer.ooni.org/m/20260306100310.863071_KR_webconnectivity_a5b5b44c79837604
https://www.givesendgo.com/,ok,https://explorer.ooni.org/m/20260306100312.514224_KR_webconnectivity_047c99204d199321
https://www.globalpolicy.org/,ok,https://explorer.ooni.org/m/20260306100317.212220_KR_webconnectivity_bfb2165cb33b2c93
https://www.goodreads.com/,ok,https://explorer.ooni.org/m/20260306100321.204747_KR_webconnectivity_a975fd113e02eaa3
https://www.gov.uk/,ok,https://explorer.ooni.org/m/20260306100323.777365_KR_webconnectivity_4d33e154d608cfeb
https://www.gutenberg.org/,ok,https://explorer.ooni.org/m/20260306100344.250906_KR_webconnectivity_28fd5f657d72413a
http://www.hanguksa.org/,ok,https://explorer.ooni.org/m/20260306100349.610988_KR_webconnectivity_24d99333c9f1c2a6
http://www.hisedu.or.kr/,ok,https://explorer.ooni.org/m/20260306100353.856568_KR_webconnectivity_1c5a0d30a10ad0ec
http://www.honamhistory.org/,ok,https://explorer.ooni.org/m/20260306100357.137204_KR_webconnectivity_cb4aff3780550e06
http://www.honduras.com/,ok,https://explorer.ooni.org/m/20260306100401.388978_KR_webconnectivity_cb1d0c0f0a510a63
https://www.iaru.org/,ok,https://explorer.ooni.org/m/20260306100406.352189_KR_webconnectivity_d651607ae737a751
https://www.ibe.unesco.org/,ok,https://explorer.ooni.org/m/20260306100412.604933_KR_webconnectivity_7e6d51e8197e9b56
https://www.icrc.org/,ok,https://explorer.ooni.org/m/20260306100414.827884_KR_webconnectivity_ce80a3ebe89c88c8
https://www.ideasbeyondborders.org/,ok,https://explorer.ooni.org/m/20260306100417.999826_KR_webconnectivity_5d1f08b9f34ba46c
http://www.iea.org/,ok,https://explorer.ooni.org/m/20260306100424.862335_KR_webconnectivity_fc55211a6bbdfebb
https://www.ifrc.org/,ok,https://explorer.ooni.org/m/20260306100426.233711_KR_webconnectivity_d74531c902153eb9
http://www.ihr.org/,ok,https://explorer.ooni.org/m/20260306100431.506295_KR_webconnectivity_77f240de6c3202af
http://www.iias.nl/,tcp_ip,https://explorer.ooni.org/m/20260306100433.758369_KR_webconnectivity_3fe2e84bd798ab06
https://www.ilo.org/,ok,https://explorer.ooni.org/m/20260306100437.597123_KR_webconnectivity_a7381a43f83eedbb
http://www.imdb.com/,dns,https://explorer.ooni.org/m/20260306100438.431613_KR_webconnectivity_932f01bbc25b0ce0
http://www.inhard.com/,ok,https://explorer.ooni.org/m/20260306100440.772216_KR_webconnectivity_419fe26c8027d2f7
https://www.interpol.int/,ok,https://explorer.ooni.org/m/20260306100444.580813_KR_webconnectivity_25ea68a18f9b0d8d
https://www.isa.org.jm/,ok,https://explorer.ooni.org/m/20260306100455.131058_KR_webconnectivity_10cd3a8931286db5
http://www.isj.org.uk/,ok,https://explorer.ooni.org/m/20260306100501.704326_KR_webconnectivity_cac144b617b4ea9d
http://www.jjangfile.net/,dns,https://explorer.ooni.org/m/20260306100517.582633_KR_webconnectivity_8b4590d365c73f55
https://www.jsf.mil/,ok,https://explorer.ooni.org/m/20260306100522.504280_KR_webconnectivity_00a28047cc9c7598
http://www.kancc.org/,confirmed,https://explorer.ooni.org/m/20260306100529.371761_KR_webconnectivity_227ec49612ea18bf
http://www.kcckp.net/,confirmed,https://explorer.ooni.org/m/20260306100533.150527_KR_webconnectivity_9d65a570db6e0558
http://www.kdvr.de/,ok,https://explorer.ooni.org/m/20260306100534.810672_KR_webconnectivity_c7eee6a2aa2bdb0a
https://www.khanacademy.org/,ok,https://explorer.ooni.org/m/20260306100537.585210_KR_webconnectivity_b0127ba2885ae1ae
http://www.kickassclassical.com/,dns,https://explorer.ooni.org/m/20260306100553.687786_KR_webconnectivity_e593060bd40f800c
http://www.korea-dpr.com/,confirmed,https://explorer.ooni.org/m/20260306100556.755773_KR_webconnectivity_b502bd913f7dee04
http://www.korea-dpr.com/cgi-bin/simpleforum.cgi,confirmed,https://explorer.ooni.org/m/20260306100558.184265_KR_webconnectivity_9f32968905740d07
http://www.korea-dpr.com/library/entrance.htm,confirmed,https://explorer.ooni.org/m/20260306100600.229418_KR_webconnectivity_93fbc9fac2d715d1
http://www.korea-dpr.com/menu.htm,confirmed,https://explorer.ooni.org/m/20260306100602.411677_KR_webconnectivity_e11ea6684c022abf
http://www.korea-dpr.com/users/jisge/,confirmed,https://explorer.ooni.org/m/20260306100604.371886_KR_webconnectivity_ac07d6f8f428d55b
http://www.korea-is-one.org/,dns,https://explorer.ooni.org/m/20260306100607.975670_KR_webconnectivity_f28acdacd9af682e
http://www.korea-is-one.org/rubrique.php3?id_rubrique=5,dns,https://explorer.ooni.org/m/20260306100611.171022_KR_webconnectivity_616c9fa9ede9aa7c
http://www.korea-np.co.jp/,tcp_ip,https://explorer.ooni.org/m/20260306100621.686568_KR_webconnectivity_f3aae6bb4bd5a1f4
http://www.koreanhistory.org/,ok,https://explorer.ooni.org/m/20260306100625.173061_KR_webconnectivity_435da73637d9f3a0
http://www.krbook.net/,ok,https://explorer.ooni.org/m/20260306100627.842334_KR_webconnectivity_b25bd06da0708f34
https://www.libgen.tw/,ok,https://explorer.ooni.org/m/20260306100632.050800_KR_webconnectivity_1c6435a0b5c97ced
https://www.limetorrents.lol/,http-failure,https://explorer.ooni.org/m/20260306100634.593993_KR_webconnectivity_50bc02386f020b38
https://www.literotica.com/,dns,https://explorer.ooni.org/m/20260306100636.141660_KR_webconnectivity_c0fda81b8ee1995c
https://www.lushstories.com/,dns,https://explorer.ooni.org/m/20260306100638.207771_KR_webconnectivity_e9ca8365d8b86a42
https://www.marxists.org/,ok,https://explorer.ooni.org/m/20260306100641.824264_KR_webconnectivity_94e64c66df115946
http://www.metal-archives.com/,ok,https://explorer.ooni.org/m/20260306100643.389176_KR_webconnectivity_55fca18a32ab126a
http://www.minjok.com/,dns,https://explorer.ooni.org/m/20260306100646.294544_KR_webconnectivity_31e10e684ba3c939
http://www.mnr.gov.cn/,dns,https://explorer.ooni.org/m/20260306100657.138431_KR_webconnectivity_43deb557da7c6998
http://www.monkey3.co.kr/,dns,https://explorer.ooni.org/m/20260306100713.715542_KR_webconnectivity_c06eb5a1cc43e91a
https://www.mozilla.org/,ok,https://explorer.ooni.org/m/20260306100716.751244_KR_webconnectivity_0055f3d6dcabd22c
https://www.mp3.com/,error,https://explorer.ooni.org/m/20260306100755.612536_KR_webconnectivity_aec139b225f3018c
https://www.musixmatch.com/,ok,https://explorer.ooni.org/m/20260306100758.167682_KR_webconnectivity_3753d20db023a3fb
http://www.nato.int/,ok,https://explorer.ooni.org/m/20260306100801.435104_KR_webconnectivity_9ec339db71c85f5d
http://www.navy.mil/,ok,https://explorer.ooni.org/m/20260306100803.334613_KR_webconnectivity_443529cd5c78ede6
http://www.nkland.org/,ok,https://explorer.ooni.org/m/20260306100804.535043_KR_webconnectivity_238468d019395edd
https://www.nsa.gov/,ok,https://explorer.ooni.org/m/20260306100806.396863_KR_webconnectivity_c6bfae4ac324a1b8
http://www.nzeen.com/,ok,https://explorer.ooni.org/m/20260306100810.987619_KR_webconnectivity_89053f0722a5193e
http://www.onekorea.org/,ok,https://explorer.ooni.org/m/20260306100813.560651_KR_webconnectivity_6de646260daac0ff
http://www.opec.org/,ok,https://explorer.ooni.org/m/20260306100817.542332_KR_webconnectivity_44d9734a935e9fe4
http://www.openart.or.kr/,ok,https://explorer.ooni.org/m/20260306100822.551994_KR_webconnectivity_5b9a3e449865785a
http://www.orangefile.com/,dns,https://explorer.ooni.org/m/20260306100825.686224_KR_webconnectivity_f3ed3fc30fc7a82e
https://www.osce.org/,ok,https://explorer.ooni.org/m/20260306100829.717292_KR_webconnectivity_b4c8a9447f468fa4
http://www.ournation-school.com/,confirmed,https://explorer.ooni.org/m/20260306100831.643477_KR_webconnectivity_d01b3b79a5b48d29
https://www.overdrive.com/,ok,https://explorer.ooni.org/m/20260306100835.063685_KR_webconnectivity_b3999682b2b438d9
http://www.pacom.mil/,ok,https://explorer.ooni.org/m/20260306100837.096561_KR_webconnectivity_40d501cd55bef431
http://www.pic-international.com/,ok,https://explorer.ooni.org/m/20260306100838.521208_KR_webconnectivity_7e831b883f4d497e
http://www.pruna.com/,dns,https://explorer.ooni.org/m/20260306100841.050471_KR_webconnectivity_21f2bfa222398f4e
http://www.quantico.marines.mil/,ok,https://explorer.ooni.org/m/20260306100843.372120_KR_webconnectivity_796d49de1c85e25c
http://www.ryongnamsan.edu.kp/,dns,https://explorer.ooni.org/m/20260306100846.901892_KR_webconnectivity_2a1926cfc03d0beb
http://www.schwarzreport.org/,ok,https://explorer.ooni.org/m/20260306100850.558197_KR_webconnectivity_0827ea6f5d59b45b
https://www.scribd.com/,ok,https://explorer.ooni.org/m/20260306100853.023675_KR_webconnectivity_63d116789c3c3377
http://www.sealswcc.com/,ok,https://explorer.ooni.org/m/20260306100857.622674_KR_webconnectivity_145f2e21666c7cb8
https://www.shazam.com/,ok,https://explorer.ooni.org/m/20260306100900.419305_KR_webconnectivity_b536ee3b239c61c8
http://www.silibank.com/,ok,https://explorer.ooni.org/m/20260306100902.491938_KR_webconnectivity_c1336866333c05fd
http://www.slsknet.org/,ok,https://explorer.ooni.org/m/20260306100904.519096_KR_webconnectivity_047ba3cc21f6246d
http://www.socom.mil/,tcp_ip,https://explorer.ooni.org/m/20260306101005.201106_KR_webconnectivity_d60f566b5c38467f
http://www.songunpoliticsstudygroup.org/,dns,https://explorer.ooni.org/m/20260306101006.993244_KR_webconnectivity_09bbf220ed902988
http://www.soribada.com/,ok,https://explorer.ooni.org/m/20260306101010.724946_KR_webconnectivity_ffc2eb040d6ae1c7
http://www.southcom.mil/,ok,https://explorer.ooni.org/m/20260306101012.958758_KR_webconnectivity_a3cfa27fc12c9b74
https://www.spotify.com/,ok,https://explorer.ooni.org/m/20260306101014.861004_KR_webconnectivity_6d922e31508d873b
https://www.state.gov/,ok,https://explorer.ooni.org/m/20260306101017.591518_KR_webconnectivity_1a5a245d52d52c99
http://www.stratcom.mil/,ok,https://explorer.ooni.org/m/20260306101019.621395_KR_webconnectivity_40167e322ce7cbc1
http://www.syccr.com/,ok,https://explorer.ooni.org/m/20260306101023.798498_KR_webconnectivity_606083205051a2b6
https://www.timeout.com/,ok,https://explorer.ooni.org/m/20260306101029.178432_KR_webconnectivity_b18e183ad841745f
http://www.tmz.com/,ok,https://explorer.ooni.org/m/20260306101031.951868_KR_webconnectivity_667d5cd68c17c3e2
https://www.un.int/,ok,https://explorer.ooni.org/m/20260306101037.761220_KR_webconnectivity_674bf086dc833ed1
https://www.un.org/,ok,https://explorer.ooni.org/m/20260306101040.658077_KR_webconnectivity_59c2cbf18c0b8845
https://www.undp.org/,ok,https://explorer.ooni.org/m/20260306101042.801223_KR_webconnectivity_126cbe93f65917ec
https://www.unwomen.org/,ok,https://explorer.ooni.org/m/20260306101045.015188_KR_webconnectivity_c34549a3357379b6
http://www.uriminzokkiri.com/,tcp_ip,https://explorer.ooni.org/m/20260306101130.850949_KR_webconnectivity_bb9da1f6ebe92d01
http://www.usafa.af.mil/,ok,https://explorer.ooni.org/m/20260306101133.212530_KR_webconnectivity_73c22fb9450b9a5d
http://www.uscg.mil/,ok,https://explorer.ooni.org/m/20260306101135.688785_KR_webconnectivity_e51a7fd163b7a17d
https://www.ushmm.org/,ok,https://explorer.ooni.org/m/20260306101138.356548_KR_webconnectivity_4c9b7ba4eaa0319c
https://www.utorrent.com/,ok,https://explorer.ooni.org/m/20260306101140.520959_KR_webconnectivity_c36e8f05753d1bb6
http://www.vibe.com/,ok,https://explorer.ooni.org/m/20260306101143.369440_KR_webconnectivity_ce94b7a41fd93ac6
https://www.videolan.org/,ok,https://explorer.ooni.org/m/20260306101147.423686_KR_webconnectivity_1e0ed869c85d19b5
https://www.wfp.org/,ok,https://explorer.ooni.org/m/20260306101151.856164_KR_webconnectivity_f25c751e49cb1577
https://www.wikipedia.org/,ok,https://explorer.ooni.org/m/20260306101156.161701_KR_webconnectivity_8560c8071ea54aad
https://www.wiktionary.org/,ok,https://explorer.ooni.org/m/20260306101159.452164_KR_webconnectivity_ae1028a7a830e62d
http://www.thaicuties.com/,dns,https://explorer.ooni.org/m/20260306101200.863607_KR_webconnectivity_d67c9921bacbcf08
http://www.utopia-asia.com/,dns,https://explorer.ooni.org/m/20260306101203.035827_KR_webconnectivity_23303e360a7cf5dd
http://www.womenforpeaceandjustice.org/,ok,https://explorer.ooni.org/m/20260306101210.037320_KR_webconnectivity_05b1556ba42611bb
https://ko.wikipedia.org/,ok,https://explorer.ooni.org/m/20260306101214.655158_KR_webconnectivity_54310b6510c455ec
https://www.douban.com/,ok,https://explorer.ooni.org/m/20260306101219.979412_KR_webconnectivity_ed579aeaf91a8309
http://streetmeatasia.com/,dns,https://explorer.ooni.org/m/20260306101224.610483_KR_webconnectivity_b9e7d2a59dc1cd85
http://www.88square.com/,dns,https://explorer.ooni.org/m/20260306101240.387691_KR_webconnectivity_ff7e9f58a4b8c769
http://www.asiangirlsnextdoor.com/,dns,https://explorer.ooni.org/m/20260306101241.319794_KR_webconnectivity_c22d4d36d7e94a36
http://www.asianthumbs.org/,dns,https://explorer.ooni.org/m/20260306101243.953752_KR_webconnectivity_a322d6f41162dd0e
http://www.bangkokstreetwhores.com/,dns,https://explorer.ooni.org/m/20260306101246.166383_KR_webconnectivity_6b1651075cedf1dc
http://www.dateinasia.com/,dns,https://explorer.ooni.org/m/20260306101246.987106_KR_webconnectivity_7bc8bc828329df41
http://www.exploitedteensasia.com/,dns,https://explorer.ooni.org/m/20260306101249.894251_KR_webconnectivity_4d1e3a0f4eb52b4b
http://www.unescap.org/,ok,https://explorer.ooni.org/m/20260306101251.380598_KR_webconnectivity_bb393d28939e27fd
http://www.asiantribune.com/,dns,https://explorer.ooni.org/m/20260306101252.779551_KR_webconnectivity_8d78e30545475acf
http://www.globalgayz.com/,ok,https://explorer.ooni.org/m/20260306101257.175806_KR_webconnectivity_1332c8cda9545171
http://www.thaichix.com/,dns,https://explorer.ooni.org/m/20260306101258.253554_KR_webconnectivity_4cc74c52e8fda688
http://www.secularislam.org/,ok,https://explorer.ooni.org/m/20260306101302.493533_KR_webconnectivity_092f2d2074110e6e
https://en.wiktionary.org/,ok,https://explorer.ooni.org/m/20260306101306.876843_KR_webconnectivity_fcab7f8922aac603
ok,dns,tcp_ip,http-diff,http-failure,confirmed,error,no_data,http(legacy)
1533,558,34,2,23,24,47,0,0
2221/2221 (expected)
