https://twitter.com/,ok,https://explorer.ooni.org/m/20260320052605.553255_KR_webconnectivity_ca715eb32a2533ed
https://www.facebook.com/,ok,https://explorer.ooni.org/m/20260320052624.276964_KR_webconnectivity_0c873b6150fd4ce0
https://www.instagram.com/,ok,https://explorer.ooni.org/m/20260320052638.925360_KR_webconnectivity_dd0d7897a4f7b47a
https://www.youtube.com/,ok,https://explorer.ooni.org/m/20260320052706.618757_KR_webconnectivity_5c05553eb4628b13
https://www.tiktok.com/,ok,https://explorer.ooni.org/m/20260320052714.430432_KR_webconnectivity_49d274ea3744b15b
https://x.com/,ok,https://explorer.ooni.org/m/20260320052736.807790_KR_webconnectivity_cf923b9642873f81
https://safeabortionpills.org/,http-failure,https://explorer.ooni.org/m/20260320052739.306699_KR_webconnectivity_b3a8ed5733ec2832
https://discord.com/,ok,https://explorer.ooni.org/m/20260320052758.278409_KR_webconnectivity_756bba75ea503a7e
https://www.reddit.com/,dns,https://explorer.ooni.org/m/20260320052759.827647_KR_webconnectivity_60ec3ca9cb77c83f
https://fronterafundrgv.org/,dns,https://explorer.ooni.org/m/20260320052803.918629_KR_webconnectivity_3d4614ee8ca8a3f3
http://fteproxy.org/,dns,https://explorer.ooni.org/m/20260320052806.574520_KR_webconnectivity_d9c20924a5a1c8ff
https://ftp.fau.de/fdroid/repo,ok,https://explorer.ooni.org/m/20260320052812.115395_KR_webconnectivity_546228cc04a2c81f
https://fundtexaschoice.org/,ok,https://explorer.ooni.org/m/20260320052829.938462_KR_webconnectivity_ef81ec4266163791
https://gaymenshealth.org/,ok,https://explorer.ooni.org/m/20260320052850.822702_KR_webconnectivity_d4cc2dcf5d84f306
http://gaytoday.com/,dns,https://explorer.ooni.org/m/20260320052854.253416_KR_webconnectivity_1c3e1fb01d0be3d0
https://genderandaids.unwomen.org/,ok,https://explorer.ooni.org/m/20260320052859.755673_KR_webconnectivity_72bee7a326d2e026
https://genderdysphoria.fyi/,dns,https://explorer.ooni.org/m/20260320052900.951815_KR_webconnectivity_edb2c390523d5a61
https://geti2p.net/,dns,https://explorer.ooni.org/m/20260320052902.480643_KR_webconnectivity_7b51a6d29cf51250
https://getintra.org/,ok,https://explorer.ooni.org/m/20260320052908.693417_KR_webconnectivity_f49a03a5c08e946d
https://getlantern.org/,dns,https://explorer.ooni.org/m/20260320052909.858674_KR_webconnectivity_f94f398ab45ae155
https://getoutline.org/,ok,https://explorer.ooni.org/m/20260320052914.185304_KR_webconnectivity_b8bbd46180ce1679
https://gijn.org/,ok,https://explorer.ooni.org/m/20260320052917.223777_KR_webconnectivity_2db7e9ca5a24b592
https://globalpressjournal.com/,ok,https://explorer.ooni.org/m/20260320052923.073451_KR_webconnectivity_886b1188bfc90e2a
https://globalvoices.org/,error,https://explorer.ooni.org/m/20260320052930.317981_KR_webconnectivity_0dabffecdb280325
http://gnu.rep.kp/,dns,https://explorer.ooni.org/m/20260320052935.347894_KR_webconnectivity_99af070f1ec81b9c
http://go.jinbo.net/,ok,https://explorer.ooni.org/m/20260320052943.730740_KR_webconnectivity_15d2b977f2264b05
https://googleweblight.com/i?u=https%3A%2F%2Fexample.com%2F,dns,https://explorer.ooni.org/m/20260320052944.931542_KR_webconnectivity_84ec28905d69790e
https://gpgtools.org/,ok,https://explorer.ooni.org/m/20260320052951.344985_KR_webconnectivity_13a6bad42996e933
https://grindr.mobi/,ok,https://explorer.ooni.org/m/20260320052956.266141_KR_webconnectivity_c1f967c6b3e69c1a
https://guardianproject.info/,ok,https://explorer.ooni.org/m/20260320053002.382712_KR_webconnectivity_d1c84a8227a1cbe3
http://guardster.com/,dns,https://explorer.ooni.org/m/20260320053003.962205_KR_webconnectivity_b31e5611dd5df251
https://hackerspaces.org/,ok,https://explorer.ooni.org/m/20260320053008.830685_KR_webconnectivity_f9cf8f79721a6466
http://hbyd.org/,ok,https://explorer.ooni.org/m/20260320053031.886180_KR_webconnectivity_8441b497aeb6c59a
http://hcy.jinbo.net/,ok,https://explorer.ooni.org/m/20260320053034.953569_KR_webconnectivity_db3f43e6132a3ecc
https://help.unhcr.org/,ok,https://explorer.ooni.org/m/20260320053046.590165_KR_webconnectivity_0b490976f5834d40
https://hide.me/,dns,https://explorer.ooni.org/m/20260320053048.785597_KR_webconnectivity_7b70c613c69b7522
http://historyedu.or.kr/,ok,https://explorer.ooni.org/m/20260320053116.745181_KR_webconnectivity_963465ab7c47b3f2
http://hksh.koreanhistory.or.kr/,ok,https://explorer.ooni.org/m/20260320053118.329318_KR_webconnectivity_d77f6bfca2a79f5f
https://hola.org/,dns,https://explorer.ooni.org/m/20260320053120.097535_KR_webconnectivity_d923528e7261350b
https://hornet.com/,dns,https://explorer.ooni.org/m/20260320053121.547532_KR_webconnectivity_2147e1d8b7bee3ab
http://hotzone.yahoo.com/,ok,https://explorer.ooni.org/m/20260320053127.896245_KR_webconnectivity_bcf3adacce875a23
http://hrights.or.kr/,ok,https://explorer.ooni.org/m/20260320053150.012312_KR_webconnectivity_e226344fbbd67a7f
http://hrlibrary.umn.edu/iwraw/,ok,https://explorer.ooni.org/m/20260320053157.634030_KR_webconnectivity_fca4d4953f5d1080
http://hrnet.jinbo.net/,ok,https://explorer.ooni.org/m/20260320053202.371265_KR_webconnectivity_44a4b3b7ccf5d03a
http://humanmed.org/,dns,https://explorer.ooni.org/m/20260320053208.371138_KR_webconnectivity_3a8be22f15159231
https://i.gr-assets.com/robots.txt,ok,https://explorer.ooni.org/m/20260320053212.644289_KR_webconnectivity_6db70d7d6ea94d35
https://i2p2.de/,error,https://explorer.ooni.org/m/20260320053216.349233_KR_webconnectivity_b5654cc7e23333ff
https://i2pd.website/,dns,https://explorer.ooni.org/m/20260320053218.174485_KR_webconnectivity_f2eb68b45314cca9
https://i2pforum.net/,ok,https://explorer.ooni.org/m/20260320053229.244435_KR_webconnectivity_9fb9749273aff62f
https://i2pgit.org/,ok,https://explorer.ooni.org/m/20260320053235.417381_KR_webconnectivity_ab46eafc48c992ad
https://ifeminists.com/,ok,https://explorer.ooni.org/m/20260320053256.323927_KR_webconnectivity_1c98069c9dd2ae7d
https://ij.org/,ok,https://explorer.ooni.org/m/20260320053311.347886_KR_webconnectivity_79eee79aad30260f
http://ijunnong.net/,ok,https://explorer.ooni.org/m/20260320053321.808492_KR_webconnectivity_0351ab0a7c9d7da6
https://ikhwanonline.com/,ok,https://explorer.ooni.org/m/20260320053332.519219_KR_webconnectivity_fbabd7e166663a77
https://ilga.org/,ok,https://explorer.ooni.org/m/20260320053350.030888_KR_webconnectivity_29c9e1cfa2268640
http://impeter.tistory.com/,ok,https://explorer.ooni.org/m/20260320053353.627798_KR_webconnectivity_9237a3e3a6d1a19e
https://indymedia.org/,ok,https://explorer.ooni.org/m/20260320053358.348497_KR_webconnectivity_638a116ba15c34f5
https://infidels.org/,ok,https://explorer.ooni.org/m/20260320053408.252775_KR_webconnectivity_86bd6e30095fea1d
http://instinctmagazine.com/,ok,https://explorer.ooni.org/m/20260320053426.950885_KR_webconnectivity_e26d241fcd9f5b9f
https://int.soccerway.com/,http-failure,https://explorer.ooni.org/m/20260320053430.577148_KR_webconnectivity_c07de1de1c49f9e3
https://intelligence.weforum.org/,ok,https://explorer.ooni.org/m/20260320053437.046968_KR_webconnectivity_542837e263447937
http://inter.kdlp.org/,ok,https://explorer.ooni.org/m/20260320053437.956691_KR_webconnectivity_5547bb007c569b35
https://internationalfamilyequalityday.org/,ok,https://explorer.ooni.org/m/20260320053455.758286_KR_webconnectivity_7f7bcf0a54ea7102
https://ipi.media/,ok,https://explorer.ooni.org/m/20260320053508.415094_KR_webconnectivity_d4857cf3d101346b
https://isa.gov.ly/,ok,https://explorer.ooni.org/m/20260320053512.674192_KR_webconnectivity_ed5ef36bfde7b09f
https://it.wikipedia.org/,ok,https://explorer.ooni.org/m/20260320053534.778713_KR_webconnectivity_b26c591e66732a53
https://itgetsbetter.org/,ok,https://explorer.ooni.org/m/20260320053550.771364_KR_webconnectivity_8c24f507782a58ca
http://ivancity.com/,dns,https://explorer.ooni.org/m/20260320053554.495628_KR_webconnectivity_c95657438c33ab8d
https://iyfglobal.org/,ok,https://explorer.ooni.org/m/20260320053559.224793_KR_webconnectivity_a24ddc4cecce4ec4
https://ja.wikipedia.org/,ok,https://explorer.ooni.org/m/20260320053618.724527_KR_webconnectivity_e6befb4a3c91127c
https://janesdueprocess.org/,dns,https://explorer.ooni.org/m/20260320053620.567116_KR_webconnectivity_e2db6b678d34b2dc
https://jezebel.com/,ok,https://explorer.ooni.org/m/20260320053633.142299_KR_webconnectivity_ffc42fc120c6078f
http://joins.com/,ok,https://explorer.ooni.org/m/20260320053650.335797_KR_webconnectivity_6c2201fb2da61b89
http://joongang.joins.com/,ok,https://explorer.ooni.org/m/20260320053654.752858_KR_webconnectivity_36c7a7ea6d878b3d
http://joongangdaily.joins.com/,ok,https://explorer.ooni.org/m/20260320053723.835499_KR_webconnectivity_086711b22af94a23
http://jtbc.joins.com/,ok,https://explorer.ooni.org/m/20260320053751.804062_KR_webconnectivity_af8a035515515a3d
https://justassociates.org/,ok,https://explorer.ooni.org/m/20260320053815.457786_KR_webconnectivity_cc1f9d0f49e16e40
http://justicewomen.com/,ok,https://explorer.ooni.org/m/20260320053818.214871_KR_webconnectivity_f2f12f2810ca9702
https://justthepill.com/,dns,https://explorer.ooni.org/m/20260320053819.182985_KR_webconnectivity_cfeb2fdd53dd1dba
https://kaleidoscopetrust.com/,ok,https://explorer.ooni.org/m/20260320053829.820250_KR_webconnectivity_28fd73e379e01c1a
http://kancc.org/,dns,https://explorer.ooni.org/m/20260320053845.735397_KR_webconnectivity_76075d0037a23f4d
http://kass.org.kp/,dns,https://explorer.ooni.org/m/20260320053902.349736_KR_webconnectivity_47a69002c9a084d0
https://kat.am/,dns,https://explorer.ooni.org/m/20260320053903.724949_KR_webconnectivity_7fe29572fa886baf
http://kcnawatch.co/,confirmed,https://explorer.ooni.org/m/20260320053905.862058_KR_webconnectivity_6fb1a1e5d5a94ac0
https://katcr.to/,dns,https://explorer.ooni.org/m/20260320053904.509856_KR_webconnectivity_31aeab976d074b10
https://keys.openpgp.org/,ok,https://explorer.ooni.org/m/20260320053909.507363_KR_webconnectivity_6439308d86f8bcf6
http://kfcitu.org/,ok,https://explorer.ooni.org/m/20260320053912.601305_KR_webconnectivity_baff89caf0809096
http://khilafah.net/,ok,https://explorer.ooni.org/m/20260320053930.455045_KR_webconnectivity_685e58dbe201630e
http://kicc-dprk.org/,confirmed,https://explorer.ooni.org/m/20260320053933.469249_KR_webconnectivity_de7810f7a255992b
https://kickasstorrents.to/,dns,https://explorer.ooni.org/m/20260320053934.713013_KR_webconnectivity_1bf69d2f4f1afd52
http://kieu.or.kr/,ok,https://explorer.ooni.org/m/20260320053941.387655_KR_webconnectivity_524fcd560e37cc83
http://kiyctc.com.kp/,dns,https://explorer.ooni.org/m/20260320053946.115050_KR_webconnectivity_784f3b037e7865a8
http://ko.internationalism.org/,ok,https://explorer.ooni.org/m/20260320054004.223714_KR_webconnectivity_87699fc17e267c67
https://ko.wiktionary.org/,ok,https://explorer.ooni.org/m/20260320054019.870922_KR_webconnectivity_e4de8b7f89d934d6
http://koreapinkmap.com/,http-failure,https://explorer.ooni.org/m/20260320054024.203427_KR_webconnectivity_1bab6d9029ed9048
http://korelcfund.org.kp/,dns,https://explorer.ooni.org/m/20260320054028.809300_KR_webconnectivity_15cee08b82974b49
http://korfilm.com.kp/,dns,https://explorer.ooni.org/m/20260320054045.085141_KR_webconnectivity_46025b028e9aea51
http://kremlin.ru/,ok,https://explorer.ooni.org/m/20260320054127.262262_KR_webconnectivity_66242bc2a3b51c6b
http://kscrc.org/,ok,https://explorer.ooni.org/m/20260320054131.010457_KR_webconnectivity_a43d6e5d3d2b4d30
http://ktu.or.kr/,tcp_ip,https://explorer.ooni.org/m/20260320054218.757566_KR_webconnectivity_929a828e91871970
https://laborrights.org/,ok,https://explorer.ooni.org/m/20260320054231.395278_KR_webconnectivity_8b4929fa4d8f3ee2
https://lalgbtcenter.org/,ok,https://explorer.ooni.org/m/20260320054235.035808_KR_webconnectivity_c340fa41f1a154c1
http://lambdalegal.org/,ok,https://explorer.ooni.org/m/20260320054251.623595_KR_webconnectivity_c5394aac7a160d40
https://lantern.io/,dns,https://explorer.ooni.org/m/20260320054253.022763_KR_webconnectivity_9d3c4bae8f72bd88
https://leap.se/,dns,https://explorer.ooni.org/m/20260320054254.982522_KR_webconnectivity_eb21e5e0c8b5505b
http://leftworkers.org/,ok,https://explorer.ooni.org/m/20260320054259.018493_KR_webconnectivity_3ac8c339c668f74d
https://lgbt.foundation/,ok,https://explorer.ooni.org/m/20260320054313.315277_KR_webconnectivity_55862ef2ad3ee0c0
http://lgbt.kdlp.org/,ok,https://explorer.ooni.org/m/20260320054315.586935_KR_webconnectivity_b025f9f4e01e098a
http://lgbtact.org/,dns,https://explorer.ooni.org/m/20260320054332.481813_KR_webconnectivity_8b217afdb7b69c28
https://lgbtnewsnow.org/,http-failure,https://explorer.ooni.org/m/20260320054337.398647_KR_webconnectivity_d5713a91e30473ae
https://lgbtqia.space/,ok,https://explorer.ooni.org/m/20260320054346.318959_KR_webconnectivity_1c14b042ca91140f
https://lgbtvacationplanners.com/,error,https://explorer.ooni.org/m/20260320054349.374583_KR_webconnectivity_ff0df7811a666901
https://libgen.fun/,error,https://explorer.ooni.org/m/20260320054352.750421_KR_webconnectivity_4b5a968537fd5e0d
http://libgen.gs/,ok,https://explorer.ooni.org/m/20260320054354.343184_KR_webconnectivity_ccce7b54a92650fd
https://libgen.is/,dns,https://explorer.ooni.org/m/20260320054410.883217_KR_webconnectivity_60c869cc8fe0caa7
http://libgen.lc/,ok,https://explorer.ooni.org/m/20260320054415.486400_KR_webconnectivity_5a50b26fbc30df87
http://libgen.li/,dns,https://explorer.ooni.org/m/20260320054419.836742_KR_webconnectivity_62cd744aa9e8bc2b
https://libgen.life/,tcp_ip,https://explorer.ooni.org/m/20260320054506.286520_KR_webconnectivity_9abaf08f94c11a63
https://libgen.me/,error,https://explorer.ooni.org/m/20260320054508.973871_KR_webconnectivity_bfb1eef1bd6f4527
http://libgen.rs/,dns,https://explorer.ooni.org/m/20260320054524.651229_KR_webconnectivity_5eee660894a3f5f0
https://libgen.space/,error,https://explorer.ooni.org/m/20260320054527.394345_KR_webconnectivity_af0224d72af9d086
http://libgen.st/,tcp_ip,https://explorer.ooni.org/m/20260320054558.713537_KR_webconnectivity_d762ec73c5b26b39
https://libgen.xyz/,dns,https://explorer.ooni.org/m/20260320054559.755200_KR_webconnectivity_bad4d0933d0dbc0a
https://limetorrents.pro/,dns,https://explorer.ooni.org/m/20260320054601.556717_KR_webconnectivity_43afcef3b1d9c38f
https://liveuamap.com/,ok,https://explorer.ooni.org/m/20260320054616.896337_KR_webconnectivity_fafae8f250832fbc
https://login.infomaniak.com/,ok,https://explorer.ooni.org/m/20260320054624.675107_KR_webconnectivity_0800e7f044ca7153
https://login.tailscale.com/,ok,https://explorer.ooni.org/m/20260320054642.035004_KR_webconnectivity_3a9c8bf8b44aa717
https://lokinet.org/,ok,https://explorer.ooni.org/m/20260320054648.786241_KR_webconnectivity_0a9863b4032e0813
http://ma.gov.kp/,dns,https://explorer.ooni.org/m/20260320054653.699482_KR_webconnectivity_447ff09ff21be971
https://makeamazonpay.com/,ok,https://explorer.ooni.org/m/20260320054711.844185_KR_webconnectivity_dd4e2989fd06f467
https://mashable.com/,ok,https://explorer.ooni.org/m/20260320054727.812309_KR_webconnectivity_75c4033b54e0e989
https://mask-api.icloud.com/,ok,https://explorer.ooni.org/m/20260320054733.958767_KR_webconnectivity_765973e55866a6c8
https://mask-h2.icloud.com/,error,https://explorer.ooni.org/m/20260320054747.460806_KR_webconnectivity_408330b0238904f8
https://mask.icloud.com/,error,https://explorer.ooni.org/m/20260320054754.826602_KR_webconnectivity_22212f7ea2292b94
https://massbrowser.cs.umass.edu/,ok,https://explorer.ooni.org/m/20260320054759.740071_KR_webconnectivity_b859e59bc696b7fd
http://media.daum.net/,ok,https://explorer.ooni.org/m/20260320054822.602433_KR_webconnectivity_a6df81ab78f7d544
http://media.nodong.org/,ok,https://explorer.ooni.org/m/20260320054833.542846_KR_webconnectivity_f4dfd317453ace35
https://mega.io/,dns,https://explorer.ooni.org/m/20260320054834.940020_KR_webconnectivity_0ad297e4d355ea06
https://mega.nz/,ok,https://explorer.ooni.org/m/20260320054840.604474_KR_webconnectivity_a4b8130e6fc8b8a7
http://members.tripod.com/~INDIA_RESOURCE/savoice.html,dns,https://explorer.ooni.org/m/20260320054846.475252_KR_webconnectivity_5c51d33f195746af
https://messagevortex.net/,ok,https://explorer.ooni.org/m/20260320054851.350301_KR_webconnectivity_adf22921c57bb787
https://microsoftedge.microsoft.com/,dns,https://explorer.ooni.org/m/20260320054852.570648_KR_webconnectivity_baf9d0bcf9c57726
https://microsoftedge.microsoft.com/addons/Microsoft-Edge-Extensions-Home,dns,https://explorer.ooni.org/m/20260320054854.768543_KR_webconnectivity_08a1d77c786a7fef
http://migrant.nodong.net/,ok,https://explorer.ooni.org/m/20260320054903.348046_KR_webconnectivity_c583151b8a0ea80d
http://minbyun.jinbo.net/,ok,https://explorer.ooni.org/m/20260320054920.236709_KR_webconnectivity_afee7eecd1cee20e
https://minorityrights.org/,ok,https://explorer.ooni.org/m/20260320054925.149142_KR_webconnectivity_1dbc5765daba5439
https://mirror.cyberbits.eu/fdroid/repo,ok,https://explorer.ooni.org/m/20260320054929.831926_KR_webconnectivity_8e4e15f68d6776b4
https://moscow.rtrs.ru/,ok,https://explorer.ooni.org/m/20260320054949.423246_KR_webconnectivity_5d0614e9e40ba91f
https://mullvad.net/,dns,https://explorer.ooni.org/m/20260320054950.368243_KR_webconnectivity_e71058268d6d7dbb
https://multiproxy.org/,dns,https://explorer.ooni.org/m/20260320054955.868594_KR_webconnectivity_e4770d5ba83b0b99
https://mymemory.translated.net/,ok,https://explorer.ooni.org/m/20260320055013.989194_KR_webconnectivity_5bff9e374035165d
http://naenara.com/,ok,https://explorer.ooni.org/m/20260320055019.335495_KR_webconnectivity_994425f62aeb0942
http://naenara.com.kp/,dns,https://explorer.ooni.org/m/20260320055022.629794_KR_webconnectivity_0644a85f9396b5ae
http://napo.jinbo.net/,ok,https://explorer.ooni.org/m/20260320055025.065480_KR_webconnectivity_ec0e69c89a8c3118
https://ncac.org/,ok,https://explorer.ooni.org/m/20260320055033.879361_KR_webconnectivity_e51c523edae2b209
https://neilalexander.s3.dualstack.eu-west-2.amazonaws.com/deb/key.txt,ok,https://explorer.ooni.org/m/20260320055045.030419_KR_webconnectivity_6669841d88ce92d9
https://newalbumreleases.net/,dns,https://explorer.ooni.org/m/20260320055051.185316_KR_webconnectivity_f4011f6b6e6e9a3f
http://news.bbc.co.uk/2/hi/asia-pacific/,ok,https://explorer.ooni.org/m/20260320055103.454229_KR_webconnectivity_60d4c1e31fe672f3
https://news.google.com/,ok,https://explorer.ooni.org/m/20260320055120.981717_KR_webconnectivity_bf6070d61f25affa
http://news.naver.com/,ok,https://explorer.ooni.org/m/20260320055136.514267_KR_webconnectivity_8eeb70f13938c6e4
http://newstapa.org/,ok,https://explorer.ooni.org/m/20260320055154.452994_KR_webconnectivity_125fb1469dced562
http://nkhumanrights.or.kr/,ok,https://explorer.ooni.org/m/20260320055156.959116_KR_webconnectivity_6d1c2149c1fb68db
http://nocensor.org/,ok,https://explorer.ooni.org/m/20260320055159.420909_KR_webconnectivity_e9230ab87b8547b8
http://nodong.org/,ok,https://explorer.ooni.org/m/20260320055218.113560_KR_webconnectivity_51e6178867fc290d
http://nodongsarang.org/,ok,https://explorer.ooni.org/m/20260320055219.337301_KR_webconnectivity_bf7becd8e6c5691c
http://noneis.jinbo.net/,ok,https://explorer.ooni.org/m/20260320055226.531899_KR_webconnectivity_6ece4e5b71dad158
https://nordvpn.com/,ok,https://explorer.ooni.org/m/20260320055234.195485_KR_webconnectivity_7b259296f546d27b
http://northkoreatech.org/,ok,https://explorer.ooni.org/m/20260320055237.151760_KR_webconnectivity_6073c9ced535f002
https://notesnook.com/,ok,https://explorer.ooni.org/m/20260320055251.329882_KR_webconnectivity_33a970aa2ea0d988
https://now.org/,ok,https://explorer.ooni.org/m/20260320055305.117476_KR_webconnectivity_73b972a1f951bf24
https://nsw2u.com/,dns,https://explorer.ooni.org/m/20260320055306.507264_KR_webconnectivity_87b1dd65b7035876
https://numun.fund/,ok,https://explorer.ooni.org/m/20260320055326.737748_KR_webconnectivity_0a4e5853ed27eb68
https://nypost.com/,ok,https://explorer.ooni.org/m/20260320055342.292883_KR_webconnectivity_2fb4e2aece5a775e
http://onekorea.org/,ok,https://explorer.ooni.org/m/20260320055351.916419_KR_webconnectivity_767b49f40b520b10
https://onionshare.org/,ok,https://explorer.ooni.org/m/20260320055357.055331_KR_webconnectivity_2746ad418f09a7ed
https://ooni.org/,ok,https://explorer.ooni.org/m/20260320055400.101223_KR_webconnectivity_c3ed180548a41041
https://ooni.torproject.org/,dns,https://explorer.ooni.org/m/20260320055402.057901_KR_webconnectivity_304993b4c1de2b11
https://opennet.net/,ok,https://explorer.ooni.org/m/20260320055408.688142_KR_webconnectivity_6e4837605e448621
http://opennet.or.kr/,ok,https://explorer.ooni.org/m/20260320055427.134119_KR_webconnectivity_932a10801739c324
https://openverse.org/,ok,https://explorer.ooni.org/m/20260320055434.167632_KR_webconnectivity_9ef88dc25edbe9ae
https://openvpn.net/,dns,https://explorer.ooni.org/m/20260320055437.567378_KR_webconnectivity_6bda9879629ad07d
https://orbot.app/,ok,https://explorer.ooni.org/m/20260320055441.523593_KR_webconnectivity_61e3a5dbc1ab086e
http://osaka.korea-htr.com/,ok,https://explorer.ooni.org/m/20260320055442.793050_KR_webconnectivity_f335087ca12fdf8a
https://otr.cypherpunks.ca/,ok,https://explorer.ooni.org/m/20260320055449.250403_KR_webconnectivity_e22c721a156a4f30
https://ourworldindata.org/,ok,https://explorer.ooni.org/m/20260320055500.258211_KR_webconnectivity_5e6b4fad2c87455f
http://outpridekorea.com/,dns,https://explorer.ooni.org/m/20260320055516.581563_KR_webconnectivity_c184c767fa00f975
https://outrightinternational.org/,ok,https://explorer.ooni.org/m/20260320055533.133875_KR_webconnectivity_03522a89c310452c
http://peacekorea.org/,ok,https://explorer.ooni.org/m/20260320055540.814211_KR_webconnectivity_dba13564000c1973
https://pflag.org/,dns,https://explorer.ooni.org/m/20260320055543.345068_KR_webconnectivity_7e242afc9e648948
https://pirateparty.org.au/,ok,https://explorer.ooni.org/m/20260320055547.873094_KR_webconnectivity_91ac85070e3ea7f1
https://plug-mirror.rcac.purdue.edu/fdroid/repo,ok,https://explorer.ooni.org/m/20260320055554.311642_KR_webconnectivity_fd1b9a66970f07bb
http://poor.jinbo.net/,ok,https://explorer.ooni.org/m/20260320055559.939949_KR_webconnectivity_7c54aa48aacc933c
http://ppss.kr/,ok,https://explorer.ooni.org/m/20260320055613.988064_KR_webconnectivity_95c4a9cf2d551f3d
https://pridesource.com/,ok,https://explorer.ooni.org/m/20260320055629.062607_KR_webconnectivity_6d49504ef6694bf5
https://prism-break.org/,ok,https://explorer.ooni.org/m/20260320055632.543468_KR_webconnectivity_631a9d421b4bfd5a
https://privatevpn.com/,dns,https://explorer.ooni.org/m/20260320055634.324662_KR_webconnectivity_5e601ffd524a236d
https://proton.me/,ok,https://explorer.ooni.org/m/20260320055654.467063_KR_webconnectivity_9a334d3e7579ceec
https://protonvpn.com/,http-failure,https://explorer.ooni.org/m/20260320055716.900689_KR_webconnectivity_35feeda3d24be882
https://proxify.com/,dns,https://explorer.ooni.org/m/20260320055723.769178_KR_webconnectivity_39734b7d857d3e6e
https://proxy.i2phides.me/,dns,https://explorer.ooni.org/m/20260320055725.005599_KR_webconnectivity_28a854e3186d4b5e
http://proxy.org/,dns,https://explorer.ooni.org/m/20260320055741.229980_KR_webconnectivity_52b5a8db25aeb82f
http://proxytools.sourceforge.net/,ok,https://explorer.ooni.org/m/20260320055744.955926_KR_webconnectivity_c2986a40bf536799
https://psiphon.ca/,dns,https://explorer.ooni.org/m/20260320055746.226030_KR_webconnectivity_1f42b5768c06aba9
http://pssp.org/,ok,https://explorer.ooni.org/m/20260320055754.744249_KR_webconnectivity_6d4b05bcc8845ec6
https://pt.m.wikipedia.org/,ok,https://explorer.ooni.org/m/20260320055812.011521_KR_webconnectivity_a059a9c8d45ec29c
https://pulse.internetsociety.org/,ok,https://explorer.ooni.org/m/20260320055821.526618_KR_webconnectivity_728b185890a29719
https://put.io/,ok,https://explorer.ooni.org/m/20260320055837.474675_KR_webconnectivity_758f22a117b5f833
https://queernet-rlp.de/,ok,https://explorer.ooni.org/m/20260320055858.057388_KR_webconnectivity_91933b714f8bc989
https://radiofreel.github.io/,ok,https://explorer.ooni.org/m/20260320055905.715849_KR_webconnectivity_3f4c3657ee69d641
https://radiofreel.gitlab.io/,ok,https://explorer.ooni.org/m/20260320055916.784479_KR_webconnectivity_a1460a5565f43c9c
https://radiofreetexas.com/,ok,https://explorer.ooni.org/m/20260320055932.233639_KR_webconnectivity_7d730958a1450dff
https://rapidgator.net/,dns,https://explorer.ooni.org/m/20260320055933.624619_KR_webconnectivity_f238b749a91c0e48
https://rargb.to/,dns,https://explorer.ooni.org/m/20260320055935.217853_KR_webconnectivity_d1e7418cbee214f7
https://reclaimthenet.org/,ok,https://explorer.ooni.org/m/20260320055950.276223_KR_webconnectivity_c744a76fb226c92a
https://reliefweb.int/,ok,https://explorer.ooni.org/m/20260320060009.942750_KR_webconnectivity_fbad98a173a162b6
https://remailer.paranoici.org/,ok,https://explorer.ooni.org/m/20260320060016.614155_KR_webconnectivity_3a1ce1218e18d177
https://ren.tv/,ok,https://explorer.ooni.org/m/20260320060035.668305_KR_webconnectivity_6d590cbd3e4ba2a6
https://reproductiverights.org/,ok,https://explorer.ooni.org/m/20260320060050.231530_KR_webconnectivity_58a45a204922bdb8
https://resurj.org/,dns,https://explorer.ooni.org/m/20260320060055.745536_KR_webconnectivity_760781b018596fe2
https://ria.ru/,ok,https://explorer.ooni.org/m/20260320060111.397783_KR_webconnectivity_a16bfc456285ccc1
https://riseup.net/,dns,https://explorer.ooni.org/m/20260320060113.520694_KR_webconnectivity_fb5f5502c07a3979
http://rodong.rep.kp/,dns,https://explorer.ooni.org/m/20260320060135.649994_KR_webconnectivity_d6b2c9d677bfa0b1
https://rsf.org/,ok,https://explorer.ooni.org/m/20260320060153.124413_KR_webconnectivity_a9e9a16311f1ed0a
https://rtr-planeta.com/,ok,https://explorer.ooni.org/m/20260320060159.645676_KR_webconnectivity_f053659b746ffbcd
https://ru.wikipedia.org/,ok,https://explorer.ooni.org/m/20260320060216.440487_KR_webconnectivity_a5c8daa7306bcaf5
http://russia.tv/,dns,https://explorer.ooni.org/m/20260320060232.529963_KR_webconnectivity_d98767fb7bc3bd0b
https://s.gr-assets.com/robots.txt,ok,https://explorer.ooni.org/m/20260320060239.776549_KR_webconnectivity_bd95bed745e3d327
http://sadd.or.kr/,ok,https://explorer.ooni.org/m/20260320060255.819487_KR_webconnectivity_a37ae9d28f23788f
https://safeabortionpill.org/,ok,https://explorer.ooni.org/m/20260320060259.915643_KR_webconnectivity_1cdcc05fa11f9acd
https://safeabortionpills.com/,ok,https://explorer.ooni.org/m/20260320060308.777476_KR_webconnectivity_1bfc5328accb1e15
https://safervpn.com/,dns,https://explorer.ooni.org/m/20260320060309.679531_KR_webconnectivity_df879e24ddb3c151
http://samugol.net/,ok,https://explorer.ooni.org/m/20260320060324.718350_KR_webconnectivity_b3ec0fbeab3c95ee
https://sandbox.cryptpad.info/,ok,https://explorer.ooni.org/m/20260320060328.376579_KR_webconnectivity_ed06f08ec1e9edac
https://savefrom.net/,dns,https://explorer.ooni.org/m/20260320060331.582484_KR_webconnectivity_30b4bc5c64577616
https://sci-hub.se/,dns,https://explorer.ooni.org/m/20260320060332.814040_KR_webconnectivity_21dd35cdb4a823c2
http://sdprk.org.kp/,dns,https://explorer.ooni.org/m/20260320060336.336998_KR_webconnectivity_351519177e196894
https://sea-watch.org/,ok,https://explorer.ooni.org/m/20260320060357.573641_KR_webconnectivity_5f2264a05544d3db
http://seapa.wordpress.com/,ok,https://explorer.ooni.org/m/20260320060412.358351_KR_webconnectivity_19648dc5939cf32c
https://secfirst.org/,error,https://explorer.ooni.org/m/20260320060415.472273_KR_webconnectivity_e246d79ed1379869
https://secure.avaaz.org/,ok,https://explorer.ooni.org/m/20260320060427.466805_KR_webconnectivity_eaed773cf7b142f4
https://securevpn.com/,dns,https://explorer.ooni.org/m/20260320060429.274068_KR_webconnectivity_afc72e2daac83fd6
https://securevpn.im/,dns,https://explorer.ooni.org/m/20260320060431.075072_KR_webconnectivity_398771c15669ff2e
http://seoul.nodong.org/,ok,https://explorer.ooni.org/m/20260320060435.779279_KR_webconnectivity_a98bee88ef01a6af
http://service.nodong.org/,ok,https://explorer.ooni.org/m/20260320060450.169450_KR_webconnectivity_a0d9afd74818a8c3
http://sewolho416.org/,ok,https://explorer.ooni.org/m/20260320060455.903170_KR_webconnectivity_b82798a6cc2f79d5
http://sfkuk.freeservers.com/,ok,https://explorer.ooni.org/m/20260320060510.418572_KR_webconnectivity_9eefa56a9a7ff9d6
https://shadowsocks.org/,dns,https://explorer.ooni.org/m/20260320060511.753727_KR_webconnectivity_b277d2ef76b9afca
https://signal.org/,ok,https://explorer.ooni.org/m/20260320060516.812583_KR_webconnectivity_1edb99b0f9e3dedb
http://simfile.uplusbox.co.kr/,dns,https://explorer.ooni.org/m/20260320060533.683585_KR_webconnectivity_a6ddf0a77e607b2f
https://simple.wikipedia.org/,ok,https://explorer.ooni.org/m/20260320060550.056587_KR_webconnectivity_e3719ec79ae53e8e
https://skiff.com/,ok,https://explorer.ooni.org/m/20260320060606.343042_KR_webconnectivity_68740dd889d8d6b0
https://slashdot.org/,ok,https://explorer.ooni.org/m/20260320060622.890329_KR_webconnectivity_8d73acf5a8bc959b
https://slate.com/,ok,https://explorer.ooni.org/m/20260320060638.539143_KR_webconnectivity_aa497160544a4be3
http://slownews.kr/,ok,https://explorer.ooni.org/m/20260320060650.447399_KR_webconnectivity_19a594a02567dc12
https://smotrim.ru/,ok,https://explorer.ooni.org/m/20260320060717.197309_KR_webconnectivity_9c5d9eacb4da3cd7
http://software.naver.com/,ok,https://explorer.ooni.org/m/20260320060717.951545_KR_webconnectivity_09de6457e353b590
https://soundcloud.com/,ok,https://explorer.ooni.org/m/20260320060728.763556_KR_webconnectivity_8b2a7d1bf939d51c
https://sourceforge.net/,ok,https://explorer.ooni.org/m/20260320060738.488987_KR_webconnectivity_3b959cd1cba9b7d5
https://southfeministfutures.org/,ok,https://explorer.ooni.org/m/20260320060748.310550_KR_webconnectivity_2e98f00888c112cc
https://speedify.com/,dns,https://explorer.ooni.org/m/20260320060749.179958_KR_webconnectivity_7460539502c007f8
https://sputnikglobe.com/,dns,https://explorer.ooni.org/m/20260320060751.654400_KR_webconnectivity_69b75807b56885cf
https://sputniknews.cn/,ok,https://explorer.ooni.org/m/20260320060807.014431_KR_webconnectivity_1d109359d44e3f95
https://sputniknews.com/,http-failure,https://explorer.ooni.org/m/20260320060812.017242_KR_webconnectivity_c4b1f5f3f28770b2
https://spys.one/,dns,https://explorer.ooni.org/m/20260320060813.399018_KR_webconnectivity_c58350eb04764ae8
https://ssd.eff.org/,ok,https://explorer.ooni.org/m/20260320060825.143385_KR_webconnectivity_86ec462aa86e61d5
https://standardnotes.com/,ok,https://explorer.ooni.org/m/20260320060839.887498_KR_webconnectivity_e8d8a03c7d3c4986
https://strongvpn.com/,dns,https://explorer.ooni.org/m/20260320060845.760306_KR_webconnectivity_4c8cdab9abed65f5
https://subscene.com/,dns,https://explorer.ooni.org/m/20260320060847.595935_KR_webconnectivity_c5810f9dfa223e66
https://substack.com/,ok,https://explorer.ooni.org/m/20260320060856.180164_KR_webconnectivity_e4e02ab3c300a871
https://surfshark.com/,dns,https://explorer.ooni.org/m/20260320060859.911923_KR_webconnectivity_aea87a248f3fbaaf
http://surprise.or.kr/board/,ok,https://explorer.ooni.org/m/20260320060906.595116_KR_webconnectivity_f9e88965a0654778
https://tacticaltech.org/,ok,https://explorer.ooni.org/m/20260320060925.358391_KR_webconnectivity_7faeecdb6b73ab1a
https://tails.net/,ok,https://explorer.ooni.org/m/20260320060929.680708_KR_webconnectivity_fc8cedadb86d72a0
https://tdov.org/,ok,https://explorer.ooni.org/m/20260320060935.161294_KR_webconnectivity_8301ddfb617bb561
https://telegram.org/,dns,https://explorer.ooni.org/m/20260320060937.257090_KR_webconnectivity_ec3e0bebf9751630
https://thegailygrind.com/,dns,https://explorer.ooni.org/m/20260320060950.830590_KR_webconnectivity_e8f00d26ac62c8b1
https://theglobalobservatory.org/,ok,https://explorer.ooni.org/m/20260320061001.895075_KR_webconnectivity_806b4b040424e506
http://theimpeter.com/,error,https://explorer.ooni.org/m/20260320061027.074121_KR_webconnectivity_9fc73a5e00a3d90c
https://theintercept.com/,ok,https://explorer.ooni.org/m/20260320061044.275870_KR_webconnectivity_c8a6e010e4a1785f
https://theonion.com/,dns,https://explorer.ooni.org/m/20260320061046.190516_KR_webconnectivity_a11e7ab8a19c90de
https://thepiratebay.org/,dns,https://explorer.ooni.org/m/20260320061048.347725_KR_webconnectivity_4996e27031b4a466
https://threema.ch/,ok,https://explorer.ooni.org/m/20260320061103.977722_KR_webconnectivity_67779aca9b01d548
https://thunder.free-signal.com/,dns,https://explorer.ooni.org/m/20260320061105.844419_KR_webconnectivity_7e1a4034906238ea
https://timcast.com/,ok,https://explorer.ooni.org/m/20260320061120.625304_KR_webconnectivity_8326b99b89d73399
http://times.hankooki.com/,dns,https://explorer.ooni.org/m/20260320061123.839495_KR_webconnectivity_f67a2ef017aac4fd
https://timesofindia.indiatimes.com/,ok,https://explorer.ooni.org/m/20260320061144.309515_KR_webconnectivity_fe25d10f0b0232d3
http://tongil-i.net/,ok,https://explorer.ooni.org/m/20260320061145.147468_KR_webconnectivity_a1ff0b41070b8e43
https://tor.eff.org/,dns,https://explorer.ooni.org/m/20260320061147.562473_KR_webconnectivity_be54e92bc88a06ee
http://torrent82.com/,ok,https://explorer.ooni.org/m/20260320061150.304349_KR_webconnectivity_4b87e4cc041790a6
http://torrentdada.com/,dns,https://explorer.ooni.org/m/20260320061155.603180_KR_webconnectivity_a01a21a7fe0ed3db
http://torrenters.com/,dns,https://explorer.ooni.org/m/20260320061201.178515_KR_webconnectivity_f7df09784bd90267
http://torrentgogo.com/,dns,https://explorer.ooni.org/m/20260320061206.025761_KR_webconnectivity_10ead9e8e3dd31b5
http://torters.com/,dns,https://explorer.ooni.org/m/20260320061210.915465_KR_webconnectivity_3dd862d3e966abbf
https://transequality.org/,ok,https://explorer.ooni.org/m/20260320061225.426116_KR_webconnectivity_5247882e0e6327b5
https://transfemscience.org/,ok,https://explorer.ooni.org/m/20260320061229.647752_KR_webconnectivity_a6fafc500b1a83cf
http://transparency.or.kr/,ok,https://explorer.ooni.org/m/20260320061239.862685_KR_webconnectivity_ca84ea44fb77b373
http://transsexual.org/,dns,https://explorer.ooni.org/m/20260320061246.473262_KR_webconnectivity_9cb93ff0df67a742
https://triplebit.org/,dns,https://explorer.ooni.org/m/20260320061248.988233_KR_webconnectivity_5673a97f1775fc7d
https://trustvpn.me/,dns,https://explorer.ooni.org/m/20260320061251.203820_KR_webconnectivity_c344c22d5e5d07c5
http://twokoreas.blogspot.com/,ok,https://explorer.ooni.org/m/20260320061304.979298_KR_webconnectivity_c8abb764726d3b66
https://tyt.com/,ok,https://explorer.ooni.org/m/20260320061328.342618_KR_webconnectivity_760c5941b6508b48
https://uea.org/,tcp_ip,https://explorer.ooni.org/m/20260320061400.336158_KR_webconnectivity_6f78327ccd32eb2a
https://ultrasurf.us/,dns,https://explorer.ooni.org/m/20260320061406.414729_KR_webconnectivity_9b0f42a5b60c69b0
https://ultravpn.com/,dns,https://explorer.ooni.org/m/20260320061407.750663_KR_webconnectivity_de2329fbaddd91ac
https://unpo.org/,ok,https://explorer.ooni.org/m/20260320061424.850973_KR_webconnectivity_2394da98d99107e9
https://unredacted.org/,ok,https://explorer.ooni.org/m/20260320061441.459421_KR_webconnectivity_837af336d4a6109b
https://unwatch.org/,ok,https://explorer.ooni.org/m/20260320061507.932265_KR_webconnectivity_fe5425fa87d4e685
https://upload.wikimedia.org/wikipedia/commons/thumb/3/37/Generic_Camera_Icon.svg/100px-Generic_Camera_Icon.svg.png,ok,https://explorer.ooni.org/m/20260320061511.310272_KR_webconnectivity_326c578367424b62
https://urgentactionfund.org/,ok,https://explorer.ooni.org/m/20260320061536.511437_KR_webconnectivity_5d8702fb41c75317
http://usacrime.or.kr/,ok,https://explorer.ooni.org/m/20260320061547.052626_KR_webconnectivity_bcb47db8f4bbea32
https://veracrypt.fr/,ok,https://explorer.ooni.org/m/20260320061554.917670_KR_webconnectivity_43cd335df620297b
https://vgtrk.ru/,ok,https://explorer.ooni.org/m/20260320061610.926219_KR_webconnectivity_f25c5ea4d8445498
http://viewsnnews.com/,ok,https://explorer.ooni.org/m/20260320061621.324626_KR_webconnectivity_705a7775271f35dd
https://vimeo.com/,dns,https://explorer.ooni.org/m/20260320061624.027327_KR_webconnectivity_912cd966dd0249e4
http://vok.rep.kp/,dns,https://explorer.ooni.org/m/20260320061635.746089_KR_webconnectivity_c85f215eeacc96aa
https://vuejs.org/,ok,https://explorer.ooni.org/m/20260320061650.494584_KR_webconnectivity_761adf0eeca9b477
https://w3schools.com/,ok,https://explorer.ooni.org/m/20260320061717.070233_KR_webconnectivity_df87ed0a98f48a45
http://wcollar.tistory.com/308,ok,https://explorer.ooni.org/m/20260320061720.065200_KR_webconnectivity_cc0c967d3307c916
https://wearechange.org/,ok,https://explorer.ooni.org/m/20260320061737.132259_KR_webconnectivity_7ae131310083ea7d
https://web.archive.org/,dns,https://explorer.ooni.org/m/20260320061738.858063_KR_webconnectivity_75028486e3665ac4
https://wedo.org/,ok,https://explorer.ooni.org/m/20260320061751.937940_KR_webconnectivity_9d7370028b263d21
https://wfrtds.org/,ok,https://explorer.ooni.org/m/20260320061804.477786_KR_webconnectivity_3aaaf781435fbf9f
https://whrdic.org/,ok,https://explorer.ooni.org/m/20260320061816.590427_KR_webconnectivity_bd99114b8447a12c
https://wickr.com/,ok,https://explorer.ooni.org/m/20260320061830.275224_KR_webconnectivity_fb318e099b6344dd
https://wikidata.org/,ok,https://explorer.ooni.org/m/20260320061859.743078_KR_webconnectivity_13ae7c8ca9a3a9ed
https://wikihow.com/,ok,https://explorer.ooni.org/m/20260320061912.279382_KR_webconnectivity_0f08f14c211bc327
https://wikileaks.org/,ok,https://explorer.ooni.org/m/20260320061927.223686_KR_webconnectivity_25f21ce38c32c7c1
https://wikimapia.org/,ok,https://explorer.ooni.org/m/20260320061933.052647_KR_webconnectivity_9578ee2915831e48
https://women-on-web.kr/,ok,https://explorer.ooni.org/m/20260320061945.966886_KR_webconnectivity_3402444b89af852b
https://womenhelp.org/,dns,https://explorer.ooni.org/m/20260320061947.793246_KR_webconnectivity_edf8a129545bf82c
https://womeninblack.org/,ok,https://explorer.ooni.org/m/20260320061956.984592_KR_webconnectivity_262373a8eb388125
http://workingvoice.net/,ok,https://explorer.ooni.org/m/20260320062014.465172_KR_webconnectivity_e09f7b8ed5007dec
https://world.internationalism.org/,ok,https://explorer.ooni.org/m/20260320062023.735238_KR_webconnectivity_f7488fa5225240ea
http://www.0ubada.net/,ok,https://explorer.ooni.org/m/20260320062026.142824_KR_webconnectivity_775ab7bbae00033d
http://www.1koreannews.com/,dns,https://explorer.ooni.org/m/20260320062031.964279_KR_webconnectivity_5cd227087301f927
https://www.1tv.ru/,ok,https://explorer.ooni.org/m/20260320062041.805985_KR_webconnectivity_b407c6628736a412
http://www.2016change.net/,ok,https://explorer.ooni.org/m/20260320062101.515234_KR_webconnectivity_47e668e112d47c12
https://www.2shared.com/,ok,https://explorer.ooni.org/m/20260320062111.934169_KR_webconnectivity_17f3e8b9c87439b5
https://www.404media.co/,ok,https://explorer.ooni.org/m/20260320062122.065254_KR_webconnectivity_680fa8d7784ff263
https://www.4shared.com/,ok,https://explorer.ooni.org/m/20260320062134.091856_KR_webconnectivity_5370df7481c43a84
https://www.911memorial.org/,ok,https://explorer.ooni.org/m/20260320062147.594083_KR_webconnectivity_71cd9f3a75e90890
https://www.access-unlocked.org/,ok,https://explorer.ooni.org/m/20260320062150.658873_KR_webconnectivity_0baa6e2209f9c3a6
https://www.accessnow.org/,ok,https://explorer.ooni.org/m/20260320062204.141232_KR_webconnectivity_80f9dd281c9505ad
http://www.acquisitionx.com/,ok,https://explorer.ooni.org/m/20260320062207.890124_KR_webconnectivity_a548558ef9eaa264
https://www.advocate.com/,dns,https://explorer.ooni.org/m/20260320062208.813784_KR_webconnectivity_86aca5392bffbb75
https://www.af.mil/,ok,https://explorer.ooni.org/m/20260320062215.837123_KR_webconnectivity_6356d28d2b770a48
https://www.afp.com/,ok,https://explorer.ooni.org/m/20260320062226.518172_KR_webconnectivity_dc6569448353a6d6
http://www.aha.ru/,ok,https://explorer.ooni.org/m/20260320062246.210424_KR_webconnectivity_f3ceaaf9ec3e94b9
http://www.aha.ru/~zentsov/korea.htm,ok,https://explorer.ooni.org/m/20260320062308.638925_KR_webconnectivity_a6ecd498c5b9cbab
https://www.ahram.org.eg/,ok,https://explorer.ooni.org/m/20260320062354.510888_KR_webconnectivity_cc17996d796241f5
https://www.alarabiya.net/,ok,https://explorer.ooni.org/m/20260320062358.072964_KR_webconnectivity_1bcae161659a043a
https://www.alhurra.com/,ok,https://explorer.ooni.org/m/20260320062413.933092_KR_webconnectivity_8d441ac99afd3b95
https://www.aljazeera.com/,ok,https://explorer.ooni.org/m/20260320062437.799856_KR_webconnectivity_75948d54d49ab1b2
https://www.aljazeera.net/,ok,https://explorer.ooni.org/m/20260320062455.978040_KR_webconnectivity_9e7c71fed580ffd2
https://www.almanar.com.lb/,ok,https://explorer.ooni.org/m/20260320062503.548853_KR_webconnectivity_6b8f6ac58ca823bc
http://www.amnesty.or.kr/,ok,https://explorer.ooni.org/m/20260320062521.424869_KR_webconnectivity_83923cd2f15eb800
https://www.amnesty.org/,ok,https://explorer.ooni.org/m/20260320062533.423017_KR_webconnectivity_d2b408251198ebef
https://www.amnestyusa.org/,ok,https://explorer.ooni.org/m/20260320062555.204712_KR_webconnectivity_10d3fe6d1d4d7edb
http://www.amrc.org.hk/,ok,https://explorer.ooni.org/m/20260320062559.610839_KR_webconnectivity_7f0f46303b5a5b56
http://www.anarclan.net/,ok,https://explorer.ooni.org/m/20260320062604.068638_KR_webconnectivity_be3d2dbe6f7a7a1d
http://www.anonymizer.ru/,dns,https://explorer.ooni.org/m/20260320062605.297659_KR_webconnectivity_4c092ff685a8a58f
http://www.anonymsurfen.com/,dns,https://explorer.ooni.org/m/20260320062606.205006_KR_webconnectivity_75069b42b86d1479
https://www.apt.ch/,ok,https://explorer.ooni.org/m/20260320062618.596435_KR_webconnectivity_9c3cdb2d01e0ee73
http://www.apwld.org/,http-failure,https://explorer.ooni.org/m/20260320062627.497423_KR_webconnectivity_70aade539a1782b2
https://www.arabnews.com/,ok,https://explorer.ooni.org/m/20260320062635.142812_KR_webconnectivity_3a84c3976a7b60e9
http://www.arirang.dprkorea.com/,dns,https://explorer.ooni.org/m/20260320062648.047765_KR_webconnectivity_94274fb52aba38c4
https://www.army.mil/,ok,https://explorer.ooni.org/m/20260320062702.709637_KR_webconnectivity_f4094d03de48a954
http://www.arrc-hre.com/,ok,https://explorer.ooni.org/m/20260320062732.532852_KR_webconnectivity_881facfb35b33a25
https://www.article19.org/,ok,https://explorer.ooni.org/m/20260320062748.290736_KR_webconnectivity_b18d7fcfa1f757aa
http://www.asia-daily.com/,ok,https://explorer.ooni.org/m/20260320062753.546808_KR_webconnectivity_b0f1af311c3cc1ab
http://www.asiafoundation.org/,ok,https://explorer.ooni.org/m/20260320062755.945648_KR_webconnectivity_3806ddbc103c0414
http://www.asiamedia.ucla.edu/,tcp_ip,https://explorer.ooni.org/m/20260320062842.632681_KR_webconnectivity_50cb91b3db98209c
http://www.asian-migrants.org/,http-failure,https://explorer.ooni.org/m/20260320062851.786095_KR_webconnectivity_ab0cc1fdd4da5494
http://www.asiapacificnews.com/,ok,https://explorer.ooni.org/m/20260320062854.214940_KR_webconnectivity_7cc8664817ad0c80
https://www.auswaertiges-amt.de/,ok,https://explorer.ooni.org/m/20260320062909.726313_KR_webconnectivity_395f4bbae1ae2b31
https://www.awid.org/,ok,https://explorer.ooni.org/m/20260320062918.927030_KR_webconnectivity_616e609ec798b8ec
https://www.bbc.co.uk/,ok,https://explorer.ooni.org/m/20260320062933.307637_KR_webconnectivity_f40c32db6031a2ff
https://www.bbc.com/,ok,https://explorer.ooni.org/m/20260320062948.678271_KR_webconnectivity_c8358c2d4b609e05
https://www.benarnews.org/,ok,https://explorer.ooni.org/m/20260320063003.067413_KR_webconnectivity_604aadb65af235b0
https://www.benedelman.org/,ok,https://explorer.ooni.org/m/20260320063015.030724_KR_webconnectivity_93b547ad0fd88cb5
https://www.betternet.co/,dns,https://explorer.ooni.org/m/20260320063016.650985_KR_webconnectivity_8613e2466f6bd5ee
http://www.bicommunitynews.co.uk/,ok,https://explorer.ooni.org/m/20260320063031.642449_KR_webconnectivity_dd8d45c78e77cd32
http://www.big.or.jp/,ok,https://explorer.ooni.org/m/20260320063034.629133_KR_webconnectivity_1352e78b12746727
http://www.bitcomet.com/,dns,https://explorer.ooni.org/m/20260320063037.723780_KR_webconnectivity_134a988071861cb3
https://www.bitmask.net/,ok,https://explorer.ooni.org/m/20260320063046.639368_KR_webconnectivity_89cd3f3aa6d89244
http://www.bittornado.com/,dns,https://explorer.ooni.org/m/20260320063102.397591_KR_webconnectivity_7d39a5bf85faeb80
https://www.bme.com/,dns,https://explorer.ooni.org/m/20260320063105.267093_KR_webconnectivity_7e1a7dd37c342bb9
https://www.bnaibrith.org/,ok,https://explorer.ooni.org/m/20260320063109.606409_KR_webconnectivity_199dbff37f211f75
http://www.bommin.net/,confirmed,https://explorer.ooni.org/m/20260320063113.396584_KR_webconnectivity_76dad388d5573c60
https://www.brookings.edu/,ok,https://explorer.ooni.org/m/20260320063129.513282_KR_webconnectivity_4ef409e08d441893
https://www.btselem.org/,ok,https://explorer.ooni.org/m/20260320063136.841282_KR_webconnectivity_cffece08728c442e
http://www.buddy79.com/,ok,https://explorer.ooni.org/m/20260320063143.484211_KR_webconnectivity_9964a5984225ba91
https://www.business-humanrights.org/,ok,https://explorer.ooni.org/m/20260320063146.918481_KR_webconnectivity_152bb1afb8359362
https://www.buzzfeed.com/,ok,https://explorer.ooni.org/m/20260320063202.063191_KR_webconnectivity_f16a03424e60eb33
https://www.caritas.org/,ok,https://explorer.ooni.org/m/20260320063220.377795_KR_webconnectivity_c5753c027ebc9aef
https://www.cartercenter.org/,ok,https://explorer.ooni.org/m/20260320063234.577278_KR_webconnectivity_5c07e34a4e76ef25
https://www.cato.org/,ok,https://explorer.ooni.org/m/20260320063236.735334_KR_webconnectivity_103b168013e6c044
http://www.cawinfo.org/,ok,https://explorer.ooni.org/m/20260320063255.886048_KR_webconnectivity_916b788a86c2052e
https://www.cbc.ca/,ok,https://explorer.ooni.org/m/20260320063312.084639_KR_webconnectivity_531c2b93c971c4c0
https://www.cbsnews.com/,ok,https://explorer.ooni.org/m/20260320063334.164875_KR_webconnectivity_db6b4b1ceb4d69a2
http://www.ccdm.or.kr/,ok,https://explorer.ooni.org/m/20260320063352.244571_KR_webconnectivity_e456bf0e0c5a249d
http://www.centcom.mil/,ok,https://explorer.ooni.org/m/20260320063354.697475_KR_webconnectivity_f3092581e232ea10
http://www.cesr.org/,ok,https://explorer.ooni.org/m/20260320063407.667921_KR_webconnectivity_1cb99fccbbd6c570
https://www.cfr.org/,ok,https://explorer.ooni.org/m/20260320063427.060639_KR_webconnectivity_e16c87b51dd0437c
https://www.cgtn.com/,ok,https://explorer.ooni.org/m/20260320063446.058116_KR_webconnectivity_e54a0295c30a974c
http://www.chaju.org/,ok,https://explorer.ooni.org/m/20260320063447.520253_KR_webconnectivity_61dd1b8e78242dc8
https://www.change.org/,ok,https://explorer.ooni.org/m/20260320063502.590005_KR_webconnectivity_8c1caa0296521c5f
http://www.channelnewsasia.com/,ok,https://explorer.ooni.org/m/20260320063525.371852_KR_webconnectivity_99385e369c29c6e0
https://www.childrensdefense.org/,ok,https://explorer.ooni.org/m/20260320063540.360538_KR_webconnectivity_ccd4e520f7603a53
https://www.chinadaily.com.cn/,ok,https://explorer.ooni.org/m/20260320063554.607413_KR_webconnectivity_74bf5ae94ea1e00d
https://www.chinatimes.com/,ok,https://explorer.ooni.org/m/20260320063610.635551_KR_webconnectivity_4b7cd98ff88e2c7f
http://www.chingusai.net/,dns,https://explorer.ooni.org/m/20260320063616.324237_KR_webconnectivity_ffb65d0d10b40a60
http://www.chongryon.com/,confirmed,https://explorer.ooni.org/m/20260320063633.208244_KR_webconnectivity_7dc2d16231894ee5
http://www.chosun.com/,ok,https://explorer.ooni.org/m/20260320063649.663171_KR_webconnectivity_290ed6c90107fe9e
https://www.cia.gov/,ok,https://explorer.ooni.org/m/20260320063705.174564_KR_webconnectivity_8b8d10e7f42dc785
http://www.cinetown.co.kr/,ok,https://explorer.ooni.org/m/20260320063734.429316_KR_webconnectivity_a3a38d94f0709a78
http://www.cinewel.com/,dns,https://explorer.ooni.org/m/20260320063736.814326_KR_webconnectivity_33da18f7ffdbc7cd
https://www.cis.minsk.by/,ok,https://explorer.ooni.org/m/20260320063800.163031_KR_webconnectivity_1907796e5d99d434
http://www.cizel.co.kr/,dns,https://explorer.ooni.org/m/20260320063816.769088_KR_webconnectivity_b860475601fe6840
https://www.clintonfoundation.org/,ok,https://explorer.ooni.org/m/20260320063819.229487_KR_webconnectivity_3112ca38dc105e9b
https://www.cnbc.com/,ok,https://explorer.ooni.org/m/20260320063834.315971_KR_webconnectivity_8918b62e7c837d79
http://www.cnet-ta.ne.jp/,ok,https://explorer.ooni.org/m/20260320063839.818143_KR_webconnectivity_7fa56a5eb7a0c8b5
http://www.cnnasiapacific.com/,tcp_ip,https://explorer.ooni.org/m/20260320063925.672488_KR_webconnectivity_677e91cf610101bd
http://www.collegehumor.com/,dns,https://explorer.ooni.org/m/20260320063941.705373_KR_webconnectivity_d8a566617340b76d
http://www.coreaone-news.com/,confirmed,https://explorer.ooni.org/m/20260320063949.482399_KR_webconnectivity_ce3afa672973ee8b
https://www.cpj.org/,ok,https://explorer.ooni.org/m/20260320064004.567021_KR_webconnectivity_6e2850993d570156
https://www.crisisgroup.org/,ok,https://explorer.ooni.org/m/20260320064017.468178_KR_webconnectivity_8a14276db8e7654d
https://www.csmonitor.com/,ok,https://explorer.ooni.org/m/20260320064035.589173_KR_webconnectivity_d6006eefe71a303d
https://www.currenttime.tv/,ok,https://explorer.ooni.org/m/20260320064054.333122_KR_webconnectivity_a8200308b01f7483
http://www.cwgl.rutgers.edu/,ok,https://explorer.ooni.org/m/20260320064105.399629_KR_webconnectivity_15f6ad0d9558a8b5
https://www.cyberghostvpn.com/,dns,https://explorer.ooni.org/m/20260320064108.746647_KR_webconnectivity_5cc4835fbd5e00ca
https://www.dailymail.co.uk/,ok,https://explorer.ooni.org/m/20260320064125.370488_KR_webconnectivity_102f08e8bb28ebe9
https://www.dailysabah.com/,ok,https://explorer.ooni.org/m/20260320064145.638271_KR_webconnectivity_7ac0c044a5c20343
https://www.dailywire.com/,ok,https://explorer.ooni.org/m/20260320064159.516606_KR_webconnectivity_1109b135dd26f109
https://www.darpa.mil/,ok,https://explorer.ooni.org/m/20260320064212.050455_KR_webconnectivity_71dd14173edf29da
https://www.datpiff.com/,dns,https://explorer.ooni.org/m/20260320064213.275630_KR_webconnectivity_231abdd011473915
https://www.dd-rd.ca/,ok,https://explorer.ooni.org/m/20260320064216.664544_KR_webconnectivity_edd08b462df1302c
http://www.ddanzi.com/,ok,https://explorer.ooni.org/m/20260320064225.306446_KR_webconnectivity_b41082aafc0568c0
https://www.dea.gov/,ok,https://explorer.ooni.org/m/20260320064228.609546_KR_webconnectivity_190318381295d38a
https://www.deathmetal.org/,ok,https://explorer.ooni.org/m/20260320064238.844447_KR_webconnectivity_30acb7fbae8cc4dd
https://www.defense.gov/,ok,https://explorer.ooni.org/m/20260320064242.203835_KR_webconnectivity_2636ddc95777c979
https://www.democracycaucus.net/,ok,https://explorer.ooni.org/m/20260320064252.583828_KR_webconnectivity_45238585fa70cf96
https://www.democracynow.org/,ok,https://explorer.ooni.org/m/20260320064309.586291_KR_webconnectivity_579694e5de4a989f
http://www.depdc.org/,ok,https://explorer.ooni.org/m/20260320064310.464409_KR_webconnectivity_7dd6479623a0ed5b
https://www.derechos.org/,ok,https://explorer.ooni.org/m/20260320064318.718788_KR_webconnectivity_62bf7a3c5a1a1a74
https://www.dia.mil/,ok,https://explorer.ooni.org/m/20260320064322.470372_KR_webconnectivity_65557ca7134947b4
https://www.dictionary.com/,ok,https://explorer.ooni.org/m/20260320064329.473487_KR_webconnectivity_8940882dc525e62e
https://www.disabilityrightsfund.org/,ok,https://explorer.ooni.org/m/20260320064340.535252_KR_webconnectivity_8f87e5f7b52eee7a
http://www.dit-inc.us/,dns,https://explorer.ooni.org/m/20260320064342.062681_KR_webconnectivity_8701985d9e463d14
http://www.dklotto.com/,dns,https://explorer.ooni.org/m/20260320064344.342422_KR_webconnectivity_5338c688ec8eb7ec
http://www.donga.com/,ok,https://explorer.ooni.org/m/20260320064357.414411_KR_webconnectivity_9f539c4c82251c4f
https://www.dopplr.com/,ok,https://explorer.ooni.org/m/20260320064408.191484_KR_webconnectivity_c17753a60e41533f
https://www.doriafeministfund.org/,ok,https://explorer.ooni.org/m/20260320064415.609743_KR_webconnectivity_8aa827af4b3587a2
http://www.dprk-book.com/,tcp_ip,https://explorer.ooni.org/m/20260320064504.419730_KR_webconnectivity_6acfef1fc71cb93c
http://www.dprk-stamp.com/,ok,https://explorer.ooni.org/m/20260320064505.385102_KR_webconnectivity_aac4b1c5dddfb42e
http://www.dprkorea.com/,dns,https://explorer.ooni.org/m/20260320064516.222677_KR_webconnectivity_eaa7678b901e3af8
http://www.dprkstudies.org/,dns,https://explorer.ooni.org/m/20260320064517.750522_KR_webconnectivity_f51fa59470b94551
http://www.dprkstudies.org/documents/nkpics/picgal.html,dns,https://explorer.ooni.org/m/20260320064519.158732_KR_webconnectivity_b5861bce13f56a04
https://www.dropbox.com/,ok,https://explorer.ooni.org/m/20260320064536.443172_KR_webconnectivity_fb68974cdaaca5fd
http://www.drudgereport.com/,ok,https://explorer.ooni.org/m/20260320064546.805533_KR_webconnectivity_1d5f6ab96581a90c
https://www.dw.com/,ok,https://explorer.ooni.org/m/20260320064552.395405_KR_webconnectivity_90a92c78bd7c4af9
http://www.e-ju.net/,ok,https://explorer.ooni.org/m/20260320064553.536411_KR_webconnectivity_d4d8ec57b0c852f9
http://www.ebn.co.kr/,ok,https://explorer.ooni.org/m/20260320064609.852428_KR_webconnectivity_a17e5149fd2dfeaf
http://www.ecequality.org/,ok,https://explorer.ooni.org/m/20260320064623.997488_KR_webconnectivity_cb299b775519130a
https://www.echr.coe.int/,ok,https://explorer.ooni.org/m/20260320064627.212850_KR_webconnectivity_75040db15ee9162b
https://www.economist.com/,ok,https://explorer.ooni.org/m/20260320064629.807663_KR_webconnectivity_84def7a290ecc483
http://www.eduhope.net/,ok,https://explorer.ooni.org/m/20260320064645.060668_KR_webconnectivity_7a8355466e000a57
https://www.eff.org/,ok,https://explorer.ooni.org/m/20260320064654.417826_KR_webconnectivity_4fcc690203674c80
http://www.elufa.net/,confirmed,https://explorer.ooni.org/m/20260320064656.789223_KR_webconnectivity_47f4a6d0f0c87e91
https://www.eluniversal.com/,ok,https://explorer.ooni.org/m/20260320064709.697793_KR_webconnectivity_febdc8f1a59cec99
https://www.endfgm.eu/,ok,https://explorer.ooni.org/m/20260320064717.760337_KR_webconnectivity_596a32bd67652426
http://www.enppy.com/,dns,https://explorer.ooni.org/m/20260320064720.769973_KR_webconnectivity_69c1dacd09393560
https://www.epa.gov/,ok,https://explorer.ooni.org/m/20260320064736.512893_KR_webconnectivity_870c196e6f848c68
http://www.equaline.or.kr/,ok,https://explorer.ooni.org/m/20260320064749.482571_KR_webconnectivity_adfd675bbc2227c4
https://www.eurobicon.org/,dns,https://explorer.ooni.org/m/20260320064750.937969_KR_webconnectivity_71390a3c0450095e
https://www.euronews.com/,ok,https://explorer.ooni.org/m/20260320064758.584170_KR_webconnectivity_9c3505cd19b25a4f
https://www.eventbrite.com/,ok,https://explorer.ooni.org/m/20260320064814.534398_KR_webconnectivity_4ae41c20f542f709
https://www.exgay.com/,ok,https://explorer.ooni.org/m/20260320064817.391634_KR_webconnectivity_6f44655ab49eef40
https://www.exitinternational.net/,ok,https://explorer.ooni.org/m/20260320064831.769016_KR_webconnectivity_1e9ac1d77a95d5e2
https://www.expressvpn.com/,ok,https://explorer.ooni.org/m/20260320064850.515086_KR_webconnectivity_228bbbf09e717db3
http://www.ez0u.co.kr/,ok,https://explorer.ooni.org/m/20260320064851.550193_KR_webconnectivity_90a7606b29ad2364
https://www.f-secure.com/,http-failure,https://explorer.ooni.org/m/20260320064913.340556_KR_webconnectivity_25bdaa02fefc00f3
https://www.familyequality.org/,ok,https://explorer.ooni.org/m/20260320064933.819952_KR_webconnectivity_2f49ef782143b5dd
https://www.fanfiction.net/,ok,https://explorer.ooni.org/m/20260320064936.921197_KR_webconnectivity_3cd00927f4be78bb
http://www.feer.com/,ok,https://explorer.ooni.org/m/20260320064938.544781_KR_webconnectivity_90b7d33607b9396d
https://www.feminist.com/,ok,https://explorer.ooni.org/m/20260320064956.471417_KR_webconnectivity_6d92b4d2ec62ca48
https://www.feministfrequency.com/,dns,https://explorer.ooni.org/m/20260320064957.928906_KR_webconnectivity_3b847a2ba82a0688
https://www.fidh.org/,ok,https://explorer.ooni.org/m/20260320065007.265233_KR_webconnectivity_190bd3628de27963
http://www.fileguri.com/,http-failure,https://explorer.ooni.org/m/20260320065011.135377_KR_webconnectivity_6e26aa5506f7669f
http://www.filenara.co.kr/,dns,https://explorer.ooni.org/m/20260320065012.553723_KR_webconnectivity_b702b43f892671d1
http://www.filenori.com/,ok,https://explorer.ooni.org/m/20260320065015.613486_KR_webconnectivity_ef90b1055585bfc7
http://www.fktu.or.kr/,ok,https://explorer.ooni.org/m/20260320065024.810277_KR_webconnectivity_a03f38d37464620d
https://www.fondationdefrance.org/,ok,https://explorer.ooni.org/m/20260320065037.770460_KR_webconnectivity_ecf4ceeb7e4e2627
https://www.forbes.com/,ok,https://explorer.ooni.org/m/20260320065052.547957_KR_webconnectivity_861e392b46823b3d
https://www.fordfoundation.org/,ok,https://explorer.ooni.org/m/20260320065103.861756_KR_webconnectivity_e3c05af295a380a8
http://www.foreignaffairs.org/,ok,https://explorer.ooni.org/m/20260320065116.733369_KR_webconnectivity_a3d672147346b050
http://www.forum-asia.org/,ok,https://explorer.ooni.org/m/20260320065119.786987_KR_webconnectivity_f34e9738c43f67b5
https://www.forum18.org/,ok,https://explorer.ooni.org/m/20260320065125.617251_KR_webconnectivity_eebacfda7f5e1449
https://www.foxnews.com/,ok,https://explorer.ooni.org/m/20260320065139.095688_KR_webconnectivity_760fc42af8a25841
https://www.france24.com/,ok,https://explorer.ooni.org/m/20260320065142.256199_KR_webconnectivity_e5f9fcd245bdea07
https://www.francemediasmonde.com/,ok,https://explorer.ooni.org/m/20260320065156.520870_KR_webconnectivity_edd8fb0a64c5ba3e
http://www.freedominfo.org/,ok,https://explorer.ooni.org/m/20260320065158.166752_KR_webconnectivity_570a268f7a9ef608
http://www.freeexpression.org/,ok,https://explorer.ooni.org/m/20260320065212.380369_KR_webconnectivity_f6ec8151af3b60a6
https://www.freespeech.com/,ok,https://explorer.ooni.org/m/20260320065226.851935_KR_webconnectivity_b987e08dfc5c494c
https://www.freespeechcoalition.com/,dns,https://explorer.ooni.org/m/20260320065227.763872_KR_webconnectivity_957b97f9031f7599
http://www.fridae.com/,dns,https://explorer.ooni.org/m/20260320065228.894908_KR_webconnectivity_fbd6cd947e9a1454
https://www.frontlinedefenders.org/,ok,https://explorer.ooni.org/m/20260320065241.838820_KR_webconnectivity_298253924c25890a
http://www.fsb.ru/,ok,https://explorer.ooni.org/m/20260320065305.592225_KR_webconnectivity_07d614ccd5250029
https://www.fsf.org/,error,https://explorer.ooni.org/m/20260320065308.544805_KR_webconnectivity_47ac567279d6c2e7
https://www.ft.com/,ok,https://explorer.ooni.org/m/20260320065318.690815_KR_webconnectivity_9bb915aec6f0f01f
http://www.ftchinese.com/,ok,https://explorer.ooni.org/m/20260320065333.802298_KR_webconnectivity_ef63c7bcea02b26f
https://www.gawker.com/,ok,https://explorer.ooni.org/m/20260320065339.879270_KR_webconnectivity_6d1d939bffd4eda0
http://www.gayegypt.com/,dns,https://explorer.ooni.org/m/20260320065340.898356_KR_webconnectivity_c08b5bbf5d852ad9
http://www.gayrice.com/,dns,https://explorer.ooni.org/m/20260320065342.432769_KR_webconnectivity_21dc9d369d82e158
http://www.gayrice.com/gayplaces/country.php?cid=126,dns,https://explorer.ooni.org/m/20260320065343.145467_KR_webconnectivity_8e72cce24829f1c2
http://www.gayscape.com/,dns,https://explorer.ooni.org/m/20260320065346.684990_KR_webconnectivity_f4b9aa153f08f0e9
https://www.gaystarnews.com/,dns,https://explorer.ooni.org/m/20260320065347.940657_KR_webconnectivity_9ab497f8ee4a75b3
https://www.gearthblog.com/,ok,https://explorer.ooni.org/m/20260320065359.826201_KR_webconnectivity_ef32d5b3909d7188
https://www.genderit.org/,ok,https://explorer.ooni.org/m/20260320065408.137088_KR_webconnectivity_e4efe52bbd0c4ffd
https://www.getoutline.org/,ok,https://explorer.ooni.org/m/20260320065413.890453_KR_webconnectivity_6f957e80170d3fe2
https://www.girlsnotbrides.org/,ok,https://explorer.ooni.org/m/20260320065429.196209_KR_webconnectivity_7d085d15709dc9d9
https://www.givesendgo.com/,ok,https://explorer.ooni.org/m/20260320065431.885126_KR_webconnectivity_27164b804497f2c8
http://www.glaad.org/,ok,https://explorer.ooni.org/m/20260320065450.236132_KR_webconnectivity_613345b4272e6d11
http://www.glbtqarchive.com/,ok,https://explorer.ooni.org/m/20260320065453.897472_KR_webconnectivity_4c6adda9c529cbce
https://www.globaleaks.org/,ok,https://explorer.ooni.org/m/20260320065507.147006_KR_webconnectivity_fb66c84610aa7dce
https://www.globalfundforwomen.org/,ok,https://explorer.ooni.org/m/20260320065521.568813_KR_webconnectivity_8cb2da89ac6fdd68
http://www.globalgayz.com/g-korea.html,ok,https://explorer.ooni.org/m/20260320065533.564898_KR_webconnectivity_c62a12e28e580499
https://www.globalpolicy.org/,ok,https://explorer.ooni.org/m/20260320065548.315460_KR_webconnectivity_92a52cd392bd1ce2
http://www.globalr2p.org/,ok,https://explorer.ooni.org/m/20260320065604.579306_KR_webconnectivity_d18c477c84d5e087
https://www.glsen.org/,ok,https://explorer.ooni.org/m/20260320065616.338054_KR_webconnectivity_0b27d55a37c544ff
http://www.gmhc.org/,ok,https://explorer.ooni.org/m/20260320065640.243162_KR_webconnectivity_0ed8e1df927869d6
https://www.gnu.org/,ok,https://explorer.ooni.org/m/20260320065703.569561_KR_webconnectivity_956a1198180c9dd9
https://www.gnupg.org/,ok,https://explorer.ooni.org/m/20260320065709.138491_KR_webconnectivity_44b63603c016d00c
http://www.gobalnews.com/,ok,https://explorer.ooni.org/m/20260320065725.441095_KR_webconnectivity_17dffccfdca36c78
http://www.goodasyou.net/,dns,https://explorer.ooni.org/m/20260320065726.469208_KR_webconnectivity_613078474c4bc9e9
https://www.goodreads.com/,ok,https://explorer.ooni.org/m/20260320065741.376554_KR_webconnectivity_c2c0d78f1d68b986
https://www.gov.uk/,ok,https://explorer.ooni.org/m/20260320065751.746268_KR_webconnectivity_1c58b26e70b404c4
http://www.granma.cu/,ok,https://explorer.ooni.org/m/20260320065812.540612_KR_webconnectivity_273623262be5c51f
https://www.grindr.com/,dns,https://explorer.ooni.org/m/20260320065814.238931_KR_webconnectivity_0a9fafd76878cb20
https://www.guerrillagirls.com/,dns,https://explorer.ooni.org/m/20260320065815.766762_KR_webconnectivity_d09f48fdd6aa9885
https://www.gutenberg.org/,ok,https://explorer.ooni.org/m/20260320065824.038931_KR_webconnectivity_ff0786ee7d82c830
https://www.haaretz.com/,ok,https://explorer.ooni.org/m/20260320065836.646089_KR_webconnectivity_4d8dbf962dab06c0
http://www.hanguksa.org/,ok,https://explorer.ooni.org/m/20260320065843.104397_KR_webconnectivity_0b2e33df75d3e024
http://www.hani.co.kr/,ok,https://explorer.ooni.org/m/20260320065856.323352_KR_webconnectivity_5de22472e1cc74be
http://www.hankooki.com/,ok,https://explorer.ooni.org/m/20260320065915.811949_KR_webconnectivity_45935adaca97025d
http://www.hellodd.com/,ok,https://explorer.ooni.org/m/20260320065938.734328_KR_webconnectivity_5d5658888c4237d5
https://www.herdict.org/,ok,https://explorer.ooni.org/m/20260320065952.853996_KR_webconnectivity_a99ea9b37d231a29
https://www.heritage.org/,ok,https://explorer.ooni.org/m/20260320070004.160370_KR_webconnectivity_7813145787844a7d
https://www.heyjane.com/,ok,https://explorer.ooni.org/m/20260320070015.610660_KR_webconnectivity_8751a0d8c4610369
https://www.hidemyass.com/,dns,https://explorer.ooni.org/m/20260320070016.790685_KR_webconnectivity_837351f622335fb0
http://www.hisedu.or.kr/,ok,https://explorer.ooni.org/m/20260320070030.066679_KR_webconnectivity_6b17fa073f7a5f9f
http://www.hizb-ut-tahrir.org/,dns,https://explorer.ooni.org/m/20260320070116.410526_KR_webconnectivity_460620e436fde254
http://www.honamhistory.org/,ok,https://explorer.ooni.org/m/20260320070121.563086_KR_webconnectivity_da46b8cb036ad4b6
http://www.honduras.com/,ok,https://explorer.ooni.org/m/20260320070136.903699_KR_webconnectivity_34de678901156124
http://www.hopeandlaw.org/,ok,https://explorer.ooni.org/m/20260320070153.920114_KR_webconnectivity_1e7e14b370b664aa
http://www.hotline.or.kr/,ok,https://explorer.ooni.org/m/20260320070211.689950_KR_webconnectivity_a47431492c789a2c
https://www.hotspotshield.com/,dns,https://explorer.ooni.org/m/20260320070213.204811_KR_webconnectivity_76fdfa067d70eb55
http://www.hrc.org/,ok,https://explorer.ooni.org/m/20260320070228.579144_KR_webconnectivity_127250624b0f090e
http://www.hrea.org/,ok,https://explorer.ooni.org/m/20260320070247.183612_KR_webconnectivity_d849f02bbaee836c
https://www.hrw.org/,ok,https://explorer.ooni.org/m/20260320070302.394843_KR_webconnectivity_dd2a6221fd61fd78
https://www.hrw.org/asia/south-korea,ok,https://explorer.ooni.org/m/20260320070312.831548_KR_webconnectivity_f9732b075b635ffc
http://www.http-tunnel.com/,dns,https://explorer.ooni.org/m/20260320070314.180186_KR_webconnectivity_fa527378a9f74aad
https://www.huffpost.com/,ok,https://explorer.ooni.org/m/20260320070334.094919_KR_webconnectivity_45c208ac59c7c1f8
https://www.humanrightsconnected.org/,ok,https://explorer.ooni.org/m/20260320070339.294624_KR_webconnectivity_4c5b379cf7819f9f
http://www.humanrightsfirst.org/,ok,https://explorer.ooni.org/m/20260320070356.807887_KR_webconnectivity_fa9701368955c213
http://www.i615.net/,error,https://explorer.ooni.org/m/20260320070405.302793_KR_webconnectivity_553aaf90da8d656b
https://www.hyphanet.org/,dns,https://explorer.ooni.org/m/20260320070357.687496_KR_webconnectivity_2a2e36df705e5d77
http://www.iaffe.org/,ok,https://explorer.ooni.org/m/20260320070413.972668_KR_webconnectivity_53104a801f35f7fa
https://www.iaru.org/,ok,https://explorer.ooni.org/m/20260320070427.485110_KR_webconnectivity_6e69c378ac05f6d3
https://www.ibe.unesco.org/,ok,https://explorer.ooni.org/m/20260320070442.424862_KR_webconnectivity_9b4975fb83eff5c0
https://www.icc-cpi.int/,ok,https://explorer.ooni.org/m/20260320070451.596728_KR_webconnectivity_bbc6f4e3269a48aa
https://www.icij.org/,ok,https://explorer.ooni.org/m/20260320070507.730051_KR_webconnectivity_93d8e23586ac36a3
https://www.icj.org/,dns,https://explorer.ooni.org/m/20260320070508.927602_KR_webconnectivity_4dc9b29c376cef9c
https://www.icrc.org/,ok,https://explorer.ooni.org/m/20260320070528.917165_KR_webconnectivity_ec3c391a22329541
http://www.icrw.org/,ok,https://explorer.ooni.org/m/20260320070541.052478_KR_webconnectivity_e6f2b220138cbdfe
https://www.ictj.org/,ok,https://explorer.ooni.org/m/20260320070555.644126_KR_webconnectivity_25291001b9c4b951
http://www.idea.int/,ok,https://explorer.ooni.org/m/20260320070613.409315_KR_webconnectivity_0a7e88bebbfa2d9b
https://www.ideasbeyondborders.org/,ok,https://explorer.ooni.org/m/20260320070628.917587_KR_webconnectivity_9cb64cac78dc30d2
http://www.iea.org/,ok,https://explorer.ooni.org/m/20260320070642.335555_KR_webconnectivity_3dd917e0525a6d8f
http://www.ifex.org/,ok,https://explorer.ooni.org/m/20260320070644.053522_KR_webconnectivity_ca13f5ea7a045a6b
http://www.ifge.org/,dns,https://explorer.ooni.org/m/20260320070646.011497_KR_webconnectivity_6440afe59027b57a
http://www.ifj-asia.org/,dns,https://explorer.ooni.org/m/20260320070740.098705_KR_webconnectivity_d693211c24b18327
http://www.ifj.org/,ok,https://explorer.ooni.org/m/20260320070748.428471_KR_webconnectivity_9a009fefb66b7970
https://www.ifrc.org/,ok,https://explorer.ooni.org/m/20260320070752.655782_KR_webconnectivity_7ee371029333695e
http://www.ihr.org/,ok,https://explorer.ooni.org/m/20260320070807.798025_KR_webconnectivity_75a8acb985a15385
https://www.ihrc.org.uk/,ok,https://explorer.ooni.org/m/20260320070830.151510_KR_webconnectivity_25f0987c7b644b11
http://www.iias.nl/,tcp_ip,https://explorer.ooni.org/m/20260320070832.300801_KR_webconnectivity_c0c1b1d9269b324b
https://www.ijm.org/,ok,https://explorer.ooni.org/m/20260320070846.464534_KR_webconnectivity_372476d15ecb38a8
https://www.iknowpolitics.org/,ok,https://explorer.ooni.org/m/20260320070904.546585_KR_webconnectivity_268c019117aa2f31
https://www.ilga-europe.org/,ok,https://explorer.ooni.org/m/20260320070919.295237_KR_webconnectivity_0123510e10062b5f
http://www.ilga.info/,ok,https://explorer.ooni.org/m/20260320070930.043012_KR_webconnectivity_7975edc58846d437
http://www.ilga.org/asia/,ok,https://explorer.ooni.org/m/20260320070938.272941_KR_webconnectivity_6f614055429ae8e5
http://www.ilo.org/public/english/region/asro/bangkok/child/trafficking/index.htm,ok,https://explorer.ooni.org/m/20260320070953.470552_KR_webconnectivity_6c10aeb3f35626b7
https://www.ilo.org/,ok,https://explorer.ooni.org/m/20260320071006.364868_KR_webconnectivity_4552e11ee23824ce
http://www.imdb.com/,dns,https://explorer.ooni.org/m/20260320071007.514360_KR_webconnectivity_e47d1894768a011f
https://www.indiatimes.com/,ok,https://explorer.ooni.org/m/20260320071022.914405_KR_webconnectivity_6c5bf9842080614d
https://www.ineedana.com/,dns,https://explorer.ooni.org/m/20260320071024.758812_KR_webconnectivity_79bfa9b702b44fbc
http://www.inetprivacy.com/,dns,https://explorer.ooni.org/m/20260320071026.699991_KR_webconnectivity_4927260b585f1257
http://www.inews24.com/,ok,https://explorer.ooni.org/m/20260320071040.308591_KR_webconnectivity_4bd3e91c884bd16b
https://www.infomigrants.net/,ok,https://explorer.ooni.org/m/20260320071043.571937_KR_webconnectivity_da2dc3320bcb6ac1
https://www.infowars.com/,ok,https://explorer.ooni.org/m/20260320071056.708472_KR_webconnectivity_67ef7c420df6e6a9
http://www.inhard.com/,ok,https://explorer.ooni.org/m/20260320071102.829129_KR_webconnectivity_36acf313aaa67ef8
http://www.inkwon.or.kr/,ok,https://explorer.ooni.org/m/20260320071117.873386_KR_webconnectivity_68aa5f5fb582f81f
http://www.inminds.co.uk/,ok,https://explorer.ooni.org/m/20260320071130.488966_KR_webconnectivity_fa2a23144b2fd86a
http://www.inochong.org/,ok,https://explorer.ooni.org/m/20260320071134.555151_KR_webconnectivity_6882666716c2152c
https://www.interpol.int/,ok,https://explorer.ooni.org/m/20260320071143.128621_KR_webconnectivity_a2ae02d752ea74e2
https://www.ipetitions.com/,ok,https://explorer.ooni.org/m/20260320071153.861707_KR_webconnectivity_a1f812271db882a6
https://www.ipredator.se/,dns,https://explorer.ooni.org/m/20260320071154.738534_KR_webconnectivity_942bd401eaa7bcbf
https://www.ipvanish.com/,dns,https://explorer.ooni.org/m/20260320071156.450633_KR_webconnectivity_40ffa1f55a691944
http://www.irna.ir/,ok,https://explorer.ooni.org/m/20260320071200.913526_KR_webconnectivity_8bb077ddd6aa9d98
https://www.isa.org.jm/,ok,https://explorer.ooni.org/m/20260320071219.360310_KR_webconnectivity_fb600f6e7ccda1a3
http://www.isiswomen.org/,ok,https://explorer.ooni.org/m/20260320071225.492588_KR_webconnectivity_a5f6b6ba3c0b29ce
http://www.isj.org.uk/,ok,https://explorer.ooni.org/m/20260320071235.360030_KR_webconnectivity_89b147b086e411cf
http://www.islamawareness.net/,ok,https://explorer.ooni.org/m/20260320071246.089613_KR_webconnectivity_bd7f61238e3ec147
http://www.islamawareness.net/Asia/KoreaSouth/,ok,https://explorer.ooni.org/m/20260320071249.771707_KR_webconnectivity_0e69117a0b328dcc
http://www.islamkorea.com/,ok,https://explorer.ooni.org/m/20260320071310.369175_KR_webconnectivity_22e84f4d36d4e9f7
https://www.ivpn.net/,dns,https://explorer.ooni.org/m/20260320071311.882227_KR_webconnectivity_06912b71a7a7b420
http://www.iwraw-ap.org/,ok,https://explorer.ooni.org/m/20260320071321.393222_KR_webconnectivity_fcd113e01f05a11d
https://www.iwraw-ap.org/,ok,https://explorer.ooni.org/m/20260320071330.267178_KR_webconnectivity_f6f0e9fd2a31b049
http://www.japantimes.co.jp/,ok,https://explorer.ooni.org/m/20260320071342.574815_KR_webconnectivity_a1fea1cdc5911b06
http://www.jcmk.org/,ok,https://explorer.ooni.org/m/20260320071353.380382_KR_webconnectivity_7f816d90aebcb354
http://www.jhr.ca/,ok,https://explorer.ooni.org/m/20260320071413.463362_KR_webconnectivity_db597f43634fcad4
https://www.jihadwatch.org/,ok,https://explorer.ooni.org/m/20260320071415.898383_KR_webconnectivity_ebdd91195ff6df9e
http://www.jinbocorea.org/,ok,https://explorer.ooni.org/m/20260320071431.427373_KR_webconnectivity_1770a2885cf1bc20
http://www.jjangfile.net/,dns,https://explorer.ooni.org/m/20260320071447.244897_KR_webconnectivity_f5294ea007e54c4f
http://www.jmarshall.com/,ok,https://explorer.ooni.org/m/20260320071452.463376_KR_webconnectivity_8a8c8aef99cb1708
https://www.jmarshall.com/,ok,https://explorer.ooni.org/m/20260320071455.652721_KR_webconnectivity_702d170c467909e0
https://www.jsf.mil/,ok,https://explorer.ooni.org/m/20260320071502.074387_KR_webconnectivity_d849a0b3a70d9820
http://www.kancc.org/,confirmed,https://explorer.ooni.org/m/20260320071520.230815_KR_webconnectivity_0198bfe88e87afd4
http://www.kcckp.net/,confirmed,https://explorer.ooni.org/m/20260320071525.249891_KR_webconnectivity_d57f8e895d329fbd
http://www.kcna.co.jp/,confirmed,https://explorer.ooni.org/m/20260320071527.995386_KR_webconnectivity_ef88921f3e0ca18c
http://www.kcna.kp/,dns,https://explorer.ooni.org/m/20260320071529.511012_KR_webconnectivity_88457226569b2d5d
http://www.kctu.org/,ok,https://explorer.ooni.org/m/20260320071534.912404_KR_webconnectivity_c8f709439cc16dc7
http://www.kdawu.org/,tcp_ip,https://explorer.ooni.org/m/20260320071620.012234_KR_webconnectivity_f782ea035988c489
http://www.kdlp.org/,ok,https://explorer.ooni.org/m/20260320071625.439411_KR_webconnectivity_4d6d9c6bf0591ce6
http://www.kdvr.de/,ok,https://explorer.ooni.org/m/20260320071628.288408_KR_webconnectivity_f789bfa6931a13e5
http://www.khan.co.kr/,ok,https://explorer.ooni.org/m/20260320071642.892646_KR_webconnectivity_1d50a83be40848b5
https://www.khanacademy.org/,ok,https://explorer.ooni.org/m/20260320071652.737161_KR_webconnectivity_d219c71cbef08a02
http://www.khrp.org/,ok,https://explorer.ooni.org/m/20260320071656.496515_KR_webconnectivity_0e57d674efa6534a
http://www.kickassclassical.com/,dns,https://explorer.ooni.org/m/20260320071712.430763_KR_webconnectivity_d8caca8969616f64
http://www.kita.net/,ok,https://explorer.ooni.org/m/20260320071734.199734_KR_webconnectivity_8aca6878450f4c66
https://www.knapsackforhope.org/,ok,https://explorer.ooni.org/m/20260320071736.329408_KR_webconnectivity_0a3ffa0e35b66088
http://www.kncc.or.kr/,dns,https://explorer.ooni.org/m/20260320071751.971000_KR_webconnectivity_8d5dddb2b5f5e13c
http://www.kngo.net/,http-failure,https://explorer.ooni.org/m/20260320071800.218244_KR_webconnectivity_e54f5a472b3a6e6e
http://www.korea-dpr.com/,confirmed,https://explorer.ooni.org/m/20260320071803.443710_KR_webconnectivity_5bc872893817b571
http://www.korea-dpr.com/cgi-bin/simpleforum.cgi,confirmed,https://explorer.ooni.org/m/20260320071805.849737_KR_webconnectivity_beefc5270ff9f9c7
http://www.korea-dpr.com/library/entrance.htm,confirmed,https://explorer.ooni.org/m/20260320071808.618618_KR_webconnectivity_2eb078d204bd1f36
http://www.korea-dpr.com/menu.htm,confirmed,https://explorer.ooni.org/m/20260320071811.953663_KR_webconnectivity_aab7cb36962e0172
http://www.korea-dpr.com/users/jisge/,confirmed,https://explorer.ooni.org/m/20260320071816.602737_KR_webconnectivity_90c96938151b69e9
http://www.korea-htr.com/,confirmed,https://explorer.ooni.org/m/20260320071819.045181_KR_webconnectivity_49f083f806c9f9d2
http://www.korea-htr.com/chuo/,confirmed,https://explorer.ooni.org/m/20260320071821.005247_KR_webconnectivity_76e09fc8f6ac87f2
http://www.korea-is-one.org/,ok,https://explorer.ooni.org/m/20260320071839.923916_KR_webconnectivity_3f040f9cb6d26889
http://www.korea-is-one.org/rubrique.php3?id_rubrique=5,ok,https://explorer.ooni.org/m/20260320071854.402323_KR_webconnectivity_a906070f0c55c44a
http://www.korea-np.co.jp/,tcp_ip,https://explorer.ooni.org/m/20260320071905.103352_KR_webconnectivity_d38f91b22b4aae24
http://www.koreaherald.co.kr/,ok,https://explorer.ooni.org/m/20260320071913.372248_KR_webconnectivity_fcfec59c43d58c77
http://www.korealiberator.org/,ok,https://explorer.ooni.org/m/20260320071923.956734_KR_webconnectivity_80645d75a197867d
http://www.koreanhistory.org/,ok,https://explorer.ooni.org/m/20260320071932.178873_KR_webconnectivity_55dac5bf63ee75da
http://www.korva.or.kr/,ok,https://explorer.ooni.org/m/20260320071944.429075_KR_webconnectivity_8543c74cacba8fff
http://www.kpil.org/,ok,https://explorer.ooni.org/m/20260320071952.205086_KR_webconnectivity_a049e5843c8a63ad
http://www.kqcf.org/,ok,https://explorer.ooni.org/m/20260320071954.926490_KR_webconnectivity_fedcd5d58f143679
http://www.krbook.net/,ok,https://explorer.ooni.org/m/20260320071957.592257_KR_webconnectivity_3fbbb948a6519985
http://www.kwdi.re.kr/,ok,https://explorer.ooni.org/m/20260320072037.301381_KR_webconnectivity_73a9177aa0a54728
http://www.kwpa.org/,ok,https://explorer.ooni.org/m/20260320072054.484403_KR_webconnectivity_5f1b0d1800d6c032
http://www.kwwnet.org/,ok,https://explorer.ooni.org/m/20260320072111.704029_KR_webconnectivity_f189b8ca6d004d5c
http://www.laborrightsnow.org/,ok,https://explorer.ooni.org/m/20260320072119.042949_KR_webconnectivity_8b3c5d58f9b8eb6d
http://www.lanacion.com.ar/,ok,https://explorer.ooni.org/m/20260320072131.341943_KR_webconnectivity_80802c0b71dc61fd
https://www.laquadrature.net/,ok,https://explorer.ooni.org/m/20260320072143.383170_KR_webconnectivity_97511bc1aebe533b
http://www.latimes.com/,ok,https://explorer.ooni.org/m/20260320072200.968820_KR_webconnectivity_ba62cf573366a38c
https://www.lds.org/,ok,https://explorer.ooni.org/m/20260320072213.166007_KR_webconnectivity_626f572d3ca00b7d
http://www.learningpartnership.org/,ok,https://explorer.ooni.org/m/20260320072225.506650_KR_webconnectivity_69c9db73a6c96761
https://www.lemonde.fr/,ok,https://explorer.ooni.org/m/20260320072236.660524_KR_webconnectivity_ad2cb14fc44f5a7d
https://www.lgbtmap.org/,ok,https://explorer.ooni.org/m/20260320072254.113715_KR_webconnectivity_258f3281cf67700e
http://www.lgbtpride.or.kr/,ok,https://explorer.ooni.org/m/20260320072308.142133_KR_webconnectivity_dc03c25b9f66cf65
https://www.lgbtqnation.com/,ok,https://explorer.ooni.org/m/20260320072327.799672_KR_webconnectivity_97256c8a5f482275
https://www.libgen.tw/,ok,https://explorer.ooni.org/m/20260320072330.581644_KR_webconnectivity_82350d423fada3b4
https://www.lilithfund.org/,ok,https://explorer.ooni.org/m/20260320072344.991945_KR_webconnectivity_fc36418df826a083
https://www.limetorrents.lol/,http-failure,https://explorer.ooni.org/m/20260320072347.795918_KR_webconnectivity_f21efd6af53cb772
https://www.literotica.com/,dns,https://explorer.ooni.org/m/20260320072349.270993_KR_webconnectivity_dd09979703a881ad
http://www.littlespeck.com/,ok,https://explorer.ooni.org/m/20260320072356.151676_KR_webconnectivity_ea7cdf6213e2aad3
https://www.logmein.com/,ok,https://explorer.ooni.org/m/20260320072359.460676_KR_webconnectivity_62d42f2cd4d5a874
https://www.lushstories.com/,dns,https://explorer.ooni.org/m/20260320072401.691676_KR_webconnectivity_f0dcbdac8963c5fa
https://www.madre.org/,ok,https://explorer.ooni.org/m/20260320072419.170580_KR_webconnectivity_eda32859cf0489aa
http://www.mainichi.co.jp/,ok,https://explorer.ooni.org/m/20260320072426.760403_KR_webconnectivity_35a221fea2cd2c5a
https://www.mamacash.org/,ok,https://explorer.ooni.org/m/20260320072438.699066_KR_webconnectivity_2d1122efca238b97
https://www.martus.org/,ok,https://explorer.ooni.org/m/20260320072443.785550_KR_webconnectivity_d1a78b1f249e36a0
https://www.marxists.org/,ok,https://explorer.ooni.org/m/20260320072448.658556_KR_webconnectivity_06489a080809f80f
https://www.mc-doualiya.com/,ok,https://explorer.ooni.org/m/20260320072452.112975_KR_webconnectivity_54cb42da7d190a46
http://www.mediareform.co.kr/,ok,https://explorer.ooni.org/m/20260320072503.064057_KR_webconnectivity_f66c1b6466159c84
http://www.mediatoday.co.kr/,ok,https://explorer.ooni.org/m/20260320072518.822807_KR_webconnectivity_34c2d4120c00adfd
http://www.mediaus.co.kr/,ok,https://explorer.ooni.org/m/20260320072530.221268_KR_webconnectivity_57815cc419ac17f7
https://www.megaproxy.com/,dns,https://explorer.ooni.org/m/20260320072531.592916_KR_webconnectivity_ca2cfa316dad8c34
http://www.metal-archives.com/,ok,https://explorer.ooni.org/m/20260320072535.447112_KR_webconnectivity_e3fe2a37355251b0
https://www.mideastyouth.com/,ok,https://explorer.ooni.org/m/20260320072548.126856_KR_webconnectivity_1b58fc03fe006bdd
http://www.migrant114.org/,dns,https://explorer.ooni.org/m/20260320072552.082738_KR_webconnectivity_c5147d241d0252f4
http://www.migrantsinkorea.net/,ok,https://explorer.ooni.org/m/20260320072552.904752_KR_webconnectivity_ac06f39f270d1fc2
http://www.minjok.com/,dns,https://explorer.ooni.org/m/20260320072556.255216_KR_webconnectivity_589125ced9859847
http://www.mizzima.com/,ok,https://explorer.ooni.org/m/20260320072559.711683_KR_webconnectivity_8d39a66de5a78a32
http://www.mnr.gov.cn/,dns,https://explorer.ooni.org/m/20260320072610.338654_KR_webconnectivity_86453dc8fdc53961
https://www.mombian.com/,ok,https://explorer.ooni.org/m/20260320072613.662500_KR_webconnectivity_d91543aefa1c80c4
http://www.mongu.net/,ok,https://explorer.ooni.org/m/20260320072621.702664_KR_webconnectivity_74108f4a7a301dc2
http://www.monkey3.co.kr/,dns,https://explorer.ooni.org/m/20260320072638.547561_KR_webconnectivity_87aff82cafb7ba54
https://www.mormon.org/,ok,https://explorer.ooni.org/m/20260320072646.588222_KR_webconnectivity_c7273c6bf773283f
https://www.mozilla.org/,ok,https://explorer.ooni.org/m/20260320072700.674320_KR_webconnectivity_fdcbbdd7b6a5d5a9
https://www.mp3.com/,error,https://explorer.ooni.org/m/20260320072741.142999_KR_webconnectivity_e8c81854e4d40d9f
https://www.msichoices.org/,dns,https://explorer.ooni.org/m/20260320072743.003056_KR_webconnectivity_b386e4bfcf17a6fe
https://www.muckrock.com/,ok,https://explorer.ooni.org/m/20260320072755.178518_KR_webconnectivity_bf6bdffd2d085a5b
https://www.musalaha.org/,ok,https://explorer.ooni.org/m/20260320072805.899427_KR_webconnectivity_eda0ee8905911c8d
https://www.musixmatch.com/,ok,https://explorer.ooni.org/m/20260320072810.787583_KR_webconnectivity_94e4e9f82bd9023f
http://www.naeil.com/,ok,https://explorer.ooni.org/m/20260320072817.872668_KR_webconnectivity_caecb572afefded3
https://www.namecoin.org/,ok,https://explorer.ooni.org/m/20260320072826.011225_KR_webconnectivity_373af51868b4921a
http://www.naral.org/,ok,https://explorer.ooni.org/m/20260320072827.095972_KR_webconnectivity_06716622d590c794
http://www.nato.int/,ok,https://explorer.ooni.org/m/20260320072842.430060_KR_webconnectivity_bdffeb560ffe7b2f
http://www.navy.mil/,ok,https://explorer.ooni.org/m/20260320072844.752379_KR_webconnectivity_5393eddd86dcee62
https://www.nbc.com/,ok,https://explorer.ooni.org/m/20260320072856.587984_KR_webconnectivity_fafdb9d86eab9b6c
https://www.nbcnews.com/,ok,https://explorer.ooni.org/m/20260320072914.177276_KR_webconnectivity_9159cde221823ae3
https://www.nbcnewyork.com/,ok,https://explorer.ooni.org/m/20260320072926.347420_KR_webconnectivity_0e9f73afb903e7cf
http://www.nclrights.org/,ok,https://explorer.ooni.org/m/20260320072944.094145_KR_webconnectivity_0e1589f8b052f5bc
https://www.ndi.org/,ok,https://explorer.ooni.org/m/20260320072956.889322_KR_webconnectivity_5e527479d78558c2
https://www.ned.org/,ok,https://explorer.ooni.org/m/20260320073013.072429_KR_webconnectivity_70d782b340f15155
http://www.newnownext.com/,ok,https://explorer.ooni.org/m/20260320073026.116313_KR_webconnectivity_ba7d62571a4d93c0
http://www.newnownext.com/franchise/the-backlot/,ok,https://explorer.ooni.org/m/20260320073041.614622_KR_webconnectivity_b36e897ecceda7d3
http://www.newscham.net/,ok,https://explorer.ooni.org/m/20260320073048.674691_KR_webconnectivity_4da003a525e1ac35
https://www.nifty.org/,dns,https://explorer.ooni.org/m/20260320073049.744176_KR_webconnectivity_5f27939352b712c6
https://www.njal.la/,ok,https://explorer.ooni.org/m/20260320073059.077491_KR_webconnectivity_751e5eed6f6301e9
http://www.nkhumanrights.or.kr/,ok,https://explorer.ooni.org/m/20260320073107.092303_KR_webconnectivity_eb3ce5c02285d112
http://www.nkland.org/,ok,https://explorer.ooni.org/m/20260320073107.911452_KR_webconnectivity_faddb56df0c8a567
http://www.nkzone.org/,tcp_ip,https://explorer.ooni.org/m/20260320073154.068251_KR_webconnectivity_5b075fcf68aec461
http://www.nocutnews.co.kr/,ok,https://explorer.ooni.org/m/20260320073208.744771_KR_webconnectivity_1df4686e1bc5b0fb
http://www.nodong.org/,ok,https://explorer.ooni.org/m/20260320073223.268840_KR_webconnectivity_b9c964e664e2f082
http://www.nonghyup.com/,ok,https://explorer.ooni.org/m/20260320073233.677805_KR_webconnectivity_1435813fe32223ff
https://www.nostraightnews.com/,ok,https://explorer.ooni.org/m/20260320073250.899296_KR_webconnectivity_c1ba39fb0d60d8c5
https://www.npr.org/,ok,https://explorer.ooni.org/m/20260320073304.969877_KR_webconnectivity_593cf93dc6df49dd
https://www.nsa.gov/,ok,https://explorer.ooni.org/m/20260320073307.773946_KR_webconnectivity_e2b137ee6fa4ee4f
https://www.ntv.ru/,ok,https://explorer.ooni.org/m/20260320073334.598977_KR_webconnectivity_9ef7390bc3f0427f
https://www.nwci.ie/,ok,https://explorer.ooni.org/m/20260320073342.947753_KR_webconnectivity_e3b31811255a151f
https://www.nytimes.com/,ok,https://explorer.ooni.org/m/20260320073354.420195_KR_webconnectivity_30d05f1899f6f377
http://www.nzeen.com/,ok,https://explorer.ooni.org/m/20260320073403.680993_KR_webconnectivity_0de5d64c32d1c55e
https://www.oas.org/,ok,https://explorer.ooni.org/m/20260320073411.314366_KR_webconnectivity_1c1cb087155bf26a
https://www.occrp.org/,ok,https://explorer.ooni.org/m/20260320073426.218934_KR_webconnectivity_50848ba0ac6d2557
https://www.ohchr.org/,ok,https://explorer.ooni.org/m/20260320073428.651412_KR_webconnectivity_9c15755e9e26a107
http://www.ohmynews.com/,ok,https://explorer.ooni.org/m/20260320073446.167869_KR_webconnectivity_a5674b5f143174cc
http://www.omct.org/,ok,https://explorer.ooni.org/m/20260320073503.121114_KR_webconnectivity_31d2ced147acfeaa
https://www.omct.org/,ok,https://explorer.ooni.org/m/20260320073533.911800_KR_webconnectivity_22389893d40d33e0
http://www.onekorea.org/,ok,https://explorer.ooni.org/m/20260320073543.304489_KR_webconnectivity_4c77a324e35e3fd2
http://www.oneworld.net/,ok,https://explorer.ooni.org/m/20260320073544.763612_KR_webconnectivity_02d11ecaf6a523bc
http://www.onfile.co.kr/,ok,https://explorer.ooni.org/m/20260320073546.774978_KR_webconnectivity_9be75811561ad936
http://www.opec.org/,ok,https://explorer.ooni.org/m/20260320073600.181609_KR_webconnectivity_7663138d22493de3
http://www.openart.or.kr/,ok,https://explorer.ooni.org/m/20260320073610.337357_KR_webconnectivity_8bdd744caaf29083
https://www.opendns.com/,ok,https://explorer.ooni.org/m/20260320073614.446127_KR_webconnectivity_d0e96ba20456b06a
https://www.openpgp.org/,ok,https://explorer.ooni.org/m/20260320073619.954653_KR_webconnectivity_40369393ef949770
https://www.opensocietyfoundations.org/,ok,https://explorer.ooni.org/m/20260320073635.392002_KR_webconnectivity_6bf4f1dd63ffebf7
https://www.opentech.fund/,dns,https://explorer.ooni.org/m/20260320073636.462544_KR_webconnectivity_39d0e701f78ed9f9
http://www.orangefile.com/,dns,https://explorer.ooni.org/m/20260320073640.266546_KR_webconnectivity_96192d201471ce30
https://www.osce.org/,ok,https://explorer.ooni.org/m/20260320073652.223958_KR_webconnectivity_2ec1e7fbad51c8ff
https://www.ou.org/,ok,https://explorer.ooni.org/m/20260320073706.046336_KR_webconnectivity_1b71f0434c710e64
http://www.ournation-school.com/,confirmed,https://explorer.ooni.org/m/20260320073713.017059_KR_webconnectivity_6b603ca85f965964
https://www.out.com/,dns,https://explorer.ooni.org/m/20260320073715.138884_KR_webconnectivity_5dd0cddfb1f75a34
https://www.overdrive.com/,ok,https://explorer.ooni.org/m/20260320073722.505332_KR_webconnectivity_dfae367601b68d87
http://www.pacom.mil/,ok,https://explorer.ooni.org/m/20260320073725.269529_KR_webconnectivity_15e31565a37bd753
http://www.pangari.net/,ok,https://explorer.ooni.org/m/20260320073726.398320_KR_webconnectivity_18e199fa131e327b
http://www.pcusa.org/,ok,https://explorer.ooni.org/m/20260320073745.857564_KR_webconnectivity_c169a0ba761d98b1
http://www.peacefire.org/circumventor/simple-circumventor-instructions.html,dns,https://explorer.ooni.org/m/20260320073747.712244_KR_webconnectivity_d5f7424e1acfa743
http://www.people.com.cn/,ok,https://explorer.ooni.org/m/20260320073801.495182_KR_webconnectivity_88ef4b2c70b8d881
http://www.peoplepower21.org/,ok,https://explorer.ooni.org/m/20260320073813.234943_KR_webconnectivity_29f0f178110c57d2
https://www.phpmyadmin.net/,ok,https://explorer.ooni.org/m/20260320073820.746475_KR_webconnectivity_e2ffe2b03b1bd89d
http://www.pic-international.com/,ok,https://explorer.ooni.org/m/20260320073822.711350_KR_webconnectivity_253e24a119fe70b9
http://www.pikicast.com/,error,https://explorer.ooni.org/m/20260320073825.164720_KR_webconnectivity_967b1931cbc69564
https://www.pinkcupid.com/,dns,https://explorer.ooni.org/m/20260320073826.690909_KR_webconnectivity_5b42e64c5dcaa34a
https://www.pinknews.co.uk/,http-failure,https://explorer.ooni.org/m/20260320073829.330892_KR_webconnectivity_e13c0d255f7177b5
https://www.piratenpartei.ch/,ok,https://explorer.ooni.org/m/20260320073847.048036_KR_webconnectivity_ae910f723ac2c009
http://www.piratpartiet.se/,ok,https://explorer.ooni.org/m/20260320073909.775421_KR_webconnectivity_48a21ad939760663
https://www.plancpills.org/,dns,https://explorer.ooni.org/m/20260320073910.935370_KR_webconnectivity_ebfc40e86244307f
https://www.planetromeo.com/,dns,https://explorer.ooni.org/m/20260320073912.717369_KR_webconnectivity_9430f1eb8d010664
http://www.poweroftruth.net/,ok,https://explorer.ooni.org/m/20260320073924.898189_KR_webconnectivity_4a3c93de03f14857
https://www.pravda.ru/,dns,https://explorer.ooni.org/m/20260320073940.893469_KR_webconnectivity_68a9576be2595463
http://www.pressian.com/,ok,https://explorer.ooni.org/m/20260320073954.870248_KR_webconnectivity_db2e531957f68c36
https://www.pridemedia.com/,ok,https://explorer.ooni.org/m/20260320074009.135827_KR_webconnectivity_e247ab2cd31f3a2b
https://www.privacidade.digital/,ok,https://explorer.ooni.org/m/20260320074018.830902_KR_webconnectivity_f155c842be34023c
https://www.privacyguides.org/,ok,https://explorer.ooni.org/m/20260320074029.020374_KR_webconnectivity_d6d7c89fa0868ddb
https://www.privacyinternational.org/,ok,https://explorer.ooni.org/m/20260320074035.617181_KR_webconnectivity_8502714037e735fc
https://www.privacytools.io/,ok,https://explorer.ooni.org/m/20260320074051.102689_KR_webconnectivity_a646a4ae9a139b5f
https://www.privateinternetaccess.com/,dns,https://explorer.ooni.org/m/20260320074052.266014_KR_webconnectivity_b37db585db117678
http://www.privaterra.org/,ok,https://explorer.ooni.org/m/20260320074107.712481_KR_webconnectivity_6d59418823ffb1f3
https://www.projectveritas.com/,ok,https://explorer.ooni.org/m/20260320074123.247908_KR_webconnectivity_dda6cb0e332e9a5c
https://www.propublica.org/,ok,https://explorer.ooni.org/m/20260320074139.331377_KR_webconnectivity_efeedb1bef6c3d87
https://www.protectioninternational.org/,ok,https://explorer.ooni.org/m/20260320074158.697734_KR_webconnectivity_30b72604c1861aaa
http://www.protest.net/,dns,https://explorer.ooni.org/m/20260320074159.933167_KR_webconnectivity_04091d90c75969fc
http://www.pruna.com/,dns,https://explorer.ooni.org/m/20260320074202.769187_KR_webconnectivity_0996979b7a13b973
https://www.purevpn.com/,dns,https://explorer.ooni.org/m/20260320074203.948192_KR_webconnectivity_beaf5b0a28895e80
http://www.qhnews.com/,ok,https://explorer.ooni.org/m/20260320074223.806866_KR_webconnectivity_46c50e8d34499008
http://www.qhtyzx.com/,ok,https://explorer.ooni.org/m/20260320074224.489508_KR_webconnectivity_e354ec193f76b9ab
http://www.quantico.marines.mil/,ok,https://explorer.ooni.org/m/20260320074226.753014_KR_webconnectivity_a914e39baf5f3f22
https://www.queerty.com/,dns,https://explorer.ooni.org/m/20260320074227.897002_KR_webconnectivity_be906a2845db9315
http://www.radicalparty.org/,ok,https://explorer.ooni.org/m/20260320074247.532538_KR_webconnectivity_50854ecc8fc6ce09
http://www.rainbowfoundation.co.kr/,ok,https://explorer.ooni.org/m/20260320074305.109491_KR_webconnectivity_495ce38ed5ce636c
https://www.rambler.ru/,ok,https://explorer.ooni.org/m/20260320074321.131623_KR_webconnectivity_df0704cc6d3ad7f6
https://www.rawa.org/,ok,https://explorer.ooni.org/m/20260320074326.191955_KR_webconnectivity_f97d2902b2a2ef19
http://www.redian.org/,ok,https://explorer.ooni.org/m/20260320074338.273120_KR_webconnectivity_f88ae7573bba10a6
https://www.redstateaccess.com/,ok,https://explorer.ooni.org/m/20260320074343.651927_KR_webconnectivity_a5911895bcf53ee2
https://www.refugeesinternational.org/,ok,https://explorer.ooni.org/m/20260320074354.807332_KR_webconnectivity_ae70ecac25f6a58d
https://www.reprolegalhelpline.org/,dns,https://explorer.ooni.org/m/20260320074356.373322_KR_webconnectivity_b7d90d5c40f89905
http://www.repubblica.com/,ok,https://explorer.ooni.org/m/20260320074408.066430_KR_webconnectivity_9ac963d273752a7b
https://www.rescue.org/,ok,https://explorer.ooni.org/m/20260320074427.262398_KR_webconnectivity_59ba85abb8a76b06
https://www.researchgate.net/,ok,https://explorer.ooni.org/m/20260320074429.757649_KR_webconnectivity_ce30ede00c05e552
https://www.reuters.com/,ok,https://explorer.ooni.org/m/20260320074433.834196_KR_webconnectivity_e90f8f885a3bf03a
https://www.rfa.org/,ok,https://explorer.ooni.org/m/20260320074445.539291_KR_webconnectivity_e727d3bf5fc290ce
https://www.rferl.org/,ok,https://explorer.ooni.org/m/20260320074501.158686_KR_webconnectivity_4eb37ce5cdba68ee
https://www.rfi.fr/,ok,https://explorer.ooni.org/m/20260320074503.785041_KR_webconnectivity_c48eeb16036f8413
http://www.rights.or.kr/,dns,https://explorer.ooni.org/m/20260320074520.079018_KR_webconnectivity_782e8a9763068118
http://www.righttodie.ca/,ok,https://explorer.ooni.org/m/20260320074523.308079_KR_webconnectivity_1a2bd6f29f176e50
https://www.rollingstone.com/,dns,https://explorer.ooni.org/m/20260320074524.399211_KR_webconnectivity_409e628cb2e53c22
http://www.rsf.org/article.php3?id_article=17361,ok,https://explorer.ooni.org/m/20260320074539.494655_KR_webconnectivity_e233034b9ba46288
https://www.rt.com/,ok,https://explorer.ooni.org/m/20260320074555.093227_KR_webconnectivity_e86f3471c382b442
https://www.rtarabic.com/,ok,https://explorer.ooni.org/m/20260320074623.362810_KR_webconnectivity_eb07565e7cef2eae
http://www.ryongnamsan.edu.kp/,dns,https://explorer.ooni.org/m/20260320074628.760024_KR_webconnectivity_1859bdca30ad4c7d
http://www.samesexmarriage.ca/,dns,https://explorer.ooni.org/m/20260320074630.353127_KR_webconnectivity_4c50e39638c46e19
http://www.sarangbang.or.kr/,ok,https://explorer.ooni.org/m/20260320074638.172166_KR_webconnectivity_e983694506b61bf2
https://www.savethechildren.net/,ok,https://explorer.ooni.org/m/20260320074655.559799_KR_webconnectivity_ef48f4cef8eae97d
https://www.sbs.com.au/language/coronavirus?cid=infocus,ok,https://explorer.ooni.org/m/20260320074707.277361_KR_webconnectivity_1751d32eacee8e0c
http://www.schwarzreport.org/,ok,https://explorer.ooni.org/m/20260320074712.015020_KR_webconnectivity_fda4e63ebc8a1fcb
http://www.scmp.com/,ok,https://explorer.ooni.org/m/20260320074722.970700_KR_webconnectivity_4d6c3f4a4855bef4
https://www.scmp.com/,ok,https://explorer.ooni.org/m/20260320074741.310821_KR_webconnectivity_672a926e4297cbab
https://www.scribd.com/,ok,https://explorer.ooni.org/m/20260320074755.232841_KR_webconnectivity_4d2a01c0e0edb6c6
https://www.scruff.com/,dns,https://explorer.ooni.org/m/20260320074756.067107_KR_webconnectivity_0de981af5153771a
http://www.sealswcc.com/,ok,https://explorer.ooni.org/m/20260320074758.647962_KR_webconnectivity_53229b9cc764ae7e
https://www.secfirst.org/,error,https://explorer.ooni.org/m/20260320074801.241873_KR_webconnectivity_a148ac1859ebffb7
https://www.securityinabox.org/,ok,https://explorer.ooni.org/m/20260320074803.876445_KR_webconnectivity_bab44f24ad1b49ff
https://www.shazam.com/,ok,https://explorer.ooni.org/m/20260320074821.814809_KR_webconnectivity_2b6b521837dc0ab5
https://www.shoe.org/,dns,https://explorer.ooni.org/m/20260320074823.720698_KR_webconnectivity_a4f0c4ef406ec456
http://www.silibank.com/,ok,https://explorer.ooni.org/m/20260320074826.718294_KR_webconnectivity_7c917c05df055640
http://www.sisainlive.com/,ok,https://explorer.ooni.org/m/20260320074827.543658_KR_webconnectivity_dc50626e038b47f7
http://www.sisters.or.kr/,ok,https://explorer.ooni.org/m/20260320074852.609516_KR_webconnectivity_e789621a76aab153
http://www.slsknet.org/,ok,https://explorer.ooni.org/m/20260320074855.104841_KR_webconnectivity_593c017bfe322040
https://www.snapchat.com/,ok,https://explorer.ooni.org/m/20260320074904.421476_KR_webconnectivity_24e4bdca7e8f2996
http://www.snumaum.org/,ok,https://explorer.ooni.org/m/20260320074905.393414_KR_webconnectivity_f0a11e052b16ea64
http://www.socom.mil/,tcp_ip,https://explorer.ooni.org/m/20260320075005.706704_KR_webconnectivity_09303719ce8d7041
http://www.songunpoliticsstudygroup.org/,dns,https://explorer.ooni.org/m/20260320075007.935892_KR_webconnectivity_2b86640bf0a2a219
http://www.soribada.com/,ok,https://explorer.ooni.org/m/20260320075013.883975_KR_webconnectivity_e48f26bb88ddb8f1
http://www.southcom.mil/,ok,https://explorer.ooni.org/m/20260320075016.606970_KR_webconnectivity_09d3b30ddb0f2b19
http://www.sp.or.kr/,dns,https://explorer.ooni.org/m/20260320075018.863616_KR_webconnectivity_fa9457a880daaaf7
https://www.spiegel.de/,ok,https://explorer.ooni.org/m/20260320075039.822685_KR_webconnectivity_61e65421ef5f6092
https://www.spotify.com/,ok,https://explorer.ooni.org/m/20260320075044.113332_KR_webconnectivity_a43fe0388506eb2a
https://www.starlink.com/,ok,https://explorer.ooni.org/m/20260320075048.422909_KR_webconnectivity_0abd51d674bcf754
http://www.state.gov/g/drl/rls/hrrpt/2004/41647.htm,ok,https://explorer.ooni.org/m/20260320075105.485452_KR_webconnectivity_124dc1f57e0c5952
https://www.state.gov/,ok,https://explorer.ooni.org/m/20260320075120.986629_KR_webconnectivity_1b124340078d25a5
https://www.stonewall.org.uk/,ok,https://explorer.ooni.org/m/20260320075135.245233_KR_webconnectivity_c5918be945bbb39a
http://www.stopstreetharassment.org/,ok,https://explorer.ooni.org/m/20260320075144.681979_KR_webconnectivity_b9e93e7e6c57ea7f
http://www.stratcom.mil/,ok,https://explorer.ooni.org/m/20260320075147.675482_KR_webconnectivity_71b4527c2405445c
https://www.surfeasy.com/,dns,https://explorer.ooni.org/m/20260320075149.280597_KR_webconnectivity_73252ace018b8235
http://www.syccr.com/,ok,https://explorer.ooni.org/m/20260320075208.376928_KR_webconnectivity_8c1e705d00fc257c
https://www.teafund.org/,dns,https://explorer.ooni.org/m/20260320075210.439626_KR_webconnectivity_0ae813cd81a0f9a0
https://www.techlore.tech/,ok,https://explorer.ooni.org/m/20260320075218.769574_KR_webconnectivity_d79d3c6763a6fa80
https://www.telegraph.co.uk/,ok,https://explorer.ooni.org/m/20260320075221.235019_KR_webconnectivity_a385f044bc5417b6
https://www.terredeshommes.nl/,ok,https://explorer.ooni.org/m/20260320075235.722398_KR_webconnectivity_18e595d117c77782
https://www.theatlantic.com/,dns,https://explorer.ooni.org/m/20260320075236.767228_KR_webconnectivity_649c3f1d91b7e537
http://www.theepochtimes.com/,ok,https://explorer.ooni.org/m/20260320075248.368217_KR_webconnectivity_eb0720e178567f23
https://www.theguardian.com/,ok,https://explorer.ooni.org/m/20260320075306.426728_KR_webconnectivity_91ea034210838465
http://www.theregister.co.uk/,dns,https://explorer.ooni.org/m/20260320075307.772022_KR_webconnectivity_a33257da55c11e75
https://www.thetrevorproject.org/,dns,https://explorer.ooni.org/m/20260320075312.595380_KR_webconnectivity_42ee9eb551a099e2
https://www.timeout.com/,ok,https://explorer.ooni.org/m/20260320075328.359248_KR_webconnectivity_8146d8f31af8cdb1
http://www.tmz.com/,ok,https://explorer.ooni.org/m/20260320075341.691353_KR_webconnectivity_d7bbcb249a254f6b
http://www.tongilnews.com/,ok,https://explorer.ooni.org/m/20260320075357.264964_KR_webconnectivity_429c6ed0e2a82be9
https://www.torproject.org/,dns,https://explorer.ooni.org/m/20260320075359.156924_KR_webconnectivity_e9abdb94009179c0
http://www.towleroad.com/,dns,https://explorer.ooni.org/m/20260320075401.694559_KR_webconnectivity_6c02f441405a38ee
https://www.transgendermap.com/,ok,https://explorer.ooni.org/m/20260320075415.611431_KR_webconnectivity_b801e0edaec2d46b
https://www.transparency.org/,ok,https://explorer.ooni.org/m/20260320075428.284299_KR_webconnectivity_c69b277e158f4f4f
https://www.tunnelbear.com/,dns,https://explorer.ooni.org/m/20260320075429.896856_KR_webconnectivity_722b13674be3b5d1
https://www.tvc.ru/,ok,https://explorer.ooni.org/m/20260320075435.430946_KR_webconnectivity_908c86db679b7efe
http://www.u4.no/,ok,https://explorer.ooni.org/m/20260320075448.423435_KR_webconnectivity_a4a3f6a789db3894
http://www.ultimate-anonymity.com/,dns,https://explorer.ooni.org/m/20260320075450.674090_KR_webconnectivity_771f4ecabc584273
https://www.un.int/,ok,https://explorer.ooni.org/m/20260320075514.299422_KR_webconnectivity_5cb89dc575c1799a
https://www.un.org/,ok,https://explorer.ooni.org/m/20260320075521.326563_KR_webconnectivity_d80f63a7c9a738b5
https://www.undp.org/,ok,https://explorer.ooni.org/m/20260320075524.341215_KR_webconnectivity_9b7287df359a8bda
https://www.unfe.org/,ok,https://explorer.ooni.org/m/20260320075526.420446_KR_webconnectivity_3e55e58448b253e5
https://www.unfpa.org/,ok,https://explorer.ooni.org/m/20260320075539.033783_KR_webconnectivity_e44508a0b8499384
https://www.unhcr.org/,ok,https://explorer.ooni.org/m/20260320075543.202923_KR_webconnectivity_4ded86dbf6925fb9
https://www.unicef.org/,ok,https://explorer.ooni.org/m/20260320075545.685287_KR_webconnectivity_d652e4ddc4783139
https://www.unwomen.org/,ok,https://explorer.ooni.org/m/20260320075559.821803_KR_webconnectivity_37200a1055d63aea
https://www.upi.com/Top_News/World-News/2019/07/11/Amnesty-International-LGBT-soldiers-face-abuse-in-South-Korea-military/1461562819145/,ok,https://explorer.ooni.org/m/20260320075616.214704_KR_webconnectivity_e3dfe38df9b25e73
https://www.uproxy.org/,dns,https://explorer.ooni.org/m/20260320075617.817459_KR_webconnectivity_9918dabe690b61d0
http://www.upschool.net/xe/,ok,https://explorer.ooni.org/m/20260320075619.804749_KR_webconnectivity_2b46fa3e4b8c4de1
https://www.urduvoa.com/,ok,https://explorer.ooni.org/m/20260320075626.139818_KR_webconnectivity_127e4b138c4bbd28
http://www.uriminzokkiri.com/,tcp_ip,https://explorer.ooni.org/m/20260320075712.147358_KR_webconnectivity_70f38a51533d125b
http://www.usafa.af.mil/,ok,https://explorer.ooni.org/m/20260320075714.569125_KR_webconnectivity_437bb573707c56e6
https://www.usatoday.com/,ok,https://explorer.ooni.org/m/20260320075727.163916_KR_webconnectivity_1be46aaa7a5e4081
http://www.uscg.mil/,ok,https://explorer.ooni.org/m/20260320075730.717586_KR_webconnectivity_309e452c3d04b4e4
https://www.ushmm.org/,ok,https://explorer.ooni.org/m/20260320075759.493674_KR_webconnectivity_38809babcbcc4951
https://www.utorrent.com/,ok,https://explorer.ooni.org/m/20260320075815.854780_KR_webconnectivity_35c7fb65b16b71aa
https://www.vesti.ru/,ok,https://explorer.ooni.org/m/20260320075832.975391_KR_webconnectivity_df828ee622e9fb7f
http://www.vibe.com/,ok,https://explorer.ooni.org/m/20260320075843.034985_KR_webconnectivity_4aa9978352ccaf98
https://www.viber.com/,ok,https://explorer.ooni.org/m/20260320075849.620778_KR_webconnectivity_7874b14c093dbad7
https://www.vice.com/,ok,https://explorer.ooni.org/m/20260320075902.483875_KR_webconnectivity_59e8e16a87fe558e
https://www.videolan.org/,ok,https://explorer.ooni.org/m/20260320075911.839674_KR_webconnectivity_5eca870dea0be7bd
https://www.voanews.com/,ok,https://explorer.ooni.org/m/20260320075920.053978_KR_webconnectivity_d10db7c67552cd26
http://www.vop.co.kr/,error,https://explorer.ooni.org/m/20260320075936.642867_KR_webconnectivity_5d8c36316b60b176
https://www.vpngate.net/,dns,https://explorer.ooni.org/m/20260320075940.395569_KR_webconnectivity_747cd353c78a8aa3
https://www.vpnunlimited.com/,dns,https://explorer.ooni.org/m/20260320075941.247334_KR_webconnectivity_6106dde130bf7582
https://www.warchild.net/,ok,https://explorer.ooni.org/m/20260320075951.068368_KR_webconnectivity_e86724e311ced625
https://www.washingtonpost.com/,dns,https://explorer.ooni.org/m/20260320075951.845204_KR_webconnectivity_e0e8371a3f807122
https://www.washingtontimes.com/,ok,https://explorer.ooni.org/m/20260320080005.285799_KR_webconnectivity_f2a7e84423a4ff47
https://www.wechat.com/,ok,https://explorer.ooni.org/m/20260320080006.964778_KR_webconnectivity_870b7c14f28dd8a5
http://www.well.com/,ok,https://explorer.ooni.org/m/20260320080017.258450_KR_webconnectivity_11e073998b809db7
http://www.well.com/user/queerjhd/,ok,https://explorer.ooni.org/m/20260320080021.564939_KR_webconnectivity_f9163856d43cbbef
https://www.wfp.org/,ok,https://explorer.ooni.org/m/20260320080034.398310_KR_webconnectivity_279c89eecf209378
http://www.wftucentral.org/,ok,https://explorer.ooni.org/m/20260320080043.506927_KR_webconnectivity_0b2af98447fd441d
https://www.whatsapp.com/,ok,https://explorer.ooni.org/m/20260320080057.555940_KR_webconnectivity_19ae9cf59497f43c
https://www.wiesenthal.com/,ok,https://explorer.ooni.org/m/20260320080112.583624_KR_webconnectivity_44bf578eabd9102a
https://www.wikipedia.org/,ok,https://explorer.ooni.org/m/20260320080126.030761_KR_webconnectivity_132885f9c0cc4bc2
https://www.wiktionary.org/,ok,https://explorer.ooni.org/m/20260320080134.591914_KR_webconnectivity_d7c8a2278a381d51
https://www.wilpf.org/,ok,https://explorer.ooni.org/m/20260320080149.439204_KR_webconnectivity_32313981ca095643
http://www.withoutwar.org/,ok,https://explorer.ooni.org/m/20260320080208.393578_KR_webconnectivity_b792b5599b76cba0
https://www.witness.org/,ok,https://explorer.ooni.org/m/20260320080222.820146_KR_webconnectivity_770720cd617b64a6
http://www.wluml.org/,ok,https://explorer.ooni.org/m/20260320080242.209039_KR_webconnectivity_b13afd67d0f7dad8
http://www.wnd.com/,ok,https://explorer.ooni.org/m/20260320080253.878153_KR_webconnectivity_e69972fbf547b222
https://www.womankind.org.uk/,ok,https://explorer.ooni.org/m/20260320080303.354715_KR_webconnectivity_9b5d84153cdf93e2
http://www.women21.or.kr/,ok,https://explorer.ooni.org/m/20260320080308.140468_KR_webconnectivity_4b9ce0a7357ac073
https://www.womenforafghanwomen.org/,ok,https://explorer.ooni.org/m/20260320080321.206961_KR_webconnectivity_bca786b94e08b614
https://www.womenforwomen.org/,ok,https://explorer.ooni.org/m/20260320080332.054638_KR_webconnectivity_e182cadf50973d7c
http://www.womenlink.or.kr/,ok,https://explorer.ooni.org/m/20260320080348.641005_KR_webconnectivity_f341c482131f36c4
http://www.womennews.co.kr/,ok,https://explorer.ooni.org/m/20260320080402.046754_KR_webconnectivity_9d52e7c36ddbce43
https://www.womenonwaves.org/,dns,https://explorer.ooni.org/m/20260320080403.015644_KR_webconnectivity_64c2ba2c6ff172e1
https://www.womenonweb.org/,dns,https://explorer.ooni.org/m/20260320080403.789674_KR_webconnectivity_9b529bbc80e7c165
https://www.womenpeacemakersprogram.org/,ok,https://explorer.ooni.org/m/20260320080418.052060_KR_webconnectivity_5d1a6910da91b58b
http://www.womensmediacenter.com/,ok,https://explorer.ooni.org/m/20260320080430.078655_KR_webconnectivity_9daec90b26860c09
http://www.womenvoters.or.kr/,ok,https://explorer.ooni.org/m/20260320080439.227958_KR_webconnectivity_0f0fc0c4c927df9e
http://www.worldcoalition.org/,ok,https://explorer.ooni.org/m/20260320080452.817710_KR_webconnectivity_defabbeb0cd80659
http://www.worldcorea.net/,confirmed,https://explorer.ooni.org/m/20260320080455.414528_KR_webconnectivity_3d372803b0fd1d98
https://www.wsj.com/,ok,https://explorer.ooni.org/m/20260320080458.926757_KR_webconnectivity_41ba3b258d922b8f
http://www.xinhuanet.com/,ok,https://explorer.ooni.org/m/20260320080513.731499_KR_webconnectivity_4e6085f9fdd7ac4e
https://www.xinjiang.gov.cn/,ok,https://explorer.ooni.org/m/20260320080530.934702_KR_webconnectivity_c4001f4c67b88253
http://www.xxlmag.com/,ok,https://explorer.ooni.org/m/20260320080548.121448_KR_webconnectivity_7a3021169ac195eb
https://www.yellowhammerfund.org/,ok,https://explorer.ooni.org/m/20260320080601.349662_KR_webconnectivity_a41530b742db99ac
http://www.yonhapnews.co.kr/,ok,https://explorer.ooni.org/m/20260320080616.572288_KR_webconnectivity_dc3bf03ac65ad503
http://www.zeit.de/,ok,https://explorer.ooni.org/m/20260320080629.771140_KR_webconnectivity_39c2d3c317b035d4
https://www.zoho.com/,ok,https://explorer.ooni.org/m/20260320080636.056294_KR_webconnectivity_adcae932c0409ffa
https://x1337x.eu/,ok,https://explorer.ooni.org/m/20260320080638.562603_KR_webconnectivity_1f3e2b50de2156a6
http://xxx.lanl.gov/,dns,https://explorer.ooni.org/m/20260320080654.431595_KR_webconnectivity_b520844e996e4e19
http://yesfile.com/,dns,https://explorer.ooni.org/m/20260320080656.082802_KR_webconnectivity_b52df7e701f97b31
https://yggdrasil-network.github.io/,dns,https://explorer.ooni.org/m/20260320080656.986507_KR_webconnectivity_bcc4fd7f7a45567e
http://yolsa.org/,http-diff,https://explorer.ooni.org/m/20260320080702.700942_KR_webconnectivity_25205f61cdbf83c2
http://ytimes.org/,ok,https://explorer.ooni.org/m/20260320080710.649167_KR_webconnectivity_6727a79a08d8af2d
https://yts.lt/,dns,https://explorer.ooni.org/m/20260320080711.740563_KR_webconnectivity_4049a04378ce42a4
https://yts.mx/,dns,https://explorer.ooni.org/m/20260320080712.455360_KR_webconnectivity_1acc04bd9d74cd01
https://z-lib.org/,error,https://explorer.ooni.org/m/20260320080715.644903_KR_webconnectivity_c259e7f8e6acdf9d
https://zenvpn.net/,dns,https://explorer.ooni.org/m/20260320080716.538164_KR_webconnectivity_d7ab493c6130f0f7
https://zh.wikipedia.org/,ok,https://explorer.ooni.org/m/20260320080729.275808_KR_webconnectivity_5a2e40dde7db8955
https://a.slack-edge.com/f70ec/img/test_cdn_pixel.gif,ok,https://explorer.ooni.org/m/20260320080732.591888_KR_webconnectivity_25c2450e103e4e25
https://about.riot.im/,ok,https://explorer.ooni.org/m/20260320080747.656816_KR_webconnectivity_996d525f44a68bbb
http://abpr2.railfan.net/,error,https://explorer.ooni.org/m/20260320080758.099268_KR_webconnectivity_0f6b7535786913c8
https://account.proton.me/,ok,https://explorer.ooni.org/m/20260320080802.254807_KR_webconnectivity_e46db699b354a89c
https://app.developer.here.com/coronavirus/,ok,https://explorer.ooni.org/m/20260320080806.528854_KR_webconnectivity_161a7be834437829
https://app.element.io/,ok,https://explorer.ooni.org/m/20260320080809.686095_KR_webconnectivity_d0028acec518d4c7
https://app.simplelogin.io/,ok,https://explorer.ooni.org/m/20260320080814.541130_KR_webconnectivity_ef30d120b4160cba
https://app.slack.com/robots.txt,ok,https://explorer.ooni.org/m/20260320080817.044519_KR_webconnectivity_63969dc37bfdae4d
https://app.wire.com/,ok,https://explorer.ooni.org/m/20260320080820.750258_KR_webconnectivity_81c60a2fe7c4b79b
https://archive.ph/,ok,https://explorer.ooni.org/m/20260320080826.284845_KR_webconnectivity_35c9d0d9b7a79a64
https://avatars.mds.yandex.net/robots.txt,http-failure,https://explorer.ooni.org/m/20260320080849.143894_KR_webconnectivity_bf6c3bb00d409a61
http://baykoreans.net/,dns,https://explorer.ooni.org/m/20260320080849.899442_KR_webconnectivity_c41f7ca8f2fbb3ca
https://bcc.chat/,ok,https://explorer.ooni.org/m/20260320080852.651200_KR_webconnectivity_3377241c6426cfb1
http://bizLGU.com/,error,https://explorer.ooni.org/m/20260320080854.666393_KR_webconnectivity_926baa82a3d06474
http://bizmessage.kakao.com/,ok,https://explorer.ooni.org/m/20260320080901.384163_KR_webconnectivity_bbfd37cf06827f58
https://briarproject.org/,ok,https://explorer.ooni.org/m/20260320080905.524235_KR_webconnectivity_ab7366888f9dc05a
http://bric.postech.ac.kr/,ok,https://explorer.ooni.org/m/20260320080922.879918_KR_webconnectivity_54528dadffa1a0c7
http://cafe.daum.net/ahyoomee,ok,https://explorer.ooni.org/m/20260320080926.409132_KR_webconnectivity_9cdace54e702d1ec
http://cafe.naver.com/gjhlk,ok,https://explorer.ooni.org/m/20260320080929.736417_KR_webconnectivity_26831b921bbcb550
http://caramasia.gn.apc.org/,tcp_ip,https://explorer.ooni.org/m/20260320081016.582884_KR_webconnectivity_3763a5e8d27ef2b8
https://cc.bingj.com/cache.aspx?q=nothing,dns,https://explorer.ooni.org/m/20260320081017.558675_KR_webconnectivity_777925bf5999af64
https://censored.tv/,ok,https://explorer.ooni.org/m/20260320081033.009027_KR_webconnectivity_ea797a7cf4405ccd
http://chakantv.co.kr/,ok,https://explorer.ooni.org/m/20260320081034.679010_KR_webconnectivity_10523cc2f8f2f41c
https://chat-gpt.org/,ok,https://explorer.ooni.org/m/20260320081043.827629_KR_webconnectivity_17ab35aafaa12109
https://chatgpt.com/,ok,https://explorer.ooni.org/m/20260320081047.901052_KR_webconnectivity_949e51066dd3af63
https://chika.aangat.lahat.computer/,dns,https://explorer.ooni.org/m/20260320081049.076950_KR_webconnectivity_6dd35079c33d9a13
https://cid.contact/,ok,https://explorer.ooni.org/m/20260320081052.809529_KR_webconnectivity_71d79f3cda9963de
https://cinemata.org/,ok,https://explorer.ooni.org/m/20260320081055.403259_KR_webconnectivity_54f7339b726ea033
https://circumcision.org/,ok,https://explorer.ooni.org/m/20260320081105.702208_KR_webconnectivity_d823bc3a156565f5
https://claude.ai/,ok,https://explorer.ooni.org/m/20260320081108.544349_KR_webconnectivity_69668fc0574cfdf2
https://cocaine.org/,dns,https://explorer.ooni.org/m/20260320081109.581568_KR_webconnectivity_db0d6d0f0358ce74
https://coronavirus.app/,dns,https://explorer.ooni.org/m/20260320081110.492230_KR_webconnectivity_5a8d7a4ea5acb6ee
https://coronavirus.jhu.edu/map.html,ok,https://explorer.ooni.org/m/20260320081115.862935_KR_webconnectivity_bbfa25814e0d1369
https://covidtracking.com/,ok,https://explorer.ooni.org/m/20260320081125.720092_KR_webconnectivity_32012300041abf73
https://cwtch.im/,ok,https://explorer.ooni.org/m/20260320081134.599896_KR_webconnectivity_f1886c6c2fb5fa77
http://cyworld.nate.com/club/clubsection/clubSection4_main.asp,ok,https://explorer.ooni.org/m/20260320081136.150310_KR_webconnectivity_0761523f95540be5
https://deepseek.ai/,dns,https://explorer.ooni.org/m/20260320081137.488863_KR_webconnectivity_6bb321392e036f2e
https://delta.chat/,ok,https://explorer.ooni.org/m/20260320081140.757777_KR_webconnectivity_bfa715f6d4c0edea
https://disqus.com/,ok,https://explorer.ooni.org/m/20260320081144.126514_KR_webconnectivity_94277ed510625805
https://dit.whatsapp.net/robots.txt,ok,https://explorer.ooni.org/m/20260320081146.859511_KR_webconnectivity_69bc4410ca47740d
https://dl.acm.org/,ok,https://explorer.ooni.org/m/20260320081150.779720_KR_webconnectivity_7fc59d2fe88a7c5c
http://dongyoungsang.com/,confirmed,https://explorer.ooni.org/m/20260320081153.308165_KR_webconnectivity_77ba5b3849b182cf
https://duckduckgo.com/,http-failure,https://explorer.ooni.org/m/20260320081215.509755_KR_webconnectivity_b95f338ca626b196
https://dweb.link/,dns,https://explorer.ooni.org/m/20260320081216.664379_KR_webconnectivity_916d96b768f33919
https://element.io/,ok,https://explorer.ooni.org/m/20260320081228.022726_KR_webconnectivity_2769e671ab3857e5
https://encrypted-tbn0.gstatic.com/robots.txt,ok,https://explorer.ooni.org/m/20260320081231.656493_KR_webconnectivity_7df8274de5f00df7
https://espiv.net/,ok,https://explorer.ooni.org/m/20260320081239.234149_KR_webconnectivity_3bd5015016ed2227
https://evernote.com/,ok,https://explorer.ooni.org/m/20260320081249.758454_KR_webconnectivity_2e65900e8f11c55a
https://experience.arcgis.com/experience/685d0ace521648f8a5beeeee1b9125cd,ok,https://explorer.ooni.org/m/20260320081253.860443_KR_webconnectivity_dcf9cb447c9826a3
https://external-content.duckduckgo.com/robots.txt,http-failure,https://explorer.ooni.org/m/20260320081315.711428_KR_webconnectivity_58ca6cbcc9ee4963
http://gall.dcinside.com/board/lists/?id=disease,ok,https://explorer.ooni.org/m/20260320081329.839043_KR_webconnectivity_c4a00cfa9782799e
https://gemini.google.com/,ok,https://explorer.ooni.org/m/20260320081346.703632_KR_webconnectivity_9270afac6065bfc8
https://getsession.org/,ok,https://explorer.ooni.org/m/20260320081351.994829_KR_webconnectivity_91ef7dbf2717dff0
https://gisanddata.maps.arcgis.com/apps/dashboards/bda7594740fd40299423467b48e9ecf6,ok,https://explorer.ooni.org/m/20260320081355.088402_KR_webconnectivity_aef87ac1b86d0d0e
http://giveu.net/,ok,https://explorer.ooni.org/m/20260320081416.949414_KR_webconnectivity_a0d6bb974a87e0b7
https://go-text.me/,ok,https://explorer.ooni.org/m/20260320081421.920538_KR_webconnectivity_bdc059e262fa92f5
http://h50030.www5.hp.com/,ok,https://explorer.ooni.org/m/20260320081422.857573_KR_webconnectivity_a66f084ec5bc2f15
https://hgis.uw.edu/virus/,ok,https://explorer.ooni.org/m/20260320081434.505627_KR_webconnectivity_b3860c7ec784f894
https://icao.maps.arcgis.com/apps/opsdashboard/index.html#/977dde48256b489fb48fa98e724721e8,ok,https://explorer.ooni.org/m/20260320081438.431533_KR_webconnectivity_79262f76e7d06757
https://icao.maps.arcgis.com/apps/webappviewer3d/index.html?id=d9d3f8fa9a23425c8f0889baab626186,ok,https://explorer.ooni.org/m/20260320081441.481934_KR_webconnectivity_cf21da85837ea7e6
https://icq.com/,ok,https://explorer.ooni.org/m/20260320081448.516427_KR_webconnectivity_624de7c412181f0f
https://ifacetimeapp.com/,ok,https://explorer.ooni.org/m/20260320081459.472173_KR_webconnectivity_061f9daa9ee07930
https://im0-tub-com.yandex.net/i?id=462f375c96139f1e41d919b44be2d780&n=13&exp=1,tcp_ip,https://explorer.ooni.org/m/20260320081600.103413_KR_webconnectivity_2a1ff9e73e4c8d32
http://imagebingo.naver.com/,ok,https://explorer.ooni.org/m/20260320081602.606736_KR_webconnectivity_61c04c9c6d5b3128
https://imageshack.com/,ok,https://explorer.ooni.org/m/20260320081608.287627_KR_webconnectivity_7abea04aa46dcfb3
https://imgur.com/,dns,https://explorer.ooni.org/m/20260320081609.684484_KR_webconnectivity_30dc9e97f61aa8e4
http://imo.im/,ok,https://explorer.ooni.org/m/20260320081613.649815_KR_webconnectivity_af7bb2c24bb1565f
https://imp.free.fr/,ok,https://explorer.ooni.org/m/20260320081620.747161_KR_webconnectivity_e0eae20353f5d75d
http://internetphone114.com/,ok,https://explorer.ooni.org/m/20260320081621.715251_KR_webconnectivity_a51b0ad8ca8c141a
https://ipfs.io/,dns,https://explorer.ooni.org/m/20260320081623.093504_KR_webconnectivity_08ddb74e9b71e388
https://jami.net/,ok,https://explorer.ooni.org/m/20260320081635.369744_KR_webconnectivity_f506c852dabadfa7
https://journals.lww.com/,ok,https://explorer.ooni.org/m/20260320081637.328751_KR_webconnectivity_4d83300553572c4b
https://kick.com/,dns,https://explorer.ooni.org/m/20260320081638.276761_KR_webconnectivity_c08ced6be8fe1364
https://kidshealth.org/,ok,https://explorer.ooni.org/m/20260320081646.067903_KR_webconnectivity_c108d64b5b0b8aae
http://kr.yahoo.com/,ok,https://explorer.ooni.org/m/20260320081701.910295_KR_webconnectivity_da9aefc343bad398
https://lbry.com/,ok,https://explorer.ooni.org/m/20260320081706.289432_KR_webconnectivity_763d63c68534f7aa
https://lbry.org/,ok,https://explorer.ooni.org/m/20260320081711.881487_KR_webconnectivity_74d0e93dbf6a1934
https://lens.google.com/uploadbyurl?url=https%3A%2F%2Fwww.google.com%2Fimages%2Fbranding%2Fgooglelogo%2F1x%2Fgooglelogo_color_150x54dp.png&hl=en-US&ep=gisb,ok,https://explorer.ooni.org/m/20260320081718.824348_KR_webconnectivity_70466ba94ab2b723
http://lifeline.or.kr/,error,https://explorer.ooni.org/m/20260320081737.137747_KR_webconnectivity_804adec3bc25f0f8
https://line.me/,ok,https://explorer.ooni.org/m/20260320081744.438249_KR_webconnectivity_1b486071aa6dfd22
https://livestream.com/,ok,https://explorer.ooni.org/m/20260320081801.236085_KR_webconnectivity_122eb8aa04396e34
https://login.live.com/,ok,https://explorer.ooni.org/m/20260320081806.953500_KR_webconnectivity_a9bf139f3b6f0f61
http://mail.daum.net/,ok,https://explorer.ooni.org/m/20260320081813.963664_KR_webconnectivity_b6da86e67976544c
https://mail.google.com/,ok,https://explorer.ooni.org/m/20260320081831.561451_KR_webconnectivity_a69fb5c9a72c6c39
http://mail.naver.com/,ok,https://explorer.ooni.org/m/20260320081836.731879_KR_webconnectivity_df7e3b55b85ea269
https://mail.proton.me/,ok,https://explorer.ooni.org/m/20260320081840.041974_KR_webconnectivity_f8d56f6e2041bd60
https://mail.ru/,ok,https://explorer.ooni.org/m/20260320081847.061583_KR_webconnectivity_8959fbe6e10384ad
https://mail.yahoo.com/,ok,https://explorer.ooni.org/m/20260320081854.787330_KR_webconnectivity_d521961b9bca2629
https://mail.yandex.ru/,dns,https://explorer.ooni.org/m/20260320081855.994832_KR_webconnectivity_ae90654f565214e8
https://matrix-client.matrix.org/_matrix/client/versions,ok,https://explorer.ooni.org/m/20260320081859.117776_KR_webconnectivity_207749c5c263350c
https://matrix.org/,ok,https://explorer.ooni.org/m/20260320081904.933199_KR_webconnectivity_81502180a0aaf285
https://matrix.to/,ok,https://explorer.ooni.org/m/20260320081907.381274_KR_webconnectivity_5f55855fe078d8ac
https://mattermost.com/,ok,https://explorer.ooni.org/m/20260320081921.736243_KR_webconnectivity_3dce411a7bd90cee
https://media-arn2-1.cdn.whatsapp.net/robots.txt,ok,https://explorer.ooni.org/m/20260320081924.499206_KR_webconnectivity_c6826c6cf13b5493
https://media.fevn1-1.fna.whatsapp.net/robots.txt,ok,https://explorer.ooni.org/m/20260320081927.888436_KR_webconnectivity_fddc3ee13c62b1b3
https://meet.jit.si/,ok,https://explorer.ooni.org/m/20260320081932.334627_KR_webconnectivity_6fa036312b3b1cc8
https://messages.google.com/,ok,https://explorer.ooni.org/m/20260320081935.332849_KR_webconnectivity_7f33f48ff016680e
https://mmg.whatsapp.net/robots.txt,ok,https://explorer.ooni.org/m/20260320081937.639524_KR_webconnectivity_c7ca0e21b528bcad
https://mobile.element.io/,ok,https://explorer.ooni.org/m/20260320081939.705664_KR_webconnectivity_22e1095e25323b3c
https://msh.org/,ok,https://explorer.ooni.org/m/20260320081953.398766_KR_webconnectivity_e5d93b31a19cf243
https://mytrans.com.tw/,ok,https://explorer.ooni.org/m/20260320081955.892902_KR_webconnectivity_8375ebba0b08e063
https://nextstrain.org/ncov,ok,https://explorer.ooni.org/m/20260320082000.527283_KR_webconnectivity_ac0b6b132a818268
https://nostr.com/,ok,https://explorer.ooni.org/m/20260320082009.285542_KR_webconnectivity_a0612e0ef33ab10a
https://obsproject.com/,ok,https://explorer.ooni.org/m/20260320082015.050411_KR_webconnectivity_db191edad32e86ee
https://odysee.com/,ok,https://explorer.ooni.org/m/20260320082020.890623_KR_webconnectivity_881cca78fdde9f56
http://onairkorean.tv/,dns,https://explorer.ooni.org/m/20260320082022.341222_KR_webconnectivity_61e17c3a4b971b25
https://openai.com/,ok,https://explorer.ooni.org/m/20260320082024.780458_KR_webconnectivity_0b22a91449f409e5
https://openobservatory.slack.com/,ok,https://explorer.ooni.org/m/20260320082031.706104_KR_webconnectivity_081ee69a755d7944
https://opera.com/,ok,https://explorer.ooni.org/m/20260320082049.059025_KR_webconnectivity_7de62be15c5d4a3b
https://outlook.live.com/,ok,https://explorer.ooni.org/m/20260320082053.762773_KR_webconnectivity_6028e087c9b510a5
https://photos.google.com/,ok,https://explorer.ooni.org/m/20260320082104.779127_KR_webconnectivity_6038518c69b51f4d
https://pinboard.in/,ok,https://explorer.ooni.org/m/20260320082108.983346_KR_webconnectivity_dfab6d101b7f4971
https://posteo.de/,ok,https://explorer.ooni.org/m/20260320082119.224785_KR_webconnectivity_bc034e09a6776b35
https://postimage.io/,http-failure,https://explorer.ooni.org/m/20260320082121.469678_KR_webconnectivity_3f7261ea3fead9fb
https://pps.whatsapp.net/robots.txt,ok,https://explorer.ooni.org/m/20260320082123.767902_KR_webconnectivity_32f27578b2ca5a32
https://presearch.com/,ok,https://explorer.ooni.org/m/20260320082127.784816_KR_webconnectivity_508ca40c81b405cf
https://presearch.org/,ok,https://explorer.ooni.org/m/20260320082133.605671_KR_webconnectivity_12e38d29393a4f99
https://rumble.com/,ok,https://explorer.ooni.org/m/20260320082149.699400_KR_webconnectivity_9b555229b0a08ae2
http://sakhr.com/,ok,https://explorer.ooni.org/m/20260320082152.411165_KR_webconnectivity_55afb388d4926c3a
https://search.aol.com/,ok,https://explorer.ooni.org/m/20260320082200.590911_KR_webconnectivity_ae959b704258ccc9
https://search.brave.com/,ok,https://explorer.ooni.org/m/20260320082212.102188_KR_webconnectivity_8245ce61321240c9
https://secure.hi5.com/,ok,https://explorer.ooni.org/m/20260320082226.624643_KR_webconnectivity_c5fbb90c50d598df
https://simplex.chat/,ok,https://explorer.ooni.org/m/20260320082232.155529_KR_webconnectivity_00befcab0e7f5631
https://slack-imgs.com/,ok,https://explorer.ooni.org/m/20260320082237.223974_KR_webconnectivity_62b7e3734092b6f9
https://slack.com/,ok,https://explorer.ooni.org/m/20260320082252.899667_KR_webconnectivity_b5ca3341027b9166
https://spideroak.com/,ok,https://explorer.ooni.org/m/20260320082304.522987_KR_webconnectivity_3291a13bcf54ca41
https://st1.zoom.us/zoom.ico,ok,https://explorer.ooni.org/m/20260320082309.148530_KR_webconnectivity_4d8ef02d4a1171d4
https://support.therapytribe.com/hivaids-support-group/,ok,https://explorer.ooni.org/m/20260320082310.836957_KR_webconnectivity_997b3d0a840372d9
https://t.me/,dns,https://explorer.ooni.org/m/20260320082311.858722_KR_webconnectivity_adbd3cb23cab7312
https://tamtam.chat/,ok,https://explorer.ooni.org/m/20260320082317.617629_KR_webconnectivity_f61a44177e0c4587
http://tcafek.com/,confirmed,https://explorer.ooni.org/m/20260320082334.225261_KR_webconnectivity_6f156759cc2277a8
https://teams.microsoft.com/,ok,https://explorer.ooni.org/m/20260320082353.100285_KR_webconnectivity_7a5275a5d7a041f6
https://telegram.me/,dns,https://explorer.ooni.org/m/20260320082409.112118_KR_webconnectivity_2ef1eb020dc6195e
https://test-ipv6.com/,ok,https://explorer.ooni.org/m/20260320082413.817631_KR_webconnectivity_6c121bb32355e3a1
https://th.bing.com/th/id/OIP.YnpdokcN_OQYn3n41AlqZAHaEe?w=250&h=180&c=7&o=5&pid=1.7,ok,https://explorer.ooni.org/m/20260320082422.175154_KR_webconnectivity_7b4bf3f83659b328
https://translate.google.com/,ok,https://explorer.ooni.org/m/20260320082438.938364_KR_webconnectivity_417bcf69999c07f2
https://translation2.paralink.com/,ok,https://explorer.ooni.org/m/20260320082447.685009_KR_webconnectivity_9985fa0967d0c720
https://transparencyreport.google.com/,ok,https://explorer.ooni.org/m/20260320082452.595918_KR_webconnectivity_1c58d9c9ce8968a1
https://trello.com/,ok,https://explorer.ooni.org/m/20260320082507.653398_KR_webconnectivity_1f3660010fdcea48
https://tse1.explicit.bing.net/robots.txt,dns,https://explorer.ooni.org/m/20260320082509.086809_KR_webconnectivity_a666deeadd97b0ea
https://tuta.com/,ok,https://explorer.ooni.org/m/20260320082526.574497_KR_webconnectivity_ef7a7ca6b26c7af6
http://tvcast.naver.com/,ok,https://explorer.ooni.org/m/20260320082540.275758_KR_webconnectivity_17c084782c8f2b11
http://tvpot.daum.net/,dns,https://explorer.ooni.org/m/20260320082541.905549_KR_webconnectivity_ede0c80d4f6f0d63
http://tvpot.media.daum.net/,ok,https://explorer.ooni.org/m/20260320082543.034218_KR_webconnectivity_70a20be514d5b350
https://tvzil.com/,dns,https://explorer.ooni.org/m/20260320082544.663411_KR_webconnectivity_a7c1b9a7ebfd94c0
https://tx.me/,ok,https://explorer.ooni.org/m/20260320082548.663871_KR_webconnectivity_1682b382c36f3d5b
https://vector.im/_matrix/identity/api/v1,ok,https://explorer.ooni.org/m/20260320082551.308448_KR_webconnectivity_dd12b90d3d71a5fd
https://video-preview.s3.yandex.net/robots.txt,http-failure,https://explorer.ooni.org/m/20260320082614.073538_KR_webconnectivity_cddba76e9de19caf
https://web.wechat.com/,ok,https://explorer.ooni.org/m/20260320082631.052558_KR_webconnectivity_b3fcef702aac6020
https://webcache.googleusercontent.com/robots.txt,ok,https://explorer.ooni.org/m/20260320082635.182511_KR_webconnectivity_bae6ea4d3daf94bc
https://wire.com/,ok,https://explorer.ooni.org/m/20260320082653.782125_KR_webconnectivity_efeceb4e52bb7b76
https://worldhealth.net/,ok,https://explorer.ooni.org/m/20260320082702.740753_KR_webconnectivity_ac5cb38768730394
http://www.aids.or.kr/,ok,https://explorer.ooni.org/m/20260320082708.465877_KR_webconnectivity_ee17b5778d6a56c9
https://www.ananzi.co.za/,ok,https://explorer.ooni.org/m/20260320082715.314886_KR_webconnectivity_324f8835adb1b249
http://www.asiansexgazette.com/,dns,https://explorer.ooni.org/m/20260320082718.662351_KR_webconnectivity_2bf1d7e1cad6ae81
http://www.asiansexgazette.com/asg/asian_health.htm,dns,https://explorer.ooni.org/m/20260320082721.672131_KR_webconnectivity_233ac0a5a3612f3c
http://www.ask.com/,ok,https://explorer.ooni.org/m/20260320082733.445379_KR_webconnectivity_0cafe41eb3f51766
https://www.asterisk.org/,ok,https://explorer.ooni.org/m/20260320082735.535360_KR_webconnectivity_6c689702c05a22e0
https://www.baidu.com/,ok,https://explorer.ooni.org/m/20260320082744.708486_KR_webconnectivity_da3c5cd89973a798
https://www.bbm.com/,ok,https://explorer.ooni.org/m/20260320082758.683368_KR_webconnectivity_a7003ddeaec23acc
https://www.bing.com/,ok,https://explorer.ooni.org/m/20260320082814.142291_KR_webconnectivity_7ba43c82cf1e8faf
https://www.bitchute.com/,ok,https://explorer.ooni.org/m/20260320082818.063520_KR_webconnectivity_ae2ea58ae7ab9eb3
https://www.bittorrent.com/,dns,https://explorer.ooni.org/m/20260320082819.373241_KR_webconnectivity_6d80bc9c3f9cfca7
https://www.blackberry.com/,ok,https://explorer.ooni.org/m/20260320082837.772043_KR_webconnectivity_b0d803ed53418673
https://www.broadvoice.com/,ok,https://explorer.ooni.org/m/20260320082852.446267_KR_webconnectivity_12e26734ab6a01bc
https://www.cdc.go.kr/board/board.es?mid=&bid=0030,error,https://explorer.ooni.org/m/20260320082855.725606_KR_webconnectivity_5982c20d153d37cf
https://www.cdc.gov/,ok,https://explorer.ooni.org/m/20260320082904.198401_KR_webconnectivity_070538b224e6924c
http://www.chol.com/,dns,https://explorer.ooni.org/m/20260320082906.972103_KR_webconnectivity_6bbfd337b859df42
http://www.cirp.org/,ok,https://explorer.ooni.org/m/20260320082912.558383_KR_webconnectivity_3ace4c61dae494fc
http://www.dailymotion.com/kr,ok,https://explorer.ooni.org/m/20260320082920.675737_KR_webconnectivity_4cb3eb957cf388c5
https://www.dailymotion.com/,ok,https://explorer.ooni.org/m/20260320082927.494818_KR_webconnectivity_407aa72d2f596d59
http://www.daum.net/,ok,https://explorer.ooni.org/m/20260320082941.067749_KR_webconnectivity_b722f16d02d58704
https://www.deepseek.com/,dns,https://explorer.ooni.org/m/20260320082947.073068_KR_webconnectivity_63404d4ed7702c66
https://www.doctissimo.fr/,dns,https://explorer.ooni.org/m/20260320082948.198553_KR_webconnectivity_e507bb334817b0fd
https://www.doctorswithoutborders.org/,ok,https://explorer.ooni.org/m/20260320083002.139931_KR_webconnectivity_685a0c235bf2f263
http://www.dogpile.com/,ok,https://explorer.ooni.org/m/20260320083006.325156_KR_webconnectivity_688bea031c482af4
http://www.dreamwiz.com/,ok,https://explorer.ooni.org/m/20260320083031.692999_KR_webconnectivity_3cd0cb0ff207ebd0
https://www.ecdc.europa.eu/,ok,https://explorer.ooni.org/m/20260320083047.871271_KR_webconnectivity_4551723db8f44b9b
https://www.ectaco.com/,dns,https://explorer.ooni.org/m/20260320083050.024430_KR_webconnectivity_4df6f3a820463227
http://www.empas.com/,ok,https://explorer.ooni.org/m/20260320083052.454725_KR_webconnectivity_fee96e2698402365
https://www.engenderhealth.org/,ok,https://explorer.ooni.org/m/20260320083105.726679_KR_webconnectivity_2b4523bfa6b4bbb0
http://www.euthanasia.cc/,ok,https://explorer.ooni.org/m/20260320083112.186274_KR_webconnectivity_72e65b3b4eed5f85
https://www.excite.com/,dns,https://explorer.ooni.org/m/20260320083113.749302_KR_webconnectivity_6368d1212329ca5f
https://www.fastmail.com/,ok,https://explorer.ooni.org/m/20260320083125.382575_KR_webconnectivity_1744b677d22f8477
https://www.flickr.com/,ok,https://explorer.ooni.org/m/20260320083137.577291_KR_webconnectivity_abe4320e1069cdba
https://www.fotki.com/,ok,https://explorer.ooni.org/m/20260320083142.483039_KR_webconnectivity_7e1a3d847f9b4c31
http://www.fotolog.com/,ok,https://explorer.ooni.org/m/20260320083155.710559_KR_webconnectivity_99fdf8d4a61c8d5f
https://www.freepik.com/,ok,https://explorer.ooni.org/m/20260320083159.731163_KR_webconnectivity_2776dee82cf91e19
https://www.gatesfoundation.org/,ok,https://explorer.ooni.org/m/20260320083219.598318_KR_webconnectivity_9e42f8eb5a084ebd
http://www.getdrupe.com/,ok,https://explorer.ooni.org/m/20260320083230.828951_KR_webconnectivity_9c2b53f551f18ccb
https://www.gmx.com/,dns,https://explorer.ooni.org/m/20260320083232.038781_KR_webconnectivity_bcaa0e245dfb76ae
https://www.google.co.kr/,ok,https://explorer.ooni.org/m/20260320083246.944239_KR_webconnectivity_0eaa78f7afcc3563
https://www.google.com/,ok,https://explorer.ooni.org/m/20260320083304.548744_KR_webconnectivity_269d7af72711dc19
https://www.health.com/,ok,https://explorer.ooni.org/m/20260320083307.366762_KR_webconnectivity_a19ccee911bb1d7f
https://www.healthmap.org/covid-19/,ok,https://explorer.ooni.org/m/20260320083310.901142_KR_webconnectivity_8c8c3fac3d20c687
https://www.hightail.com/,ok,https://explorer.ooni.org/m/20260320083317.645853_KR_webconnectivity_8ee9b3589ff08e2d
https://www.hotbot.com/,dns,https://explorer.ooni.org/m/20260320083319.239679_KR_webconnectivity_a09e10e796f57c31
https://www.hushmail.com/,ok,https://explorer.ooni.org/m/20260320083329.495681_KR_webconnectivity_ada71f0f17b5417f
https://www.iconnecthere.com/,ok,https://explorer.ooni.org/m/20260320083334.625078_KR_webconnectivity_34f5c9dd3e1a482f
http://www.implantinfo.com/,ok,https://explorer.ooni.org/m/20260320083345.345171_KR_webconnectivity_5aef65e9550f0512
http://www.inbox.com/,ok,https://explorer.ooni.org/m/20260320083351.837471_KR_webconnectivity_b8dd65cdc00320b6
http://www.internet-phone.co.kr/,tcp_ip,https://explorer.ooni.org/m/20260320083448.024198_KR_webconnectivity_915330b882a6e8ab
http://www.isscr.org/,ok,https://explorer.ooni.org/m/20260320083502.244798_KR_webconnectivity_7b584858f0929e89
https://www.jabber.ru/,ok,https://explorer.ooni.org/m/20260320083507.244233_KR_webconnectivity_5e913c83f6cbe743
http://www.kakao.com/services/8,ok,https://explorer.ooni.org/m/20260320083521.774062_KR_webconnectivity_f3bf1df0dd5c287f
http://www.keptprivate.com/,ok,https://explorer.ooni.org/m/20260320083525.060898_KR_webconnectivity_9686c27c262d1c14
https://www.kff.org/,ok,https://explorer.ooni.org/m/20260320083537.481200_KR_webconnectivity_1c5072a4b5709dff
http://www.kftel.com/,ok,https://explorer.ooni.org/m/20260320083541.047594_KR_webconnectivity_af7ad9f9b1cbe4fb
http://www.kissphoto.net/,ok,https://explorer.ooni.org/m/20260320083543.434146_KR_webconnectivity_9ef3a093674bbb8f
https://www.last.fm/,ok,https://explorer.ooni.org/m/20260320083555.090489_KR_webconnectivity_b3912edb157e1ddd
http://www.lets070.net/,ok,https://explorer.ooni.org/m/20260320083557.754998_KR_webconnectivity_d2585698fef5fdf0
http://www.lingo.com/,error,https://explorer.ooni.org/m/20260320083601.142131_KR_webconnectivity_fcdacb404127c9d1
http://www.linphone.org/,ok,https://explorer.ooni.org/m/20260320083615.896681_KR_webconnectivity_9fd98fa0a8bf005a
https://www.liveleak.com/,error,https://explorer.ooni.org/m/20260320083622.273122_KR_webconnectivity_c87e4623cd0006d5
http://www.love4one.com/,ok,https://explorer.ooni.org/m/20260320083637.960316_KR_webconnectivity_289aef6944e98fa4
http://www.lsinc.co.kr/,ok,https://explorer.ooni.org/m/20260320083639.215908_KR_webconnectivity_b605776c087d931b
http://www.lxnetworks.co.kr/,error,https://explorer.ooni.org/m/20260320083642.824241_KR_webconnectivity_4535ded12b6da00a
http://www.lycos.com/,ok,https://explorer.ooni.org/m/20260320083646.915847_KR_webconnectivity_30d3e3b5d63f9bd8
http://www.magicjack.com/,ok,https://explorer.ooni.org/m/20260320083656.242015_KR_webconnectivity_6d0670d2d44b8b6b
https://www.mail.com/,ok,https://explorer.ooni.org/m/20260320083710.564856_KR_webconnectivity_186dbcf2351528ba
http://www.mail.lycos.com/,ok,https://explorer.ooni.org/m/20260320083716.706176_KR_webconnectivity_fed0f60c688e252a
http://www.mail2web.com/,ok,https://explorer.ooni.org/m/20260320083731.255200_KR_webconnectivity_38546c0ac22d6ffd
http://www.mailinator.com/,ok,https://explorer.ooni.org/m/20260320083745.851498_KR_webconnectivity_43959e16d9cd49e8
https://www.mamma.com/,ok,https://explorer.ooni.org/m/20260320083752.898796_KR_webconnectivity_8e1eb5fef3595716
https://www.mariestopes.org.uk/,ok,https://explorer.ooni.org/m/20260320083810.799364_KR_webconnectivity_b366792411899810
http://www.medecinsdumonde.org/,ok,https://explorer.ooni.org/m/20260320083830.759431_KR_webconnectivity_0d099116baa3cdf4
https://www.mediafire.com/,ok,https://explorer.ooni.org/m/20260320083836.328994_KR_webconnectivity_1c67cd3d1a281e88
http://www.medicinenet.com/,ok,https://explorer.ooni.org/m/20260320083846.632664_KR_webconnectivity_a14b7ee5117eda7c
http://www.mersjido.com/,ok,https://explorer.ooni.org/m/20260320083848.713455_KR_webconnectivity_51cd4c39e05fca68
https://www.messenger.com/,ok,https://explorer.ooni.org/m/20260320083901.078314_KR_webconnectivity_bfdd843f7e82edaf
http://www.metacrawler.com/,dns,https://explorer.ooni.org/m/20260320083903.774371_KR_webconnectivity_1329aef9374a3ffe
https://www.microsoft.com/,ok,https://explorer.ooni.org/m/20260320083916.579054_KR_webconnectivity_563811d2d0e6bca8
http://www.microsofttranslator.com/,ok,https://explorer.ooni.org/m/20260320083929.465993_KR_webconnectivity_5133e6a2f76c791a
https://www.mojeek.com/,ok,https://explorer.ooni.org/m/20260320083932.967672_KR_webconnectivity_8b48568342faa03d
http://www.moohan.net/,dns,https://explorer.ooni.org/m/20260320083937.485586_KR_webconnectivity_b7ec3e7894930984
https://www.msf.org/,ok,https://explorer.ooni.org/m/20260320083950.540812_KR_webconnectivity_c37523071c1bdef4
https://www.msn.com/,ok,https://explorer.ooni.org/m/20260320083959.548218_KR_webconnectivity_0e08d8fddb7d935c
http://www.munjanara.co.kr/,error,https://explorer.ooni.org/m/20260320084021.159233_KR_webconnectivity_e383225bd2ecfbf9
http://www.naver.com/,ok,https://explorer.ooni.org/m/20260320084035.512746_KR_webconnectivity_4610aaf170d1eaba
http://www.netaddress.com/,ok,https://explorer.ooni.org/m/20260320084043.182187_KR_webconnectivity_f27efa5ecc24b509
https://www.netaddress.com/,ok,https://explorer.ooni.org/m/20260320084049.939571_KR_webconnectivity_3f224f40e20ae708
https://www.netflix.com/,ok,https://explorer.ooni.org/m/20260320084111.213520_KR_webconnectivity_846e0f23d1ef1a23
http://www.nicesms.co.kr/,dns,https://explorer.ooni.org/m/20260320084115.100835_KR_webconnectivity_92796d10b25cb801
http://www.olleh-kt.kr/,ok,https://explorer.ooni.org/m/20260320084119.414567_KR_webconnectivity_86cb999981fcfed4
http://www.online-translator.com/,ok,https://explorer.ooni.org/m/20260320084130.801136_KR_webconnectivity_36392d9caad68f2e
http://www.oovoo.com/,ok,https://explorer.ooni.org/m/20260320084150.364639_KR_webconnectivity_dc9b27d3c67bb0ca
https://www.openstreetmap.org/,ok,https://explorer.ooni.org/m/20260320084156.242839_KR_webconnectivity_e7994499972834bf
http://www.orgio.com/,ok,https://explorer.ooni.org/m/20260320084201.758913_KR_webconnectivity_bfdf42f29b4e943d
http://www.paltalk.com/,ok,https://explorer.ooni.org/m/20260320084207.818636_KR_webconnectivity_ea40e1b395a8e7aa
http://www.pandora.com/,ok,https://explorer.ooni.org/m/20260320084212.850843_KR_webconnectivity_d0e82366a9568105
https://www.perplexity.ai/,ok,https://explorer.ooni.org/m/20260320084215.615248_KR_webconnectivity_afa2067f3c145e93
http://www.photobucket.com/,dns,https://explorer.ooni.org/m/20260320084216.407576_KR_webconnectivity_a5372307a6067eee
https://www.pinterest.com/,dns,https://explorer.ooni.org/m/20260320084218.151132_KR_webconnectivity_69477fd630eb3dfe
https://www.postmaster.co.uk/,ok,https://explorer.ooni.org/m/20260320084222.075486_KR_webconnectivity_9c947c26358373b0
http://www.ppca.co.kr/,ok,https://explorer.ooni.org/m/20260320084222.796480_KR_webconnectivity_06f0c21cbf50b529
http://www.ppurio.com/,dns,https://explorer.ooni.org/m/20260320084228.129366_KR_webconnectivity_9abe4a6bf1a48187
https://www.projectbaseline.com/studies/covid-research/,ok,https://explorer.ooni.org/m/20260320084244.228382_KR_webconnectivity_8bb2e96333176076
https://www.proton.me/,ok,https://explorer.ooni.org/m/20260320084259.049775_KR_webconnectivity_15c35d72643054f9
https://www.rki.de/,ok,https://explorer.ooni.org/m/20260320084315.877450_KR_webconnectivity_3c58761a79c5d041
https://www.search.com/,ok,https://explorer.ooni.org/m/20260320084330.723679_KR_webconnectivity_f75e8e8deabf633b
http://www.searchindia.com/,ok,https://explorer.ooni.org/m/20260320084347.179873_KR_webconnectivity_8d9c6f81b9041273
http://www.securenym.net/,ok,https://explorer.ooni.org/m/20260320084351.087225_KR_webconnectivity_34243d477a701b63
https://www.sendspace.com/,dns,https://explorer.ooni.org/m/20260320084352.496202_KR_webconnectivity_af83daa40b6bfc3b
https://www.sendthisfile.com/,ok,https://explorer.ooni.org/m/20260320084404.330369_KR_webconnectivity_735d18273f3d463e
http://www.shinbiro.com/,tcp_ip,https://explorer.ooni.org/m/20260320084451.069075_KR_webconnectivity_8e2f581df17cc7f5
http://www.sina.com.cn/,ok,https://explorer.ooni.org/m/20260320084504.757408_KR_webconnectivity_b7dc67be225adbd1
https://www.skype.com/,ok,https://explorer.ooni.org/m/20260320084513.526415_KR_webconnectivity_bbd9eab799070d19
http://www.skysms.co.kr/,ok,https://explorer.ooni.org/m/20260320084516.132557_KR_webconnectivity_76ef4637e60d3963
http://www.slideshare.net/,ok,https://explorer.ooni.org/m/20260320084533.737320_KR_webconnectivity_e02f9840c5fc98a9
https://www.startmail.com/,ok,https://explorer.ooni.org/m/20260320084544.450785_KR_webconnectivity_472593dd9fcecca6
https://www.subscribestar.com/,ok,https://explorer.ooni.org/m/20260320084602.164150_KR_webconnectivity_38d8c36a9dc4d5d4
http://www.talkyou.me/,ok,https://explorer.ooni.org/m/20260320084608.162004_KR_webconnectivity_bf1a2b8c00319eca
http://www.tango.me/,ok,https://explorer.ooni.org/m/20260320084613.095191_KR_webconnectivity_326c58b9104f92dc
https://www.tawk.to/,ok,https://explorer.ooni.org/m/20260320084624.835271_KR_webconnectivity_5ae516ad327d38b1
https://www.ted.com/,ok,https://explorer.ooni.org/m/20260320084635.472750_KR_webconnectivity_86b63f75abfc60ef
https://www.textra.me/,ok,https://explorer.ooni.org/m/20260320084640.802561_KR_webconnectivity_c32a0b823365ab74
https://www.theglobalfund.org/,ok,https://explorer.ooni.org/m/20260320084652.845869_KR_webconnectivity_c4f33cd55066c7e1
http://www.tialsoft.com/download/,ok,https://explorer.ooni.org/m/20260320084700.091604_KR_webconnectivity_8bcc69e8ea74fb8b
http://www.tialsoft.com/multitranse/,ok,https://explorer.ooni.org/m/20260320084720.123009_KR_webconnectivity_50d151015d76dfab
https://www.transferbigfiles.com/,ok,https://explorer.ooni.org/m/20260320084726.329072_KR_webconnectivity_8189dab06fc7ed9e
http://www.translate.ru/,ok,https://explorer.ooni.org/m/20260320084741.045316_KR_webconnectivity_5ee611582324e83f
http://www.transwhiz.com/,ok,https://explorer.ooni.org/m/20260320084747.331557_KR_webconnectivity_b455a4263bbafd28
https://www.truecaller.com/,ok,https://explorer.ooni.org/m/20260320084805.867391_KR_webconnectivity_17372547b69284ee
https://www.tumblr.com/,dns,https://explorer.ooni.org/m/20260320084808.092819_KR_webconnectivity_d5e149cad39d6021
https://www.twitch.tv/,dns,https://explorer.ooni.org/m/20260320084809.659506_KR_webconnectivity_9ec66aaed4806135
https://www.unaids.org/,ok,https://explorer.ooni.org/m/20260320084823.688102_KR_webconnectivity_1a173044d04ca85d
https://www.ushareit.com/,dns,https://explorer.ooni.org/m/20260320084826.433194_KR_webconnectivity_1d75244f2e078e71
http://www.veoh.com/,ok,https://explorer.ooni.org/m/20260320084827.671111_KR_webconnectivity_73119141e07a3864
https://www.vonage.com/,ok,https://explorer.ooni.org/m/20260320084831.603705_KR_webconnectivity_ffa83ae481482d4b
http://www.vtv.co.kr/,dns,https://explorer.ooni.org/m/20260320084845.931878_KR_webconnectivity_25a72cda724b2baa
https://www.vyke.com/,ok,https://explorer.ooni.org/m/20260320084856.860070_KR_webconnectivity_c2e6aa76087bfb65
http://www.webbox.com/index.php,ok,https://explorer.ooni.org/m/20260320084859.201761_KR_webconnectivity_aaca5c547c7cbf6a
http://www.wevo.co.kr/,error,https://explorer.ooni.org/m/20260320084918.049568_KR_webconnectivity_463775d53369a9af
http://www.whitepages.com/,ok,https://explorer.ooni.org/m/20260320084929.451364_KR_webconnectivity_abdd1475ca76c066
https://www.who.int/,ok,https://explorer.ooni.org/m/20260320084954.951458_KR_webconnectivity_ff2819a4373a7fa7
https://www.wordreference.com/,ok,https://explorer.ooni.org/m/20260320084958.290132_KR_webconnectivity_febb07711c7b9630
https://www.worldometers.info/coronavirus/,ok,https://explorer.ooni.org/m/20260320085016.430857_KR_webconnectivity_35764f3e73906b4e
https://www.y2mate.com/,dns,https://explorer.ooni.org/m/20260320085018.204724_KR_webconnectivity_ddce27e199e1d69c
http://www.yahoo.co.kr/,ok,https://explorer.ooni.org/m/20260320085038.453377_KR_webconnectivity_e71100132ccd40e2
https://www.yahoo.com/,ok,https://explorer.ooni.org/m/20260320085052.882603_KR_webconnectivity_1423270f2ee87394
http://www.zzn.com/,ok,https://explorer.ooni.org/m/20260320085055.427968_KR_webconnectivity_a67cb36f48d29f23
https://ya.ru/,dns,https://explorer.ooni.org/m/20260320085057.180191_KR_webconnectivity_901f2f9bcfd9dcf2
https://yandex.com/,dns,https://explorer.ooni.org/m/20260320085058.585875_KR_webconnectivity_ac2df8ffa97af50e
https://yandexwebcache.net/robots.txt,ok,https://explorer.ooni.org/m/20260320085106.876738_KR_webconnectivity_fd0efae149e869e8
https://zoom.us/,ok,https://explorer.ooni.org/m/20260320085124.011746_KR_webconnectivity_f4de80af0d2f1059
https://9gag.com/,dns,https://explorer.ooni.org/m/20260320085125.221615_KR_webconnectivity_98fc636a532f5418
https://abs.twimg.com/sticky/default_profile_images/default_profile_normal.png,ok,https://explorer.ooni.org/m/20260320085127.743574_KR_webconnectivity_95f9e9dfeea9526e
https://adium.im/,ok,https://explorer.ooni.org/m/20260320085136.190765_KR_webconnectivity_2c0d0421a838be8c
https://badoo.com/,dns,https://explorer.ooni.org/m/20260320085137.677825_KR_webconnectivity_85e237fc9fce4d3d
http://blogmarks.net/,dns,https://explorer.ooni.org/m/20260320085139.724449_KR_webconnectivity_31f74d4a3c46a79f
https://bsky.app/,ok,https://explorer.ooni.org/m/20260320085148.279783_KR_webconnectivity_f98961782e10a0bb
https://cdn.fbsbx.com/favicon.ico,dns,https://explorer.ooni.org/m/20260320085149.775654_KR_webconnectivity_d817f18361277e1a
https://clubhouse.pubnub.com/,ok,https://explorer.ooni.org/m/20260320085153.811713_KR_webconnectivity_372e777b8af22e37
https://ebuddy.com/,ok,https://explorer.ooni.org/m/20260320085200.842901_KR_webconnectivity_6c8c39ef8435d1a0
https://edge-chat.instagram.com/robots.txt,ok,https://explorer.ooni.org/m/20260320085205.476815_KR_webconnectivity_d733edc267fdbcae
https://edge-mqtt.facebook.com/favicon.ico,ok,https://explorer.ooni.org/m/20260320085208.390252_KR_webconnectivity_ec6b8a9ddb386d62
https://elpha.com/,error,https://explorer.ooni.org/m/20260320085211.652606_KR_webconnectivity_fbcd38111865ed55
https://external.xx.fbcdn.net/robots.txt,ok,https://explorer.ooni.org/m/20260320085215.002733_KR_webconnectivity_61d4c84ae766765c
https://fbcdn.net/robots.txt,ok,https://explorer.ooni.org/m/20260320085219.006532_KR_webconnectivity_354a5ec601e8863a
https://foursquare.com/,ok,https://explorer.ooni.org/m/20260320085234.978985_KR_webconnectivity_582d78f543d73987
http://friend.com.kp/,dns,https://explorer.ooni.org/m/20260320085242.013492_KR_webconnectivity_592711ee9aa2d5d3
https://gab.com/,ok,https://explorer.ooni.org/m/20260320085248.183714_KR_webconnectivity_74feee82e05cea72
https://gettr.com/,ok,https://explorer.ooni.org/m/20260320085252.624295_KR_webconnectivity_b6e4af897b14e0c4
https://groups.google.com/,ok,https://explorer.ooni.org/m/20260320085310.518888_KR_webconnectivity_8ba2559f8788d2f8
https://i.instagram.com/robots.txt,ok,https://explorer.ooni.org/m/20260320085313.909957_KR_webconnectivity_1b765f6af3219195
https://i.pinimg.com/236x/78/6e/00/786e00eab219eca59803d118fbe0feb3.jpg,ok,https://explorer.ooni.org/m/20260320085319.528661_KR_webconnectivity_043003afa175a4b0
https://instagram.fsaw1-13.fna.fbcdn.net/favicon.ico,ok,https://explorer.ooni.org/m/20260320085322.907655_KR_webconnectivity_e9af79951ce55e8b
https://joinmastodon.org/,ok,https://explorer.ooni.org/m/20260320085336.125912_KR_webconnectivity_b78df0d521abcbb6
https://locals.com/,ok,https://explorer.ooni.org/m/20260320085350.796846_KR_webconnectivity_b85546f2dd591412
https://lookaside.facebook.com/robots.txt,ok,https://explorer.ooni.org/m/20260320085357.630632_KR_webconnectivity_354cf691d47bdbc4
https://mastodon.cloud/,ok,https://explorer.ooni.org/m/20260320085401.335586_KR_webconnectivity_eaf15f8072fff653
https://mastodon.sdf.org/,ok,https://explorer.ooni.org/m/20260320085405.340048_KR_webconnectivity_1ad5ba7dd4552368
https://mastodon.social/,ok,https://explorer.ooni.org/m/20260320085412.474747_KR_webconnectivity_3a2f904057ede111
https://mastodon.xyz/,ok,https://explorer.ooni.org/m/20260320085419.493302_KR_webconnectivity_68b1774624895b0b
https://mstdn.io/,ok,https://explorer.ooni.org/m/20260320085424.668476_KR_webconnectivity_4a2300d22bd2acc2
https://mstdn.jp/,ok,https://explorer.ooni.org/m/20260320085429.906317_KR_webconnectivity_494b40104679eb39
https://myspace.com/,error,https://explorer.ooni.org/m/20260320085431.224701_KR_webconnectivity_1f734b625812feb9
https://ntc.party/,dns,https://explorer.ooni.org/m/20260320085433.440188_KR_webconnectivity_eee4ebd757c86d0f
https://pbs.twimg.com/profile_images/941658150889054208/lFeD3554_200x200.jpg,ok,https://explorer.ooni.org/m/20260320085436.077855_KR_webconnectivity_2d102fcbb93ca997
https://pixelfed.social/,ok,https://explorer.ooni.org/m/20260320085441.146710_KR_webconnectivity_34b7d196d8773bc6
https://plus.im/,ok,https://explorer.ooni.org/m/20260320085446.388690_KR_webconnectivity_2278c07f943eb277
https://preview.redd.it/robots.txt,ok,https://explorer.ooni.org/m/20260320085449.332133_KR_webconnectivity_67495392b623a9df
https://qph.fs.quoracdn.net/main-thumb-1117688072-200-uijiqfjcmlvaxczdrlawbgyaomfocdnt.jpeg,ok,https://explorer.ooni.org/m/20260320085453.604859_KR_webconnectivity_b2e7116dc26a72a7
https://qsbr.fs.quoracdn.net/-4-web.entry.js.out-34-8f7d03da0b7a24ae.webpack,ok,https://explorer.ooni.org/m/20260320085458.923543_KR_webconnectivity_62c1b2e5441ef83f
https://s.pinimg.com/robots.txt,ok,https://explorer.ooni.org/m/20260320085501.090065_KR_webconnectivity_6e4b9c6d0d780469
https://scontent-ams4-1.cdninstagram.com/favicon.ico,ok,https://explorer.ooni.org/m/20260320085503.775028_KR_webconnectivity_35a95ea317cff983
https://scontent-frt3-2.cdninstagram.com/favicon.ico,ok,https://explorer.ooni.org/m/20260320085504.401000_KR_webconnectivity_d77496c208ed0770
https://scontent-vie1-1.cdninstagram.com/favicon.ico,ok,https://explorer.ooni.org/m/20260320085507.717405_KR_webconnectivity_845d7e343da10e65
https://scontent.cdninstagram.com/robots.txt,ok,https://explorer.ooni.org/m/20260320085510.384585_KR_webconnectivity_23e9fa70e6600066
https://scontent.xx.fbcdn.net/robots.txt,ok,https://explorer.ooni.org/m/20260320085513.164823_KR_webconnectivity_7f0516df36fbca7b
https://secondlife.com/,dns,https://explorer.ooni.org/m/20260320085514.585824_KR_webconnectivity_2ecc62ac025f4616
https://static.cdninstagram.com/robots.txt,ok,https://explorer.ooni.org/m/20260320085517.209672_KR_webconnectivity_64235225cce05a99
https://static.xx.fbcdn.net/favicon.ico,ok,https://explorer.ooni.org/m/20260320085533.228184_KR_webconnectivity_31f1dc802aae22c7
https://staticxx.facebook.com/robots.txt,ok,https://explorer.ooni.org/m/20260320085536.426655_KR_webconnectivity_d0bec27870003d0e
https://styles.redditmedia.com/robots.txt,ok,https://explorer.ooni.org/m/20260320085538.917448_KR_webconnectivity_59642d73a95ad2be
https://tinder.com/,dns,https://explorer.ooni.org/m/20260320085540.594042_KR_webconnectivity_456f03a425386814
https://triller.co/,error,https://explorer.ooni.org/m/20260320085542.430629_KR_webconnectivity_abb3d4d0add32d0b
https://untappd.com/,ok,https://explorer.ooni.org/m/20260320085552.777375_KR_webconnectivity_f374e488b478c0c6
https://upload.twitter.com/robots.txt,ok,https://explorer.ooni.org/m/20260320085554.103419_KR_webconnectivity_628fa46cb29f60f0
https://valence.community/,ok,https://explorer.ooni.org/m/20260320085557.039314_KR_webconnectivity_1b0a52f31ea3e11e
https://video.cdninstagram.com/favicon.ico,ok,https://explorer.ooni.org/m/20260320085600.306719_KR_webconnectivity_82c2cfca21912c0b
https://video.twimg.com/tweet_video/EC6DSXDXsAEhHAa.mp4,ok,https://explorer.ooni.org/m/20260320085607.630949_KR_webconnectivity_0a954d5b59b390ea
https://vk.com/,ok,https://explorer.ooni.org/m/20260320085627.949430_KR_webconnectivity_8c607c3de0b9234c
https://web.facebook.com/robots.txt,ok,https://explorer.ooni.org/m/20260320085634.663022_KR_webconnectivity_bc01958276323a03
https://weibo.com/,ok,https://explorer.ooni.org/m/20260320085640.011529_KR_webconnectivity_6c248d8a0af1c5c1
https://www.4chan.org/,dns,https://explorer.ooni.org/m/20260320085641.650171_KR_webconnectivity_3d242f189ceb3645
https://www.clubhouse.com/,ok,https://explorer.ooni.org/m/20260320085645.402705_KR_webconnectivity_7cb82d2b1260bb1b
https://www.clubhouseapi.com/,ok,https://explorer.ooni.org/m/20260320085646.940599_KR_webconnectivity_d9059fe9ca81dfaf
https://www.douyin.com/,ok,https://explorer.ooni.org/m/20260320085653.299005_KR_webconnectivity_39bb52a12b415845
https://www.hootsuite.com/,ok,https://explorer.ooni.org/m/20260320085704.686458_KR_webconnectivity_cb1fd1b66e09b598
https://www.imqq.com/,ok,https://explorer.ooni.org/m/20260320085707.345139_KR_webconnectivity_ca64577e6ce633f6
https://www.joinclubhouse.com/,ok,https://explorer.ooni.org/m/20260320085710.298865_KR_webconnectivity_0f70c1964a7b2f79
https://www.linkedin.com/,ok,https://explorer.ooni.org/m/20260320085726.904218_KR_webconnectivity_da3167d12f9ef56f
https://www.meetme.com/,dns,https://explorer.ooni.org/m/20260320085728.409655_KR_webconnectivity_6cf2a615036b2274
https://www.meetup.com/,dns,https://explorer.ooni.org/m/20260320085730.175377_KR_webconnectivity_b01f7af3c7c56d5f
https://www.minds.com/,ok,https://explorer.ooni.org/m/20260320085748.634621_KR_webconnectivity_616628642c58327f
https://www.ning.com/,ok,https://explorer.ooni.org/m/20260320085805.668627_KR_webconnectivity_ddabf385f267c470
https://www.patreon.com/,ok,https://explorer.ooni.org/m/20260320085816.595044_KR_webconnectivity_9aed1643fba772a0
https://www.quora.com/,ok,https://explorer.ooni.org/m/20260320085818.921893_KR_webconnectivity_c02c6a57021d9f6f
https://www.redditstatic.com/robots.txt,ok,https://explorer.ooni.org/m/20260320085821.374943_KR_webconnectivity_84bf6b3e26d4c893
https://www.trendsmap.com/,tcp_ip,https://explorer.ooni.org/m/20260320085823.082848_KR_webconnectivity_b6c80a9108a4decc
https://www.worldpulse.com/,ok,https://explorer.ooni.org/m/20260320085826.449964_KR_webconnectivity_25b97236bfbef7e8
https://www.yelp.com/,ok,https://explorer.ooni.org/m/20260320085842.361554_KR_webconnectivity_001ed6628315664e
https://www.yubo.live/,ok,https://explorer.ooni.org/m/20260320085845.891482_KR_webconnectivity_c046aee5332d3eec
http://adb.org/,ok,https://explorer.ooni.org/m/20260320085900.694713_KR_webconnectivity_4690ba74dcf294ec
https://albiononline.com/,dns,https://explorer.ooni.org/m/20260320085901.736684_KR_webconnectivity_be7ddc71c89c2c75
https://alignpay.com/,dns,https://explorer.ooni.org/m/20260320085918.093509_KR_webconnectivity_1f4eacc35bd6ed30
https://api.revenuecat.com/,ok,https://explorer.ooni.org/m/20260320085934.616355_KR_webconnectivity_05068e6ff077be01
https://apis.google.com/robots.txt,ok,https://explorer.ooni.org/m/20260320085948.415107_KR_webconnectivity_9a800e8066db306a
http://archive.ubuntu.com/,ok,https://explorer.ooni.org/m/20260320090021.226266_KR_webconnectivity_01ec895874ad3a8b
https://astalavista.box.sk/,dns,https://explorer.ooni.org/m/20260320090022.714300_KR_webconnectivity_dbf28f56458e1712
https://attrition.org/,ok,https://explorer.ooni.org/m/20260320090026.516082_KR_webconnectivity_ab171b65db19daca
https://beacondb.net/,ok,https://explorer.ooni.org/m/20260320090030.393879_KR_webconnectivity_2f759a230b24fd84
https://bitcoin.org/,dns,https://explorer.ooni.org/m/20260320090031.883469_KR_webconnectivity_f0e0c9124f8c22a4
https://bitcoin.sipa.be/,dns,https://explorer.ooni.org/m/20260320090033.059064_KR_webconnectivity_2d70cfa7dd635fa8
https://blockdx.co/,error,https://explorer.ooni.org/m/20260320090035.184580_KR_webconnectivity_e830e4246d1677e9
https://blog.counter-strike.net/,dns,https://explorer.ooni.org/m/20260320090036.138256_KR_webconnectivity_de57f6cc964a037a
https://blog.mozilla.org/,ok,https://explorer.ooni.org/m/20260320090046.389353_KR_webconnectivity_e67b028eaac121ff
https://bogus.d2a8n1.rootcanary.net/,ok,https://explorer.ooni.org/m/20260320090052.210530_KR_webconnectivity_afb07cbb5b1ae07c
https://brave.com/,ok,https://explorer.ooni.org/m/20260320090107.711767_KR_webconnectivity_f854d57886a6896e
https://bughunters.google.com/,ok,https://explorer.ooni.org/m/20260320090112.601122_KR_webconnectivity_1266140b63b6f6a2
https://cdnjs.com/,ok,https://explorer.ooni.org/m/20260320090125.283016_KR_webconnectivity_ada1c778e6d6e127
http://clients3.google.com/generate_204,ok,https://explorer.ooni.org/m/20260320090127.179156_KR_webconnectivity_cc14fa7dd2a028c4
https://clients5.google.com/robots.txt,ok,https://explorer.ooni.org/m/20260320090129.866788_KR_webconnectivity_78b5e128128ab50f
https://coinmarketcap.com/,dns,https://explorer.ooni.org/m/20260320090131.239968_KR_webconnectivity_ad1614050a8de5b2
https://company.wizards.com/,dns,https://explorer.ooni.org/m/20260320090132.035732_KR_webconnectivity_aa36b3b7589e508a
http://connect.rom.miui.com/generate_204,ok,https://explorer.ooni.org/m/20260320090133.693621_KR_webconnectivity_0ed90f105208f4c4
http://connectivitycheck.android.com/generate_204,ok,https://explorer.ooni.org/m/20260320090135.890314_KR_webconnectivity_17f026e807c584f5
http://connectivitycheck.gstatic.com/generate_204,ok,https://explorer.ooni.org/m/20260320090137.719617_KR_webconnectivity_fdc185b47343b745
https://cultdeadcow.com/,dns,https://explorer.ooni.org/m/20260320090139.248644_KR_webconnectivity_43acbed756c48ae1
https://dashjr.org/,dns,https://explorer.ooni.org/m/20260320090140.531390_KR_webconnectivity_7257c0e3383a99ee
https://defcon.org/,ok,https://explorer.ooni.org/m/20260320090151.798805_KR_webconnectivity_1c00eeea67a95bb4
http://detectportal.firefox.com/success.txt,ok,https://explorer.ooni.org/m/20260320090152.829289_KR_webconnectivity_4b7f6d078c2b95f6
https://dnsleaktest.com/,dns,https://explorer.ooni.org/m/20260320090154.709473_KR_webconnectivity_32c1f1a3087de7de
https://dnsviz.net/,ok,https://explorer.ooni.org/m/20260320090159.736717_KR_webconnectivity_ab662cd94e0ec543
https://doubleclick.net/,ok,https://explorer.ooni.org/m/20260320090208.278318_KR_webconnectivity_bf89a319cf5ad8e7
https://earth.google.com/web/,ok,https://explorer.ooni.org/m/20260320090211.716879_KR_webconnectivity_63a8bdc24606b511
https://electrum.org/,dns,https://explorer.ooni.org/m/20260320090212.955351_KR_webconnectivity_5c2afb3e4eedf9db
https://en.miui.com/,ok,https://explorer.ooni.org/m/20260320090236.622057_KR_webconnectivity_12f108e79793beb3
https://epicgames.com/,dns,https://explorer.ooni.org/m/20260320090238.361160_KR_webconnectivity_10577bea98739bbe
https://etherscan.io/,dns,https://explorer.ooni.org/m/20260320090239.818454_KR_webconnectivity_6b7fb13dd80aadff
https://fedoramagazine.org/,ok,https://explorer.ooni.org/m/20260320090247.592888_KR_webconnectivity_4e9f4db6ac2189a6
https://gamersclub.gg/,dns,https://explorer.ooni.org/m/20260320090248.722118_KR_webconnectivity_db8b0d300ea063a2
https://giganews.com/,dns,https://explorer.ooni.org/m/20260320090250.125103_KR_webconnectivity_fcd2b657bee5ce92
http://gmarket.co.kr/,ok,https://explorer.ooni.org/m/20260320090258.989538_KR_webconnectivity_13715a14b8e963c4
https://hodlhodl.com/,ok,https://explorer.ooni.org/m/20260320090309.726031_KR_webconnectivity_90fddfd0edfc5182
https://insecure.org/,ok,https://explorer.ooni.org/m/20260320090318.870609_KR_webconnectivity_237bfeb96453eac1
https://kh.google.com/rt/earth/PlanetoidMetadata,ok,https://explorer.ooni.org/m/20260320090321.748966_KR_webconnectivity_047ad5c9692b6e83
https://khms0.google.com/kh/v=908?x=81&y=103&z=8,ok,https://explorer.ooni.org/m/20260320090326.154410_KR_webconnectivity_01a84877d1acd25f
https://khms1.google.com/kh/v=908?x=327&y=414&z=10,ok,https://explorer.ooni.org/m/20260320090329.365171_KR_webconnectivity_f8f0a752c37a308e
http://knic.com.kp/,dns,https://explorer.ooni.org/m/20260320090336.464407_KR_webconnectivity_6760d7da1160f7a0
https://krunker.io/,dns,https://explorer.ooni.org/m/20260320090337.612944_KR_webconnectivity_93b136b49189f0d7
https://localmonero.co/,ok,https://explorer.ooni.org/m/20260320090351.360404_KR_webconnectivity_1271b895f4f0a289
https://maps.gstatic.com/tactile/basepage/grid-image.png,ok,https://explorer.ooni.org/m/20260320090354.002016_KR_webconnectivity_da3065f467a83dc7
https://matcha.xyz/,dns,https://explorer.ooni.org/m/20260320090355.622819_KR_webconnectivity_b0b6002510efc427
https://metasploit.com/,ok,https://explorer.ooni.org/m/20260320090403.778264_KR_webconnectivity_0dacabaeb07f3212
https://moodle.org/,ok,https://explorer.ooni.org/m/20260320090411.897997_KR_webconnectivity_b61efc72c40e957b
https://nemtudo.me/,dns,https://explorer.ooni.org/m/20260320090413.052471_KR_webconnectivity_206f3db974401538
http://networkcheck.kde.org/,ok,https://explorer.ooni.org/m/20260320090415.107751_KR_webconnectivity_17af24523dcfc2c7
https://nmap.org/,ok,https://explorer.ooni.org/m/20260320090421.077469_KR_webconnectivity_38050fa00c89ebca
http://nmcheck.gnome.org/check_network_status.txt,ok,https://explorer.ooni.org/m/20260320090423.300886_KR_webconnectivity_f3fb5ab083bec3c5
https://o0.ingest.sentry.io/api/0,ok,https://explorer.ooni.org/m/20260320090424.865288_KR_webconnectivity_0d09ba4483a7ce1f
http://opportunity.org/,ok,https://explorer.ooni.org/m/20260320090429.340153_KR_webconnectivity_3884d6247c7beebd
https://packetstormsecurity.com/,ok,https://explorer.ooni.org/m/20260320090436.563736_KR_webconnectivity_4ab7b05db6a857f1
http://phrack.org/,dns,https://explorer.ooni.org/m/20260320090439.466619_KR_webconnectivity_16f07c1f00bd0214
http://ping.archlinux.org/,ok,https://explorer.ooni.org/m/20260320090443.405246_KR_webconnectivity_ba72ff515e58ccc4
https://plan-uk.org/,ok,https://explorer.ooni.org/m/20260320090458.072311_KR_webconnectivity_3a1d36253b52fa46
https://poki.com/,dns,https://explorer.ooni.org/m/20260320090500.087588_KR_webconnectivity_168bbe486f5f03ad
https://repo1.maven.org/,ok,https://explorer.ooni.org/m/20260320090502.033714_KR_webconnectivity_cd91920f950fea37
https://root-key-sentinel-is-ta-20326.d2a8n3.rootcanary.net/,ok,https://explorer.ooni.org/m/20260320090506.268113_KR_webconnectivity_ee55ed9bfdcda1d5
https://root-key-sentinel-is-ta-38696.d2a8n3.rootcanary.net/,ok,https://explorer.ooni.org/m/20260320090511.063783_KR_webconnectivity_09cfd753ae8b41f6
https://root-key-sentinel-not-ta-20326.d2a8n3.rootcanary.net/,ok,https://explorer.ooni.org/m/20260320090514.951094_KR_webconnectivity_ac6a71a6b0adb371
https://root-key-sentinel-not-ta-38696.d2a8n3.rootcanary.net/,ok,https://explorer.ooni.org/m/20260320090521.105074_KR_webconnectivity_268647f1a1ea1107
https://s3.amazonaws.com/ooni-data/archives-raw/yaml_tar_vault.json,ok,https://explorer.ooni.org/m/20260320090537.029142_KR_webconnectivity_b99531dbfbad768b
https://seclists.org/,ok,https://explorer.ooni.org/m/20260320090551.370243_KR_webconnectivity_314ff4a400b46285
https://sentry.io/api/0/,ok,https://explorer.ooni.org/m/20260320090553.386526_KR_webconnectivity_1ce00c45a3276fbf
https://sourceforge.net/projects/loic/,ok,https://explorer.ooni.org/m/20260320090607.426938_KR_webconnectivity_88d8cd5e256cb12c
http://start.ubuntu.com/connectivity-check.html,ok,https://explorer.ooni.org/m/20260320090609.725283_KR_webconnectivity_59ae0c4accb47a7f
https://store.epicgames.com/,dns,https://explorer.ooni.org/m/20260320090610.862861_KR_webconnectivity_b38d1d1c84437938
https://store.steampowered.com/,dns,https://explorer.ooni.org/m/20260320090612.364042_KR_webconnectivity_9b4eb5698b921d57
https://swift.org/,ok,https://explorer.ooni.org/m/20260320090615.294754_KR_webconnectivity_ce240fdbbe2901a2
https://thehackernews.com/,ok,https://explorer.ooni.org/m/20260320090628.484339_KR_webconnectivity_7448f726bffc2215
https://tigerweb.ru/,tcp_ip,https://explorer.ooni.org/m/20260320090701.658195_KR_webconnectivity_5db99b642f77e4da
https://tlauncher.org/,dns,https://explorer.ooni.org/m/20260320090702.882501_KR_webconnectivity_2f37ab1234fb66b8
https://toolbox.googleapps.com/,ok,https://explorer.ooni.org/m/20260320090708.213876_KR_webconnectivity_41fa2f69b13038e2
https://totaljerkface.com/,dns,https://explorer.ooni.org/m/20260320090709.319947_KR_webconnectivity_ad74db166a531885
https://trisquel.info/,ok,https://explorer.ooni.org/m/20260320090716.358822_KR_webconnectivity_1ae358536266c479
https://uphold.com/,dns,https://explorer.ooni.org/m/20260320090717.728780_KR_webconnectivity_6a118c12fdeada47
https://use-application-dns.net/,ok,https://explorer.ooni.org/m/20260320090724.676787_KR_webconnectivity_426e61a0586106a2
https://wasabiwallet.io/,ok,https://explorer.ooni.org/m/20260320090738.130933_KR_webconnectivity_3a638af7c39816c5
https://wkkf.org/,ok,https://explorer.ooni.org/m/20260320090746.575880_KR_webconnectivity_522ef44f8095c73d
https://worldofwarcraft.com/,dns,https://explorer.ooni.org/m/20260320090748.624312_KR_webconnectivity_abe438b38e92436c
http://wowbogo.net/,ok,https://explorer.ooni.org/m/20260320090749.633493_KR_webconnectivity_2bc58a0579453d39
http://www.11st.co.kr/,ok,https://explorer.ooni.org/m/20260320090751.722616_KR_webconnectivity_084807cd2f4e0925
https://www.2600.com/,dns,https://explorer.ooni.org/m/20260320090753.648349_KR_webconnectivity_f5acc60b56bc2fe5
https://www.airbnb.co.kr/,ok,https://explorer.ooni.org/m/20260320090807.560973_KR_webconnectivity_134bcbf4baffdc05
https://www.akdn.org/,ok,https://explorer.ooni.org/m/20260320090819.764636_KR_webconnectivity_fc1a9fd8a755cc05
https://www.amazon.com/,ok,https://explorer.ooni.org/m/20260320090823.183259_KR_webconnectivity_0e5d5a06cb2e8736
http://www.apple.com/library/test/success.html,ok,https://explorer.ooni.org/m/20260320090825.211108_KR_webconnectivity_c941fdb6ecacc71a
https://www.apple.com/,ok,https://explorer.ooni.org/m/20260320090837.031295_KR_webconnectivity_41fd126c789fa742
http://www.auction.co.kr/,ok,https://explorer.ooni.org/m/20260320090839.354065_KR_webconnectivity_7de7ed44d5f562ab
https://www.babbel.com/,ok,https://explorer.ooni.org/m/20260320090850.812248_KR_webconnectivity_8288652ce61e56d7
http://www.barnesandnoble.com/,error,https://explorer.ooni.org/m/20260320090951.161821_KR_webconnectivity_f7603f2a3a036dee
https://www.binance.com/,dns,https://explorer.ooni.org/m/20260320090952.962782_KR_webconnectivity_8bbe58ab7880fc94
http://www.blackhat.be/,dns,https://explorer.ooni.org/m/20260320090954.785594_KR_webconnectivity_eb53f732a2164898
https://www.bitfinex.com/,dns,https://explorer.ooni.org/m/20260320090953.817127_KR_webconnectivity_a5e932054dcc8736
https://www.blizzard.com/,dns,https://explorer.ooni.org/m/20260320090955.693809_KR_webconnectivity_42535f5dda65d8c7
https://www.blockchain.com/,dns,https://explorer.ooni.org/m/20260320090956.437559_KR_webconnectivity_985ec23ba8be69b3
http://www.bobaedream.co.kr/,ok,https://explorer.ooni.org/m/20260320091003.563138_KR_webconnectivity_c787b368395d0477
https://www.care.org/,ok,https://explorer.ooni.org/m/20260320091022.200904_KR_webconnectivity_eb8e03de6405b53b
https://www.ccc.de/,ok,https://explorer.ooni.org/m/20260320091026.699504_KR_webconnectivity_a68282162a535f9e
http://www.ccej.or.kr/,ok,https://explorer.ooni.org/m/20260320091039.097880_KR_webconnectivity_7e85746949c6d3de
https://www.chess.com/,dns,https://explorer.ooni.org/m/20260320091040.139823_KR_webconnectivity_09fb230c85f792f5
https://www.chromium.org/,ok,https://explorer.ooni.org/m/20260320091041.922653_KR_webconnectivity_5dd698ef437b9b0f
https://www.coinbase.com/,dns,https://explorer.ooni.org/m/20260320091043.002523_KR_webconnectivity_99f71d4de9fcaae8
https://www.coinex.com/,dns,https://explorer.ooni.org/m/20260320091044.691348_KR_webconnectivity_84ffdbd7a96ed4df
https://www.common-fund.org/,ok,https://explorer.ooni.org/m/20260320091055.624841_KR_webconnectivity_19023be0395d6bc3
https://www.concern.net/,ok,https://explorer.ooni.org/m/20260320091104.804592_KR_webconnectivity_f7c538daee4ef1a2
https://www.coolmathgames.com/,dns,https://explorer.ooni.org/m/20260320091105.869605_KR_webconnectivity_cc84751b47de83ac
https://www.craigslist.org/,dns,https://explorer.ooni.org/m/20260320091109.102490_KR_webconnectivity_1a11fd25dba8ddbf
https://www.crs.org/,ok,https://explorer.ooni.org/m/20260320091111.209958_KR_webconnectivity_63da4f574f748253
http://www.cyber-pirates.org/,ok,https://explorer.ooni.org/m/20260320091134.910382_KR_webconnectivity_afa6fce3241473a3
https://www.darknet.org.uk/,dns,https://explorer.ooni.org/m/20260320091136.956711_KR_webconnectivity_7ef2502f825e4b8b
https://www.ddo.com/,dns,https://explorer.ooni.org/m/20260320091139.680666_KR_webconnectivity_e4fccb4edae7bda4
https://www.ea.com/,dns,https://explorer.ooni.org/m/20260320091140.667524_KR_webconnectivity_ac90acfa9e0d5ce9
https://www.ebay.com/,ok,https://explorer.ooni.org/m/20260320091159.871720_KR_webconnectivity_f77b1139a5b8cd3b
https://www.eccouncil.org/,ok,https://explorer.ooni.org/m/20260320091221.332591_KR_webconnectivity_946edaa0d04a46ed
https://www.episcopalrelief.org/,ok,https://explorer.ooni.org/m/20260320091232.632334_KR_webconnectivity_71723850589a8594
https://www.eveonline.com/,dns,https://explorer.ooni.org/m/20260320091234.373974_KR_webconnectivity_ca9843a8d884b3fe
https://www.exploit-db.com/,dns,https://explorer.ooni.org/m/20260320091235.649512_KR_webconnectivity_778c63cd49c9b41d
https://www.f-list.net/,dns,https://explorer.ooni.org/m/20260320091237.272604_KR_webconnectivity_d835905c5b6c7668
http://www.feedtheminds.org/,tcp_ip,https://explorer.ooni.org/m/20260320091238.313055_KR_webconnectivity_185de32686cad1a9
http://www.fki.or.kr/,ok,https://explorer.ooni.org/m/20260320091241.348813_KR_webconnectivity_b54d4814bbb1ef15
https://www.g5.com/,dns,https://explorer.ooni.org/m/20260320091244.319784_KR_webconnectivity_60594edb065172e5
https://www.gamespot.com/,dns,https://explorer.ooni.org/m/20260320091245.937079_KR_webconnectivity_826db93b039c0bba
https://www.gazprombank.ru/,ok,https://explorer.ooni.org/m/20260320091306.006468_KR_webconnectivity_eff207e27c5e008c
https://www.genymotion.com/,ok,https://explorer.ooni.org/m/20260320091315.527327_KR_webconnectivity_4e201a50f6ec1480
https://www.globalgiving.org/,ok,https://explorer.ooni.org/m/20260320091320.162872_KR_webconnectivity_7c27d266c75debb9
https://www.gofundme.com/,ok,https://explorer.ooni.org/m/20260320091335.196951_KR_webconnectivity_294dcc2cae724f0e
https://www.gog.com/,dns,https://explorer.ooni.org/m/20260320091336.407160_KR_webconnectivity_d8cce47ea06ab5d7
https://www.groupon.com/,ok,https://explorer.ooni.org/m/20260320091338.914962_KR_webconnectivity_1f244ae2db4a1eb3
https://www.guildwars.com/,dns,https://explorer.ooni.org/m/20260320091340.334518_KR_webconnectivity_36b9baf422bfce2a
https://www.habbo.com/,dns,https://explorer.ooni.org/m/20260320091342.298651_KR_webconnectivity_4fd98dfc9ba0e809
http://www.hackforums.net/,dns,https://explorer.ooni.org/m/20260320091343.633202_KR_webconnectivity_9f1299271a66c822
http://www.hackhull.com/,dns,https://explorer.ooni.org/m/20260320091344.696487_KR_webconnectivity_1de28fa066d1d3c6
http://www.hackinthebox.org/,tcp_ip,https://explorer.ooni.org/m/20260320091353.633855_KR_webconnectivity_6b0026c2a38b41af
http://www.hacktivismo.com/,dns,https://explorer.ooni.org/m/20260320091355.346577_KR_webconnectivity_944122dc8f631199
https://www.helvetas.ch/,ok,https://explorer.ooni.org/m/20260320091415.347659_KR_webconnectivity_e131a8ae0bf56a45
https://www.idrc.ca/,ok,https://explorer.ooni.org/m/20260320091442.470474_KR_webconnectivity_239ebab2ff0049b2
http://www.idsoftware.com/,dns,https://explorer.ooni.org/m/20260320091443.921799_KR_webconnectivity_10e2f14f691b72e0
https://www.ifad.org/,ok,https://explorer.ooni.org/m/20260320091446.994276_KR_webconnectivity_05fd9c483465c4c5
https://www.ifc.org/,ok,https://explorer.ooni.org/m/20260320091459.487680_KR_webconnectivity_d788c305fe5f3b2e
https://www.imf.org/,ok,https://explorer.ooni.org/m/20260320091502.141428_KR_webconnectivity_4aac9868fd7204e5
https://www.international.gc.ca/,ok,https://explorer.ooni.org/m/20260320091507.625156_KR_webconnectivity_51f8bb11160313dc
https://www.internetsociety.org/,ok,https://explorer.ooni.org/m/20260320091522.832634_KR_webconnectivity_748593e09cb147d7
http://www.inven.co.kr/,dns,https://explorer.ooni.org/m/20260320091526.589044_KR_webconnectivity_f48370bae9146f81
https://www.kali.org/,ok,https://explorer.ooni.org/m/20260320091533.804747_KR_webconnectivity_b166c0372cf17e4e
https://www.kbs-frb.be/,ok,https://explorer.ooni.org/m/20260320091545.135820_KR_webconnectivity_304f47066eb92ef6
https://www.kraken.com/,dns,https://explorer.ooni.org/m/20260320091545.869694_KR_webconnectivity_e11438b63a391c93
https://www.kucoin.com/,dns,https://explorer.ooni.org/m/20260320091548.005887_KR_webconnectivity_6a0dee4094a4c2f2
https://www.lastwar.com/,dns,https://explorer.ooni.org/m/20260320091549.641448_KR_webconnectivity_a5587edce06ed263
https://www.macfound.org/,ok,https://explorer.ooni.org/m/20260320091600.716777_KR_webconnectivity_d82095b1243951f9
https://www.malwares.com/,ok,https://explorer.ooni.org/m/20260320091604.593996_KR_webconnectivity_69aac34ab2c4ff4c
https://www.minecraft.net/,dns,https://explorer.ooni.org/m/20260320091606.017712_KR_webconnectivity_5e55fadb3f975635
http://www.msftconnecttest.com/connecttest.txt,ok,https://explorer.ooni.org/m/20260320091608.899570_KR_webconnectivity_584b8ab662aab79c
http://www.msftncsi.com/ncsi.txt,ok,https://explorer.ooni.org/m/20260320091610.407809_KR_webconnectivity_5f055c1b159ec72e
http://www.netmarble.net/,dns,https://explorer.ooni.org/m/20260320091613.973193_KR_webconnectivity_330d0a2b25e186e7
http://www.nexon.com/,dns,https://explorer.ooni.org/m/20260320091614.827514_KR_webconnectivity_573cc9cc48c10798
http://www.nmrc.org/,dns,https://explorer.ooni.org/m/20260320091616.895972_KR_webconnectivity_3592f1aeaaba234d
https://www.origin.com/,dns,https://explorer.ooni.org/m/20260320091618.209833_KR_webconnectivity_06ec00522970179d
https://www.oxfam.org/,ok,https://explorer.ooni.org/m/20260320091632.882434_KR_webconnectivity_a9aa4f2dc7792dee
https://www.paralleleconomy.com/,ok,https://explorer.ooni.org/m/20260320091645.956850_KR_webconnectivity_d14dc0039c42ffba
https://www.paypal.com/,ok,https://explorer.ooni.org/m/20260320091659.494742_KR_webconnectivity_9b1d68fb7538e1fb
http://www.pcgamer.com/,dns,https://explorer.ooni.org/m/20260320091700.443787_KR_webconnectivity_aa39871733d9f38c
https://www.playstation.com/,dns,https://explorer.ooni.org/m/20260320091701.402061_KR_webconnectivity_b86d838b02878e13
http://www.pmang.com/,dns,https://explorer.ooni.org/m/20260320091702.554963_KR_webconnectivity_fda86782605ce8a6
https://www.pogo.com/,dns,https://explorer.ooni.org/m/20260320091704.141405_KR_webconnectivity_94bd80aa3eb923d0
https://www.progressio.org.uk/,ok,https://explorer.ooni.org/m/20260320091708.299299_KR_webconnectivity_27555a785fc62207
https://www.pubg.com/,dns,https://explorer.ooni.org/m/20260320091709.224441_KR_webconnectivity_e6633f796dcc1324
https://www.rbf.org/,ok,https://explorer.ooni.org/m/20260320091717.536434_KR_webconnectivity_a440a87d84173486
http://www.riftgame.com/,dns,https://explorer.ooni.org/m/20260320091719.183127_KR_webconnectivity_276d79ea83af8c76
https://www.roblox.com/,dns,https://explorer.ooni.org/m/20260320091721.019834_KR_webconnectivity_04bf7105e98a803c
http://www.rockstargames.com/,dns,https://explorer.ooni.org/m/20260320091722.058325_KR_webconnectivity_595fd0a5ceddda54
http://www.runescape.com/,dns,https://explorer.ooni.org/m/20260320091723.960791_KR_webconnectivity_6b2fb1f999f82519
http://www.sida.se/,ok,https://explorer.ooni.org/m/20260320091742.628090_KR_webconnectivity_61e2b99e3f08b0f2
http://www.square-enix.com/,dns,https://explorer.ooni.org/m/20260320091744.954582_KR_webconnectivity_6aab4940db72b250
https://www.thegeekdiary.com/,ok,https://explorer.ooni.org/m/20260320091746.026839_KR_webconnectivity_7a962becb9a4fca4
https://www.uber.com/,ok,https://explorer.ooni.org/m/20260320091754.677201_KR_webconnectivity_9fffcb5b09919b73
https://www.ubisoft.com/,dns,https://explorer.ooni.org/m/20260320091756.158893_KR_webconnectivity_f83085b1605ff479
http://www.unlockme.co.uk/,ok,https://explorer.ooni.org/m/20260320091758.921774_KR_webconnectivity_4f67d43003a2349d
https://www.usaid.gov/,ok,https://explorer.ooni.org/m/20260320091802.919062_KR_webconnectivity_391b0566fd7c5e70
https://www.walmart.com/,ok,https://explorer.ooni.org/m/20260320091814.147545_KR_webconnectivity_85c0bc23b010f8ee
https://www.weforum.org/,ok,https://explorer.ooni.org/m/20260320091815.966495_KR_webconnectivity_b5bd69af76cbe087
https://www.westernunion.com/,ok,https://explorer.ooni.org/m/20260320091827.645987_KR_webconnectivity_7fa9d20683b2d348
https://www.wmtransfer.com/,ok,https://explorer.ooni.org/m/20260320091840.210083_KR_webconnectivity_6078edbe42120e45
https://www.worldbank.org/,ok,https://explorer.ooni.org/m/20260320091848.646468_KR_webconnectivity_716e4ac3654cace2
https://www.xbox.com/,dns,https://explorer.ooni.org/m/20260320091849.852834_KR_webconnectivity_d312cf190573e349
http://www.zone-h.org/,ok,https://explorer.ooni.org/m/20260320091851.513810_KR_webconnectivity_e14b47fd02976e2d
https://xe.com/,ok,https://explorer.ooni.org/m/20260320091909.876551_KR_webconnectivity_b002be5205613662
http://zipbogo.net/,confirmed,https://explorer.ooni.org/m/20260320091912.415161_KR_webconnectivity_1e23cc4c958d148a
https://1.0.0.1/dns-query?dns=q80BAAABAAAAAAAAA3d3dwdleGFtcGxlA2NvbQAAAQAB,ok,https://explorer.ooni.org/m/20260320091913.376386_KR_webconnectivity_1cc65113bc2e8f52
https://1.0.0.3/dns-query?dns=q80BAAABAAAAAAAAA3d3dwdleGFtcGxlA2NvbQAAAQAB,ok,https://explorer.ooni.org/m/20260320091914.435285_KR_webconnectivity_d5ac52082c2b6af0
https://1.1.1.1/dns-query?dns=q80BAAABAAAAAAAAA3d3dwdleGFtcGxlA2NvbQAAAQAB,tcp_ip,https://explorer.ooni.org/m/20260320091945.354212_KR_webconnectivity_9f3f7077824c9ae7
https://1.1.1.3/dns-query?dns=q80BAAABAAAAAAAAA3d3dwdleGFtcGxlA2NvbQAAAQAB,tcp_ip,https://explorer.ooni.org/m/20260320092016.013490_KR_webconnectivity_af916a8b262039a0
https://149.112.112.9/dns-query?dns=q80BAAABAAAAAAAAA3d3dwdleGFtcGxlA2NvbQAAAQAB,ok,https://explorer.ooni.org/m/20260320092017.441383_KR_webconnectivity_cac7b2954880feb8
https://350.org/,ok,https://explorer.ooni.org/m/20260320092031.129324_KR_webconnectivity_4ee52951622bd656
https://8.8.4.4/dns-query?dns=q80BAAABAAAAAAAAA3d3dwdleGFtcGxlA2NvbQAAAQAB,ok,https://explorer.ooni.org/m/20260320092032.801944_KR_webconnectivity_ced7254a153860c9
https://8.8.8.8/dns-query?dns=q80BAAABAAAAAAAAA3d3dwdleGFtcGxlA2NvbQAAAQAB,ok,https://explorer.ooni.org/m/20260320092035.053564_KR_webconnectivity_c4c989e8bfd760e7
https://8kun.top/,dns,https://explorer.ooni.org/m/20260320092037.899079_KR_webconnectivity_bb0ae345b7cdb617
https://9.9.9.9/dns-query?dns=q80BAAABAAAAAAAAA3d3dwdleGFtcGxlA2NvbQAAAQAB,tcp_ip,https://explorer.ooni.org/m/20260320092038.751160_KR_webconnectivity_14f6a41bb3c68461
https://abortion-korea.org/,http-failure,https://explorer.ooni.org/m/20260320092042.611661_KR_webconnectivity_01ade254c17df7b8
https://abortion.eu/,dns,https://explorer.ooni.org/m/20260320092043.989391_KR_webconnectivity_52e4f70495e97426
https://abortion.kr/,dns,https://explorer.ooni.org/m/20260320092045.381051_KR_webconnectivity_f9a8af0a18d454f2
https://abortionfunds.org/,dns,https://explorer.ooni.org/m/20260320092047.783800_KR_webconnectivity_7ffd7e0036ef7664
https://abortionnetwork.amsterdam/,dns,https://explorer.ooni.org/m/20260320092050.182981_KR_webconnectivity_e2e75d916d2d6b73
https://abortionpillinfo.org/,ok,https://explorer.ooni.org/m/20260320092055.823463_KR_webconnectivity_f4f8f1e78a1af6f4
https://aidaccess.org/,dns,https://explorer.ooni.org/m/20260320092056.596044_KR_webconnectivity_ce72106cbb6f7083
https://ajax.aspnetcdn.com/ajax/4.5.2/1/MicrosoftAjax.js,ok,https://explorer.ooni.org/m/20260320092105.711937_KR_webconnectivity_eae7442cba023fed
https://amp.cloudflare.com/v0/amp-iframe-0.1.js,ok,https://explorer.ooni.org/m/20260320092108.484510_KR_webconnectivity_838f087ec098bb14
https://android.apis.google.com/robots.txt,ok,https://explorer.ooni.org/m/20260320092111.092628_KR_webconnectivity_c47a74b159be9749
https://android.googleapis.com/robots.txt,ok,https://explorer.ooni.org/m/20260320092115.431780_KR_webconnectivity_cc3cdead4264ec1b
https://api.github.com/,ok,https://explorer.ooni.org/m/20260320092118.354334_KR_webconnectivity_9972154829962f8b
https://apps.apple.com/us/developer/apple/id284417353/,ok,https://explorer.ooni.org/m/20260320092133.271028_KR_webconnectivity_4ade824722173a53
https://archive.is/,ok,https://explorer.ooni.org/m/20260320092142.917267_KR_webconnectivity_ce2700b9aec7f163
https://archive.org/,http-failure,https://explorer.ooni.org/m/20260320092146.594776_KR_webconnectivity_9d3387c3bbfa09f0
https://assets.gitlab-static.net/robots.txt,ok,https://explorer.ooni.org/m/20260320092147.328355_KR_webconnectivity_998bd46a9e75c602
http://bestiz.net/,ok,https://explorer.ooni.org/m/20260320092149.676395_KR_webconnectivity_3f21e6b8788a593b
https://bit.ly/,http-failure,https://explorer.ooni.org/m/20260320092152.332038_KR_webconnectivity_bd582e33928dd73e
https://bitbucket.org/,dns,https://explorer.ooni.org/m/20260320092153.949656_KR_webconnectivity_8fd284f825c5f1b3
https://bitly.com/,dns,https://explorer.ooni.org/m/20260320092155.328935_KR_webconnectivity_6eefc8a11ec5e5bb
http://blog.naver.com/,ok,https://explorer.ooni.org/m/20260320092204.097000_KR_webconnectivity_30464c43203b3298
http://cafe.daum.net/Kgreens,ok,https://explorer.ooni.org/m/20260320092207.034959_KR_webconnectivity_4b66ece5c335a4a2
http://cafe.daum.net/chiwoo/,ok,https://explorer.ooni.org/m/20260320092210.526901_KR_webconnectivity_e320b22387d09864
http://cafe.daum.net/ok1221,ok,https://explorer.ooni.org/m/20260320092213.875906_KR_webconnectivity_35c3faea51e870c2
http://cafe.daum.net/ssaumjil,ok,https://explorer.ooni.org/m/20260320092216.332692_KR_webconnectivity_d626ae60a8032dcd
http://cafe.daum.net/subdued20club/,ok,https://explorer.ooni.org/m/20260320092219.569734_KR_webconnectivity_b5a781a8c62cdb33
http://cafe.daum.net/truepicture/,ok,https://explorer.ooni.org/m/20260320092222.766220_KR_webconnectivity_88ec5bc113f04e18
http://cafe.naver.com/imsanbu,ok,https://explorer.ooni.org/m/20260320092240.224193_KR_webconnectivity_d842703982d1dd15
https://cdn-client.medium.com/lite/static/js/manifest.ef5f44d2.js,ok,https://explorer.ooni.org/m/20260320092242.638943_KR_webconnectivity_150a05278f6ecda3
https://cdn.ampproject.org/v0/amp-iframe-0.1.js,ok,https://explorer.ooni.org/m/20260320092246.787035_KR_webconnectivity_1bdb83930bca428a
https://cdn.jsdelivr.net/favicon.ico,ok,https://explorer.ooni.org/m/20260320092250.356883_KR_webconnectivity_98788db024cc1acb
https://cdn.sstatic.net/Img/home/open-source.svg,ok,https://explorer.ooni.org/m/20260320092252.037937_KR_webconnectivity_f847814dedd304d7
https://cdnjs.cloudflare.com/,ok,https://explorer.ooni.org/m/20260320092254.967514_KR_webconnectivity_1f6d75fa0602fd3a
https://churchofgodinchristmennonite.net/,ok,https://explorer.ooni.org/m/20260320092303.004466_KR_webconnectivity_816d001043c1d57c
https://cites.org/,ok,https://explorer.ooni.org/m/20260320092305.414515_KR_webconnectivity_406bf2d2c2c5dbb4
https://citizensclimatelobby.org/,ok,https://explorer.ooni.org/m/20260320092318.135360_KR_webconnectivity_c11bc5f3d2de79c6
http://cloud.naver.com/,ok,https://explorer.ooni.org/m/20260320092324.324094_KR_webconnectivity_ef482c3af5be7d16
https://cloudflare-dns.com/dns-query?dns=q80BAAABAAAAAAAAA3d3dwdleGFtcGxlA2NvbQAAAQAB,tcp_ip,https://explorer.ooni.org/m/20260320092325.288204_KR_webconnectivity_eba02bfd9098dbdb
https://cloudflare-ech.com/,ok,https://explorer.ooni.org/m/20260320092338.782213_KR_webconnectivity_17cab5d91ef2a524
http://clparty.kr/,error,https://explorer.ooni.org/m/20260320092355.109061_KR_webconnectivity_6a38c0f74d7193cf
https://code.jquery.com/,ok,https://explorer.ooni.org/m/20260320092402.206419_KR_webconnectivity_323daed4b6d8ba5c
https://codeberg.org/,ok,https://explorer.ooni.org/m/20260320092408.424663_KR_webconnectivity_52f9de93ba78c25a
https://codeload.github.com/github/rally/tar.gz/v1.0.1,ok,https://explorer.ooni.org/m/20260320092423.002526_KR_webconnectivity_f62d85e71f818216
http://cyworld.nate.com/,ok,https://explorer.ooni.org/m/20260320092424.302811_KR_webconnectivity_213ead3a7860ea45
https://data.worldbank.org/topic/environment,ok,https://explorer.ooni.org/m/20260320092441.509844_KR_webconnectivity_b9998561e048baa7
http://debate.org.uk/,error,https://explorer.ooni.org/m/20260320092447.087238_KR_webconnectivity_5c463b99f47ffae7
https://dharmanet.org/,ok,https://explorer.ooni.org/m/20260320092501.715001_KR_webconnectivity_0d1c87f30afca31d
https://digital.globalclimatestrike.net/,ok,https://explorer.ooni.org/m/20260320092516.311696_KR_webconnectivity_a0782cdaf98adf16
https://dl.bintray.com/jfrog/xray/,ok,https://explorer.ooni.org/m/20260320092525.843095_KR_webconnectivity_995ff9a21e79aa7a
https://dl.google.com/robots.txt,ok,https://explorer.ooni.org/m/20260320092529.119968_KR_webconnectivity_10dce26c836a5d9b
https://dlive.tv/,dns,https://explorer.ooni.org/m/20260320092531.164737_KR_webconnectivity_81e0e7c90f486f0f
https://dns.adguard.com/dns-query?dns=q80BAAABAAAAAAAAA3d3dwdleGFtcGxlA2NvbQAAAQAB,tcp_ip,https://explorer.ooni.org/m/20260320092532.347290_KR_webconnectivity_edac5078ea2e3797
https://dns.google/,ok,https://explorer.ooni.org/m/20260320092534.922680_KR_webconnectivity_c5fcbce68dab5bbe
https://dns.quad9.net/dns-query?dns=q80BAAABAAAAAAAAA3d3dwdleGFtcGxlA2NvbQAAAQAB,tcp_ip,https://explorer.ooni.org/m/20260320092536.732861_KR_webconnectivity_dca3c73e62d37ebb
https://docs.github.com/,ok,https://explorer.ooni.org/m/20260320092543.464542_KR_webconnectivity_896ae35c894527ec
https://doh-fi.blahdns.com/dns-query?dns=q80BAAABAAAAAAAAA3d3dwdleGFtcGxlA2NvbQAAAQAB,dns,https://explorer.ooni.org/m/20260320092544.995930_KR_webconnectivity_5185e8ee61bc8df5
https://doh.centraleu.pi-dns.com/dns-query?dns=q80BAAABAAAAAAAAA3d3dwdleGFtcGxlA2NvbQAAAQAB,dns,https://explorer.ooni.org/m/20260320092545.724213_KR_webconnectivity_e862a5a467710d1a
https://doh.dns.sb/dns-query?dns=q80BAAABAAAAAAAAA3d3dwdleGFtcGxlA2NvbQAAAQAB,dns,https://explorer.ooni.org/m/20260320092602.248516_KR_webconnectivity_ff4d52b10ba1bf35
https://doh.opendns.com/dns-query?dns=q80BAAABAAAAAAAAA3d3dwdleGFtcGxlA2NvbQAAAQAB,tcp_ip,https://explorer.ooni.org/m/20260320092603.460306_KR_webconnectivity_679aa4530f5fcc6c
https://download-installer.cdn.mozilla.net/,ok,https://explorer.ooni.org/m/20260320092605.845691_KR_webconnectivity_e5adc433d0369994
https://dzen.ru/,dns,https://explorer.ooni.org/m/20260320092607.155117_KR_webconnectivity_d5fe963c5d5d5f7b
https://earthobservatory.nasa.gov/global-maps,ok,https://explorer.ooni.org/m/20260320092621.363453_KR_webconnectivity_01fbc0d181c35015
https://earthwatch.org/,ok,https://explorer.ooni.org/m/20260320092628.931704_KR_webconnectivity_e17c3d56057b244a
https://emchurch.org/,ok,https://explorer.ooni.org/m/20260320092634.450647_KR_webconnectivity_0abab75be7bf222a
https://espivblogs.net/,ok,https://explorer.ooni.org/m/20260320092650.232443_KR_webconnectivity_777f8a8331484b89
https://family.cloudflare-dns.com/dns-query?dns=q80BAAABAAAAAAAAA3d3dwdleGFtcGxlA2NvbQAAAQAB,dns,https://explorer.ooni.org/m/20260320092651.448969_KR_webconnectivity_dad8e1d0f0ba506c
https://fcm.googleapis.com/$discovery/rest?version=v1,ok,https://explorer.ooni.org/m/20260320092659.508385_KR_webconnectivity_0a79a5537bcb9cb9
https://findmymethod.org/,dns,https://explorer.ooni.org/m/20260320092701.119897_KR_webconnectivity_918f513f05b2d79b
https://firebaseinstallations.googleapis.com/robots.txt,ok,https://explorer.ooni.org/m/20260320092712.860560_KR_webconnectivity_513134c3f86aded9
https://fosfeminista.org/,ok,https://explorer.ooni.org/m/20260320092716.088942_KR_webconnectivity_3c74cb7c4f067a5b
https://freedns.afraid.org/,dns,https://explorer.ooni.org/m/20260320092718.396724_KR_webconnectivity_26d0a3dcbdf96611
https://fridaysforfuture.org/,ok,https://explorer.ooni.org/m/20260320092730.967298_KR_webconnectivity_bfa6c94b04389888
https://friendsoftheearth.uk/,ok,https://explorer.ooni.org/m/20260320092742.289697_KR_webconnectivity_1146e4c67d724708
https://frontlineaids.org/,ok,https://explorer.ooni.org/m/20260320092757.114287_KR_webconnectivity_1ad2fe7fc4667a48
https://gaggaalliance.org/,ok,https://explorer.ooni.org/m/20260320092809.767554_KR_webconnectivity_8feb39937c94192e
http://gall.dcinside.com/,ok,https://explorer.ooni.org/m/20260320092830.213533_KR_webconnectivity_07691f906c311a6b
http://gesomoon.com/Ver2/,ok,https://explorer.ooni.org/m/20260320092833.415294_KR_webconnectivity_f6b7281f8123b019
https://ghost.org/,ok,https://explorer.ooni.org/m/20260320092847.026646_KR_webconnectivity_ddc5515385ed96c0
https://gist.github.com/,ok,https://explorer.ooni.org/m/20260320092901.054412_KR_webconnectivity_e8a5cd718048b5e3
https://git.io/,dns,https://explorer.ooni.org/m/20260320092903.109076_KR_webconnectivity_fd860087ccac6944
https://github.com/,ok,https://explorer.ooni.org/m/20260320092915.533345_KR_webconnectivity_f8ca5d40b3ee87f7
https://github.com/twbs/bootstrap/releases/download/v4.5.3/bootstrap-4.5.3-examples.zip,ok,https://explorer.ooni.org/m/20260320092932.197669_KR_webconnectivity_44a77bbcaa6845f6
https://github.githubassets.com/images/modules/open_graph/github-logo.png,ok,https://explorer.ooni.org/m/20260320092935.303238_KR_webconnectivity_525e8a72d9ea031f
https://gitlab.com/,dns,https://explorer.ooni.org/m/20260320092936.787416_KR_webconnectivity_c63cfdb32760c5a3
https://globalconservation.org/,ok,https://explorer.ooni.org/m/20260320092949.549845_KR_webconnectivity_778b2792f7d92796
https://goaskalice.columbia.edu/,ok,https://explorer.ooni.org/m/20260320093002.608775_KR_webconnectivity_fb57d867683eaa3c
https://greenhost.net/,ok,https://explorer.ooni.org/m/20260320093009.354573_KR_webconnectivity_b870c6cd3cd17830
https://i.ytimg.com/vi/JBRf3nEqfZ8/hq720.jpg,ok,https://explorer.ooni.org/m/20260320093020.725868_KR_webconnectivity_e60d050c1c9766bb
https://iarf.net/,ok,https://explorer.ooni.org/m/20260320093033.178192_KR_webconnectivity_dc97a35cc50f01ee
https://impactlab.org/,ok,https://explorer.ooni.org/m/20260320093045.347253_KR_webconnectivity_b1d90132c6a9b671
https://isaalmasih.net/,ok,https://explorer.ooni.org/m/20260320093047.765459_KR_webconnectivity_7aa3a162134da17e
https://islamic-relief.org/,ok,https://explorer.ooni.org/m/20260320093103.948556_KR_webconnectivity_1af3001452b408e8
https://islamonline.net/,ok,https://explorer.ooni.org/m/20260320093117.093193_KR_webconnectivity_6d7c44d2266c2650
https://jainworld.com/,ok,https://explorer.ooni.org/m/20260320093129.157089_KR_webconnectivity_4322340aab40032c
https://joturl.com/,ok,https://explorer.ooni.org/m/20260320093134.436307_KR_webconnectivity_aeb5f16ce276b232
https://krishna.com/,ok,https://explorer.ooni.org/m/20260320093147.614947_KR_webconnectivity_36f3cf4c6fb8efaa
https://letsencrypt.org/,ok,https://explorer.ooni.org/m/20260320093158.055563_KR_webconnectivity_83b2a973b49a65b2
https://lh3.ggpht.com/_mm3cDcdhxkc/SzkPLt_zDUI/AAAAAAAAAZM/UplZlTSCVQc/s800/DSC_5305.jpg,ok,https://explorer.ooni.org/m/20260320093214.869480_KR_webconnectivity_180407d43a682015
https://lh3.googleusercontent.com/favicon.ico,ok,https://explorer.ooni.org/m/20260320093217.316484_KR_webconnectivity_6b0d6158d5a4569e
https://lh4.ggpht.com/_PvLDsC2pRvk/ShwiscZujVI/AAAAAAAAFIQ/4q-TYiQ13-k/s512/DSC01330.jpg,ok,https://explorer.ooni.org/m/20260320093228.167773_KR_webconnectivity_9c64070adddb61aa
https://media0.giphy.com/robots.txt,ok,https://explorer.ooni.org/m/20260320093230.276024_KR_webconnectivity_dad45801ae73bbf6
https://media3.giphy.com/robots.txt,ok,https://explorer.ooni.org/m/20260320093231.701685_KR_webconnectivity_1c3d6a2953e2b768
https://medium.com/,ok,https://explorer.ooni.org/m/20260320093234.255565_KR_webconnectivity_65c9c006e43844bd
https://miro.medium.com/robots.txt,ok,https://explorer.ooni.org/m/20260320093237.117621_KR_webconnectivity_a26857aa998e1f95
http://mlbpark.donga.com/,ok,https://explorer.ooni.org/m/20260320093247.408988_KR_webconnectivity_399da413d447de26
https://moodle.com/,ok,https://explorer.ooni.org/m/20260320093300.520249_KR_webconnectivity_4917dbbaaa67d108
https://movabletype.com/,ok,https://explorer.ooni.org/m/20260320093304.639522_KR_webconnectivity_10040f335633a92a
https://mozilla.cloudflare-dns.com/dns-query?dns=q80BAAABAAAAAAAAA3d3dwdleGFtcGxlA2NvbQAAAQAB,dns,https://explorer.ooni.org/m/20260320093305.841305_KR_webconnectivity_2840521394bfc889
https://myabortionstory.tumblr.com/,dns,https://explorer.ooni.org/m/20260320093307.678839_KR_webconnectivity_9caa4fd2c2fa042b
https://nazarene.org/,ok,https://explorer.ooni.org/m/20260320093322.392598_KR_webconnectivity_dd82040117cb7bd6
http://ndrive.naver.com/,ok,https://explorer.ooni.org/m/20260320093327.303418_KR_webconnectivity_6eddee9b1a5c31b1
https://noblogs.org/,ok,https://explorer.ooni.org/m/20260320093336.971791_KR_webconnectivity_58241be64ab557fa
https://notifications-pa.googleapis.com/robots.txt,ok,https://explorer.ooni.org/m/20260320093341.257495_KR_webconnectivity_d9b36e1607190eb5
https://oceanconservancy.org/,ok,https://explorer.ooni.org/m/20260320093352.131412_KR_webconnectivity_f7e405cda859c760
https://ooni.github.io/,ok,https://explorer.ooni.org/m/20260320093356.839322_KR_webconnectivity_9c38fd2301da3094
https://ow.ly/,ok,https://explorer.ooni.org/m/20260320093403.689366_KR_webconnectivity_c226da125d1678a0
https://pastebin.com/,dns,https://explorer.ooni.org/m/20260320093404.534309_KR_webconnectivity_d0fd72fbc5d56ae2
http://peta.xxx/,dns,https://explorer.ooni.org/m/20260320093405.656343_KR_webconnectivity_a03d4106c0b22084
https://pingomatic.com/,ok,https://explorer.ooni.org/m/20260320093409.710301_KR_webconnectivity_1daaa40e9e849af2
https://play-lh.googleusercontent.com/SZ7vNaa9txw_JsYsiOOP4_4fOaKfJVMQ-_aM10MW7x93IPDYoqdIkHSw-ffCgBABFSM=s256-rw,ok,https://explorer.ooni.org/m/20260320093412.721202_KR_webconnectivity_f25478f5642e47fb
https://play.google.com/,ok,https://explorer.ooni.org/m/20260320093427.372685_KR_webconnectivity_e26d09e427e53ac3
https://play.googleapis.com/robots.txt,ok,https://explorer.ooni.org/m/20260320093430.406919_KR_webconnectivity_8d131ec2f4647299
https://private.canadianshield.cira.ca/dns-query?dns=q80BAAABAAAAAAAAA3d3dwdleGFtcGxlA2NvbQAAAQAB,ok,https://explorer.ooni.org/m/20260320093434.214411_KR_webconnectivity_49dccb278a134807
https://prolife.com/,dns,https://explorer.ooni.org/m/20260320093438.933947_KR_webconnectivity_195f9f7688196d20
https://prq.se/,dns,https://explorer.ooni.org/m/20260320093440.402833_KR_webconnectivity_ffffb7a2fe7f1dce
https://quran.com/,ok,https://explorer.ooni.org/m/20260320093448.852869_KR_webconnectivity_dfcd0837bc9e96c9
http://r3.o.lencr.org/,ok,https://explorer.ooni.org/m/20260320093449.508952_KR_webconnectivity_95491f435a4b28c2
https://raw.githubusercontent.com/ooni/spec/master/README.md,dns,https://explorer.ooni.org/m/20260320093450.240119_KR_webconnectivity_6b3e72fc5fffc211
https://rebellion.global/,ok,https://explorer.ooni.org/m/20260320093456.835434_KR_webconnectivity_695db16730f39dcd
https://redapes.org/,ok,https://explorer.ooni.org/m/20260320093507.203352_KR_webconnectivity_1cc2ca031dd54c6f
https://replug.io/,ok,https://explorer.ooni.org/m/20260320093521.314386_KR_webconnectivity_f3c61778ac9696ee
http://ruliweb.daum.net/,http-failure,https://explorer.ooni.org/m/20260320093526.857384_KR_webconnectivity_d0d89962f321c958
https://rutube.ru/,ok,https://explorer.ooni.org/m/20260320093544.601086_KR_webconnectivity_9cc6bce79cdec8a3
https://safe2choose.org/,dns,https://explorer.ooni.org/m/20260320093545.355910_KR_webconnectivity_0578db2debefb902
http://sex.clinic.co.kr/,dns,https://explorer.ooni.org/m/20260320093550.914910_KR_webconnectivity_40f8ba7c005c0edb
https://sexetc.org/,dns,https://explorer.ooni.org/m/20260320093552.384779_KR_webconnectivity_9ec9d69bd789ba93
http://shamash.org/,error,https://explorer.ooni.org/m/20260320093556.945259_KR_webconnectivity_24e3838cc748bc1c
http://shia.org/,tcp_ip,https://explorer.ooni.org/m/20260320093628.350108_KR_webconnectivity_92a69038fc210607
https://short.io/,ok,https://explorer.ooni.org/m/20260320093636.497902_KR_webconnectivity_26f9f919f431fd97
https://sites.google.com/,ok,https://explorer.ooni.org/m/20260320093653.331282_KR_webconnectivity_b349c678dd941d74
https://sniply.io/,ok,https://explorer.ooni.org/m/20260320093708.535413_KR_webconnectivity_d1f0fdeca5c35d53
https://solar-aid.org/,ok,https://explorer.ooni.org/m/20260320093717.604781_KR_webconnectivity_b52eaf104258ba5d
https://srhrforall.org/,ok,https://explorer.ooni.org/m/20260320093720.537307_KR_webconnectivity_c84606e0f8a90a89
https://stackexchange.com/,ok,https://explorer.ooni.org/m/20260320093722.450297_KR_webconnectivity_094c5de903d78dec
https://stackoverflow.com/,ok,https://explorer.ooni.org/m/20260320093724.368095_KR_webconnectivity_06edb14150aa87f6
https://t.co/,dns,https://explorer.ooni.org/m/20260320093725.743255_KR_webconnectivity_d4b9b08e1632088c
https://t2mio.com/,ok,https://explorer.ooni.org/m/20260320093740.555856_KR_webconnectivity_1e0a9f55ba568b60
http://tanzil.net/,ok,https://explorer.ooni.org/m/20260320093746.441111_KR_webconnectivity_c31cd3ba304cd0fd
https://technorati.com/,ok,https://explorer.ooni.org/m/20260320093750.680335_KR_webconnectivity_c350e41da163dcd0
https://telegra.ph/,dns,https://explorer.ooni.org/m/20260320093751.694504_KR_webconnectivity_9f4c781b0ea62b5e
https://thereisnoearthb.org/,ok,https://explorer.ooni.org/m/20260320093756.789133_KR_webconnectivity_3d84fe31dae8c84d
https://tiny.cc/,ok,https://explorer.ooni.org/m/20260320093801.089189_KR_webconnectivity_1be98ba3da7feeb6
https://tinyurl.com/,ok,https://explorer.ooni.org/m/20260320093806.375436_KR_webconnectivity_b5bd4b38b086e793
https://torah.org/,ok,https://explorer.ooni.org/m/20260320093809.204949_KR_webconnectivity_3b8ec99579806fc8
https://turbobit.net/,ok,https://explorer.ooni.org/m/20260320093816.352333_KR_webconnectivity_d6c9ad2778c22412
https://vesselthefilm.com/,ok,https://explorer.ooni.org/m/20260320093827.510702_KR_webconnectivity_ffc8df5784284a65
https://we.riseup.net/,ok,https://explorer.ooni.org/m/20260320093834.047289_KR_webconnectivity_ddef47d51760f736
http://web.humoruniv.com/main.html,ok,https://explorer.ooni.org/m/20260320093847.161832_KR_webconnectivity_00962b5c32f5d687
http://web.khu.ac.kr/,ok,https://explorer.ooni.org/m/20260320093849.588967_KR_webconnectivity_8a716419d2a5af56
http://weblogs.us/,ok,https://explorer.ooni.org/m/20260320093857.000015_KR_webconnectivity_c19c4e0dafe560aa
https://womenfirstdigital.org/,ok,https://explorer.ooni.org/m/20260320093913.374779_KR_webconnectivity_909724d7c3a1dbba
https://womenonweb.kr/,http-failure,https://explorer.ooni.org/m/20260320093916.617915_KR_webconnectivity_14f673c8ea213206
https://wordpress.com/,ok,https://explorer.ooni.org/m/20260320093928.010571_KR_webconnectivity_97c5d623ceffa73c
https://wordpress.org/,ok,https://explorer.ooni.org/m/20260320093940.450985_KR_webconnectivity_723839ee97a71f99
https://write.as/,ok,https://explorer.ooni.org/m/20260320093945.282226_KR_webconnectivity_12b725107bc4e62f
https://wupj.org/,ok,https://explorer.ooni.org/m/20260320093951.653691_KR_webconnectivity_ace57ada264be016
https://wwf.panda.org/,ok,https://explorer.ooni.org/m/20260320094004.719917_KR_webconnectivity_74383a6f3a898e29
https://www.100webspace.com/,ok,https://explorer.ooni.org/m/20260320094020.364273_KR_webconnectivity_304626ba922c0c73
https://www.1800respect.org.au/languages/,ok,https://explorer.ooni.org/m/20260320094036.576269_KR_webconnectivity_ce8510a391b6eba2
https://www.abortionno.org/,dns,https://explorer.ooni.org/m/20260320094037.508238_KR_webconnectivity_5e5bcb1473d78073
https://www.abortoinfosegura.com/,ok,https://explorer.ooni.org/m/20260320094041.416505_KR_webconnectivity_8086bdfc3174edfc
https://www.adl.org/,ok,https://explorer.ooni.org/m/20260320094049.406202_KR_webconnectivity_37ea321cb472ad70
https://www.adventist.org/,ok,https://explorer.ooni.org/m/20260320094057.403223_KR_webconnectivity_f869527cbc64d2b0
https://www.advocatesforyouth.org/,ok,https://explorer.ooni.org/m/20260320094100.390856_KR_webconnectivity_b775afcdcf7472ec
http://www.afreeca.com/,http-failure,https://explorer.ooni.org/m/20260320094104.767752_KR_webconnectivity_ed85ff68307c8f2a
http://www.ahsex.org/,error,https://explorer.ooni.org/m/20260320094121.415278_KR_webconnectivity_661f3537fc4ea72d
https://www.angelfire.lycos.com/,ok,https://explorer.ooni.org/m/20260320094143.206191_KR_webconnectivity_95a8dccd51c55e51
https://www.anglicancommunion.org/,ok,https://explorer.ooni.org/m/20260320094157.404140_KR_webconnectivity_4c5b26df694eb441
http://www.arder.co.kr/,dns,https://explorer.ooni.org/m/20260320094207.768967_KR_webconnectivity_098c3faf119216be
http://www.asiatour.com/,ok,https://explorer.ooni.org/m/20260320094212.463811_KR_webconnectivity_89dec879f8c8375a
https://www.atheistalliance.org/,ok,https://explorer.ooni.org/m/20260320094228.648706_KR_webconnectivity_f824bc05b3075bd2
https://www.atheists.org/,ok,https://explorer.ooni.org/m/20260320094239.229533_KR_webconnectivity_dff1b973d03bb888
http://www.auduboninternational.org/,ok,https://explorer.ooni.org/m/20260320094250.103133_KR_webconnectivity_ec90c4d98f6b203a
https://www.autistici.org/,ok,https://explorer.ooni.org/m/20260320094256.072620_KR_webconnectivity_d97b0ed1ddfd70ae
http://www.bahai.org/,ok,https://explorer.ooni.org/m/20260320094311.735019_KR_webconnectivity_2b31fe5b68356c80
https://www.beintheknow.org/,dns,https://explorer.ooni.org/m/20260320094312.960835_KR_webconnectivity_9909a8956e3f0485
https://www.bing-amp.com/v0/amp-iframe-0.1.js,error,https://explorer.ooni.org/m/20260320094314.414663_KR_webconnectivity_9422e67d97776491
https://www.birthcontrol.com/,dns,https://explorer.ooni.org/m/20260320094317.164384_KR_webconnectivity_109a71d8859e9657
http://www.biz.ly/,ok,https://explorer.ooni.org/m/20260320094331.762808_KR_webconnectivity_7152f55e40718b7c
https://www.bl.ink/,ok,https://explorer.ooni.org/m/20260320094339.057843_KR_webconnectivity_2018b9bb02585bc1
http://www.blogeasy.com/,ok,https://explorer.ooni.org/m/20260320094341.152967_KR_webconnectivity_68748d93e6afcc5c
https://www.blogger.com/,ok,https://explorer.ooni.org/m/20260320094351.175823_KR_webconnectivity_77defdde7cb7be2f
http://www.blogsome.com/,ok,https://explorer.ooni.org/m/20260320094400.993124_KR_webconnectivity_0d8432f57a441d9d
https://www.brinkster.com/,ok,https://explorer.ooni.org/m/20260320094410.467125_KR_webconnectivity_7588d5fa371a0a59
http://www.buddhanet.net/,ok,https://explorer.ooni.org/m/20260320094427.228992_KR_webconnectivity_642268356cf67e4c
http://www.cafe24.com/,ok,https://explorer.ooni.org/m/20260320094442.345394_KR_webconnectivity_26d595d002fbe19f
https://www.carbonbrief.org/,ok,https://explorer.ooni.org/m/20260320094453.430444_KR_webconnectivity_fc2365801a09f238
https://www.carbonmap.org/,ok,https://explorer.ooni.org/m/20260320094458.405242_KR_webconnectivity_d0b4ae73fa63f604
https://www.catholic.org/,ok,https://explorer.ooni.org/m/20260320094512.550934_KR_webconnectivity_a2d113385624de8b
https://www.catholicsforchoice.org/,ok,https://explorer.ooni.org/m/20260320094525.652631_KR_webconnectivity_f7bc400db64b128a
https://www.ccel.org/,ok,https://explorer.ooni.org/m/20260320094533.633212_KR_webconnectivity_cc01a666224b9457
https://www.ceceurope.org/,ok,https://explorer.ooni.org/m/20260320094544.957657_KR_webconnectivity_f2506b2e329428c7
https://www.christianity.com/,ok,https://explorer.ooni.org/m/20260320094555.316902_KR_webconnectivity_b37ce9396c73aa6d
https://www.christianitytoday.com/,ok,https://explorer.ooni.org/m/20260320094607.137261_KR_webconnectivity_ff88a93f840e745f
https://www.cleanwateraction.org/,ok,https://explorer.ooni.org/m/20260320094620.786421_KR_webconnectivity_fd9c12e424c45eb9
https://www.climaterealityproject.org/,ok,https://explorer.ooni.org/m/20260320094639.070165_KR_webconnectivity_e7a4855646dea3e9
https://www.coolearth.org/,ok,https://explorer.ooni.org/m/20260320094653.145221_KR_webconnectivity_c8e2d756a7609c2d
https://www.copticchurch.net/,ok,https://explorer.ooni.org/m/20260320094658.687825_KR_webconnectivity_88ffba07cd9a237c
https://www.cseindia.org/,ok,https://explorer.ooni.org/m/20260320094718.637147_KR_webconnectivity_21737b1a383c76e9
http://www.dogdrip.net/,dns,https://explorer.ooni.org/m/20260320094720.402040_KR_webconnectivity_4708e05d0d3d9bb4
https://www.dotster.com/,dns,https://explorer.ooni.org/m/20260320094721.192308_KR_webconnectivity_62f393d8dabeeeda
https://www.dreamhost.com/,ok,https://explorer.ooni.org/m/20260320094734.973184_KR_webconnectivity_94c413a494797c0a
https://www.earthaction.org/,ok,https://explorer.ooni.org/m/20260320094751.406457_KR_webconnectivity_1a42ecc3d6a42482
https://www.earthrights.org/,ok,https://explorer.ooni.org/m/20260320094803.601222_KR_webconnectivity_62f4c02d64095182
http://www.ebaumsworld.com/,dns,https://explorer.ooni.org/m/20260320094805.931052_KR_webconnectivity_95642a6e7b880b3a
http://www.eco.or.kr/,ok,https://explorer.ooni.org/m/20260320094824.488508_KR_webconnectivity_4c4c913089d7d3df
https://www.edf.org/,ok,https://explorer.ooni.org/m/20260320094837.410924_KR_webconnectivity_cc9b524b97373f1c
https://www.eea.europa.eu/,ok,https://explorer.ooni.org/m/20260320094858.795294_KR_webconnectivity_9579523eb248ed18
https://www.emailaddresses.com/,ok,https://explorer.ooni.org/m/20260320094904.210288_KR_webconnectivity_b3465209a71c02d4
https://www.enom.com/,ok,https://explorer.ooni.org/m/20260320094915.469424_KR_webconnectivity_6937e4f65094e908
https://www.epik.com/,ok,https://explorer.ooni.org/m/20260320094929.975634_KR_webconnectivity_64641f1c7136175f
https://www.episcopalchurch.org/,ok,https://explorer.ooni.org/m/20260320094942.738710_KR_webconnectivity_8d840b1af8e91292
https://www.ewg.org/,ok,https://explorer.ooni.org/m/20260320094953.122377_KR_webconnectivity_5f2465070e82bd9c
https://www.exmormon.org/,tcp_ip,https://explorer.ooni.org/m/20260320095033.696960_KR_webconnectivity_f913beb330d9e741
https://www.fandom.com/,dns,https://explorer.ooni.org/m/20260320095034.944283_KR_webconnectivity_cd6f4eaedf8b1233
http://www.fark.com/,dns,https://explorer.ooni.org/m/20260320095036.641537_KR_webconnectivity_4c6f30317a5e0751
https://www.fhi360.org/,ok,https://explorer.ooni.org/m/20260320095052.657063_KR_webconnectivity_e8fbb17bc7efacfb
http://www.fmkorea.com/,ok,https://explorer.ooni.org/m/20260320095100.945195_KR_webconnectivity_12e60c283d728e8b
https://www.footprintnetwork.org/,ok,https://explorer.ooni.org/m/20260320095112.229306_KR_webconnectivity_f388fdeda9295a98
http://www.formercatholic.com/,ok,https://explorer.ooni.org/m/20260320095118.718121_KR_webconnectivity_b4481cd888c57743
https://www.frc.org/,ok,https://explorer.ooni.org/m/20260320095128.397079_KR_webconnectivity_0ea1db471e4590e0
http://www.freehomepage.com/,ok,https://explorer.ooni.org/m/20260320095131.236736_KR_webconnectivity_576765c915cf5e15
http://www.freeservers.com/,ok,https://explorer.ooni.org/m/20260320095135.863184_KR_webconnectivity_51fdf2b70dbeacc0
http://www.freewebspace.com/,ok,https://explorer.ooni.org/m/20260320095141.794505_KR_webconnectivity_7a752ffd6443e5d8
http://www.gabia.com/,error,https://explorer.ooni.org/m/20260320095145.693327_KR_webconnectivity_5601a171f61db4e8
https://www.globalwitness.org/,ok,https://explorer.ooni.org/m/20260320095159.907390_KR_webconnectivity_e88ae886b5abe99a
https://www.goarch.org/,ok,https://explorer.ooni.org/m/20260320095203.788516_KR_webconnectivity_cdbb8adcaab38543
https://www.godaddy.com/,dns,https://explorer.ooni.org/m/20260320095204.948552_KR_webconnectivity_f36f56820e8b916d
http://www.godalone.org/,ok,https://explorer.ooni.org/m/20260320095216.899597_KR_webconnectivity_619fdc47f8681c7b
https://www.googleapis.com/auth/cloud-platform,ok,https://explorer.ooni.org/m/20260320095226.865208_KR_webconnectivity_e03f9b0b2e933241
http://www.greenkorea.org/,ok,https://explorer.ooni.org/m/20260320095243.613704_KR_webconnectivity_b46bc05902ecc9bd
http://www.greennet.org.uk/,ok,https://explorer.ooni.org/m/20260320095251.285234_KR_webconnectivity_0b4553e4f858c523
https://www.greenpeace.org/,ok,https://explorer.ooni.org/m/20260320095255.116351_KR_webconnectivity_aa920637a11218c3
https://www.gstatic.com/robots.txt,ok,https://explorer.ooni.org/m/20260320095258.806522_KR_webconnectivity_24b643245ddac332
http://www.hostgator.com/,ok,https://explorer.ooni.org/m/20260320095300.476669_KR_webconnectivity_0647b50842c6a382
http://www.hotge.co.kr/,ok,https://explorer.ooni.org/m/20260320095306.661142_KR_webconnectivity_181c3bfd2ff54e55
https://www.howtouseabortionpill.org/,ok,https://explorer.ooni.org/m/20260320095321.039273_KR_webconnectivity_0de283b518312c6c
https://www.iaea.org/,ok,https://explorer.ooni.org/m/20260320095334.020528_KR_webconnectivity_41d08530a788e60b
http://www.iavi.org/,ok,https://explorer.ooni.org/m/20260320095343.094288_KR_webconnectivity_5a120c62b64d716b
http://www.iico.org/,ok,https://explorer.ooni.org/m/20260320095400.983183_KR_webconnectivity_eef6f606d03c605c
https://www.internationalrivers.org/,ok,https://explorer.ooni.org/m/20260320095414.310045_KR_webconnectivity_5bf551cfce0aee06
https://www.ipcc.ch/,ok,https://explorer.ooni.org/m/20260320095428.724463_KR_webconnectivity_9bae1ca8b063b525
https://www.iskcon.org/,ok,https://explorer.ooni.org/m/20260320095439.588872_KR_webconnectivity_fce9f6b18c9656ff
http://www.islameyat.com/,ok,https://explorer.ooni.org/m/20260320095455.669716_KR_webconnectivity_a9b6c2998b833f0c
http://www.islamicity.com/,ok,https://explorer.ooni.org/m/20260320095458.289252_KR_webconnectivity_30c66f82f124e65d
https://www.islaminstitut.de/en/,ok,https://explorer.ooni.org/m/20260320095507.129762_KR_webconnectivity_d5a75c38470c656f
https://www.iucn.org/,ok,https://explorer.ooni.org/m/20260320095519.643892_KR_webconnectivity_09f81e3d3db23359
http://www.jesussaves.cc/,ok,https://explorer.ooni.org/m/20260320095541.909008_KR_webconnectivity_c7141e9f3f70a5f4
http://www.jinbo.net/,ok,https://explorer.ooni.org/m/20260320095550.133636_KR_webconnectivity_93552a953888f932
http://www.judaism.com/,ok,https://explorer.ooni.org/m/20260320095555.666586_KR_webconnectivity_0e773106c852b7b4
http://www.judaismconversion.org/,ok,https://explorer.ooni.org/m/20260320095610.410780_KR_webconnectivity_415f58de14e40538
https://www.jw.org/,error,https://explorer.ooni.org/m/20260320095612.877843_KR_webconnectivity_bd0d6676cba6202e
http://www.kfem.or.kr/,ok,https://explorer.ooni.org/m/20260320095631.567469_KR_webconnectivity_a4f020889e7ac0d8
http://www.kgreens.org/,ok,https://explorer.ooni.org/m/20260320095642.906659_KR_webconnectivity_7ca8926d254fc475
http://www.krts.or.kr/,ok,https://explorer.ooni.org/m/20260320095653.717108_KR_webconnectivity_c8219cd4d7fefb83
https://www.leaseweb.com/,ok,https://explorer.ooni.org/m/20260320095709.178519_KR_webconnectivity_5e8eeebdb2fa16df
https://www.livejournal.com/,dns,https://explorer.ooni.org/m/20260320095710.823724_KR_webconnectivity_3c0b2db8f63b2653
http://www.mgoon.com/,error,https://explorer.ooni.org/m/20260320095729.762398_KR_webconnectivity_5ba27bc2ecf2379c
http://www.muhammadanism.com/,ok,https://explorer.ooni.org/m/20260320095751.721070_KR_webconnectivity_cce9088751db54e6
https://www.namecheap.com/,ok,https://explorer.ooni.org/m/20260320095756.172073_KR_webconnectivity_cb3fdfed23b8c528
http://www.nate.com/,ok,https://explorer.ooni.org/m/20260320095759.673116_KR_webconnectivity_57cc51d4be4b8f5c
http://www.nate.com/?f=pann,ok,https://explorer.ooni.org/m/20260320095801.654853_KR_webconnectivity_8dff8491f89e5432
http://www.nature.org/,ok,https://explorer.ooni.org/m/20260320095816.740467_KR_webconnectivity_28bfebaae47f3ceb
http://www.no-ip.com/,ok,https://explorer.ooni.org/m/20260320095830.413016_KR_webconnectivity_c1464a0b0aeebd8c
https://www.oca.org/,ok,https://explorer.ooni.org/m/20260320095835.411890_KR_webconnectivity_e9d30a65f30cd9fc
http://www.oicc.org/,ok,https://explorer.ooni.org/m/20260320095843.786530_KR_webconnectivity_747c0424c6c68444
http://www.oikoumene.org/,ok,https://explorer.ooni.org/m/20260320095903.094359_KR_webconnectivity_e1be805534992d0a
https://www.om.org/,ok,https://explorer.ooni.org/m/20260320095906.193377_KR_webconnectivity_fa87fa94d3398841
https://www.orangewebsite.com/,ok,https://explorer.ooni.org/m/20260320095914.264295_KR_webconnectivity_e64bdc5c739c9a0c
http://www.orthodoxconvert.info/,ok,https://explorer.ooni.org/m/20260320095917.637565_KR_webconnectivity_45406157687c0c2a
https://www.paganpride.org/,ok,https://explorer.ooni.org/m/20260320095937.013140_KR_webconnectivity_386aa4399b9691c4
http://www.pandora.tv/,ok,https://explorer.ooni.org/m/20260320095938.141022_KR_webconnectivity_5b2ca1553737d437
https://www.persecution.org/,ok,https://explorer.ooni.org/m/20260320095952.269299_KR_webconnectivity_8979a1d082c64947
https://www.peta.org/,dns,https://explorer.ooni.org/m/20260320095953.303539_KR_webconnectivity_4498ad001d980fc2
https://www.petside.com/,ok,https://explorer.ooni.org/m/20260320100014.712238_KR_webconnectivity_7b21a2f1c5a58d06
http://www.podbbang.com/,ok,https://explorer.ooni.org/m/20260320100026.623289_KR_webconnectivity_ac9e3d903cd34791
https://www.plannedparenthood.org/,dns,https://explorer.ooni.org/m/20260320100015.796029_KR_webconnectivity_895d8e5e8ea45bbf
http://www.ppfk.or.kr/,ok,https://explorer.ooni.org/m/20260320100040.548678_KR_webconnectivity_06548f43c081d9c3
http://www.ppomppu.co.kr/zboard/zboard.php?id=freeboard,ok,https://explorer.ooni.org/m/20260320100042.326051_KR_webconnectivity_cf77e6ffa0cd2f23
http://www.ppomppu.co.kr/zboard/zboard.php?id=issue,ok,https://explorer.ooni.org/m/20260320100044.674499_KR_webconnectivity_8b49c9a29e5dd1c6
https://www.premaritalsex.info/,dns,https://explorer.ooni.org/m/20260320100045.605550_KR_webconnectivity_2a621f2921c21b5a
https://www.privex.io/,ok,https://explorer.ooni.org/m/20260320100050.867777_KR_webconnectivity_d22105730fdf7027
http://www.prolife.or.kr/,ok,https://explorer.ooni.org/m/20260320100105.060586_KR_webconnectivity_0c2438927f595d97
http://www.pullbbang.com/,dns,https://explorer.ooni.org/m/20260320100107.140060_KR_webconnectivity_17baa515e595dfe3
https://www.rackspace.com/,ok,https://explorer.ooni.org/m/20260320100127.084692_KR_webconnectivity_8f88423ba931c50a
http://www.ran.org/,ok,https://explorer.ooni.org/m/20260320100137.972066_KR_webconnectivity_3d6c54c829c75a63
https://www.ran.org/,ok,https://explorer.ooni.org/m/20260320100149.325482_KR_webconnectivity_a16881062cd80288
https://www.rebrandly.com/,ok,https://explorer.ooni.org/m/20260320100202.165447_KR_webconnectivity_cd2da9a70ec2033a
https://www.reprouncensored.org/,ok,https://explorer.ooni.org/m/20260320100214.838385_KR_webconnectivity_78f68393694bdc77
https://www.resourcematters.org/,ok,https://explorer.ooni.org/m/20260320100223.408920_KR_webconnectivity_c4a9d6b69ebbfffd
https://www.salvationarmy.org/,ok,https://explorer.ooni.org/m/20260320100233.664500_KR_webconnectivity_40e3ab153e0bdeee
http://www.sangsaeng.org/,dns,https://explorer.ooni.org/m/20260320100236.379913_KR_webconnectivity_3c96c17ee1ec34ae
https://www.sbc.net/,ok,https://explorer.ooni.org/m/20260320100251.698915_KR_webconnectivity_f00d761212246948
http://www.scarleteen.com/,dns,https://explorer.ooni.org/m/20260320100253.139161_KR_webconnectivity_45e68ac5110fcada
http://www.scientology.org/,ok,https://explorer.ooni.org/m/20260320100306.072643_KR_webconnectivity_205cc2369ef38222
http://www.sex-academy.com/,dns,https://explorer.ooni.org/m/20260320100310.002032_KR_webconnectivity_206f0cecf022fc9e
http://www.sexandu.ca/,dns,https://explorer.ooni.org/m/20260320100314.026486_KR_webconnectivity_5b1fc7c8bb48ee28
http://www.sexandu.ca/fr/,dns,https://explorer.ooni.org/m/20260320100318.175750_KR_webconnectivity_0dc7dac35859fa65
https://www.sfsi.org/,dns,https://explorer.ooni.org/m/20260320100319.809711_KR_webconnectivity_8e9dec36177dbf2c
http://www.shinto.org/,ok,https://explorer.ooni.org/m/20260320100335.771585_KR_webconnectivity_6b0d77b52bfbd875
http://www.siecus.org/,dns,https://explorer.ooni.org/m/20260320100336.909107_KR_webconnectivity_0324b94df79d6b53
https://www.sierraclub.org/,ok,https://explorer.ooni.org/m/20260320100339.020269_KR_webconnectivity_4ec7d5d7d054b97f
http://www.submission.org/,ok,https://explorer.ooni.org/m/20260320100342.979419_KR_webconnectivity_b5aaee20433b7c68
http://www.survive.org.uk/,ok,https://explorer.ooni.org/m/20260320100346.606018_KR_webconnectivity_d348a57d1d2601df
http://www.suyongso.com/,ok,https://explorer.ooni.org/m/20260320100347.357687_KR_webconnectivity_1b60444c1d55bdd7
http://www.tcloud.co.kr/,ok,https://explorer.ooni.org/m/20260320100404.503445_KR_webconnectivity_6a69d1513db109b7
http://www.teenhealthfx.com/,ok,https://explorer.ooni.org/m/20260320100414.465186_KR_webconnectivity_db5a5755511654e5
http://www.teensource.org/,dns,https://explorer.ooni.org/m/20260320100415.904512_KR_webconnectivity_7cca1b4a3af6d1eb
http://www.themwl.org/,ok,https://explorer.ooni.org/m/20260320100431.691138_KR_webconnectivity_d96e30df29bedbea
http://www.tistory.com/,ok,https://explorer.ooni.org/m/20260320100440.668918_KR_webconnectivity_fce3c0afdde089ba
http://www.todayhumor.co.kr/,ok,https://explorer.ooni.org/m/20260320100449.815933_KR_webconnectivity_3974fef56e28358d
http://www.tripod.lycos.com/,ok,https://explorer.ooni.org/m/20260320100456.640420_KR_webconnectivity_57a7b5da48938e83
http://www.truthnet.org/,ok,https://explorer.ooni.org/m/20260320100505.895017_KR_webconnectivity_12afbe94f90db688
http://www.typepad.com/,ok,https://explorer.ooni.org/m/20260320100508.309332_KR_webconnectivity_c3fb452ae0e680c6
https://www.ucc.org/,ok,https://explorer.ooni.org/m/20260320100522.728495_KR_webconnectivity_6cd3060ee265fb9c
https://www.ucsusa.org/,ok,https://explorer.ooni.org/m/20260320100539.118319_KR_webconnectivity_df563276ce5ca72b
http://www.ultimatebirthcontrol.com/,dns,https://explorer.ooni.org/m/20260320100541.182192_KR_webconnectivity_d940c0fd7974f9f3
http://www.umc.org/,ok,https://explorer.ooni.org/m/20260320100551.124286_KR_webconnectivity_adb24a6c626360da
https://www.unep.org/,ok,https://explorer.ooni.org/m/20260320100605.366138_KR_webconnectivity_3145526922074645
http://www.upci.org/,ok,https://explorer.ooni.org/m/20260320100617.718293_KR_webconnectivity_2f3192ad92474bb2
http://www.vatican.va/,ok,https://explorer.ooni.org/m/20260320100620.233099_KR_webconnectivity_b86b262f1ebfafd0
http://www.wcicc.org/,ok,https://explorer.ooni.org/m/20260320100624.499959_KR_webconnectivity_64d5cfe29ffe2f97
https://www.weebly.com/,ok,https://explorer.ooni.org/m/20260320100639.051087_KR_webconnectivity_33066b62e0d88fc7
http://www.whois.co.kr/,ok,https://explorer.ooni.org/m/20260320100657.383912_KR_webconnectivity_b092fd610d1d717c
http://www.wix.com/,ok,https://explorer.ooni.org/m/20260320100710.739237_KR_webconnectivity_5177f71a6a26c4c8
http://www.worldjewishcongress.org/,ok,https://explorer.ooni.org/m/20260320100726.751369_KR_webconnectivity_1214cf242d6feb04
https://www.worldwildlife.org/,ok,https://explorer.ooni.org/m/20260320100729.545372_KR_webconnectivity_6707a3613dd1cae8
https://www.xenu.net/,ok,https://explorer.ooni.org/m/20260320100738.183136_KR_webconnectivity_af4ae5661eafbb05
http://www.xyinlove.co.kr/,error,https://explorer.ooni.org/m/20260320100757.181439_KR_webconnectivity_9bd8fb7382d9463b
http://www.ymca.int/,dns,https://explorer.ooni.org/m/20260320100800.065515_KR_webconnectivity_e19a5cb83a1caf96
https://www.yola.com/,ok,https://explorer.ooni.org/m/20260320100814.564798_KR_webconnectivity_5e539d5c997bfb3b
https://www.zanzu.nl/,dns,https://explorer.ooni.org/m/20260320100817.496849_KR_webconnectivity_fb88f8e7f519536f
https://www.zoomshare.com/,dns,https://explorer.ooni.org/m/20260320100819.702165_KR_webconnectivity_6d9f89a53789052b
http://xanga.com/,ok,https://explorer.ooni.org/m/20260320100824.671621_KR_webconnectivity_ef31b1f0c835d5a3
https://xda-developers.com/,ok,https://explorer.ooni.org/m/20260320100839.213086_KR_webconnectivity_d7e55b2de3b43975
https://yourls.org/,ok,https://explorer.ooni.org/m/20260320100845.025432_KR_webconnectivity_78173eadf7f3b3d3
https://yt3.ggpht.com/a-/AOh14GhGCI1dxtHOY_TDQfmxDBK_S7CHTPJ3U6zOUw=s480-c-k-c0x00ffffff-no-rj-mo,ok,https://explorer.ooni.org/m/20260320100900.525396_KR_webconnectivity_5fc8c47ae249cd27
https://yt4.ggpht.com/a-/AOh14GhOiUxI-RcMC-Vfl2i15v3xewMr8bt2yNXTfw=s480-c-k-c0x00ffffff-no-rj-mo,ok,https://explorer.ooni.org/m/20260320100917.266751_KR_webconnectivity_d1bf9491c517ba79
https://1.1.1.1/,tcp_ip,https://explorer.ooni.org/m/20260320100948.332508_KR_webconnectivity_6d5ada3001dc36b1
http://2015peoplepower.tistory.com/,ok,https://explorer.ooni.org/m/20260320100951.432169_KR_webconnectivity_c2510dab9f15976b
http://416family.org/,ok,https://explorer.ooni.org/m/20260320100954.161180_KR_webconnectivity_ef56882fa68f029d
https://4genderjustice.org/,ok,https://explorer.ooni.org/m/20260320101008.306980_KR_webconnectivity_946d1d5a6250c1a0
https://76crimes.com/,ok,https://explorer.ooni.org/m/20260320101022.603612_KR_webconnectivity_3f3026614813a881
http://abc.go.com/,ok,https://explorer.ooni.org/m/20260320101039.377666_KR_webconnectivity_2188cc193c5e5406
https://abortion-pills.org/,http-failure,https://explorer.ooni.org/m/20260320101041.524766_KR_webconnectivity_99832ac83d0650fd
http://act.jinbo.net/,ok,https://explorer.ooni.org/m/20260320101058.610608_KR_webconnectivity_bf0806b548eb2775
https://actionaid.org/,ok,https://explorer.ooni.org/m/20260320101106.368372_KR_webconnectivity_854cfdadd88b175f
https://advox.globalvoices.org/,error,https://explorer.ooni.org/m/20260320101111.812574_KR_webconnectivity_e1f573fa84909083
https://afterellen.com/,ok,https://explorer.ooni.org/m/20260320101114.643252_KR_webconnectivity_6cc283ddf56e7d94
https://airvpn.org/,dns,https://explorer.ooni.org/m/20260320101115.826197_KR_webconnectivity_26c588364b4642f6
https://allout.org/,dns,https://explorer.ooni.org/m/20260320101118.211155_KR_webconnectivity_69999130068fb2c2
https://allthefallen.moe/,dns,https://explorer.ooni.org/m/20260320101119.367985_KR_webconnectivity_1aa4b306d3832b15
https://amnezia.org/,dns,https://explorer.ooni.org/m/20260320101120.792022_KR_webconnectivity_aecc0137a57a9a1c
https://anon.inf.tu-dresden.de/,dns,https://explorer.ooni.org/m/20260320101121.950450_KR_webconnectivity_82757078a7bd7295
http://anonymizer.secuser.com/,dns,https://explorer.ooni.org/m/20260320101122.896742_KR_webconnectivity_a5f3a9633187edf0
http://anonymouse.org/,dns,https://explorer.ooni.org/m/20260320101138.606267_KR_webconnectivity_28bf44ebb8496f83
https://antivigilancia.org/,dns,https://explorer.ooni.org/m/20260320101140.975008_KR_webconnectivity_284e3be69ca228c9
https://api.protonvpn.ch/tests/ping,dns,https://explorer.ooni.org/m/20260320101141.858081_KR_webconnectivity_f122155f105dd1b8
https://arc-international.net/,ok,https://explorer.ooni.org/m/20260320101157.526283_KR_webconnectivity_4567c46b9552cfcc
https://asiatimes.com/,ok,https://explorer.ooni.org/m/20260320101208.984201_KR_webconnectivity_db7391102317172e
https://atlasofsurveillance.org/,ok,https://explorer.ooni.org/m/20260320101212.569377_KR_webconnectivity_0932605c380c7d22
https://banthis.tv/,dns,https://explorer.ooni.org/m/20260320101213.564595_KR_webconnectivity_3dd060ac531e3a56
http://base21.jinbo.net/,ok,https://explorer.ooni.org/m/20260320101228.932407_KR_webconnectivity_14173112fcd82737
http://beyondexgay.com/,http-diff,https://explorer.ooni.org/m/20260320101233.104569_KR_webconnectivity_45fc7cfdabafcd59
https://bi.org/,dns,https://explorer.ooni.org/m/20260320101235.296349_KR_webconnectivity_b8741c58620e29e8
https://blog.genderwatchdog.org/,ok,https://explorer.ooni.org/m/20260320101238.983060_KR_webconnectivity_7118797c7c525d69
http://blog.jinbo.net/,ok,https://explorer.ooni.org/m/20260320101251.423714_KR_webconnectivity_9f96f087e61b68eb
https://boingboing.net/,dns,https://explorer.ooni.org/m/20260320101253.148783_KR_webconnectivity_f3a5a6a018094ce1
https://bouncer.ooni.io/,ok,https://explorer.ooni.org/m/20260320101257.933682_KR_webconnectivity_799fc7e90a02a486
https://bricspress.live/,ok,https://explorer.ooni.org/m/20260320101259.519363_KR_webconnectivity_a2369961092b49f2
https://bridges.torproject.org/,dns,https://explorer.ooni.org/m/20260320101300.583304_KR_webconnectivity_73878338bdcae4ce
https://brothersroad.org/,ok,https://explorer.ooni.org/m/20260320101311.721141_KR_webconnectivity_6c3b41905f7f0191
https://btguard.com/,dns,https://explorer.ooni.org/m/20260320101313.450374_KR_webconnectivity_49c945c83b26c76e
http://cafe.daum.net/,ok,https://explorer.ooni.org/m/20260320101317.369499_KR_webconnectivity_90197e9a2546e090
http://cafe.daum.net/antimb,ok,https://explorer.ooni.org/m/20260320101321.703202_KR_webconnectivity_c239baa5932f1822
http://cafe.daum.net/libertyofthepress,ok,https://explorer.ooni.org/m/20260320101325.144199_KR_webconnectivity_c52cb15a03288da3
http://cafe.daum.net/pridecare,ok,https://explorer.ooni.org/m/20260320101328.992550_KR_webconnectivity_21813a4a67f73b24
http://cafe.daum.net/stopcjd,ok,https://explorer.ooni.org/m/20260320101332.448073_KR_webconnectivity_364c1c5b03c7445b
http://cafe.naver.com/asunaro/,ok,https://explorer.ooni.org/m/20260320101348.339554_KR_webconnectivity_7a9ad9babbc50225
https://carafem.org/,dns,https://explorer.ooni.org/m/20260320101349.325645_KR_webconnectivity_84a4edf7597b5367
https://carnegieendowment.org/,ok,https://explorer.ooni.org/m/20260320101401.244344_KR_webconnectivity_ff27ae1fd9a058cc
https://ccrjustice.org/,ok,https://explorer.ooni.org/m/20260320101409.848987_KR_webconnectivity_9393cd6c613310fa
https://cdns.grindr.com/,dns,https://explorer.ooni.org/m/20260320101410.930650_KR_webconnectivity_e8178703f956f3e7
https://cdt.org/,ok,https://explorer.ooni.org/m/20260320101413.065011_KR_webconnectivity_3b4492c73a88e5a7
https://censorship.no/,dns,https://explorer.ooni.org/m/20260320101414.462192_KR_webconnectivity_9d9507787b9bad61
https://certbot.eff.org/,ok,https://explorer.ooni.org/m/20260320101420.925331_KR_webconnectivity_30b2b1f9cd31833c
https://citizenlab.ca/,ok,https://explorer.ooni.org/m/20260320101439.338857_KR_webconnectivity_8fb6b7f8d74d8ce8
http://comingout.narun.net/,ok,https://explorer.ooni.org/m/20260320101443.319913_KR_webconnectivity_e6549618090e36fd
https://cpj.org/,ok,https://explorer.ooni.org/m/20260320101453.310860_KR_webconnectivity_1300a712a6d64956
https://creativecommons.org/,dns,https://explorer.ooni.org/m/20260320101454.115200_KR_webconnectivity_d75ab7cea9983187
https://cryptome.org/,dns,https://explorer.ooni.org/m/20260320101455.833659_KR_webconnectivity_0db9c62eb9cb51b7
https://cryptpad.fr/,ok,https://explorer.ooni.org/m/20260320101458.918551_KR_webconnectivity_e35c2692adc9ba28
https://cryptpad.org/instances/,ok,https://explorer.ooni.org/m/20260320101504.131756_KR_webconnectivity_6dae93c38dfbe9ed
https://csid-online.org/,ok,https://explorer.ooni.org/m/20260320101512.556863_KR_webconnectivity_1c53c996e8f2322f
https://cyber.harvard.edu/,ok,https://explorer.ooni.org/m/20260320101519.142829_KR_webconnectivity_76d6fe8eadde87cc
https://dartcenter.org/,ok,https://explorer.ooni.org/m/20260320101521.111299_KR_webconnectivity_904de898faf431d5
https://ddosecrets.com/,ok,https://explorer.ooni.org/m/20260320101540.871886_KR_webconnectivity_522d3c538442bce8
https://defenddefenders.org/,ok,https://explorer.ooni.org/m/20260320101542.996618_KR_webconnectivity_0ca0a2466e6ad629
https://disclose.ngo/,ok,https://explorer.ooni.org/m/20260320101546.696454_KR_webconnectivity_0c1779c29cfdaff3
https://dn42.dev/,ok,https://explorer.ooni.org/m/20260320101551.545079_KR_webconnectivity_1a9a00e4fe1f8207
https://docs.mvt.re/,dns,https://explorer.ooni.org/m/20260320101552.512012_KR_webconnectivity_3483d5be29d6f2f3
https://edition.cnn.com/,ok,https://explorer.ooni.org/m/20260320101602.909743_KR_webconnectivity_fad62d72f68421ab
http://english.chosun.com/,ok,https://explorer.ooni.org/m/20260320101604.660516_KR_webconnectivity_6dec5b386f021d70
http://english.eduhope.net/,ok,https://explorer.ooni.org/m/20260320101608.577396_KR_webconnectivity_7b327f6074a9e1a5
http://english.hani.co.kr/,ok,https://explorer.ooni.org/m/20260320101625.557978_KR_webconnectivity_3fd13999da43e417
http://english.yna.co.kr/,error,https://explorer.ooni.org/m/20260320101629.034191_KR_webconnectivity_61401e2a5250c869
https://epic.org/,ok,https://explorer.ooni.org/m/20260320101640.759106_KR_webconnectivity_651b1e7d6998dedc
https://equal-eyes.org/,ok,https://explorer.ooni.org/m/20260320101652.957461_KR_webconnectivity_c52d7faa247673cc
https://explorer.ooni.org/,ok,https://explorer.ooni.org/m/20260320101659.452678_KR_webconnectivity_9729054a47432255
https://feminist.org/,ok,https://explorer.ooni.org/m/20260320101710.097006_KR_webconnectivity_7ceacad109ee833b
https://fleegle.mixmin.net/,ok,https://explorer.ooni.org/m/20260320101714.344369_KR_webconnectivity_7f2997489985ea46
https://fondfbr.ru/,dns,https://explorer.ooni.org/m/20260320101716.686751_KR_webconnectivity_b787a5a0df275da6
https://foreignpolicy.com/,ok,https://explorer.ooni.org/m/20260320101724.459518_KR_webconnectivity_b366aa256a975951
http://freedom.jinbo.net/,ok,https://explorer.ooni.org/m/20260320101726.589132_KR_webconnectivity_a6a468db80a66f62
https://freedomhouse.org/,ok,https://explorer.ooni.org/m/20260320101733.948810_KR_webconnectivity_512fdd746e9b5817
https://freemuse.org/,ok,https://explorer.ooni.org/m/20260320101749.674299_KR_webconnectivity_ac8a5882f2af2b7f
https://freenetproject.org/,dns,https://explorer.ooni.org/m/20260320101751.121903_KR_webconnectivity_034c56fd15719a2f
https://freesocks.org/,dns,https://explorer.ooni.org/m/20260320101752.167442_KR_webconnectivity_fb5b782c512d466e
https://freespeech.org/,dns,https://explorer.ooni.org/m/20260320101753.554714_KR_webconnectivity_3b1ff15cc0dbada7
https://freespeechdebate.com/,tcp_ip,https://explorer.ooni.org/m/20260320101839.299207_KR_webconnectivity_3508f561ef54c295
http://koredufund.org.kp/,dns,https://explorer.ooni.org/m/20260320101843.710505_KR_webconnectivity_f04beb228feddf57
https://adultfriendfinder.com/,dns,https://explorer.ooni.org/m/20260320101846.376717_KR_webconnectivity_2efd11db7079d461
https://alqassam.ps/,dns,https://explorer.ooni.org/m/20260320101847.341119_KR_webconnectivity_a158cea2583a5457
https://alt.com/,dns,https://explorer.ooni.org/m/20260320101848.901842_KR_webconnectivity_4f05ab1696158a8c
https://amphetamines.com/,ok,https://explorer.ooni.org/m/20260320101855.608631_KR_webconnectivity_024ae28fd034a02a
http://asiafriendfinder.com/,dns,https://explorer.ooni.org/m/20260320101858.336555_KR_webconnectivity_0beb9bfcd2747b96
http://asiansmaster.com/,dns,https://explorer.ooni.org/m/20260320101859.983441_KR_webconnectivity_f56bb17d42d098db
https://beeg.com/,dns,https://explorer.ooni.org/m/20260320101901.816415_KR_webconnectivity_0fa0331652f296c4
http://betasia.com/,dns,https://explorer.ooni.org/m/20260320101903.108570_KR_webconnectivity_cb94fbb1b5d14059
https://btggaming.com/,dns,https://explorer.ooni.org/m/20260320101906.096824_KR_webconnectivity_e30b2110e21ed3c4
http://cafe.daum.net/amc21,ok,https://explorer.ooni.org/m/20260320101909.124947_KR_webconnectivity_98bb13ee7ab78031
http://cafe.daum.net/dacultureNO,ok,https://explorer.ooni.org/m/20260320101911.667037_KR_webconnectivity_e4b79448016968fb
http://cafe.naver.com/mansdotcom,ok,https://explorer.ooni.org/m/20260320101914.987298_KR_webconnectivity_98ca17d608a32b6d
http://cafe.naver.com/rtbnmm/,ok,https://explorer.ooni.org/m/20260320101932.186606_KR_webconnectivity_86ed3d83c0ae4231
http://creamasia.com/,dns,https://explorer.ooni.org/m/20260320101934.043532_KR_webconnectivity_9edb4926496fb884
https://dailystormer.in/,dns,https://explorer.ooni.org/m/20260320101935.676306_KR_webconnectivity_8079ecd6b9b888ac
https://drugs-forum.com/,dns,https://explorer.ooni.org/m/20260320101936.868479_KR_webconnectivity_ea5dc873b92e667b
https://eln-voces.net/,ok,https://explorer.ooni.org/m/20260320101949.374279_KR_webconnectivity_2fa9e195da2f4fc0
https://europedatingonline.com/,dns,https://explorer.ooni.org/m/20260320101950.556104_KR_webconnectivity_0bb6f598b3349b47
https://forum.grasscity.com/,dns,https://explorer.ooni.org/m/20260320101952.215008_KR_webconnectivity_2456e88c3bab8a8c
https://friendfinder.com/,dns,https://explorer.ooni.org/m/20260320101954.362987_KR_webconnectivity_291b0addfab327e0
https://godhatesfags.com/,dns,https://explorer.ooni.org/m/20260320101955.899831_KR_webconnectivity_fbaa8a6f3ba39422
https://heroin.org/,dns,https://explorer.ooni.org/m/20260320101957.439307_KR_webconnectivity_b26347e7000a3693
https://hightimes.com/,dns,https://explorer.ooni.org/m/20260320101959.409539_KR_webconnectivity_a68ffae1e5bed78d
https://hitomi.la/,dns,https://explorer.ooni.org/m/20260320102000.843823_KR_webconnectivity_7c9c7d014348cb45
http://hotgaylist.com/,dns,https://explorer.ooni.org/m/20260320102001.852129_KR_webconnectivity_281841013056f1a1
https://howtogrowmarijuana.com/,dns,https://explorer.ooni.org/m/20260320102003.899542_KR_webconnectivity_a09860d60662102e
http://indianfriendfinder.com/,dns,https://explorer.ooni.org/m/20260320102008.342283_KR_webconnectivity_59457a0e8e338e57
https://hustler.com/,dns,https://explorer.ooni.org/m/20260320102004.809499_KR_webconnectivity_d6bdbf308282d76b
https://kiwifarms.net/,dns,https://explorer.ooni.org/m/20260320102024.590310_KR_webconnectivity_08a109bb3a9beafb
http://koreanfriendfinder.com/,dns,https://explorer.ooni.org/m/20260320102027.443681_KR_webconnectivity_d796a6cf33cfdb6c
http://makemodel.net/,ok,https://explorer.ooni.org/m/20260320102039.769718_KR_webconnectivity_8c4b70093339c020
https://maps.org/,ok,https://explorer.ooni.org/m/20260320102047.511076_KR_webconnectivity_fda6b95e744d6fea
http://mingky.org/,dns,https://explorer.ooni.org/m/20260320102053.885201_KR_webconnectivity_5f4296f9bd924a29
http://ndfsk.dyndns.org/,ok,https://explorer.ooni.org/m/20260320102054.593867_KR_webconnectivity_185d79196b3cb3c4
http://ndfsk.dyndns.org/kuguk8/Title1.htm,ok,https://explorer.ooni.org/m/20260320102055.367156_KR_webconnectivity_98b637bc1d3ea93b
https://norml.org/,dns,https://explorer.ooni.org/m/20260320102059.490338_KR_webconnectivity_08f95a21a646cfde
https://nsdapao.info/,dns,https://explorer.ooni.org/m/20260320102115.237963_KR_webconnectivity_cc9378c486c2b269
http://onlybingo.com/,dns,https://explorer.ooni.org/m/20260320102131.066828_KR_webconnectivity_bcfe6dda0750d38e
https://onlyfans.com/,dns,https://explorer.ooni.org/m/20260320102132.200334_KR_webconnectivity_2ea0c54dc86b24bd
https://panties.com/,dns,https://explorer.ooni.org/m/20260320102133.787191_KR_webconnectivity_8ec306d518d9b559
http://sexkorea.net/,dns,https://explorer.ooni.org/m/20260320102143.097608_KR_webconnectivity_ee81ebe80f40bab4
http://thaigirls.net/,dns,https://explorer.ooni.org/m/20260320102145.612539_KR_webconnectivity_62c7de98865a958b
https://trashy.com/,dns,https://explorer.ooni.org/m/20260320102146.768198_KR_webconnectivity_34f32bb01150791a
https://uk.match.com/,dns,https://explorer.ooni.org/m/20260320102147.940466_KR_webconnectivity_7d62644799549758
http://user.chollian.net/,dns,https://explorer.ooni.org/m/20260320102150.163315_KR_webconnectivity_d3fab71208ae0655
http://user.chollian.net/~yesooj/mincho/deama.htm,dns,https://explorer.ooni.org/m/20260320102153.113998_KR_webconnectivity_76513373b56f9cbf
http://via89.kr/,ok,https://explorer.ooni.org/m/20260320102154.664086_KR_webconnectivity_a58b0599c6ba4922
http://video.fc2.com/ko/a/,dns,https://explorer.ooni.org/m/20260320102157.537733_KR_webconnectivity_118069a0950b271d
https://weedmaps.com/,dns,https://explorer.ooni.org/m/20260320102158.706420_KR_webconnectivity_bc4113f79577ef22
https://worldsingles.com/,dns,https://explorer.ooni.org/m/20260320102159.722638_KR_webconnectivity_096471f98779877f
https://www.3wishes.com/,dns,https://explorer.ooni.org/m/20260320102201.005525_KR_webconnectivity_9df5ce3b15035a5d
http://www.4online-gambling.com/,dns,https://explorer.ooni.org/m/20260320102202.185274_KR_webconnectivity_5d415c9ea5afb876
http://www.888casino.com/,dns,https://explorer.ooni.org/m/20260320102202.995850_KR_webconnectivity_f62e62ad7774134e
http://www.abcunderwear.com/,dns,https://explorer.ooni.org/m/20260320102203.919565_KR_webconnectivity_c5fb402b6b92b1ca
http://www.absinth.com/,ok,https://explorer.ooni.org/m/20260320102207.525528_KR_webconnectivity_048675b9b958f470
http://www.absolut.com/,ok,https://explorer.ooni.org/m/20260320102209.361745_KR_webconnectivity_76055473bcae6224
https://www.agentprovocateur.com/,dns,https://explorer.ooni.org/m/20260320102210.161851_KR_webconnectivity_dd6a240364310530
https://www.americannaziparty.com/,ok,https://explorer.ooni.org/m/20260320102216.607964_KR_webconnectivity_4e68d7b66ee3b9b9
https://www.ariannelingerie.com/,dns,https://explorer.ooni.org/m/20260320102218.365571_KR_webconnectivity_e0f60043bb0f42c0
https://www.ashleymadison.com/,dns,https://explorer.ooni.org/m/20260320102219.482705_KR_webconnectivity_f82120ac1f46727b
http://www.asiabynight.com/,dns,https://explorer.ooni.org/m/20260320102235.464676_KR_webconnectivity_d3f703bcdad8fb9a
https://www.bacardi.com/,ok,https://explorer.ooni.org/m/20260320102248.088079_KR_webconnectivity_a3be86bc83fc0973
http://www.barmeister.com/,ok,https://explorer.ooni.org/m/20260320102249.341105_KR_webconnectivity_78b95c99acae48df
https://www.bat.com/,ok,https://explorer.ooni.org/m/20260320102302.502882_KR_webconnectivity_aedeb871a424ee37
http://www.beer.com/,ok,https://explorer.ooni.org/m/20260320102311.905602_KR_webconnectivity_c4711f546194a644
https://www.beerinfo.com/,ok,https://explorer.ooni.org/m/20260320102328.037017_KR_webconnectivity_0e0b7768f5a4d2da
http://www.betfair.com/,dns,https://explorer.ooni.org/m/20260320102329.176269_KR_webconnectivity_fa0d4d2f12be0bf3
http://www.bglad.com/,dns,https://explorer.ooni.org/m/20260320102332.213635_KR_webconnectivity_2a0fe4d8a6d265dd
http://www.blackjackinfo.com/,dns,https://explorer.ooni.org/m/20260320102334.562398_KR_webconnectivity_8eb72874dbe311e1
https://www.blueskyswimwear.com/,dns,https://explorer.ooni.org/m/20260320102335.619076_KR_webconnectivity_1230b9714ce34a51
https://www.bravoporn.com/,dns,https://explorer.ooni.org/m/20260320102337.312922_KR_webconnectivity_b3eafa0bcbb77113
http://www.budweiser.com/,ok,https://explorer.ooni.org/m/20260320102350.543396_KR_webconnectivity_b89ff09bdc5a5191
https://www.buydutchseeds.com/,dns,https://explorer.ooni.org/m/20260320102351.707818_KR_webconnectivity_603ae9a2d1bad283
https://www.cannaweed.com/,dns,https://explorer.ooni.org/m/20260320102353.130072_KR_webconnectivity_d40d6e9302d2c108
https://www.casino.com/,dns,https://explorer.ooni.org/m/20260320102354.583680_KR_webconnectivity_598665d34a11d7bc
http://www.casinotropez.com/,dns,https://explorer.ooni.org/m/20260320102356.743469_KR_webconnectivity_cacdfd650f1aeafc
http://www.chantelle.com/,dns,https://explorer.ooni.org/m/20260320102359.451677_KR_webconnectivity_68e12ad514173849
https://www.churchofeuthanasia.org/,dns,https://explorer.ooni.org/m/20260320102401.597501_KR_webconnectivity_d6f8aef7b710860b
http://www.columbus25.com/,ok,https://explorer.ooni.org/m/20260320102402.348770_KR_webconnectivity_3e142b95c6fd9bb9
http://www.coquette.com/,dns,https://explorer.ooni.org/m/20260320102403.859847_KR_webconnectivity_d4a66f2f0a0dc44a
http://www.date.com/,dns,https://explorer.ooni.org/m/20260320102406.150511_KR_webconnectivity_d197b2a836cad933
https://www.dating.com/,dns,https://explorer.ooni.org/m/20260320102407.199433_KR_webconnectivity_b00063d3b018f179
http://www.dekaron.co.kr/,dns,https://explorer.ooni.org/m/20260320102410.510345_KR_webconnectivity_b54da9b2e15dae1e
http://www.delicates.co.uk/,ok,https://explorer.ooni.org/m/20260320102421.674406_KR_webconnectivity_e96bdbb3cd41f94a
https://www.dextroverse.org/,ok,https://explorer.ooni.org/m/20260320102458.811140_KR_webconnectivity_29c50fb60ec6426c
https://www.drugsdata.org/,dns,https://explorer.ooni.org/m/20260320102501.747289_KR_webconnectivity_01a0ab76b60f40f1
http://www.drugsense.org/,ok,https://explorer.ooni.org/m/20260320102515.081385_KR_webconnectivity_cea42c613533c62b
http://www.dsnet.co.kr/,ok,https://explorer.ooni.org/m/20260320102531.310863_KR_webconnectivity_34877e464d4383b4
https://www.eharmony.com/,dns,https://explorer.ooni.org/m/20260320102532.810250_KR_webconnectivity_725b97970148bc1b
https://www.erowid.org/,tcp_ip,https://explorer.ooni.org/m/20260320102610.404791_KR_webconnectivity_3354623b01cd865a
http://www.forbiddenasian.com/,dns,https://explorer.ooni.org/m/20260320102613.953758_KR_webconnectivity_f74c0d8cb5133bee
http://www.freshpair.com/,dns,https://explorer.ooni.org/m/20260320102615.432682_KR_webconnectivity_ea6ceb808613b442
http://www.fuckingfreemovies.com/,dns,https://explorer.ooni.org/m/20260320102617.432321_KR_webconnectivity_d7c1c22a053421f4
https://www.gambling.com/,dns,https://explorer.ooni.org/m/20260320102620.891316_KR_webconnectivity_21181b1acbc0f75d
http://www.gamemeca.com/,dns,https://explorer.ooni.org/m/20260320102624.423969_KR_webconnectivity_6c9bdebb231e5cad
http://www.gamespot.co.kr/,dns,https://explorer.ooni.org/m/20260320102626.729658_KR_webconnectivity_26efcf6f98523bab
http://www.gayapatal.com/,dns,https://explorer.ooni.org/m/20260320102628.745115_KR_webconnectivity_630b57463486434c
http://www.gayasianamateurs.com/,dns,https://explorer.ooni.org/m/20260320102629.487486_KR_webconnectivity_2f5a3f31d25e3f5b
http://www.globalfire.tv/,ok,https://explorer.ooni.org/m/20260320102632.876368_KR_webconnectivity_8c79b72ee9b32627
https://www.goldenpalace.com/,dns,https://explorer.ooni.org/m/20260320102634.957513_KR_webconnectivity_ce06906efd51770b
http://www.goldenrivieracasino.com/,dns,https://explorer.ooni.org/m/20260320102636.478356_KR_webconnectivity_0e019c614d6fcda6
http://www.gotgayporn.com/,dns,https://explorer.ooni.org/m/20260320102637.767573_KR_webconnectivity_a46eeeff773a3b0e
http://www.hanes.com/,ok,https://explorer.ooni.org/m/20260320102639.571303_KR_webconnectivity_7f7ff5624561c47b
https://www.happn.com/,dns,https://explorer.ooni.org/m/20260320102640.327726_KR_webconnectivity_eb2ef60386aac1c9
http://www.hiliq.net/,ok,https://explorer.ooni.org/m/20260320102657.307374_KR_webconnectivity_73bf1ff0df790ae2
http://www.i-um.com/,dns,https://explorer.ooni.org/m/20260320102658.549077_KR_webconnectivity_bb0263520fbc8fe8
http://www.ilbe.com/,dns,https://explorer.ooni.org/m/20260320102701.353797_KR_webconnectivity_0571d692d69700ba
http://www.indianporngirls.com/,dns,https://explorer.ooni.org/m/20260320102704.447987_KR_webconnectivity_a904339056ee8080
https://www.ipair.com/,dns,https://explorer.ooni.org/m/20260320102706.073484_KR_webconnectivity_d8cb425ad88a7dfe
http://www.jackdaniels.com/,ok,https://explorer.ooni.org/m/20260320102717.949123_KR_webconnectivity_d2b50b73c49fe7d1
https://www.jackpotcitycasino1.com/,dns,https://explorer.ooni.org/m/20260320102719.913691_KR_webconnectivity_3837e55d188c592f
https://www.jdate.com/,dns,https://explorer.ooni.org/m/20260320102722.409359_KR_webconnectivity_58bcb6fce5b7d6d2
http://www.joyhunting.com/,dns,https://explorer.ooni.org/m/20260320102738.628989_KR_webconnectivity_110dd1f7eb47a263
http://www.jupae.com/,dns,https://explorer.ooni.org/m/20260320102756.188229_KR_webconnectivity_0e7441bc95d6cbf9
http://www.koreancupid.com/,dns,https://explorer.ooni.org/m/20260320102757.398246_KR_webconnectivity_4f100c2a01c41d68
http://www.lasenza.com/,dns,https://explorer.ooni.org/m/20260320102758.740272_KR_webconnectivity_900f3d71eb38bd1d
http://www.lesbiansubmission.com/,dns,https://explorer.ooni.org/m/20260320102801.783545_KR_webconnectivity_3529d58ce59ffb70
http://www.lineage.co.kr/,dns,https://explorer.ooni.org/m/20260320102805.561118_KR_webconnectivity_2c322d8524fb791a
https://www.lovoo.com/,dns,https://explorer.ooni.org/m/20260320102806.401731_KR_webconnectivity_a6016b5e4b5672c2
http://www.luckynugget.com/,dns,https://explorer.ooni.org/m/20260320102807.916673_KR_webconnectivity_7aa2962026f41fcd
http://www.marijuanatravels.com/,dns,https://explorer.ooni.org/m/20260320102823.604540_KR_webconnectivity_dcd7b6c17f05bb3c
https://www.match.com/,dns,https://explorer.ooni.org/m/20260320102825.243839_KR_webconnectivity_e4e3bb76558a40e3
http://www.mgame.com/,dns,https://explorer.ooni.org/m/20260320102827.864966_KR_webconnectivity_2d387c432735064f
http://www.moderndrunkardmagazine.com/,ok,https://explorer.ooni.org/m/20260320102846.579237_KR_webconnectivity_8fb2b44df3468549
http://www.monacogoldcasino.com/,dns,https://explorer.ooni.org/m/20260320102848.750435_KR_webconnectivity_19e68ee44bfc07ec
http://www.mrchewsasianbeaver.com/,dns,https://explorer.ooni.org/m/20260320102851.969213_KR_webconnectivity_457b9d40a1c9333d
http://www.neonjoint.com/,dns,https://explorer.ooni.org/m/20260320102853.071412_KR_webconnectivity_cf780a6b1079838e
http://www.online-dating.org/,dns,https://explorer.ooni.org/m/20260320102854.762460_KR_webconnectivity_1265ec393e44b624
https://www.okcupid.com/,dns,https://explorer.ooni.org/m/20260320102853.850091_KR_webconnectivity_9a4f024506cc66bd
https://www.onlinegambling.com/,dns,https://explorer.ooni.org/m/20260320102856.699283_KR_webconnectivity_c2563d7bac8b67fc
http://www.originalelf.com/,error,https://explorer.ooni.org/m/20260320102902.366344_KR_webconnectivity_02be60cdaf1e9a11
http://www.partypoker.com/,dns,https://explorer.ooni.org/m/20260320102903.103260_KR_webconnectivity_d155c709e494eaf7
https://www.partypoker.net/,dns,https://explorer.ooni.org/m/20260320102904.182517_KR_webconnectivity_d505e3cd825b0db9
https://www.playboy.com/,dns,https://explorer.ooni.org/m/20260320102905.447013_KR_webconnectivity_e131d24c70caed43
https://www.pmi.com/,ok,https://explorer.ooni.org/m/20260320102920.776158_KR_webconnectivity_ce4db9ba0acf30e7
http://www.pof.com/,dns,https://explorer.ooni.org/m/20260320102922.339247_KR_webconnectivity_b9b0727a7cb028a6
http://www.poker.com/,dns,https://explorer.ooni.org/m/20260320102923.471879_KR_webconnectivity_6bb7059656829e7e
http://www.pokerstars.com/,dns,https://explorer.ooni.org/m/20260320102924.843015_KR_webconnectivity_7e43ece5665d14f3
https://www.pornhub.com/,dns,https://explorer.ooni.org/m/20260320102926.725239_KR_webconnectivity_c21ffe2af980e49e
http://www.ranking.co.kr/,dns,https://explorer.ooni.org/m/20260320102936.822761_KR_webconnectivity_4c903d559f139162
http://www.realbeer.com/,ok,https://explorer.ooni.org/m/20260320102939.965029_KR_webconnectivity_a5fa51fc67765528
http://www.ricefever.com/,dns,https://explorer.ooni.org/m/20260320102940.928628_KR_webconnectivity_9a4b0ebd2148f403
http://www.riverbelle.com/,dns,https://explorer.ooni.org/m/20260320102942.667911_KR_webconnectivity_ef8e4bd51cc48b4a
http://www.rollitup.org/,dns,https://explorer.ooni.org/m/20260320102943.553885_KR_webconnectivity_105bdec9ddea2ee7
http://www.royalvegas-casino-kr.com/,dns,https://explorer.ooni.org/m/20260320102947.836551_KR_webconnectivity_7144a7a6f774be5e
http://www.royalvegas.com/,dns,https://explorer.ooni.org/m/20260320102949.414951_KR_webconnectivity_8dd375f953eb94da
http://www.rxmarijuana.com/,dns,https://explorer.ooni.org/m/20260320102950.614836_KR_webconnectivity_90113f631de055d5
http://www.satp.org/,ok,https://explorer.ooni.org/m/20260320103005.342748_KR_webconnectivity_dd1337db0ba0e04a
http://www.sex.com/,dns,https://explorer.ooni.org/m/20260320103006.462066_KR_webconnectivity_3134ee33fa88f22f
https://www.shroomery.org/,dns,https://explorer.ooni.org/m/20260320103009.019614_KR_webconnectivity_993313fc1be49878
http://www.slotland.com/,dns,https://explorer.ooni.org/m/20260320103010.515056_KR_webconnectivity_721747d31ba3106f
http://www.soramall.kr/,dns,https://explorer.ooni.org/m/20260320103026.541625_KR_webconnectivity_470c431d7b3df906
https://www.spark.com/,dns,https://explorer.ooni.org/m/20260320103027.550529_KR_webconnectivity_443e0d7fb684d40e
http://www.speeddater.co.uk/,ok,https://explorer.ooni.org/m/20260320103031.404179_KR_webconnectivity_e61939a835279fd3
http://www.spinpalace.com/,dns,https://explorer.ooni.org/m/20260320103033.409097_KR_webconnectivity_7927934367843708
http://www.sportingbet.com/,dns,https://explorer.ooni.org/m/20260320103035.320481_KR_webconnectivity_00bdd4282ba0422e
http://www.sportsinteraction.com/,dns,https://explorer.ooni.org/m/20260320103036.618678_KR_webconnectivity_947c406ae494c95a
http://www.taima.org/,dns,https://explorer.ooni.org/m/20260320103038.830678_KR_webconnectivity_3e17b401ab1f4567
http://www.thegooddrugsguide.com/,dns,https://explorer.ooni.org/m/20260320103040.095412_KR_webconnectivity_5f57a2c6f66d08b5
http://www.tobacco.org/,ok,https://explorer.ooni.org/m/20260320103042.120105_KR_webconnectivity_507f4a9f8b980b78
http://www.topdrawers.com/,dns,https://explorer.ooni.org/m/20260320103044.126303_KR_webconnectivity_0c251ed5663ed6ca
http://www.vanguardnewsnetwork.com/,ok,https://explorer.ooni.org/m/20260320103058.589122_KR_webconnectivity_0fae7f8340cb188a
http://www.venus.com/,dns,https://explorer.ooni.org/m/20260320103100.357656_KR_webconnectivity_742fca6f6d0eb95e
https://www.victoriassecret.com/,dns,https://explorer.ooni.org/m/20260320103101.966040_KR_webconnectivity_f06da05dc4acc5a5
http://www.wegames.net/,dns,https://explorer.ooni.org/m/20260320103104.495745_KR_webconnectivity_bd5098ba09e76af8
http://www.winespectator.com/,ok,https://explorer.ooni.org/m/20260320103120.187229_KR_webconnectivity_4e07f1c507473a02
https://www.xnxx.com/,dns,https://explorer.ooni.org/m/20260320103121.464965_KR_webconnectivity_4cc57d35ef30a8ce
http://www.xvideos.com/,dns,https://explorer.ooni.org/m/20260320103123.159272_KR_webconnectivity_c3fb9009f2dd3f15
https://www.xvideos.com/,dns,https://explorer.ooni.org/m/20260320103124.961015_KR_webconnectivity_d5d33618c56992a7
https://www.youporn.com/,dns,https://explorer.ooni.org/m/20260320103126.511298_KR_webconnectivity_e48eb2c6e4460850
https://xhamster.com/,dns,https://explorer.ooni.org/m/20260320103129.180196_KR_webconnectivity_13550878ae2b8657
http://ywoos.com/,dns,https://explorer.ooni.org/m/20260320103145.126025_KR_webconnectivity_92f2010d3dad885a
https://startpage.com/,http-failure,https://explorer.ooni.org/m/20260320103150.029427_KR_webconnectivity_f19c4bfb6d9e79ae
https://status.im/,ok,https://explorer.ooni.org/m/20260320103201.636054_KR_webconnectivity_e747af17c1fd7187
https://storymaps.arcgis.com/,ok,https://explorer.ooni.org/m/20260320103217.285088_KR_webconnectivity_240619417dc28dc9
https://support.delta.chat/,ok,https://explorer.ooni.org/m/20260320103229.732106_KR_webconnectivity_4abb60ea18cc5316
https://1337x.st/,dns,https://explorer.ooni.org/m/20260320103231.330718_KR_webconnectivity_a1369ebec1497747
https://1337x.to/,dns,https://explorer.ooni.org/m/20260320103232.971236_KR_webconnectivity_e1b9d1822c51c442
http://4shared.com/,confirmed,https://explorer.ooni.org/m/20260320103236.395186_KR_webconnectivity_d9082359d9750ce9
https://911truth.org/,ok,https://explorer.ooni.org/m/20260320103249.946813_KR_webconnectivity_d3b5337307857511
https://addons.mozilla.org/,ok,https://explorer.ooni.org/m/20260320103302.874348_KR_webconnectivity_d1469261aca1698f
https://addons.opera.com/,ok,https://explorer.ooni.org/m/20260320103313.645695_KR_webconnectivity_4beedfb459b1eec2
https://addons.opera.com/en/extensions/,ok,https://explorer.ooni.org/m/20260320103324.752493_KR_webconnectivity_2bfa4f6294bb09dd
https://annas-archive.org/,dns,https://explorer.ooni.org/m/20260320103325.872106_KR_webconnectivity_4a9c4e004f127d42
http://applefile.com/,dns,https://explorer.ooni.org/m/20260320103328.382131_KR_webconnectivity_0a668abc9bb1332c
https://ar.m.wikipedia.org/,ok,https://explorer.ooni.org/m/20260320103342.205395_KR_webconnectivity_c76f862a56f8e6fe
https://ar.wikipedia.org/,ok,https://explorer.ooni.org/m/20260320103357.271468_KR_webconnectivity_eab5bd9ee94b549b
https://archiveofourown.org/,ok,https://explorer.ooni.org/m/20260320103402.225576_KR_webconnectivity_c008f6735dec3e8d
https://arxiv.org/,ok,https://explorer.ooni.org/m/20260320103408.193924_KR_webconnectivity_5b8267b6f8fbb675
https://asean.org/,ok,https://explorer.ooni.org/m/20260320103410.374373_KR_webconnectivity_123afd045a6882ea
https://bintray.com/,ok,https://explorer.ooni.org/m/20260320103428.289396_KR_webconnectivity_4df894159842568b
http://bitsnoop.com/,dns,https://explorer.ooni.org/m/20260320103429.590409_KR_webconnectivity_2a29dc6ca8d398b0
http://bommin.net/,confirmed,https://explorer.ooni.org/m/20260320103432.790922_KR_webconnectivity_3832307c39308fae
https://ca.wikipedia.org/,ok,https://explorer.ooni.org/m/20260320103451.529238_KR_webconnectivity_cba023c0599a0cad
http://cafe.daum.net/seoulminart,ok,https://explorer.ooni.org/m/20260320103454.923531_KR_webconnectivity_2774cd05b8fc16e7
http://cafe.naver.com/newartcafe,ok,https://explorer.ooni.org/m/20260320103510.399258_KR_webconnectivity_0d0c0677e49c4e7c
http://canna.to/,dns,https://explorer.ooni.org/m/20260320103511.620134_KR_webconnectivity_8df4ec266f426583
https://catbox.moe/,ok,https://explorer.ooni.org/m/20260320103515.896449_KR_webconnectivity_ec8b4fb8022c7546
https://chat.openai.com/,ok,https://explorer.ooni.org/m/20260320103518.928854_KR_webconnectivity_956b8100af6738cd
http://chongryon.com/,confirmed,https://explorer.ooni.org/m/20260320103535.078033_KR_webconnectivity_48396a59e3840022
https://chrome.google.com/webstore/category/extensions,ok,https://explorer.ooni.org/m/20260320103543.030798_KR_webconnectivity_9824c6e393b0ac93
https://chromewebstore.google.com/,ok,https://explorer.ooni.org/m/20260320103554.841327_KR_webconnectivity_9e9e7f0d2db611e8
https://code.org/,ok,https://explorer.ooni.org/m/20260320103608.420454_KR_webconnectivity_d1ef5ca1a02d8bc1
https://commons.wikimedia.org/,ok,https://explorer.ooni.org/m/20260320103623.265276_KR_webconnectivity_1514cf0bdea6fa70
https://credibilitycoalition.org/,ok,https://explorer.ooni.org/m/20260320103631.552728_KR_webconnectivity_9880525d743aae0c
https://crypt.ee/,ok,https://explorer.ooni.org/m/20260320103638.318281_KR_webconnectivity_53c4d0e1639a8d23
http://data.donkeyhote.co.kr/,dns,https://explorer.ooni.org/m/20260320103639.737373_KR_webconnectivity_0e2fdec1553938de
https://de.wikipedia.org/,ok,https://explorer.ooni.org/m/20260320103650.299642_KR_webconnectivity_6812b9417ea6c3ab
https://dfiles.eu/,ok,https://explorer.ooni.org/m/20260320103657.248106_KR_webconnectivity_4c8bcb73e77109c8
https://digg.com/,ok,https://explorer.ooni.org/m/20260320103704.880043_KR_webconnectivity_74e1596cc34ee650
https://docs.google.com/,ok,https://explorer.ooni.org/m/20260320103721.989810_KR_webconnectivity_b0b88c5776fe5f79
https://download.cnet.com/,dns,https://explorer.ooni.org/m/20260320103723.962028_KR_webconnectivity_95b6d115540c97f7
https://drive.google.com/,ok,https://explorer.ooni.org/m/20260320103745.027577_KR_webconnectivity_2de2d6f06584c95b
https://en.m.wikipedia.org/,ok,https://explorer.ooni.org/m/20260320103803.087336_KR_webconnectivity_1cfeda86804d4d7f
https://en.wikipedia.org/,ok,https://explorer.ooni.org/m/20260320103821.237270_KR_webconnectivity_c32e93de1eb658de
https://ente.io/,ok,https://explorer.ooni.org/m/20260320103835.734160_KR_webconnectivity_f222cd460fba41c1
https://es.m.wikipedia.org/,ok,https://explorer.ooni.org/m/20260320103851.157671_KR_webconnectivity_26188d49a12fd957
https://es.wikipedia.org/,ok,https://explorer.ooni.org/m/20260320103902.604286_KR_webconnectivity_4b312923d1e1fc53
https://eztv.ag/,dns,https://explorer.ooni.org/m/20260320103903.629134_KR_webconnectivity_65196017446dc1a6
https://eztv.re/,dns,https://explorer.ooni.org/m/20260320103904.666696_KR_webconnectivity_4833388c87921ece
https://f-droid.org/,ok,https://explorer.ooni.org/m/20260320103908.750410_KR_webconnectivity_d8517964167e98f0
https://fdroid.tetaneutral.net/fdroid/repo,ok,https://explorer.ooni.org/m/20260320103913.059860_KR_webconnectivity_5a59db314a6e9089
http://file.daum.net/,ok,https://explorer.ooni.org/m/20260320103914.606768_KR_webconnectivity_ed501d8944fe39e3
http://filecast.co.kr/,dns,https://explorer.ooni.org/m/20260320103917.914093_KR_webconnectivity_2a02e7ec03d7bd07
https://filen.io/,ok,https://explorer.ooni.org/m/20260320103938.155076_KR_webconnectivity_4de9f68a930f3962
https://files.pythonhosted.org/,ok,https://explorer.ooni.org/m/20260320103940.394197_KR_webconnectivity_cf74046cfc3d4e7b
https://forum.mhut.org/,dns,https://explorer.ooni.org/m/20260320103941.172563_KR_webconnectivity_7f1deaa13f67e781
https://fr.wikipedia.org/,ok,https://explorer.ooni.org/m/20260320103953.471784_KR_webconnectivity_e13897d5dd15c396
http://www.asiantribune.com/,dns,https://explorer.ooni.org/m/20260320103954.920879_KR_webconnectivity_a097866ff7118e8a
http://www.mfasia.org/,ok,https://explorer.ooni.org/m/20260320104029.102946_KR_webconnectivity_e2f74c78ac89b4b3
http://www.newsweekasia.com/,ok,https://explorer.ooni.org/m/20260320104056.127607_KR_webconnectivity_ac401dac12e5f230
http://www.publiuspundit.com/,ok,https://explorer.ooni.org/m/20260320104057.778138_KR_webconnectivity_6cb940fa3ec61c3a
http://www.seapa.org/,tcp_ip,https://explorer.ooni.org/m/20260320104059.007185_KR_webconnectivity_ecdb682dbc5d2f88
http://www.seapabkk.org/,dns,https://explorer.ooni.org/m/20260320104101.876295_KR_webconnectivity_4f15116e06146b98
http://www.taipeitimes.com/,ok,https://explorer.ooni.org/m/20260320104112.665869_KR_webconnectivity_77ab20b8f777c1d6
http://www.utopia-asia.com/,dns,https://explorer.ooni.org/m/20260320104115.137586_KR_webconnectivity_5068753df0b530a7
http://www.womenforpeaceandjustice.org/,ok,https://explorer.ooni.org/m/20260320104124.088777_KR_webconnectivity_e11b75609658a568
http://www.zdnetasia.com/,ok,https://explorer.ooni.org/m/20260320104140.414841_KR_webconnectivity_237a23c23c0eac23
"http://www.zdnetasia.com/downloads/pc/swinfo/0,39043052,39222404s,00.htm",ok,https://explorer.ooni.org/m/20260320104155.888216_KR_webconnectivity_dd91e191c79250f9
https://ko.wikipedia.org/,ok,https://explorer.ooni.org/m/20260320104215.708607_KR_webconnectivity_6b4e980700b9464c
https://www.douban.com/,ok,https://explorer.ooni.org/m/20260320104234.726508_KR_webconnectivity_b590ba4246db8b55
http://streetmeatasia.com/,dns,https://explorer.ooni.org/m/20260320104240.114627_KR_webconnectivity_74b8491d46ad31df
http://www.88square.com/,dns,https://explorer.ooni.org/m/20260320104256.232170_KR_webconnectivity_e94d0801228b4d7a
http://www.asiangirlsnextdoor.com/,dns,https://explorer.ooni.org/m/20260320104257.321693_KR_webconnectivity_63baf859dfbeb31d
http://www.asianthumbs.org/,dns,https://explorer.ooni.org/m/20260320104259.268229_KR_webconnectivity_25fdb58015b0640b
http://www.bangkokstreetwhores.com/,dns,https://explorer.ooni.org/m/20260320104301.126278_KR_webconnectivity_14811530348b9dce
http://www.dateinasia.com/,dns,https://explorer.ooni.org/m/20260320104302.278832_KR_webconnectivity_58c718f7f243df06
http://www.exploitedteensasia.com/,dns,https://explorer.ooni.org/m/20260320104304.939012_KR_webconnectivity_a50e76ca7ab771bc
http://www.unescap.org/,ok,https://explorer.ooni.org/m/20260320104306.869038_KR_webconnectivity_853d82b8064f5931
http://www.globalgayz.com/,ok,https://explorer.ooni.org/m/20260320104314.363409_KR_webconnectivity_170d46f80da4b91b
http://www.thaichix.com/,dns,https://explorer.ooni.org/m/20260320104318.127048_KR_webconnectivity_392468cc2144f3c9
http://www.thaicuties.com/,dns,https://explorer.ooni.org/m/20260320104319.647937_KR_webconnectivity_b931587e7f6e1107
http://www.secularislam.org/,ok,https://explorer.ooni.org/m/20260320104325.966752_KR_webconnectivity_00b53314a6384a38
https://en.wiktionary.org/,ok,https://explorer.ooni.org/m/20260320104341.889519_KR_webconnectivity_6b0d7ac17a58c5c8
ok,dns,tcp_ip,http-diff,http-failure,confirmed,error,no_data,http(legacy)
1529,563,34,2,26,24,43,0,0
2221/2221 (expected)
