https://twitter.com/,ok,https://explorer.ooni.org/m/20260313052602.768947_KR_webconnectivity_3f76ff894a08b31a
https://www.facebook.com/,ok,https://explorer.ooni.org/m/20260313052605.419362_KR_webconnectivity_c52207cf92d3aa07
https://www.instagram.com/,ok,https://explorer.ooni.org/m/20260313052608.182193_KR_webconnectivity_c4ec2e6fada765e0
https://www.youtube.com/,ok,https://explorer.ooni.org/m/20260313052614.483751_KR_webconnectivity_f95456d6f2cfb8aa
https://www.tiktok.com/,ok,https://explorer.ooni.org/m/20260313052616.325577_KR_webconnectivity_f41742aa632acee3
https://x.com/,ok,https://explorer.ooni.org/m/20260313052618.556894_KR_webconnectivity_3df2ad09bb087527
https://safeabortionpills.org/,http-failure,https://explorer.ooni.org/m/20260313052620.460471_KR_webconnectivity_31564d2d450adc76
https://discord.com/,ok,https://explorer.ooni.org/m/20260313052622.164872_KR_webconnectivity_010fd75b9158c8cc
http://www.theregister.co.uk/,dns,https://explorer.ooni.org/m/20260313052623.692432_KR_webconnectivity_abfca6dd78b8b7c4
https://www.out.com/,dns,https://explorer.ooni.org/m/20260313052622.913432_KR_webconnectivity_3854f9617174ce11
https://www.unhcr.org/,ok,https://explorer.ooni.org/m/20260313052624.834044_KR_webconnectivity_5e14c7a0cdb9b02a
https://www.unicef.org/,ok,https://explorer.ooni.org/m/20260313052625.817724_KR_webconnectivity_bc2c6eb536fbd93b
https://www.reddit.com/,dns,https://explorer.ooni.org/m/20260313052626.506944_KR_webconnectivity_9af07ee34e917703
https://8.8.8.8/dns-query?dns=q80BAAABAAAAAAAAA3d3dwdleGFtcGxlA2NvbQAAAQAB,ok,https://explorer.ooni.org/m/20260313052627.511607_KR_webconnectivity_530a20f220c6f5bc
https://bitly.com/,dns,https://explorer.ooni.org/m/20260313052628.526567_KR_webconnectivity_f8e134b55ed6cea2
https://raw.githubusercontent.com/ooni/spec/master/README.md,dns,https://explorer.ooni.org/m/20260313052629.246182_KR_webconnectivity_32e13952daf70e96
https://telegram.org/,dns,https://explorer.ooni.org/m/20260313052629.967389_KR_webconnectivity_070b78087ec3ac2f
https://www.carbonmap.org/,ok,https://explorer.ooni.org/m/20260313052633.048720_KR_webconnectivity_114ca9ccda5489a2
https://www.catholic.org/,ok,https://explorer.ooni.org/m/20260313052637.531264_KR_webconnectivity_411517bb4f39cfa0
https://www.catholicsforchoice.org/,ok,https://explorer.ooni.org/m/20260313052639.603852_KR_webconnectivity_e3804549841f2b10
https://www.ccel.org/,ok,https://explorer.ooni.org/m/20260313052643.193147_KR_webconnectivity_3954c5f16cc619b8
https://www.ceceurope.org/,ok,https://explorer.ooni.org/m/20260313052648.587385_KR_webconnectivity_56d953ee7161c55c
https://www.christianity.com/,ok,https://explorer.ooni.org/m/20260313052651.284595_KR_webconnectivity_976f5b8a47f28e8b
https://www.christianitytoday.com/,ok,https://explorer.ooni.org/m/20260313052655.257442_KR_webconnectivity_e0340f753d87ebbf
https://www.cleanwateraction.org/,ok,https://explorer.ooni.org/m/20260313052657.967096_KR_webconnectivity_7a072107060a9557
https://www.climaterealityproject.org/,ok,https://explorer.ooni.org/m/20260313052702.168404_KR_webconnectivity_a8fdb34712c371b8
https://www.coolearth.org/,ok,https://explorer.ooni.org/m/20260313052706.063561_KR_webconnectivity_760a1ad2c42d2a6e
https://www.copticchurch.net/,ok,https://explorer.ooni.org/m/20260313052709.173025_KR_webconnectivity_583bd842c58fc03d
https://www.cseindia.org/,ok,https://explorer.ooni.org/m/20260313052719.004739_KR_webconnectivity_4a61cb7ee1a95085
http://www.dogdrip.net/,dns,https://explorer.ooni.org/m/20260313052720.299512_KR_webconnectivity_bf1d71c29b34378d
https://www.dotster.com/,dns,https://explorer.ooni.org/m/20260313052721.013564_KR_webconnectivity_079dcb2cb720e9d8
https://www.dreamhost.com/,ok,https://explorer.ooni.org/m/20260313052723.415822_KR_webconnectivity_820fee3487811892
https://www.earthaction.org/,ok,https://explorer.ooni.org/m/20260313052726.960990_KR_webconnectivity_63c68c9613977077
https://www.earthrights.org/,ok,https://explorer.ooni.org/m/20260313052728.751797_KR_webconnectivity_7180349e32c678ae
http://www.ebaumsworld.com/,dns,https://explorer.ooni.org/m/20260313052729.518521_KR_webconnectivity_d6a0b56c75d4c776
http://www.eco.or.kr/,ok,https://explorer.ooni.org/m/20260313052734.198479_KR_webconnectivity_a42eee1cdb8b994c
https://www.edf.org/,ok,https://explorer.ooni.org/m/20260313052736.267946_KR_webconnectivity_0b93272af83f0a30
https://www.eea.europa.eu/,ok,https://explorer.ooni.org/m/20260313052742.274680_KR_webconnectivity_7f305180eaee30b2
https://www.emailaddresses.com/,ok,https://explorer.ooni.org/m/20260313052744.992127_KR_webconnectivity_6a819f42eeee5d6d
https://www.enom.com/,ok,https://explorer.ooni.org/m/20260313052747.407002_KR_webconnectivity_35cfd806d8e89fe5
https://www.epik.com/,ok,https://explorer.ooni.org/m/20260313052751.158520_KR_webconnectivity_6c94e04b12567875
https://www.episcopalchurch.org/,ok,https://explorer.ooni.org/m/20260313052754.238880_KR_webconnectivity_169acc9d2ad26eb7
https://www.ewg.org/,ok,https://explorer.ooni.org/m/20260313052757.217364_KR_webconnectivity_26b634958c1d2d7d
https://www.exmormon.org/,tcp_ip,https://explorer.ooni.org/m/20260313052833.239202_KR_webconnectivity_2ae813aa7b363ffa
http://www.fark.com/,dns,https://explorer.ooni.org/m/20260313052835.139994_KR_webconnectivity_e1bf7ef097009b19
https://www.fandom.com/,dns,https://explorer.ooni.org/m/20260313052833.949804_KR_webconnectivity_687f109cd120ae38
https://www.fhi360.org/,ok,https://explorer.ooni.org/m/20260313052838.248063_KR_webconnectivity_c68590c5d3da8e13
http://www.fmkorea.com/,ok,https://explorer.ooni.org/m/20260313052840.286536_KR_webconnectivity_50ff3e327175fbad
https://www.footprintnetwork.org/,ok,https://explorer.ooni.org/m/20260313052844.931541_KR_webconnectivity_d57eaefe7ccaba47
http://www.formercatholic.com/,ok,https://explorer.ooni.org/m/20260313052847.091794_KR_webconnectivity_ffeba27427981c09
https://www.frc.org/,ok,https://explorer.ooni.org/m/20260313052850.590241_KR_webconnectivity_43599c829a4fec66
http://www.freehomepage.com/,ok,https://explorer.ooni.org/m/20260313052852.717986_KR_webconnectivity_b26b910f2f5c641b
http://www.freeservers.com/,ok,https://explorer.ooni.org/m/20260313052854.498754_KR_webconnectivity_655f0f893df4d772
http://www.freewebspace.com/,ok,https://explorer.ooni.org/m/20260313052859.597568_KR_webconnectivity_67081cf51fd9e5fe
http://www.gabia.com/,error,https://explorer.ooni.org/m/20260313052903.584896_KR_webconnectivity_a5e952bed3290b93
https://www.globalwitness.org/,ok,https://explorer.ooni.org/m/20260313052913.258332_KR_webconnectivity_ecbe13a9c691b07b
https://www.goarch.org/,ok,https://explorer.ooni.org/m/20260313052914.841095_KR_webconnectivity_c2be44d99bdb9cbd
https://www.godaddy.com/,dns,https://explorer.ooni.org/m/20260313052915.597092_KR_webconnectivity_1197b9c556f3f078
http://www.godalone.org/,ok,https://explorer.ooni.org/m/20260313052919.254745_KR_webconnectivity_c4080ad0ebd94ba7
https://www.googleapis.com/auth/cloud-platform,ok,https://explorer.ooni.org/m/20260313052924.386439_KR_webconnectivity_7a4a54a08b628f14
http://www.greenkorea.org/,ok,https://explorer.ooni.org/m/20260313052928.390521_KR_webconnectivity_5865faf8f2a73880
http://www.greennet.org.uk/,ok,https://explorer.ooni.org/m/20260313052933.065785_KR_webconnectivity_80a0f9401eade621
https://www.greenpeace.org/,ok,https://explorer.ooni.org/m/20260313052935.078297_KR_webconnectivity_41b74917096de184
https://www.gstatic.com/robots.txt,ok,https://explorer.ooni.org/m/20260313052937.977927_KR_webconnectivity_90c54c30de0f4dd2
http://www.hostgator.com/,ok,https://explorer.ooni.org/m/20260313052939.314823_KR_webconnectivity_e561f19d638a094f
http://www.hotge.co.kr/,ok,https://explorer.ooni.org/m/20260313052942.673656_KR_webconnectivity_7e0b27cbb8680e01
https://www.howtouseabortionpill.org/,ok,https://explorer.ooni.org/m/20260313052947.218304_KR_webconnectivity_cfbe2c616708e8c3
https://www.iaea.org/,ok,https://explorer.ooni.org/m/20260313052948.970439_KR_webconnectivity_2fe7da7cf026ff02
http://www.iavi.org/,ok,https://explorer.ooni.org/m/20260313052950.729540_KR_webconnectivity_df4cde2ab5924198
http://www.iico.org/,ok,https://explorer.ooni.org/m/20260313052955.836858_KR_webconnectivity_7154317ee280606b
https://www.internationalrivers.org/,ok,https://explorer.ooni.org/m/20260313052959.510906_KR_webconnectivity_5e7fbcb7ed60c5b5
https://www.ipcc.ch/,ok,https://explorer.ooni.org/m/20260313053004.782223_KR_webconnectivity_0c9e9d3a52219d55
https://www.iskcon.org/,ok,https://explorer.ooni.org/m/20260313053005.488920_KR_webconnectivity_3fb20e2f817ed00a
http://www.islameyat.com/,ok,https://explorer.ooni.org/m/20260313053010.646333_KR_webconnectivity_3930e531c0d09af5
http://www.islamicity.com/,ok,https://explorer.ooni.org/m/20260313053012.336647_KR_webconnectivity_2225d346b01a68bf
https://www.islaminstitut.de/en/,ok,https://explorer.ooni.org/m/20260313053016.568014_KR_webconnectivity_f39938cb94bc1eb8
https://www.iucn.org/,ok,https://explorer.ooni.org/m/20260313053019.387323_KR_webconnectivity_f122aa87df7b539d
http://www.jesussaves.cc/,ok,https://explorer.ooni.org/m/20260313053027.490884_KR_webconnectivity_df5a4c8a4f55f9c0
http://www.jinbo.net/,ok,https://explorer.ooni.org/m/20260313053030.200839_KR_webconnectivity_94397a3aceb66044
http://www.judaism.com/,ok,https://explorer.ooni.org/m/20260313053032.910660_KR_webconnectivity_cb8db6e9871973ac
http://www.judaismconversion.org/,ok,https://explorer.ooni.org/m/20260313053043.436612_KR_webconnectivity_9acea878af501102
https://www.jw.org/,error,https://explorer.ooni.org/m/20260313053044.817879_KR_webconnectivity_a1ccf8898b78ed1f
http://www.kfem.or.kr/,ok,https://explorer.ooni.org/m/20260313053052.436923_KR_webconnectivity_e9a2eb09646c95df
http://www.kgreens.org/,ok,https://explorer.ooni.org/m/20260313053058.006173_KR_webconnectivity_d9f153c9c6ec9757
http://www.krts.or.kr/,ok,https://explorer.ooni.org/m/20260313053102.929616_KR_webconnectivity_3e4835b0e750aed3
https://www.leaseweb.com/,ok,https://explorer.ooni.org/m/20260313053107.697123_KR_webconnectivity_d3c16cb473d10112
https://www.livejournal.com/,dns,https://explorer.ooni.org/m/20260313053108.697859_KR_webconnectivity_082239cf19437fb7
http://www.mgoon.com/,error,https://explorer.ooni.org/m/20260313053125.880675_KR_webconnectivity_eaec9085a2f7a28e
http://www.muhammadanism.com/,ok,https://explorer.ooni.org/m/20260313053138.958764_KR_webconnectivity_afee4d7922903f13
https://www.namecheap.com/,ok,https://explorer.ooni.org/m/20260313053140.122687_KR_webconnectivity_a11485e636d3620e
http://www.nate.com/,ok,https://explorer.ooni.org/m/20260313053141.837998_KR_webconnectivity_c436ddd9ab1b4528
http://www.nate.com/?f=pann,ok,https://explorer.ooni.org/m/20260313053143.498952_KR_webconnectivity_7c73b9a64844ef23
http://www.nature.org/,ok,https://explorer.ooni.org/m/20260313053146.274069_KR_webconnectivity_8037df065fce785e
http://www.no-ip.com/,ok,https://explorer.ooni.org/m/20260313053151.544783_KR_webconnectivity_938a3bc1c5e7b78a
https://www.oca.org/,ok,https://explorer.ooni.org/m/20260313053154.500665_KR_webconnectivity_f7526376d8825cad
http://www.oicc.org/,ok,https://explorer.ooni.org/m/20260313053157.794913_KR_webconnectivity_57d9411de2e64caf
http://www.oikoumene.org/,ok,https://explorer.ooni.org/m/20260313053201.697808_KR_webconnectivity_9b103a673748d70d
https://www.om.org/,ok,https://explorer.ooni.org/m/20260313053202.856596_KR_webconnectivity_e3249014653b6a8f
https://www.orangewebsite.com/,ok,https://explorer.ooni.org/m/20260313053208.741767_KR_webconnectivity_50d958bd37641802
http://www.orthodoxconvert.info/,ok,https://explorer.ooni.org/m/20260313053211.202931_KR_webconnectivity_bb01c004385538d8
https://www.paganpride.org/,ok,https://explorer.ooni.org/m/20260313053215.875631_KR_webconnectivity_dd137ba61c9ac783
http://www.pandora.tv/,ok,https://explorer.ooni.org/m/20260313053216.683041_KR_webconnectivity_eda4401538e22cf3
https://www.persecution.org/,ok,https://explorer.ooni.org/m/20260313053219.432779_KR_webconnectivity_03c7aa8e1550509c
https://www.peta.org/,dns,https://explorer.ooni.org/m/20260313053220.155906_KR_webconnectivity_3674647052be9f74
https://www.petside.com/,ok,https://explorer.ooni.org/m/20260313053240.828206_KR_webconnectivity_56ed4edb73040ed9
https://www.plannedparenthood.org/,dns,https://explorer.ooni.org/m/20260313053241.550490_KR_webconnectivity_a7c303a8d3b377ae
http://www.podbbang.com/,ok,https://explorer.ooni.org/m/20260313053246.030056_KR_webconnectivity_7a23b08eb61829ca
http://www.ppfk.or.kr/,ok,https://explorer.ooni.org/m/20260313053252.766003_KR_webconnectivity_4de1d262fada174a
http://www.ppomppu.co.kr/zboard/zboard.php?id=freeboard,ok,https://explorer.ooni.org/m/20260313053254.168899_KR_webconnectivity_251e316a8ea0b06b
http://www.ppomppu.co.kr/zboard/zboard.php?id=issue,ok,https://explorer.ooni.org/m/20260313053255.545260_KR_webconnectivity_9d87acd62f380bd4
https://www.premaritalsex.info/,dns,https://explorer.ooni.org/m/20260313053256.195963_KR_webconnectivity_ea3b62dc53bc9ac2
https://www.privex.io/,ok,https://explorer.ooni.org/m/20260313053259.678094_KR_webconnectivity_c2b1bb6056f66ebc
http://www.prolife.or.kr/,ok,https://explorer.ooni.org/m/20260313053307.193740_KR_webconnectivity_abd476332a095f61
http://www.pullbbang.com/,dns,https://explorer.ooni.org/m/20260313053308.550847_KR_webconnectivity_c2536240ba9113ce
https://www.rackspace.com/,ok,https://explorer.ooni.org/m/20260313053311.113383_KR_webconnectivity_c9eee9c59bc2d4ff
http://www.ran.org/,ok,https://explorer.ooni.org/m/20260313053313.649856_KR_webconnectivity_7c0f65e49e671eec
https://www.ran.org/,ok,https://explorer.ooni.org/m/20260313053315.127431_KR_webconnectivity_84ea836bf6394f80
https://www.rebrandly.com/,ok,https://explorer.ooni.org/m/20260313053317.121766_KR_webconnectivity_2842f152ba70453a
https://www.reprouncensored.org/,ok,https://explorer.ooni.org/m/20260313053320.316146_KR_webconnectivity_359f62bcd2580250
https://www.resourcematters.org/,ok,https://explorer.ooni.org/m/20260313053321.844689_KR_webconnectivity_3a4f526c5b08ac8a
https://www.salvationarmy.org/,ok,https://explorer.ooni.org/m/20260313053325.624115_KR_webconnectivity_fca7ed9e1b1c85a9
http://www.sangsaeng.org/,dns,https://explorer.ooni.org/m/20260313053328.264923_KR_webconnectivity_81d4359b2350595d
https://www.sbc.net/,ok,https://explorer.ooni.org/m/20260313053331.324605_KR_webconnectivity_9e65c9d0e6f925dd
http://www.scarleteen.com/,dns,https://explorer.ooni.org/m/20260313053332.446489_KR_webconnectivity_2458d28cbf16a6f3
http://www.scientology.org/,ok,https://explorer.ooni.org/m/20260313053334.395278_KR_webconnectivity_275634dc9395ea23
http://www.sex-academy.com/,dns,https://explorer.ooni.org/m/20260313053338.539488_KR_webconnectivity_041baf191895b1c0
http://www.sexandu.ca/,dns,https://explorer.ooni.org/m/20260313053342.047179_KR_webconnectivity_94d3c2d2d516d741
http://www.sexandu.ca/fr/,dns,https://explorer.ooni.org/m/20260313053345.453257_KR_webconnectivity_a7e946220aba3c2d
https://www.sfsi.org/,dns,https://explorer.ooni.org/m/20260313053346.642923_KR_webconnectivity_721f8d495421c072
http://www.shinto.org/,ok,https://explorer.ooni.org/m/20260313053349.282889_KR_webconnectivity_b72bc53046f9ea79
http://www.siecus.org/,dns,https://explorer.ooni.org/m/20260313053349.986276_KR_webconnectivity_0391d600811132b9
https://www.sierraclub.org/,ok,https://explorer.ooni.org/m/20260313053351.205127_KR_webconnectivity_3eff9780b521ac52
https://www.snapchat.com/,ok,https://explorer.ooni.org/m/20260313053354.510138_KR_webconnectivity_0b416ef9f83d9303
http://www.submission.org/,ok,https://explorer.ooni.org/m/20260313053357.016709_KR_webconnectivity_1510069e876530bd
http://www.survive.org.uk/,ok,https://explorer.ooni.org/m/20260313053359.486262_KR_webconnectivity_50aa9c23ebd9fa28
http://www.suyongso.com/,ok,https://explorer.ooni.org/m/20260313053400.200898_KR_webconnectivity_7175e5b452374a53
http://www.tcloud.co.kr/,ok,https://explorer.ooni.org/m/20260313053416.923457_KR_webconnectivity_e200fdba121fe702
http://www.teenhealthfx.com/,ok,https://explorer.ooni.org/m/20260313053420.000869_KR_webconnectivity_7fb1ffed5fbfd221
http://www.teensource.org/,dns,https://explorer.ooni.org/m/20260313053420.955304_KR_webconnectivity_8492464348cff94d
http://www.themwl.org/,ok,https://explorer.ooni.org/m/20260313053425.092446_KR_webconnectivity_8aa2575ed90f776f
http://www.tistory.com/,ok,https://explorer.ooni.org/m/20260313053429.911667_KR_webconnectivity_ee9cc73f7cbb650c
http://www.todayhumor.co.kr/,ok,https://explorer.ooni.org/m/20260313053433.378638_KR_webconnectivity_3868e736e84cd3a8
http://www.tripod.lycos.com/,ok,https://explorer.ooni.org/m/20260313053437.017832_KR_webconnectivity_797a2ce88cf2fe57
http://www.truthnet.org/,ok,https://explorer.ooni.org/m/20260313053441.054069_KR_webconnectivity_278b2990d2e290be
http://www.typepad.com/,ok,https://explorer.ooni.org/m/20260313053442.374297_KR_webconnectivity_7032beb7374cfdbc
https://www.ucc.org/,ok,https://explorer.ooni.org/m/20260313053445.887534_KR_webconnectivity_14a7e14d48fc51c8
https://www.ucsusa.org/,ok,https://explorer.ooni.org/m/20260313053448.840470_KR_webconnectivity_8c61d337520266ed
http://www.ultimatebirthcontrol.com/,dns,https://explorer.ooni.org/m/20260313053450.425691_KR_webconnectivity_04ab028d76b985bc
http://www.umc.org/,ok,https://explorer.ooni.org/m/20260313053455.549427_KR_webconnectivity_52264eba1496a2d7
https://www.unep.org/,ok,https://explorer.ooni.org/m/20260313053458.163500_KR_webconnectivity_7c3839728500582e
http://www.upci.org/,ok,https://explorer.ooni.org/m/20260313053502.554760_KR_webconnectivity_f985f5ba970f80cf
http://www.vatican.va/,ok,https://explorer.ooni.org/m/20260313053505.845141_KR_webconnectivity_04288769205a0969
https://www.viber.com/,ok,https://explorer.ooni.org/m/20260313053508.218175_KR_webconnectivity_dde2a64c89672814
http://www.wcicc.org/,ok,https://explorer.ooni.org/m/20260313053511.356062_KR_webconnectivity_5b4c280deb67afa1
https://www.wechat.com/,ok,https://explorer.ooni.org/m/20260313053512.296654_KR_webconnectivity_d21b18fede5c8ec0
https://www.weebly.com/,ok,https://explorer.ooni.org/m/20260313053514.444597_KR_webconnectivity_26f3db14e15cd986
https://www.whatsapp.com/,ok,https://explorer.ooni.org/m/20260313053517.722280_KR_webconnectivity_a0825f40c1c259de
http://www.whois.co.kr/,ok,https://explorer.ooni.org/m/20260313053524.034517_KR_webconnectivity_0587d0bc6d6f3667
http://www.wix.com/,ok,https://explorer.ooni.org/m/20260313053527.039762_KR_webconnectivity_6530744e79594fc6
http://www.worldjewishcongress.org/,ok,https://explorer.ooni.org/m/20260313053533.751584_KR_webconnectivity_5bd86fe7f6b032ab
https://www.worldwildlife.org/,ok,https://explorer.ooni.org/m/20260313053534.825921_KR_webconnectivity_800df95c2161a0ed
https://www.xenu.net/,ok,https://explorer.ooni.org/m/20260313053539.715695_KR_webconnectivity_c87c3274ba4ef531
http://www.xyinlove.co.kr/,error,https://explorer.ooni.org/m/20260313053558.243404_KR_webconnectivity_1d241eed91af1a20
http://www.ymca.int/,dns,https://explorer.ooni.org/m/20260313053600.137798_KR_webconnectivity_72ed815ae71b3f55
https://www.yola.com/,ok,https://explorer.ooni.org/m/20260313053602.936813_KR_webconnectivity_06b237c2383e737b
https://www.zanzu.nl/,dns,https://explorer.ooni.org/m/20260313053603.797807_KR_webconnectivity_cf7af1ca6ef688c4
https://www.zoomshare.com/,dns,https://explorer.ooni.org/m/20260313053605.488749_KR_webconnectivity_6d1297bf034b0f3c
http://xanga.com/,ok,https://explorer.ooni.org/m/20260313053607.248302_KR_webconnectivity_efa7ea9cc4314990
https://xda-developers.com/,ok,https://explorer.ooni.org/m/20260313053613.437818_KR_webconnectivity_5bee60c832ab03ce
https://yourls.org/,ok,https://explorer.ooni.org/m/20260313053614.810480_KR_webconnectivity_a9445f63bcdde8e8
https://yt3.ggpht.com/a-/AOh14GhGCI1dxtHOY_TDQfmxDBK_S7CHTPJ3U6zOUw=s480-c-k-c0x00ffffff-no-rj-mo,ok,https://explorer.ooni.org/m/20260313053618.604204_KR_webconnectivity_a3c78a16478d7578
https://yt4.ggpht.com/a-/AOh14GhOiUxI-RcMC-Vfl2i15v3xewMr8bt2yNXTfw=s480-c-k-c0x00ffffff-no-rj-mo,ok,https://explorer.ooni.org/m/20260313053622.597117_KR_webconnectivity_dd0d55d4571fa4c3
https://adultfriendfinder.com/,dns,https://explorer.ooni.org/m/20260313053624.846869_KR_webconnectivity_95abcbb254da1ef8
https://alqassam.ps/,dns,https://explorer.ooni.org/m/20260313053625.715887_KR_webconnectivity_19eef4e08c825a0a
https://alt.com/,dns,https://explorer.ooni.org/m/20260313053627.060700_KR_webconnectivity_7a285878de88d02c
https://amphetamines.com/,ok,https://explorer.ooni.org/m/20260313053628.857570_KR_webconnectivity_66d85fb4801c531d
http://asiafriendfinder.com/,dns,https://explorer.ooni.org/m/20260313053631.028132_KR_webconnectivity_bdf357e7e929e029
http://asiansmaster.com/,dns,https://explorer.ooni.org/m/20260313053632.284620_KR_webconnectivity_a0ac95e961cf40f7
http://betasia.com/,dns,https://explorer.ooni.org/m/20260313053633.895594_KR_webconnectivity_28d0ae686dfdfa59
https://beeg.com/,dns,https://explorer.ooni.org/m/20260313053633.033613_KR_webconnectivity_960592d6a85b8bb8
https://btggaming.com/,dns,https://explorer.ooni.org/m/20260313053636.346678_KR_webconnectivity_e07461ceb2883e05
http://cafe.daum.net/amc21,ok,https://explorer.ooni.org/m/20260313053638.893702_KR_webconnectivity_02a8ba0fb473acc2
http://cafe.daum.net/dacultureNO,ok,https://explorer.ooni.org/m/20260313053641.250540_KR_webconnectivity_a3f5e9cad1b3b852
http://cafe.naver.com/mansdotcom,ok,https://explorer.ooni.org/m/20260313053644.173073_KR_webconnectivity_6e36e617e6f90165
http://cafe.naver.com/rtbnmm/,ok,https://explorer.ooni.org/m/20260313053653.988441_KR_webconnectivity_d45b84966438059f
http://creamasia.com/,dns,https://explorer.ooni.org/m/20260313053655.396880_KR_webconnectivity_45c883296fabe967
https://dailystormer.in/,dns,https://explorer.ooni.org/m/20260313053658.143320_KR_webconnectivity_ec70653251f6b52f
https://drugs-forum.com/,dns,https://explorer.ooni.org/m/20260313053658.852625_KR_webconnectivity_e847e5f56414f7ba
https://eln-voces.net/,ok,https://explorer.ooni.org/m/20260313053705.202754_KR_webconnectivity_4f7b672c75dd2d2d
https://europedatingonline.com/,dns,https://explorer.ooni.org/m/20260313053705.888630_KR_webconnectivity_6fbf20c9b7169b74
https://forum.grasscity.com/,dns,https://explorer.ooni.org/m/20260313053707.164662_KR_webconnectivity_32a322b85947a51f
https://friendfinder.com/,dns,https://explorer.ooni.org/m/20260313053708.742803_KR_webconnectivity_714de1dd4d2ea271
https://godhatesfags.com/,dns,https://explorer.ooni.org/m/20260313053709.419780_KR_webconnectivity_6c36f2312129c5ce
https://heroin.org/,dns,https://explorer.ooni.org/m/20260313053710.184884_KR_webconnectivity_41b339823469ea90
https://hightimes.com/,dns,https://explorer.ooni.org/m/20260313053711.905193_KR_webconnectivity_52f8146e34c10c1e
https://hitomi.la/,dns,https://explorer.ooni.org/m/20260313053713.218352_KR_webconnectivity_87a40a1b31345f19
http://hotgaylist.com/,dns,https://explorer.ooni.org/m/20260313053713.893846_KR_webconnectivity_08b409fe1642b715
https://howtogrowmarijuana.com/,dns,https://explorer.ooni.org/m/20260313053729.596127_KR_webconnectivity_09e759f16e1eac10
https://hustler.com/,dns,https://explorer.ooni.org/m/20260313053730.281023_KR_webconnectivity_ac1891c678dc8348
http://indianfriendfinder.com/,dns,https://explorer.ooni.org/m/20260313053731.975699_KR_webconnectivity_845c8afc155e8c35
https://kiwifarms.net/,dns,https://explorer.ooni.org/m/20260313053747.801559_KR_webconnectivity_0508cccf4fa4e6b7
http://koreanfriendfinder.com/,dns,https://explorer.ooni.org/m/20260313053750.142501_KR_webconnectivity_6532a5811a66105a
http://makemodel.net/,ok,https://explorer.ooni.org/m/20260313053753.981250_KR_webconnectivity_808461a50d50b309
https://maps.org/,ok,https://explorer.ooni.org/m/20260313053756.143738_KR_webconnectivity_b73fa9022419bf2d
http://mingky.org/,dns,https://explorer.ooni.org/m/20260313053757.222490_KR_webconnectivity_7570866d3d85dc35
http://ndfsk.dyndns.org/,ok,https://explorer.ooni.org/m/20260313053757.947263_KR_webconnectivity_edb0b3fc5f6f27e7
http://ndfsk.dyndns.org/kuguk8/Title1.htm,ok,https://explorer.ooni.org/m/20260313053759.659844_KR_webconnectivity_b9b9242716d398a0
https://norml.org/,dns,https://explorer.ooni.org/m/20260313053801.679761_KR_webconnectivity_d66904cd04b5aa2f
https://nsdapao.info/,dns,https://explorer.ooni.org/m/20260313053818.524829_KR_webconnectivity_b17ba90822f33656
http://onlybingo.com/,dns,https://explorer.ooni.org/m/20260313053834.178198_KR_webconnectivity_8e3f883364ced221
https://onlyfans.com/,dns,https://explorer.ooni.org/m/20260313053835.872735_KR_webconnectivity_0515f4052cd863cc
https://panties.com/,dns,https://explorer.ooni.org/m/20260313053836.982334_KR_webconnectivity_d241ee0f96f62378
http://sexkorea.net/,dns,https://explorer.ooni.org/m/20260313053852.748211_KR_webconnectivity_2dae1c3b414d16b8
http://thaigirls.net/,dns,https://explorer.ooni.org/m/20260313053855.005406_KR_webconnectivity_546fa629d9f56c88
https://trashy.com/,dns,https://explorer.ooni.org/m/20260313053855.797432_KR_webconnectivity_65d2fc7a4d5b0eb6
https://uk.match.com/,dns,https://explorer.ooni.org/m/20260313053856.521169_KR_webconnectivity_d5ee65523ad3936a
http://user.chollian.net/,dns,https://explorer.ooni.org/m/20260313053858.462185_KR_webconnectivity_23ec4e91930e62ec
http://user.chollian.net/~yesooj/mincho/deama.htm,dns,https://explorer.ooni.org/m/20260313053900.448703_KR_webconnectivity_2c4a5d94217f4566
http://via89.kr/,ok,https://explorer.ooni.org/m/20260313053906.140476_KR_webconnectivity_e0f41c52718557ee
http://video.fc2.com/ko/a/,dns,https://explorer.ooni.org/m/20260313053908.052110_KR_webconnectivity_ae8d77e1c46c4835
https://weedmaps.com/,dns,https://explorer.ooni.org/m/20260313053908.940580_KR_webconnectivity_6a7bc9e442a71f9b
https://worldsingles.com/,dns,https://explorer.ooni.org/m/20260313053909.842517_KR_webconnectivity_02fb583646b264ec
https://www.3wishes.com/,dns,https://explorer.ooni.org/m/20260313053910.733326_KR_webconnectivity_4e2afd8300652e04
http://www.4online-gambling.com/,dns,https://explorer.ooni.org/m/20260313053911.865862_KR_webconnectivity_6b4d6e2cc4ce9fa0
http://www.888casino.com/,dns,https://explorer.ooni.org/m/20260313053912.604003_KR_webconnectivity_f2e58ce3674f50e8
http://www.abcunderwear.com/,dns,https://explorer.ooni.org/m/20260313053913.635912_KR_webconnectivity_a0b4a1b00846175e
http://www.absinth.com/,ok,https://explorer.ooni.org/m/20260313053915.758811_KR_webconnectivity_68cb9ce6e9ac223a
http://www.absolut.com/,ok,https://explorer.ooni.org/m/20260313053916.956205_KR_webconnectivity_930edf28161775f5
https://www.agentprovocateur.com/,dns,https://explorer.ooni.org/m/20260313053917.784372_KR_webconnectivity_21502be8f533dd76
https://www.americannaziparty.com/,ok,https://explorer.ooni.org/m/20260313053920.268138_KR_webconnectivity_fb0bf3847de0428d
https://www.ariannelingerie.com/,dns,https://explorer.ooni.org/m/20260313053926.396940_KR_webconnectivity_c22b5e0f11e3d4eb
https://www.ashleymadison.com/,dns,https://explorer.ooni.org/m/20260313053927.223411_KR_webconnectivity_e91a768e4f326de8
http://www.asiabynight.com/,dns,https://explorer.ooni.org/m/20260313053944.012764_KR_webconnectivity_9da9ddbb2e4f9a9b
https://www.bacardi.com/,ok,https://explorer.ooni.org/m/20260313053946.445336_KR_webconnectivity_5b4a908d8faba9ee
http://www.barmeister.com/,dns,https://explorer.ooni.org/m/20260313053948.840298_KR_webconnectivity_c2b779d2f17c166c
https://www.bat.com/,ok,https://explorer.ooni.org/m/20260313053955.794004_KR_webconnectivity_4f6c807f7008b1f3
http://www.beer.com/,ok,https://explorer.ooni.org/m/20260313053959.720147_KR_webconnectivity_f3feeb84058de733
https://www.beerinfo.com/,ok,https://explorer.ooni.org/m/20260313054004.091411_KR_webconnectivity_62b7c1fa8eda80cd
http://www.betfair.com/,dns,https://explorer.ooni.org/m/20260313054004.819584_KR_webconnectivity_f1a2390fca15564a
http://www.bglad.com/,dns,https://explorer.ooni.org/m/20260313054007.768567_KR_webconnectivity_0e9dc7fc6513bc24
http://www.blackjackinfo.com/,dns,https://explorer.ooni.org/m/20260313054010.055799_KR_webconnectivity_b77da510af15eb65
https://www.blueskyswimwear.com/,dns,https://explorer.ooni.org/m/20260313054010.753921_KR_webconnectivity_00be4e00afce39e6
https://www.bravoporn.com/,dns,https://explorer.ooni.org/m/20260313054011.503206_KR_webconnectivity_53087a69b06b1d99
http://www.budweiser.com/,ok,https://explorer.ooni.org/m/20260313054018.965517_KR_webconnectivity_7a72ad4412119310
https://www.buydutchseeds.com/,dns,https://explorer.ooni.org/m/20260313054020.820679_KR_webconnectivity_7a932a3a180d1b38
https://www.cannaweed.com/,dns,https://explorer.ooni.org/m/20260313054022.591059_KR_webconnectivity_04feb9ad4b49a06d
https://www.casino.com/,dns,https://explorer.ooni.org/m/20260313054023.346930_KR_webconnectivity_3c30ecdf96c5dd4f
http://www.casinotropez.com/,dns,https://explorer.ooni.org/m/20260313054028.197300_KR_webconnectivity_edc38fd019fbf603
http://www.chantelle.com/,dns,https://explorer.ooni.org/m/20260313054030.125645_KR_webconnectivity_7d6fefef9ea63fe7
https://www.churchofeuthanasia.org/,dns,https://explorer.ooni.org/m/20260313054031.387258_KR_webconnectivity_2556baee1ec06a66
http://www.columbus25.com/,ok,https://explorer.ooni.org/m/20260313054033.100130_KR_webconnectivity_167b30f4a292f712
http://www.coquette.com/,dns,https://explorer.ooni.org/m/20260313054034.069777_KR_webconnectivity_22dbd85924b98c0d
http://www.date.com/,dns,https://explorer.ooni.org/m/20260313054036.046672_KR_webconnectivity_5eaa6f6e3f20746c
https://www.dating.com/,dns,https://explorer.ooni.org/m/20260313054037.837147_KR_webconnectivity_8168e24adbf7313b
http://www.dekaron.co.kr/,dns,https://explorer.ooni.org/m/20260313054041.289233_KR_webconnectivity_6f05cb31f6ba9692
http://www.delicates.co.uk/,ok,https://explorer.ooni.org/m/20260313054103.395398_KR_webconnectivity_7e4cccbc7e7346a6
https://www.dextroverse.org/,ok,https://explorer.ooni.org/m/20260313054124.057998_KR_webconnectivity_3a0187583cc28964
https://www.drugsdata.org/,dns,https://explorer.ooni.org/m/20260313054129.687203_KR_webconnectivity_945b8dab90e9c7c3
http://www.drugsense.org/,ok,https://explorer.ooni.org/m/20260313054134.294463_KR_webconnectivity_4e8f91e6d17ea0be
http://www.dsnet.co.kr/,ok,https://explorer.ooni.org/m/20260313054150.031964_KR_webconnectivity_adfa87dccf42e5dc
https://www.eharmony.com/,dns,https://explorer.ooni.org/m/20260313054151.036121_KR_webconnectivity_4bbd7438071fa066
https://www.erowid.org/,dns,https://explorer.ooni.org/m/20260313054202.600299_KR_webconnectivity_29ed9659450cc2bc
http://www.forbiddenasian.com/,dns,https://explorer.ooni.org/m/20260313054204.613502_KR_webconnectivity_3bc2340862fb2d6a
http://www.freshpair.com/,dns,https://explorer.ooni.org/m/20260313054205.883137_KR_webconnectivity_289008d4d51099ee
http://www.fuckingfreemovies.com/,dns,https://explorer.ooni.org/m/20260313054207.537135_KR_webconnectivity_e13aecd9a384b7f3
https://www.gambling.com/,dns,https://explorer.ooni.org/m/20260313054208.492272_KR_webconnectivity_0b398347d33fbdea
http://www.gamemeca.com/,dns,https://explorer.ooni.org/m/20260313054211.948982_KR_webconnectivity_e787db2db1338536
http://www.gamespot.co.kr/,dns,https://explorer.ooni.org/m/20260313054213.887054_KR_webconnectivity_6134df477bbd6162
http://www.gayapatal.com/,dns,https://explorer.ooni.org/m/20260313054214.768173_KR_webconnectivity_c00428f7c844ebbb
http://www.globalfire.tv/,ok,https://explorer.ooni.org/m/20260313054218.101907_KR_webconnectivity_9c982dd0b8c76ef8
http://www.goldenrivieracasino.com/,dns,https://explorer.ooni.org/m/20260313054220.290098_KR_webconnectivity_c56b521de3bd3391
https://www.goldenpalace.com/,dns,https://explorer.ooni.org/m/20260313054218.987705_KR_webconnectivity_e68cee86762209fb
http://www.gotgayporn.com/,dns,https://explorer.ooni.org/m/20260313054221.034714_KR_webconnectivity_908992e19fa09ff0
http://www.hanes.com/,ok,https://explorer.ooni.org/m/20260313054222.552306_KR_webconnectivity_62e03b1af03f33da
https://www.happn.com/,dns,https://explorer.ooni.org/m/20260313054223.237988_KR_webconnectivity_cd8932d1426b7d1f
http://www.hiliq.net/,ok,https://explorer.ooni.org/m/20260313054229.699054_KR_webconnectivity_e90190c93e5afe68
http://www.i-um.com/,dns,https://explorer.ooni.org/m/20260313054230.732804_KR_webconnectivity_6222ee059335b2f1
http://www.ilbe.com/,dns,https://explorer.ooni.org/m/20260313054232.905269_KR_webconnectivity_9708bfce17395304
http://www.indianporngirls.com/,dns,https://explorer.ooni.org/m/20260313054235.337155_KR_webconnectivity_9ca1150ace081759
https://www.ipair.com/,dns,https://explorer.ooni.org/m/20260313054236.450635_KR_webconnectivity_b649465ab7846ab5
http://www.jackdaniels.com/,ok,https://explorer.ooni.org/m/20260313054239.086399_KR_webconnectivity_75e61c5c7b7edaa7
https://www.jackpotcitycasino1.com/,dns,https://explorer.ooni.org/m/20260313054240.303455_KR_webconnectivity_f724b8d252d59fd7
https://www.jdate.com/,dns,https://explorer.ooni.org/m/20260313054241.088343_KR_webconnectivity_212b1591b5632dfa
http://www.joyhunting.com/,dns,https://explorer.ooni.org/m/20260313054256.776983_KR_webconnectivity_e955d3a107508574
http://www.jupae.com/,ok,https://explorer.ooni.org/m/20260313054315.522686_KR_webconnectivity_4cacd0f93cadf8b8
http://www.koreancupid.com/,dns,https://explorer.ooni.org/m/20260313054316.350783_KR_webconnectivity_987fa591e2c544e3
http://www.lasenza.com/,dns,https://explorer.ooni.org/m/20260313054317.305979_KR_webconnectivity_a35ac49d0f6f91db
http://www.lesbiansubmission.com/,dns,https://explorer.ooni.org/m/20260313054319.564686_KR_webconnectivity_775d47701b3c2fdc
http://www.lineage.co.kr/,dns,https://explorer.ooni.org/m/20260313054322.591877_KR_webconnectivity_8709f3ce8c1ccba4
https://www.lovoo.com/,dns,https://explorer.ooni.org/m/20260313054323.375813_KR_webconnectivity_b04c2ef9c90da225
http://www.luckynugget.com/,dns,https://explorer.ooni.org/m/20260313054324.794939_KR_webconnectivity_13336714d4a2cf97
http://www.marijuanatravels.com/,dns,https://explorer.ooni.org/m/20260313054340.476593_KR_webconnectivity_86fa51966b0bb082
https://www.match.com/,dns,https://explorer.ooni.org/m/20260313054341.211771_KR_webconnectivity_d7a9dbab0153960a
http://www.mgame.com/,dns,https://explorer.ooni.org/m/20260313054342.926090_KR_webconnectivity_9a4cd3b9b3891444
http://www.moderndrunkardmagazine.com/,ok,https://explorer.ooni.org/m/20260313054416.418697_KR_webconnectivity_023613d83b74f4fe
http://www.monacogoldcasino.com/,dns,https://explorer.ooni.org/m/20260313054417.225333_KR_webconnectivity_57ebf53904408a74
http://www.mrchewsasianbeaver.com/,dns,https://explorer.ooni.org/m/20260313054422.232579_KR_webconnectivity_6d5bfe1a3a49f398
http://www.neonjoint.com/,dns,https://explorer.ooni.org/m/20260313054423.105375_KR_webconnectivity_02884a681a63db03
http://www.online-dating.org/,dns,https://explorer.ooni.org/m/20260313054424.631757_KR_webconnectivity_205cc22cc580e77f
https://www.okcupid.com/,dns,https://explorer.ooni.org/m/20260313054423.821324_KR_webconnectivity_d31cf7fb21d810b9
https://www.onlinegambling.com/,dns,https://explorer.ooni.org/m/20260313054426.745719_KR_webconnectivity_540550bd6b3b2212
http://www.originalelf.com/,error,https://explorer.ooni.org/m/20260313054430.815903_KR_webconnectivity_0ceee3e284bc8d61
http://www.partypoker.com/,dns,https://explorer.ooni.org/m/20260313054431.500755_KR_webconnectivity_ae0eea0068fadc88
https://www.partypoker.net/,dns,https://explorer.ooni.org/m/20260313054432.300032_KR_webconnectivity_a7ffbe687edf4813
https://www.playboy.com/,dns,https://explorer.ooni.org/m/20260313054438.251509_KR_webconnectivity_eb5b25598cfb28fa
https://www.pmi.com/,ok,https://explorer.ooni.org/m/20260313054441.699858_KR_webconnectivity_2021455675e9ae7e
http://www.pof.com/,dns,https://explorer.ooni.org/m/20260313054442.892575_KR_webconnectivity_44b2b425544687ac
http://www.poker.com/,dns,https://explorer.ooni.org/m/20260313054443.614479_KR_webconnectivity_b26debb9a40d1174
http://www.pokerstars.com/,dns,https://explorer.ooni.org/m/20260313054444.618013_KR_webconnectivity_a3c2bd533378ba69
https://www.pornhub.com/,dns,https://explorer.ooni.org/m/20260313054445.505764_KR_webconnectivity_95d8317a2d80d14a
http://www.ranking.co.kr/,dns,https://explorer.ooni.org/m/20260313054448.391719_KR_webconnectivity_5fa3087cb3342ee2
http://www.realbeer.com/,ok,https://explorer.ooni.org/m/20260313054449.876714_KR_webconnectivity_dfe41082e432308d
http://www.ricefever.com/,dns,https://explorer.ooni.org/m/20260313054450.854704_KR_webconnectivity_36140cff761643ef
http://www.riverbelle.com/,dns,https://explorer.ooni.org/m/20260313054452.080439_KR_webconnectivity_bc333eab6cb3a42f
http://www.rollitup.org/,dns,https://explorer.ooni.org/m/20260313054452.820013_KR_webconnectivity_f024a83d2e153244
http://www.royalvegas-casino-kr.com/,dns,https://explorer.ooni.org/m/20260313054456.368420_KR_webconnectivity_f11da3e19bd7027a
http://www.royalvegas.com/,dns,https://explorer.ooni.org/m/20260313054457.679080_KR_webconnectivity_0ea0bfdf9e53aefa
http://www.rxmarijuana.com/,dns,https://explorer.ooni.org/m/20260313054458.791592_KR_webconnectivity_9d1486cbf4c42882
http://www.satp.org/,ok,https://explorer.ooni.org/m/20260313054502.587968_KR_webconnectivity_45632b45cffa2386
http://www.sex.com/,dns,https://explorer.ooni.org/m/20260313054503.397115_KR_webconnectivity_8ac2f791facaa891
https://www.shroomery.org/,dns,https://explorer.ooni.org/m/20260313054504.130076_KR_webconnectivity_3717fe777df2e619
http://www.slotland.com/,dns,https://explorer.ooni.org/m/20260313054505.284698_KR_webconnectivity_1f4aef9e22448c25
http://www.soramall.kr/,dns,https://explorer.ooni.org/m/20260313054522.233643_KR_webconnectivity_14e16da160ba7dcd
http://www.speeddater.co.uk/,ok,https://explorer.ooni.org/m/20260313054525.782766_KR_webconnectivity_31c48a9b61d71db1
https://www.spark.com/,dns,https://explorer.ooni.org/m/20260313054522.962135_KR_webconnectivity_62b6801c13e757e4
http://www.spinpalace.com/,dns,https://explorer.ooni.org/m/20260313054527.157822_KR_webconnectivity_0be80066e9df7b84
http://www.sportingbet.com/,dns,https://explorer.ooni.org/m/20260313054528.195492_KR_webconnectivity_c96af0c74102d405
http://www.sportsinteraction.com/,dns,https://explorer.ooni.org/m/20260313054528.839595_KR_webconnectivity_8af9ae50433add69
http://www.taima.org/,dns,https://explorer.ooni.org/m/20260313054529.504527_KR_webconnectivity_d0cb1f9deeff8934
http://www.thegooddrugsguide.com/,dns,https://explorer.ooni.org/m/20260313054534.158108_KR_webconnectivity_390bcb7707f638bf
http://www.tobacco.org/,ok,https://explorer.ooni.org/m/20260313054535.574791_KR_webconnectivity_85fcafb6a4232695
http://www.topdrawers.com/,dns,https://explorer.ooni.org/m/20260313054537.054191_KR_webconnectivity_2acebbf4205ba8f8
http://www.vanguardnewsnetwork.com/,ok,https://explorer.ooni.org/m/20260313054541.637795_KR_webconnectivity_0c318263739b58e5
http://www.venus.com/,dns,https://explorer.ooni.org/m/20260313054542.417928_KR_webconnectivity_7bc5c7e508905428
https://www.victoriassecret.com/,dns,https://explorer.ooni.org/m/20260313054543.637776_KR_webconnectivity_e79a86fc6b817535
http://www.wegames.net/,dns,https://explorer.ooni.org/m/20260313054545.182022_KR_webconnectivity_4408d1a467a00ae5
http://www.winespectator.com/,ok,https://explorer.ooni.org/m/20260313054547.864292_KR_webconnectivity_736861d123011e0c
https://www.xnxx.com/,dns,https://explorer.ooni.org/m/20260313054548.838335_KR_webconnectivity_557e121f10bc7228
http://www.xvideos.com/,dns,https://explorer.ooni.org/m/20260313054549.776848_KR_webconnectivity_73fd6be6d4dc5a60
https://www.xvideos.com/,dns,https://explorer.ooni.org/m/20260313054550.717871_KR_webconnectivity_130a836be98e1cb6
https://www.youporn.com/,dns,https://explorer.ooni.org/m/20260313054551.620385_KR_webconnectivity_b2aa2f120d44ecf9
https://xhamster.com/,dns,https://explorer.ooni.org/m/20260313054552.687250_KR_webconnectivity_79f699a86943b8f1
http://ywoos.com/,dns,https://explorer.ooni.org/m/20260313054608.379556_KR_webconnectivity_a324d977f75e7fc0
https://a.slack-edge.com/f70ec/img/test_cdn_pixel.gif,ok,https://explorer.ooni.org/m/20260313054609.845169_KR_webconnectivity_42baed86ce3b6c08
https://about.riot.im/,ok,https://explorer.ooni.org/m/20260313054613.783247_KR_webconnectivity_23a601b6055f76f7
http://abpr2.railfan.net/,http-diff,https://explorer.ooni.org/m/20260313054618.716614_KR_webconnectivity_7b530398b2cc0bf6
https://account.proton.me/,ok,https://explorer.ooni.org/m/20260313054621.406731_KR_webconnectivity_6ad3a5f4778d1cc0
https://app.developer.here.com/coronavirus/,ok,https://explorer.ooni.org/m/20260313054624.120283_KR_webconnectivity_5000f9f33fda6dab
https://app.element.io/,ok,https://explorer.ooni.org/m/20260313054625.294370_KR_webconnectivity_33fd22220050bfba
https://app.simplelogin.io/,ok,https://explorer.ooni.org/m/20260313054628.222455_KR_webconnectivity_dcb2912c6b206041
https://app.slack.com/robots.txt,ok,https://explorer.ooni.org/m/20260313054630.315468_KR_webconnectivity_78c45c1074c9f338
https://app.wire.com/,ok,https://explorer.ooni.org/m/20260313054632.815137_KR_webconnectivity_be9371b5f7e8fb11
https://archive.ph/,ok,https://explorer.ooni.org/m/20260313054635.870788_KR_webconnectivity_9554be18f01b8b68
https://avatars.mds.yandex.net/robots.txt,http-failure,https://explorer.ooni.org/m/20260313054657.185040_KR_webconnectivity_d2f22b5fd960531d
http://baykoreans.net/,dns,https://explorer.ooni.org/m/20260313054657.951851_KR_webconnectivity_7147dd2420b4a3dd
https://bcc.chat/,ok,https://explorer.ooni.org/m/20260313054659.948010_KR_webconnectivity_183d286fcea0609f
http://bizLGU.com/,error,https://explorer.ooni.org/m/20260313054701.686353_KR_webconnectivity_e161a4059f000da5
http://bizmessage.kakao.com/,ok,https://explorer.ooni.org/m/20260313054707.636190_KR_webconnectivity_bad0904d59a836a1
https://briarproject.org/,ok,https://explorer.ooni.org/m/20260313054710.074413_KR_webconnectivity_51699e78c9712706
http://bric.postech.ac.kr/,ok,https://explorer.ooni.org/m/20260313054718.113728_KR_webconnectivity_a35530fc9289ebf6
http://cafe.daum.net/ahyoomee,ok,https://explorer.ooni.org/m/20260313054720.572566_KR_webconnectivity_decb3ec9f7a28337
http://cafe.naver.com/gjhlk,ok,https://explorer.ooni.org/m/20260313054723.176931_KR_webconnectivity_5d9b5d1461109a35
http://caramasia.gn.apc.org/,tcp_ip,https://explorer.ooni.org/m/20260313054809.676668_KR_webconnectivity_5ef8e275e7ad0d3b
https://cc.bingj.com/cache.aspx?q=nothing,dns,https://explorer.ooni.org/m/20260313054810.323980_KR_webconnectivity_5ba25833516884d1
https://censored.tv/,ok,https://explorer.ooni.org/m/20260313054814.159855_KR_webconnectivity_65f79c12b34319a2
http://chakantv.co.kr/,ok,https://explorer.ooni.org/m/20260313054814.787310_KR_webconnectivity_7d6be344832a4075
https://chat-gpt.org/,ok,https://explorer.ooni.org/m/20260313054818.955592_KR_webconnectivity_73212200c5f89ba5
https://chatgpt.com/,ok,https://explorer.ooni.org/m/20260313054819.736394_KR_webconnectivity_743d71ce44c3b4ac
https://chika.aangat.lahat.computer/,dns,https://explorer.ooni.org/m/20260313054820.810658_KR_webconnectivity_88f5b81e56b5f085
https://cid.contact/,ok,https://explorer.ooni.org/m/20260313054822.598861_KR_webconnectivity_5810d3180017ffa2
https://cinemata.org/,ok,https://explorer.ooni.org/m/20260313054824.678625_KR_webconnectivity_bc3de4f2bd8cad12
https://circumcision.org/,ok,https://explorer.ooni.org/m/20260313054827.836797_KR_webconnectivity_56ddaa3ab5dd260f
https://claude.ai/,ok,https://explorer.ooni.org/m/20260313054828.839999_KR_webconnectivity_f5269d868bdd2c62
https://cocaine.org/,dns,https://explorer.ooni.org/m/20260313054829.539023_KR_webconnectivity_8750c0d61a489844
https://coronavirus.app/,dns,https://explorer.ooni.org/m/20260313054830.456172_KR_webconnectivity_4527b5078ea71a2e
https://coronavirus.jhu.edu/map.html,ok,https://explorer.ooni.org/m/20260313054832.352916_KR_webconnectivity_a1674b316a5f4253
https://covidtracking.com/,ok,https://explorer.ooni.org/m/20260313054835.195320_KR_webconnectivity_17490ac0ecef3adb
https://cwtch.im/,ok,https://explorer.ooni.org/m/20260313054839.166988_KR_webconnectivity_17a0e990f1a80706
http://cyworld.nate.com/club/clubsection/clubSection4_main.asp,ok,https://explorer.ooni.org/m/20260313054840.376896_KR_webconnectivity_8ffb36c76869d9ed
https://deepseek.ai/,dns,https://explorer.ooni.org/m/20260313054841.039888_KR_webconnectivity_9b83d668987aba90
https://delta.chat/,ok,https://explorer.ooni.org/m/20260313054843.450353_KR_webconnectivity_3dcc995f47185a08
https://disqus.com/,ok,https://explorer.ooni.org/m/20260313054844.997080_KR_webconnectivity_a45f019a08ef1827
https://dit.whatsapp.net/robots.txt,ok,https://explorer.ooni.org/m/20260313054846.553535_KR_webconnectivity_e1660016c83f9e8f
https://dl.acm.org/,ok,https://explorer.ooni.org/m/20260313054847.571703_KR_webconnectivity_457f20617a7bf04a
http://dongyoungsang.com/,confirmed,https://explorer.ooni.org/m/20260313054848.597209_KR_webconnectivity_55baf6db8e26e808
https://duckduckgo.com/,http-failure,https://explorer.ooni.org/m/20260313054909.701146_KR_webconnectivity_c9721f50c9aedc01
https://dweb.link/,dns,https://explorer.ooni.org/m/20260313054910.597274_KR_webconnectivity_119485f9be4b3ff7
https://element.io/,ok,https://explorer.ooni.org/m/20260313054914.097709_KR_webconnectivity_36fe3e9b6be291cc
https://encrypted-tbn0.gstatic.com/robots.txt,ok,https://explorer.ooni.org/m/20260313054916.734504_KR_webconnectivity_250a366502ff6fb1
https://espiv.net/,ok,https://explorer.ooni.org/m/20260313054920.630093_KR_webconnectivity_a06f4eea3d826046
https://evernote.com/,ok,https://explorer.ooni.org/m/20260313054922.860097_KR_webconnectivity_e080fd720975295c
https://experience.arcgis.com/experience/685d0ace521648f8a5beeeee1b9125cd,ok,https://explorer.ooni.org/m/20260313054924.536471_KR_webconnectivity_efa1b09f91534725
https://external-content.duckduckgo.com/robots.txt,http-failure,https://explorer.ooni.org/m/20260313054946.721438_KR_webconnectivity_85ef97e4a1b5fa5e
http://gall.dcinside.com/board/lists/?id=disease,http-diff,https://explorer.ooni.org/m/20260313054950.155168_KR_webconnectivity_eef5b249a4093b16
https://gemini.google.com/,ok,https://explorer.ooni.org/m/20260313054956.913816_KR_webconnectivity_062c49ba108d73e1
https://getsession.org/,ok,https://explorer.ooni.org/m/20260313054959.881309_KR_webconnectivity_82cb11c0e106bd8a
https://gisanddata.maps.arcgis.com/apps/dashboards/bda7594740fd40299423467b48e9ecf6,ok,https://explorer.ooni.org/m/20260313055002.482385_KR_webconnectivity_7ebfc9a72376b7b8
http://giveu.net/,ok,https://explorer.ooni.org/m/20260313055007.570241_KR_webconnectivity_9dcff83aabb9ca1a
https://go-text.me/,ok,https://explorer.ooni.org/m/20260313055011.137683_KR_webconnectivity_2d428c82e98a93bb
http://h50030.www5.hp.com/,ok,https://explorer.ooni.org/m/20260313055012.032015_KR_webconnectivity_0c4e8a6c449dc351
https://hgis.uw.edu/virus/,ok,https://explorer.ooni.org/m/20260313055015.861211_KR_webconnectivity_368dec5e8c6ab6a0
https://icao.maps.arcgis.com/apps/opsdashboard/index.html#/977dde48256b489fb48fa98e724721e8,ok,https://explorer.ooni.org/m/20260313055018.800443_KR_webconnectivity_335f36cbf24a1524
https://icao.maps.arcgis.com/apps/webappviewer3d/index.html?id=d9d3f8fa9a23425c8f0889baab626186,ok,https://explorer.ooni.org/m/20260313055021.335803_KR_webconnectivity_563e0a78e7ba7674
https://icq.com/,ok,https://explorer.ooni.org/m/20260313055026.217147_KR_webconnectivity_df46857ba6df85f3
https://ifacetimeapp.com/,ok,https://explorer.ooni.org/m/20260313055030.443309_KR_webconnectivity_68cccc289fb6eeb6
https://im0-tub-com.yandex.net/i?id=462f375c96139f1e41d919b44be2d780&n=13&exp=1,tcp_ip,https://explorer.ooni.org/m/20260313055130.745333_KR_webconnectivity_03a85d6651587268
http://imagebingo.naver.com/,ok,https://explorer.ooni.org/m/20260313055131.384391_KR_webconnectivity_1ca4bb043fd74583
https://imageshack.com/,ok,https://explorer.ooni.org/m/20260313055135.129170_KR_webconnectivity_d882b62a093ae5de
http://imo.im/,ok,https://explorer.ooni.org/m/20260313055138.268749_KR_webconnectivity_bf24d4dcb5cc28b9
https://imgur.com/,dns,https://explorer.ooni.org/m/20260313055135.822336_KR_webconnectivity_3273cf03d274ab68
https://imp.free.fr/,ok,https://explorer.ooni.org/m/20260313055143.022141_KR_webconnectivity_28f8670d04fb3eef
http://internetphone114.com/,ok,https://explorer.ooni.org/m/20260313055143.680096_KR_webconnectivity_81d79960dcb0807d
https://ipfs.io/,dns,https://explorer.ooni.org/m/20260313055144.371437_KR_webconnectivity_3c8e32ca06ae442b
https://jami.net/,ok,https://explorer.ooni.org/m/20260313055148.411847_KR_webconnectivity_2ea81c0302cea60a
https://journals.lww.com/,ok,https://explorer.ooni.org/m/20260313055149.717500_KR_webconnectivity_4dac3c51639bdec0
https://kick.com/,dns,https://explorer.ooni.org/m/20260313055150.363264_KR_webconnectivity_d3b7040c5f41e75c
https://kidshealth.org/,ok,https://explorer.ooni.org/m/20260313055154.371886_KR_webconnectivity_c202dd5e77c2d1d7
http://kr.yahoo.com/,ok,https://explorer.ooni.org/m/20260313055158.008054_KR_webconnectivity_60ab14ceabec4e19
https://lbry.com/,ok,https://explorer.ooni.org/m/20260313055159.708908_KR_webconnectivity_e4e07ebbbd34d0a1
https://lbry.org/,ok,https://explorer.ooni.org/m/20260313055201.633520_KR_webconnectivity_c367a5890cb70ec2
https://lens.google.com/uploadbyurl?url=https%3A%2F%2Fwww.google.com%2Fimages%2Fbranding%2Fgooglelogo%2F1x%2Fgooglelogo_color_150x54dp.png&hl=en-US&ep=gisb,ok,https://explorer.ooni.org/m/20260313055206.857215_KR_webconnectivity_1db613c30341df93
http://lifeline.or.kr/,error,https://explorer.ooni.org/m/20260313055216.339518_KR_webconnectivity_d404ab1e6760cc95
https://line.me/,ok,https://explorer.ooni.org/m/20260313055219.150864_KR_webconnectivity_4f100db1b368f230
https://livestream.com/,ok,https://explorer.ooni.org/m/20260313055221.005397_KR_webconnectivity_8556a70d9b2ec6a5
https://login.live.com/,ok,https://explorer.ooni.org/m/20260313055224.127218_KR_webconnectivity_7f453b37b58d32b3
http://mail.daum.net/,ok,https://explorer.ooni.org/m/20260313055230.520911_KR_webconnectivity_73ab93d61268e405
https://mail.google.com/,ok,https://explorer.ooni.org/m/20260313055236.811332_KR_webconnectivity_a01b900a2d54c226
http://mail.naver.com/,ok,https://explorer.ooni.org/m/20260313055240.190626_KR_webconnectivity_e309587442c966f8
https://mail.proton.me/,ok,https://explorer.ooni.org/m/20260313055242.916323_KR_webconnectivity_81dbde4958c379e8
https://mail.ru/,ok,https://explorer.ooni.org/m/20260313055250.143494_KR_webconnectivity_092276ad0f2d63ce
https://mail.yahoo.com/,ok,https://explorer.ooni.org/m/20260313055252.456287_KR_webconnectivity_dbd7c429a9ae5963
https://mail.yandex.ru/,dns,https://explorer.ooni.org/m/20260313055253.648888_KR_webconnectivity_c91f3a27db000da3
https://matrix-client.matrix.org/_matrix/client/versions,ok,https://explorer.ooni.org/m/20260313055255.242780_KR_webconnectivity_89955e8a217bcc2e
https://matrix.org/,ok,https://explorer.ooni.org/m/20260313055257.237381_KR_webconnectivity_c906cfe31e1c9e82
https://matrix.to/,ok,https://explorer.ooni.org/m/20260313055258.918480_KR_webconnectivity_346b488244be2f94
https://mattermost.com/,ok,https://explorer.ooni.org/m/20260313055301.201073_KR_webconnectivity_be8e7749bf2e555b
https://media-arn2-1.cdn.whatsapp.net/robots.txt,ok,https://explorer.ooni.org/m/20260313055303.596681_KR_webconnectivity_1aa8f230287ddef7
https://media.fevn1-1.fna.whatsapp.net/robots.txt,ok,https://explorer.ooni.org/m/20260313055306.073325_KR_webconnectivity_984d880a5d5732c2
https://meet.jit.si/,ok,https://explorer.ooni.org/m/20260313055307.648276_KR_webconnectivity_e269b29aedee2813
https://messages.google.com/,ok,https://explorer.ooni.org/m/20260313055310.341755_KR_webconnectivity_8ec0e12b266310d9
https://mmg.whatsapp.net/robots.txt,ok,https://explorer.ooni.org/m/20260313055312.043667_KR_webconnectivity_1fae767f1584131a
https://mobile.element.io/,ok,https://explorer.ooni.org/m/20260313055313.319869_KR_webconnectivity_590677b0637576ed
https://msh.org/,ok,https://explorer.ooni.org/m/20260313055315.778423_KR_webconnectivity_327b12f4dcade882
https://mytrans.com.tw/,ok,https://explorer.ooni.org/m/20260313055319.309327_KR_webconnectivity_dcca3b6ada2cc6d7
https://nextstrain.org/ncov,ok,https://explorer.ooni.org/m/20260313055322.884907_KR_webconnectivity_fcffc9f9a0b12e79
https://nostr.com/,ok,https://explorer.ooni.org/m/20260313055325.002039_KR_webconnectivity_310629d2114f1a94
https://obsproject.com/,ok,https://explorer.ooni.org/m/20260313055327.746619_KR_webconnectivity_f32912cb58e7eb04
https://odysee.com/,ok,https://explorer.ooni.org/m/20260313055329.319147_KR_webconnectivity_0cc7b7c7191c805f
http://onairkorean.tv/,dns,https://explorer.ooni.org/m/20260313055330.383300_KR_webconnectivity_0dbac5b6cb7d2348
https://openai.com/,ok,https://explorer.ooni.org/m/20260313055331.389306_KR_webconnectivity_8ef5f9cd6dbe4c29
https://openobservatory.slack.com/,ok,https://explorer.ooni.org/m/20260313055334.022722_KR_webconnectivity_a5e2d54ab9672fe8
https://opera.com/,ok,https://explorer.ooni.org/m/20260313055339.045497_KR_webconnectivity_4d89a5dd8ec9438c
https://outlook.live.com/,ok,https://explorer.ooni.org/m/20260313055340.765580_KR_webconnectivity_56929d6d6c027c10
https://photos.google.com/,ok,https://explorer.ooni.org/m/20260313055345.404434_KR_webconnectivity_1be13304bb7b1160
https://pinboard.in/,ok,https://explorer.ooni.org/m/20260313055348.453857_KR_webconnectivity_cb86d3c23f8d9919
https://posteo.de/,ok,https://explorer.ooni.org/m/20260313055352.213406_KR_webconnectivity_7b26c396b9a0cae0
https://postimage.io/,http-failure,https://explorer.ooni.org/m/20260313055354.231273_KR_webconnectivity_2cf0e1f93e3fae06
https://pps.whatsapp.net/robots.txt,ok,https://explorer.ooni.org/m/20260313055356.037575_KR_webconnectivity_f34d7ccbe58bfb15
https://presearch.com/,ok,https://explorer.ooni.org/m/20260313055357.541950_KR_webconnectivity_6e94de92ec2d83d0
https://presearch.org/,ok,https://explorer.ooni.org/m/20260313055401.087144_KR_webconnectivity_9828e8f96de171c7
https://rumble.com/,ok,https://explorer.ooni.org/m/20260313055405.507112_KR_webconnectivity_5eaba815c168d6e7
http://sakhr.com/,ok,https://explorer.ooni.org/m/20260313055406.996363_KR_webconnectivity_ec17175b9edcbf28
https://search.aol.com/,ok,https://explorer.ooni.org/m/20260313055409.628508_KR_webconnectivity_c83038d0e235453a
https://search.brave.com/,ok,https://explorer.ooni.org/m/20260313055412.665797_KR_webconnectivity_5a20a3f77127dafc
https://secure.hi5.com/,ok,https://explorer.ooni.org/m/20260313055418.032572_KR_webconnectivity_bd80d834d976c154
https://simplex.chat/,ok,https://explorer.ooni.org/m/20260313055420.404831_KR_webconnectivity_84a506d8009a7613
https://slack-imgs.com/,ok,https://explorer.ooni.org/m/20260313055422.106466_KR_webconnectivity_04b6c74f746c5a5f
https://slack.com/,ok,https://explorer.ooni.org/m/20260313055425.019913_KR_webconnectivity_e6723dcb08ed92ca
https://spideroak.com/,ok,https://explorer.ooni.org/m/20260313055429.714920_KR_webconnectivity_80a5a55f73b3e9fc
https://st1.zoom.us/zoom.ico,ok,https://explorer.ooni.org/m/20260313055430.717011_KR_webconnectivity_42c9962652092897
https://startpage.com/,http-failure,https://explorer.ooni.org/m/20260313055433.524739_KR_webconnectivity_ed1452820c99dd58
https://status.im/,ok,https://explorer.ooni.org/m/20260313055435.813692_KR_webconnectivity_2dfaf23a0459c105
https://storymaps.arcgis.com/,ok,https://explorer.ooni.org/m/20260313055439.305806_KR_webconnectivity_f97463d61d57012e
https://support.delta.chat/,ok,https://explorer.ooni.org/m/20260313055444.322026_KR_webconnectivity_a857faf99b953fa9
https://support.therapytribe.com/hivaids-support-group/,ok,https://explorer.ooni.org/m/20260313055445.235794_KR_webconnectivity_a28e4e488650cb80
https://t.me/,dns,https://explorer.ooni.org/m/20260313055445.972715_KR_webconnectivity_96169173eb149fff
https://tamtam.chat/,ok,https://explorer.ooni.org/m/20260313055449.050731_KR_webconnectivity_d8db298593b2d439
http://tcafek.com/,confirmed,https://explorer.ooni.org/m/20260313055505.571825_KR_webconnectivity_de4ebdae8fe1c361
https://teams.microsoft.com/,ok,https://explorer.ooni.org/m/20260313055508.330990_KR_webconnectivity_679568db2488bb3f
https://telegram.me/,dns,https://explorer.ooni.org/m/20260313055509.162493_KR_webconnectivity_f5f2b4deae19a98b
https://test-ipv6.com/,ok,https://explorer.ooni.org/m/20260313055512.324522_KR_webconnectivity_3ad961f825dbf858
https://th.bing.com/th/id/OIP.YnpdokcN_OQYn3n41AlqZAHaEe?w=250&h=180&c=7&o=5&pid=1.7,ok,https://explorer.ooni.org/m/20260313055514.335893_KR_webconnectivity_30fc91d3bcbea6c3
https://translate.google.com/,ok,https://explorer.ooni.org/m/20260313055519.026689_KR_webconnectivity_2eb8c2edf0129752
https://translation2.paralink.com/,ok,https://explorer.ooni.org/m/20260313055522.379083_KR_webconnectivity_0531ba1d1b8ae562
https://transparencyreport.google.com/,ok,https://explorer.ooni.org/m/20260313055526.452646_KR_webconnectivity_767410b7bcd7e1c7
https://trello.com/,ok,https://explorer.ooni.org/m/20260313055528.524881_KR_webconnectivity_49d4b788acfb6ead
https://tse1.explicit.bing.net/robots.txt,dns,https://explorer.ooni.org/m/20260313055529.229052_KR_webconnectivity_d8464d0bee89184e
https://tuta.com/,ok,https://explorer.ooni.org/m/20260313055534.385840_KR_webconnectivity_afc85391b6ec6bd5
http://tvcast.naver.com/,ok,https://explorer.ooni.org/m/20260313055538.062497_KR_webconnectivity_4de9f0bd8dd4eb7f
http://tvpot.daum.net/,dns,https://explorer.ooni.org/m/20260313055539.244334_KR_webconnectivity_4e2e1f6800c6c6b6
http://tvpot.media.daum.net/,ok,https://explorer.ooni.org/m/20260313055540.474314_KR_webconnectivity_9bdbaf2ded419cc7
https://tvzil.com/,dns,https://explorer.ooni.org/m/20260313055541.955752_KR_webconnectivity_ef20a62cf8062229
https://tx.me/,ok,https://explorer.ooni.org/m/20260313055544.783821_KR_webconnectivity_7a96eb6d03eb01c9
https://vector.im/_matrix/identity/api/v1,ok,https://explorer.ooni.org/m/20260313055546.589240_KR_webconnectivity_4ac4890040dccbe1
https://video-preview.s3.yandex.net/robots.txt,http-failure,https://explorer.ooni.org/m/20260313055608.633537_KR_webconnectivity_c06a7bbcbc1246f6
https://web.wechat.com/,ok,https://explorer.ooni.org/m/20260313055612.445001_KR_webconnectivity_d29392fb19307854
https://webcache.googleusercontent.com/robots.txt,ok,https://explorer.ooni.org/m/20260313055615.368952_KR_webconnectivity_3fb83abc1c831cc5
https://wire.com/,ok,https://explorer.ooni.org/m/20260313055617.684166_KR_webconnectivity_e255bfa480f9df4c
https://worldhealth.net/,ok,https://explorer.ooni.org/m/20260313055620.499378_KR_webconnectivity_c925e35791a6e351
http://www.aids.or.kr/,ok,https://explorer.ooni.org/m/20260313055623.430171_KR_webconnectivity_2c5884657daf95db
https://www.ananzi.co.za/,ok,https://explorer.ooni.org/m/20260313055627.138509_KR_webconnectivity_62433fba0a73711a
http://www.asiansexgazette.com/,dns,https://explorer.ooni.org/m/20260313055629.306468_KR_webconnectivity_49ded2f1286cc3c6
http://www.asiansexgazette.com/asg/asian_health.htm,dns,https://explorer.ooni.org/m/20260313055631.320808_KR_webconnectivity_35bfae1622ddd323
http://www.ask.com/,ok,https://explorer.ooni.org/m/20260313055633.942872_KR_webconnectivity_f2683cd6dfa9dc2a
https://www.asterisk.org/,ok,https://explorer.ooni.org/m/20260313055635.400466_KR_webconnectivity_e4f3f394ff7ee1e5
https://www.baidu.com/,ok,https://explorer.ooni.org/m/20260313055637.718472_KR_webconnectivity_56b93eb2cbc5eeab
https://www.bbm.com/,ok,https://explorer.ooni.org/m/20260313055641.875592_KR_webconnectivity_72af39f28d924046
https://www.bing.com/,ok,https://explorer.ooni.org/m/20260313055644.834544_KR_webconnectivity_2edf396a1ea22f1d
https://www.bitchute.com/,ok,https://explorer.ooni.org/m/20260313055645.840384_KR_webconnectivity_3240b8e51c7fbeb6
https://www.bittorrent.com/,dns,https://explorer.ooni.org/m/20260313055646.543119_KR_webconnectivity_6ebe19408b6789a8
https://www.blackberry.com/,ok,https://explorer.ooni.org/m/20260313055648.982678_KR_webconnectivity_a45aacb48aadcf63
https://www.broadvoice.com/,ok,https://explorer.ooni.org/m/20260313055653.242021_KR_webconnectivity_34befffeaa21bc22
https://www.cdc.go.kr/board/board.es?mid=&bid=0030,error,https://explorer.ooni.org/m/20260313055655.857214_KR_webconnectivity_513b6596800ef52f
https://www.cdc.gov/,ok,https://explorer.ooni.org/m/20260313055658.075817_KR_webconnectivity_fba6f18d123ccf70
http://www.chol.com/,dns,https://explorer.ooni.org/m/20260313055700.357006_KR_webconnectivity_3150518d65ba0d4f
http://www.cirp.org/,ok,https://explorer.ooni.org/m/20260313055704.272720_KR_webconnectivity_1b5f31dbea45eeee
http://www.dailymotion.com/kr,ok,https://explorer.ooni.org/m/20260313055708.997614_KR_webconnectivity_5cba8cb502546998
https://www.dailymotion.com/,ok,https://explorer.ooni.org/m/20260313055711.478841_KR_webconnectivity_3f3f3af6bf9913a8
http://www.daum.net/,ok,https://explorer.ooni.org/m/20260313055717.252927_KR_webconnectivity_8c9d98fbdd52a0ce
https://www.deepseek.com/,dns,https://explorer.ooni.org/m/20260313055717.918515_KR_webconnectivity_d1b04475fbfdbf67
https://www.doctissimo.fr/,dns,https://explorer.ooni.org/m/20260313055718.655661_KR_webconnectivity_642314ff923bbc06
https://www.doctorswithoutborders.org/,ok,https://explorer.ooni.org/m/20260313055721.796927_KR_webconnectivity_6df844b8f013243c
http://www.dogpile.com/,ok,https://explorer.ooni.org/m/20260313055723.015861_KR_webconnectivity_141828a6ad7a22d3
http://www.dreamwiz.com/,ok,https://explorer.ooni.org/m/20260313055729.834901_KR_webconnectivity_35f00b1ea6c36921
https://www.ecdc.europa.eu/,ok,https://explorer.ooni.org/m/20260313055734.641069_KR_webconnectivity_e6f0afedbbd23796
https://www.ectaco.com/,dns,https://explorer.ooni.org/m/20260313055735.594215_KR_webconnectivity_7d057ff02e494fdd
http://www.empas.com/,ok,https://explorer.ooni.org/m/20260313055737.310729_KR_webconnectivity_b61c2af8c4180dfc
https://www.engenderhealth.org/,ok,https://explorer.ooni.org/m/20260313055742.010937_KR_webconnectivity_78dc80b40e59573d
http://www.euthanasia.cc/,ok,https://explorer.ooni.org/m/20260313055745.546348_KR_webconnectivity_73e01711f7d5d3a2
https://www.excite.com/,dns,https://explorer.ooni.org/m/20260313055746.680571_KR_webconnectivity_9b718669aadf8dc8
https://www.fastmail.com/,ok,https://explorer.ooni.org/m/20260313055748.603639_KR_webconnectivity_0132d9912fea146f
https://www.flickr.com/,ok,https://explorer.ooni.org/m/20260313055750.722332_KR_webconnectivity_67fe7ee2ed2e407f
https://www.fotki.com/,ok,https://explorer.ooni.org/m/20260313055753.312003_KR_webconnectivity_19cc000d2317b362
http://www.fotolog.com/,ok,https://explorer.ooni.org/m/20260313055757.273988_KR_webconnectivity_dd1478af282c4a78
https://www.freepik.com/,ok,https://explorer.ooni.org/m/20260313055800.519430_KR_webconnectivity_e0ebec75adb92840
https://www.gatesfoundation.org/,ok,https://explorer.ooni.org/m/20260313055803.538597_KR_webconnectivity_e0802b638701478a
http://www.getdrupe.com/,ok,https://explorer.ooni.org/m/20260313055807.976725_KR_webconnectivity_4260fa0e33366313
https://www.gmx.com/,dns,https://explorer.ooni.org/m/20260313055808.688878_KR_webconnectivity_57b3c0d25c1f21b7
https://www.google.co.kr/,ok,https://explorer.ooni.org/m/20260313055813.325337_KR_webconnectivity_44bb2c2a52110950
https://www.google.com/,ok,https://explorer.ooni.org/m/20260313055817.367993_KR_webconnectivity_7549e6791d8b491c
https://www.health.com/,ok,https://explorer.ooni.org/m/20260313055818.348794_KR_webconnectivity_2bb421be7a81b735
https://www.healthmap.org/covid-19/,ok,https://explorer.ooni.org/m/20260313055820.300910_KR_webconnectivity_87a170fe260e46a6
https://www.hightail.com/,ok,https://explorer.ooni.org/m/20260313055822.588480_KR_webconnectivity_82c3698887bd8d76
https://www.hotbot.com/,dns,https://explorer.ooni.org/m/20260313055823.883065_KR_webconnectivity_beea4eff70133f07
https://www.hushmail.com/,ok,https://explorer.ooni.org/m/20260313055826.317244_KR_webconnectivity_09db57200030867f
https://www.iconnecthere.com/,ok,https://explorer.ooni.org/m/20260313055829.267798_KR_webconnectivity_5dda1c3b0981d72f
http://www.implantinfo.com/,ok,https://explorer.ooni.org/m/20260313055833.652309_KR_webconnectivity_cb788f4c3e362abe
http://www.inbox.com/,ok,https://explorer.ooni.org/m/20260313055836.976145_KR_webconnectivity_722d501071e8d621
http://www.internet-phone.co.kr/,dns,https://explorer.ooni.org/m/20260313055927.368722_KR_webconnectivity_f07fa2c6973e9590
http://www.isscr.org/,ok,https://explorer.ooni.org/m/20260313055930.645179_KR_webconnectivity_3d9704510ec30c3d
https://www.jabber.ru/,ok,https://explorer.ooni.org/m/20260313055933.351527_KR_webconnectivity_ed74922ee1bd05f0
http://www.kakao.com/services/8,ok,https://explorer.ooni.org/m/20260313055939.380357_KR_webconnectivity_66f5289ed9cdd192
http://www.keptprivate.com/,ok,https://explorer.ooni.org/m/20260313055941.384201_KR_webconnectivity_8efb95e6412db0cb
https://www.kff.org/,ok,https://explorer.ooni.org/m/20260313055943.299914_KR_webconnectivity_e9bcb6501ef6a265
http://www.kftel.com/,ok,https://explorer.ooni.org/m/20260313055946.244203_KR_webconnectivity_caa511194c0ac56c
http://www.kissphoto.net/,ok,https://explorer.ooni.org/m/20260313055947.289508_KR_webconnectivity_5f8c2d2677791ffd
https://www.last.fm/,ok,https://explorer.ooni.org/m/20260313055949.890159_KR_webconnectivity_1a103867da686734
http://www.lets070.net/,ok,https://explorer.ooni.org/m/20260313055951.742162_KR_webconnectivity_6a72d2fcdb57218a
http://www.lingo.com/,error,https://explorer.ooni.org/m/20260313055953.522254_KR_webconnectivity_628d95ceb3aad3b2
http://www.linphone.org/,ok,https://explorer.ooni.org/m/20260313055957.874601_KR_webconnectivity_b2c2462194600e36
https://www.liveleak.com/,error,https://explorer.ooni.org/m/20260313060000.659009_KR_webconnectivity_b73ab1787a17a18b
http://www.love4one.com/,ok,https://explorer.ooni.org/m/20260313060006.755975_KR_webconnectivity_07cb5c00a30f0544
http://www.lsinc.co.kr/,ok,https://explorer.ooni.org/m/20260313060007.409556_KR_webconnectivity_805959eeff93434e
http://www.lxnetworks.co.kr/,error,https://explorer.ooni.org/m/20260313060009.756469_KR_webconnectivity_28fa1bfd0f1c45f1
http://www.lycos.com/,ok,https://explorer.ooni.org/m/20260313060012.806083_KR_webconnectivity_f086d64ef1511c1c
http://www.magicjack.com/,ok,https://explorer.ooni.org/m/20260313060018.250117_KR_webconnectivity_9c843c2432082a41
https://www.mail.com/,ok,https://explorer.ooni.org/m/20260313060022.614020_KR_webconnectivity_1a8d33d2007a812a
http://www.mail.lycos.com/,ok,https://explorer.ooni.org/m/20260313060028.102830_KR_webconnectivity_edf596f6a7b1f386
http://www.mail2web.com/,ok,https://explorer.ooni.org/m/20260313060033.890649_KR_webconnectivity_5fa994368656f1eb
http://www.mailinator.com/,ok,https://explorer.ooni.org/m/20260313060037.114260_KR_webconnectivity_53db184e72154250
https://www.mamma.com/,ok,https://explorer.ooni.org/m/20260313060039.839123_KR_webconnectivity_eb2cf15c3b329e0c
https://www.mariestopes.org.uk/,ok,https://explorer.ooni.org/m/20260313060043.457812_KR_webconnectivity_a31f732c5a335a96
http://www.medecinsdumonde.org/,ok,https://explorer.ooni.org/m/20260313060050.511721_KR_webconnectivity_1a1af75b71cdb357
https://www.mediafire.com/,ok,https://explorer.ooni.org/m/20260313060051.838644_KR_webconnectivity_15b84a269b74719d
http://www.medicinenet.com/,ok,https://explorer.ooni.org/m/20260313060055.022643_KR_webconnectivity_b31aae750c32236b
http://www.mersjido.com/,ok,https://explorer.ooni.org/m/20260313060056.315109_KR_webconnectivity_b29947782cfd2e58
https://www.messenger.com/,ok,https://explorer.ooni.org/m/20260313060059.141855_KR_webconnectivity_7261798a4986f2e7
http://www.metacrawler.com/,dns,https://explorer.ooni.org/m/20260313060059.963072_KR_webconnectivity_e8602a40f899f236
https://www.microsoft.com/,ok,https://explorer.ooni.org/m/20260313060102.840909_KR_webconnectivity_b6b180d34818489c
http://www.microsofttranslator.com/,ok,https://explorer.ooni.org/m/20260313060106.810093_KR_webconnectivity_c7034228bd39de87
https://www.mojeek.com/,ok,https://explorer.ooni.org/m/20260313060109.350949_KR_webconnectivity_fdae8c3acf9078ce
http://www.moohan.net/,http-diff,https://explorer.ooni.org/m/20260313060112.190082_KR_webconnectivity_85b0c16e45f652d8
https://www.msf.org/,ok,https://explorer.ooni.org/m/20260313060115.532451_KR_webconnectivity_ee1211968b464af8
https://www.msn.com/,ok,https://explorer.ooni.org/m/20260313060117.876755_KR_webconnectivity_01331d613655f405
http://www.munjanara.co.kr/,error,https://explorer.ooni.org/m/20260313060134.917976_KR_webconnectivity_e187528bdb974405
http://www.naver.com/,ok,https://explorer.ooni.org/m/20260313060137.445475_KR_webconnectivity_03e50dae721d4c99
http://www.netaddress.com/,ok,https://explorer.ooni.org/m/20260313060140.299567_KR_webconnectivity_2111c0355c295a7e
https://www.netaddress.com/,ok,https://explorer.ooni.org/m/20260313060142.784144_KR_webconnectivity_38647ae66bb6d1ab
https://www.netflix.com/,ok,https://explorer.ooni.org/m/20260313060146.962812_KR_webconnectivity_cd88de47cb547458
http://www.nicesms.co.kr/,dns,https://explorer.ooni.org/m/20260313060149.950408_KR_webconnectivity_56c163bd3cfe6b01
http://www.olleh-kt.kr/,ok,https://explorer.ooni.org/m/20260313060154.344256_KR_webconnectivity_3f603ab4743eac9f
http://www.online-translator.com/,ok,https://explorer.ooni.org/m/20260313060158.652078_KR_webconnectivity_97a1be81f8dcde31
http://www.oovoo.com/,ok,https://explorer.ooni.org/m/20260313060201.283302_KR_webconnectivity_adfb97e424d3ad0a
https://www.openstreetmap.org/,ok,https://explorer.ooni.org/m/20260313060204.759245_KR_webconnectivity_295bb21eee5cd082
http://www.orgio.com/,ok,https://explorer.ooni.org/m/20260313060207.129946_KR_webconnectivity_5c79ec99d2d34290
http://www.paltalk.com/,ok,https://explorer.ooni.org/m/20260313060208.748737_KR_webconnectivity_64eb0ce04b0a45a3
http://www.pandora.com/,ok,https://explorer.ooni.org/m/20260313060211.237067_KR_webconnectivity_aaf48b8494df8c33
https://www.perplexity.ai/,ok,https://explorer.ooni.org/m/20260313060212.189482_KR_webconnectivity_8d24fae79b921579
http://www.photobucket.com/,dns,https://explorer.ooni.org/m/20260313060212.867428_KR_webconnectivity_003617060d28bfb0
https://www.pinterest.com/,dns,https://explorer.ooni.org/m/20260313060213.847195_KR_webconnectivity_0797dce2ad0bd8bc
https://www.postmaster.co.uk/,ok,https://explorer.ooni.org/m/20260313060216.769056_KR_webconnectivity_75c5cf965cb5db84
http://www.ppca.co.kr/,ok,https://explorer.ooni.org/m/20260313060217.440149_KR_webconnectivity_86f0f639fd02fabe
http://www.ppurio.com/,dns,https://explorer.ooni.org/m/20260313060221.835666_KR_webconnectivity_f85430e54a3917ff
https://www.projectbaseline.com/studies/covid-research/,ok,https://explorer.ooni.org/m/20260313060224.065308_KR_webconnectivity_77696df0cac9df56
https://www.proton.me/,ok,https://explorer.ooni.org/m/20260313060229.553883_KR_webconnectivity_c448b32c36cfb837
https://www.rki.de/,ok,https://explorer.ooni.org/m/20260313060240.051046_KR_webconnectivity_6ed24dfe3133f0df
https://www.search.com/,ok,https://explorer.ooni.org/m/20260313060245.513840_KR_webconnectivity_efc78402f9be57eb
http://www.searchindia.com/,ok,https://explorer.ooni.org/m/20260313060249.376953_KR_webconnectivity_b3e8dfd6fc5dd02a
http://www.securenym.net/,ok,https://explorer.ooni.org/m/20260313060251.080151_KR_webconnectivity_ddffd3e7efcc0c54
https://www.sendspace.com/,dns,https://explorer.ooni.org/m/20260313060251.983664_KR_webconnectivity_2565109ef03bb588
https://www.sendthisfile.com/,ok,https://explorer.ooni.org/m/20260313060306.172127_KR_webconnectivity_6ceeae9573b4a6a9
http://www.shinbiro.com/,tcp_ip,https://explorer.ooni.org/m/20260313060352.185555_KR_webconnectivity_eb40bac8f72f7c20
http://www.sina.com.cn/,ok,https://explorer.ooni.org/m/20260313060357.386913_KR_webconnectivity_d1e205975e169de6
https://www.skype.com/,ok,https://explorer.ooni.org/m/20260313060358.841284_KR_webconnectivity_461a8b7d686bd20e
http://www.skysms.co.kr/,ok,https://explorer.ooni.org/m/20260313060400.600062_KR_webconnectivity_d88f4428d8f1d709
http://www.slideshare.net/,ok,https://explorer.ooni.org/m/20260313060403.846736_KR_webconnectivity_4e12e99ce9475d9d
https://www.startmail.com/,ok,https://explorer.ooni.org/m/20260313060407.750054_KR_webconnectivity_79844811b3dcb782
https://www.subscribestar.com/,ok,https://explorer.ooni.org/m/20260313060411.555314_KR_webconnectivity_1fec5820835bec3a
http://www.talkyou.me/,ok,https://explorer.ooni.org/m/20260313060414.006242_KR_webconnectivity_312b416211862462
http://www.tango.me/,ok,https://explorer.ooni.org/m/20260313060415.120664_KR_webconnectivity_5cb268d9033af8cf
https://www.tawk.to/,ok,https://explorer.ooni.org/m/20260313060418.801256_KR_webconnectivity_8e67c6eaf9874353
https://www.ted.com/,ok,https://explorer.ooni.org/m/20260313060421.319816_KR_webconnectivity_1fc6427142a5cdd2
https://www.textra.me/,ok,https://explorer.ooni.org/m/20260313060425.118622_KR_webconnectivity_1250fd1690af446f
https://www.theglobalfund.org/,ok,https://explorer.ooni.org/m/20260313060429.793749_KR_webconnectivity_7c3ef933bd1455f6
http://www.tialsoft.com/download/,http-failure,https://explorer.ooni.org/m/20260313060445.715093_KR_webconnectivity_d49ca02f5643a337
http://www.tialsoft.com/multitranse/,ok,https://explorer.ooni.org/m/20260313060448.660910_KR_webconnectivity_86c841bc5881cf20
https://www.transferbigfiles.com/,ok,https://explorer.ooni.org/m/20260313060451.216867_KR_webconnectivity_410dd947040c217d
http://www.translate.ru/,ok,https://explorer.ooni.org/m/20260313060456.733699_KR_webconnectivity_0dfe64f0e6126b9a
http://www.transwhiz.com/,ok,https://explorer.ooni.org/m/20260313060459.120308_KR_webconnectivity_0498d53ac62be0b0
https://www.truecaller.com/,ok,https://explorer.ooni.org/m/20260313060501.655283_KR_webconnectivity_c00c46afa8b33789
https://www.tumblr.com/,dns,https://explorer.ooni.org/m/20260313060502.376621_KR_webconnectivity_6c3ed0fbbd09ffb1
https://www.twitch.tv/,dns,https://explorer.ooni.org/m/20260313060503.087813_KR_webconnectivity_7065b1916df33adb
https://www.unaids.org/,ok,https://explorer.ooni.org/m/20260313060506.512517_KR_webconnectivity_efe50c4c48b256cb
https://www.ushareit.com/,dns,https://explorer.ooni.org/m/20260313060508.490738_KR_webconnectivity_c37cbec31dd11ccb
http://www.veoh.com/,ok,https://explorer.ooni.org/m/20260313060516.016313_KR_webconnectivity_15de7253af3d3138
https://www.vonage.com/,ok,https://explorer.ooni.org/m/20260313060517.079483_KR_webconnectivity_fc9cf1a714151762
http://www.vtv.co.kr/,dns,https://explorer.ooni.org/m/20260313060531.957016_KR_webconnectivity_b246a8629be83e80
https://www.vyke.com/,ok,https://explorer.ooni.org/m/20260313060535.406032_KR_webconnectivity_93ed2d6933dbcdc9
http://www.webbox.com/index.php,ok,https://explorer.ooni.org/m/20260313060536.392253_KR_webconnectivity_ba3c17b7704ca0b6
http://www.wevo.co.kr/,error,https://explorer.ooni.org/m/20260313060553.500850_KR_webconnectivity_2f582a86785648c9
http://www.whitepages.com/,ok,https://explorer.ooni.org/m/20260313060556.687222_KR_webconnectivity_f1a6f9f31f7a9a09
https://www.who.int/,ok,https://explorer.ooni.org/m/20260313060559.120222_KR_webconnectivity_ef61adb3f045d461
https://www.wordreference.com/,ok,https://explorer.ooni.org/m/20260313060600.483985_KR_webconnectivity_74425b3998ab21bb
https://www.worldometers.info/coronavirus/,ok,https://explorer.ooni.org/m/20260313060602.491073_KR_webconnectivity_efee47794158d96a
https://www.y2mate.com/,dns,https://explorer.ooni.org/m/20260313060603.703778_KR_webconnectivity_3ae78070871f1531
http://www.yahoo.co.kr/,ok,https://explorer.ooni.org/m/20260313060607.297290_KR_webconnectivity_6a7b6c99078fe92b
https://www.yahoo.com/,ok,https://explorer.ooni.org/m/20260313060610.946184_KR_webconnectivity_c6f31772a4235ff9
http://www.zzn.com/,ok,https://explorer.ooni.org/m/20260313060612.256806_KR_webconnectivity_f512e498f4a94f0e
https://ya.ru/,dns,https://explorer.ooni.org/m/20260313060613.274878_KR_webconnectivity_0fc5487524838c79
https://yandex.com/,dns,https://explorer.ooni.org/m/20260313060614.414301_KR_webconnectivity_2f8f9b3e75901d87
https://yandexwebcache.net/robots.txt,ok,https://explorer.ooni.org/m/20260313060617.603717_KR_webconnectivity_1434e407a1a5f5b6
https://zoom.us/,ok,https://explorer.ooni.org/m/20260313060620.015855_KR_webconnectivity_c13b07592ec7aa4f
https://signal.org/,ok,https://explorer.ooni.org/m/20260313060621.099121_KR_webconnectivity_cd5913cf5c4b24bf
https://1.1.1.1/,tcp_ip,https://explorer.ooni.org/m/20260313060652.722196_KR_webconnectivity_3447304543ce2955
https://vimeo.com/,dns,https://explorer.ooni.org/m/20260313060621.963165_KR_webconnectivity_0a0f073b88836995
http://2015peoplepower.tistory.com/,ok,https://explorer.ooni.org/m/20260313060654.967426_KR_webconnectivity_84f6bd98208bee0b
http://416family.org/,ok,https://explorer.ooni.org/m/20260313060658.901658_KR_webconnectivity_f1981cd8a35598c0
https://4genderjustice.org/,ok,https://explorer.ooni.org/m/20260313060703.303644_KR_webconnectivity_2d2c237e4332eec0
https://76crimes.com/,ok,https://explorer.ooni.org/m/20260313060706.305788_KR_webconnectivity_cedb7eefb884a194
http://abc.go.com/,ok,https://explorer.ooni.org/m/20260313060714.296676_KR_webconnectivity_238c93c860fa8f2b
https://abortion-pills.org/,http-failure,https://explorer.ooni.org/m/20260313060716.120654_KR_webconnectivity_60f7b4338b40d28c
http://act.jinbo.net/,ok,https://explorer.ooni.org/m/20260313060723.916584_KR_webconnectivity_f806671b42051cab
https://actionaid.org/,ok,https://explorer.ooni.org/m/20260313060727.971771_KR_webconnectivity_dbbe56bb12fd37cb
https://advox.globalvoices.org/,error,https://explorer.ooni.org/m/20260313060731.088042_KR_webconnectivity_3949992f550c833b
https://afterellen.com/,ok,https://explorer.ooni.org/m/20260313060732.363330_KR_webconnectivity_79b0f661e4e77a57
https://airvpn.org/,dns,https://explorer.ooni.org/m/20260313060733.248617_KR_webconnectivity_bd4766777eeca48d
https://allout.org/,dns,https://explorer.ooni.org/m/20260313060734.633055_KR_webconnectivity_f75268d4f5bc8f54
https://allthefallen.moe/,dns,https://explorer.ooni.org/m/20260313060736.013452_KR_webconnectivity_e12701346ae9ef43
https://amnezia.org/,dns,https://explorer.ooni.org/m/20260313060737.126663_KR_webconnectivity_522b0c53b5c4c84b
https://anon.inf.tu-dresden.de/,dns,https://explorer.ooni.org/m/20260313060738.095280_KR_webconnectivity_d6728bc289c7f937
http://anonymizer.secuser.com/,dns,https://explorer.ooni.org/m/20260313060738.914179_KR_webconnectivity_edd2de1bbd905560
http://anonymouse.org/,dns,https://explorer.ooni.org/m/20260313060754.520686_KR_webconnectivity_5b36b5c16a1825c5
https://antivigilancia.org/,dns,https://explorer.ooni.org/m/20260313060756.951029_KR_webconnectivity_26299ac040c131bd
https://api.protonvpn.ch/tests/ping,dns,https://explorer.ooni.org/m/20260313060757.806916_KR_webconnectivity_d0d45dbb58a5e601
https://arc-international.net/,ok,https://explorer.ooni.org/m/20260313060802.633757_KR_webconnectivity_9057c2fe8992bd8b
https://asiatimes.com/,ok,https://explorer.ooni.org/m/20260313060804.825782_KR_webconnectivity_f6497631b41f675d
https://atlasofsurveillance.org/,ok,https://explorer.ooni.org/m/20260313060807.394956_KR_webconnectivity_831d643938102d59
https://banthis.tv/,dns,https://explorer.ooni.org/m/20260313060808.139275_KR_webconnectivity_6e968b7c811ad215
http://base21.jinbo.net/,ok,https://explorer.ooni.org/m/20260313060812.364123_KR_webconnectivity_c49aa3a14d435f63
http://beyondexgay.com/,http-diff,https://explorer.ooni.org/m/20260313060814.022121_KR_webconnectivity_fe9a50b5d288784e
https://bi.org/,dns,https://explorer.ooni.org/m/20260313060815.240042_KR_webconnectivity_0142d7e65755cb62
https://blog.genderwatchdog.org/,ok,https://explorer.ooni.org/m/20260313060817.003285_KR_webconnectivity_263ef8ec1c435f09
http://blog.jinbo.net/,ok,https://explorer.ooni.org/m/20260313060823.639364_KR_webconnectivity_4c6836009e9ecb75
https://boingboing.net/,dns,https://explorer.ooni.org/m/20260313060825.192772_KR_webconnectivity_6529a0194ad76a1e
https://bouncer.ooni.io/,ok,https://explorer.ooni.org/m/20260313060828.188838_KR_webconnectivity_ea1089cd56316c37
https://bricspress.live/,ok,https://explorer.ooni.org/m/20260313060828.815528_KR_webconnectivity_da83e65ff9c2ccd3
https://bridges.torproject.org/,dns,https://explorer.ooni.org/m/20260313060829.491847_KR_webconnectivity_dd6bfe492c18d664
https://brothersroad.org/,ok,https://explorer.ooni.org/m/20260313060831.330626_KR_webconnectivity_816a5714e6be82ef
https://btguard.com/,dns,https://explorer.ooni.org/m/20260313060832.565058_KR_webconnectivity_dc8056fc554cee2c
http://cafe.daum.net/,ok,https://explorer.ooni.org/m/20260313060835.952696_KR_webconnectivity_558b8f4706e9c7b4
http://cafe.daum.net/antimb,ok,https://explorer.ooni.org/m/20260313060838.319140_KR_webconnectivity_6c992d9971d6144d
http://cafe.daum.net/libertyofthepress,ok,https://explorer.ooni.org/m/20260313060840.864339_KR_webconnectivity_86c4ac54e98168b6
http://cafe.daum.net/pridecare,ok,https://explorer.ooni.org/m/20260313060843.270996_KR_webconnectivity_393fe04ad8696e89
http://cafe.daum.net/stopcjd,ok,https://explorer.ooni.org/m/20260313060845.649846_KR_webconnectivity_a58849306770f33c
http://cafe.naver.com/asunaro/,ok,https://explorer.ooni.org/m/20260313060850.721098_KR_webconnectivity_2897357c25827829
https://carafem.org/,dns,https://explorer.ooni.org/m/20260313060851.512523_KR_webconnectivity_f8c00809fa64f44c
https://carnegieendowment.org/,ok,https://explorer.ooni.org/m/20260313060853.769306_KR_webconnectivity_2f14f224feb15abc
https://ccrjustice.org/,ok,https://explorer.ooni.org/m/20260313060854.734215_KR_webconnectivity_a0025c2bbc9db949
https://cdns.grindr.com/,dns,https://explorer.ooni.org/m/20260313060855.746570_KR_webconnectivity_d3ca4fdcd0dfc6d9
https://cdt.org/,ok,https://explorer.ooni.org/m/20260313060856.994514_KR_webconnectivity_2aea14bd641c4efd
https://censorship.no/,dns,https://explorer.ooni.org/m/20260313060857.684103_KR_webconnectivity_906f35d467930627
https://certbot.eff.org/,ok,https://explorer.ooni.org/m/20260313060900.216341_KR_webconnectivity_f963f0cee795605b
https://citizenlab.ca/,ok,https://explorer.ooni.org/m/20260313060903.191750_KR_webconnectivity_c9e03d17f3cbbe79
http://comingout.narun.net/,ok,https://explorer.ooni.org/m/20260313060906.855035_KR_webconnectivity_c0f1ff0f61809043
https://cpj.org/,ok,https://explorer.ooni.org/m/20260313060908.800116_KR_webconnectivity_8847c2420b23a33a
https://creativecommons.org/,dns,https://explorer.ooni.org/m/20260313060909.484306_KR_webconnectivity_129a183938644db0
https://cryptome.org/,dns,https://explorer.ooni.org/m/20260313060910.935604_KR_webconnectivity_cdb22eb20c5f7ec0
https://cryptpad.fr/,ok,https://explorer.ooni.org/m/20260313060913.636761_KR_webconnectivity_bc7a1415e5bf69b6
https://cryptpad.org/instances/,ok,https://explorer.ooni.org/m/20260313060917.049814_KR_webconnectivity_dd54b1f74dd69a7a
https://csid-online.org/,ok,https://explorer.ooni.org/m/20260313060921.255369_KR_webconnectivity_6a4f8e3f462d5495
https://cyber.harvard.edu/,ok,https://explorer.ooni.org/m/20260313060924.135178_KR_webconnectivity_39966561ac2d49e9
https://dartcenter.org/,ok,https://explorer.ooni.org/m/20260313060925.364901_KR_webconnectivity_1162c1544f866b2f
https://ddosecrets.com/,ok,https://explorer.ooni.org/m/20260313060944.310447_KR_webconnectivity_7545f2aef59f7730
https://defenddefenders.org/,ok,https://explorer.ooni.org/m/20260313060945.764064_KR_webconnectivity_248f2e115ac2882a
https://disclose.ngo/,ok,https://explorer.ooni.org/m/20260313060947.750659_KR_webconnectivity_ccae17e267aeaaf8
https://dn42.dev/,ok,https://explorer.ooni.org/m/20260313060949.813870_KR_webconnectivity_6b21e54a763c8782
https://docs.mvt.re/,dns,https://explorer.ooni.org/m/20260313060950.745765_KR_webconnectivity_22c3dc78b28c2f86
https://edition.cnn.com/,ok,https://explorer.ooni.org/m/20260313060952.811153_KR_webconnectivity_dcfda7dcef2850c9
http://english.chosun.com/,ok,https://explorer.ooni.org/m/20260313060953.917710_KR_webconnectivity_42a9a6974b53fc1d
http://english.eduhope.net/,ok,https://explorer.ooni.org/m/20260313060956.651285_KR_webconnectivity_91c57187e44e9189
http://english.hani.co.kr/,ok,https://explorer.ooni.org/m/20260313060959.948047_KR_webconnectivity_94910f2ef3d287db
http://english.yna.co.kr/,error,https://explorer.ooni.org/m/20260313061002.107221_KR_webconnectivity_a44e73f6cc831ee6
https://epic.org/,ok,https://explorer.ooni.org/m/20260313061004.602533_KR_webconnectivity_7bfe9d66ebcefdcb
https://equal-eyes.org/,ok,https://explorer.ooni.org/m/20260313061007.814543_KR_webconnectivity_c35da2bc8bed98bf
https://explorer.ooni.org/,ok,https://explorer.ooni.org/m/20260313061009.305459_KR_webconnectivity_7a982cdb42f4abc2
https://feminist.org/,ok,https://explorer.ooni.org/m/20260313061012.045250_KR_webconnectivity_550f23e3de59e1fc
https://fleegle.mixmin.net/,ok,https://explorer.ooni.org/m/20260313061014.585937_KR_webconnectivity_ae097e4972a2fcb3
https://fondfbr.ru/,dns,https://explorer.ooni.org/m/20260313061016.190385_KR_webconnectivity_4e341db72972e913
https://foreignpolicy.com/,ok,https://explorer.ooni.org/m/20260313061018.210842_KR_webconnectivity_69ca7fa5c91a70ac
http://freedom.jinbo.net/,ok,https://explorer.ooni.org/m/20260313061020.161036_KR_webconnectivity_24ff9323370cc21e
https://freedomhouse.org/,ok,https://explorer.ooni.org/m/20260313061021.938783_KR_webconnectivity_8f77bb251ebd339f
https://freemuse.org/,ok,https://explorer.ooni.org/m/20260313061029.643251_KR_webconnectivity_bf323001d23e7ca8
https://freenetproject.org/,dns,https://explorer.ooni.org/m/20260313061030.521513_KR_webconnectivity_442163ad371bccf4
https://freesocks.org/,dns,https://explorer.ooni.org/m/20260313061031.382049_KR_webconnectivity_984bdd5a75e6a11e
https://freespeech.org/,dns,https://explorer.ooni.org/m/20260313061032.270509_KR_webconnectivity_fc3cfab5378eecd2
https://freespeechdebate.com/,tcp_ip,https://explorer.ooni.org/m/20260313061102.996439_KR_webconnectivity_fca1f7f93bdc24e9
https://fronterafundrgv.org/,dns,https://explorer.ooni.org/m/20260313061105.669711_KR_webconnectivity_43de743070bd3c29
http://fteproxy.org/,dns,https://explorer.ooni.org/m/20260313061106.889711_KR_webconnectivity_a2033be5ce9fc56f
https://fundtexaschoice.org/,ok,https://explorer.ooni.org/m/20260313061109.612138_KR_webconnectivity_118019128098691e
https://gaymenshealth.org/,ok,https://explorer.ooni.org/m/20260313061113.402506_KR_webconnectivity_f7644c634660c73d
http://gaytoday.com/,dns,https://explorer.ooni.org/m/20260313061114.968535_KR_webconnectivity_27207787f3f4a39f
https://genderandaids.unwomen.org/,ok,https://explorer.ooni.org/m/20260313061116.875656_KR_webconnectivity_06bfec12ee37a5e4
https://genderdysphoria.fyi/,dns,https://explorer.ooni.org/m/20260313061117.649786_KR_webconnectivity_bceb701d21356732
https://geti2p.net/,dns,https://explorer.ooni.org/m/20260313061118.441739_KR_webconnectivity_1e2bb7e968a40a3c
https://getintra.org/,ok,https://explorer.ooni.org/m/20260313061119.922599_KR_webconnectivity_d26637ba052b46a6
https://getlantern.org/,dns,https://explorer.ooni.org/m/20260313061120.649301_KR_webconnectivity_e3f36aa45bac5fc1
https://getoutline.org/,ok,https://explorer.ooni.org/m/20260313061122.296639_KR_webconnectivity_8137c3d6b4b40ce4
https://gijn.org/,ok,https://explorer.ooni.org/m/20260313061123.382123_KR_webconnectivity_a2b7b73494ac21d6
https://globalpressjournal.com/,ok,https://explorer.ooni.org/m/20260313061125.665191_KR_webconnectivity_33a429e4ff875ab7
https://globalvoices.org/,error,https://explorer.ooni.org/m/20260313061225.963367_KR_webconnectivity_83f7cf99ae9cfd7a
http://go.jinbo.net/,ok,https://explorer.ooni.org/m/20260313061229.143099_KR_webconnectivity_4f4ed0b060217071
https://googleweblight.com/i?u=https%3A%2F%2Fexample.com%2F,dns,https://explorer.ooni.org/m/20260313061229.928588_KR_webconnectivity_b3352b0ee59402d8
https://gpgtools.org/,ok,https://explorer.ooni.org/m/20260313061233.378774_KR_webconnectivity_3d4aeec7db645c42
https://grindr.mobi/,ok,https://explorer.ooni.org/m/20260313061234.337014_KR_webconnectivity_0f62881a92244ab7
https://guardianproject.info/,ok,https://explorer.ooni.org/m/20260313061237.077272_KR_webconnectivity_d7bd7df6362fb930
http://guardster.com/,dns,https://explorer.ooni.org/m/20260313061237.801867_KR_webconnectivity_94910ae8f1cb2aaf
http://hbyd.org/,ok,https://explorer.ooni.org/m/20260313061246.055161_KR_webconnectivity_6e948e54938c9967
http://hcy.jinbo.net/,ok,https://explorer.ooni.org/m/20260313061247.876220_KR_webconnectivity_9fcb4e0f44659bb4
https://help.unhcr.org/,ok,https://explorer.ooni.org/m/20260313061251.642813_KR_webconnectivity_30a7b32ca35d0d15
https://hide.me/,dns,https://explorer.ooni.org/m/20260313061252.637154_KR_webconnectivity_5b72b519fb3ae3ba
https://hola.org/,dns,https://explorer.ooni.org/m/20260313061254.190441_KR_webconnectivity_195a09b13c1d2dfc
http://hotzone.yahoo.com/,ok,https://explorer.ooni.org/m/20260313061257.836624_KR_webconnectivity_e9d9e0365b2fc723
https://hornet.com/,dns,https://explorer.ooni.org/m/20260313061254.941826_KR_webconnectivity_465c231317f51560
http://hrights.or.kr/,ok,https://explorer.ooni.org/m/20260313061303.548639_KR_webconnectivity_2c9a34dfb870a7e5
http://hrlibrary.umn.edu/iwraw/,ok,https://explorer.ooni.org/m/20260313061306.109528_KR_webconnectivity_a0665b0eaf9371b7
http://hrnet.jinbo.net/,ok,https://explorer.ooni.org/m/20260313061307.951494_KR_webconnectivity_2c412ac12b16ac42
http://humanmed.org/,dns,https://explorer.ooni.org/m/20260313061309.628239_KR_webconnectivity_5da842f85424b98d
https://i2p2.de/,error,https://explorer.ooni.org/m/20260313061312.920803_KR_webconnectivity_9e31b9c46482a37b
https://i2pd.website/,dns,https://explorer.ooni.org/m/20260313061313.684539_KR_webconnectivity_e90cb5e06211062b
https://i2pforum.net/,ok,https://explorer.ooni.org/m/20260313061317.717643_KR_webconnectivity_ea288a65d518c090
https://i2pgit.org/,ok,https://explorer.ooni.org/m/20260313061320.623642_KR_webconnectivity_5031154beec5f49a
https://ifeminists.com/,ok,https://explorer.ooni.org/m/20260313061324.729858_KR_webconnectivity_4a6526b96027a6a2
https://ij.org/,ok,https://explorer.ooni.org/m/20260313061326.997889_KR_webconnectivity_4721ebcbd6689197
http://ijunnong.net/,ok,https://explorer.ooni.org/m/20260313061330.907810_KR_webconnectivity_a67a777b44d1864e
https://ikhwanonline.com/,ok,https://explorer.ooni.org/m/20260313061333.662067_KR_webconnectivity_09f8d3e312c33279
https://ilga.org/,ok,https://explorer.ooni.org/m/20260313061335.280847_KR_webconnectivity_25166e3bc4eb86b3
http://impeter.tistory.com/,ok,https://explorer.ooni.org/m/20260313061337.369055_KR_webconnectivity_a932be55a87b104a
https://indymedia.org/,ok,https://explorer.ooni.org/m/20260313061339.451454_KR_webconnectivity_9e41e194f3219b18
http://instinctmagazine.com/,ok,https://explorer.ooni.org/m/20260313061344.530413_KR_webconnectivity_3298b90222a49d44
http://inter.kdlp.org/,ok,https://explorer.ooni.org/m/20260313061345.251875_KR_webconnectivity_8762ec701a173ec2
https://internationalfamilyequalityday.org/,ok,https://explorer.ooni.org/m/20260313061349.853500_KR_webconnectivity_8fff52bd3b84e1c1
https://ipi.media/,ok,https://explorer.ooni.org/m/20260313061353.075411_KR_webconnectivity_be0992c5d39e6d69
https://itgetsbetter.org/,ok,https://explorer.ooni.org/m/20260313061355.174288_KR_webconnectivity_fd348d649dfaf925
http://ivancity.com/,dns,https://explorer.ooni.org/m/20260313061358.240608_KR_webconnectivity_60bc417a2f39ddd3
https://iyfglobal.org/,ok,https://explorer.ooni.org/m/20260313061359.367779_KR_webconnectivity_49a8198338c96b37
https://janesdueprocess.org/,dns,https://explorer.ooni.org/m/20260313061400.252618_KR_webconnectivity_c1db764346af3dad
https://jezebel.com/,ok,https://explorer.ooni.org/m/20260313061402.298176_KR_webconnectivity_1578fe786d92fa64
http://joins.com/,ok,https://explorer.ooni.org/m/20260313061403.593931_KR_webconnectivity_772903b8d3d4a8ba
http://joongang.joins.com/,ok,https://explorer.ooni.org/m/20260313061405.974504_KR_webconnectivity_583da0addcdb16e1
http://joongangdaily.joins.com/,ok,https://explorer.ooni.org/m/20260313061409.257000_KR_webconnectivity_e397f33ee486eb6d
http://jtbc.joins.com/,ok,https://explorer.ooni.org/m/20260313061414.550511_KR_webconnectivity_f4bf56d50ec50607
https://justassociates.org/,ok,https://explorer.ooni.org/m/20260313061421.965975_KR_webconnectivity_bd53d39ca2934a0a
http://justicewomen.com/,ok,https://explorer.ooni.org/m/20260313061423.581850_KR_webconnectivity_c6cdf87724329137
https://justthepill.com/,dns,https://explorer.ooni.org/m/20260313061424.352978_KR_webconnectivity_d2133e26bc9905e5
https://kaleidoscopetrust.com/,ok,https://explorer.ooni.org/m/20260313061429.391569_KR_webconnectivity_f1b676748ef1c024
https://keys.openpgp.org/,ok,https://explorer.ooni.org/m/20260313061432.009097_KR_webconnectivity_29fe0895d77cd1c8
http://kfcitu.org/,ok,https://explorer.ooni.org/m/20260313061435.029838_KR_webconnectivity_a19c16ecab45ea93
http://khilafah.net/,ok,https://explorer.ooni.org/m/20260313061442.992707_KR_webconnectivity_9a6c29157f8b2155
http://kieu.or.kr/,ok,https://explorer.ooni.org/m/20260313061446.174878_KR_webconnectivity_ae92bceb5807f771
http://koreapinkmap.com/,http-failure,https://explorer.ooni.org/m/20260313061451.163257_KR_webconnectivity_b082537c305575c4
http://koredufund.org.kp/,dns,https://explorer.ooni.org/m/20260313061454.459144_KR_webconnectivity_360cca2dcc428209
http://korelcfund.org.kp/,dns,https://explorer.ooni.org/m/20260313061458.618931_KR_webconnectivity_1b3b4cc87b6779bd
http://kscrc.org/,ok,https://explorer.ooni.org/m/20260313061500.500968_KR_webconnectivity_9e693cbbd56816d6
http://ktu.or.kr/,tcp_ip,https://explorer.ooni.org/m/20260313061546.443256_KR_webconnectivity_f683cf988194c5c4
https://laborrights.org/,ok,https://explorer.ooni.org/m/20260313061551.280813_KR_webconnectivity_308d15077430e9ea
https://lalgbtcenter.org/,ok,https://explorer.ooni.org/m/20260313061552.492046_KR_webconnectivity_0991ef91e72a5fa6
http://lambdalegal.org/,ok,https://explorer.ooni.org/m/20260313061554.353619_KR_webconnectivity_4d6c67a177944e6a
https://lantern.io/,dns,https://explorer.ooni.org/m/20260313061555.086559_KR_webconnectivity_cf1c8db00a80ee51
https://leap.se/,dns,https://explorer.ooni.org/m/20260313061556.561381_KR_webconnectivity_6894dee4e6ec5457
http://leftworkers.org/,ok,https://explorer.ooni.org/m/20260313061558.337551_KR_webconnectivity_302f2b5212848a8e
https://lgbt.foundation/,ok,https://explorer.ooni.org/m/20260313061600.913557_KR_webconnectivity_2d383c35e9123cf1
http://lgbt.kdlp.org/,ok,https://explorer.ooni.org/m/20260313061601.633065_KR_webconnectivity_f89494096186b94f
http://lgbtact.org/,dns,https://explorer.ooni.org/m/20260313061617.427926_KR_webconnectivity_3a86dedbe897afaa
https://lgbtnewsnow.org/,http-failure,https://explorer.ooni.org/m/20260313061618.801466_KR_webconnectivity_7cb76b2fc00b2bed
https://lgbtqia.space/,ok,https://explorer.ooni.org/m/20260313061622.360657_KR_webconnectivity_9b7959c621e117b8
https://lgbtvacationplanners.com/,error,https://explorer.ooni.org/m/20260313061624.218577_KR_webconnectivity_9a0874cd87eac646
https://liveuamap.com/,ok,https://explorer.ooni.org/m/20260313061627.353567_KR_webconnectivity_612dd4000115d4fc
https://lokinet.org/,ok,https://explorer.ooni.org/m/20260313061630.582095_KR_webconnectivity_86c658b79a83b1c5
https://makeamazonpay.com/,ok,https://explorer.ooni.org/m/20260313061633.919442_KR_webconnectivity_7e1fa12e21e59dc7
https://mask-api.icloud.com/,ok,https://explorer.ooni.org/m/20260313061635.814935_KR_webconnectivity_6eb96bf7172468b3
https://mask-h2.icloud.com/,error,https://explorer.ooni.org/m/20260313061637.370882_KR_webconnectivity_7edeb2fed1b333bc
https://mask.icloud.com/,error,https://explorer.ooni.org/m/20260313061638.942478_KR_webconnectivity_ae1d00ac248c74f5
https://massbrowser.cs.umass.edu/,ok,https://explorer.ooni.org/m/20260313061640.686083_KR_webconnectivity_4a2e4d1bd430ca13
http://media.daum.net/,ok,https://explorer.ooni.org/m/20260313061646.717596_KR_webconnectivity_cc27c7d71f86d4b3
http://media.nodong.org/,ok,https://explorer.ooni.org/m/20260313061650.727135_KR_webconnectivity_273b774b253fe091
https://mega.io/,dns,https://explorer.ooni.org/m/20260313061651.485799_KR_webconnectivity_854e81d2a640189e
https://mega.nz/,ok,https://explorer.ooni.org/m/20260313061654.224349_KR_webconnectivity_c2626338a2e39516
http://members.tripod.com/~INDIA_RESOURCE/savoice.html,dns,https://explorer.ooni.org/m/20260313061655.589331_KR_webconnectivity_0754c8f759899f0d
https://messagevortex.net/,ok,https://explorer.ooni.org/m/20260313061658.536684_KR_webconnectivity_cf1e29a1bf811edb
http://migrant.nodong.net/,ok,https://explorer.ooni.org/m/20260313061701.172456_KR_webconnectivity_a8502db5fe07f713
http://minbyun.jinbo.net/,ok,https://explorer.ooni.org/m/20260313061705.622099_KR_webconnectivity_41ba0c6cc7bdaf2d
https://minorityrights.org/,ok,https://explorer.ooni.org/m/20260313061707.289256_KR_webconnectivity_afbcbfbf1763b1f8
https://moscow.rtrs.ru/,ok,https://explorer.ooni.org/m/20260313061724.447516_KR_webconnectivity_d2b44dcb414f8f1c
https://mullvad.net/,dns,https://explorer.ooni.org/m/20260313061725.225740_KR_webconnectivity_9b14de5edb955950
https://multiproxy.org/,dns,https://explorer.ooni.org/m/20260313061726.473315_KR_webconnectivity_f150f2e7a509c4b5
http://naenara.com.kp/,dns,https://explorer.ooni.org/m/20260313061730.839728_KR_webconnectivity_ea16f83f94cfaa9f
http://napo.jinbo.net/,ok,https://explorer.ooni.org/m/20260313061733.035253_KR_webconnectivity_5b0f24f54fb9540c
https://ncac.org/,ok,https://explorer.ooni.org/m/20260313061736.065572_KR_webconnectivity_95e5700ea77cc82a
https://neilalexander.s3.dualstack.eu-west-2.amazonaws.com/deb/key.txt,ok,https://explorer.ooni.org/m/20260313061740.239549_KR_webconnectivity_2857c773a0f110e2
http://news.bbc.co.uk/2/hi/asia-pacific/,ok,https://explorer.ooni.org/m/20260313061744.467308_KR_webconnectivity_547d6af3625965f2
https://news.google.com/,ok,https://explorer.ooni.org/m/20260313061749.474102_KR_webconnectivity_5df4c09ed829b009
http://news.naver.com/,ok,https://explorer.ooni.org/m/20260313061752.614662_KR_webconnectivity_cc9244ae31a37b46
http://newstapa.org/,ok,https://explorer.ooni.org/m/20260313061756.252336_KR_webconnectivity_544bce2bb701be36
http://nkhumanrights.or.kr/,ok,https://explorer.ooni.org/m/20260313061758.056859_KR_webconnectivity_d579744e4f5a01ef
http://nocensor.org/,ok,https://explorer.ooni.org/m/20260313061759.533175_KR_webconnectivity_30bcd9b85c172227
http://nodong.org/,ok,https://explorer.ooni.org/m/20260313061804.739855_KR_webconnectivity_f4211de152a85321
http://nodongsarang.org/,ok,https://explorer.ooni.org/m/20260313061806.486608_KR_webconnectivity_96df7748a39177b2
http://noneis.jinbo.net/,ok,https://explorer.ooni.org/m/20260313061810.296153_KR_webconnectivity_70f0c28f459c371b
https://nordvpn.com/,ok,https://explorer.ooni.org/m/20260313061811.277159_KR_webconnectivity_74efa2af4704e319
http://northkoreatech.org/,ok,https://explorer.ooni.org/m/20260313061813.541525_KR_webconnectivity_b93d03e3c20f17fd
https://now.org/,ok,https://explorer.ooni.org/m/20260313061815.777614_KR_webconnectivity_a6f26201d5cbfa1b
https://numun.fund/,ok,https://explorer.ooni.org/m/20260313061820.793526_KR_webconnectivity_355641f1e3b9740e
https://nypost.com/,ok,https://explorer.ooni.org/m/20260313061824.782985_KR_webconnectivity_a4fe85c708db47fb
https://onionshare.org/,ok,https://explorer.ooni.org/m/20260313061827.833012_KR_webconnectivity_463c99d2c2e3a724
https://ooni.org/,ok,https://explorer.ooni.org/m/20260313061828.955203_KR_webconnectivity_4b5b562ab94de3b9
https://ooni.torproject.org/,dns,https://explorer.ooni.org/m/20260313061829.881488_KR_webconnectivity_8d34f130f64db18e
https://opennet.net/,ok,https://explorer.ooni.org/m/20260313061834.664605_KR_webconnectivity_6e707c71e349e4d1
http://opennet.or.kr/,ok,https://explorer.ooni.org/m/20260313061842.469508_KR_webconnectivity_9a2429764a43cdea
https://openvpn.net/,dns,https://explorer.ooni.org/m/20260313061843.193452_KR_webconnectivity_aa7827beefcf78df
https://orbot.app/,ok,https://explorer.ooni.org/m/20260313061845.367295_KR_webconnectivity_048dab28d9c42794
https://otr.cypherpunks.ca/,ok,https://explorer.ooni.org/m/20260313061848.162120_KR_webconnectivity_040d6922013a2159
https://ourworldindata.org/,ok,https://explorer.ooni.org/m/20260313061850.426624_KR_webconnectivity_146fe380144cffa3
http://outpridekorea.com/,dns,https://explorer.ooni.org/m/20260313061906.164489_KR_webconnectivity_e023e5e798694716
https://outrightinternational.org/,ok,https://explorer.ooni.org/m/20260313061909.309317_KR_webconnectivity_08d2256892874f87
http://peacekorea.org/,ok,https://explorer.ooni.org/m/20260313061911.802787_KR_webconnectivity_1eb3d391fcf13d76
https://pflag.org/,dns,https://explorer.ooni.org/m/20260313061913.207213_KR_webconnectivity_4f776b2eb901f689
https://pirateparty.org.au/,ok,https://explorer.ooni.org/m/20260313061915.793399_KR_webconnectivity_69c87e54b009354d
http://poor.jinbo.net/,ok,https://explorer.ooni.org/m/20260313061919.494578_KR_webconnectivity_6384991eae21573c
http://ppss.kr/,ok,https://explorer.ooni.org/m/20260313061926.320680_KR_webconnectivity_f37a068018b75be7
https://pridesource.com/,ok,https://explorer.ooni.org/m/20260313061929.178111_KR_webconnectivity_0d82f19d9c41e42f
https://prism-break.org/,ok,https://explorer.ooni.org/m/20260313061931.201376_KR_webconnectivity_333c0f15695012d2
https://privatevpn.com/,dns,https://explorer.ooni.org/m/20260313061934.183344_KR_webconnectivity_627132621f76232d
https://proton.me/,ok,https://explorer.ooni.org/m/20260313061938.359120_KR_webconnectivity_ba567951ec92f3da
https://protonvpn.com/,http-failure,https://explorer.ooni.org/m/20260313061959.504806_KR_webconnectivity_4086f563f1c7f0f8
https://proxify.com/,dns,https://explorer.ooni.org/m/20260313062000.529160_KR_webconnectivity_fa997600f466bd98
https://proxy.i2phides.me/,dns,https://explorer.ooni.org/m/20260313062001.188064_KR_webconnectivity_9c2f38c6e6e05cb4
http://proxy.org/,dns,https://explorer.ooni.org/m/20260313062016.859016_KR_webconnectivity_e2c81d6d8cd65de8
http://proxytools.sourceforge.net/,ok,https://explorer.ooni.org/m/20260313062018.420243_KR_webconnectivity_7f968fbbe14c98fb
https://psiphon.ca/,dns,https://explorer.ooni.org/m/20260313062019.236993_KR_webconnectivity_aebec732bf535578
http://pssp.org/,ok,https://explorer.ooni.org/m/20260313062023.087317_KR_webconnectivity_b94097754679e0fb
https://queernet-rlp.de/,ok,https://explorer.ooni.org/m/20260313062030.753872_KR_webconnectivity_9f390c44e5a6411c
https://radiofreel.github.io/,ok,https://explorer.ooni.org/m/20260313062032.628570_KR_webconnectivity_40d15ea29b8776db
https://radiofreel.gitlab.io/,ok,https://explorer.ooni.org/m/20260313062036.086409_KR_webconnectivity_cd973ee60bb8814e
https://reclaimthenet.org/,ok,https://explorer.ooni.org/m/20260313062038.215242_KR_webconnectivity_a8298168a4e695fb
https://reliefweb.int/,ok,https://explorer.ooni.org/m/20260313062042.664881_KR_webconnectivity_3781826ca66ab9e8
https://remailer.paranoici.org/,ok,https://explorer.ooni.org/m/20260313062045.688115_KR_webconnectivity_a59cb6816bc0ae95
https://ren.tv/,ok,https://explorer.ooni.org/m/20260313062048.950201_KR_webconnectivity_39cec95c7c1f4625
https://reproductiverights.org/,ok,https://explorer.ooni.org/m/20260313062051.697828_KR_webconnectivity_6c92cf62230a3632
https://resurj.org/,dns,https://explorer.ooni.org/m/20260313062052.805657_KR_webconnectivity_6428c7cb8de75778
https://ria.ru/,ok,https://explorer.ooni.org/m/20260313062058.775610_KR_webconnectivity_ab13bd8278a8706b
https://riseup.net/,dns,https://explorer.ooni.org/m/20260313062100.369026_KR_webconnectivity_28d653112d738e5d
http://rodong.rep.kp/,dns,https://explorer.ooni.org/m/20260313062126.389164_KR_webconnectivity_f1c77dbd59afda97
https://rsf.org/,ok,https://explorer.ooni.org/m/20260313062130.343418_KR_webconnectivity_b0ac0a8a2fe8bc4a
https://rtr-planeta.com/,ok,https://explorer.ooni.org/m/20260313062134.149657_KR_webconnectivity_6a0c376d29d80077
http://russia.tv/,error,https://explorer.ooni.org/m/20260313062135.398937_KR_webconnectivity_c6563a67f81e2f4e
http://sadd.or.kr/,ok,https://explorer.ooni.org/m/20260313062137.994108_KR_webconnectivity_275b575285a19fa6
https://safeabortionpill.org/,ok,https://explorer.ooni.org/m/20260313062141.121864_KR_webconnectivity_8f2004f98a5dbe13
https://safeabortionpills.com/,ok,https://explorer.ooni.org/m/20260313062144.646063_KR_webconnectivity_654b23bb5c8e940f
https://safervpn.com/,dns,https://explorer.ooni.org/m/20260313062145.383196_KR_webconnectivity_b60276ebb9f946ee
http://samugol.net/,ok,https://explorer.ooni.org/m/20260313062147.660964_KR_webconnectivity_9e4b8c9ce801f6de
https://sandbox.cryptpad.info/,ok,https://explorer.ooni.org/m/20260313062150.260914_KR_webconnectivity_3fd2a2bed8bddeca
https://sea-watch.org/,ok,https://explorer.ooni.org/m/20260313062154.949330_KR_webconnectivity_2dc606de101d0971
http://seapa.wordpress.com/,ok,https://explorer.ooni.org/m/20260313062157.309037_KR_webconnectivity_db4894dc2f3d067a
https://secfirst.org/,error,https://explorer.ooni.org/m/20260313062159.454397_KR_webconnectivity_22963cbc223a82f9
https://secure.avaaz.org/,ok,https://explorer.ooni.org/m/20260313062201.118400_KR_webconnectivity_dc4badbddd71d0b7
https://securevpn.com/,dns,https://explorer.ooni.org/m/20260313062202.363687_KR_webconnectivity_ba57824d75cadcdd
https://securevpn.im/,dns,https://explorer.ooni.org/m/20260313062203.412467_KR_webconnectivity_7ccb98961b90af21
http://seoul.nodong.org/,ok,https://explorer.ooni.org/m/20260313062207.070109_KR_webconnectivity_68b01c601f0a65a1
http://service.nodong.org/,ok,https://explorer.ooni.org/m/20260313062214.643851_KR_webconnectivity_2f95c56a532f99dd
http://sewolho416.org/,ok,https://explorer.ooni.org/m/20260313062217.514101_KR_webconnectivity_c8f5a54521294a5c
https://shadowsocks.org/,dns,https://explorer.ooni.org/m/20260313062218.507194_KR_webconnectivity_76bd3c7f322a6c8f
https://slashdot.org/,ok,https://explorer.ooni.org/m/20260313062220.642379_KR_webconnectivity_21d9406e5b4b3cc9
https://slate.com/,ok,https://explorer.ooni.org/m/20260313062222.676932_KR_webconnectivity_476f8dc7ce11bb81
http://slownews.kr/,ok,https://explorer.ooni.org/m/20260313062225.238124_KR_webconnectivity_e055d433c16ad55a
https://smotrim.ru/,ok,https://explorer.ooni.org/m/20260313062238.619679_KR_webconnectivity_928c3fdf893b5dfe
https://southfeministfutures.org/,ok,https://explorer.ooni.org/m/20260313062243.079167_KR_webconnectivity_488f63464e5f9833
https://sputnikglobe.com/,dns,https://explorer.ooni.org/m/20260313062244.536512_KR_webconnectivity_616f49f02290e29b
https://sputniknews.cn/,ok,https://explorer.ooni.org/m/20260313062247.231849_KR_webconnectivity_8543cd48175bbc7b
https://sputniknews.com/,http-failure,https://explorer.ooni.org/m/20260313062249.801621_KR_webconnectivity_ba4db09214a12c03
https://spys.one/,dns,https://explorer.ooni.org/m/20260313062250.524352_KR_webconnectivity_9f53c5085f658e12
https://ssd.eff.org/,ok,https://explorer.ooni.org/m/20260313062253.044686_KR_webconnectivity_7bd8fec69154e886
https://strongvpn.com/,dns,https://explorer.ooni.org/m/20260313062253.710903_KR_webconnectivity_d3790916d8b41e8c
https://substack.com/,ok,https://explorer.ooni.org/m/20260313062255.897383_KR_webconnectivity_43ed506c0b568233
https://surfshark.com/,dns,https://explorer.ooni.org/m/20260313062256.681902_KR_webconnectivity_658d0c5cf8d11688
http://surprise.or.kr/board/,ok,https://explorer.ooni.org/m/20260313062259.408982_KR_webconnectivity_e6a5922962610839
https://tacticaltech.org/,ok,https://explorer.ooni.org/m/20260313062308.154747_KR_webconnectivity_74e15779f1737133
https://tails.net/,ok,https://explorer.ooni.org/m/20260313062311.533536_KR_webconnectivity_1916688969579769
https://tdov.org/,ok,https://explorer.ooni.org/m/20260313062314.901650_KR_webconnectivity_71b627f9640842a6
https://thegailygrind.com/,dns,https://explorer.ooni.org/m/20260313062316.289581_KR_webconnectivity_36f370621cdc4d68
https://theglobalobservatory.org/,ok,https://explorer.ooni.org/m/20260313062318.576966_KR_webconnectivity_3225cd1cc0708114
http://theimpeter.com/,error,https://explorer.ooni.org/m/20260313062335.829345_KR_webconnectivity_35ac196b717349e0
https://theintercept.com/,ok,https://explorer.ooni.org/m/20260313062337.845061_KR_webconnectivity_48c67cf03ba14751
https://threema.ch/,ok,https://explorer.ooni.org/m/20260313062344.258937_KR_webconnectivity_de648a04562e2388
https://thunder.free-signal.com/,dns,https://explorer.ooni.org/m/20260313062345.010888_KR_webconnectivity_03280e77f7fef9ed
https://timcast.com/,ok,https://explorer.ooni.org/m/20260313062350.543443_KR_webconnectivity_40dbba75ef5495bf
http://times.hankooki.com/,dns,https://explorer.ooni.org/m/20260313062352.267079_KR_webconnectivity_e0072736e19738ca
https://timesofindia.indiatimes.com/,ok,https://explorer.ooni.org/m/20260313062355.542092_KR_webconnectivity_8d78df3aa5fc0f9f
https://tor.eff.org/,dns,https://explorer.ooni.org/m/20260313062357.278381_KR_webconnectivity_f77c5ea8644d82b9
https://transequality.org/,ok,https://explorer.ooni.org/m/20260313062401.328911_KR_webconnectivity_95b28e2b12330ff3
https://transfemscience.org/,ok,https://explorer.ooni.org/m/20260313062402.700879_KR_webconnectivity_b952dfb10481a3ce
http://transparency.or.kr/,ok,https://explorer.ooni.org/m/20260313062406.251025_KR_webconnectivity_c5b536e5b10cd55e
http://transsexual.org/,dns,https://explorer.ooni.org/m/20260313062407.608929_KR_webconnectivity_992e05f8a149fcec
https://triplebit.org/,dns,https://explorer.ooni.org/m/20260313062409.206467_KR_webconnectivity_ed54ba84deaa8517
http://twokoreas.blogspot.com/,ok,https://explorer.ooni.org/m/20260313062415.432849_KR_webconnectivity_bf7c6d54bfbc4265
https://trustvpn.me/,dns,https://explorer.ooni.org/m/20260313062410.019633_KR_webconnectivity_0612d8dd9cfe4aa0
https://tyt.com/,ok,https://explorer.ooni.org/m/20260313062419.208031_KR_webconnectivity_06950fa39ff2ebd8
https://ultrasurf.us/,dns,https://explorer.ooni.org/m/20260313062420.230819_KR_webconnectivity_5b5732542872bd2f
https://ultravpn.com/,dns,https://explorer.ooni.org/m/20260313062421.113122_KR_webconnectivity_f01286f85bc07e9e
https://unpo.org/,ok,https://explorer.ooni.org/m/20260313062425.562948_KR_webconnectivity_3443746c12b81330
https://unredacted.org/,ok,https://explorer.ooni.org/m/20260313062432.721610_KR_webconnectivity_1a3b1b5d34ab3863
https://unwatch.org/,ok,https://explorer.ooni.org/m/20260313062437.469156_KR_webconnectivity_c0d21818fcc36fd9
https://urgentactionfund.org/,ok,https://explorer.ooni.org/m/20260313062442.617141_KR_webconnectivity_c078e9f5c8f56ed6
https://veracrypt.fr/,ok,https://explorer.ooni.org/m/20260313062446.754494_KR_webconnectivity_88ce17a6eae6882d
https://vgtrk.ru/,ok,https://explorer.ooni.org/m/20260313062448.961095_KR_webconnectivity_e9e7a102259a0a6c
http://viewsnnews.com/,ok,https://explorer.ooni.org/m/20260313062454.099209_KR_webconnectivity_64aafc2dc89613c0
http://vok.rep.kp/,dns,https://explorer.ooni.org/m/20260313062458.729321_KR_webconnectivity_18bdc74145945f22
https://vuejs.org/,ok,https://explorer.ooni.org/m/20260313062501.036830_KR_webconnectivity_62664109ba56c71d
http://wcollar.tistory.com/308,ok,https://explorer.ooni.org/m/20260313062504.156954_KR_webconnectivity_ebfc9c0c2e4be0b9
https://wearechange.org/,ok,https://explorer.ooni.org/m/20260313062507.919590_KR_webconnectivity_dfdb4b3d41f1eeb5
https://wedo.org/,ok,https://explorer.ooni.org/m/20260313062512.019529_KR_webconnectivity_57c3ed63c3e7ba12
https://wfrtds.org/,ok,https://explorer.ooni.org/m/20260313062515.354267_KR_webconnectivity_c88c368f01b552a5
https://whrdic.org/,ok,https://explorer.ooni.org/m/20260313062519.286098_KR_webconnectivity_50612ff509bdd31e
https://wickr.com/,ok,https://explorer.ooni.org/m/20260313062521.909534_KR_webconnectivity_fc76943a3c0f115c
https://wikileaks.org/,ok,https://explorer.ooni.org/m/20260313062525.430782_KR_webconnectivity_29083caace7d79a2
https://women-on-web.kr/,ok,https://explorer.ooni.org/m/20260313062529.571226_KR_webconnectivity_6789e2e1cd8391cc
https://womenhelp.org/,dns,https://explorer.ooni.org/m/20260313062530.981007_KR_webconnectivity_0299f83e75958e7d
https://womeninblack.org/,ok,https://explorer.ooni.org/m/20260313062535.393768_KR_webconnectivity_765940f469e5ce4c
http://workingvoice.net/,ok,https://explorer.ooni.org/m/20260313062540.288720_KR_webconnectivity_a8fd31b064a5fc84
https://world.internationalism.org/,ok,https://explorer.ooni.org/m/20260313062543.215688_KR_webconnectivity_32b5d80c444f6b23
https://www.1tv.ru/,ok,https://explorer.ooni.org/m/20260313062548.405482_KR_webconnectivity_2aaa27d661cf6554
http://www.2016change.net/,ok,https://explorer.ooni.org/m/20260313062553.187892_KR_webconnectivity_21a7857c12f695cb
https://www.404media.co/,ok,https://explorer.ooni.org/m/20260313062555.466654_KR_webconnectivity_d20a564039d536fd
https://www.access-unlocked.org/,ok,https://explorer.ooni.org/m/20260313062557.929979_KR_webconnectivity_6ce5c54c84bd00c3
https://www.accessnow.org/,ok,https://explorer.ooni.org/m/20260313062601.086115_KR_webconnectivity_93d561a6d5c3881f
https://www.advocate.com/,dns,https://explorer.ooni.org/m/20260313062601.859576_KR_webconnectivity_74977f6ec232fb9a
https://www.afp.com/,ok,https://explorer.ooni.org/m/20260313062606.044760_KR_webconnectivity_5ea6cc2c83d281be
https://www.ahram.org.eg/,ok,https://explorer.ooni.org/m/20260313062704.384996_KR_webconnectivity_ec827364e6612e02
https://www.alarabiya.net/,ok,https://explorer.ooni.org/m/20260313062705.569713_KR_webconnectivity_3eef0bc49fe66e6e
https://www.alhurra.com/,ok,https://explorer.ooni.org/m/20260313062708.254594_KR_webconnectivity_6a08780c6774cba2
https://www.aljazeera.com/,ok,https://explorer.ooni.org/m/20260313062710.926332_KR_webconnectivity_189ff2f8d3fa021c
https://www.aljazeera.net/,ok,https://explorer.ooni.org/m/20260313062713.459773_KR_webconnectivity_f891e271066481d0
https://www.almanar.com.lb/,ok,https://explorer.ooni.org/m/20260313062716.902794_KR_webconnectivity_940a2a73a5b6e114
http://www.amnesty.or.kr/,ok,https://explorer.ooni.org/m/20260313062722.748607_KR_webconnectivity_a2d32a49ef79d6b7
https://www.amnesty.org/,ok,https://explorer.ooni.org/m/20260313062725.289234_KR_webconnectivity_47f3a0bc32d253b8
https://www.amnestyusa.org/,ok,https://explorer.ooni.org/m/20260313062729.971688_KR_webconnectivity_98c95529343a0252
http://www.amrc.org.hk/,ok,https://explorer.ooni.org/m/20260313062732.401005_KR_webconnectivity_a24cd829dcc525ef
http://www.anarclan.net/,ok,https://explorer.ooni.org/m/20260313062736.398218_KR_webconnectivity_15285f0695193e23
http://www.anonymizer.ru/,dns,https://explorer.ooni.org/m/20260313062737.394021_KR_webconnectivity_e86f36d23ec02e47
http://www.anonymsurfen.com/,dns,https://explorer.ooni.org/m/20260313062738.066604_KR_webconnectivity_019e838adf6bb968
https://www.apt.ch/,ok,https://explorer.ooni.org/m/20260313062742.199404_KR_webconnectivity_ba54b00c840e9709
http://www.apwld.org/,http-failure,https://explorer.ooni.org/m/20260313062750.923351_KR_webconnectivity_d0cc8c8e6cbccff8
https://www.arabnews.com/,ok,https://explorer.ooni.org/m/20260313062752.035714_KR_webconnectivity_363a3ac4a2d47a95
http://www.arrc-hre.com/,ok,https://explorer.ooni.org/m/20260313062812.121112_KR_webconnectivity_9fdbb97a0a9d3ce2
https://www.article19.org/,ok,https://explorer.ooni.org/m/20260313062814.195534_KR_webconnectivity_5c9d07ce0fa84be1
http://www.asia-daily.com/,ok,https://explorer.ooni.org/m/20260313062818.219265_KR_webconnectivity_fb08d2e47a4bea30
http://www.asiafoundation.org/,ok,https://explorer.ooni.org/m/20260313062819.616490_KR_webconnectivity_e85c059469ead05b
http://www.asiamedia.ucla.edu/,tcp_ip,https://explorer.ooni.org/m/20260313062905.714889_KR_webconnectivity_11dd06578dfca8ab
http://www.asian-migrants.org/,http-failure,https://explorer.ooni.org/m/20260313062909.252071_KR_webconnectivity_ae358fd9458dff70
http://www.asiantribune.com/,dns,https://explorer.ooni.org/m/20260313062911.518559_KR_webconnectivity_adefaec848ca0a66
http://www.asiapacificnews.com/,ok,https://explorer.ooni.org/m/20260313062914.583795_KR_webconnectivity_0620ed06a0ae4116
https://www.awid.org/,ok,https://explorer.ooni.org/m/20260313062917.838977_KR_webconnectivity_9b37bd2c8c5729b2
https://www.bbc.co.uk/,ok,https://explorer.ooni.org/m/20260313062932.858173_KR_webconnectivity_0a087f9214fedcf2
https://www.bbc.com/,ok,https://explorer.ooni.org/m/20260313062944.063019_KR_webconnectivity_f02c848a4ee39ecd
https://www.benarnews.org/,ok,https://explorer.ooni.org/m/20260313062955.413124_KR_webconnectivity_f8e2e888981ca570
https://www.benedelman.org/,ok,https://explorer.ooni.org/m/20260313063006.726719_KR_webconnectivity_d188c28585298560
https://www.betternet.co/,dns,https://explorer.ooni.org/m/20260313063008.097694_KR_webconnectivity_c372d13c3cce62ab
http://www.bicommunitynews.co.uk/,ok,https://explorer.ooni.org/m/20260313063022.316580_KR_webconnectivity_e5cf1c6a70e0db8d
https://www.bitmask.net/,ok,https://explorer.ooni.org/m/20260313063028.549314_KR_webconnectivity_bedcfb1cb2fe1d51
https://www.bnaibrith.org/,ok,https://explorer.ooni.org/m/20260313063031.661027_KR_webconnectivity_ff5c05184075a579
https://www.brookings.edu/,ok,https://explorer.ooni.org/m/20260313063044.911456_KR_webconnectivity_fab0d1ed03ef4665
https://www.btselem.org/,ok,https://explorer.ooni.org/m/20260313063052.057985_KR_webconnectivity_9b3e1c724b64cda2
http://www.buddy79.com/,ok,https://explorer.ooni.org/m/20260313063058.028959_KR_webconnectivity_a49c688da68645d8
https://www.business-humanrights.org/,ok,https://explorer.ooni.org/m/20260313063100.964981_KR_webconnectivity_ce7426ef369b7c14
https://www.buzzfeed.com/,ok,https://explorer.ooni.org/m/20260313063112.131082_KR_webconnectivity_ba5b018a43614c65
https://www.caritas.org/,ok,https://explorer.ooni.org/m/20260313063124.575305_KR_webconnectivity_73e0d39f29b6ea72
https://www.cartercenter.org/,ok,https://explorer.ooni.org/m/20260313063135.278873_KR_webconnectivity_fdd6dc5fc7cccce9
https://www.cato.org/,ok,https://explorer.ooni.org/m/20260313063137.208518_KR_webconnectivity_75687ed8b0bd94dc
http://www.cawinfo.org/,http-diff,https://explorer.ooni.org/m/20260313063138.387610_KR_webconnectivity_27076dee80a4def7
https://www.cbc.ca/,ok,https://explorer.ooni.org/m/20260313063147.238529_KR_webconnectivity_58177ee4b58bcb9e
https://www.cbsnews.com/,ok,https://explorer.ooni.org/m/20260313063157.253298_KR_webconnectivity_a7fd2f2f859a1d31
http://www.ccdm.or.kr/,ok,https://explorer.ooni.org/m/20260313063206.768542_KR_webconnectivity_53f7ee2bb1531c3d
http://www.cesr.org/,ok,https://explorer.ooni.org/m/20260313063217.069541_KR_webconnectivity_49e2dee8969794a6
https://www.cfr.org/,ok,https://explorer.ooni.org/m/20260313063228.606484_KR_webconnectivity_d99c61b376e67f1c
https://www.cgtn.com/,ok,https://explorer.ooni.org/m/20260313063238.444910_KR_webconnectivity_8f331144e13a1367
https://www.change.org/,ok,https://explorer.ooni.org/m/20260313063253.291550_KR_webconnectivity_714597f6d8ee430d
http://www.channelnewsasia.com/,ok,https://explorer.ooni.org/m/20260313063303.980837_KR_webconnectivity_7fb8f48f381edd1f
https://www.childrensdefense.org/,ok,https://explorer.ooni.org/m/20260313063314.741173_KR_webconnectivity_21ce952d60c3ea8e
https://www.chinadaily.com.cn/,ok,https://explorer.ooni.org/m/20260313063325.242305_KR_webconnectivity_6bdd22094ac20449
https://www.chinatimes.com/,ok,https://explorer.ooni.org/m/20260313063337.050319_KR_webconnectivity_9d2af5e04cc1e814
http://www.chingusai.net/,dns,https://explorer.ooni.org/m/20260313063340.709744_KR_webconnectivity_38618062d1c7739a
http://www.chosun.com/,ok,https://explorer.ooni.org/m/20260313063352.878068_KR_webconnectivity_ea4b279aceffee9f
https://www.clintonfoundation.org/,ok,https://explorer.ooni.org/m/20260313063355.163181_KR_webconnectivity_7fb23ea8515b029d
https://www.cnbc.com/,ok,https://explorer.ooni.org/m/20260313063409.137028_KR_webconnectivity_c4ef3fc1704e6cd1
http://www.cnnasiapacific.com/,tcp_ip,https://explorer.ooni.org/m/20260313063454.897356_KR_webconnectivity_d34d37b21d3bb2e2
https://www.cpj.org/,ok,https://explorer.ooni.org/m/20260313063508.583020_KR_webconnectivity_cb58329e39ea88e8
https://www.crisisgroup.org/,ok,https://explorer.ooni.org/m/20260313063521.888680_KR_webconnectivity_c2af7a992ca38cd1
https://www.csmonitor.com/,ok,https://explorer.ooni.org/m/20260313063534.346543_KR_webconnectivity_6799c61308b3a366
https://www.currenttime.tv/,ok,https://explorer.ooni.org/m/20260313063545.656221_KR_webconnectivity_06c4225c3a86180b
http://www.cwgl.rutgers.edu/,ok,https://explorer.ooni.org/m/20260313063555.874065_KR_webconnectivity_9693de3324a1a642
https://www.cyberghostvpn.com/,dns,https://explorer.ooni.org/m/20260313063557.509776_KR_webconnectivity_c9a7ab4754ae2aa1
https://www.dailymail.co.uk/,ok,https://explorer.ooni.org/m/20260313063612.189290_KR_webconnectivity_b28618dd797db0a2
https://www.dailysabah.com/,ok,https://explorer.ooni.org/m/20260313063629.796757_KR_webconnectivity_9214696fbef00985
https://www.dailywire.com/,ok,https://explorer.ooni.org/m/20260313063639.452272_KR_webconnectivity_2844fb52eb99c7b3
https://www.dd-rd.ca/,ok,https://explorer.ooni.org/m/20260313063642.100156_KR_webconnectivity_b0ad2b45289dee19
http://www.ddanzi.com/,ok,https://explorer.ooni.org/m/20260313063653.717446_KR_webconnectivity_3d4b6b5ac173a7e9
https://www.democracycaucus.net/,ok,https://explorer.ooni.org/m/20260313063700.912491_KR_webconnectivity_5b5aa12f1788beb8
https://www.democracynow.org/,ok,https://explorer.ooni.org/m/20260313063716.618755_KR_webconnectivity_5a78f33ac0b4633f
http://www.depdc.org/,ok,https://explorer.ooni.org/m/20260313063717.335028_KR_webconnectivity_d992f57f5b968952
https://www.derechos.org/,ok,https://explorer.ooni.org/m/20260313063724.884185_KR_webconnectivity_a26a11ad3014fc2d
https://www.disabilityrightsfund.org/,ok,https://explorer.ooni.org/m/20260313063733.463583_KR_webconnectivity_fbc781731d92dddf
http://www.dit-inc.us/,dns,https://explorer.ooni.org/m/20260313063734.814481_KR_webconnectivity_49f85aadf0c20439
http://www.donga.com/,ok,https://explorer.ooni.org/m/20260313063749.048122_KR_webconnectivity_2cd3dd3b11360c58
https://www.dopplr.com/,ok,https://explorer.ooni.org/m/20260313063758.055488_KR_webconnectivity_f6ae73fad46a57d0
https://www.doriafeministfund.org/,ok,https://explorer.ooni.org/m/20260313063803.313002_KR_webconnectivity_b25871412d2294e1
http://www.drudgereport.com/,ok,https://explorer.ooni.org/m/20260313063812.288497_KR_webconnectivity_ac37f2df52148272
https://www.dw.com/,ok,https://explorer.ooni.org/m/20260313063816.348280_KR_webconnectivity_66d8b761adca9fda
http://www.e-ju.net/,ok,https://explorer.ooni.org/m/20260313063817.137434_KR_webconnectivity_daf46ac931d241a6
http://www.ebn.co.kr/,ok,https://explorer.ooni.org/m/20260313063830.057859_KR_webconnectivity_3e53d3479db94f9c
http://www.ecequality.org/,ok,https://explorer.ooni.org/m/20260313063838.744744_KR_webconnectivity_54c10fcc2fbe04df
https://www.echr.coe.int/,ok,https://explorer.ooni.org/m/20260313063842.792151_KR_webconnectivity_69a583daa6fe7f29
https://www.economist.com/,ok,https://explorer.ooni.org/m/20260313063845.784792_KR_webconnectivity_d895a8c3f21b562a
http://www.eduhope.net/,ok,https://explorer.ooni.org/m/20260313063858.632665_KR_webconnectivity_06b8c12a76c7689a
https://www.eff.org/,ok,https://explorer.ooni.org/m/20260313063906.024470_KR_webconnectivity_34dba1f8e7481775
https://www.eluniversal.com/,ok,https://explorer.ooni.org/m/20260313063917.261830_KR_webconnectivity_6defb22962e1b1a2
https://www.endfgm.eu/,ok,https://explorer.ooni.org/m/20260313063924.150307_KR_webconnectivity_a7b98f925e5424f6
http://www.equaline.or.kr/,ok,https://explorer.ooni.org/m/20260313063937.064127_KR_webconnectivity_be1a11e521f9ea07
https://www.eurobicon.org/,dns,https://explorer.ooni.org/m/20260313063937.952317_KR_webconnectivity_9fae30656fdd1b79
https://www.euronews.com/,ok,https://explorer.ooni.org/m/20260313063950.165525_KR_webconnectivity_5b0bc9ef9a6dbb4a
https://www.exgay.com/,ok,https://explorer.ooni.org/m/20260313063951.814388_KR_webconnectivity_8e499f110685547f
https://www.exitinternational.net/,ok,https://explorer.ooni.org/m/20260313064002.455846_KR_webconnectivity_6e096c2a738a9979
https://www.expressvpn.com/,ok,https://explorer.ooni.org/m/20260313064014.463365_KR_webconnectivity_2882d3365fac1e7d
https://www.f-secure.com/,http-failure,https://explorer.ooni.org/m/20260313064036.159391_KR_webconnectivity_dc896e5cdc7c3657
https://www.familyequality.org/,ok,https://explorer.ooni.org/m/20260313064047.610473_KR_webconnectivity_94e418008cf79a09
http://www.feer.com/,ok,https://explorer.ooni.org/m/20260313064048.515088_KR_webconnectivity_d217aa0b6019213a
https://www.feminist.com/,ok,https://explorer.ooni.org/m/20260313064103.548469_KR_webconnectivity_3b8c1b81cc74e007
https://www.feministfrequency.com/,dns,https://explorer.ooni.org/m/20260313064104.262491_KR_webconnectivity_e22c4e75f712f6db
https://www.fidh.org/,ok,https://explorer.ooni.org/m/20260313064110.904826_KR_webconnectivity_5bbcdfea832f70d9
http://www.fktu.or.kr/,ok,https://explorer.ooni.org/m/20260313064119.758355_KR_webconnectivity_cfbeb9b840370de9
https://www.fondationdefrance.org/,ok,https://explorer.ooni.org/m/20260313064134.026019_KR_webconnectivity_088219de391cd161
https://www.forbes.com/,ok,https://explorer.ooni.org/m/20260313064146.706493_KR_webconnectivity_92088bf6aacd640e
https://www.fordfoundation.org/,ok,https://explorer.ooni.org/m/20260313064200.615596_KR_webconnectivity_efcc9071c9903841
http://www.forum-asia.org/,ok,https://explorer.ooni.org/m/20260313064213.639362_KR_webconnectivity_d71200ed91d4b016
https://www.forum18.org/,tcp_ip,https://explorer.ooni.org/m/20260313064245.256902_KR_webconnectivity_9eb3ea83e82bfeab
https://www.foxnews.com/,ok,https://explorer.ooni.org/m/20260313064256.678873_KR_webconnectivity_e358d8254dc3d555
https://www.france24.com/,ok,https://explorer.ooni.org/m/20260313064302.021179_KR_webconnectivity_47df4e393e9d162b
https://www.francemediasmonde.com/,http-failure,https://explorer.ooni.org/m/20260313064402.664405_KR_webconnectivity_b7fada610d36203a
http://www.freedominfo.org/,dns,https://explorer.ooni.org/m/20260313064412.024078_KR_webconnectivity_ddfe1168d21f3a76
http://www.freeexpression.org/,ok,https://explorer.ooni.org/m/20260313064428.423683_KR_webconnectivity_80184a7a84e75bc4
https://www.freespeech.com/,ok,https://explorer.ooni.org/m/20260313064441.961105_KR_webconnectivity_4a1fdd99ad4c0a47
https://www.freespeechcoalition.com/,dns,https://explorer.ooni.org/m/20260313064443.963688_KR_webconnectivity_32d8b0876aba7fde
http://www.fridae.com/,dns,https://explorer.ooni.org/m/20260313064445.638781_KR_webconnectivity_c61ac16a282d620f
https://www.frontlinedefenders.org/,ok,https://explorer.ooni.org/m/20260313064457.040236_KR_webconnectivity_dd78cde68baad613
https://www.ft.com/,ok,https://explorer.ooni.org/m/20260313064511.553778_KR_webconnectivity_595efa4c7c847af7
http://www.ftchinese.com/,ok,https://explorer.ooni.org/m/20260313064525.385862_KR_webconnectivity_1c9c533d7e847df0
http://www.gayegypt.com/,dns,https://explorer.ooni.org/m/20260313064527.971679_KR_webconnectivity_b3195b5e0adb2878
http://www.gayrice.com/,dns,https://explorer.ooni.org/m/20260313064529.231937_KR_webconnectivity_7ce578e275c37660
http://www.gayrice.com/gayplaces/country.php?cid=126,dns,https://explorer.ooni.org/m/20260313064532.314898_KR_webconnectivity_ef8729a8ed90cf56
http://www.gayscape.com/,dns,https://explorer.ooni.org/m/20260313064535.662107_KR_webconnectivity_7451788fc10d17f5
https://www.gaystarnews.com/,dns,https://explorer.ooni.org/m/20260313064538.965026_KR_webconnectivity_e504f62f3653f321
https://www.gearthblog.com/,ok,https://explorer.ooni.org/m/20260313064559.073902_KR_webconnectivity_d859b9f19826cfc7
https://www.genderit.org/,ok,https://explorer.ooni.org/m/20260313064637.395859_KR_webconnectivity_0c7f4a64114c6990
https://www.getoutline.org/,ok,https://explorer.ooni.org/m/20260313064714.581971_KR_webconnectivity_f318d12c361f179e
https://www.girlsnotbrides.org/,ok,https://explorer.ooni.org/m/20260313064733.462676_KR_webconnectivity_8f0951678e346775
http://www.glaad.org/,ok,https://explorer.ooni.org/m/20260313064750.900453_KR_webconnectivity_19048b5d08879afe
http://www.glbtqarchive.com/,ok,https://explorer.ooni.org/m/20260313064753.092615_KR_webconnectivity_c1099824c71670fd
https://www.globaleaks.org/,ok,https://explorer.ooni.org/m/20260313064807.482832_KR_webconnectivity_928b10ebe7071182
https://www.globalfundforwomen.org/,ok,https://explorer.ooni.org/m/20260313064821.240291_KR_webconnectivity_eb5e11077dd0f3f6
http://www.globalgayz.com/g-korea.html,ok,https://explorer.ooni.org/m/20260313064832.981466_KR_webconnectivity_0c7ca5d6da996a85
http://www.globalr2p.org/,ok,https://explorer.ooni.org/m/20260313064842.317288_KR_webconnectivity_93f865d296cac72c
https://www.glsen.org/,ok,https://explorer.ooni.org/m/20260313064851.008846_KR_webconnectivity_f7d1ba6bd7cb4ec1
http://www.gmhc.org/,ok,https://explorer.ooni.org/m/20260313064909.094213_KR_webconnectivity_9a0a88bb04b12cb4
https://www.gnu.org/,ok,https://explorer.ooni.org/m/20260313064913.878554_KR_webconnectivity_24a9c027bb8791f5
https://www.gnupg.org/,ok,https://explorer.ooni.org/m/20260313064919.005032_KR_webconnectivity_bc9ab705ff376313
http://www.gobalnews.com/,ok,https://explorer.ooni.org/m/20260313064927.731539_KR_webconnectivity_43f15ffa952c76ae
http://www.goodasyou.net/,dns,https://explorer.ooni.org/m/20260313064928.812868_KR_webconnectivity_d70ef51e803d1231
http://www.granma.cu/,ok,https://explorer.ooni.org/m/20260313064945.332313_KR_webconnectivity_2efeaac3a59e1656
https://www.grindr.com/,dns,https://explorer.ooni.org/m/20260313064946.540353_KR_webconnectivity_41fae23f41a660aa
https://www.guerrillagirls.com/,dns,https://explorer.ooni.org/m/20260313064947.715475_KR_webconnectivity_b8e7d0873317391a
https://www.haaretz.com/,ok,https://explorer.ooni.org/m/20260313064959.525888_KR_webconnectivity_ce1ee5d5ff4b21e2
http://www.hani.co.kr/,ok,https://explorer.ooni.org/m/20260313065012.693933_KR_webconnectivity_efe297aa99175e99
http://www.hankooki.com/,ok,https://explorer.ooni.org/m/20260313065028.976584_KR_webconnectivity_8aee560d6125487d
http://www.hellodd.com/,ok,https://explorer.ooni.org/m/20260313065042.183322_KR_webconnectivity_f7fac0ba49065ca1
https://www.herdict.org/,ok,https://explorer.ooni.org/m/20260313065051.972296_KR_webconnectivity_58bd24cd0ee2036c
https://www.heritage.org/,ok,https://explorer.ooni.org/m/20260313065104.433284_KR_webconnectivity_0167f19b8aec7639
https://www.heyjane.com/,ok,https://explorer.ooni.org/m/20260313065115.163706_KR_webconnectivity_f7e2906f57ccbb31
https://www.hidemyass.com/,dns,https://explorer.ooni.org/m/20260313065116.289548_KR_webconnectivity_761e39b4acbe4b8c
http://www.hizb-ut-tahrir.org/,dns,https://explorer.ooni.org/m/20260313065202.171462_KR_webconnectivity_4efda810e0b7c078
http://www.hopeandlaw.org/,ok,https://explorer.ooni.org/m/20260313065213.174887_KR_webconnectivity_9e826ea3efa10270
http://www.hotline.or.kr/,ok,https://explorer.ooni.org/m/20260313065227.476218_KR_webconnectivity_f2a4a89a53925d30
https://www.hotspotshield.com/,dns,https://explorer.ooni.org/m/20260313065228.528043_KR_webconnectivity_dd69ad5a166bb345
http://www.hrc.org/,ok,https://explorer.ooni.org/m/20260313065248.054712_KR_webconnectivity_ed4a0aef9e11d3c8
http://www.hrea.org/,ok,https://explorer.ooni.org/m/20260313065303.123246_KR_webconnectivity_23c8e5eb2c002a3b
https://www.hrw.org/,ok,https://explorer.ooni.org/m/20260313065315.945438_KR_webconnectivity_2ca756da612033fe
https://www.hrw.org/asia/south-korea,ok,https://explorer.ooni.org/m/20260313065330.392320_KR_webconnectivity_a17bc73325d71301
http://www.http-tunnel.com/,dns,https://explorer.ooni.org/m/20260313065331.360688_KR_webconnectivity_b34512060579a580
https://www.huffpost.com/,ok,https://explorer.ooni.org/m/20260313065340.588729_KR_webconnectivity_ebf34141351869ea
https://www.humanrightsconnected.org/,ok,https://explorer.ooni.org/m/20260313065345.287934_KR_webconnectivity_bff3361d37722620
http://www.humanrightsfirst.org/,ok,https://explorer.ooni.org/m/20260313065357.828025_KR_webconnectivity_53c4ef675ba6ffd6
https://www.hyphanet.org/,dns,https://explorer.ooni.org/m/20260313065359.008755_KR_webconnectivity_8c98aa72a91121e8
http://www.i615.net/,error,https://explorer.ooni.org/m/20260313065404.776213_KR_webconnectivity_dedcd6a74f2d0b6e
http://www.iaffe.org/,ok,https://explorer.ooni.org/m/20260313065412.444285_KR_webconnectivity_8a854f56c85c84a0
https://www.icc-cpi.int/,ok,https://explorer.ooni.org/m/20260313065422.262314_KR_webconnectivity_08769b5668e4ca48
https://www.icij.org/,ok,https://explorer.ooni.org/m/20260313065442.723536_KR_webconnectivity_1daa2b49799d6bbd
https://www.icj.org/,dns,https://explorer.ooni.org/m/20260313065444.006810_KR_webconnectivity_12dd69d2cae5ceed
http://www.icrw.org/,ok,https://explorer.ooni.org/m/20260313065450.229931_KR_webconnectivity_f62dded2709c73a2
https://www.ictj.org/,ok,https://explorer.ooni.org/m/20260313065459.824521_KR_webconnectivity_bc792c265c77c93b
http://www.idea.int/,ok,https://explorer.ooni.org/m/20260313065516.651065_KR_webconnectivity_fc34d42be19e258d
http://www.ifex.org/,ok,https://explorer.ooni.org/m/20260313065519.675146_KR_webconnectivity_9dca6f61df71b634
http://www.ifge.org/,dns,https://explorer.ooni.org/m/20260313065521.287022_KR_webconnectivity_686f55137b0be9fa
http://www.ifj-asia.org/,tcp_ip,https://explorer.ooni.org/m/20260313065607.090312_KR_webconnectivity_3a6d8771b162eadd
http://www.ifj.org/,ok,https://explorer.ooni.org/m/20260313065615.944935_KR_webconnectivity_2a9db8283d8c5fa0
https://www.ihrc.org.uk/,ok,https://explorer.ooni.org/m/20260313065630.853248_KR_webconnectivity_2d4a7932615a2223
https://www.ijm.org/,ok,https://explorer.ooni.org/m/20260313065640.278544_KR_webconnectivity_eecce799d6df4171
https://www.iknowpolitics.org/,ok,https://explorer.ooni.org/m/20260313065651.978072_KR_webconnectivity_8f68a63444042d87
https://www.ilga-europe.org/,ok,https://explorer.ooni.org/m/20260313065708.401960_KR_webconnectivity_3c02316e2b7c0c66
http://www.ilga.info/,ok,https://explorer.ooni.org/m/20260313065716.059211_KR_webconnectivity_5196812f25946b12
http://www.ilga.org/asia/,ok,https://explorer.ooni.org/m/20260313065725.779641_KR_webconnectivity_60d3d1911f513c8a
http://www.ilo.org/public/english/region/asro/bangkok/child/trafficking/index.htm,ok,https://explorer.ooni.org/m/20260313065737.976050_KR_webconnectivity_bfb63837a41e712f
https://www.indiatimes.com/,ok,https://explorer.ooni.org/m/20260313065747.231605_KR_webconnectivity_bd64b7aaa004bdc1
https://www.ineedana.com/,dns,https://explorer.ooni.org/m/20260313065748.880411_KR_webconnectivity_ec4b74f6ad4fa0b6
http://www.inetprivacy.com/,dns,https://explorer.ooni.org/m/20260313065749.659783_KR_webconnectivity_ab0219825ef63a10
http://www.inews24.com/,ok,https://explorer.ooni.org/m/20260313065802.231849_KR_webconnectivity_6d7edc6c157026db
https://www.infomigrants.net/,ok,https://explorer.ooni.org/m/20260313065804.973603_KR_webconnectivity_e4a1c0c9720424f7
https://www.infowars.com/,ok,https://explorer.ooni.org/m/20260313065814.959978_KR_webconnectivity_920ab7af50200e93
http://www.inkwon.or.kr/,ok,https://explorer.ooni.org/m/20260313065824.204551_KR_webconnectivity_3b140ed6e7e5a092
http://www.inminds.co.uk/,ok,https://explorer.ooni.org/m/20260313065834.005713_KR_webconnectivity_861852b900c0cbd7
http://www.inochong.org/,ok,https://explorer.ooni.org/m/20260313065836.494194_KR_webconnectivity_6962289e29e8b25f
https://www.ipetitions.com/,ok,https://explorer.ooni.org/m/20260313065845.099348_KR_webconnectivity_317c43c116bcf135
https://www.ipredator.se/,dns,https://explorer.ooni.org/m/20260313065846.027944_KR_webconnectivity_a57beb5301d682f4
https://www.ipvanish.com/,dns,https://explorer.ooni.org/m/20260313065847.127436_KR_webconnectivity_f8720a9fc25c9945
http://www.irna.ir/,ok,https://explorer.ooni.org/m/20260313065850.745403_KR_webconnectivity_311e0955c10e67d6
http://www.isiswomen.org/,ok,https://explorer.ooni.org/m/20260313065853.922742_KR_webconnectivity_018c03c5f5c201b1
http://www.islamawareness.net/,ok,https://explorer.ooni.org/m/20260313065858.868800_KR_webconnectivity_134b837ba4831568
http://www.islamawareness.net/Asia/KoreaSouth/,ok,https://explorer.ooni.org/m/20260313065903.185292_KR_webconnectivity_f38a48d0897717b5
http://www.islamkorea.com/,ok,https://explorer.ooni.org/m/20260313065919.651973_KR_webconnectivity_857b209adf55253b
https://www.ivpn.net/,dns,https://explorer.ooni.org/m/20260313065920.997820_KR_webconnectivity_d71b39790022ca0a
http://www.iwraw-ap.org/,ok,https://explorer.ooni.org/m/20260313065930.840663_KR_webconnectivity_e7f9d64d7fb4c2dc
https://www.iwraw-ap.org/,ok,https://explorer.ooni.org/m/20260313065939.048550_KR_webconnectivity_c43698403286732d
http://www.japantimes.co.jp/,ok,https://explorer.ooni.org/m/20260313065950.633328_KR_webconnectivity_fe942ab6426cd98b
http://www.jcmk.org/,ok,https://explorer.ooni.org/m/20260313070003.725050_KR_webconnectivity_462ccb92854c1f96
http://www.jhr.ca/,ok,https://explorer.ooni.org/m/20260313070025.737469_KR_webconnectivity_65147a662116db71
https://www.jihadwatch.org/,ok,https://explorer.ooni.org/m/20260313070027.943559_KR_webconnectivity_33f2818b9b2b6ea6
http://www.jinbocorea.org/,ok,https://explorer.ooni.org/m/20260313070040.110667_KR_webconnectivity_abcd254b7f907f7a
http://www.jmarshall.com/,ok,https://explorer.ooni.org/m/20260313070043.517468_KR_webconnectivity_4b0185891ed10ae1
https://www.jmarshall.com/,ok,https://explorer.ooni.org/m/20260313070046.534219_KR_webconnectivity_64fdcaf161e92438
http://www.kcna.co.jp/,confirmed,https://explorer.ooni.org/m/20260313070049.287309_KR_webconnectivity_84b47505922f9287
http://www.kcna.kp/,dns,https://explorer.ooni.org/m/20260313070051.942613_KR_webconnectivity_7d5db109adcc7f98
http://www.kctu.org/,ok,https://explorer.ooni.org/m/20260313070057.100887_KR_webconnectivity_f328e573ca5033e3
http://www.kdawu.org/,ok,https://explorer.ooni.org/m/20260313070104.946189_KR_webconnectivity_f2c4a6b37b46b3cd
http://www.kdlp.org/,ok,https://explorer.ooni.org/m/20260313070112.170438_KR_webconnectivity_aeaeac9d9710f7b6
http://www.khan.co.kr/,ok,https://explorer.ooni.org/m/20260313070126.928449_KR_webconnectivity_c0086b3bfdda04c8
http://www.khrp.org/,ok,https://explorer.ooni.org/m/20260313070131.494843_KR_webconnectivity_5188693e9ba8e71b
http://www.kita.net/,ok,https://explorer.ooni.org/m/20260313070149.099504_KR_webconnectivity_8f21f509c4409a6e
https://www.knapsackforhope.org/,ok,https://explorer.ooni.org/m/20260313070150.919281_KR_webconnectivity_bf9e1d4130cfc324
http://www.kncc.or.kr/,ok,https://explorer.ooni.org/m/20260313070205.847490_KR_webconnectivity_6d613dd67bd5cd69
http://www.kngo.net/,error,https://explorer.ooni.org/m/20260313070232.100969_KR_webconnectivity_eac306ff24701fc8
http://www.korea-htr.com/,confirmed,https://explorer.ooni.org/m/20260313070233.235326_KR_webconnectivity_11e100c9c09414ed
http://www.korea-htr.com/chuo/,confirmed,https://explorer.ooni.org/m/20260313070234.397132_KR_webconnectivity_83ba69a7dceaa70d
http://www.koreaherald.co.kr/,ok,https://explorer.ooni.org/m/20260313070244.429035_KR_webconnectivity_df691260f8d9009e
http://www.korealiberator.org/,ok,https://explorer.ooni.org/m/20260313070252.014145_KR_webconnectivity_3f2e36b78b179b5a
http://www.korva.or.kr/,ok,https://explorer.ooni.org/m/20260313070303.285144_KR_webconnectivity_bdd9d88a69212262
http://www.kpil.org/,ok,https://explorer.ooni.org/m/20260313070310.936594_KR_webconnectivity_b3a0a97c7c723375
http://www.kqcf.org/,ok,https://explorer.ooni.org/m/20260313070311.912432_KR_webconnectivity_10377087447de190
http://www.kwdi.re.kr/,ok,https://explorer.ooni.org/m/20260313070347.987557_KR_webconnectivity_298ae26f0f8edc38
http://www.kwpa.org/,ok,https://explorer.ooni.org/m/20260313070354.444491_KR_webconnectivity_8beee67840d23395
http://www.kwwnet.org/,ok,https://explorer.ooni.org/m/20260313070406.787850_KR_webconnectivity_8d992cec62e2ba8a
http://www.laborrightsnow.org/,ok,https://explorer.ooni.org/m/20260313070411.648355_KR_webconnectivity_372bcd4ea6bee0e5
http://www.lanacion.com.ar/,ok,https://explorer.ooni.org/m/20260313070431.090245_KR_webconnectivity_b84a2a044674253e
https://www.laquadrature.net/,ok,https://explorer.ooni.org/m/20260313070440.960009_KR_webconnectivity_0b179be0353b1d1e
http://www.latimes.com/,ok,https://explorer.ooni.org/m/20260313070450.589634_KR_webconnectivity_300ef7a633709abc
https://www.lds.org/,ok,https://explorer.ooni.org/m/20260313070501.412923_KR_webconnectivity_2877c22ea2dcd072
http://www.learningpartnership.org/,ok,https://explorer.ooni.org/m/20260313070511.969462_KR_webconnectivity_2298c938b29f2092
https://www.lemonde.fr/,ok,https://explorer.ooni.org/m/20260313070522.102542_KR_webconnectivity_929d52e1f6ca924d
https://www.lgbtmap.org/,ok,https://explorer.ooni.org/m/20260313070538.045555_KR_webconnectivity_e33bf1daac82d69d
http://www.lgbtpride.or.kr/,ok,https://explorer.ooni.org/m/20260313070551.034910_KR_webconnectivity_07381ff883d7c227
https://www.lgbtqnation.com/,ok,https://explorer.ooni.org/m/20260313070602.724035_KR_webconnectivity_4d8d02c6b6d5c06e
https://www.lilithfund.org/,ok,https://explorer.ooni.org/m/20260313070619.291789_KR_webconnectivity_1784c15d00183bac
http://www.littlespeck.com/,ok,https://explorer.ooni.org/m/20260313070627.968481_KR_webconnectivity_58bffd21a0dff07b
https://www.logmein.com/,ok,https://explorer.ooni.org/m/20260313070630.933342_KR_webconnectivity_a0f95c0b69e7af11
https://www.madre.org/,ok,https://explorer.ooni.org/m/20260313070645.230370_KR_webconnectivity_dfea6686e274f378
http://www.mainichi.co.jp/,ok,https://explorer.ooni.org/m/20260313070653.299380_KR_webconnectivity_845a9db3e3fc9056
https://www.mamacash.org/,ok,https://explorer.ooni.org/m/20260313070703.285013_KR_webconnectivity_bf56e8adde7d64f4
https://www.martus.org/,ok,https://explorer.ooni.org/m/20260313070708.995189_KR_webconnectivity_2b686ac7ff4929f9
https://www.mc-doualiya.com/,ok,https://explorer.ooni.org/m/20260313070711.496311_KR_webconnectivity_25ed238b744ca2e7
http://www.mediareform.co.kr/,ok,https://explorer.ooni.org/m/20260313070720.336535_KR_webconnectivity_f98a360c2319055a
http://www.mediatoday.co.kr/,ok,https://explorer.ooni.org/m/20260313070733.628641_KR_webconnectivity_e4cbf4a05fb797fa
http://www.mediaus.co.kr/,ok,https://explorer.ooni.org/m/20260313070742.444776_KR_webconnectivity_297b5c5339964f6d
https://www.megaproxy.com/,dns,https://explorer.ooni.org/m/20260313070743.732914_KR_webconnectivity_a50e7d0677ec5f33
http://www.mfasia.org/,ok,https://explorer.ooni.org/m/20260313070808.707838_KR_webconnectivity_bd1461b84af13df5
https://www.mideastyouth.com/,ok,https://explorer.ooni.org/m/20260313070821.895042_KR_webconnectivity_421ed1ffbb5f4d73
http://www.migrant114.org/,dns,https://explorer.ooni.org/m/20260313070823.846458_KR_webconnectivity_d82c515c74ac4956
http://www.migrantsinkorea.net/,ok,https://explorer.ooni.org/m/20260313070824.822593_KR_webconnectivity_f6d46f99befc0395
http://www.mizzima.com/,ok,https://explorer.ooni.org/m/20260313070827.072304_KR_webconnectivity_3f2bbbade08d1b6e
https://www.mombian.com/,ok,https://explorer.ooni.org/m/20260313070828.419865_KR_webconnectivity_6de5766bae1d602d
http://www.mongu.net/,ok,https://explorer.ooni.org/m/20260313070834.988482_KR_webconnectivity_878c2c8991bb6cc5
https://www.mormon.org/,ok,https://explorer.ooni.org/m/20260313070843.003486_KR_webconnectivity_ea3afd6bf7f8b675
https://www.msichoices.org/,dns,https://explorer.ooni.org/m/20260313070844.206859_KR_webconnectivity_a1333b5ce2e9a8d1
https://www.muckrock.com/,ok,https://explorer.ooni.org/m/20260313070857.686484_KR_webconnectivity_3fec042ece77f957
https://www.musalaha.org/,ok,https://explorer.ooni.org/m/20260313070908.346811_KR_webconnectivity_2727d2429c2c419d
http://www.naeil.com/,ok,https://explorer.ooni.org/m/20260313070916.394776_KR_webconnectivity_8881c9b641db4f4c
https://www.namecoin.org/,ok,https://explorer.ooni.org/m/20260313070921.535701_KR_webconnectivity_92cabf0436ca52ba
http://www.naral.org/,ok,https://explorer.ooni.org/m/20260313070932.543485_KR_webconnectivity_011c324a1e7c0b3d
https://www.nbc.com/,ok,https://explorer.ooni.org/m/20260313070946.286545_KR_webconnectivity_5cd2a95dbc57d531
https://www.nbcnews.com/,ok,https://explorer.ooni.org/m/20260313071002.555567_KR_webconnectivity_003ff6732efb6d16
https://www.nbcnewyork.com/,ok,https://explorer.ooni.org/m/20260313071014.162496_KR_webconnectivity_627919d75e6c1455
http://www.nclrights.org/,ok,https://explorer.ooni.org/m/20260313071030.046329_KR_webconnectivity_fd3a920173159770
https://www.ndi.org/,ok,https://explorer.ooni.org/m/20260313071043.240217_KR_webconnectivity_1d46f2d4525f3ef6
https://www.ned.org/,ok,https://explorer.ooni.org/m/20260313071050.991838_KR_webconnectivity_9c744301e2d3f7c5
http://www.newnownext.com/,ok,https://explorer.ooni.org/m/20260313071104.104860_KR_webconnectivity_b66bd8bb708bb29d
http://www.newnownext.com/franchise/the-backlot/,ok,https://explorer.ooni.org/m/20260313071118.268132_KR_webconnectivity_59a57ce12fd8a56e
http://www.newscham.net/,ok,https://explorer.ooni.org/m/20260313071124.489788_KR_webconnectivity_b9513fc33c1e5034
http://www.newsweekasia.com/,ok,https://explorer.ooni.org/m/20260313071153.264901_KR_webconnectivity_160df99f0d7d7b35
https://www.nifty.org/,dns,https://explorer.ooni.org/m/20260313071154.549995_KR_webconnectivity_149467ed864dd258
https://www.njal.la/,ok,https://explorer.ooni.org/m/20260313071202.783416_KR_webconnectivity_4ae0ad8a207e0fa8
http://www.nkhumanrights.or.kr/,ok,https://explorer.ooni.org/m/20260313071205.510831_KR_webconnectivity_9b416833732b7955
http://www.nkzone.org/,tcp_ip,https://explorer.ooni.org/m/20260313071251.763666_KR_webconnectivity_73e08a038aa6035b
http://www.nocutnews.co.kr/,ok,https://explorer.ooni.org/m/20260313071311.920449_KR_webconnectivity_cb17b19abca15824
http://www.nodong.org/,ok,https://explorer.ooni.org/m/20260313071325.942147_KR_webconnectivity_20574b8132479c4e
http://www.nonghyup.com/,ok,https://explorer.ooni.org/m/20260313071330.573240_KR_webconnectivity_b3a2f1b725443403
https://www.nostraightnews.com/,ok,https://explorer.ooni.org/m/20260313071346.131147_KR_webconnectivity_6f2b27259761bcdb
https://www.npr.org/,ok,https://explorer.ooni.org/m/20260313071358.676065_KR_webconnectivity_d63698014d61e292
https://www.ntv.ru/,ok,https://explorer.ooni.org/m/20260313071414.360837_KR_webconnectivity_496242079414a018
https://www.nwci.ie/,ok,https://explorer.ooni.org/m/20260313071420.146668_KR_webconnectivity_afe729499771be42
https://www.nytimes.com/,ok,https://explorer.ooni.org/m/20260313071429.517409_KR_webconnectivity_0272113e798ee1b4
https://www.oas.org/,ok,https://explorer.ooni.org/m/20260313071440.868198_KR_webconnectivity_a0c6cb70e730d1f3
https://www.occrp.org/,ok,https://explorer.ooni.org/m/20260313071451.600614_KR_webconnectivity_ee9818570141f45a
https://www.ohchr.org/,ok,https://explorer.ooni.org/m/20260313071454.458225_KR_webconnectivity_c9cbe30a8a4d5596
http://www.ohmynews.com/,ok,https://explorer.ooni.org/m/20260313071510.015799_KR_webconnectivity_0100569858aaa409
http://www.omct.org/,ok,https://explorer.ooni.org/m/20260313071527.886645_KR_webconnectivity_0b954a83614b2b4f
https://www.omct.org/,ok,https://explorer.ooni.org/m/20260313071548.088418_KR_webconnectivity_f34b33ebb65a91a1
http://www.oneworld.net/,ok,https://explorer.ooni.org/m/20260313071549.950498_KR_webconnectivity_b77de3c9cb9641a0
https://www.opendns.com/,ok,https://explorer.ooni.org/m/20260313071553.716931_KR_webconnectivity_2111ec59b94b2da8
https://www.openpgp.org/,ok,https://explorer.ooni.org/m/20260313071559.963083_KR_webconnectivity_88865baba22e3614
https://www.opensocietyfoundations.org/,ok,https://explorer.ooni.org/m/20260313071613.754421_KR_webconnectivity_abb2cc61470789fa
https://www.opentech.fund/,dns,https://explorer.ooni.org/m/20260313071615.763990_KR_webconnectivity_79c2b2de5ad714d3
https://www.ou.org/,ok,https://explorer.ooni.org/m/20260313071627.174075_KR_webconnectivity_ff46b1b4123bb495
http://www.pangari.net/,ok,https://explorer.ooni.org/m/20260313071627.935318_KR_webconnectivity_0dae20c80a1ee8d9
http://www.pcusa.org/,ok,https://explorer.ooni.org/m/20260313071643.067724_KR_webconnectivity_4548b0a638fe3bc0
http://www.peacefire.org/circumventor/simple-circumventor-instructions.html,dns,https://explorer.ooni.org/m/20260313071644.591351_KR_webconnectivity_48850ba57686167d
http://www.people.com.cn/,ok,https://explorer.ooni.org/m/20260313071658.744964_KR_webconnectivity_cdadc02c0c270907
http://www.peoplepower21.org/,ok,https://explorer.ooni.org/m/20260313071711.144393_KR_webconnectivity_f94d49636189e516
https://www.phpmyadmin.net/,ok,https://explorer.ooni.org/m/20260313071718.317108_KR_webconnectivity_82077dbabe47a6bb
http://www.pikicast.com/,error,https://explorer.ooni.org/m/20260313071730.971832_KR_webconnectivity_ea54059ef2e4bbf5
https://www.pinkcupid.com/,dns,https://explorer.ooni.org/m/20260313071732.289201_KR_webconnectivity_2f6c60ed19e60e60
https://www.pinknews.co.uk/,http-failure,https://explorer.ooni.org/m/20260313071734.416583_KR_webconnectivity_843bf896b7e7f34d
https://www.piratenpartei.ch/,ok,https://explorer.ooni.org/m/20260313071744.583100_KR_webconnectivity_61a4a3a610958205
http://www.piratpartiet.se/,ok,https://explorer.ooni.org/m/20260313071825.975362_KR_webconnectivity_f3002aa17e18fdc9
https://www.plancpills.org/,dns,https://explorer.ooni.org/m/20260313071828.705735_KR_webconnectivity_fdc6129e6198b24d
https://www.planetromeo.com/,dns,https://explorer.ooni.org/m/20260313071832.806946_KR_webconnectivity_4ec028c887e9e234
http://www.poweroftruth.net/,ok,https://explorer.ooni.org/m/20260313071840.971764_KR_webconnectivity_96055daa075545eb
https://www.pravda.ru/,dns,https://explorer.ooni.org/m/20260313071859.974082_KR_webconnectivity_cab5183a7ea80702
http://www.pressian.com/,ok,https://explorer.ooni.org/m/20260313071910.571748_KR_webconnectivity_31bd10b8e29440fb
https://www.pridemedia.com/,ok,https://explorer.ooni.org/m/20260313071922.178272_KR_webconnectivity_0e3ac07caae1510a
https://www.privacidade.digital/,ok,https://explorer.ooni.org/m/20260313071928.731697_KR_webconnectivity_8f8f84362db34807
https://www.privacyguides.org/,ok,https://explorer.ooni.org/m/20260313071939.575215_KR_webconnectivity_73a60ab17b141530
https://www.privacyinternational.org/,ok,https://explorer.ooni.org/m/20260313071946.683516_KR_webconnectivity_1dd284409d18b95a
https://www.privacytools.io/,ok,https://explorer.ooni.org/m/20260313071955.983378_KR_webconnectivity_fef5d744b2d80d98
https://www.privateinternetaccess.com/,dns,https://explorer.ooni.org/m/20260313072007.017313_KR_webconnectivity_aef30bc4d0d20253
http://www.privaterra.org/,ok,https://explorer.ooni.org/m/20260313072019.574665_KR_webconnectivity_e24a8476486165e8
https://www.projectveritas.com/,ok,https://explorer.ooni.org/m/20260313072031.694149_KR_webconnectivity_921aa165537bb8d8
https://www.propublica.org/,ok,https://explorer.ooni.org/m/20260313072040.441168_KR_webconnectivity_782d2f2457f7d9a1
https://www.protectioninternational.org/,ok,https://explorer.ooni.org/m/20260313072103.962535_KR_webconnectivity_15dee50af327dcdc
http://www.protest.net/,dns,https://explorer.ooni.org/m/20260313072135.900075_KR_webconnectivity_01236c641a066f99
http://www.publiuspundit.com/,ok,https://explorer.ooni.org/m/20260313072217.970998_KR_webconnectivity_0ffee8c97431bf09
https://www.purevpn.com/,dns,https://explorer.ooni.org/m/20260313072232.950314_KR_webconnectivity_27fdb70e0ca38db5
http://www.qhnews.com/,ok,https://explorer.ooni.org/m/20260313072247.667159_KR_webconnectivity_79dbdbe9ff7bfc05
http://www.qhtyzx.com/,ok,https://explorer.ooni.org/m/20260313072248.830671_KR_webconnectivity_0c077e32ac2c4af7
https://www.queerty.com/,dns,https://explorer.ooni.org/m/20260313072251.366071_KR_webconnectivity_728c43f354ac5526
http://www.radicalparty.org/,http-failure,https://explorer.ooni.org/m/20260313072352.520624_KR_webconnectivity_046b5c827bdaa732
http://www.rainbowfoundation.co.kr/,ok,https://explorer.ooni.org/m/20260313072412.106382_KR_webconnectivity_9ae1319577df20bd
https://www.rambler.ru/,ok,https://explorer.ooni.org/m/20260313072433.554787_KR_webconnectivity_27a4dc42af3feb7a
https://www.rawa.org/,ok,https://explorer.ooni.org/m/20260313072449.254881_KR_webconnectivity_3d402f73f9feb45d
http://www.redian.org/,ok,https://explorer.ooni.org/m/20260313072500.351591_KR_webconnectivity_c197a54dcbf0a948
https://www.redstateaccess.com/,ok,https://explorer.ooni.org/m/20260313072504.181465_KR_webconnectivity_1a996e1ef7a9e97e
https://www.refugeesinternational.org/,ok,https://explorer.ooni.org/m/20260313072520.085704_KR_webconnectivity_efdf2f1ba8529ecc
https://www.reprolegalhelpline.org/,dns,https://explorer.ooni.org/m/20260313072524.098394_KR_webconnectivity_8c8e61160b2606c1
http://www.repubblica.com/,ok,https://explorer.ooni.org/m/20260313072538.262948_KR_webconnectivity_00035ff251d2583a
https://www.rescue.org/,ok,https://explorer.ooni.org/m/20260313072553.881452_KR_webconnectivity_3bd42b727dc6a0f0
https://www.reuters.com/,ok,https://explorer.ooni.org/m/20260313072602.582357_KR_webconnectivity_3d205709e44c4abe
https://www.rfa.org/,ok,https://explorer.ooni.org/m/20260313072615.980584_KR_webconnectivity_17c682c94dbebc71
https://www.rferl.org/,ok,https://explorer.ooni.org/m/20260313072628.501505_KR_webconnectivity_c17bf985841a356f
https://www.rfi.fr/,ok,https://explorer.ooni.org/m/20260313072630.988884_KR_webconnectivity_3cdf21eb425b3a54
http://www.rights.or.kr/,ok,https://explorer.ooni.org/m/20260313072637.989212_KR_webconnectivity_4cec417194dbeff8
http://www.righttodie.ca/,ok,https://explorer.ooni.org/m/20260313072641.949315_KR_webconnectivity_5658c9e8f620bba7
http://www.rsf.org/article.php3?id_article=17361,ok,https://explorer.ooni.org/m/20260313072658.877147_KR_webconnectivity_13146686fe5a0523
https://www.rt.com/,ok,https://explorer.ooni.org/m/20260313072741.370083_KR_webconnectivity_eac62f35601980de
https://www.rtarabic.com/,ok,https://explorer.ooni.org/m/20260313072800.090964_KR_webconnectivity_a0ae1f89a38c680e
http://www.samesexmarriage.ca/,dns,https://explorer.ooni.org/m/20260313072800.895525_KR_webconnectivity_98ce4931d6d5d301
http://www.sarangbang.or.kr/,ok,https://explorer.ooni.org/m/20260313072809.205123_KR_webconnectivity_86aca421c3e451f2
https://www.savethechildren.net/,ok,https://explorer.ooni.org/m/20260313072825.003109_KR_webconnectivity_d38dc9daddf985e4
https://www.sbs.com.au/language/coronavirus?cid=infocus,ok,https://explorer.ooni.org/m/20260313072838.622773_KR_webconnectivity_86370ee9edfce23d
http://www.scmp.com/,ok,https://explorer.ooni.org/m/20260313072852.818140_KR_webconnectivity_99629385e25686c1
https://www.scmp.com/,ok,https://explorer.ooni.org/m/20260313072903.575802_KR_webconnectivity_e56c0f23ef12e6f5
https://www.scruff.com/,dns,https://explorer.ooni.org/m/20260313072905.077064_KR_webconnectivity_89afe74728516e54
http://www.seapa.org/,tcp_ip,https://explorer.ooni.org/m/20260313072906.712800_KR_webconnectivity_9b128a1700d880d7
http://www.seapabkk.org/,dns,https://explorer.ooni.org/m/20260313072909.226230_KR_webconnectivity_666216244a60635f
https://www.secfirst.org/,error,https://explorer.ooni.org/m/20260313072912.175918_KR_webconnectivity_fe8b9b14d223c1c8
https://www.securityinabox.org/,ok,https://explorer.ooni.org/m/20260313072915.772003_KR_webconnectivity_cb0a3fc32bc0bc7d
https://www.shoe.org/,dns,https://explorer.ooni.org/m/20260313072916.731750_KR_webconnectivity_5204b167c974c6b1
http://www.sisainlive.com/,ok,https://explorer.ooni.org/m/20260313072917.511827_KR_webconnectivity_bf1f65174c210735
http://www.sisters.or.kr/,ok,https://explorer.ooni.org/m/20260313072936.685773_KR_webconnectivity_09382b8adec31327
http://www.snumaum.org/,ok,https://explorer.ooni.org/m/20260313072938.994465_KR_webconnectivity_daf3aaec48304e68
http://www.sp.or.kr/,dns,https://explorer.ooni.org/m/20260313072942.215580_KR_webconnectivity_534b812985bf7680
https://www.spiegel.de/,ok,https://explorer.ooni.org/m/20260313072958.464629_KR_webconnectivity_18001a1002c2712c
https://www.starlink.com/,ok,https://explorer.ooni.org/m/20260313073003.113867_KR_webconnectivity_96dc02557ed4c390
http://www.state.gov/g/drl/rls/hrrpt/2004/41647.htm,ok,https://explorer.ooni.org/m/20260313073015.744166_KR_webconnectivity_9f784d7e58353a1c
https://www.stonewall.org.uk/,ok,https://explorer.ooni.org/m/20260313073028.444158_KR_webconnectivity_a14b952ada95e7ef
http://www.stopstreetharassment.org/,ok,https://explorer.ooni.org/m/20260313073038.820747_KR_webconnectivity_5a37f0c7c51a259b
https://www.surfeasy.com/,dns,https://explorer.ooni.org/m/20260313073039.841439_KR_webconnectivity_73cc7fb05d7a75b7
http://www.taipeitimes.com/,ok,https://explorer.ooni.org/m/20260313073047.451445_KR_webconnectivity_2db8a517e6f42323
https://www.teafund.org/,dns,https://explorer.ooni.org/m/20260313073048.549843_KR_webconnectivity_840d0c16c7e2ce5a
https://www.techlore.tech/,ok,https://explorer.ooni.org/m/20260313073058.111984_KR_webconnectivity_1507f2f96bbf6b0d
https://www.telegraph.co.uk/,ok,https://explorer.ooni.org/m/20260313073100.900331_KR_webconnectivity_1864975f463d8ad6
https://www.terredeshommes.nl/,ok,https://explorer.ooni.org/m/20260313073118.912997_KR_webconnectivity_9c063fd1c219c4a9
https://www.theatlantic.com/,dns,https://explorer.ooni.org/m/20260313073120.006940_KR_webconnectivity_fb55227cad5ca4be
http://www.theepochtimes.com/,ok,https://explorer.ooni.org/m/20260313073134.312672_KR_webconnectivity_cc58bf937e5d7c2a
https://www.theguardian.com/,ok,https://explorer.ooni.org/m/20260313073149.554396_KR_webconnectivity_a065328b06798cc3
https://www.thetrevorproject.org/,dns,https://explorer.ooni.org/m/20260313073153.162697_KR_webconnectivity_d4a1a6439b6115dc
http://www.tongilnews.com/,ok,https://explorer.ooni.org/m/20260313073206.085005_KR_webconnectivity_5290d9144b9b18d3
https://www.torproject.org/,dns,https://explorer.ooni.org/m/20260313073208.376003_KR_webconnectivity_73cfd5d384dbdeb0
http://www.towleroad.com/,dns,https://explorer.ooni.org/m/20260313073210.282227_KR_webconnectivity_a83534849b183a42
https://www.transgendermap.com/,ok,https://explorer.ooni.org/m/20260313073221.807843_KR_webconnectivity_25e332d5d69d19fe
https://www.transparency.org/,ok,https://explorer.ooni.org/m/20260313073231.659779_KR_webconnectivity_de91062ea1ea562d
https://www.tunnelbear.com/,dns,https://explorer.ooni.org/m/20260313073232.751219_KR_webconnectivity_ebb24de5dcb558f2
https://www.tvc.ru/,ok,https://explorer.ooni.org/m/20260313073235.930608_KR_webconnectivity_5b1f0873b985be4e
http://www.u4.no/,ok,https://explorer.ooni.org/m/20260313073247.414926_KR_webconnectivity_52990e362ee7f6e8
http://www.ultimate-anonymity.com/,dns,https://explorer.ooni.org/m/20260313073249.254878_KR_webconnectivity_029d6c211ff1960c
https://www.unfe.org/,ok,https://explorer.ooni.org/m/20260313073253.494061_KR_webconnectivity_b9bb503643f05c46
https://www.unfpa.org/,ok,https://explorer.ooni.org/m/20260313073306.626184_KR_webconnectivity_432878de5b7d2b32
https://www.upi.com/Top_News/World-News/2019/07/11/Amnesty-International-LGBT-soldiers-face-abuse-in-South-Korea-military/1461562819145/,ok,https://explorer.ooni.org/m/20260313073317.504088_KR_webconnectivity_3fe41be63da885be
https://www.uproxy.org/,dns,https://explorer.ooni.org/m/20260313073319.009559_KR_webconnectivity_0ad7bb1e5c55905f
http://www.upschool.net/xe/,ok,https://explorer.ooni.org/m/20260313073320.651170_KR_webconnectivity_0bc9246cf68353e1
https://www.urduvoa.com/,ok,https://explorer.ooni.org/m/20260313073328.798676_KR_webconnectivity_2230935a72b120fb
https://www.usatoday.com/,ok,https://explorer.ooni.org/m/20260313073340.234439_KR_webconnectivity_76729fd77798809b
http://www.utopia-asia.com/,dns,https://explorer.ooni.org/m/20260313073342.513535_KR_webconnectivity_e11f7bde73aabde6
https://www.vesti.ru/,ok,https://explorer.ooni.org/m/20260313073357.146413_KR_webconnectivity_6a2b5767d82ef33e
https://www.vice.com/,ok,https://explorer.ooni.org/m/20260313073404.309913_KR_webconnectivity_90a8d8071a4a630a
https://www.voanews.com/,ok,https://explorer.ooni.org/m/20260313073415.622894_KR_webconnectivity_bfde6e3e5aff0bed
http://www.vop.co.kr/,error,https://explorer.ooni.org/m/20260313073417.176546_KR_webconnectivity_b61ae47b3c8bfb89
https://www.vpngate.net/,dns,https://explorer.ooni.org/m/20260313073421.176741_KR_webconnectivity_033d324602ba5a3b
https://www.vpnunlimited.com/,dns,https://explorer.ooni.org/m/20260313073422.815466_KR_webconnectivity_2de26dbb6fa6aa8c
https://www.warchild.net/,ok,https://explorer.ooni.org/m/20260313073436.659048_KR_webconnectivity_925372262f111ac6
https://www.washingtonpost.com/,dns,https://explorer.ooni.org/m/20260313073437.723341_KR_webconnectivity_66e7a22336fac540
https://www.washingtontimes.com/,ok,https://explorer.ooni.org/m/20260313073452.182679_KR_webconnectivity_e83693bcd8820541
http://www.well.com/,ok,https://explorer.ooni.org/m/20260313073504.468359_KR_webconnectivity_dccbf9ac03dedeab
http://www.well.com/user/queerjhd/,ok,https://explorer.ooni.org/m/20260313073507.988052_KR_webconnectivity_3effacf711cce8a1
http://www.wftucentral.org/,ok,https://explorer.ooni.org/m/20260313073519.480798_KR_webconnectivity_302146df2b4a58fe
https://www.wiesenthal.com/,ok,https://explorer.ooni.org/m/20260313073532.735108_KR_webconnectivity_be9a0c8eab37238d
https://www.wilpf.org/,ok,https://explorer.ooni.org/m/20260313073548.246573_KR_webconnectivity_5dd4217ce830a382
http://www.withoutwar.org/,ok,https://explorer.ooni.org/m/20260313073607.850424_KR_webconnectivity_e081ac6585f35e84
https://www.witness.org/,ok,https://explorer.ooni.org/m/20260313073621.368640_KR_webconnectivity_27522965ae142a03
http://www.wluml.org/,ok,https://explorer.ooni.org/m/20260313073641.415848_KR_webconnectivity_8930c087545b4761
http://www.wnd.com/,ok,https://explorer.ooni.org/m/20260313073654.988784_KR_webconnectivity_2252bfb8b1552dd9
https://www.womankind.org.uk/,ok,https://explorer.ooni.org/m/20260313073659.252923_KR_webconnectivity_3b76b61045e34b47
http://www.women21.or.kr/,ok,https://explorer.ooni.org/m/20260313073707.733075_KR_webconnectivity_b88ff1756f8d5f38
https://www.womenforafghanwomen.org/,ok,https://explorer.ooni.org/m/20260313073723.394267_KR_webconnectivity_9a6a0a54e0c17252
http://www.womenforpeaceandjustice.org/,ok,https://explorer.ooni.org/m/20260313073732.152332_KR_webconnectivity_ce1a5f81f7b16eb9
https://www.womenforwomen.org/,ok,https://explorer.ooni.org/m/20260313073746.590049_KR_webconnectivity_97ee4b4658351670
http://www.womenlink.or.kr/,ok,https://explorer.ooni.org/m/20260313073802.229950_KR_webconnectivity_7a5d82006c5cbd9a
http://www.womennews.co.kr/,ok,https://explorer.ooni.org/m/20260313073820.772066_KR_webconnectivity_4935c23c6e88ee49
https://www.womenonwaves.org/,dns,https://explorer.ooni.org/m/20260313073823.483001_KR_webconnectivity_9cd38600a157b03a
https://www.womenonweb.org/,dns,https://explorer.ooni.org/m/20260313073824.759040_KR_webconnectivity_aedaefa573805261
https://www.womenpeacemakersprogram.org/,ok,https://explorer.ooni.org/m/20260313073841.661725_KR_webconnectivity_f2dd455d3827980f
http://www.womensmediacenter.com/,ok,https://explorer.ooni.org/m/20260313073904.909478_KR_webconnectivity_99f928add9dc0535
http://www.womenvoters.or.kr/,ok,https://explorer.ooni.org/m/20260313073918.846742_KR_webconnectivity_d0dd8fc7b44d0c6a
http://www.worldcoalition.org/,ok,https://explorer.ooni.org/m/20260313073938.294137_KR_webconnectivity_9174c3d5a4ea59b9
https://www.wsj.com/,ok,https://explorer.ooni.org/m/20260313073942.420586_KR_webconnectivity_31f88b6e32c5c4fc
http://www.xinhuanet.com/,ok,https://explorer.ooni.org/m/20260313074001.225176_KR_webconnectivity_b8086cb158dd6ed2
https://www.yellowhammerfund.org/,ok,https://explorer.ooni.org/m/20260313074012.104206_KR_webconnectivity_40ce11646e0f361d
http://www.yonhapnews.co.kr/,ok,https://explorer.ooni.org/m/20260313074032.468517_KR_webconnectivity_806a2f10498303a0
http://www.zdnetasia.com/,ok,https://explorer.ooni.org/m/20260313074046.717064_KR_webconnectivity_b7cf06d4bfd982c7
"http://www.zdnetasia.com/downloads/pc/swinfo/0,39043052,39222404s,00.htm",ok,https://explorer.ooni.org/m/20260313074103.414484_KR_webconnectivity_e93d62c147ee832a
http://www.zeit.de/,ok,https://explorer.ooni.org/m/20260313074116.966789_KR_webconnectivity_015a6b45948a8632
http://xxx.lanl.gov/,dns,https://explorer.ooni.org/m/20260313074133.174353_KR_webconnectivity_ae63130b47961454
https://yggdrasil-network.github.io/,dns,https://explorer.ooni.org/m/20260313074136.953968_KR_webconnectivity_f893501944c52bdf
http://yolsa.org/,ok,https://explorer.ooni.org/m/20260313074142.749072_KR_webconnectivity_b64704ce42c07f17
http://ytimes.org/,ok,https://explorer.ooni.org/m/20260313074205.330448_KR_webconnectivity_fac1c64cac4e27d1
https://zenvpn.net/,dns,https://explorer.ooni.org/m/20260313074206.444403_KR_webconnectivity_ae3c830c4c62881d
https://9gag.com/,dns,https://explorer.ooni.org/m/20260313074207.780670_KR_webconnectivity_f2798e0435063d91
https://abs.twimg.com/sticky/default_profile_images/default_profile_normal.png,ok,https://explorer.ooni.org/m/20260313074209.579257_KR_webconnectivity_96bfb3550a868aa2
https://adium.im/,http-failure,https://explorer.ooni.org/m/20260313074228.457851_KR_webconnectivity_2a4c89b4f1302f4e
https://badoo.com/,dns,https://explorer.ooni.org/m/20260313074229.291555_KR_webconnectivity_63fa6402ea48b542
http://blogmarks.net/,dns,https://explorer.ooni.org/m/20260313074230.475664_KR_webconnectivity_6196b5b89073896f
https://bsky.app/,ok,https://explorer.ooni.org/m/20260313074236.560178_KR_webconnectivity_ca086c515aa05013
https://cdn.fbsbx.com/favicon.ico,dns,https://explorer.ooni.org/m/20260313074237.295313_KR_webconnectivity_66d360a2ad32a9ec
https://clubhouse.pubnub.com/,ok,https://explorer.ooni.org/m/20260313074239.824505_KR_webconnectivity_c90e422b3d9ca532
https://ebuddy.com/,ok,https://explorer.ooni.org/m/20260313074243.011328_KR_webconnectivity_691494da85a47c10
https://edge-chat.instagram.com/robots.txt,ok,https://explorer.ooni.org/m/20260313074245.843796_KR_webconnectivity_394d3336679521f8
https://edge-mqtt.facebook.com/favicon.ico,ok,https://explorer.ooni.org/m/20260313074247.833228_KR_webconnectivity_6cd526d6285b2dc2
https://elpha.com/,error,https://explorer.ooni.org/m/20260313074250.135106_KR_webconnectivity_236353668d44feca
https://external.xx.fbcdn.net/robots.txt,ok,https://explorer.ooni.org/m/20260313074253.078223_KR_webconnectivity_8d1864a2f8806317
https://fbcdn.net/robots.txt,ok,https://explorer.ooni.org/m/20260313074256.296246_KR_webconnectivity_2a07b2331074def5
https://foursquare.com/,ok,https://explorer.ooni.org/m/20260313074315.890738_KR_webconnectivity_bc4790d391f91917
http://friend.com.kp/,dns,https://explorer.ooni.org/m/20260313074320.459005_KR_webconnectivity_bc2f5f57bcf95ad0
https://gab.com/,ok,https://explorer.ooni.org/m/20260313074324.056589_KR_webconnectivity_70ac9041ed8c7e52
https://gettr.com/,ok,https://explorer.ooni.org/m/20260313074327.438818_KR_webconnectivity_2fb98ef0d4d4cf36
https://groups.google.com/,ok,https://explorer.ooni.org/m/20260313074345.573956_KR_webconnectivity_250510563d87de74
https://i.instagram.com/robots.txt,ok,https://explorer.ooni.org/m/20260313074350.902350_KR_webconnectivity_26bb5a6192173ec3
https://i.pinimg.com/236x/78/6e/00/786e00eab219eca59803d118fbe0feb3.jpg,ok,https://explorer.ooni.org/m/20260313074353.402892_KR_webconnectivity_891bc281d74098e2
https://instagram.fsaw1-13.fna.fbcdn.net/favicon.ico,ok,https://explorer.ooni.org/m/20260313074356.963492_KR_webconnectivity_250f762850963393
https://joinmastodon.org/,ok,https://explorer.ooni.org/m/20260313074408.830191_KR_webconnectivity_7c87c91f374b5f3e
https://locals.com/,ok,https://explorer.ooni.org/m/20260313074422.211698_KR_webconnectivity_6c860ed0689f9f11
https://lookaside.facebook.com/robots.txt,ok,https://explorer.ooni.org/m/20260313074426.849404_KR_webconnectivity_c8c5d1eff78e68c1
https://mastodon.cloud/,ok,https://explorer.ooni.org/m/20260313074430.221878_KR_webconnectivity_f8ae0e7b5f5d0edb
https://mastodon.sdf.org/,ok,https://explorer.ooni.org/m/20260313074435.481537_KR_webconnectivity_fb8f74ab3bbc81c2
https://mastodon.social/,ok,https://explorer.ooni.org/m/20260313074443.492831_KR_webconnectivity_684ff0f15b54c975
https://mastodon.xyz/,ok,https://explorer.ooni.org/m/20260313074451.357827_KR_webconnectivity_0a25d15d0faa9c4a
https://mstdn.io/,ok,https://explorer.ooni.org/m/20260313074458.460995_KR_webconnectivity_19efe7982913c466
https://mstdn.jp/,ok,https://explorer.ooni.org/m/20260313074504.075627_KR_webconnectivity_26f1a29649950e5c
https://myspace.com/,error,https://explorer.ooni.org/m/20260313074505.429735_KR_webconnectivity_1a2df56e7aa71cb1
https://ntc.party/,dns,https://explorer.ooni.org/m/20260313074506.826841_KR_webconnectivity_72329970401ad010
https://pbs.twimg.com/profile_images/941658150889054208/lFeD3554_200x200.jpg,ok,https://explorer.ooni.org/m/20260313074510.161701_KR_webconnectivity_cb05008af9b705f7
https://pixelfed.social/,ok,https://explorer.ooni.org/m/20260313074513.028344_KR_webconnectivity_44c58677252fc57c
https://plus.im/,ok,https://explorer.ooni.org/m/20260313074517.534503_KR_webconnectivity_7c9472c786f665ed
https://preview.redd.it/robots.txt,ok,https://explorer.ooni.org/m/20260313074519.134186_KR_webconnectivity_77ffbe68a2ec2461
https://qph.fs.quoracdn.net/main-thumb-1117688072-200-uijiqfjcmlvaxczdrlawbgyaomfocdnt.jpeg,ok,https://explorer.ooni.org/m/20260313074521.936418_KR_webconnectivity_a386042abd65384d
https://qsbr.fs.quoracdn.net/-4-web.entry.js.out-34-8f7d03da0b7a24ae.webpack,ok,https://explorer.ooni.org/m/20260313074525.830310_KR_webconnectivity_042d9674567b02f6
https://s.pinimg.com/robots.txt,ok,https://explorer.ooni.org/m/20260313074528.118708_KR_webconnectivity_e15d610935a69a7a
https://scontent-ams4-1.cdninstagram.com/favicon.ico,ok,https://explorer.ooni.org/m/20260313074531.966804_KR_webconnectivity_03ea8b919d161046
https://scontent-frt3-2.cdninstagram.com/favicon.ico,ok,https://explorer.ooni.org/m/20260313074532.700694_KR_webconnectivity_d39b08faedafe28a
https://scontent-vie1-1.cdninstagram.com/favicon.ico,ok,https://explorer.ooni.org/m/20260313074536.773066_KR_webconnectivity_00b483f22112033f
https://scontent.cdninstagram.com/robots.txt,ok,https://explorer.ooni.org/m/20260313074539.757515_KR_webconnectivity_769ad0fdb92863f3
https://scontent.xx.fbcdn.net/robots.txt,ok,https://explorer.ooni.org/m/20260313074543.268020_KR_webconnectivity_4a1b173b5700f749
https://secondlife.com/,dns,https://explorer.ooni.org/m/20260313074544.319032_KR_webconnectivity_c96792cfed501d45
https://static.cdninstagram.com/robots.txt,ok,https://explorer.ooni.org/m/20260313074546.680770_KR_webconnectivity_9f4784e2fe001dbb
https://static.xx.fbcdn.net/favicon.ico,ok,https://explorer.ooni.org/m/20260313074600.800376_KR_webconnectivity_59df66d8c04c0925
https://staticxx.facebook.com/robots.txt,ok,https://explorer.ooni.org/m/20260313074603.076988_KR_webconnectivity_68c4b3262bf9aaec
https://styles.redditmedia.com/robots.txt,ok,https://explorer.ooni.org/m/20260313074604.803916_KR_webconnectivity_b0845cd0f61f3b6e
https://tinder.com/,dns,https://explorer.ooni.org/m/20260313074605.991491_KR_webconnectivity_52bd18f6a79d97d1
https://triller.co/,error,https://explorer.ooni.org/m/20260313074607.908168_KR_webconnectivity_4d8730035c2fd797
https://untappd.com/,ok,https://explorer.ooni.org/m/20260313074617.312352_KR_webconnectivity_92884f4767607841
https://upload.twitter.com/robots.txt,ok,https://explorer.ooni.org/m/20260313074618.813543_KR_webconnectivity_9357f800c5b8f354
https://valence.community/,ok,https://explorer.ooni.org/m/20260313074621.563723_KR_webconnectivity_7cffcb9959816fba
https://video.cdninstagram.com/favicon.ico,ok,https://explorer.ooni.org/m/20260313074624.017338_KR_webconnectivity_d37e1d747c93ab26
https://video.twimg.com/tweet_video/EC6DSXDXsAEhHAa.mp4,ok,https://explorer.ooni.org/m/20260313074632.358470_KR_webconnectivity_20a7af58c0237957
https://vk.com/,ok,https://explorer.ooni.org/m/20260313074647.449455_KR_webconnectivity_24609fc4115a8b54
https://web.facebook.com/robots.txt,ok,https://explorer.ooni.org/m/20260313074650.980248_KR_webconnectivity_f9969a92f009d8cf
https://weibo.com/,ok,https://explorer.ooni.org/m/20260313074656.964251_KR_webconnectivity_b1b6ab0ffb1d9230
https://www.4chan.org/,dns,https://explorer.ooni.org/m/20260313074658.352085_KR_webconnectivity_63980f5f4295e207
https://www.clubhouse.com/,ok,https://explorer.ooni.org/m/20260313074702.320256_KR_webconnectivity_f6534c120cc7d452
https://www.clubhouseapi.com/,ok,https://explorer.ooni.org/m/20260313074704.204965_KR_webconnectivity_5cf347eff9904b15
https://www.douyin.com/,ok,https://explorer.ooni.org/m/20260313074710.789780_KR_webconnectivity_b849ae4975a092f3
https://www.hootsuite.com/,ok,https://explorer.ooni.org/m/20260313074722.048805_KR_webconnectivity_d4c47fc5cf0c80ca
https://www.imqq.com/,ok,https://explorer.ooni.org/m/20260313074728.765164_KR_webconnectivity_191a10eedb071d00
https://www.joinclubhouse.com/,ok,https://explorer.ooni.org/m/20260313074731.646794_KR_webconnectivity_8fff7b0e57b84692
https://www.linkedin.com/,ok,https://explorer.ooni.org/m/20260313074742.871259_KR_webconnectivity_31b3e0727042010c
https://www.meetme.com/,dns,https://explorer.ooni.org/m/20260313074744.019554_KR_webconnectivity_6d57625f7eeaebcc
https://www.meetup.com/,dns,https://explorer.ooni.org/m/20260313074744.924296_KR_webconnectivity_654af5908b4052e6
https://www.minds.com/,ok,https://explorer.ooni.org/m/20260313074800.080312_KR_webconnectivity_6a655604cb464d1d
https://www.ning.com/,ok,https://explorer.ooni.org/m/20260313074814.185818_KR_webconnectivity_dcdca03ac82881d3
https://www.patreon.com/,ok,https://explorer.ooni.org/m/20260313074822.339600_KR_webconnectivity_dd9cdb4435aa2d00
https://www.quora.com/,ok,https://explorer.ooni.org/m/20260313074824.401140_KR_webconnectivity_9696a96f33f5378f
https://www.redditstatic.com/robots.txt,ok,https://explorer.ooni.org/m/20260313074826.599621_KR_webconnectivity_55570c1f57c365c7
https://www.trendsmap.com/,tcp_ip,https://explorer.ooni.org/m/20260313074827.801440_KR_webconnectivity_c9742c6c3e8cbbf5
https://www.worldpulse.com/,ok,https://explorer.ooni.org/m/20260313074831.787680_KR_webconnectivity_fe61ae99a80b4b4b
https://www.yelp.com/,ok,https://explorer.ooni.org/m/20260313074844.600591_KR_webconnectivity_b97f9751f7e2a48b
https://www.yubo.live/,ok,https://explorer.ooni.org/m/20260313074849.608580_KR_webconnectivity_cadddca750dfb269
http://adb.org/,ok,https://explorer.ooni.org/m/20260313074907.908785_KR_webconnectivity_01862595ab20aabe
https://albiononline.com/,dns,https://explorer.ooni.org/m/20260313074909.396837_KR_webconnectivity_2c64f4bcb523ff37
https://alignpay.com/,dns,https://explorer.ooni.org/m/20260313074925.517227_KR_webconnectivity_07c332c1c1465dca
https://api.revenuecat.com/,ok,https://explorer.ooni.org/m/20260313074940.866355_KR_webconnectivity_ff91889ee126791a
https://apis.google.com/robots.txt,ok,https://explorer.ooni.org/m/20260313074955.548607_KR_webconnectivity_aef0e534bbf7d930
http://archive.ubuntu.com/,ok,https://explorer.ooni.org/m/20260313075013.059103_KR_webconnectivity_b0ab775566bce41a
https://astalavista.box.sk/,dns,https://explorer.ooni.org/m/20260313075015.190406_KR_webconnectivity_61d36da50937dcee
https://attrition.org/,ok,https://explorer.ooni.org/m/20260313075019.356655_KR_webconnectivity_2988f628a570af15
https://beacondb.net/,ok,https://explorer.ooni.org/m/20260313075023.648610_KR_webconnectivity_31e50911278ad25f
https://bitcoin.org/,dns,https://explorer.ooni.org/m/20260313075025.039112_KR_webconnectivity_bbf21bc09632acc1
https://bitcoin.sipa.be/,dns,https://explorer.ooni.org/m/20260313075026.623480_KR_webconnectivity_a5806230ce481454
https://blockdx.co/,error,https://explorer.ooni.org/m/20260313075029.063585_KR_webconnectivity_e6a9c90a9bb43883
https://blog.counter-strike.net/,dns,https://explorer.ooni.org/m/20260313075033.096416_KR_webconnectivity_3ea4922b327fc8fb
https://blog.mozilla.org/,ok,https://explorer.ooni.org/m/20260313075045.214592_KR_webconnectivity_d12f5d333ccb11bf
https://bogus.d2a8n1.rootcanary.net/,ok,https://explorer.ooni.org/m/20260313075048.723852_KR_webconnectivity_a37db520a6d6c62d
https://brave.com/,ok,https://explorer.ooni.org/m/20260313075100.452830_KR_webconnectivity_39975f02d30ae513
https://bughunters.google.com/,ok,https://explorer.ooni.org/m/20260313075104.915877_KR_webconnectivity_64658b6d9a4db75d
https://cdnjs.com/,ok,https://explorer.ooni.org/m/20260313075110.849439_KR_webconnectivity_cbaa4d728068ccdf
http://clients3.google.com/generate_204,ok,https://explorer.ooni.org/m/20260313075112.796803_KR_webconnectivity_5cb07e3e7f4665e0
https://clients5.google.com/robots.txt,ok,https://explorer.ooni.org/m/20260313075116.513866_KR_webconnectivity_33ae84d86bc6903c
https://coinmarketcap.com/,dns,https://explorer.ooni.org/m/20260313075118.199010_KR_webconnectivity_e9603039582f1e2c
https://company.wizards.com/,dns,https://explorer.ooni.org/m/20260313075118.976196_KR_webconnectivity_56a0b39dcb48b478
http://connect.rom.miui.com/generate_204,ok,https://explorer.ooni.org/m/20260313075121.232003_KR_webconnectivity_7cf4932433e6506a
http://connectivitycheck.android.com/generate_204,ok,https://explorer.ooni.org/m/20260313075123.566455_KR_webconnectivity_bec285033d39c851
http://connectivitycheck.gstatic.com/generate_204,ok,https://explorer.ooni.org/m/20260313075125.868019_KR_webconnectivity_2a17718064ba6528
https://cultdeadcow.com/,dns,https://explorer.ooni.org/m/20260313075127.331608_KR_webconnectivity_6ae4f69c57241550
https://dashjr.org/,dns,https://explorer.ooni.org/m/20260313075129.041261_KR_webconnectivity_44956c45d1ec070f
https://defcon.org/,error,https://explorer.ooni.org/m/20260313075150.571172_KR_webconnectivity_425e086be3a4363e
http://detectportal.firefox.com/success.txt,ok,https://explorer.ooni.org/m/20260313075151.375716_KR_webconnectivity_3ad0d759f798ff32
https://dnsleaktest.com/,dns,https://explorer.ooni.org/m/20260313075152.914006_KR_webconnectivity_a870618e7258fccf
https://dnsviz.net/,ok,https://explorer.ooni.org/m/20260313075157.127385_KR_webconnectivity_5d6de87d1137355b
https://doubleclick.net/,ok,https://explorer.ooni.org/m/20260313075209.703139_KR_webconnectivity_c9e94a23b38adc0f
https://earth.google.com/web/,ok,https://explorer.ooni.org/m/20260313075213.699788_KR_webconnectivity_1d6594ba045f40e3
https://electrum.org/,dns,https://explorer.ooni.org/m/20260313075215.180438_KR_webconnectivity_763e44dd305587a8
https://en.miui.com/,ok,https://explorer.ooni.org/m/20260313075229.568668_KR_webconnectivity_ed80343ca37e39b2
https://epicgames.com/,dns,https://explorer.ooni.org/m/20260313075230.990589_KR_webconnectivity_a5413455ce604af6
https://etherscan.io/,dns,https://explorer.ooni.org/m/20260313075231.756733_KR_webconnectivity_df4aba0f9803f140
https://fedoramagazine.org/,ok,https://explorer.ooni.org/m/20260313075244.201262_KR_webconnectivity_568e0f440c3eae07
https://gamersclub.gg/,dns,https://explorer.ooni.org/m/20260313075245.219597_KR_webconnectivity_71200c802fb26ce5
https://giganews.com/,dns,https://explorer.ooni.org/m/20260313075246.449448_KR_webconnectivity_47c09d0daa36e3bf
http://gmarket.co.kr/,ok,https://explorer.ooni.org/m/20260313075250.046467_KR_webconnectivity_3b6ece5475df91b8
https://hodlhodl.com/,ok,https://explorer.ooni.org/m/20260313075258.762688_KR_webconnectivity_1f0ed1ecbc36bd72
https://insecure.org/,ok,https://explorer.ooni.org/m/20260313075305.701233_KR_webconnectivity_407672f7071a70c4
https://kh.google.com/rt/earth/PlanetoidMetadata,ok,https://explorer.ooni.org/m/20260313075309.807395_KR_webconnectivity_ee89f60417275bac
https://khms0.google.com/kh/v=908?x=81&y=103&z=8,ok,https://explorer.ooni.org/m/20260313075313.098852_KR_webconnectivity_871396a9c5dd3c47
https://khms1.google.com/kh/v=908?x=327&y=414&z=10,ok,https://explorer.ooni.org/m/20260313075316.910902_KR_webconnectivity_2edef04a7a4a479f
http://knic.com.kp/,dns,https://explorer.ooni.org/m/20260313075321.134296_KR_webconnectivity_be63bfdb19cf5843
https://krunker.io/,dns,https://explorer.ooni.org/m/20260313075322.734158_KR_webconnectivity_e5950756b9f7f3b9
https://localmonero.co/,ok,https://explorer.ooni.org/m/20260313075337.052405_KR_webconnectivity_3cd6b1226e18914e
https://maps.gstatic.com/tactile/basepage/grid-image.png,ok,https://explorer.ooni.org/m/20260313075340.081436_KR_webconnectivity_c99a05d6e4b5c014
https://matcha.xyz/,dns,https://explorer.ooni.org/m/20260313075340.833031_KR_webconnectivity_7332fd09885828cc
https://metasploit.com/,ok,https://explorer.ooni.org/m/20260313075347.484550_KR_webconnectivity_43e336845e696f23
https://moodle.org/,ok,https://explorer.ooni.org/m/20260313075403.814920_KR_webconnectivity_65e327ca8355948a
https://nemtudo.me/,dns,https://explorer.ooni.org/m/20260313075404.575823_KR_webconnectivity_6fb1990d67b5852f
http://networkcheck.kde.org/,ok,https://explorer.ooni.org/m/20260313075405.750437_KR_webconnectivity_5d22ec0c23c84c42
https://nmap.org/,ok,https://explorer.ooni.org/m/20260313075409.702788_KR_webconnectivity_130b033d5f06e5d4
http://nmcheck.gnome.org/check_network_status.txt,ok,https://explorer.ooni.org/m/20260313075412.281838_KR_webconnectivity_45ac4002bdbcc371
https://o0.ingest.sentry.io/api/0,ok,https://explorer.ooni.org/m/20260313075414.127768_KR_webconnectivity_4338160ace111d49
http://opportunity.org/,ok,https://explorer.ooni.org/m/20260313075416.895441_KR_webconnectivity_5ce40b21208f7e48
https://packetstormsecurity.com/,ok,https://explorer.ooni.org/m/20260313075424.799860_KR_webconnectivity_e6e33bf1299a4c8b
http://phrack.org/,dns,https://explorer.ooni.org/m/20260313075425.881646_KR_webconnectivity_7944eac7689663c3
http://ping.archlinux.org/,ok,https://explorer.ooni.org/m/20260313075427.744210_KR_webconnectivity_89b97160941677fb
https://plan-uk.org/,ok,https://explorer.ooni.org/m/20260313075438.422102_KR_webconnectivity_630269d8a8042065
https://poki.com/,dns,https://explorer.ooni.org/m/20260313075439.506543_KR_webconnectivity_9fe39157bea3a5f5
https://repo1.maven.org/,ok,https://explorer.ooni.org/m/20260313075440.874544_KR_webconnectivity_6c65fc4dde15ab10
https://root-key-sentinel-is-ta-20326.d2a8n3.rootcanary.net/,ok,https://explorer.ooni.org/m/20260313075444.175408_KR_webconnectivity_4ae85a36070bd5f1
https://root-key-sentinel-is-ta-38696.d2a8n3.rootcanary.net/,ok,https://explorer.ooni.org/m/20260313075448.116408_KR_webconnectivity_29d4e6a29c7547ce
https://root-key-sentinel-not-ta-20326.d2a8n3.rootcanary.net/,ok,https://explorer.ooni.org/m/20260313075453.430264_KR_webconnectivity_c066e2083098c023
https://root-key-sentinel-not-ta-38696.d2a8n3.rootcanary.net/,ok,https://explorer.ooni.org/m/20260313075458.146144_KR_webconnectivity_7bf05339cb5033e2
https://s3.amazonaws.com/ooni-data/archives-raw/yaml_tar_vault.json,ok,https://explorer.ooni.org/m/20260313075507.988397_KR_webconnectivity_d64b775b7297df53
https://seclists.org/,ok,https://explorer.ooni.org/m/20260313075522.681374_KR_webconnectivity_f122106c393b829c
https://sentry.io/api/0/,ok,https://explorer.ooni.org/m/20260313075524.118076_KR_webconnectivity_7f1608d533f1d9d3
https://sourceforge.net/projects/loic/,ok,https://explorer.ooni.org/m/20260313075538.413813_KR_webconnectivity_1cedcee6674420dd
http://start.ubuntu.com/connectivity-check.html,ok,https://explorer.ooni.org/m/20260313075540.784978_KR_webconnectivity_15c0f48856c478de
https://store.epicgames.com/,dns,https://explorer.ooni.org/m/20260313075541.961764_KR_webconnectivity_a54f0869ab2fee18
https://store.steampowered.com/,dns,https://explorer.ooni.org/m/20260313075543.036969_KR_webconnectivity_3d4d90cf449ad159
https://swift.org/,ok,https://explorer.ooni.org/m/20260313075545.141311_KR_webconnectivity_95eee3dcd0c15cc2
https://thehackernews.com/,ok,https://explorer.ooni.org/m/20260313075556.696883_KR_webconnectivity_acaeaca7c3ebca0f
https://tigerweb.ru/,ok,https://explorer.ooni.org/m/20260313075612.759681_KR_webconnectivity_8a726de887bfdadc
https://tlauncher.org/,dns,https://explorer.ooni.org/m/20260313075613.811039_KR_webconnectivity_cedb45b516da4912
https://toolbox.googleapps.com/,ok,https://explorer.ooni.org/m/20260313075619.759673_KR_webconnectivity_d68d4b6fc7ede3d9
https://totaljerkface.com/,dns,https://explorer.ooni.org/m/20260313075620.828555_KR_webconnectivity_1977db5a6a1f4193
https://trisquel.info/,ok,https://explorer.ooni.org/m/20260313075643.537971_KR_webconnectivity_683fe687b0af9623
https://uphold.com/,dns,https://explorer.ooni.org/m/20260313075644.697897_KR_webconnectivity_15ca43dc06bfb6ca
https://use-application-dns.net/,ok,https://explorer.ooni.org/m/20260313075655.243247_KR_webconnectivity_d568375447bf1676
https://wasabiwallet.io/,ok,https://explorer.ooni.org/m/20260313075707.923222_KR_webconnectivity_ee0429f736b4d741
https://wkkf.org/,ok,https://explorer.ooni.org/m/20260313075716.734057_KR_webconnectivity_2d0fb0e81bda405d
https://worldofwarcraft.com/,dns,https://explorer.ooni.org/m/20260313075719.712399_KR_webconnectivity_5b29fe34e1a5e11a
http://wowbogo.net/,ok,https://explorer.ooni.org/m/20260313075721.275260_KR_webconnectivity_98685a8cd4babd5f
http://www.11st.co.kr/,ok,https://explorer.ooni.org/m/20260313075724.508890_KR_webconnectivity_d200efc658d3d3b7
https://www.2600.com/,dns,https://explorer.ooni.org/m/20260313075728.745901_KR_webconnectivity_c63fc1bd5e95a76c
https://www.airbnb.co.kr/,ok,https://explorer.ooni.org/m/20260313075743.562858_KR_webconnectivity_e296138765d6e22b
https://www.akdn.org/,ok,https://explorer.ooni.org/m/20260313075801.520141_KR_webconnectivity_6de68b8138a7590c
https://www.amazon.com/,ok,https://explorer.ooni.org/m/20260313075804.616428_KR_webconnectivity_ac4d550760b90fd8
http://www.apple.com/library/test/success.html,ok,https://explorer.ooni.org/m/20260313075806.117108_KR_webconnectivity_bdb296b7f1179b17
https://www.apple.com/,ok,https://explorer.ooni.org/m/20260313075817.799828_KR_webconnectivity_37b937d686402048
http://www.auction.co.kr/,ok,https://explorer.ooni.org/m/20260313075819.571315_KR_webconnectivity_c07160ad50b575c7
https://www.babbel.com/,ok,https://explorer.ooni.org/m/20260313075833.755476_KR_webconnectivity_7988055307bb4080
http://www.barnesandnoble.com/,error,https://explorer.ooni.org/m/20260313075934.083609_KR_webconnectivity_5bc23e6e1f97c8d1
https://www.binance.com/,dns,https://explorer.ooni.org/m/20260313075935.097606_KR_webconnectivity_7a75194ff6cdf488
https://www.bitfinex.com/,dns,https://explorer.ooni.org/m/20260313075936.493957_KR_webconnectivity_4636e58581f2a7ce
http://www.blackhat.be/,dns,https://explorer.ooni.org/m/20260313075937.795573_KR_webconnectivity_078c543bd973bdf8
https://www.blizzard.com/,dns,https://explorer.ooni.org/m/20260313075939.029093_KR_webconnectivity_02cb6980cf15fc7d
https://www.blockchain.com/,dns,https://explorer.ooni.org/m/20260313075940.167340_KR_webconnectivity_fe0191434d91fa13
http://www.bobaedream.co.kr/,ok,https://explorer.ooni.org/m/20260313075948.215413_KR_webconnectivity_e79c6d14d022f8e2
https://www.care.org/,ok,https://explorer.ooni.org/m/20260313080003.852153_KR_webconnectivity_94df6f6800f72503
https://www.ccc.de/,ok,https://explorer.ooni.org/m/20260313080008.152979_KR_webconnectivity_1917ae32d651a84f
http://www.ccej.or.kr/,ok,https://explorer.ooni.org/m/20260313080025.184911_KR_webconnectivity_0eb4715c0af503ac
https://www.chess.com/,dns,https://explorer.ooni.org/m/20260313080026.536216_KR_webconnectivity_7281217d6f3312a9
https://www.chromium.org/,ok,https://explorer.ooni.org/m/20260313080028.224413_KR_webconnectivity_b7c332777fe371ca
https://www.coinbase.com/,dns,https://explorer.ooni.org/m/20260313080029.187589_KR_webconnectivity_f0d49b0b0685f785
https://www.coinex.com/,dns,https://explorer.ooni.org/m/20260313080030.434740_KR_webconnectivity_28d95cd154685c6f
https://www.common-fund.org/,ok,https://explorer.ooni.org/m/20260313080042.106779_KR_webconnectivity_a6a34eab84c63f18
https://www.concern.net/,ok,https://explorer.ooni.org/m/20260313080056.026226_KR_webconnectivity_8b5275ee10ff3d29
https://www.coolmathgames.com/,dns,https://explorer.ooni.org/m/20260313080057.123194_KR_webconnectivity_bfc408c3522ba638
https://www.craigslist.org/,dns,https://explorer.ooni.org/m/20260313080100.554212_KR_webconnectivity_604c1164e8606fd7
https://www.crs.org/,ok,https://explorer.ooni.org/m/20260313080103.170613_KR_webconnectivity_70570c96814dd776
http://www.cyber-pirates.org/,ok,https://explorer.ooni.org/m/20260313080127.568531_KR_webconnectivity_3d2b4af09ed3b842
https://www.darknet.org.uk/,dns,https://explorer.ooni.org/m/20260313080129.466177_KR_webconnectivity_7449642241607bd9
https://www.ddo.com/,dns,https://explorer.ooni.org/m/20260313080131.499780_KR_webconnectivity_5af4659d0bb3ce3e
https://www.ea.com/,dns,https://explorer.ooni.org/m/20260313080132.839909_KR_webconnectivity_4aa3097a9fd6d785
https://www.ebay.com/,ok,https://explorer.ooni.org/m/20260313080149.463468_KR_webconnectivity_89b648399f7ee6e5
https://www.eccouncil.org/,ok,https://explorer.ooni.org/m/20260313080200.747463_KR_webconnectivity_e2e5efedd3f1e2f7
https://www.episcopalrelief.org/,ok,https://explorer.ooni.org/m/20260313080212.110473_KR_webconnectivity_f14bc6c5138471ab
https://www.eveonline.com/,dns,https://explorer.ooni.org/m/20260313080213.343870_KR_webconnectivity_78e868c3d7d215a0
https://www.exploit-db.com/,dns,https://explorer.ooni.org/m/20260313080214.572048_KR_webconnectivity_a5f6919b8d55faed
https://www.f-list.net/,dns,https://explorer.ooni.org/m/20260313080215.873490_KR_webconnectivity_c93522f86d078bc5
http://www.feedtheminds.org/,tcp_ip,https://explorer.ooni.org/m/20260313080216.991064_KR_webconnectivity_f67d3804daaa5cd9
http://www.fki.or.kr/,ok,https://explorer.ooni.org/m/20260313080219.579613_KR_webconnectivity_55947d376d47f1d3
https://www.g5.com/,dns,https://explorer.ooni.org/m/20260313080222.355220_KR_webconnectivity_01dd7f038374410b
https://www.gamespot.com/,dns,https://explorer.ooni.org/m/20260313080223.447455_KR_webconnectivity_39b34478c2dbb1ed
https://www.gazprombank.ru/,ok,https://explorer.ooni.org/m/20260313080238.918360_KR_webconnectivity_9d1a8cb21c51b96d
https://www.genymotion.com/,ok,https://explorer.ooni.org/m/20260313080247.772867_KR_webconnectivity_c148acdd66255d6a
https://www.globalgiving.org/,ok,https://explorer.ooni.org/m/20260313080252.488252_KR_webconnectivity_56a5a78bbe6f11e2
https://www.gofundme.com/,ok,https://explorer.ooni.org/m/20260313080311.263654_KR_webconnectivity_3470cb91e9f05e28
https://www.gog.com/,dns,https://explorer.ooni.org/m/20260313080313.103429_KR_webconnectivity_7ec109464c1862b2
https://www.groupon.com/,ok,https://explorer.ooni.org/m/20260313080316.834956_KR_webconnectivity_c46a1bf0385164a9
https://www.guildwars.com/,dns,https://explorer.ooni.org/m/20260313080318.076969_KR_webconnectivity_1c89a17a0396f4ad
https://www.habbo.com/,dns,https://explorer.ooni.org/m/20260313080319.409403_KR_webconnectivity_b06aca44cebe5696
http://www.hackforums.net/,dns,https://explorer.ooni.org/m/20260313080320.662519_KR_webconnectivity_958e4e11131acc94
http://www.hackhull.com/,dns,https://explorer.ooni.org/m/20260313080321.679806_KR_webconnectivity_81d03e1304623537
http://www.hackinthebox.org/,tcp_ip,https://explorer.ooni.org/m/20260313080329.808374_KR_webconnectivity_abc13638ca77fbfc
http://www.hacktivismo.com/,dns,https://explorer.ooni.org/m/20260313080331.002572_KR_webconnectivity_6a1405317c22bf4e
https://www.helvetas.ch/,ok,https://explorer.ooni.org/m/20260313080346.834978_KR_webconnectivity_bbe441bb29ae1db6
https://www.idrc.ca/,ok,https://explorer.ooni.org/m/20260313080357.426389_KR_webconnectivity_f3735dc7f4375ad8
http://www.idsoftware.com/,dns,https://explorer.ooni.org/m/20260313080358.509754_KR_webconnectivity_5fbe866a960f38df
https://www.ifad.org/,ok,https://explorer.ooni.org/m/20260313080400.611522_KR_webconnectivity_e01784ddb0c1f85e
https://www.ifc.org/,ok,https://explorer.ooni.org/m/20260313080410.883052_KR_webconnectivity_6db409178f37fd42
https://www.imf.org/,ok,https://explorer.ooni.org/m/20260313080413.887656_KR_webconnectivity_95c6513be1feec24
https://www.international.gc.ca/,ok,https://explorer.ooni.org/m/20260313080419.166242_KR_webconnectivity_00ed7e1d205adc9c
https://www.internetsociety.org/,ok,https://explorer.ooni.org/m/20260313080444.791679_KR_webconnectivity_667029cf2f750c43
http://www.inven.co.kr/,dns,https://explorer.ooni.org/m/20260313080450.090520_KR_webconnectivity_f8b6340ff3ea65e0
https://www.kali.org/,ok,https://explorer.ooni.org/m/20260313080458.114290_KR_webconnectivity_a969f7c605458114
https://www.kbs-frb.be/,ok,https://explorer.ooni.org/m/20260313080508.825558_KR_webconnectivity_4e65b12dfd8477bf
https://www.kraken.com/,dns,https://explorer.ooni.org/m/20260313080509.783385_KR_webconnectivity_e729858582510a0f
https://www.kucoin.com/,dns,https://explorer.ooni.org/m/20260313080512.447043_KR_webconnectivity_899757c6175d1a8d
https://www.lastwar.com/,dns,https://explorer.ooni.org/m/20260313080513.127738_KR_webconnectivity_85618c8246e75546
https://www.macfound.org/,ok,https://explorer.ooni.org/m/20260313080522.752165_KR_webconnectivity_bcce4c84ac34658b
https://www.malwares.com/,ok,https://explorer.ooni.org/m/20260313080525.185810_KR_webconnectivity_e201d56958a5f751
https://www.minecraft.net/,dns,https://explorer.ooni.org/m/20260313080526.167860_KR_webconnectivity_1e06c4a9148ed3c3
http://www.msftconnecttest.com/connecttest.txt,ok,https://explorer.ooni.org/m/20260313080527.800143_KR_webconnectivity_6384a6743a8a7457
http://www.msftncsi.com/ncsi.txt,ok,https://explorer.ooni.org/m/20260313080529.089873_KR_webconnectivity_57e5cb69e7897deb
http://www.netmarble.net/,dns,https://explorer.ooni.org/m/20260313080531.660116_KR_webconnectivity_fe932bd2be987ea6
http://www.nexon.com/,dns,https://explorer.ooni.org/m/20260313080533.342361_KR_webconnectivity_9f1efdd1c37cd588
http://www.nmrc.org/,dns,https://explorer.ooni.org/m/20260313080535.842273_KR_webconnectivity_315b4ea5939b117c
https://www.origin.com/,dns,https://explorer.ooni.org/m/20260313080537.354829_KR_webconnectivity_e38b77497a1dd72e
https://www.oxfam.org/,ok,https://explorer.ooni.org/m/20260313080549.267172_KR_webconnectivity_2a5edccbb157930c
https://www.paralleleconomy.com/,ok,https://explorer.ooni.org/m/20260313080559.540217_KR_webconnectivity_34339ba15464b388
https://www.paypal.com/,ok,https://explorer.ooni.org/m/20260313080613.860299_KR_webconnectivity_fdef6bdcb0f15f5d
http://www.pcgamer.com/,dns,https://explorer.ooni.org/m/20260313080614.785512_KR_webconnectivity_8f583dad33e42d12
https://www.playstation.com/,dns,https://explorer.ooni.org/m/20260313080615.638287_KR_webconnectivity_26cacbc236348de1
http://www.pmang.com/,dns,https://explorer.ooni.org/m/20260313080616.819825_KR_webconnectivity_211a09910bc48a05
https://www.pogo.com/,dns,https://explorer.ooni.org/m/20260313080617.941742_KR_webconnectivity_fccb4992e855d030
https://www.progressio.org.uk/,ok,https://explorer.ooni.org/m/20260313080621.788092_KR_webconnectivity_f3b39d670ac8cf61
https://www.pubg.com/,dns,https://explorer.ooni.org/m/20260313080623.301121_KR_webconnectivity_9d08982c9debe3ae
https://www.rbf.org/,ok,https://explorer.ooni.org/m/20260313080626.978897_KR_webconnectivity_caacba7a2046c73c
http://www.riftgame.com/,dns,https://explorer.ooni.org/m/20260313080628.249957_KR_webconnectivity_9808acb8fea9f724
https://www.roblox.com/,dns,https://explorer.ooni.org/m/20260313080630.165338_KR_webconnectivity_4b982107bf5c78b0
http://www.rockstargames.com/,dns,https://explorer.ooni.org/m/20260313080631.430813_KR_webconnectivity_0e0a68986abc12c7
http://www.runescape.com/,dns,https://explorer.ooni.org/m/20260313080632.793834_KR_webconnectivity_a0a49dacab54b81b
http://www.sida.se/,ok,https://explorer.ooni.org/m/20260313080649.326799_KR_webconnectivity_b36f36a51bc42cd0
http://www.square-enix.com/,dns,https://explorer.ooni.org/m/20260313080650.822959_KR_webconnectivity_595665d3ed2f9783
https://www.thegeekdiary.com/,ok,https://explorer.ooni.org/m/20260313080651.482556_KR_webconnectivity_b5d29252979dd78f
https://www.uber.com/,ok,https://explorer.ooni.org/m/20260313080706.920535_KR_webconnectivity_220d71a72431a11a
https://www.ubisoft.com/,dns,https://explorer.ooni.org/m/20260313080708.616150_KR_webconnectivity_a335b114d98b58b2
http://www.unlockme.co.uk/,ok,https://explorer.ooni.org/m/20260313080711.000001_KR_webconnectivity_b5a7d16f84098261
https://www.usaid.gov/,ok,https://explorer.ooni.org/m/20260313080715.432439_KR_webconnectivity_fa1d317b1266d702
https://www.walmart.com/,ok,https://explorer.ooni.org/m/20260313080728.226158_KR_webconnectivity_e36d2d8f201e8c84
https://www.weforum.org/,ok,https://explorer.ooni.org/m/20260313080729.895113_KR_webconnectivity_a7d48a458ffb4a4a
https://www.westernunion.com/,ok,https://explorer.ooni.org/m/20260313080739.362018_KR_webconnectivity_1a591de38b412c08
https://www.wmtransfer.com/,ok,https://explorer.ooni.org/m/20260313080801.920824_KR_webconnectivity_1466e0777fd57ceb
https://www.worldbank.org/,ok,https://explorer.ooni.org/m/20260313080809.908928_KR_webconnectivity_d1ce5a5e18ce7ce6
http://www.zone-h.org/,ok,https://explorer.ooni.org/m/20260313080812.135036_KR_webconnectivity_91575100039cd0fc
https://www.xbox.com/,dns,https://explorer.ooni.org/m/20260313080810.684960_KR_webconnectivity_f3eeffd24b97ebaa
https://xe.com/,ok,https://explorer.ooni.org/m/20260313080828.248254_KR_webconnectivity_4acf858155dbe9f2
http://zipbogo.net/,confirmed,https://explorer.ooni.org/m/20260313080830.310525_KR_webconnectivity_4a53ec688c42a293
https://1337x.st/,dns,https://explorer.ooni.org/m/20260313080831.090966_KR_webconnectivity_4577a8f0a7b169b0
https://1337x.to/,dns,https://explorer.ooni.org/m/20260313080832.132928_KR_webconnectivity_3df15c716db264b7
http://4shared.com/,confirmed,https://explorer.ooni.org/m/20260313080835.059126_KR_webconnectivity_f717fbce3d3eec40
https://911truth.org/,ok,https://explorer.ooni.org/m/20260313080845.804395_KR_webconnectivity_40eded112fbc652e
https://addons.mozilla.org/,ok,https://explorer.ooni.org/m/20260313080901.401154_KR_webconnectivity_3217a336de9e3384
https://addons.opera.com/,ok,https://explorer.ooni.org/m/20260313080912.795844_KR_webconnectivity_de2c06e0d0bc9e27
https://addons.opera.com/en/extensions/,ok,https://explorer.ooni.org/m/20260313080924.456108_KR_webconnectivity_753e7deb0136f3c2
https://annas-archive.org/,dns,https://explorer.ooni.org/m/20260313080925.421254_KR_webconnectivity_a00fcb5db3329590
http://applefile.com/,dns,https://explorer.ooni.org/m/20260313080927.837130_KR_webconnectivity_b87e13043fdd2493
https://ar.m.wikipedia.org/,ok,https://explorer.ooni.org/m/20260313080944.629959_KR_webconnectivity_3650c79f10279d8c
https://ar.wikipedia.org/,ok,https://explorer.ooni.org/m/20260313080959.518519_KR_webconnectivity_73ce088a039a2041
https://archiveofourown.org/,ok,https://explorer.ooni.org/m/20260313081005.421679_KR_webconnectivity_5324b697ff51fffe
https://arxiv.org/,ok,https://explorer.ooni.org/m/20260313081010.294389_KR_webconnectivity_eff487705b226304
https://asean.org/,ok,https://explorer.ooni.org/m/20260313081011.803306_KR_webconnectivity_de6378c63bb704f1
https://bintray.com/,ok,https://explorer.ooni.org/m/20260313081023.656272_KR_webconnectivity_9b1708d28f880404
http://bitsnoop.com/,dns,https://explorer.ooni.org/m/20260313081024.689948_KR_webconnectivity_d281f961721df22c
http://bommin.net/,confirmed,https://explorer.ooni.org/m/20260313081027.017946_KR_webconnectivity_3658a240ae5cb3d8
https://ca.wikipedia.org/,ok,https://explorer.ooni.org/m/20260313081044.134263_KR_webconnectivity_4374d85f2eed284a
http://cafe.daum.net/seoulminart,ok,https://explorer.ooni.org/m/20260313081047.245255_KR_webconnectivity_e46514549cb778bf
http://cafe.naver.com/newartcafe,ok,https://explorer.ooni.org/m/20260313081102.533811_KR_webconnectivity_d50c4dbb2375e614
http://canna.to/,dns,https://explorer.ooni.org/m/20260313081103.677279_KR_webconnectivity_6643b17f3358ddd3
https://catbox.moe/,ok,https://explorer.ooni.org/m/20260313081107.821568_KR_webconnectivity_37c94dea52580fd9
https://chat.openai.com/,ok,https://explorer.ooni.org/m/20260313081109.978488_KR_webconnectivity_a7908f7506df00c3
http://chongryon.com/,confirmed,https://explorer.ooni.org/m/20260313081126.085971_KR_webconnectivity_852472a3513e6133
https://chrome.google.com/webstore/category/extensions,ok,https://explorer.ooni.org/m/20260313081142.707815_KR_webconnectivity_e622343fad90b3cc
https://chromewebstore.google.com/,ok,https://explorer.ooni.org/m/20260313081158.084270_KR_webconnectivity_1ef0f04bcc365d93
https://code.org/,ok,https://explorer.ooni.org/m/20260313081210.616827_KR_webconnectivity_2ae089f204050411
https://commons.wikimedia.org/,ok,https://explorer.ooni.org/m/20260313081223.987638_KR_webconnectivity_463df97b197f250f
https://credibilitycoalition.org/,ok,https://explorer.ooni.org/m/20260313081228.811499_KR_webconnectivity_fc6fb5cd24a8a2f0
https://crypt.ee/,ok,https://explorer.ooni.org/m/20260313081234.767747_KR_webconnectivity_42054d8b7e0f3f10
http://data.donkeyhote.co.kr/,dns,https://explorer.ooni.org/m/20260313081235.531320_KR_webconnectivity_8e5e8f75af8919cd
https://de.wikipedia.org/,ok,https://explorer.ooni.org/m/20260313081249.620276_KR_webconnectivity_7f64250d2eb21416
https://dfiles.eu/,ok,https://explorer.ooni.org/m/20260313081256.864783_KR_webconnectivity_e39d360fa37da97d
https://digg.com/,ok,https://explorer.ooni.org/m/20260313081311.856541_KR_webconnectivity_85798973907d4f68
https://docs.google.com/,ok,https://explorer.ooni.org/m/20260313081331.745806_KR_webconnectivity_ae44d6b413839def
https://download.cnet.com/,dns,https://explorer.ooni.org/m/20260313081333.075522_KR_webconnectivity_bbe26f570d9d642c
https://drive.google.com/,ok,https://explorer.ooni.org/m/20260313081348.914387_KR_webconnectivity_c3a61aed45dd3274
https://en.m.wikipedia.org/,ok,https://explorer.ooni.org/m/20260313081404.446022_KR_webconnectivity_59d793171f77e3f9
https://en.wikipedia.org/,ok,https://explorer.ooni.org/m/20260313081420.960345_KR_webconnectivity_3c4fc3cdf7a275d1
https://ente.io/,ok,https://explorer.ooni.org/m/20260313081431.148656_KR_webconnectivity_4b15d885fb2cb4b7
https://es.m.wikipedia.org/,ok,https://explorer.ooni.org/m/20260313081443.075188_KR_webconnectivity_d67689180dffd1d9
https://es.wikipedia.org/,ok,https://explorer.ooni.org/m/20260313081454.261662_KR_webconnectivity_65a60e3c5fbccb3d
https://eztv.ag/,dns,https://explorer.ooni.org/m/20260313081459.990260_KR_webconnectivity_880584b6b3e65cff
https://eztv.re/,dns,https://explorer.ooni.org/m/20260313081505.753302_KR_webconnectivity_28c0c9672b32fd42
https://f-droid.org/,ok,https://explorer.ooni.org/m/20260313081511.763255_KR_webconnectivity_68f5bad94d78a9c7
https://fdroid.tetaneutral.net/fdroid/repo,ok,https://explorer.ooni.org/m/20260313081515.950762_KR_webconnectivity_75d8f42ccc867ad5
http://file.daum.net/,ok,https://explorer.ooni.org/m/20260313081517.228558_KR_webconnectivity_16d8a069df6613d6
http://filecast.co.kr/,dns,https://explorer.ooni.org/m/20260313081520.408932_KR_webconnectivity_f6ba078a07e9c9fa
https://filen.io/,ok,https://explorer.ooni.org/m/20260313081539.047029_KR_webconnectivity_134f2049aad0a286
https://files.pythonhosted.org/,ok,https://explorer.ooni.org/m/20260313081541.867737_KR_webconnectivity_f64ae5e2ce44c38b
https://forum.mhut.org/,dns,https://explorer.ooni.org/m/20260313081557.799572_KR_webconnectivity_5b9ffe520663e4d3
https://fr.wikipedia.org/,ok,https://explorer.ooni.org/m/20260313081610.587159_KR_webconnectivity_c3f919de03017404
https://ftp.fau.de/fdroid/repo,ok,https://explorer.ooni.org/m/20260313081614.898655_KR_webconnectivity_2ae22c609bd2b042
http://gnu.rep.kp/,dns,https://explorer.ooni.org/m/20260313081618.542397_KR_webconnectivity_5d57bdbd4f1329ec
https://hackerspaces.org/,ok,https://explorer.ooni.org/m/20260313081622.819283_KR_webconnectivity_ef33c95f27e62385
http://historyedu.or.kr/,ok,https://explorer.ooni.org/m/20260313081639.757411_KR_webconnectivity_deaba6779040d41f
http://hksh.koreanhistory.or.kr/,ok,https://explorer.ooni.org/m/20260313081641.092876_KR_webconnectivity_f0ad3ed999206f04
https://i.gr-assets.com/robots.txt,ok,https://explorer.ooni.org/m/20260313081643.047117_KR_webconnectivity_4c4ab7ff7ab1bc94
https://infidels.org/,ok,https://explorer.ooni.org/m/20260313081653.943628_KR_webconnectivity_e552c72eba233fa3
https://int.soccerway.com/,http-failure,https://explorer.ooni.org/m/20260313081657.263839_KR_webconnectivity_40a450e5cd0096b7
https://intelligence.weforum.org/,ok,https://explorer.ooni.org/m/20260313081704.469091_KR_webconnectivity_d8725e396f781f84
https://isa.gov.ly/,ok,https://explorer.ooni.org/m/20260313081707.891358_KR_webconnectivity_4d14e6ddec85c82b
https://it.wikipedia.org/,ok,https://explorer.ooni.org/m/20260313081721.961773_KR_webconnectivity_50816e078938fc6c
https://ja.wikipedia.org/,ok,https://explorer.ooni.org/m/20260313081737.933183_KR_webconnectivity_ff9a06ca9484c38d
http://kancc.org/,dns,https://explorer.ooni.org/m/20260313081743.289184_KR_webconnectivity_4362d68acd45d5ac
http://kass.org.kp/,dns,https://explorer.ooni.org/m/20260313081800.343426_KR_webconnectivity_8779e343c20d49af
https://kat.am/,dns,https://explorer.ooni.org/m/20260313081802.338349_KR_webconnectivity_ce9dd4b5dda41bf5
https://katcr.to/,dns,https://explorer.ooni.org/m/20260313081803.572060_KR_webconnectivity_a8125214d6482a0c
http://kcnawatch.co/,confirmed,https://explorer.ooni.org/m/20260313081804.915631_KR_webconnectivity_9ef0e5fafa133952
http://kicc-dprk.org/,confirmed,https://explorer.ooni.org/m/20260313081806.769953_KR_webconnectivity_a3c7a8b28ed32f6f
https://kickasstorrents.to/,dns,https://explorer.ooni.org/m/20260313081807.893382_KR_webconnectivity_ee14d6965f793e32
http://kiyctc.com.kp/,dns,https://explorer.ooni.org/m/20260313081812.327780_KR_webconnectivity_3859d240ee62f973
http://ko.internationalism.org/,ok,https://explorer.ooni.org/m/20260313081825.071338_KR_webconnectivity_04ac235d967a6b2d
https://ko.wikipedia.org/,ok,https://explorer.ooni.org/m/20260313081841.918249_KR_webconnectivity_52439a896e7d00ee
https://ko.wiktionary.org/,ok,https://explorer.ooni.org/m/20260313081857.108900_KR_webconnectivity_a0fdf01dc949cef0
http://korfilm.com.kp/,dns,https://explorer.ooni.org/m/20260313081914.175251_KR_webconnectivity_13cacfe792bb5514
http://kremlin.ru/,ok,https://explorer.ooni.org/m/20260313081952.567653_KR_webconnectivity_990428d6f23025af
https://libgen.fun/,error,https://explorer.ooni.org/m/20260313081955.335013_KR_webconnectivity_302a38a1b523a83f
http://libgen.gs/,ok,https://explorer.ooni.org/m/20260313081957.094657_KR_webconnectivity_0670ebf3f7ba8749
https://libgen.is/,dns,https://explorer.ooni.org/m/20260313082013.125467_KR_webconnectivity_b2bff0c3f8238a1f
http://libgen.lc/,ok,https://explorer.ooni.org/m/20260313082015.865472_KR_webconnectivity_558cc7b016fe7736
http://libgen.li/,dns,https://explorer.ooni.org/m/20260313082017.975115_KR_webconnectivity_451b3dd130c8beb5
https://libgen.life/,tcp_ip,https://explorer.ooni.org/m/20260313082103.727556_KR_webconnectivity_4b7655cc9b416057
https://libgen.me/,error,https://explorer.ooni.org/m/20260313082106.012607_KR_webconnectivity_c289c07f6f4b3757
http://libgen.rs/,dns,https://explorer.ooni.org/m/20260313082121.987168_KR_webconnectivity_40d9c3ad2f909976
https://libgen.space/,error,https://explorer.ooni.org/m/20260313082124.242489_KR_webconnectivity_c0b9429c9c3b0855
http://libgen.st/,tcp_ip,https://explorer.ooni.org/m/20260313082156.952196_KR_webconnectivity_c8d28fd2953f9185
https://libgen.xyz/,dns,https://explorer.ooni.org/m/20260313082157.927556_KR_webconnectivity_a3a66bacaee1017c
https://limetorrents.pro/,dns,https://explorer.ooni.org/m/20260313082159.082468_KR_webconnectivity_6dcadd7d3856f728
https://login.infomaniak.com/,ok,https://explorer.ooni.org/m/20260313082204.020074_KR_webconnectivity_dbc85922fec08f25
https://login.tailscale.com/,ok,https://explorer.ooni.org/m/20260313082216.391273_KR_webconnectivity_ebbb5488067f89fc
http://ma.gov.kp/,dns,https://explorer.ooni.org/m/20260313082221.668785_KR_webconnectivity_e07c34d14261c2ec
https://mashable.com/,ok,https://explorer.ooni.org/m/20260313082231.474615_KR_webconnectivity_8f1c01fd8ef7a1b6
https://microsoftedge.microsoft.com/,dns,https://explorer.ooni.org/m/20260313082232.559847_KR_webconnectivity_7028fe4a51af0083
https://microsoftedge.microsoft.com/addons/Microsoft-Edge-Extensions-Home,dns,https://explorer.ooni.org/m/20260313082233.565518_KR_webconnectivity_16c2a0934e821cbe
https://mirror.cyberbits.eu/fdroid/repo,ok,https://explorer.ooni.org/m/20260313082237.758533_KR_webconnectivity_82e49fcd183e0290
https://mymemory.translated.net/,ok,https://explorer.ooni.org/m/20260313082254.897914_KR_webconnectivity_03f7ee9ca6963f6d
http://naenara.com/,ok,https://explorer.ooni.org/m/20260313082259.097826_KR_webconnectivity_85a369fd73bc749c
https://newalbumreleases.net/,dns,https://explorer.ooni.org/m/20260313082300.409824_KR_webconnectivity_21bc2d84004e6c87
https://notesnook.com/,ok,https://explorer.ooni.org/m/20260313082311.055533_KR_webconnectivity_d49f885111805cc3
http://onekorea.org/,ok,https://explorer.ooni.org/m/20260313082318.014069_KR_webconnectivity_fdf96db9e42f37e9
https://nsw2u.com/,dns,https://explorer.ooni.org/m/20260313082311.770433_KR_webconnectivity_3f1d7bd8b9041465
https://openverse.org/,ok,https://explorer.ooni.org/m/20260313082320.283807_KR_webconnectivity_31303cd4fc1bb3df
http://osaka.korea-htr.com/,ok,https://explorer.ooni.org/m/20260313082320.963201_KR_webconnectivity_9f8befd09a7a1f7a
https://plug-mirror.rcac.purdue.edu/fdroid/repo,ok,https://explorer.ooni.org/m/20260313082324.666540_KR_webconnectivity_c8a45df318d975ce
https://pt.m.wikipedia.org/,ok,https://explorer.ooni.org/m/20260313082339.748314_KR_webconnectivity_c4f6f1b510199815
https://pulse.internetsociety.org/,ok,https://explorer.ooni.org/m/20260313082351.032418_KR_webconnectivity_e27a15fccc77fcc2
https://put.io/,ok,https://explorer.ooni.org/m/20260313082359.558867_KR_webconnectivity_8ea7b4cae3816b56
https://radiofreetexas.com/,ok,https://explorer.ooni.org/m/20260313082414.912236_KR_webconnectivity_3ab604a93b15a1bb
https://rapidgator.net/,dns,https://explorer.ooni.org/m/20260313082417.178012_KR_webconnectivity_ef6ec9e9b753ba7f
https://rargb.to/,dns,https://explorer.ooni.org/m/20260313082418.404669_KR_webconnectivity_b072dd9b5e316f94
https://ru.wikipedia.org/,ok,https://explorer.ooni.org/m/20260313082429.894417_KR_webconnectivity_e71999a269e08b6a
https://s.gr-assets.com/robots.txt,ok,https://explorer.ooni.org/m/20260313082431.744079_KR_webconnectivity_d295ec079e7a8b37
https://savefrom.net/,dns,https://explorer.ooni.org/m/20260313082432.869933_KR_webconnectivity_f23ce2abd18db4c6
http://sdprk.org.kp/,dns,https://explorer.ooni.org/m/20260313082437.195091_KR_webconnectivity_5f735fdb51b1a0ac
https://sci-hub.se/,dns,https://explorer.ooni.org/m/20260313082433.562006_KR_webconnectivity_572fd2f1080fca7a
http://sfkuk.freeservers.com/,ok,https://explorer.ooni.org/m/20260313082441.137139_KR_webconnectivity_826e923f65a4fe57
http://simfile.uplusbox.co.kr/,dns,https://explorer.ooni.org/m/20260313082457.475682_KR_webconnectivity_9fe8b82e722327a4
https://simple.wikipedia.org/,ok,https://explorer.ooni.org/m/20260313082514.454891_KR_webconnectivity_89aba40e80528c3f
https://skiff.com/,ok,https://explorer.ooni.org/m/20260313082524.676578_KR_webconnectivity_877a1c7951c541ec
http://software.naver.com/,ok,https://explorer.ooni.org/m/20260313082525.334308_KR_webconnectivity_4de475227da650a4
https://soundcloud.com/,ok,https://explorer.ooni.org/m/20260313082531.209109_KR_webconnectivity_ca88dc56dbf66658
https://sourceforge.net/,ok,https://explorer.ooni.org/m/20260313082542.761268_KR_webconnectivity_785d47a7bf384caa
https://standardnotes.com/,ok,https://explorer.ooni.org/m/20260313082555.630774_KR_webconnectivity_f84716ab3dafae36
https://subscene.com/,dns,https://explorer.ooni.org/m/20260313082557.124238_KR_webconnectivity_d0ffb71bbd419086
https://theonion.com/,dns,https://explorer.ooni.org/m/20260313082558.095494_KR_webconnectivity_dbc0da718241159e
https://thepiratebay.org/,dns,https://explorer.ooni.org/m/20260313082559.864255_KR_webconnectivity_ed51e76794e42cec
http://tongil-i.net/,ok,https://explorer.ooni.org/m/20260313082601.528411_KR_webconnectivity_9a0744efb3a5dc9a
http://torrent82.com/,ok,https://explorer.ooni.org/m/20260313082602.594922_KR_webconnectivity_a161326904365bce
http://torrentdada.com/,dns,https://explorer.ooni.org/m/20260313082603.570749_KR_webconnectivity_d9eba64e9f06601f
http://torrenters.com/,dns,https://explorer.ooni.org/m/20260313082613.904242_KR_webconnectivity_36fa3afc25da65cb
http://torrentgogo.com/,ok,https://explorer.ooni.org/m/20260313082614.588849_KR_webconnectivity_9a463bc4e5bc9bd1
http://torters.com/,dns,https://explorer.ooni.org/m/20260313082615.720635_KR_webconnectivity_fa1958f340288bd9
https://uea.org/,ok,https://explorer.ooni.org/m/20260313082622.452328_KR_webconnectivity_f9ab6b80b1a70842
https://upload.wikimedia.org/wikipedia/commons/thumb/3/37/Generic_Camera_Icon.svg/100px-Generic_Camera_Icon.svg.png,ok,https://explorer.ooni.org/m/20260313082624.904955_KR_webconnectivity_09a249b74b604090
http://usacrime.or.kr/,ok,https://explorer.ooni.org/m/20260313082630.513027_KR_webconnectivity_fa9d49fff593e229
https://w3schools.com/,ok,https://explorer.ooni.org/m/20260313082640.643540_KR_webconnectivity_efe568e03702dce0
https://web.archive.org/,dns,https://explorer.ooni.org/m/20260313082642.486285_KR_webconnectivity_1277263e88e61d77
https://wikidata.org/,ok,https://explorer.ooni.org/m/20260313082656.426432_KR_webconnectivity_438bd0aa1d37e0e2
https://wikihow.com/,ok,https://explorer.ooni.org/m/20260313082710.151087_KR_webconnectivity_532e819586ee3a74
https://wikimapia.org/,ok,https://explorer.ooni.org/m/20260313082715.124587_KR_webconnectivity_2ca074b0216e0558
http://www.0ubada.net/,ok,https://explorer.ooni.org/m/20260313082715.924987_KR_webconnectivity_60c1014e420ef05f
http://www.1koreannews.com/,ok,https://explorer.ooni.org/m/20260313082716.686670_KR_webconnectivity_d558dcb20b1eb91c
https://www.2shared.com/,ok,https://explorer.ooni.org/m/20260313082726.160317_KR_webconnectivity_d2386e89bb7f8b7e
https://www.4shared.com/,ok,https://explorer.ooni.org/m/20260313082738.666557_KR_webconnectivity_596096331e7ba943
https://www.911memorial.org/,ok,https://explorer.ooni.org/m/20260313082746.514478_KR_webconnectivity_33a2f23a0ed1b82a
http://www.acquisitionx.com/,ok,https://explorer.ooni.org/m/20260313082750.334750_KR_webconnectivity_9863215f47bfe4a1
https://www.af.mil/,ok,https://explorer.ooni.org/m/20260313082753.542149_KR_webconnectivity_7a177076c024a111
http://www.aha.ru/,ok,https://explorer.ooni.org/m/20260313082812.692231_KR_webconnectivity_b124dc105455e8f6
http://www.aha.ru/~zentsov/korea.htm,ok,https://explorer.ooni.org/m/20260313082829.634403_KR_webconnectivity_d0c196e9a9b412e6
http://www.arirang.dprkorea.com/,dns,https://explorer.ooni.org/m/20260313082841.953779_KR_webconnectivity_8c9bb0dd1d584332
https://www.army.mil/,ok,https://explorer.ooni.org/m/20260313082854.085055_KR_webconnectivity_08c4fb9e2a23dca2
https://www.auswaertiges-amt.de/,ok,https://explorer.ooni.org/m/20260313082908.898295_KR_webconnectivity_0b89e4c7394def48
http://www.big.or.jp/,ok,https://explorer.ooni.org/m/20260313082911.042305_KR_webconnectivity_297282d978eef47a
http://www.bitcomet.com/,dns,https://explorer.ooni.org/m/20260313082911.745105_KR_webconnectivity_51c651c3947d65b3
http://www.bittornado.com/,dns,https://explorer.ooni.org/m/20260313082927.739860_KR_webconnectivity_348b98184f659e7b
https://www.bme.com/,dns,https://explorer.ooni.org/m/20260313082929.400815_KR_webconnectivity_5d949608d17a5719
http://www.bommin.net/,confirmed,https://explorer.ooni.org/m/20260313082931.902994_KR_webconnectivity_9fdfe0681e00652b
http://www.centcom.mil/,ok,https://explorer.ooni.org/m/20260313082934.173385_KR_webconnectivity_c71a73255f84c2ae
http://www.chaju.org/,ok,https://explorer.ooni.org/m/20260313082938.020724_KR_webconnectivity_19b641a256dae6d7
http://www.chongryon.com/,confirmed,https://explorer.ooni.org/m/20260313082954.625847_KR_webconnectivity_6e9943d432fd6100
https://www.cia.gov/,ok,https://explorer.ooni.org/m/20260313083006.371872_KR_webconnectivity_26196de611178bf2
http://www.cinetown.co.kr/,error,https://explorer.ooni.org/m/20260313083027.422933_KR_webconnectivity_470e758fd1595c32
http://www.cinewel.com/,dns,https://explorer.ooni.org/m/20260313083028.549978_KR_webconnectivity_eb43cc1861e3c98d
https://www.cis.minsk.by/,ok,https://explorer.ooni.org/m/20260313083043.584670_KR_webconnectivity_0eccbdde3e526292
http://www.cizel.co.kr/,dns,https://explorer.ooni.org/m/20260313083100.536986_KR_webconnectivity_d68e47283d5f4232
http://www.cnet-ta.ne.jp/,ok,https://explorer.ooni.org/m/20260313083105.142574_KR_webconnectivity_700190bcbe836bbd
http://www.collegehumor.com/,dns,https://explorer.ooni.org/m/20260313083121.116239_KR_webconnectivity_abf7a1c1d65184a2
http://www.coreaone-news.com/,confirmed,https://explorer.ooni.org/m/20260313083135.963780_KR_webconnectivity_247a0aff014cb516
https://www.darpa.mil/,ok,https://explorer.ooni.org/m/20260313083148.914885_KR_webconnectivity_c072e980e083ee78
https://www.datpiff.com/,dns,https://explorer.ooni.org/m/20260313083150.534691_KR_webconnectivity_61dbcd33ae758bac
https://www.dea.gov/,ok,https://explorer.ooni.org/m/20260313083153.607286_KR_webconnectivity_a4409c2b851b4252
https://www.deathmetal.org/,ok,https://explorer.ooni.org/m/20260313083204.375384_KR_webconnectivity_46443b0a52255695
https://www.defense.gov/,ok,https://explorer.ooni.org/m/20260313083207.335952_KR_webconnectivity_2cbd447d7dff95d6
https://www.dia.mil/,ok,https://explorer.ooni.org/m/20260313083210.278606_KR_webconnectivity_20b29363915f50d9
https://www.dictionary.com/,ok,https://explorer.ooni.org/m/20260313083213.998439_KR_webconnectivity_40412f3737357199
http://www.dklotto.com/,dns,https://explorer.ooni.org/m/20260313083217.493723_KR_webconnectivity_cf6f2eb1d7e07586
https://www.douban.com/,ok,https://explorer.ooni.org/m/20260313083231.207863_KR_webconnectivity_3d72a8a0db65af1c
http://www.dprk-book.com/,tcp_ip,https://explorer.ooni.org/m/20260313083318.111952_KR_webconnectivity_2ddc5358c8cc832c
http://www.dprk-stamp.com/,ok,https://explorer.ooni.org/m/20260313083318.879209_KR_webconnectivity_df061889493ccb90
http://www.dprkorea.com/,dns,https://explorer.ooni.org/m/20260313083325.856696_KR_webconnectivity_81f63240b6b6206e
http://www.dprkstudies.org/,dns,https://explorer.ooni.org/m/20260313083327.153524_KR_webconnectivity_52508808b3696692
http://www.dprkstudies.org/documents/nkpics/picgal.html,dns,https://explorer.ooni.org/m/20260313083328.347435_KR_webconnectivity_d5d22f02d4a99c5f
https://www.dropbox.com/,ok,https://explorer.ooni.org/m/20260313083341.661968_KR_webconnectivity_6f68125046f0401f
http://www.elufa.net/,confirmed,https://explorer.ooni.org/m/20260313083343.693324_KR_webconnectivity_d05ef73bc74fd5e3
http://www.enppy.com/,dns,https://explorer.ooni.org/m/20260313083346.587183_KR_webconnectivity_659f1e1a1a618a7d
https://www.epa.gov/,ok,https://explorer.ooni.org/m/20260313083358.785522_KR_webconnectivity_900fda49ba9a50e6
https://www.eventbrite.com/,ok,https://explorer.ooni.org/m/20260313083415.456812_KR_webconnectivity_c29e5a3525b9d9e4
http://www.ez0u.co.kr/,ok,https://explorer.ooni.org/m/20260313083416.222517_KR_webconnectivity_0e1747d986489292
https://www.fanfiction.net/,ok,https://explorer.ooni.org/m/20260313083418.999362_KR_webconnectivity_8a09f35189532376
http://www.fileguri.com/,http-failure,https://explorer.ooni.org/m/20260313083422.052407_KR_webconnectivity_a6474929c219baf1
http://www.filenara.co.kr/,dns,https://explorer.ooni.org/m/20260313083423.885668_KR_webconnectivity_839b2ba67064f0f7
http://www.filenori.com/,ok,https://explorer.ooni.org/m/20260313083426.335969_KR_webconnectivity_6305da3f8851b50c
http://www.foreignaffairs.org/,ok,https://explorer.ooni.org/m/20260313083435.236289_KR_webconnectivity_3833b8e418a0add3
http://www.fsb.ru/,http-failure,https://explorer.ooni.org/m/20260313083452.111326_KR_webconnectivity_f1c870c4ea34d427
https://www.fsf.org/,error,https://explorer.ooni.org/m/20260313083454.497809_KR_webconnectivity_bfb54dbd129727c6
https://www.gawker.com/,ok,https://explorer.ooni.org/m/20260313083500.493885_KR_webconnectivity_4fa0470e56dd95a6
https://www.givesendgo.com/,ok,https://explorer.ooni.org/m/20260313083502.782805_KR_webconnectivity_2c6df17347527009
https://www.globalpolicy.org/,ok,https://explorer.ooni.org/m/20260313083514.715019_KR_webconnectivity_e90771d4d2e7d2c1
https://www.goodreads.com/,ok,https://explorer.ooni.org/m/20260313083524.092731_KR_webconnectivity_d0f6ada5543d1cae
https://www.gov.uk/,ok,https://explorer.ooni.org/m/20260313083532.216399_KR_webconnectivity_ece2b2fdaa50cf0f
https://www.gutenberg.org/,ok,https://explorer.ooni.org/m/20260313083540.049842_KR_webconnectivity_505133b0ec4fafb9
http://www.hanguksa.org/,ok,https://explorer.ooni.org/m/20260313083545.285168_KR_webconnectivity_1d661725f2fefa3d
http://www.hisedu.or.kr/,ok,https://explorer.ooni.org/m/20260313083556.722525_KR_webconnectivity_3d4510ee9ef3b136
http://www.honamhistory.org/,ok,https://explorer.ooni.org/m/20260313083600.715060_KR_webconnectivity_e063cc4e8b909510
http://www.honduras.com/,ok,https://explorer.ooni.org/m/20260313083615.217014_KR_webconnectivity_934286d2df9e591e
https://www.iaru.org/,ok,https://explorer.ooni.org/m/20260313083626.299765_KR_webconnectivity_6ba64cfee1a9d135
https://www.ibe.unesco.org/,ok,https://explorer.ooni.org/m/20260313083646.827325_KR_webconnectivity_69c2aeed87d5f0e2
https://www.icrc.org/,ok,https://explorer.ooni.org/m/20260313083656.084607_KR_webconnectivity_11911eb79a8cfea4
https://www.ideasbeyondborders.org/,ok,https://explorer.ooni.org/m/20260313083710.984831_KR_webconnectivity_eee706455ca4b163
http://www.iea.org/,ok,https://explorer.ooni.org/m/20260313083722.069404_KR_webconnectivity_39b349ace6ea2551
https://www.ifrc.org/,ok,https://explorer.ooni.org/m/20260313083725.144214_KR_webconnectivity_2f2ef2adcbcfb442
http://www.ihr.org/,ok,https://explorer.ooni.org/m/20260313083737.246103_KR_webconnectivity_305316a22259ac74
http://www.iias.nl/,tcp_ip,https://explorer.ooni.org/m/20260313083739.085987_KR_webconnectivity_a9a8803b3950e492
https://www.ilo.org/,ok,https://explorer.ooni.org/m/20260313083749.744302_KR_webconnectivity_075abebede6bbe21
http://www.imdb.com/,dns,https://explorer.ooni.org/m/20260313083750.530857_KR_webconnectivity_94486ecdba5500ae
http://www.inhard.com/,ok,https://explorer.ooni.org/m/20260313083753.775445_KR_webconnectivity_8873eeab1d01b357
https://www.interpol.int/,ok,https://explorer.ooni.org/m/20260313083802.942760_KR_webconnectivity_926d303035f86a14
https://www.isa.org.jm/,ok,https://explorer.ooni.org/m/20260313083821.983560_KR_webconnectivity_cebc104c6de9c12c
http://www.isj.org.uk/,ok,https://explorer.ooni.org/m/20260313083832.543381_KR_webconnectivity_ecb7855c8ca5b599
http://www.jjangfile.net/,dns,https://explorer.ooni.org/m/20260313083848.326048_KR_webconnectivity_4aebd6b6cb6d376a
https://www.jsf.mil/,ok,https://explorer.ooni.org/m/20260313083854.967016_KR_webconnectivity_8da990fc887c2a5d
http://www.kancc.org/,confirmed,https://explorer.ooni.org/m/20260313083901.082799_KR_webconnectivity_46feb51c1d98398c
http://www.kcckp.net/,confirmed,https://explorer.ooni.org/m/20260313083905.071350_KR_webconnectivity_5e8edc4dc7e33ea0
http://www.kdvr.de/,ok,https://explorer.ooni.org/m/20260313083907.287533_KR_webconnectivity_a40ffdd2d4a7cd2d
https://www.khanacademy.org/,ok,https://explorer.ooni.org/m/20260313083919.054100_KR_webconnectivity_8e1cb4aae138d5db
http://www.kickassclassical.com/,dns,https://explorer.ooni.org/m/20260313083934.990579_KR_webconnectivity_000ffb33c6a876ae
http://www.korea-dpr.com/,confirmed,https://explorer.ooni.org/m/20260313083938.783463_KR_webconnectivity_ac02bdd34934c83a
http://www.korea-dpr.com/cgi-bin/simpleforum.cgi,confirmed,https://explorer.ooni.org/m/20260313083940.449049_KR_webconnectivity_302e01faf9aa2979
http://www.korea-dpr.com/library/entrance.htm,confirmed,https://explorer.ooni.org/m/20260313083942.575498_KR_webconnectivity_dbe3a79bbdd74262
http://www.korea-dpr.com/menu.htm,confirmed,https://explorer.ooni.org/m/20260313083944.491488_KR_webconnectivity_7e1c1fbb36e99d5b
http://www.korea-dpr.com/users/jisge/,confirmed,https://explorer.ooni.org/m/20260313083946.262853_KR_webconnectivity_370199e9eed91b2a
http://www.korea-is-one.org/,http-diff,https://explorer.ooni.org/m/20260313083949.951153_KR_webconnectivity_0036c10134661aaa
http://www.korea-is-one.org/rubrique.php3?id_rubrique=5,ok,https://explorer.ooni.org/m/20260313084005.095460_KR_webconnectivity_3cc239433dae4d19
http://www.korea-np.co.jp/,tcp_ip,https://explorer.ooni.org/m/20260313084016.289594_KR_webconnectivity_53b102b42ca64504
http://www.koreanhistory.org/,ok,https://explorer.ooni.org/m/20260313084022.685390_KR_webconnectivity_69eded76b7caedce
http://www.krbook.net/,ok,https://explorer.ooni.org/m/20260313084024.879439_KR_webconnectivity_67dc893f607cb3cd
https://www.libgen.tw/,ok,https://explorer.ooni.org/m/20260313084027.813773_KR_webconnectivity_822b1e481b435cf0
https://www.limetorrents.lol/,http-failure,https://explorer.ooni.org/m/20260313084030.711389_KR_webconnectivity_7e5be765ef83ef17
https://www.literotica.com/,dns,https://explorer.ooni.org/m/20260313084032.583448_KR_webconnectivity_f03ba9858bf9d4c7
https://www.lushstories.com/,dns,https://explorer.ooni.org/m/20260313084034.191551_KR_webconnectivity_1d546179b9632ed7
https://www.marxists.org/,ok,https://explorer.ooni.org/m/20260313084039.440914_KR_webconnectivity_29a27b872d6384df
http://www.metal-archives.com/,ok,https://explorer.ooni.org/m/20260313084042.820328_KR_webconnectivity_8bf76300f1210722
http://www.minjok.com/,dns,https://explorer.ooni.org/m/20260313084046.020716_KR_webconnectivity_4bd5cd084d31fc16
http://www.mnr.gov.cn/,dns,https://explorer.ooni.org/m/20260313084103.225282_KR_webconnectivity_f42152c2409c57f9
http://www.monkey3.co.kr/,dns,https://explorer.ooni.org/m/20260313084120.013617_KR_webconnectivity_46298ca8bb6efdc9
https://www.mozilla.org/,ok,https://explorer.ooni.org/m/20260313084130.625672_KR_webconnectivity_eed99c8699376546
https://www.mp3.com/,error,https://explorer.ooni.org/m/20260313084157.593382_KR_webconnectivity_80741932cf7446d2
https://www.musixmatch.com/,ok,https://explorer.ooni.org/m/20260313084200.738980_KR_webconnectivity_1df65a51941b5b33
http://www.nato.int/,ok,https://explorer.ooni.org/m/20260313084213.972764_KR_webconnectivity_5174ee22a160e6a9
http://www.navy.mil/,ok,https://explorer.ooni.org/m/20260313084215.876723_KR_webconnectivity_2b1abfad98e71aae
http://www.nkland.org/,ok,https://explorer.ooni.org/m/20260313084218.807681_KR_webconnectivity_f45644ab96a6fddc
https://www.nsa.gov/,ok,https://explorer.ooni.org/m/20260313084220.819143_KR_webconnectivity_570f277ad16c8e21
http://www.nzeen.com/,ok,https://explorer.ooni.org/m/20260313084230.444398_KR_webconnectivity_6ba3fe9d42df1fe7
http://www.onekorea.org/,ok,https://explorer.ooni.org/m/20260313084235.820656_KR_webconnectivity_c9d6b9335d29476b
http://www.onfile.co.kr/,ok,https://explorer.ooni.org/m/20260313084238.367538_KR_webconnectivity_de25a685c0a1059b
http://www.opec.org/,ok,https://explorer.ooni.org/m/20260313084250.216852_KR_webconnectivity_c848563d3056434b
http://www.openart.or.kr/,ok,https://explorer.ooni.org/m/20260313084258.185541_KR_webconnectivity_cd76c81e720dce9b
http://www.orangefile.com/,dns,https://explorer.ooni.org/m/20260313084301.380662_KR_webconnectivity_0e2a838c18b7d29d
https://www.osce.org/,ok,https://explorer.ooni.org/m/20260313084313.262081_KR_webconnectivity_3150af22eee0a609
http://www.ournation-school.com/,confirmed,https://explorer.ooni.org/m/20260313084315.028882_KR_webconnectivity_9eca73d829d73a7f
https://www.overdrive.com/,ok,https://explorer.ooni.org/m/20260313084320.188707_KR_webconnectivity_5d4b722794f8bfd4
http://www.pacom.mil/,ok,https://explorer.ooni.org/m/20260313084322.322088_KR_webconnectivity_74f25e57f22fdd85
http://www.pic-international.com/,ok,https://explorer.ooni.org/m/20260313084323.898158_KR_webconnectivity_17082a5357e1c2a8
http://www.pruna.com/,dns,https://explorer.ooni.org/m/20260313084326.461546_KR_webconnectivity_82c78e5715f462e5
http://www.quantico.marines.mil/,ok,https://explorer.ooni.org/m/20260313084328.608678_KR_webconnectivity_ff8247165fc6c60f
https://www.researchgate.net/,ok,https://explorer.ooni.org/m/20260313084330.453505_KR_webconnectivity_d321c019842a563e
https://www.rollingstone.com/,dns,https://explorer.ooni.org/m/20260313084331.458431_KR_webconnectivity_9cbc82ae7dfc4534
http://www.ryongnamsan.edu.kp/,dns,https://explorer.ooni.org/m/20260313084334.454666_KR_webconnectivity_ca4cb276d7af7fd5
http://www.schwarzreport.org/,ok,https://explorer.ooni.org/m/20260313084339.026044_KR_webconnectivity_0e53e3e3749c89cd
https://www.scribd.com/,ok,https://explorer.ooni.org/m/20260313084353.234084_KR_webconnectivity_42db5e2cd8332c36
http://www.sealswcc.com/,ok,https://explorer.ooni.org/m/20260313084356.959003_KR_webconnectivity_88a1d03b3441dbc9
https://www.shazam.com/,ok,https://explorer.ooni.org/m/20260313084407.302499_KR_webconnectivity_7d7cb35d574aab6d
http://www.silibank.com/,ok,https://explorer.ooni.org/m/20260313084409.687119_KR_webconnectivity_5cf2536e8c2e2986
http://www.slsknet.org/,ok,https://explorer.ooni.org/m/20260313084411.422631_KR_webconnectivity_3ac69f09b5d6bcca
http://www.socom.mil/,tcp_ip,https://explorer.ooni.org/m/20260313084511.983060_KR_webconnectivity_b6d9ef72fecec76f
http://www.songunpoliticsstudygroup.org/,dns,https://explorer.ooni.org/m/20260313084513.411570_KR_webconnectivity_b7110512ddb2a658
http://www.soribada.com/,ok,https://explorer.ooni.org/m/20260313084518.896987_KR_webconnectivity_1048fc20b221059d
http://www.southcom.mil/,ok,https://explorer.ooni.org/m/20260313084521.765422_KR_webconnectivity_81583041dba6e805
https://www.spotify.com/,ok,https://explorer.ooni.org/m/20260313084524.321543_KR_webconnectivity_ca923586aaa49b58
https://www.state.gov/,ok,https://explorer.ooni.org/m/20260313084537.354598_KR_webconnectivity_34c49c5141d4ad9e
http://www.stratcom.mil/,ok,https://explorer.ooni.org/m/20260313084539.550557_KR_webconnectivity_55b64c84c1cee8f9
http://www.syccr.com/,ok,https://explorer.ooni.org/m/20260313084553.454268_KR_webconnectivity_0d91fa0a2c6e6e3e
https://www.timeout.com/,ok,https://explorer.ooni.org/m/20260313084611.603209_KR_webconnectivity_ef228c7fa9ac245f
http://www.tmz.com/,ok,https://explorer.ooni.org/m/20260313084624.887837_KR_webconnectivity_1ea3355cc0eda387
https://www.un.int/,ok,https://explorer.ooni.org/m/20260313084640.200387_KR_webconnectivity_4ed97597cca7f9fd
https://www.un.org/,ok,https://explorer.ooni.org/m/20260313084644.456868_KR_webconnectivity_90c7694552deaf4e
https://www.undp.org/,ok,https://explorer.ooni.org/m/20260313084646.228028_KR_webconnectivity_f89ffe91236f7774
https://www.unwomen.org/,ok,https://explorer.ooni.org/m/20260313084657.466477_KR_webconnectivity_3b4b950dfd96616e
http://www.uriminzokkiri.com/,tcp_ip,https://explorer.ooni.org/m/20260313084743.205787_KR_webconnectivity_0e29a4d6555f0d4a
http://www.usafa.af.mil/,ok,https://explorer.ooni.org/m/20260313084745.407152_KR_webconnectivity_0170d021f3bbaacb
http://www.uscg.mil/,ok,https://explorer.ooni.org/m/20260313084748.287464_KR_webconnectivity_371dd929b640d87e
https://www.ushmm.org/,ok,https://explorer.ooni.org/m/20260313084803.405225_KR_webconnectivity_372b076477402dab
https://www.utorrent.com/,ok,https://explorer.ooni.org/m/20260313084817.080931_KR_webconnectivity_dceca2a5bbaad6de
http://www.vibe.com/,ok,https://explorer.ooni.org/m/20260313084831.037205_KR_webconnectivity_b2bcd2aaac986668
https://www.videolan.org/,ok,https://explorer.ooni.org/m/20260313084839.779349_KR_webconnectivity_d8be0407adbf20b7
https://www.wfp.org/,ok,https://explorer.ooni.org/m/20260313084851.765308_KR_webconnectivity_31bd9174069a62f9
https://www.wikipedia.org/,ok,https://explorer.ooni.org/m/20260313084905.190156_KR_webconnectivity_0d227c0826144d21
https://www.wiktionary.org/,ok,https://explorer.ooni.org/m/20260313084914.343145_KR_webconnectivity_e0f6961e7ece916c
http://www.worldcorea.net/,confirmed,https://explorer.ooni.org/m/20260313084917.024949_KR_webconnectivity_9af026c2eda3b0aa
https://www.xinjiang.gov.cn/,ok,https://explorer.ooni.org/m/20260313084933.234404_KR_webconnectivity_645c1532fc91006b
http://www.xxlmag.com/,ok,https://explorer.ooni.org/m/20260313084946.050650_KR_webconnectivity_92d7d44e45776b6c
https://www.zoho.com/,ok,https://explorer.ooni.org/m/20260313084952.349721_KR_webconnectivity_ed747886c800de8f
https://x1337x.eu/,ok,https://explorer.ooni.org/m/20260313084955.450723_KR_webconnectivity_3873780e57156a38
http://yesfile.com/,dns,https://explorer.ooni.org/m/20260313084958.625514_KR_webconnectivity_6dd558b4f0c9af14
https://yts.lt/,dns,https://explorer.ooni.org/m/20260313085001.615337_KR_webconnectivity_edd17058ffcd9a04
https://yts.mx/,dns,https://explorer.ooni.org/m/20260313085002.297546_KR_webconnectivity_c8aaac3a9c31939a
https://z-lib.org/,error,https://explorer.ooni.org/m/20260313085005.245458_KR_webconnectivity_70d9b8f2e90f5aeb
https://zh.wikipedia.org/,ok,https://explorer.ooni.org/m/20260313085020.087890_KR_webconnectivity_75fb3ae0c40fab65
https://1.0.0.1/dns-query?dns=q80BAAABAAAAAAAAA3d3dwdleGFtcGxlA2NvbQAAAQAB,ok,https://explorer.ooni.org/m/20260313085021.352587_KR_webconnectivity_25a683dd9231aa12
https://1.0.0.3/dns-query?dns=q80BAAABAAAAAAAAA3d3dwdleGFtcGxlA2NvbQAAAQAB,ok,https://explorer.ooni.org/m/20260313085022.381625_KR_webconnectivity_e692aa098a254dfd
https://1.1.1.1/dns-query?dns=q80BAAABAAAAAAAAA3d3dwdleGFtcGxlA2NvbQAAAQAB,tcp_ip,https://explorer.ooni.org/m/20260313085053.032106_KR_webconnectivity_931af5b2168a62d3
https://1.1.1.3/dns-query?dns=q80BAAABAAAAAAAAA3d3dwdleGFtcGxlA2NvbQAAAQAB,tcp_ip,https://explorer.ooni.org/m/20260313085123.754731_KR_webconnectivity_6d41015d73cdf73c
https://149.112.112.9/dns-query?dns=q80BAAABAAAAAAAAA3d3dwdleGFtcGxlA2NvbQAAAQAB,ok,https://explorer.ooni.org/m/20260313085124.956934_KR_webconnectivity_211bdbea6eaf7906
https://350.org/,ok,https://explorer.ooni.org/m/20260313085137.036308_KR_webconnectivity_7fc5b022d3ad9c05
https://8.8.4.4/dns-query?dns=q80BAAABAAAAAAAAA3d3dwdleGFtcGxlA2NvbQAAAQAB,ok,https://explorer.ooni.org/m/20260313085139.112079_KR_webconnectivity_811bfc00bad387a3
https://8kun.top/,dns,https://explorer.ooni.org/m/20260313085141.530301_KR_webconnectivity_01b7fbc3b238cd19
https://9.9.9.9/dns-query?dns=q80BAAABAAAAAAAAA3d3dwdleGFtcGxlA2NvbQAAAQAB,tcp_ip,https://explorer.ooni.org/m/20260313085142.126133_KR_webconnectivity_54484efd9ad22c37
https://abortion-korea.org/,http-failure,https://explorer.ooni.org/m/20260313085144.739462_KR_webconnectivity_5b3627ca9d219715
https://abortion.eu/,dns,https://explorer.ooni.org/m/20260313085145.736361_KR_webconnectivity_b6396711310fcaf4
https://abortion.kr/,dns,https://explorer.ooni.org/m/20260313085147.456497_KR_webconnectivity_52a3be73b4252138
https://abortionfunds.org/,dns,https://explorer.ooni.org/m/20260313085149.409389_KR_webconnectivity_25185419ea9c44b6
https://abortionnetwork.amsterdam/,dns,https://explorer.ooni.org/m/20260313085151.801454_KR_webconnectivity_21276564256b274f
https://abortionpillinfo.org/,ok,https://explorer.ooni.org/m/20260313085200.981357_KR_webconnectivity_5418175b357c75bf
https://aidaccess.org/,dns,https://explorer.ooni.org/m/20260313085201.821705_KR_webconnectivity_ec0abb8437f7d851
https://ajax.aspnetcdn.com/ajax/4.5.2/1/MicrosoftAjax.js,ok,https://explorer.ooni.org/m/20260313085211.043998_KR_webconnectivity_acd8719e91db84c2
https://amp.cloudflare.com/v0/amp-iframe-0.1.js,ok,https://explorer.ooni.org/m/20260313085214.193867_KR_webconnectivity_89872583e535ab93
https://android.apis.google.com/robots.txt,ok,https://explorer.ooni.org/m/20260313085217.385491_KR_webconnectivity_f8a1eef7b02067bc
https://android.googleapis.com/robots.txt,ok,https://explorer.ooni.org/m/20260313085220.132825_KR_webconnectivity_66959c61f87506df
https://api.github.com/,ok,https://explorer.ooni.org/m/20260313085222.245496_KR_webconnectivity_4bac0ba7d2d067c5
https://apps.apple.com/us/developer/apple/id284417353/,ok,https://explorer.ooni.org/m/20260313085242.716903_KR_webconnectivity_96a8f60500e8cd51
https://archive.is/,ok,https://explorer.ooni.org/m/20260313085247.955496_KR_webconnectivity_6a7fda960ddb2273
https://archive.org/,ok,https://explorer.ooni.org/m/20260313085250.700480_KR_webconnectivity_9ea68033dbc86bb7
https://assets.gitlab-static.net/robots.txt,ok,https://explorer.ooni.org/m/20260313085251.364670_KR_webconnectivity_69c82d7921f4afbb
http://bestiz.net/,ok,https://explorer.ooni.org/m/20260313085253.385565_KR_webconnectivity_cc1246f156d14eb1
https://bit.ly/,http-failure,https://explorer.ooni.org/m/20260313085254.752302_KR_webconnectivity_ff0b7c80351c477a
https://bitbucket.org/,dns,https://explorer.ooni.org/m/20260313085256.525114_KR_webconnectivity_6bb3d232df252f52
http://blog.naver.com/,ok,https://explorer.ooni.org/m/20260313085303.106525_KR_webconnectivity_dfc39ae511f60f96
http://cafe.daum.net/Kgreens,ok,https://explorer.ooni.org/m/20260313085306.416165_KR_webconnectivity_25c5618dac69629c
http://cafe.daum.net/chiwoo/,ok,https://explorer.ooni.org/m/20260313085310.696771_KR_webconnectivity_a916ceddf01c1dce
http://cafe.daum.net/ok1221,ok,https://explorer.ooni.org/m/20260313085313.473107_KR_webconnectivity_874d2bcf86082b3e
http://cafe.daum.net/ssaumjil,ok,https://explorer.ooni.org/m/20260313085316.709503_KR_webconnectivity_b5559d2b5b29ab5a
http://cafe.daum.net/subdued20club/,ok,https://explorer.ooni.org/m/20260313085320.024065_KR_webconnectivity_5d17a7e2db47e88c
http://cafe.daum.net/truepicture/,ok,https://explorer.ooni.org/m/20260313085323.242457_KR_webconnectivity_d73fcd7890d764ef
http://cafe.naver.com/imsanbu,ok,https://explorer.ooni.org/m/20260313085338.675386_KR_webconnectivity_450268a3108c16f4
https://cdn-client.medium.com/lite/static/js/manifest.ef5f44d2.js,ok,https://explorer.ooni.org/m/20260313085341.421728_KR_webconnectivity_c3d1f14b6b402fd7
https://cdn.ampproject.org/v0/amp-iframe-0.1.js,ok,https://explorer.ooni.org/m/20260313085346.577058_KR_webconnectivity_13752a8fdfe4708b
https://cdn.jsdelivr.net/favicon.ico,ok,https://explorer.ooni.org/m/20260313085349.529329_KR_webconnectivity_f607352101068e0d
https://cdn.sstatic.net/Img/home/open-source.svg,ok,https://explorer.ooni.org/m/20260313085351.067869_KR_webconnectivity_02578bc06097f0fe
https://cdnjs.cloudflare.com/,ok,https://explorer.ooni.org/m/20260313085352.844497_KR_webconnectivity_614cf8d5b13a45da
https://churchofgodinchristmennonite.net/,ok,https://explorer.ooni.org/m/20260313085359.333610_KR_webconnectivity_7f619c0a55cb7611
https://cites.org/,ok,https://explorer.ooni.org/m/20260313085401.502838_KR_webconnectivity_6fd42a9482b4fea8
https://citizensclimatelobby.org/,ok,https://explorer.ooni.org/m/20260313085410.153225_KR_webconnectivity_be121aec804037a9
http://cloud.naver.com/,ok,https://explorer.ooni.org/m/20260313085415.911759_KR_webconnectivity_9bf7d3fe9246e1c3
https://cloudflare-dns.com/dns-query?dns=q80BAAABAAAAAAAAA3d3dwdleGFtcGxlA2NvbQAAAQAB,tcp_ip,https://explorer.ooni.org/m/20260313085417.040577_KR_webconnectivity_f9cbb06941dabf1b
https://cloudflare-ech.com/,ok,https://explorer.ooni.org/m/20260313085426.402771_KR_webconnectivity_2e7b91502e8e8cf6
http://clparty.kr/,ok,https://explorer.ooni.org/m/20260313085429.167469_KR_webconnectivity_8515b75139b15bf7
https://code.jquery.com/,ok,https://explorer.ooni.org/m/20260313085439.261638_KR_webconnectivity_38390dba9760fb86
https://codeberg.org/,ok,https://explorer.ooni.org/m/20260313085443.978585_KR_webconnectivity_68d0309f17ed8dda
https://codeload.github.com/github/rally/tar.gz/v1.0.1,ok,https://explorer.ooni.org/m/20260313085457.340556_KR_webconnectivity_01d6e81d72d03e24
http://cyworld.nate.com/,ok,https://explorer.ooni.org/m/20260313085458.649036_KR_webconnectivity_3014bce0db40f802
https://data.worldbank.org/topic/environment,ok,https://explorer.ooni.org/m/20260313085512.070344_KR_webconnectivity_21be81a17d8fad94
http://debate.org.uk/,ok,https://explorer.ooni.org/m/20260313085517.505801_KR_webconnectivity_0e8a8096ed9887fe
https://dharmanet.org/,ok,https://explorer.ooni.org/m/20260313085533.004236_KR_webconnectivity_37167c3700c3eca6
https://digital.globalclimatestrike.net/,ok,https://explorer.ooni.org/m/20260313085545.159042_KR_webconnectivity_8fff3e4b4379bc8e
https://dl.bintray.com/jfrog/xray/,ok,https://explorer.ooni.org/m/20260313085554.151390_KR_webconnectivity_9f02c344e4018ec1
https://dl.google.com/robots.txt,ok,https://explorer.ooni.org/m/20260313085558.860290_KR_webconnectivity_9725b245d760f2e7
https://dlive.tv/,dns,https://explorer.ooni.org/m/20260313085600.661403_KR_webconnectivity_523d44f1a53f5be0
https://dns.adguard.com/dns-query?dns=q80BAAABAAAAAAAAA3d3dwdleGFtcGxlA2NvbQAAAQAB,tcp_ip,https://explorer.ooni.org/m/20260313085601.810051_KR_webconnectivity_1b90a178faaf4451
https://dns.google/,ok,https://explorer.ooni.org/m/20260313085603.818757_KR_webconnectivity_90c78d29daa513a1
https://dns.quad9.net/dns-query?dns=q80BAAABAAAAAAAAA3d3dwdleGFtcGxlA2NvbQAAAQAB,tcp_ip,https://explorer.ooni.org/m/20260313085605.078139_KR_webconnectivity_de31debe1854e2dd
https://docs.github.com/,ok,https://explorer.ooni.org/m/20260313085614.449029_KR_webconnectivity_67f12511035c0177
https://doh-fi.blahdns.com/dns-query?dns=q80BAAABAAAAAAAAA3d3dwdleGFtcGxlA2NvbQAAAQAB,dns,https://explorer.ooni.org/m/20260313085615.342297_KR_webconnectivity_2c4b93919d717d1d
https://doh.centraleu.pi-dns.com/dns-query?dns=q80BAAABAAAAAAAAA3d3dwdleGFtcGxlA2NvbQAAAQAB,dns,https://explorer.ooni.org/m/20260313085616.003408_KR_webconnectivity_36993ee33e468826
https://doh.dns.sb/dns-query?dns=q80BAAABAAAAAAAAA3d3dwdleGFtcGxlA2NvbQAAAQAB,dns,https://explorer.ooni.org/m/20260313085632.202860_KR_webconnectivity_5cf37ec4f244a0e3
https://doh.opendns.com/dns-query?dns=q80BAAABAAAAAAAAA3d3dwdleGFtcGxlA2NvbQAAAQAB,tcp_ip,https://explorer.ooni.org/m/20260313085633.607160_KR_webconnectivity_91aad7b0dd921081
https://download-installer.cdn.mozilla.net/,ok,https://explorer.ooni.org/m/20260313085635.799332_KR_webconnectivity_255ad29f13652f63
https://dzen.ru/,dns,https://explorer.ooni.org/m/20260313085637.526602_KR_webconnectivity_d5e828a13a545aa7
https://earthobservatory.nasa.gov/global-maps,ok,https://explorer.ooni.org/m/20260313085648.554598_KR_webconnectivity_ed09a9d4f0b53765
https://earthwatch.org/,ok,https://explorer.ooni.org/m/20260313085657.303164_KR_webconnectivity_7b196d3d11976236
https://emchurch.org/,ok,https://explorer.ooni.org/m/20260313085701.689110_KR_webconnectivity_a9ffd46dddd6cb21
https://espivblogs.net/,ok,https://explorer.ooni.org/m/20260313085718.048604_KR_webconnectivity_044cba2f97b31c22
https://family.cloudflare-dns.com/dns-query?dns=q80BAAABAAAAAAAAA3d3dwdleGFtcGxlA2NvbQAAAQAB,dns,https://explorer.ooni.org/m/20260313085719.035586_KR_webconnectivity_d612754b53dcfcc4
https://fcm.googleapis.com/$discovery/rest?version=v1,ok,https://explorer.ooni.org/m/20260313085725.961532_KR_webconnectivity_91723411988af63e
https://findmymethod.org/,dns,https://explorer.ooni.org/m/20260313085727.274317_KR_webconnectivity_1bb7cb22ddb8a415
https://firebaseinstallations.googleapis.com/robots.txt,ok,https://explorer.ooni.org/m/20260313085742.264843_KR_webconnectivity_f09264141029db6a
https://fosfeminista.org/,ok,https://explorer.ooni.org/m/20260313085745.361436_KR_webconnectivity_38082476c5c5f5a4
https://freedns.afraid.org/,dns,https://explorer.ooni.org/m/20260313085753.948228_KR_webconnectivity_072cb0d19f99c40d
https://fridaysforfuture.org/,ok,https://explorer.ooni.org/m/20260313085810.350075_KR_webconnectivity_ea3ab807f271a576
https://friendsoftheearth.uk/,ok,https://explorer.ooni.org/m/20260313085823.659850_KR_webconnectivity_7e2082ef0b9c0971
https://frontlineaids.org/,ok,https://explorer.ooni.org/m/20260313085839.762319_KR_webconnectivity_3a445fe11514ec42
https://gaggaalliance.org/,ok,https://explorer.ooni.org/m/20260313085850.249533_KR_webconnectivity_220f335cb60f585d
http://gall.dcinside.com/,http-diff,https://explorer.ooni.org/m/20260313085909.296675_KR_webconnectivity_8ddcb3e3fcbfb50c
http://gesomoon.com/Ver2/,ok,https://explorer.ooni.org/m/20260313085912.937309_KR_webconnectivity_d8759f82f0f1f322
https://ghost.org/,ok,https://explorer.ooni.org/m/20260313085926.950257_KR_webconnectivity_7a28f3632dcdd678
https://gist.github.com/,ok,https://explorer.ooni.org/m/20260313085942.510229_KR_webconnectivity_2a92d9cd176d3fed
https://git.io/,dns,https://explorer.ooni.org/m/20260313085944.517463_KR_webconnectivity_5388b9a919162b9d
https://github.com/,ok,https://explorer.ooni.org/m/20260313085955.392487_KR_webconnectivity_3109abf06489642e
https://github.com/twbs/bootstrap/releases/download/v4.5.3/bootstrap-4.5.3-examples.zip,ok,https://explorer.ooni.org/m/20260313090014.154314_KR_webconnectivity_d533b1d1934e65ac
https://github.githubassets.com/images/modules/open_graph/github-logo.png,ok,https://explorer.ooni.org/m/20260313090019.973726_KR_webconnectivity_b702847de5faf72c
https://gitlab.com/,dns,https://explorer.ooni.org/m/20260313090021.589627_KR_webconnectivity_0d00cb10e5c8ab5c
https://globalconservation.org/,ok,https://explorer.ooni.org/m/20260313090034.018370_KR_webconnectivity_ef3cfce47036766b
https://goaskalice.columbia.edu/,ok,https://explorer.ooni.org/m/20260313090042.724739_KR_webconnectivity_5f33b137eb96c731
https://greenhost.net/,ok,https://explorer.ooni.org/m/20260313090051.162792_KR_webconnectivity_3b144710c5766fe4
https://i.ytimg.com/vi/JBRf3nEqfZ8/hq720.jpg,ok,https://explorer.ooni.org/m/20260313090057.835865_KR_webconnectivity_e580d2628a4ff910
https://iarf.net/,ok,https://explorer.ooni.org/m/20260313090110.373551_KR_webconnectivity_91f9f34fee4b0948
https://impactlab.org/,ok,https://explorer.ooni.org/m/20260313090125.801230_KR_webconnectivity_3ffdcbca7883e86b
https://isaalmasih.net/,ok,https://explorer.ooni.org/m/20260313090128.791035_KR_webconnectivity_96b9e882d257f9f0
https://islamic-relief.org/,ok,https://explorer.ooni.org/m/20260313090140.949574_KR_webconnectivity_feba74785403bd18
https://islamonline.net/,ok,https://explorer.ooni.org/m/20260313090155.587414_KR_webconnectivity_66a332cb1c183fbb
https://jainworld.com/,ok,https://explorer.ooni.org/m/20260313090207.269800_KR_webconnectivity_3dcd2b794aa90b46
https://joturl.com/,ok,https://explorer.ooni.org/m/20260313090214.485107_KR_webconnectivity_c64f570dcf526c47
https://krishna.com/,ok,https://explorer.ooni.org/m/20260313090226.298601_KR_webconnectivity_9cc4a49238e0bfea
https://letsencrypt.org/,ok,https://explorer.ooni.org/m/20260313090234.765604_KR_webconnectivity_c0e90c41fd347925
https://lh3.ggpht.com/_mm3cDcdhxkc/SzkPLt_zDUI/AAAAAAAAAZM/UplZlTSCVQc/s800/DSC_5305.jpg,ok,https://explorer.ooni.org/m/20260313090249.573751_KR_webconnectivity_d18a80e348208b08
https://lh3.googleusercontent.com/favicon.ico,ok,https://explorer.ooni.org/m/20260313090252.366044_KR_webconnectivity_aa5e5290177306e1
https://lh4.ggpht.com/_PvLDsC2pRvk/ShwiscZujVI/AAAAAAAAFIQ/4q-TYiQ13-k/s512/DSC01330.jpg,ok,https://explorer.ooni.org/m/20260313090301.578296_KR_webconnectivity_a5caf47dcd580903
https://media0.giphy.com/robots.txt,ok,https://explorer.ooni.org/m/20260313090303.892999_KR_webconnectivity_15c4dca5835f81e8
https://media3.giphy.com/robots.txt,ok,https://explorer.ooni.org/m/20260313090306.246311_KR_webconnectivity_592d2127d133eb98
https://medium.com/,ok,https://explorer.ooni.org/m/20260313090309.346976_KR_webconnectivity_ccb14569ced11a04
https://miro.medium.com/robots.txt,ok,https://explorer.ooni.org/m/20260313090313.614956_KR_webconnectivity_72b062ef9f610ce5
http://mlbpark.donga.com/,ok,https://explorer.ooni.org/m/20260313090341.792022_KR_webconnectivity_a3bd20f85117358e
https://moodle.com/,ok,https://explorer.ooni.org/m/20260313090354.876394_KR_webconnectivity_36bb17f1af864099
https://movabletype.com/,ok,https://explorer.ooni.org/m/20260313090359.024408_KR_webconnectivity_b2cf3f6f93419a0d
https://mozilla.cloudflare-dns.com/dns-query?dns=q80BAAABAAAAAAAAA3d3dwdleGFtcGxlA2NvbQAAAQAB,dns,https://explorer.ooni.org/m/20260313090359.760113_KR_webconnectivity_040254bbc019bd1e
https://myabortionstory.tumblr.com/,dns,https://explorer.ooni.org/m/20260313090401.741217_KR_webconnectivity_754cb64a33389b6b
https://nazarene.org/,ok,https://explorer.ooni.org/m/20260313090414.501930_KR_webconnectivity_c3b4372a86aa1f25
http://ndrive.naver.com/,ok,https://explorer.ooni.org/m/20260313090418.607678_KR_webconnectivity_aefbe10d78090488
https://noblogs.org/,ok,https://explorer.ooni.org/m/20260313090426.394093_KR_webconnectivity_0e2d253ea29db1b9
https://notifications-pa.googleapis.com/robots.txt,ok,https://explorer.ooni.org/m/20260313090429.554915_KR_webconnectivity_f0d0322587aefadc
https://oceanconservancy.org/,ok,https://explorer.ooni.org/m/20260313090440.818097_KR_webconnectivity_4d2a2e3bdfdd8e92
https://ooni.github.io/,ok,https://explorer.ooni.org/m/20260313090446.698607_KR_webconnectivity_038e7b8ea082b275
https://ow.ly/,ok,https://explorer.ooni.org/m/20260313090451.190023_KR_webconnectivity_0a217e34aabf312b
https://pastebin.com/,dns,https://explorer.ooni.org/m/20260313090452.311006_KR_webconnectivity_aebcbed878a53896
http://peta.xxx/,dns,https://explorer.ooni.org/m/20260313090453.604345_KR_webconnectivity_e6797ff45624c89a
https://pingomatic.com/,ok,https://explorer.ooni.org/m/20260313090456.354671_KR_webconnectivity_97a4c12de401f21f
https://play-lh.googleusercontent.com/SZ7vNaa9txw_JsYsiOOP4_4fOaKfJVMQ-_aM10MW7x93IPDYoqdIkHSw-ffCgBABFSM=s256-rw,ok,https://explorer.ooni.org/m/20260313090500.141286_KR_webconnectivity_e24b7e6ef5b85f4c
https://play.google.com/,ok,https://explorer.ooni.org/m/20260313090514.682869_KR_webconnectivity_e33449aa863d06ac
https://play.googleapis.com/robots.txt,ok,https://explorer.ooni.org/m/20260313090517.623125_KR_webconnectivity_e6a13b440feb20bb
https://private.canadianshield.cira.ca/dns-query?dns=q80BAAABAAAAAAAAA3d3dwdleGFtcGxlA2NvbQAAAQAB,ok,https://explorer.ooni.org/m/20260313090520.261864_KR_webconnectivity_f89d08d8d485a317
https://prolife.com/,dns,https://explorer.ooni.org/m/20260313090524.735441_KR_webconnectivity_2d2c4166c0f0dc43
https://prq.se/,dns,https://explorer.ooni.org/m/20260313090525.950423_KR_webconnectivity_f4345b5f8e2d4af4
https://quran.com/,ok,https://explorer.ooni.org/m/20260313090534.777722_KR_webconnectivity_dcb1dbe0ced183fc
http://r3.o.lencr.org/,ok,https://explorer.ooni.org/m/20260313090535.845938_KR_webconnectivity_fbdd1c75069a8328
https://rebellion.global/,ok,https://explorer.ooni.org/m/20260313090541.372180_KR_webconnectivity_36033b0cbdeda90d
https://redapes.org/,ok,https://explorer.ooni.org/m/20260313090554.884301_KR_webconnectivity_ef1bde02d55c791f
https://replug.io/,ok,https://explorer.ooni.org/m/20260313090607.266596_KR_webconnectivity_45a0080ca744c00e
http://ruliweb.daum.net/,http-failure,https://explorer.ooni.org/m/20260313090611.884325_KR_webconnectivity_e616735527834d8d
https://rutube.ru/,ok,https://explorer.ooni.org/m/20260313090623.582508_KR_webconnectivity_be76cdb2d861d613
https://safe2choose.org/,dns,https://explorer.ooni.org/m/20260313090625.456883_KR_webconnectivity_cb5940ab82c9cf2e
http://sex.clinic.co.kr/,dns,https://explorer.ooni.org/m/20260313090630.042318_KR_webconnectivity_4155ffafe7770caa
https://sexetc.org/,dns,https://explorer.ooni.org/m/20260313090631.425211_KR_webconnectivity_d60be7dd15bb8979
http://shamash.org/,error,https://explorer.ooni.org/m/20260313090634.628370_KR_webconnectivity_f1da32a4cf86e902
http://shia.org/,tcp_ip,https://explorer.ooni.org/m/20260313090706.747259_KR_webconnectivity_373c1884e0d711a1
https://short.io/,ok,https://explorer.ooni.org/m/20260313090721.291895_KR_webconnectivity_120f583da7de9907
https://sites.google.com/,ok,https://explorer.ooni.org/m/20260313090738.627293_KR_webconnectivity_1540892095cc3df5
https://sniply.io/,ok,https://explorer.ooni.org/m/20260313090752.343323_KR_webconnectivity_df7bc13ada55b993
https://solar-aid.org/,ok,https://explorer.ooni.org/m/20260313090800.345228_KR_webconnectivity_03bb3996d430406c
https://srhrforall.org/,ok,https://explorer.ooni.org/m/20260313090803.156192_KR_webconnectivity_7705787d54896799
https://stackexchange.com/,ok,https://explorer.ooni.org/m/20260313090805.460308_KR_webconnectivity_c2ae8df94f6145ea
https://stackoverflow.com/,ok,https://explorer.ooni.org/m/20260313090808.030912_KR_webconnectivity_467c4cfca1125e79
https://t.co/,dns,https://explorer.ooni.org/m/20260313090809.073253_KR_webconnectivity_6353848f0d27f99f
https://t2mio.com/,ok,https://explorer.ooni.org/m/20260313090819.706256_KR_webconnectivity_77e8a85436fa5016
http://tanzil.net/,ok,https://explorer.ooni.org/m/20260313090825.053685_KR_webconnectivity_2885945a71b249da
https://technorati.com/,ok,https://explorer.ooni.org/m/20260313090828.501023_KR_webconnectivity_4d588c77701a000f
https://telegra.ph/,dns,https://explorer.ooni.org/m/20260313090829.215626_KR_webconnectivity_83ad9634d3b2e411
https://thereisnoearthb.org/,ok,https://explorer.ooni.org/m/20260313090834.889052_KR_webconnectivity_7dd704c77299e716
https://tiny.cc/,ok,https://explorer.ooni.org/m/20260313090839.253745_KR_webconnectivity_0c09773bbf036d34
https://tinyurl.com/,ok,https://explorer.ooni.org/m/20260313090842.154752_KR_webconnectivity_e932886f921091bd
https://torah.org/,ok,https://explorer.ooni.org/m/20260313090845.267445_KR_webconnectivity_0018f32f2d53c59e
https://turbobit.net/,ok,https://explorer.ooni.org/m/20260313090851.505386_KR_webconnectivity_ef427d4fb0a4a636
https://vesselthefilm.com/,ok,https://explorer.ooni.org/m/20260313090905.918611_KR_webconnectivity_d6749c72c02623dc
https://we.riseup.net/,ok,https://explorer.ooni.org/m/20260313090909.571281_KR_webconnectivity_63054027bbf3253c
http://web.humoruniv.com/main.html,ok,https://explorer.ooni.org/m/20260313090922.777804_KR_webconnectivity_f1e3957068134017
http://web.khu.ac.kr/,ok,https://explorer.ooni.org/m/20260313090925.611431_KR_webconnectivity_29f13dd96c9d75be
http://weblogs.us/,ok,https://explorer.ooni.org/m/20260313090936.351810_KR_webconnectivity_0247b613675c0225
https://womenfirstdigital.org/,ok,https://explorer.ooni.org/m/20260313090948.881054_KR_webconnectivity_4708fc31540bd5e0
https://womenonweb.kr/,http-failure,https://explorer.ooni.org/m/20260313090951.544722_KR_webconnectivity_cc4715ff2c0e72b3
https://wordpress.com/,ok,https://explorer.ooni.org/m/20260313091004.438710_KR_webconnectivity_7f10a40587912963
https://wordpress.org/,ok,https://explorer.ooni.org/m/20260313091017.357657_KR_webconnectivity_0f770f809f9f01f2
https://write.as/,ok,https://explorer.ooni.org/m/20260313091021.750712_KR_webconnectivity_583b6f48b4e8e596
https://wupj.org/,ok,https://explorer.ooni.org/m/20260313091027.268651_KR_webconnectivity_f3925dc97edd9515
https://wwf.panda.org/,ok,https://explorer.ooni.org/m/20260313091038.679593_KR_webconnectivity_876a6aa52c925d4b
https://www.100webspace.com/,ok,https://explorer.ooni.org/m/20260313091052.029988_KR_webconnectivity_1a0288aed32cb8dc
https://www.1800respect.org.au/languages/,ok,https://explorer.ooni.org/m/20260313091102.262617_KR_webconnectivity_7de4b04dd57a73ab
https://www.abortionno.org/,dns,https://explorer.ooni.org/m/20260313091103.068476_KR_webconnectivity_66bc57378acf823a
https://www.abortoinfosegura.com/,ok,https://explorer.ooni.org/m/20260313091106.762127_KR_webconnectivity_82a861ed7204472c
https://www.adl.org/,ok,https://explorer.ooni.org/m/20260313091117.525693_KR_webconnectivity_39e0358acfdec84b
https://www.adventist.org/,ok,https://explorer.ooni.org/m/20260313091122.045687_KR_webconnectivity_745a575272bc34c5
https://www.advocatesforyouth.org/,ok,https://explorer.ooni.org/m/20260313091124.616760_KR_webconnectivity_a273df9a226a79af
http://www.afreeca.com/,http-failure,https://explorer.ooni.org/m/20260313091128.709944_KR_webconnectivity_2b9b57399271a293
http://www.ahsex.org/,error,https://explorer.ooni.org/m/20260313091145.326012_KR_webconnectivity_580d0a579f067668
https://www.angelfire.lycos.com/,ok,https://explorer.ooni.org/m/20260313091215.827036_KR_webconnectivity_a3296c555380b1d4
https://www.anglicancommunion.org/,ok,https://explorer.ooni.org/m/20260313091231.751062_KR_webconnectivity_5da5c865584ee6fa
http://www.arder.co.kr/,dns,https://explorer.ooni.org/m/20260313091241.500063_KR_webconnectivity_c2727ee259a924d4
http://www.asiatour.com/,ok,https://explorer.ooni.org/m/20260313091245.020364_KR_webconnectivity_3e44a6fc1769ec66
https://www.atheistalliance.org/,ok,https://explorer.ooni.org/m/20260313091256.473281_KR_webconnectivity_5d4c28ecb9aa5fea
https://www.atheists.org/,ok,https://explorer.ooni.org/m/20260313091305.238104_KR_webconnectivity_c4d274778c5689ff
http://www.auduboninternational.org/,ok,https://explorer.ooni.org/m/20260313091318.611107_KR_webconnectivity_f8a1a2d8eb92b71f
https://www.autistici.org/,ok,https://explorer.ooni.org/m/20260313091325.805633_KR_webconnectivity_42a38c379c7809e2
http://www.bahai.org/,ok,https://explorer.ooni.org/m/20260313091339.624555_KR_webconnectivity_a9ec940f8a4603a2
https://www.beintheknow.org/,dns,https://explorer.ooni.org/m/20260313091340.693838_KR_webconnectivity_bbf036ab9425893b
https://www.bing-amp.com/v0/amp-iframe-0.1.js,error,https://explorer.ooni.org/m/20260313091342.155618_KR_webconnectivity_7edb79b6b72316c3
https://www.birthcontrol.com/,dns,https://explorer.ooni.org/m/20260313091344.724907_KR_webconnectivity_6b1b3f32d4d370d0
http://www.biz.ly/,ok,https://explorer.ooni.org/m/20260313091356.965230_KR_webconnectivity_6bc97879286618ba
https://www.bl.ink/,ok,https://explorer.ooni.org/m/20260313091410.154503_KR_webconnectivity_2e82e1154a67c90c
http://www.blogeasy.com/,ok,https://explorer.ooni.org/m/20260313091413.955004_KR_webconnectivity_5a34adb6a4dd370a
https://www.blogger.com/,ok,https://explorer.ooni.org/m/20260313091430.844259_KR_webconnectivity_e530290abd3a3837
http://www.blogsome.com/,ok,https://explorer.ooni.org/m/20260313091434.814553_KR_webconnectivity_f58a3a529445a9a4
https://www.brinkster.com/,ok,https://explorer.ooni.org/m/20260313091441.650554_KR_webconnectivity_fee90451f87458e9
http://www.buddhanet.net/,ok,https://explorer.ooni.org/m/20260313091501.464921_KR_webconnectivity_a75647acec370b5f
http://www.cafe24.com/,ok,https://explorer.ooni.org/m/20260313091521.076660_KR_webconnectivity_42fb2b476b3c8a04
https://speedify.com/,dns,https://explorer.ooni.org/m/20260313091522.435202_KR_webconnectivity_101aae87792a4666
http://streetmeatasia.com/,dns,https://explorer.ooni.org/m/20260313091526.971325_KR_webconnectivity_63225a22af4fc0e3
http://www.88square.com/,dns,https://explorer.ooni.org/m/20260313091543.192610_KR_webconnectivity_385a5d4682e9f83a
http://www.asiangirlsnextdoor.com/,dns,https://explorer.ooni.org/m/20260313091544.344794_KR_webconnectivity_c15da1261df76e8e
http://www.asianthumbs.org/,dns,https://explorer.ooni.org/m/20260313091546.729543_KR_webconnectivity_b70652dc9409b1a8
http://www.bangkokstreetwhores.com/,dns,https://explorer.ooni.org/m/20260313091548.853639_KR_webconnectivity_36345941c8b6d6d6
http://www.dateinasia.com/,dns,https://explorer.ooni.org/m/20260313091550.485908_KR_webconnectivity_8c54f90653b819fe
http://www.exploitedteensasia.com/,dns,https://explorer.ooni.org/m/20260313091553.449641_KR_webconnectivity_9015c146b0a0e15b
http://www.gayasianamateurs.com/,dns,https://explorer.ooni.org/m/20260313091554.181378_KR_webconnectivity_d45eb9386c517bd1
https://www.carbonbrief.org/,ok,https://explorer.ooni.org/m/20260313091608.902193_KR_webconnectivity_858ac6896fe41164
http://www.unescap.org/,ok,https://explorer.ooni.org/m/20260313091611.981825_KR_webconnectivity_64b19a66ea57c9d1
http://www.globalgayz.com/,ok,https://explorer.ooni.org/m/20260313091622.465651_KR_webconnectivity_959d0f17324c3181
http://www.thaichix.com/,dns,https://explorer.ooni.org/m/20260313091623.897796_KR_webconnectivity_66c0e95bddfaa807
http://www.thaicuties.com/,dns,https://explorer.ooni.org/m/20260313091625.612682_KR_webconnectivity_38074efa11c221af
http://www.secularislam.org/,ok,https://explorer.ooni.org/m/20260313091630.140389_KR_webconnectivity_43fbef31398716a4
https://en.wiktionary.org/,ok,https://explorer.ooni.org/m/20260313091644.659523_KR_webconnectivity_8be7194e8c7d0949
ok,dns,tcp_ip,http-diff,http-failure,confirmed,error,no_data,http(legacy)
1527,559,31,7,29,24,44,0,0
2221/2221 (expected)
