https://twitter.com/,ok,https://explorer.ooni.org/m/20260309044242.865175_KR_webconnectivity_6319366e7b5173fd
https://www.facebook.com/,ok,https://explorer.ooni.org/m/20260309044253.203078_KR_webconnectivity_a31e00dcc8fedf26
https://www.instagram.com/,ok,https://explorer.ooni.org/m/20260309044304.763752_KR_webconnectivity_999170365f5febb1
https://www.youtube.com/,ok,https://explorer.ooni.org/m/20260309044322.332941_KR_webconnectivity_dc446e6e4b536605
https://safeabortionpills.org/,http-failure,https://explorer.ooni.org/m/20260309044324.512921_KR_webconnectivity_8f5c04507079d376
https://discord.com/,ok,https://explorer.ooni.org/m/20260309044336.287280_KR_webconnectivity_f00e860dec241340
https://www.reddit.com/,dns,https://explorer.ooni.org/m/20260309044337.412284_KR_webconnectivity_c7d672ca544ef837
https://signal.org/,ok,https://explorer.ooni.org/m/20260309044340.795241_KR_webconnectivity_4a6900380fceeefa
https://telegram.org/,dns,https://explorer.ooni.org/m/20260309044341.883249_KR_webconnectivity_308ff3893b7b1ff0
https://vimeo.com/,dns,https://explorer.ooni.org/m/20260309044343.460518_KR_webconnectivity_4a849439050d6089
https://www.snapchat.com/,ok,https://explorer.ooni.org/m/20260309044350.688712_KR_webconnectivity_32c0a5b3b99b60a4
https://www.viber.com/,ok,https://explorer.ooni.org/m/20260309044354.837165_KR_webconnectivity_d6e68ae942fd50e8
https://www.wechat.com/,ok,https://explorer.ooni.org/m/20260309044357.313307_KR_webconnectivity_a84df72bea29478d
https://www.whatsapp.com/,ok,https://explorer.ooni.org/m/20260309044411.256863_KR_webconnectivity_cabdbc8a271d4e2f
https://9gag.com/,dns,https://explorer.ooni.org/m/20260309044412.414924_KR_webconnectivity_6793ee54aed6e177
https://abs.twimg.com/sticky/default_profile_images/default_profile_normal.png,ok,https://explorer.ooni.org/m/20260309044414.169126_KR_webconnectivity_4b4134591c4ec4d1
https://adium.im/,ok,https://explorer.ooni.org/m/20260309044418.971214_KR_webconnectivity_eaecdf061812b5f5
https://badoo.com/,dns,https://explorer.ooni.org/m/20260309044420.232051_KR_webconnectivity_d21d0c15bf61ccba
http://blogmarks.net/,dns,https://explorer.ooni.org/m/20260309044421.376349_KR_webconnectivity_bdd5cfea5577e13d
https://bsky.app/,ok,https://explorer.ooni.org/m/20260309044426.294540_KR_webconnectivity_c59356467f6ab6fd
https://cdn.fbsbx.com/favicon.ico,dns,https://explorer.ooni.org/m/20260309044427.382542_KR_webconnectivity_0bc313df303f0bab
https://clubhouse.pubnub.com/,ok,https://explorer.ooni.org/m/20260309044430.658478_KR_webconnectivity_c23cc414d55eea7e
https://ebuddy.com/,ok,https://explorer.ooni.org/m/20260309044434.565100_KR_webconnectivity_e62cc8f06b279b9d
https://edge-chat.instagram.com/robots.txt,ok,https://explorer.ooni.org/m/20260309044438.040304_KR_webconnectivity_610b14fe3368a4f8
https://edge-mqtt.facebook.com/favicon.ico,ok,https://explorer.ooni.org/m/20260309044439.743134_KR_webconnectivity_2082033d9511e082
https://elpha.com/,error,https://explorer.ooni.org/m/20260309044441.824490_KR_webconnectivity_1ea461e59b2f0c59
https://external.xx.fbcdn.net/robots.txt,ok,https://explorer.ooni.org/m/20260309044444.154460_KR_webconnectivity_382433997f529e74
https://fbcdn.net/robots.txt,ok,https://explorer.ooni.org/m/20260309044446.873638_KR_webconnectivity_a44bea719fcb1a8e
https://foursquare.com/,ok,https://explorer.ooni.org/m/20260309044458.829167_KR_webconnectivity_fe57f54916cbf734
http://friend.com.kp/,dns,https://explorer.ooni.org/m/20260309044502.615813_KR_webconnectivity_2304ef0cfba828ec
https://gab.com/,ok,https://explorer.ooni.org/m/20260309044506.394406_KR_webconnectivity_353d236f09033a85
https://gettr.com/,ok,https://explorer.ooni.org/m/20260309044509.573462_KR_webconnectivity_7d9b568b7dadb7e6
https://groups.google.com/,ok,https://explorer.ooni.org/m/20260309044523.462549_KR_webconnectivity_c77010aedc2268b5
https://i.instagram.com/robots.txt,ok,https://explorer.ooni.org/m/20260309044526.171175_KR_webconnectivity_61ebf8925483da9b
https://i.pinimg.com/236x/78/6e/00/786e00eab219eca59803d118fbe0feb3.jpg,ok,https://explorer.ooni.org/m/20260309044532.317169_KR_webconnectivity_ceabf9cabe20150b
https://instagram.fsaw1-13.fna.fbcdn.net/favicon.ico,ok,https://explorer.ooni.org/m/20260309044536.387057_KR_webconnectivity_beb282bd8e613a4f
https://joinmastodon.org/,ok,https://explorer.ooni.org/m/20260309044546.130845_KR_webconnectivity_4d5a2addb79ea53b
https://locals.com/,ok,https://explorer.ooni.org/m/20260309044556.821306_KR_webconnectivity_202efb389b47bab7
https://lookaside.facebook.com/robots.txt,ok,https://explorer.ooni.org/m/20260309044602.235225_KR_webconnectivity_313557b84e30feb6
https://mastodon.cloud/,ok,https://explorer.ooni.org/m/20260309044606.236874_KR_webconnectivity_9033d76af8225605
https://mastodon.sdf.org/,ok,https://explorer.ooni.org/m/20260309044612.855578_KR_webconnectivity_d7d0c68a34a2e89e
https://mastodon.social/,ok,https://explorer.ooni.org/m/20260309044618.407377_KR_webconnectivity_09a8a2a144fcd35e
https://mastodon.xyz/,ok,https://explorer.ooni.org/m/20260309044625.107841_KR_webconnectivity_3ee9b77ff8f2b653
https://mstdn.io/,ok,https://explorer.ooni.org/m/20260309044631.194984_KR_webconnectivity_702fe4c03342594b
https://mstdn.jp/,ok,https://explorer.ooni.org/m/20260309044636.434200_KR_webconnectivity_ff45b3a39a5ecfb8
https://myspace.com/,error,https://explorer.ooni.org/m/20260309044637.699925_KR_webconnectivity_889328ffac120b8d
https://ntc.party/,dns,https://explorer.ooni.org/m/20260309044640.087008_KR_webconnectivity_309973dcc2b64b3a
https://pbs.twimg.com/profile_images/941658150889054208/lFeD3554_200x200.jpg,ok,https://explorer.ooni.org/m/20260309044643.289737_KR_webconnectivity_dc658a283fc83b25
https://pixelfed.social/,ok,https://explorer.ooni.org/m/20260309044646.380980_KR_webconnectivity_0029fd0962da1c7c
https://plus.im/,ok,https://explorer.ooni.org/m/20260309044651.546467_KR_webconnectivity_70a81791e0d1681f
https://preview.redd.it/robots.txt,ok,https://explorer.ooni.org/m/20260309044654.601656_KR_webconnectivity_108a1b9de7df7e6f
https://qph.fs.quoracdn.net/main-thumb-1117688072-200-uijiqfjcmlvaxczdrlawbgyaomfocdnt.jpeg,ok,https://explorer.ooni.org/m/20260309044656.573730_KR_webconnectivity_75adafe22e83110d
https://qsbr.fs.quoracdn.net/-4-web.entry.js.out-34-8f7d03da0b7a24ae.webpack,ok,https://explorer.ooni.org/m/20260309044701.585873_KR_webconnectivity_a1665d0acc020d47
https://s.pinimg.com/robots.txt,ok,https://explorer.ooni.org/m/20260309044704.694315_KR_webconnectivity_1905304ff0aac405
https://scontent-ams4-1.cdninstagram.com/favicon.ico,ok,https://explorer.ooni.org/m/20260309044707.974656_KR_webconnectivity_09aa417336e19fd4
https://scontent-frt3-2.cdninstagram.com/favicon.ico,ok,https://explorer.ooni.org/m/20260309044709.668485_KR_webconnectivity_1814497c658f5fbc
https://scontent-vie1-1.cdninstagram.com/favicon.ico,ok,https://explorer.ooni.org/m/20260309044712.618156_KR_webconnectivity_8e8ff2d4ba6c0337
https://scontent.cdninstagram.com/robots.txt,ok,https://explorer.ooni.org/m/20260309044715.843311_KR_webconnectivity_1d31c307d3e3b4ba
https://scontent.xx.fbcdn.net/robots.txt,ok,https://explorer.ooni.org/m/20260309044719.464540_KR_webconnectivity_c3b421d47012d1cf
https://secondlife.com/,dns,https://explorer.ooni.org/m/20260309044720.864651_KR_webconnectivity_759288fdcc0e70d8
https://static.cdninstagram.com/robots.txt,ok,https://explorer.ooni.org/m/20260309044723.824002_KR_webconnectivity_bfa27fc4943e6a55
https://static.xx.fbcdn.net/favicon.ico,ok,https://explorer.ooni.org/m/20260309044732.732118_KR_webconnectivity_0293c469b7d4c400
https://staticxx.facebook.com/robots.txt,ok,https://explorer.ooni.org/m/20260309044734.961027_KR_webconnectivity_4c83845a3771dc18
https://styles.redditmedia.com/robots.txt,ok,https://explorer.ooni.org/m/20260309044736.751857_KR_webconnectivity_be6d03a0cc5ae8cb
https://tinder.com/,dns,https://explorer.ooni.org/m/20260309044737.854617_KR_webconnectivity_f559ec6347c36e7c
https://triller.co/,error,https://explorer.ooni.org/m/20260309044739.726379_KR_webconnectivity_7bd42cfcd7edcb20
https://untappd.com/,ok,https://explorer.ooni.org/m/20260309044751.325723_KR_webconnectivity_f8ba1fa5321536b8
https://upload.twitter.com/robots.txt,ok,https://explorer.ooni.org/m/20260309044753.154998_KR_webconnectivity_f36447e8af9f765c
https://valence.community/,ok,https://explorer.ooni.org/m/20260309044756.064205_KR_webconnectivity_6cc2806988b2b9cb
https://video.cdninstagram.com/favicon.ico,ok,https://explorer.ooni.org/m/20260309044758.763965_KR_webconnectivity_915ac68a3758e9a4
https://video.twimg.com/tweet_video/EC6DSXDXsAEhHAa.mp4,ok,https://explorer.ooni.org/m/20260309044805.189047_KR_webconnectivity_ca14dad79b5fd6d0
https://vk.com/,ok,https://explorer.ooni.org/m/20260309044823.488837_KR_webconnectivity_eee7458864a461bc
https://web.facebook.com/robots.txt,ok,https://explorer.ooni.org/m/20260309044828.141295_KR_webconnectivity_5ca53879fce2132b
https://weibo.com/,ok,https://explorer.ooni.org/m/20260309044831.930076_KR_webconnectivity_58d0abdee4df01bd
https://www.4chan.org/,dns,https://explorer.ooni.org/m/20260309044834.393336_KR_webconnectivity_36e28292aebefebc
https://www.clubhouse.com/,ok,https://explorer.ooni.org/m/20260309044838.560628_KR_webconnectivity_5132f718eca90f43
https://www.clubhouseapi.com/,ok,https://explorer.ooni.org/m/20260309044840.838275_KR_webconnectivity_10c8e277c2733833
https://www.douyin.com/,ok,https://explorer.ooni.org/m/20260309044848.452576_KR_webconnectivity_a87a9dbeb88a158a
https://www.hootsuite.com/,ok,https://explorer.ooni.org/m/20260309044900.154373_KR_webconnectivity_e6f60537496ff746
https://www.imqq.com/,ok,https://explorer.ooni.org/m/20260309044902.646457_KR_webconnectivity_6c35d12134c4c12d
https://www.joinclubhouse.com/,ok,https://explorer.ooni.org/m/20260309044906.042811_KR_webconnectivity_13495782be31a398
https://www.linkedin.com/,ok,https://explorer.ooni.org/m/20260309044919.206935_KR_webconnectivity_edb384c43d4691f2
https://www.meetme.com/,dns,https://explorer.ooni.org/m/20260309044920.268521_KR_webconnectivity_2b37d6af7734a13e
https://www.meetup.com/,dns,https://explorer.ooni.org/m/20260309044921.325399_KR_webconnectivity_912997428eaad091
https://www.minds.com/,ok,https://explorer.ooni.org/m/20260309044935.065032_KR_webconnectivity_d958378b42f157db
https://www.ning.com/,ok,https://explorer.ooni.org/m/20260309044945.952028_KR_webconnectivity_947c787fb6351303
https://www.patreon.com/,ok,https://explorer.ooni.org/m/20260309044957.426458_KR_webconnectivity_38e56718338499b7
https://www.quora.com/,ok,https://explorer.ooni.org/m/20260309045000.326229_KR_webconnectivity_5b406b942ddfaeae
https://www.redditstatic.com/robots.txt,ok,https://explorer.ooni.org/m/20260309045002.333168_KR_webconnectivity_02ffed037ee13586
https://www.trendsmap.com/,tcp_ip,https://explorer.ooni.org/m/20260309045004.167125_KR_webconnectivity_3ba2f36eb3c2ae93
https://www.worldpulse.com/,ok,https://explorer.ooni.org/m/20260309045006.618920_KR_webconnectivity_de0d1be482b245dc
https://www.yelp.com/,ok,https://explorer.ooni.org/m/20260309045008.492335_KR_webconnectivity_28838f4eb42ec876
https://www.yubo.live/,ok,https://explorer.ooni.org/m/20260309045010.949685_KR_webconnectivity_047041ba0b6e10ef
https://1.1.1.1/,tcp_ip,https://explorer.ooni.org/m/20260309045041.647596_KR_webconnectivity_b112bbc35800b8d3
http://2015peoplepower.tistory.com/,ok,https://explorer.ooni.org/m/20260309045043.905047_KR_webconnectivity_c49d7ae82b5f0b8e
http://416family.org/,ok,https://explorer.ooni.org/m/20260309045049.369124_KR_webconnectivity_0f2de532f795d337
https://4genderjustice.org/,ok,https://explorer.ooni.org/m/20260309045103.703221_KR_webconnectivity_858983f14786ab39
https://76crimes.com/,ok,https://explorer.ooni.org/m/20260309045116.292017_KR_webconnectivity_abe980210ff03e6c
http://abc.go.com/,ok,https://explorer.ooni.org/m/20260309045130.175904_KR_webconnectivity_81f88deafc7d2034
https://abortion-pills.org/,http-failure,https://explorer.ooni.org/m/20260309045131.838852_KR_webconnectivity_48a58b6b16166642
http://act.jinbo.net/,ok,https://explorer.ooni.org/m/20260309045147.255311_KR_webconnectivity_2db6aa71ad331a65
https://actionaid.org/,ok,https://explorer.ooni.org/m/20260309045155.220599_KR_webconnectivity_8427adb1e61c51f9
https://advox.globalvoices.org/,error,https://explorer.ooni.org/m/20260309045159.746533_KR_webconnectivity_0af767f767971bbe
https://afterellen.com/,ok,https://explorer.ooni.org/m/20260309045202.535076_KR_webconnectivity_547fbb835a488854
https://airvpn.org/,dns,https://explorer.ooni.org/m/20260309045203.713689_KR_webconnectivity_5f2255896780d585
https://allout.org/,dns,https://explorer.ooni.org/m/20260309045206.047014_KR_webconnectivity_2dbba35a789a7be8
https://allthefallen.moe/,dns,https://explorer.ooni.org/m/20260309045207.482442_KR_webconnectivity_965efc21f1ca5603
https://amnezia.org/,dns,https://explorer.ooni.org/m/20260309045209.189670_KR_webconnectivity_78407ab7908b5e3d
https://anon.inf.tu-dresden.de/,dns,https://explorer.ooni.org/m/20260309045210.512503_KR_webconnectivity_65aa9881c54353ba
http://anonymizer.secuser.com/,dns,https://explorer.ooni.org/m/20260309045211.500007_KR_webconnectivity_1311c5e900a4886f
http://anonymouse.org/,dns,https://explorer.ooni.org/m/20260309045227.540368_KR_webconnectivity_780f784afe8c897f
https://antivigilancia.org/,dns,https://explorer.ooni.org/m/20260309045230.079749_KR_webconnectivity_ab382180841876a7
https://api.protonvpn.ch/tests/ping,dns,https://explorer.ooni.org/m/20260309045231.342216_KR_webconnectivity_2bfc2e4f448edcfd
https://arc-international.net/,ok,https://explorer.ooni.org/m/20260309045245.538335_KR_webconnectivity_8047ea7796dfb3ca
https://asiatimes.com/,ok,https://explorer.ooni.org/m/20260309045256.794009_KR_webconnectivity_d7bb00ab86e42f3c
https://atlasofsurveillance.org/,ok,https://explorer.ooni.org/m/20260309045304.551579_KR_webconnectivity_14640d838243f734
https://banthis.tv/,dns,https://explorer.ooni.org/m/20260309045305.936434_KR_webconnectivity_e41f996d3992fb18
http://base21.jinbo.net/,ok,https://explorer.ooni.org/m/20260309045321.070433_KR_webconnectivity_9b5abe5ab7a69d56
http://beyondexgay.com/,http-diff,https://explorer.ooni.org/m/20260309045323.560170_KR_webconnectivity_7bd1c1f7c1522bff
https://bi.org/,dns,https://explorer.ooni.org/m/20260309045326.222413_KR_webconnectivity_029350c50fcf857c
https://blog.genderwatchdog.org/,ok,https://explorer.ooni.org/m/20260309045332.811066_KR_webconnectivity_2a7acb594aee82db
http://blog.jinbo.net/,ok,https://explorer.ooni.org/m/20260309045344.797738_KR_webconnectivity_4e2a4aaaa42d3d33
https://boingboing.net/,dns,https://explorer.ooni.org/m/20260309045346.832378_KR_webconnectivity_b277149f1105705f
https://bouncer.ooni.io/,ok,https://explorer.ooni.org/m/20260309045351.183171_KR_webconnectivity_e8a017d65500b18f
https://bricspress.live/,ok,https://explorer.ooni.org/m/20260309045351.990613_KR_webconnectivity_6d85c614ac7224e2
https://bridges.torproject.org/,dns,https://explorer.ooni.org/m/20260309045352.779689_KR_webconnectivity_cdde92c1cc87ad39
https://brothersroad.org/,ok,https://explorer.ooni.org/m/20260309045401.872683_KR_webconnectivity_193afe3509a59301
https://btguard.com/,dns,https://explorer.ooni.org/m/20260309045403.453637_KR_webconnectivity_6ab7ec69365a986d
http://cafe.daum.net/,ok,https://explorer.ooni.org/m/20260309045408.250536_KR_webconnectivity_d6f73fe18a1bdcbd
http://cafe.daum.net/antimb,ok,https://explorer.ooni.org/m/20260309045411.089749_KR_webconnectivity_40ea7482f27bd411
http://cafe.daum.net/libertyofthepress,ok,https://explorer.ooni.org/m/20260309045414.016459_KR_webconnectivity_e13f9052c5716f71
http://cafe.daum.net/pridecare,ok,https://explorer.ooni.org/m/20260309045417.407941_KR_webconnectivity_5398b3b47846604b
http://cafe.daum.net/stopcjd,ok,https://explorer.ooni.org/m/20260309045420.798320_KR_webconnectivity_f68efaf11a330042
http://cafe.naver.com/asunaro/,ok,https://explorer.ooni.org/m/20260309045434.370722_KR_webconnectivity_9ed2e1a5394570be
https://carafem.org/,dns,https://explorer.ooni.org/m/20260309045435.549504_KR_webconnectivity_3fb812a32f8aeb9d
https://carnegieendowment.org/,ok,https://explorer.ooni.org/m/20260309045452.023512_KR_webconnectivity_8a214f29690d9319
https://ccrjustice.org/,ok,https://explorer.ooni.org/m/20260309045455.376659_KR_webconnectivity_0f5a3079007dff59
https://cdns.grindr.com/,dns,https://explorer.ooni.org/m/20260309045457.024915_KR_webconnectivity_98409464d3b5a006
https://cdt.org/,ok,https://explorer.ooni.org/m/20260309045459.987330_KR_webconnectivity_a715d5f95bba49fb
https://censorship.no/,dns,https://explorer.ooni.org/m/20260309045501.438521_KR_webconnectivity_ef38f9b29db023d7
https://certbot.eff.org/,ok,https://explorer.ooni.org/m/20260309045511.802412_KR_webconnectivity_29e47ec5950b9d06
https://citizenlab.ca/,ok,https://explorer.ooni.org/m/20260309045526.217401_KR_webconnectivity_95ac6d131ed6c1a8
http://comingout.narun.net/,ok,https://explorer.ooni.org/m/20260309045527.881028_KR_webconnectivity_089313c5f150ffd5
https://cpj.org/,ok,https://explorer.ooni.org/m/20260309045540.437074_KR_webconnectivity_6c84aa41216fd0ba
https://creativecommons.org/,dns,https://explorer.ooni.org/m/20260309045541.261177_KR_webconnectivity_b5e833228af89091
https://cryptome.org/,dns,https://explorer.ooni.org/m/20260309045543.169936_KR_webconnectivity_2b273ab0d8f686ce
https://cryptpad.fr/,ok,https://explorer.ooni.org/m/20260309045546.069474_KR_webconnectivity_22a26313a7de3188
https://cryptpad.org/instances/,ok,https://explorer.ooni.org/m/20260309045550.384590_KR_webconnectivity_1eafc2158b2427d7
https://csid-online.org/,ok,https://explorer.ooni.org/m/20260309045558.281948_KR_webconnectivity_f8118fc4d6c477f9
https://cyber.harvard.edu/,ok,https://explorer.ooni.org/m/20260309045603.991939_KR_webconnectivity_feabeabbe3484f14
https://dartcenter.org/,ok,https://explorer.ooni.org/m/20260309045608.023412_KR_webconnectivity_fa34797f441ad27f
https://ddosecrets.com/,ok,https://explorer.ooni.org/m/20260309045629.622357_KR_webconnectivity_ad21c14b4e77f28c
https://defenddefenders.org/,ok,https://explorer.ooni.org/m/20260309045631.382301_KR_webconnectivity_57acb83d0f346e8d
https://disclose.ngo/,ok,https://explorer.ooni.org/m/20260309045634.500369_KR_webconnectivity_bd7f3afac978b18f
https://dn42.dev/,ok,https://explorer.ooni.org/m/20260309045639.604343_KR_webconnectivity_c4523f63d0391e34
https://docs.mvt.re/,dns,https://explorer.ooni.org/m/20260309045640.710194_KR_webconnectivity_f74cb75c513e25f3
https://edition.cnn.com/,ok,https://explorer.ooni.org/m/20260309045651.807196_KR_webconnectivity_51da32542bd45429
http://english.chosun.com/,ok,https://explorer.ooni.org/m/20260309045653.194475_KR_webconnectivity_17c9f7e98f923215
http://english.eduhope.net/,ok,https://explorer.ooni.org/m/20260309045657.364199_KR_webconnectivity_b4932075c5f9139d
http://english.hani.co.kr/,ok,https://explorer.ooni.org/m/20260309045708.115199_KR_webconnectivity_5d7054cbc61a8448
http://english.yna.co.kr/,error,https://explorer.ooni.org/m/20260309045710.329414_KR_webconnectivity_829861e6c2225f60
https://epic.org/,ok,https://explorer.ooni.org/m/20260309045716.910467_KR_webconnectivity_3a9fcc554d14df19
https://equal-eyes.org/,ok,https://explorer.ooni.org/m/20260309045728.774856_KR_webconnectivity_2486dcde3eeb1bc4
https://explorer.ooni.org/,ok,https://explorer.ooni.org/m/20260309045736.797984_KR_webconnectivity_018d2a14ce72eea7
https://feminist.org/,ok,https://explorer.ooni.org/m/20260309045748.635261_KR_webconnectivity_95d2e3b6e8c69b15
https://fleegle.mixmin.net/,ok,https://explorer.ooni.org/m/20260309045752.952781_KR_webconnectivity_a8392f681fa50389
https://fondfbr.ru/,dns,https://explorer.ooni.org/m/20260309045754.767431_KR_webconnectivity_fd55e7dad62c269c
https://foreignpolicy.com/,ok,https://explorer.ooni.org/m/20260309045808.264826_KR_webconnectivity_766af09ca59bb3e0
http://freedom.jinbo.net/,ok,https://explorer.ooni.org/m/20260309045810.595351_KR_webconnectivity_8b90f0ac240b48b7
https://freedomhouse.org/,ok,https://explorer.ooni.org/m/20260309045817.030808_KR_webconnectivity_0849383e9fedcfac
https://freemuse.org/,ok,https://explorer.ooni.org/m/20260309045831.532850_KR_webconnectivity_a09b90feed3e7599
https://freenetproject.org/,dns,https://explorer.ooni.org/m/20260309045832.720561_KR_webconnectivity_116acfac8e2c481f
https://freesocks.org/,dns,https://explorer.ooni.org/m/20260309045833.735862_KR_webconnectivity_a7cfb4bc49adce98
https://freespeech.org/,dns,https://explorer.ooni.org/m/20260309045834.907101_KR_webconnectivity_910eeb62aed3a372
https://freespeechdebate.com/,tcp_ip,https://explorer.ooni.org/m/20260309045920.841379_KR_webconnectivity_f4905c8054ae5c72
https://fronterafundrgv.org/,dns,https://explorer.ooni.org/m/20260309045923.214169_KR_webconnectivity_f327997155c31b15
http://fteproxy.org/,dns,https://explorer.ooni.org/m/20260309045924.626586_KR_webconnectivity_ad1c84f1810bd63c
https://fundtexaschoice.org/,ok,https://explorer.ooni.org/m/20260309045931.226048_KR_webconnectivity_d8b3467de313da31
https://gaymenshealth.org/,ok,https://explorer.ooni.org/m/20260309045944.624293_KR_webconnectivity_aeac3e5fe6d5109c
http://gaytoday.com/,dns,https://explorer.ooni.org/m/20260309045946.467866_KR_webconnectivity_8a006a5f2ef93ca6
https://genderandaids.unwomen.org/,ok,https://explorer.ooni.org/m/20260309045951.947703_KR_webconnectivity_bfd88244d70b2c60
https://genderdysphoria.fyi/,dns,https://explorer.ooni.org/m/20260309045952.745210_KR_webconnectivity_08462657048ac397
https://geti2p.net/,dns,https://explorer.ooni.org/m/20260309045953.589071_KR_webconnectivity_33c4f45cb2906c0a
https://getintra.org/,ok,https://explorer.ooni.org/m/20260309045958.006802_KR_webconnectivity_ad705ba92bc39753
https://getlantern.org/,dns,https://explorer.ooni.org/m/20260309045958.918196_KR_webconnectivity_de0c8b4ca193491c
https://getoutline.org/,ok,https://explorer.ooni.org/m/20260309050002.249361_KR_webconnectivity_389e118f995ff77f
https://gijn.org/,ok,https://explorer.ooni.org/m/20260309050006.245115_KR_webconnectivity_58f66f2b657549a0
https://globalpressjournal.com/,ok,https://explorer.ooni.org/m/20260309050012.155195_KR_webconnectivity_3184b20454f8e5f9
https://globalvoices.org/,tcp_ip,https://explorer.ooni.org/m/20260309050028.696519_KR_webconnectivity_b50982196a1a989b
http://go.jinbo.net/,ok,https://explorer.ooni.org/m/20260309050033.625038_KR_webconnectivity_18d6b263b54337be
https://googleweblight.com/i?u=https%3A%2F%2Fexample.com%2F,dns,https://explorer.ooni.org/m/20260309050035.113439_KR_webconnectivity_5f1d06a9875b63df
https://gpgtools.org/,ok,https://explorer.ooni.org/m/20260309050039.609597_KR_webconnectivity_edf2eea12074073b
https://grindr.mobi/,ok,https://explorer.ooni.org/m/20260309050041.282509_KR_webconnectivity_8ec52f917ddefe2a
https://guardianproject.info/,ok,https://explorer.ooni.org/m/20260309050046.851017_KR_webconnectivity_106e36a6b6435d39
http://guardster.com/,dns,https://explorer.ooni.org/m/20260309050048.719954_KR_webconnectivity_9341eeb73d08a99e
http://hbyd.org/,ok,https://explorer.ooni.org/m/20260309050105.491267_KR_webconnectivity_67dc9d9b6b449927
http://hcy.jinbo.net/,ok,https://explorer.ooni.org/m/20260309050107.791282_KR_webconnectivity_b33a0ba0b8e23088
https://help.unhcr.org/,ok,https://explorer.ooni.org/m/20260309050111.520914_KR_webconnectivity_3dba3c0b2fb066ea
https://hide.me/,dns,https://explorer.ooni.org/m/20260309050112.756867_KR_webconnectivity_d2c22ff71eebad8e
https://hola.org/,dns,https://explorer.ooni.org/m/20260309050114.592941_KR_webconnectivity_6cfc990d286eb7b1
https://hornet.com/,dns,https://explorer.ooni.org/m/20260309050115.729668_KR_webconnectivity_058bc61d466ba821
http://hotzone.yahoo.com/,ok,https://explorer.ooni.org/m/20260309050120.320969_KR_webconnectivity_93643b50da18a922
http://hrights.or.kr/,ok,https://explorer.ooni.org/m/20260309050130.011613_KR_webconnectivity_0f29b4a8ef244b62
http://hrlibrary.umn.edu/iwraw/,ok,https://explorer.ooni.org/m/20260309050134.169777_KR_webconnectivity_bc42ddd0942a4b0e
http://hrnet.jinbo.net/,ok,https://explorer.ooni.org/m/20260309050136.620308_KR_webconnectivity_d049b3cc437dab40
http://humanmed.org/,dns,https://explorer.ooni.org/m/20260309050139.133853_KR_webconnectivity_b5828407448069b5
https://i2p2.de/,error,https://explorer.ooni.org/m/20260309050143.705531_KR_webconnectivity_95fbb2462b419d94
https://i2pd.website/,dns,https://explorer.ooni.org/m/20260309050145.050373_KR_webconnectivity_44d8672a0bebf64e
https://i2pforum.net/,ok,https://explorer.ooni.org/m/20260309050158.825521_KR_webconnectivity_86fc1669def56554
https://i2pgit.org/,ok,https://explorer.ooni.org/m/20260309050205.303894_KR_webconnectivity_efe0d4746c7c5881
https://ifeminists.com/,ok,https://explorer.ooni.org/m/20260309050219.489769_KR_webconnectivity_90e7c26d6b458a51
https://ij.org/,ok,https://explorer.ooni.org/m/20260309050229.832731_KR_webconnectivity_3317c9e08a981ded
http://ijunnong.net/,ok,https://explorer.ooni.org/m/20260309050236.420587_KR_webconnectivity_9938f434d52db581
https://ikhwanonline.com/,ok,https://explorer.ooni.org/m/20260309050245.769613_KR_webconnectivity_9f68b54d62d92b43
https://ilga.org/,ok,https://explorer.ooni.org/m/20260309050258.716441_KR_webconnectivity_273d7d66e2b78c7a
http://impeter.tistory.com/,ok,https://explorer.ooni.org/m/20260309050301.237213_KR_webconnectivity_6c74568115f8f2bc
https://indymedia.org/,ok,https://explorer.ooni.org/m/20260309050305.613570_KR_webconnectivity_31be9f8b3236ac3e
http://instinctmagazine.com/,ok,https://explorer.ooni.org/m/20260309050316.139128_KR_webconnectivity_2fa9cb5eca95f3ff
http://inter.kdlp.org/,ok,https://explorer.ooni.org/m/20260309050317.368180_KR_webconnectivity_4331ff6b32206226
https://internationalfamilyequalityday.org/,ok,https://explorer.ooni.org/m/20260309050333.727425_KR_webconnectivity_7836de377f4661b7
https://ipi.media/,ok,https://explorer.ooni.org/m/20260309050348.406325_KR_webconnectivity_f4f4f72d89a57c79
https://itgetsbetter.org/,ok,https://explorer.ooni.org/m/20260309050401.832903_KR_webconnectivity_ff150e47415a3ce8
http://ivancity.com/,dns,https://explorer.ooni.org/m/20260309050405.143438_KR_webconnectivity_4a2bc48aa88f7d69
https://iyfglobal.org/,ok,https://explorer.ooni.org/m/20260309050407.612969_KR_webconnectivity_216c62bf205dd6fa
https://janesdueprocess.org/,dns,https://explorer.ooni.org/m/20260309050410.357570_KR_webconnectivity_3d32d3c1b0262559
https://jezebel.com/,ok,https://explorer.ooni.org/m/20260309050420.281567_KR_webconnectivity_751d2ecaaa15446f
http://joins.com/,ok,https://explorer.ooni.org/m/20260309050436.381976_KR_webconnectivity_08f7ec4edb3c5478
http://joongang.joins.com/,ok,https://explorer.ooni.org/m/20260309050452.584606_KR_webconnectivity_bf6aff406bcb4ebf
http://joongangdaily.joins.com/,ok,https://explorer.ooni.org/m/20260309050517.532526_KR_webconnectivity_6a869d2cfe44ac30
http://jtbc.joins.com/,ok,https://explorer.ooni.org/m/20260309050542.473622_KR_webconnectivity_930d770da383b3fc
https://justassociates.org/,ok,https://explorer.ooni.org/m/20260309050559.216145_KR_webconnectivity_ceca650264ba05f3
http://justicewomen.com/,ok,https://explorer.ooni.org/m/20260309050602.426704_KR_webconnectivity_d57d53136fc8a589
https://justthepill.com/,dns,https://explorer.ooni.org/m/20260309050603.596432_KR_webconnectivity_e7b46b6e27bf43af
https://kaleidoscopetrust.com/,ok,https://explorer.ooni.org/m/20260309050613.669405_KR_webconnectivity_28ab7cac64fdad7f
https://keys.openpgp.org/,ok,https://explorer.ooni.org/m/20260309050616.795157_KR_webconnectivity_2e9cdafa8cb1dff4
http://kfcitu.org/,ok,https://explorer.ooni.org/m/20260309050619.628684_KR_webconnectivity_378216a273078dba
http://khilafah.net/,ok,https://explorer.ooni.org/m/20260309050636.571353_KR_webconnectivity_a812d24c5c2dc1d3
http://kieu.or.kr/,ok,https://explorer.ooni.org/m/20260309050640.781505_KR_webconnectivity_f005e4280178c79f
http://koreapinkmap.com/,http-failure,https://explorer.ooni.org/m/20260309050646.306920_KR_webconnectivity_b22c4860570d4db1
http://koredufund.org.kp/,dns,https://explorer.ooni.org/m/20260309050649.609213_KR_webconnectivity_0532c8a83d510f06
http://korelcfund.org.kp/,dns,https://explorer.ooni.org/m/20260309050654.144965_KR_webconnectivity_d03688274e92d8b4
http://kscrc.org/,ok,https://explorer.ooni.org/m/20260309050656.260594_KR_webconnectivity_246fb43372351b0d
http://ktu.or.kr/,tcp_ip,https://explorer.ooni.org/m/20260309050742.296354_KR_webconnectivity_74a5bf1bfdb54bf9
https://laborrights.org/,ok,https://explorer.ooni.org/m/20260309050750.845642_KR_webconnectivity_e1ad391beb263493
https://lalgbtcenter.org/,ok,https://explorer.ooni.org/m/20260309050753.090454_KR_webconnectivity_7512dcdd79b659c6
http://lambdalegal.org/,ok,https://explorer.ooni.org/m/20260309050802.987508_KR_webconnectivity_101091c8ae585561
https://lantern.io/,dns,https://explorer.ooni.org/m/20260309050804.179330_KR_webconnectivity_79d567ae5f32e228
https://leap.se/,dns,https://explorer.ooni.org/m/20260309050806.012519_KR_webconnectivity_699cc33d85a14afc
http://leftworkers.org/,ok,https://explorer.ooni.org/m/20260309050807.170523_KR_webconnectivity_7264f6fa4579ff5d
https://lgbt.foundation/,ok,https://explorer.ooni.org/m/20260309050816.736330_KR_webconnectivity_6457bcfbea7563f2
http://lgbt.kdlp.org/,ok,https://explorer.ooni.org/m/20260309050817.738830_KR_webconnectivity_d34f70e87d540ff7
http://lgbtact.org/,dns,https://explorer.ooni.org/m/20260309050833.529463_KR_webconnectivity_7e9720cd84809ddb
https://lgbtnewsnow.org/,http-failure,https://explorer.ooni.org/m/20260309050836.812157_KR_webconnectivity_823f30d7a54907db
https://lgbtqia.space/,ok,https://explorer.ooni.org/m/20260309050842.489102_KR_webconnectivity_6fa979574688d615
https://lgbtvacationplanners.com/,error,https://explorer.ooni.org/m/20260309050844.835305_KR_webconnectivity_62b4de8e77695f2f
https://liveuamap.com/,ok,https://explorer.ooni.org/m/20260309050857.670437_KR_webconnectivity_f22d1842a439faea
https://lokinet.org/,ok,https://explorer.ooni.org/m/20260309050905.200453_KR_webconnectivity_14a8b92e2468bf08
https://makeamazonpay.com/,ok,https://explorer.ooni.org/m/20260309050917.577205_KR_webconnectivity_0a32bade1bec8a79
https://mask-api.icloud.com/,ok,https://explorer.ooni.org/m/20260309050921.732705_KR_webconnectivity_437713881923e28f
https://mask-h2.icloud.com/,error,https://explorer.ooni.org/m/20260309050924.516581_KR_webconnectivity_b58f58fda990699c
https://mask.icloud.com/,error,https://explorer.ooni.org/m/20260309050927.347053_KR_webconnectivity_e17b8243a62c7170
https://massbrowser.cs.umass.edu/,ok,https://explorer.ooni.org/m/20260309050933.080220_KR_webconnectivity_e1bd71c2cc7edd04
http://media.daum.net/,ok,https://explorer.ooni.org/m/20260309050951.027712_KR_webconnectivity_c708dde518bae42b
http://media.nodong.org/,ok,https://explorer.ooni.org/m/20260309051000.409501_KR_webconnectivity_85cf7f8a37a97fba
https://mega.io/,dns,https://explorer.ooni.org/m/20260309051001.717541_KR_webconnectivity_d1b463221ddf8c6b
https://mega.nz/,ok,https://explorer.ooni.org/m/20260309051006.038838_KR_webconnectivity_5ddd213404af7e4a
http://members.tripod.com/~INDIA_RESOURCE/savoice.html,dns,https://explorer.ooni.org/m/20260309051012.463184_KR_webconnectivity_f4e8dfcc57a46f02
https://messagevortex.net/,ok,https://explorer.ooni.org/m/20260309051016.549257_KR_webconnectivity_acbfb35ba5514fef
http://migrant.nodong.net/,ok,https://explorer.ooni.org/m/20260309051020.769625_KR_webconnectivity_5feec1a64d0ddd40
http://minbyun.jinbo.net/,ok,https://explorer.ooni.org/m/20260309051048.226457_KR_webconnectivity_efdf9534bad249dc
https://minorityrights.org/,ok,https://explorer.ooni.org/m/20260309051050.948058_KR_webconnectivity_e7c1308a20425687
https://moscow.rtrs.ru/,ok,https://explorer.ooni.org/m/20260309051056.530882_KR_webconnectivity_5f30a02c55f3f867
https://mullvad.net/,dns,https://explorer.ooni.org/m/20260309051057.636163_KR_webconnectivity_f68d25cf3ed51673
https://multiproxy.org/,dns,https://explorer.ooni.org/m/20260309051059.225333_KR_webconnectivity_aa7cc49606049845
http://naenara.com.kp/,dns,https://explorer.ooni.org/m/20260309051101.549420_KR_webconnectivity_b16e817afe2621df
http://napo.jinbo.net/,ok,https://explorer.ooni.org/m/20260309051103.538535_KR_webconnectivity_3e24c74f686a4354
https://ncac.org/,ok,https://explorer.ooni.org/m/20260309051114.448492_KR_webconnectivity_897706bf4b712713
https://neilalexander.s3.dualstack.eu-west-2.amazonaws.com/deb/key.txt,ok,https://explorer.ooni.org/m/20260309051121.524419_KR_webconnectivity_c4f3018f2e82d8ca
http://news.bbc.co.uk/2/hi/asia-pacific/,ok,https://explorer.ooni.org/m/20260309051128.049102_KR_webconnectivity_87ea8727a2db0e6a
https://news.google.com/,ok,https://explorer.ooni.org/m/20260309051139.116729_KR_webconnectivity_0af4d4ead7c00642
http://news.naver.com/,ok,https://explorer.ooni.org/m/20260309051157.102533_KR_webconnectivity_1d3f9b73b762c317
http://newstapa.org/,ok,https://explorer.ooni.org/m/20260309051206.086977_KR_webconnectivity_ca33b63e16cf9bcf
http://nkhumanrights.or.kr/,ok,https://explorer.ooni.org/m/20260309051208.085942_KR_webconnectivity_a20568a0cfcc58a4
http://nocensor.org/,ok,https://explorer.ooni.org/m/20260309051209.892519_KR_webconnectivity_bd8a48d1e2f8b1ff
http://nodong.org/,ok,https://explorer.ooni.org/m/20260309051223.739895_KR_webconnectivity_6c68e706ba0a24ba
http://nodongsarang.org/,ok,https://explorer.ooni.org/m/20260309051225.778475_KR_webconnectivity_d7ec885e360d77d4
http://noneis.jinbo.net/,ok,https://explorer.ooni.org/m/20260309051228.869882_KR_webconnectivity_74448a2ee67edd0d
https://nordvpn.com/,ok,https://explorer.ooni.org/m/20260309051231.865352_KR_webconnectivity_fcc4d94b30d75185
http://northkoreatech.org/,ok,https://explorer.ooni.org/m/20260309051233.916123_KR_webconnectivity_caa1bea4eeb7a6bd
https://now.org/,ok,https://explorer.ooni.org/m/20260309051243.145668_KR_webconnectivity_e911d2085a4ac2e3
https://numun.fund/,ok,https://explorer.ooni.org/m/20260309051254.967419_KR_webconnectivity_e56b1be640791e24
https://nypost.com/,ok,https://explorer.ooni.org/m/20260309051303.150168_KR_webconnectivity_c4927aa80fd4f385
https://onionshare.org/,ok,https://explorer.ooni.org/m/20260309051307.205182_KR_webconnectivity_0468f3826b7cdb3e
https://ooni.org/,ok,https://explorer.ooni.org/m/20260309051309.706383_KR_webconnectivity_42db8f622d28b31f
https://ooni.torproject.org/,dns,https://explorer.ooni.org/m/20260309051311.285161_KR_webconnectivity_7aad1096e8677126
https://opennet.net/,ok,https://explorer.ooni.org/m/20260309051318.024709_KR_webconnectivity_15d2c743a3003f1c
http://opennet.or.kr/,ok,https://explorer.ooni.org/m/20260309051330.383738_KR_webconnectivity_deedc03bfef48e51
https://openvpn.net/,dns,https://explorer.ooni.org/m/20260309051331.545098_KR_webconnectivity_3c03c6c52c96c4bb
https://orbot.app/,ok,https://explorer.ooni.org/m/20260309051335.628220_KR_webconnectivity_ec91f2aa2b3336c3
https://otr.cypherpunks.ca/,ok,https://explorer.ooni.org/m/20260309051342.846522_KR_webconnectivity_c172f11167b0aae4
https://ourworldindata.org/,ok,https://explorer.ooni.org/m/20260309051353.873734_KR_webconnectivity_5fcc81ff192ae9ed
http://outpridekorea.com/,dns,https://explorer.ooni.org/m/20260309051410.027828_KR_webconnectivity_d63448bad5989352
https://outrightinternational.org/,ok,https://explorer.ooni.org/m/20260309051422.808422_KR_webconnectivity_f29dd31d25a41005
http://peacekorea.org/,ok,https://explorer.ooni.org/m/20260309051428.340439_KR_webconnectivity_d33f25908c36a40d
https://pflag.org/,dns,https://explorer.ooni.org/m/20260309051430.668284_KR_webconnectivity_e38d029baad6c0f2
https://pirateparty.org.au/,ok,https://explorer.ooni.org/m/20260309051433.765114_KR_webconnectivity_5fb12dac63c6da6c
http://poor.jinbo.net/,ok,https://explorer.ooni.org/m/20260309051437.794589_KR_webconnectivity_48f14fe9fb8e462e
http://ppss.kr/,ok,https://explorer.ooni.org/m/20260309051450.405070_KR_webconnectivity_0b8c480148383868
https://pridesource.com/,ok,https://explorer.ooni.org/m/20260309051501.479733_KR_webconnectivity_46f8d09c4ccfda55
https://prism-break.org/,ok,https://explorer.ooni.org/m/20260309051505.076333_KR_webconnectivity_ac8afbdda303b2c3
https://privatevpn.com/,dns,https://explorer.ooni.org/m/20260309051507.279263_KR_webconnectivity_2067ea49066f7924
https://proton.me/,ok,https://explorer.ooni.org/m/20260309051520.096266_KR_webconnectivity_f5c699592538752c
https://protonvpn.com/,http-failure,https://explorer.ooni.org/m/20260309051541.997803_KR_webconnectivity_3c7f83fd5396b8f6
https://proxify.com/,dns,https://explorer.ooni.org/m/20260309051543.523097_KR_webconnectivity_08ea604e847257e8
https://proxy.i2phides.me/,dns,https://explorer.ooni.org/m/20260309051544.701172_KR_webconnectivity_e9b6fc57666014ac
http://proxy.org/,dns,https://explorer.ooni.org/m/20260309051600.685959_KR_webconnectivity_cd3aa2f514385970
http://proxytools.sourceforge.net/,ok,https://explorer.ooni.org/m/20260309051603.137822_KR_webconnectivity_08e629e1d4f6d23f
https://psiphon.ca/,dns,https://explorer.ooni.org/m/20260309051604.333647_KR_webconnectivity_cb87b5e75ee970f8
http://pssp.org/,ok,https://explorer.ooni.org/m/20260309051611.197240_KR_webconnectivity_0615b1da453f4d81
https://queernet-rlp.de/,ok,https://explorer.ooni.org/m/20260309051626.059457_KR_webconnectivity_e3812fc1c02c1454
https://radiofreel.github.io/,ok,https://explorer.ooni.org/m/20260309051631.385307_KR_webconnectivity_6e20f4ce52c16ade
https://radiofreel.gitlab.io/,ok,https://explorer.ooni.org/m/20260309051638.402931_KR_webconnectivity_273d897876429d40
https://reclaimthenet.org/,ok,https://explorer.ooni.org/m/20260309051652.860046_KR_webconnectivity_157d211cf33d0f5d
https://reliefweb.int/,ok,https://explorer.ooni.org/m/20260309051706.114895_KR_webconnectivity_e8e353c1bc9d1639
https://remailer.paranoici.org/,ok,https://explorer.ooni.org/m/20260309051710.063985_KR_webconnectivity_8f7b5ce6191cf2dd
https://ren.tv/,ok,https://explorer.ooni.org/m/20260309051718.323867_KR_webconnectivity_afe2932f0083f4f5
https://reproductiverights.org/,ok,https://explorer.ooni.org/m/20260309051730.487889_KR_webconnectivity_57228c47d5d039dc
https://resurj.org/,dns,https://explorer.ooni.org/m/20260309051731.786467_KR_webconnectivity_b4a10736ed38d119
https://ria.ru/,ok,https://explorer.ooni.org/m/20260309051743.638813_KR_webconnectivity_7feaa0eaa58a3141
https://riseup.net/,dns,https://explorer.ooni.org/m/20260309051745.404551_KR_webconnectivity_cab609d6d4b925bf
http://rodong.rep.kp/,dns,https://explorer.ooni.org/m/20260309051806.455307_KR_webconnectivity_fb45fe489711cba6
https://rsf.org/,ok,https://explorer.ooni.org/m/20260309051817.655414_KR_webconnectivity_0f24c07050e729be
https://rtr-planeta.com/,ok,https://explorer.ooni.org/m/20260309051823.947164_KR_webconnectivity_8a1198633a99245e
http://russia.tv/,dns,https://explorer.ooni.org/m/20260309051840.096993_KR_webconnectivity_25051e760b0db30b
http://sadd.or.kr/,ok,https://explorer.ooni.org/m/20260309051851.350135_KR_webconnectivity_f367c3014c96acd9
https://safeabortionpill.org/,ok,https://explorer.ooni.org/m/20260309051856.322596_KR_webconnectivity_d5f5322c3ef0e2c6
https://safeabortionpills.com/,ok,https://explorer.ooni.org/m/20260309051901.350028_KR_webconnectivity_dde195c8b12d12bc
https://safervpn.com/,dns,https://explorer.ooni.org/m/20260309051903.034036_KR_webconnectivity_c3d3330f0abb40a2
http://samugol.net/,ok,https://explorer.ooni.org/m/20260309051916.109408_KR_webconnectivity_30a0a30c45543ed9
https://sandbox.cryptpad.info/,ok,https://explorer.ooni.org/m/20260309051919.391975_KR_webconnectivity_f8495221a7064f62
https://sea-watch.org/,ok,https://explorer.ooni.org/m/20260309051933.206538_KR_webconnectivity_af2d57fe4007f367
http://seapa.wordpress.com/,ok,https://explorer.ooni.org/m/20260309051941.508471_KR_webconnectivity_d18b699eb2a10121
https://secfirst.org/,error,https://explorer.ooni.org/m/20260309051944.485530_KR_webconnectivity_778735eee25062f7
https://secure.avaaz.org/,ok,https://explorer.ooni.org/m/20260309051951.549558_KR_webconnectivity_f177e1f7ef6483a6
https://securevpn.com/,dns,https://explorer.ooni.org/m/20260309051953.500405_KR_webconnectivity_44e5fe3b2a1e129e
https://securevpn.im/,dns,https://explorer.ooni.org/m/20260309051955.489791_KR_webconnectivity_b1d4308f00e86f96
http://seoul.nodong.org/,ok,https://explorer.ooni.org/m/20260309052000.452036_KR_webconnectivity_2bb22b575680d5d6
http://service.nodong.org/,ok,https://explorer.ooni.org/m/20260309052017.878512_KR_webconnectivity_d22c76aff039a947
http://sewolho416.org/,ok,https://explorer.ooni.org/m/20260309052021.807897_KR_webconnectivity_5579d8729abab021
https://shadowsocks.org/,dns,https://explorer.ooni.org/m/20260309052024.117365_KR_webconnectivity_7c2ac320dfa40186
https://slashdot.org/,ok,https://explorer.ooni.org/m/20260309052037.961489_KR_webconnectivity_ee938a07938cc489
https://slate.com/,ok,https://explorer.ooni.org/m/20260309052045.039355_KR_webconnectivity_d3f9cb1ddba1c733
http://slownews.kr/,ok,https://explorer.ooni.org/m/20260309052057.241066_KR_webconnectivity_aab7e636b00b73cb
https://smotrim.ru/,ok,https://explorer.ooni.org/m/20260309052118.885212_KR_webconnectivity_26d43067084f7ef8
https://southfeministfutures.org/,ok,https://explorer.ooni.org/m/20260309052129.723504_KR_webconnectivity_62f4b561228fc716
https://speedify.com/,dns,https://explorer.ooni.org/m/20260309052130.848740_KR_webconnectivity_a16e0fce05901dbf
https://sputnikglobe.com/,dns,https://explorer.ooni.org/m/20260309052132.684835_KR_webconnectivity_8bcd5a6b6e53f762
https://sputniknews.cn/,ok,https://explorer.ooni.org/m/20260309052146.987729_KR_webconnectivity_aaa9329de6db8f7e
https://sputniknews.com/,http-failure,https://explorer.ooni.org/m/20260309052149.547674_KR_webconnectivity_8807394dc0c9160e
https://spys.one/,dns,https://explorer.ooni.org/m/20260309052150.726509_KR_webconnectivity_0aaba8cdda3bc8f0
https://ssd.eff.org/,ok,https://explorer.ooni.org/m/20260309052157.370283_KR_webconnectivity_ecd37668e02863e6
https://strongvpn.com/,dns,https://explorer.ooni.org/m/20260309052158.173575_KR_webconnectivity_cb645ad5fbc2a564
https://substack.com/,ok,https://explorer.ooni.org/m/20260309052204.502544_KR_webconnectivity_88a52e3c6750c53f
https://surfshark.com/,dns,https://explorer.ooni.org/m/20260309052205.686556_KR_webconnectivity_393915547b52b74f
http://surprise.or.kr/board/,ok,https://explorer.ooni.org/m/20260309052210.002404_KR_webconnectivity_3e7ba5c1931300c0
https://tacticaltech.org/,ok,https://explorer.ooni.org/m/20260309052225.100102_KR_webconnectivity_22582f654bb28fa0
https://tails.net/,ok,https://explorer.ooni.org/m/20260309052230.232337_KR_webconnectivity_8963270d633d95a1
https://tdov.org/,ok,https://explorer.ooni.org/m/20260309052235.831290_KR_webconnectivity_e9cebfd9a2b12ca3
https://thegailygrind.com/,dns,https://explorer.ooni.org/m/20260309052237.470007_KR_webconnectivity_9e9e6eb85112bb01
https://theglobalobservatory.org/,ok,https://explorer.ooni.org/m/20260309052248.329611_KR_webconnectivity_7fd5fb18ea5d75e5
http://theimpeter.com/,error,https://explorer.ooni.org/m/20260309052307.486274_KR_webconnectivity_7acaf928fe54c863
https://theintercept.com/,ok,https://explorer.ooni.org/m/20260309052317.363723_KR_webconnectivity_3799d323a8db5bbf
https://threema.ch/,ok,https://explorer.ooni.org/m/20260309052331.542631_KR_webconnectivity_b53da4cdb0982108
https://thunder.free-signal.com/,dns,https://explorer.ooni.org/m/20260309052332.571932_KR_webconnectivity_fd84d513287d6066
https://timcast.com/,ok,https://explorer.ooni.org/m/20260309052339.352424_KR_webconnectivity_1f89237e134ec4a2
http://times.hankooki.com/,dns,https://explorer.ooni.org/m/20260309052342.194183_KR_webconnectivity_1c5caafff8d09740
https://timesofindia.indiatimes.com/,ok,https://explorer.ooni.org/m/20260309052353.100736_KR_webconnectivity_01f5e2b472ec723f
https://tor.eff.org/,dns,https://explorer.ooni.org/m/20260309052358.484559_KR_webconnectivity_0579f5e310d2a358
https://transequality.org/,ok,https://explorer.ooni.org/m/20260309052409.768359_KR_webconnectivity_d25f3bfe2b0dcf89
https://transfemscience.org/,ok,https://explorer.ooni.org/m/20260309052412.678169_KR_webconnectivity_5b6051f098c251e3
http://transparency.or.kr/,ok,https://explorer.ooni.org/m/20260309052421.098529_KR_webconnectivity_dbfc75b42e77260e
http://transsexual.org/,dns,https://explorer.ooni.org/m/20260309052423.340938_KR_webconnectivity_9a1f2b10c6b2b8ea
https://triplebit.org/,dns,https://explorer.ooni.org/m/20260309052425.313707_KR_webconnectivity_7396f951b88f8a68
https://trustvpn.me/,dns,https://explorer.ooni.org/m/20260309052426.696635_KR_webconnectivity_f8c5ae9e07560c3d
http://twokoreas.blogspot.com/,ok,https://explorer.ooni.org/m/20260309052435.567065_KR_webconnectivity_9664e219d54b4deb
https://tyt.com/,ok,https://explorer.ooni.org/m/20260309052447.735702_KR_webconnectivity_8cea3058c85c6f6d
https://ultrasurf.us/,dns,https://explorer.ooni.org/m/20260309052449.393914_KR_webconnectivity_007a4e984d3c57c8
https://ultravpn.com/,dns,https://explorer.ooni.org/m/20260309052450.931175_KR_webconnectivity_e1d4ee83e57add2a
https://unpo.org/,ok,https://explorer.ooni.org/m/20260309052502.609128_KR_webconnectivity_412fa6b7dfdbeeef
https://unredacted.org/,ok,https://explorer.ooni.org/m/20260309052513.977597_KR_webconnectivity_df234cd2df6aa6f9
https://unwatch.org/,ok,https://explorer.ooni.org/m/20260309052529.126535_KR_webconnectivity_f334988e34166a4c
https://urgentactionfund.org/,ok,https://explorer.ooni.org/m/20260309052543.909452_KR_webconnectivity_7fafb0fc2111cb9a
https://veracrypt.fr/,ok,https://explorer.ooni.org/m/20260309052548.544034_KR_webconnectivity_dbf6526063a2e001
https://vgtrk.ru/,ok,https://explorer.ooni.org/m/20260309052553.210392_KR_webconnectivity_b3f5657a78057f9a
http://viewsnnews.com/,ok,https://explorer.ooni.org/m/20260309052601.807003_KR_webconnectivity_3a0fe2197b3ca252
http://vok.rep.kp/,dns,https://explorer.ooni.org/m/20260309052607.351616_KR_webconnectivity_bbff333cb3b2dbaf
https://vuejs.org/,ok,https://explorer.ooni.org/m/20260309052615.144752_KR_webconnectivity_f3dec702f0b0b690
http://wcollar.tistory.com/308,ok,https://explorer.ooni.org/m/20260309052617.941238_KR_webconnectivity_14fec479b9810577
https://wearechange.org/,ok,https://explorer.ooni.org/m/20260309052629.023971_KR_webconnectivity_1d45f2f3fe5b0eb3
https://wedo.org/,ok,https://explorer.ooni.org/m/20260309052640.036114_KR_webconnectivity_c8d812f739791556
https://wfrtds.org/,ok,https://explorer.ooni.org/m/20260309052650.243202_KR_webconnectivity_52a5a1931a5a0e07
https://whrdic.org/,ok,https://explorer.ooni.org/m/20260309052700.139059_KR_webconnectivity_addb7daa3e37ae23
https://wickr.com/,ok,https://explorer.ooni.org/m/20260309052709.742695_KR_webconnectivity_a5ad20d26b4f9eb7
https://wikileaks.org/,ok,https://explorer.ooni.org/m/20260309052715.205077_KR_webconnectivity_c5a478f97e61b8ce
https://women-on-web.kr/,ok,https://explorer.ooni.org/m/20260309052812.882412_KR_webconnectivity_2104a304f58cd1dc
https://womenhelp.org/,dns,https://explorer.ooni.org/m/20260309052814.278979_KR_webconnectivity_a7538207c4fe340b
https://womeninblack.org/,ok,https://explorer.ooni.org/m/20260309052822.982622_KR_webconnectivity_fd60c05279a1f430
http://workingvoice.net/,ok,https://explorer.ooni.org/m/20260309052834.835539_KR_webconnectivity_5e194b0a84bbd35b
https://world.internationalism.org/,ok,https://explorer.ooni.org/m/20260309052843.218008_KR_webconnectivity_237ce9adf81ecc68
https://www.1tv.ru/,ok,https://explorer.ooni.org/m/20260309052851.252798_KR_webconnectivity_219c963cdd266638
http://www.2016change.net/,ok,https://explorer.ooni.org/m/20260309052902.196077_KR_webconnectivity_6ec46ee6a1d3fa1c
https://www.404media.co/,ok,https://explorer.ooni.org/m/20260309052908.839984_KR_webconnectivity_b466006d7e45e39b
https://www.access-unlocked.org/,ok,https://explorer.ooni.org/m/20260309052912.486831_KR_webconnectivity_00974c2ae1d79c42
https://www.accessnow.org/,ok,https://explorer.ooni.org/m/20260309052924.188280_KR_webconnectivity_d81fa9e94ff3f0e3
https://www.advocate.com/,dns,https://explorer.ooni.org/m/20260309052924.982053_KR_webconnectivity_784f53159101f556
https://www.afp.com/,ok,https://explorer.ooni.org/m/20260309052934.619921_KR_webconnectivity_78c2be30e2858edd
https://www.ahram.org.eg/,ok,https://explorer.ooni.org/m/20260309052939.268617_KR_webconnectivity_db9e5c956b2521c5
https://www.alarabiya.net/,ok,https://explorer.ooni.org/m/20260309052941.289628_KR_webconnectivity_f53c3785ed0f8bc5
https://www.alhurra.com/,ok,https://explorer.ooni.org/m/20260309052954.782624_KR_webconnectivity_a231497db21e9813
https://www.aljazeera.com/,ok,https://explorer.ooni.org/m/20260309053006.768975_KR_webconnectivity_9ab8e420329c461b
https://www.aljazeera.net/,ok,https://explorer.ooni.org/m/20260309053017.257085_KR_webconnectivity_bb60cdddb51fc020
https://www.almanar.com.lb/,ok,https://explorer.ooni.org/m/20260309053022.734604_KR_webconnectivity_41dc8fe23bce8b0a
http://www.amnesty.or.kr/,ok,https://explorer.ooni.org/m/20260309053034.924712_KR_webconnectivity_e827b9aa8f9cc982
https://www.amnesty.org/,ok,https://explorer.ooni.org/m/20260309053044.894589_KR_webconnectivity_01abbea9f5e625eb
https://www.amnestyusa.org/,ok,https://explorer.ooni.org/m/20260309053056.356979_KR_webconnectivity_5109754f28af92f0
http://www.amrc.org.hk/,ok,https://explorer.ooni.org/m/20260309053100.433244_KR_webconnectivity_6c35944384ba1c42
http://www.anarclan.net/,ok,https://explorer.ooni.org/m/20260309053103.478246_KR_webconnectivity_5c8a72e799af64e0
http://www.anonymizer.ru/,dns,https://explorer.ooni.org/m/20260309053105.582300_KR_webconnectivity_26ed53d26f1c6a7f
http://www.anonymsurfen.com/,dns,https://explorer.ooni.org/m/20260309053106.856951_KR_webconnectivity_0e645961d7b27dd8
https://www.apt.ch/,ok,https://explorer.ooni.org/m/20260309053115.872488_KR_webconnectivity_80a9841e62da7913
http://www.apwld.org/,http-failure,https://explorer.ooni.org/m/20260309053123.920202_KR_webconnectivity_d06ebe520f440154
https://www.arabnews.com/,ok,https://explorer.ooni.org/m/20260309053126.514665_KR_webconnectivity_6bfac6a489478cb3
http://www.arrc-hre.com/,ok,https://explorer.ooni.org/m/20260309053155.513484_KR_webconnectivity_3ef60ecf581a489e
https://www.article19.org/,ok,https://explorer.ooni.org/m/20260309053206.664041_KR_webconnectivity_fee900db48f4963d
http://www.asia-daily.com/,ok,https://explorer.ooni.org/m/20260309053210.920472_KR_webconnectivity_4127be40bc27e375
http://www.asiafoundation.org/,ok,https://explorer.ooni.org/m/20260309053213.141496_KR_webconnectivity_cced41a9e077974f
http://www.asiamedia.ucla.edu/,tcp_ip,https://explorer.ooni.org/m/20260309053259.505124_KR_webconnectivity_c1796be2b15a1e8b
http://www.asian-migrants.org/,http-failure,https://explorer.ooni.org/m/20260309053303.469029_KR_webconnectivity_d53a7c2af8446f23
http://www.asiantribune.com/,dns,https://explorer.ooni.org/m/20260309053305.253717_KR_webconnectivity_1ac128950f4d9b43
http://www.asiapacificnews.com/,ok,https://explorer.ooni.org/m/20260309053307.500298_KR_webconnectivity_f2112d9ce5bb8dc9
https://www.awid.org/,ok,https://explorer.ooni.org/m/20260309053311.487096_KR_webconnectivity_05cab843be472281
https://www.bbc.co.uk/,ok,https://explorer.ooni.org/m/20260309053320.164729_KR_webconnectivity_a45ebf1196a88559
https://www.bbc.com/,ok,https://explorer.ooni.org/m/20260309053330.172195_KR_webconnectivity_14585a14a07585b4
https://www.benarnews.org/,ok,https://explorer.ooni.org/m/20260309053342.529008_KR_webconnectivity_a2e2b455b0c6dbc0
https://www.benedelman.org/,ok,https://explorer.ooni.org/m/20260309053353.563313_KR_webconnectivity_999fe3ae744dde1b
https://www.betternet.co/,dns,https://explorer.ooni.org/m/20260309053355.338265_KR_webconnectivity_d57b84630e564a91
http://www.bicommunitynews.co.uk/,ok,https://explorer.ooni.org/m/20260309053411.333736_KR_webconnectivity_796649fdeae2dd94
https://www.bitmask.net/,ok,https://explorer.ooni.org/m/20260309053420.724868_KR_webconnectivity_28020d0650cb1625
https://www.bnaibrith.org/,ok,https://explorer.ooni.org/m/20260309053423.225827_KR_webconnectivity_9feda88b0cd787e3
https://www.brookings.edu/,ok,https://explorer.ooni.org/m/20260309053430.641935_KR_webconnectivity_ffa79e1d9fcff887
https://www.btselem.org/,ok,https://explorer.ooni.org/m/20260309053436.902478_KR_webconnectivity_0e0ca72cfc6a1161
http://www.buddy79.com/,ok,https://explorer.ooni.org/m/20260309053442.122755_KR_webconnectivity_69d33055ad9215cb
https://www.business-humanrights.org/,ok,https://explorer.ooni.org/m/20260309053445.541947_KR_webconnectivity_f357bcac7167dbef
https://www.buzzfeed.com/,ok,https://explorer.ooni.org/m/20260309053456.237335_KR_webconnectivity_17d111b4a381c8fd
https://www.caritas.org/,ok,https://explorer.ooni.org/m/20260309053511.793200_KR_webconnectivity_7b5d6f01c3543a24
https://www.cartercenter.org/,ok,https://explorer.ooni.org/m/20260309053523.685649_KR_webconnectivity_9c8f718d79d856e6
https://www.cato.org/,ok,https://explorer.ooni.org/m/20260309053525.435221_KR_webconnectivity_2ad9d576372ddab1
http://www.cawinfo.org/,ok,https://explorer.ooni.org/m/20260309053532.486703_KR_webconnectivity_0084a4bda45b3e6e
https://www.cbc.ca/,ok,https://explorer.ooni.org/m/20260309053540.655292_KR_webconnectivity_90d7d0629a8dd453
https://www.cbsnews.com/,ok,https://explorer.ooni.org/m/20260309053552.507630_KR_webconnectivity_cea17d125c8326c8
http://www.ccdm.or.kr/,ok,https://explorer.ooni.org/m/20260309053606.017336_KR_webconnectivity_02461133d6f41987
http://www.cesr.org/,ok,https://explorer.ooni.org/m/20260309053616.860845_KR_webconnectivity_35dfd73bebb853fb
https://www.cfr.org/,ok,https://explorer.ooni.org/m/20260309053627.404104_KR_webconnectivity_a573595c4573faee
https://www.cgtn.com/,ok,https://explorer.ooni.org/m/20260309053637.556840_KR_webconnectivity_bb444b2c37480e9e
https://www.change.org/,ok,https://explorer.ooni.org/m/20260309053653.206198_KR_webconnectivity_b5ced8317c523906
http://www.channelnewsasia.com/,ok,https://explorer.ooni.org/m/20260309053704.290339_KR_webconnectivity_ab912ac9aa2414b1
https://www.childrensdefense.org/,ok,https://explorer.ooni.org/m/20260309053714.856903_KR_webconnectivity_5225edbe079cf5eb
https://www.chinadaily.com.cn/,ok,https://explorer.ooni.org/m/20260309053727.856942_KR_webconnectivity_a14f7ee97d945f3d
https://www.chinatimes.com/,ok,https://explorer.ooni.org/m/20260309053740.192500_KR_webconnectivity_f7dd5406635fa8ba
http://www.chingusai.net/,dns,https://explorer.ooni.org/m/20260309053744.167854_KR_webconnectivity_a793d04e1d0e1aea
http://www.chosun.com/,ok,https://explorer.ooni.org/m/20260309053755.007863_KR_webconnectivity_5f0121eb306fc7bd
https://www.clintonfoundation.org/,ok,https://explorer.ooni.org/m/20260309053756.638945_KR_webconnectivity_97c4ac241ae5affa
https://www.cnbc.com/,ok,https://explorer.ooni.org/m/20260309053805.676155_KR_webconnectivity_28d97b6ab1c651c9
http://www.cnnasiapacific.com/,tcp_ip,https://explorer.ooni.org/m/20260309053851.832626_KR_webconnectivity_e5bcfdaf0e256db4
https://www.cpj.org/,ok,https://explorer.ooni.org/m/20260309053904.535348_KR_webconnectivity_8bbd21846fc3a8a8
https://www.crisisgroup.org/,ok,https://explorer.ooni.org/m/20260309053920.582193_KR_webconnectivity_d1050f9398c8977d
https://www.csmonitor.com/,ok,https://explorer.ooni.org/m/20260309053936.566499_KR_webconnectivity_4dc73d43e699d0ad
https://www.currenttime.tv/,ok,https://explorer.ooni.org/m/20260309053946.490206_KR_webconnectivity_ed0ece185266dd68
http://www.cwgl.rutgers.edu/,ok,https://explorer.ooni.org/m/20260309053955.891932_KR_webconnectivity_88ee989bb5e0b163
https://www.cyberghostvpn.com/,dns,https://explorer.ooni.org/m/20260309053957.194058_KR_webconnectivity_f2a175794fcaaf57
https://www.dailymail.co.uk/,ok,https://explorer.ooni.org/m/20260309054009.456024_KR_webconnectivity_1f298f5c2a95e964
https://www.dailysabah.com/,ok,https://explorer.ooni.org/m/20260309054025.128321_KR_webconnectivity_6c4fbf62c00f9768
https://www.dailywire.com/,ok,https://explorer.ooni.org/m/20260309054037.750372_KR_webconnectivity_f28ddf97517ac98c
https://www.dd-rd.ca/,ok,https://explorer.ooni.org/m/20260309054040.587890_KR_webconnectivity_750ae58ff8a91fc1
http://www.ddanzi.com/,ok,https://explorer.ooni.org/m/20260309054048.790866_KR_webconnectivity_c9d4529a55d2cd34
https://www.democracycaucus.net/,ok,https://explorer.ooni.org/m/20260309054054.659183_KR_webconnectivity_fbd08343037013a6
https://www.democracynow.org/,ok,https://explorer.ooni.org/m/20260309054112.826593_KR_webconnectivity_d9b170b383da0360
http://www.depdc.org/,ok,https://explorer.ooni.org/m/20260309054114.674804_KR_webconnectivity_bd9fc97962d873f0
https://www.derechos.org/,ok,https://explorer.ooni.org/m/20260309054122.574443_KR_webconnectivity_a909038d5c444c83
https://www.disabilityrightsfund.org/,ok,https://explorer.ooni.org/m/20260309054132.250377_KR_webconnectivity_ec68b8bd840aab5c
http://www.dit-inc.us/,dns,https://explorer.ooni.org/m/20260309054133.640037_KR_webconnectivity_1d68752f4f9fe6e2
http://www.donga.com/,ok,https://explorer.ooni.org/m/20260309054143.816793_KR_webconnectivity_624843e301ea0a2a
https://www.dopplr.com/,ok,https://explorer.ooni.org/m/20260309054149.813751_KR_webconnectivity_161d203586b731f0
https://www.doriafeministfund.org/,ok,https://explorer.ooni.org/m/20260309054155.277821_KR_webconnectivity_16c20f1c4ac93e6b
http://www.drudgereport.com/,ok,https://explorer.ooni.org/m/20260309054207.702734_KR_webconnectivity_2c764fbebd7c49c2
https://www.dw.com/,ok,https://explorer.ooni.org/m/20260309054211.243117_KR_webconnectivity_d60643cd0765d109
http://www.e-ju.net/,ok,https://explorer.ooni.org/m/20260309054212.314383_KR_webconnectivity_7b3462f56fad26f7
http://www.ebn.co.kr/,ok,https://explorer.ooni.org/m/20260309054225.866339_KR_webconnectivity_034756fdac2683b7
http://www.ecequality.org/,ok,https://explorer.ooni.org/m/20260309054235.932372_KR_webconnectivity_08973317cfd8c889
https://www.echr.coe.int/,ok,https://explorer.ooni.org/m/20260309054239.149112_KR_webconnectivity_7591bd139476cfd2
https://www.economist.com/,ok,https://explorer.ooni.org/m/20260309054243.155837_KR_webconnectivity_55a069d1e93a10f3
http://www.eduhope.net/,ok,https://explorer.ooni.org/m/20260309054253.238637_KR_webconnectivity_bfa31db42b17f487
https://www.eff.org/,ok,https://explorer.ooni.org/m/20260309054300.714166_KR_webconnectivity_f04d8001cb7d98c1
https://www.eluniversal.com/,ok,https://explorer.ooni.org/m/20260309054312.079154_KR_webconnectivity_451f18b88f78acb1
https://www.endfgm.eu/,ok,https://explorer.ooni.org/m/20260309054319.428492_KR_webconnectivity_1661e2b7d28f536f
http://www.equaline.or.kr/,ok,https://explorer.ooni.org/m/20260309054331.772253_KR_webconnectivity_87c5eb7f00a188eb
https://www.eurobicon.org/,dns,https://explorer.ooni.org/m/20260309054333.048748_KR_webconnectivity_185ed1f6e7eb9f9d
https://www.euronews.com/,ok,https://explorer.ooni.org/m/20260309054338.116307_KR_webconnectivity_de754a0ab327bd09
https://www.exgay.com/,ok,https://explorer.ooni.org/m/20260309054340.364886_KR_webconnectivity_1189e77a8199f2ac
https://www.exitinternational.net/,ok,https://explorer.ooni.org/m/20260309054349.477712_KR_webconnectivity_30cc2a683d8009a7
https://www.expressvpn.com/,ok,https://explorer.ooni.org/m/20260309054403.349050_KR_webconnectivity_fc867da6bad7c984
https://www.f-secure.com/,http-failure,https://explorer.ooni.org/m/20260309054424.948522_KR_webconnectivity_4b16da3b03279601
https://www.familyequality.org/,ok,https://explorer.ooni.org/m/20260309054436.172748_KR_webconnectivity_e4463cff382e853e
http://www.feer.com/,ok,https://explorer.ooni.org/m/20260309054437.122437_KR_webconnectivity_c04a5285743bf61b
https://www.feminist.com/,ok,https://explorer.ooni.org/m/20260309054451.917420_KR_webconnectivity_67a5b577c1ccd02f
https://www.feministfrequency.com/,dns,https://explorer.ooni.org/m/20260309054452.941077_KR_webconnectivity_2c2b2128ad8dec26
https://www.fidh.org/,ok,https://explorer.ooni.org/m/20260309054500.780666_KR_webconnectivity_3ae35cf67aec4a47
http://www.fktu.or.kr/,ok,https://explorer.ooni.org/m/20260309054510.514693_KR_webconnectivity_afc274c1ca1a0c42
https://www.fondationdefrance.org/,ok,https://explorer.ooni.org/m/20260309054525.435224_KR_webconnectivity_7855382e6ba1c35a
https://www.forbes.com/,ok,https://explorer.ooni.org/m/20260309054536.755956_KR_webconnectivity_a8b666b1d9dc4b01
https://www.fordfoundation.org/,ok,https://explorer.ooni.org/m/20260309054541.718557_KR_webconnectivity_4100ccfa95d1208d
http://www.forum-asia.org/,ok,https://explorer.ooni.org/m/20260309054543.612801_KR_webconnectivity_44d44a70a7e49b8c
https://www.forum18.org/,ok,https://explorer.ooni.org/m/20260309054549.764580_KR_webconnectivity_7b770ec93443d9cf
https://www.foxnews.com/,ok,https://explorer.ooni.org/m/20260309054600.734866_KR_webconnectivity_e96bb6d0663d40cf
https://www.france24.com/,ok,https://explorer.ooni.org/m/20260309054603.224660_KR_webconnectivity_2a2a29eac88e760d
https://www.francemediasmonde.com/,ok,https://explorer.ooni.org/m/20260309054614.559678_KR_webconnectivity_42385eb183fcca8d
http://www.freedominfo.org/,ok,https://explorer.ooni.org/m/20260309054615.922560_KR_webconnectivity_4cf230b5ed3164a4
http://www.freeexpression.org/,ok,https://explorer.ooni.org/m/20260309054629.046537_KR_webconnectivity_01096d040e436fa4
https://www.freespeech.com/,ok,https://explorer.ooni.org/m/20260309054639.011082_KR_webconnectivity_f3eb83f9998a3587
https://www.freespeechcoalition.com/,dns,https://explorer.ooni.org/m/20260309054640.098165_KR_webconnectivity_0b06585a77feb404
http://www.fridae.com/,dns,https://explorer.ooni.org/m/20260309054641.593456_KR_webconnectivity_298a64e7e4134622
https://www.frontlinedefenders.org/,ok,https://explorer.ooni.org/m/20260309054650.763319_KR_webconnectivity_4d43a80a8ccf237d
https://www.ft.com/,ok,https://explorer.ooni.org/m/20260309054704.041743_KR_webconnectivity_5c2131e4852af893
http://www.ftchinese.com/,ok,https://explorer.ooni.org/m/20260309054714.397781_KR_webconnectivity_b372609b79e5cc4f
http://www.gayegypt.com/,dns,https://explorer.ooni.org/m/20260309054715.375644_KR_webconnectivity_b872d4ed02875824
http://www.gayrice.com/,dns,https://explorer.ooni.org/m/20260309054716.396624_KR_webconnectivity_abb93e458d4e3d28
http://www.gayrice.com/gayplaces/country.php?cid=126,dns,https://explorer.ooni.org/m/20260309054717.171537_KR_webconnectivity_0beb917ec7b0bc75
http://www.gayscape.com/,dns,https://explorer.ooni.org/m/20260309054720.400155_KR_webconnectivity_79c6f09638677ea9
https://www.gaystarnews.com/,dns,https://explorer.ooni.org/m/20260309054721.331504_KR_webconnectivity_aab25a083fc09a0c
https://www.gearthblog.com/,ok,https://explorer.ooni.org/m/20260309054727.742765_KR_webconnectivity_5949ff6d998d542b
https://www.genderit.org/,ok,https://explorer.ooni.org/m/20260309054733.418565_KR_webconnectivity_ca7884f5f7c8c2ba
https://www.getoutline.org/,ok,https://explorer.ooni.org/m/20260309054739.242858_KR_webconnectivity_1e678523181efff7
https://www.girlsnotbrides.org/,ok,https://explorer.ooni.org/m/20260309054752.017314_KR_webconnectivity_f447e76c4004a8bf
http://www.glaad.org/,ok,https://explorer.ooni.org/m/20260309054806.086763_KR_webconnectivity_20e725df52299a94
http://www.glbtqarchive.com/,ok,https://explorer.ooni.org/m/20260309054808.958747_KR_webconnectivity_782a7d860bcfb90c
https://www.globaleaks.org/,ok,https://explorer.ooni.org/m/20260309054822.695723_KR_webconnectivity_7dac60fb258be553
https://www.globalfundforwomen.org/,ok,https://explorer.ooni.org/m/20260309054834.501805_KR_webconnectivity_ad408d6e1acdfb27
http://www.globalgayz.com/,ok,https://explorer.ooni.org/m/20260309054842.002284_KR_webconnectivity_3da3cd76e456c9c3
http://www.globalgayz.com/g-korea.html,ok,https://explorer.ooni.org/m/20260309054851.114867_KR_webconnectivity_620112f44f394319
http://www.globalr2p.org/,ok,https://explorer.ooni.org/m/20260309054900.172083_KR_webconnectivity_6551c0ef74d7d09e
https://www.glsen.org/,ok,https://explorer.ooni.org/m/20260309054911.533208_KR_webconnectivity_d9f67ebf747f4ab1
http://www.gmhc.org/,ok,https://explorer.ooni.org/m/20260309054919.423463_KR_webconnectivity_ee8bbf5389e4eafc
https://www.gnu.org/,ok,https://explorer.ooni.org/m/20260309054938.504598_KR_webconnectivity_fce524f3adc0aa43
https://www.gnupg.org/,ok,https://explorer.ooni.org/m/20260309054942.331210_KR_webconnectivity_e8cd5f3500707b56
http://www.gobalnews.com/,ok,https://explorer.ooni.org/m/20260309054953.568665_KR_webconnectivity_02f6a70bc737ab47
http://www.goodasyou.net/,dns,https://explorer.ooni.org/m/20260309054954.584355_KR_webconnectivity_df70777218b463ab
http://www.granma.cu/,ok,https://explorer.ooni.org/m/20260309055019.551982_KR_webconnectivity_28aca521c04021f7
https://www.grindr.com/,dns,https://explorer.ooni.org/m/20260309055020.671356_KR_webconnectivity_fdd901d1a8492937
https://www.guerrillagirls.com/,dns,https://explorer.ooni.org/m/20260309055021.778981_KR_webconnectivity_8b003bc58a2a0f08
https://www.haaretz.com/,ok,https://explorer.ooni.org/m/20260309055032.236175_KR_webconnectivity_6183087a88789520
http://www.hani.co.kr/,ok,https://explorer.ooni.org/m/20260309055040.315023_KR_webconnectivity_e278efd7f03c1645
http://www.hankooki.com/,ok,https://explorer.ooni.org/m/20260309055055.224299_KR_webconnectivity_7167e3e9ef22b662
http://www.hellodd.com/,ok,https://explorer.ooni.org/m/20260309055109.989305_KR_webconnectivity_c70ab3c8e53df611
https://www.herdict.org/,ok,https://explorer.ooni.org/m/20260309055118.694453_KR_webconnectivity_6a5d4d2ca4183478
https://www.heritage.org/,ok,https://explorer.ooni.org/m/20260309055126.284462_KR_webconnectivity_8bf964be3ff645be
https://www.heyjane.com/,ok,https://explorer.ooni.org/m/20260309055135.536359_KR_webconnectivity_a9611c93efdda495
https://www.hidemyass.com/,dns,https://explorer.ooni.org/m/20260309055137.340974_KR_webconnectivity_41ca603941644be1
http://www.hizb-ut-tahrir.org/,dns,https://explorer.ooni.org/m/20260309055223.438461_KR_webconnectivity_71a48b0d6fd5fd4e
http://www.hopeandlaw.org/,ok,https://explorer.ooni.org/m/20260309055234.385440_KR_webconnectivity_1128aff0dc770131
http://www.hotline.or.kr/,ok,https://explorer.ooni.org/m/20260309055249.071311_KR_webconnectivity_5d96ed9fb42ac21b
https://www.hotspotshield.com/,dns,https://explorer.ooni.org/m/20260309055250.172078_KR_webconnectivity_2b8c509ff7fa8db2
http://www.hrc.org/,ok,https://explorer.ooni.org/m/20260309055302.051766_KR_webconnectivity_b708b0e1322ba578
http://www.hrea.org/,ok,https://explorer.ooni.org/m/20260309055312.938110_KR_webconnectivity_ca569b4fcb82b46e
https://www.hrw.org/,ok,https://explorer.ooni.org/m/20260309055322.412297_KR_webconnectivity_1a6c9883b0d586b9
https://www.hrw.org/asia/south-korea,ok,https://explorer.ooni.org/m/20260309055333.746740_KR_webconnectivity_c3ad1c4c988e5457
http://www.http-tunnel.com/,dns,https://explorer.ooni.org/m/20260309055334.833070_KR_webconnectivity_342496f1a49f7f6f
https://www.huffpost.com/,ok,https://explorer.ooni.org/m/20260309055346.815703_KR_webconnectivity_8c0c9b9674917ded
https://www.humanrightsconnected.org/,ok,https://explorer.ooni.org/m/20260309055350.279416_KR_webconnectivity_95cb279a9a5ff792
http://www.humanrightsfirst.org/,ok,https://explorer.ooni.org/m/20260309055358.933739_KR_webconnectivity_1b43017feadd8f85
http://www.i615.net/,error,https://explorer.ooni.org/m/20260309055404.386846_KR_webconnectivity_cf14c84413b21faa
https://www.hyphanet.org/,dns,https://explorer.ooni.org/m/20260309055359.728869_KR_webconnectivity_ba993418d73bdf1b
http://www.iaffe.org/,ok,https://explorer.ooni.org/m/20260309055409.103855_KR_webconnectivity_acb2a62c87ba2af5
https://www.icc-cpi.int/,ok,https://explorer.ooni.org/m/20260309055419.159113_KR_webconnectivity_c41913fafd5f4a6c
https://www.icij.org/,ok,https://explorer.ooni.org/m/20260309055433.072009_KR_webconnectivity_a4650739f5397f16
https://www.icj.org/,dns,https://explorer.ooni.org/m/20260309055434.067932_KR_webconnectivity_44b86f35f5cec900
http://www.icrw.org/,ok,https://explorer.ooni.org/m/20260309055441.292598_KR_webconnectivity_d80be5a714c3cf80
https://www.ictj.org/,ok,https://explorer.ooni.org/m/20260309055451.451980_KR_webconnectivity_462be44992473f57
http://www.idea.int/,ok,https://explorer.ooni.org/m/20260309055506.017346_KR_webconnectivity_1adb57d513f0a50f
http://www.ifex.org/,ok,https://explorer.ooni.org/m/20260309055507.617547_KR_webconnectivity_2c850d23d606db07
http://www.ifge.org/,dns,https://explorer.ooni.org/m/20260309055509.348632_KR_webconnectivity_de45e058165e7dc9
http://www.ifj-asia.org/,tcp_ip,https://explorer.ooni.org/m/20260309055555.176354_KR_webconnectivity_9964e6fd9bb776fe
http://www.ifj.org/,ok,https://explorer.ooni.org/m/20260309055605.374539_KR_webconnectivity_023ab5f187dd07b4
https://www.ihrc.org.uk/,ok,https://explorer.ooni.org/m/20260309055616.813904_KR_webconnectivity_85b11f5d39a513c7
https://www.ijm.org/,ok,https://explorer.ooni.org/m/20260309055626.046745_KR_webconnectivity_984402fe28c66415
https://www.iknowpolitics.org/,ok,https://explorer.ooni.org/m/20260309055635.994207_KR_webconnectivity_51cc5c6dc5918da2
https://www.ilga-europe.org/,ok,https://explorer.ooni.org/m/20260309055650.347304_KR_webconnectivity_c4a398ad63138358
http://www.ilga.info/,ok,https://explorer.ooni.org/m/20260309055658.661445_KR_webconnectivity_16f637b8cbca6b4d
http://www.ilga.org/asia/,ok,https://explorer.ooni.org/m/20260309055708.809029_KR_webconnectivity_f5c6abd8a412e575
http://www.ilo.org/public/english/region/asro/bangkok/child/trafficking/index.htm,ok,https://explorer.ooni.org/m/20260309055720.295933_KR_webconnectivity_f86d9dd663843f38
https://www.indiatimes.com/,ok,https://explorer.ooni.org/m/20260309055731.885922_KR_webconnectivity_b8cd2cbfaff49bce
https://www.ineedana.com/,dns,https://explorer.ooni.org/m/20260309055734.193273_KR_webconnectivity_2493a38efadd141b
http://www.inetprivacy.com/,dns,https://explorer.ooni.org/m/20260309055735.369475_KR_webconnectivity_571fab145ace978c
http://www.inews24.com/,ok,https://explorer.ooni.org/m/20260309055747.506155_KR_webconnectivity_20f76d2e595fc4e9
https://www.infomigrants.net/,ok,https://explorer.ooni.org/m/20260309055750.596529_KR_webconnectivity_98f6ed80f736bf0b
https://www.infowars.com/,ok,https://explorer.ooni.org/m/20260309055801.661302_KR_webconnectivity_f4db57a3184bfdda
http://www.inkwon.or.kr/,ok,https://explorer.ooni.org/m/20260309055810.989617_KR_webconnectivity_cf9aac60df8492a4
http://www.inminds.co.uk/,ok,https://explorer.ooni.org/m/20260309055823.823876_KR_webconnectivity_5c7ab6931bed93d9
http://www.inochong.org/,ok,https://explorer.ooni.org/m/20260309055827.369812_KR_webconnectivity_b0ba10480fea8b51
https://www.ipetitions.com/,ok,https://explorer.ooni.org/m/20260309055833.271843_KR_webconnectivity_7d5df54a537f6f09
https://www.ipredator.se/,dns,https://explorer.ooni.org/m/20260309055834.047088_KR_webconnectivity_3b557e5f19ee259a
https://www.ipvanish.com/,dns,https://explorer.ooni.org/m/20260309055835.460055_KR_webconnectivity_ae76e0c968e8d189
http://www.irna.ir/,ok,https://explorer.ooni.org/m/20260309055839.493742_KR_webconnectivity_3a7f434787962cf9
http://www.isiswomen.org/,ok,https://explorer.ooni.org/m/20260309055844.168282_KR_webconnectivity_b2e6a541259dffd3
http://www.islamawareness.net/,ok,https://explorer.ooni.org/m/20260309055850.529686_KR_webconnectivity_6d8c4232439e47dd
http://www.islamawareness.net/Asia/KoreaSouth/,ok,https://explorer.ooni.org/m/20260309055853.882767_KR_webconnectivity_20f67c9987918a79
http://www.islamkorea.com/,ok,https://explorer.ooni.org/m/20260309055912.634582_KR_webconnectivity_95a759d6c73ae5e5
https://www.ivpn.net/,dns,https://explorer.ooni.org/m/20260309055915.354335_KR_webconnectivity_e21d59dfc25996de
http://www.iwraw-ap.org/,ok,https://explorer.ooni.org/m/20260309055925.026504_KR_webconnectivity_995eefdaf059eeee
https://www.iwraw-ap.org/,ok,https://explorer.ooni.org/m/20260309055932.928363_KR_webconnectivity_04ec67c32d524563
http://www.japantimes.co.jp/,ok,https://explorer.ooni.org/m/20260309055942.423101_KR_webconnectivity_31d3a61815d4caca
http://www.jcmk.org/,ok,https://explorer.ooni.org/m/20260309055954.634719_KR_webconnectivity_04911bab59b633c0
http://www.jhr.ca/,ok,https://explorer.ooni.org/m/20260309060006.878967_KR_webconnectivity_1b14f4be7089f997
https://www.jihadwatch.org/,ok,https://explorer.ooni.org/m/20260309060008.899086_KR_webconnectivity_233624720020bea2
http://www.jinbocorea.org/,ok,https://explorer.ooni.org/m/20260309060020.317208_KR_webconnectivity_da4eb128f1deb028
http://www.jmarshall.com/,ok,https://explorer.ooni.org/m/20260309060023.631076_KR_webconnectivity_2ad6c7c3796120fc
https://www.jmarshall.com/,ok,https://explorer.ooni.org/m/20260309060026.208456_KR_webconnectivity_6e151f4d9e47b441
http://www.kcna.co.jp/,confirmed,https://explorer.ooni.org/m/20260309060029.148896_KR_webconnectivity_7d45618e87a2e6f3
http://www.kcna.kp/,dns,https://explorer.ooni.org/m/20260309060030.623558_KR_webconnectivity_3191ffb813dac579
http://www.kctu.org/,ok,https://explorer.ooni.org/m/20260309060036.433684_KR_webconnectivity_5dd0c8a0ab20f97b
http://www.kdawu.org/,ok,https://explorer.ooni.org/m/20260309060043.585836_KR_webconnectivity_5304787969ee940c
http://www.kdlp.org/,ok,https://explorer.ooni.org/m/20260309060048.318684_KR_webconnectivity_0bb4e09f0e8c4fe1
http://www.khan.co.kr/,ok,https://explorer.ooni.org/m/20260309060056.464584_KR_webconnectivity_5c4b793fb4b0830e
http://www.khrp.org/,ok,https://explorer.ooni.org/m/20260309060059.994839_KR_webconnectivity_c0d7e652005c682d
http://www.kita.net/,ok,https://explorer.ooni.org/m/20260309060114.098357_KR_webconnectivity_140b0c559838adf0
https://www.knapsackforhope.org/,ok,https://explorer.ooni.org/m/20260309060115.513840_KR_webconnectivity_d9dd3f2a959d755e
http://www.kncc.or.kr/,error,https://explorer.ooni.org/m/20260309060128.669412_KR_webconnectivity_75bdfbfc57dd8951
http://www.kngo.net/,ok,https://explorer.ooni.org/m/20260309060140.469295_KR_webconnectivity_640b1b3c04478261
http://www.korea-htr.com/,confirmed,https://explorer.ooni.org/m/20260309060141.909950_KR_webconnectivity_fbf180f35f50c7b6
http://www.korea-htr.com/chuo/,confirmed,https://explorer.ooni.org/m/20260309060144.111890_KR_webconnectivity_883ab2717bdee1cd
http://www.koreaherald.co.kr/,ok,https://explorer.ooni.org/m/20260309060153.761604_KR_webconnectivity_b9e098863fc56c9e
http://www.korealiberator.org/,ok,https://explorer.ooni.org/m/20260309060201.772175_KR_webconnectivity_675174b1774ec375
http://www.korva.or.kr/,ok,https://explorer.ooni.org/m/20260309060213.203809_KR_webconnectivity_9f48d8cfb6557bec
http://www.kpil.org/,ok,https://explorer.ooni.org/m/20260309060221.177965_KR_webconnectivity_a4f4fe5eaa45b603
http://www.kqcf.org/,ok,https://explorer.ooni.org/m/20260309060222.146990_KR_webconnectivity_cd9f5f2db5bb7560
http://www.kwdi.re.kr/,ok,https://explorer.ooni.org/m/20260309060254.127266_KR_webconnectivity_744a6cae078cbc53
http://www.kwpa.org/,ok,https://explorer.ooni.org/m/20260309060301.905917_KR_webconnectivity_1f6a2803a70c2106
http://www.kwwnet.org/,ok,https://explorer.ooni.org/m/20260309060314.926971_KR_webconnectivity_60b55314fc5ccd3d
http://www.laborrightsnow.org/,ok,https://explorer.ooni.org/m/20260309060320.405073_KR_webconnectivity_5f298a916432e219
http://www.lanacion.com.ar/,ok,https://explorer.ooni.org/m/20260309060331.909936_KR_webconnectivity_c437b6a65e076d5c
https://www.laquadrature.net/,ok,https://explorer.ooni.org/m/20260309060339.732265_KR_webconnectivity_4ed24956b9cf607d
http://www.latimes.com/,ok,https://explorer.ooni.org/m/20260309060347.929284_KR_webconnectivity_b52afbde96681919
https://www.lds.org/,ok,https://explorer.ooni.org/m/20260309060401.733473_KR_webconnectivity_7d0a7622afceef19
http://www.learningpartnership.org/,ok,https://explorer.ooni.org/m/20260309060411.417646_KR_webconnectivity_e48d01b6b7825675
https://www.lemonde.fr/,ok,https://explorer.ooni.org/m/20260309060422.126582_KR_webconnectivity_0a294d17a54221ca
https://www.lgbtmap.org/,ok,https://explorer.ooni.org/m/20260309060434.027235_KR_webconnectivity_3cbee2630f5377df
http://www.lgbtpride.or.kr/,ok,https://explorer.ooni.org/m/20260309060442.275935_KR_webconnectivity_c266f7537fcde4aa
https://www.lgbtqnation.com/,ok,https://explorer.ooni.org/m/20260309060453.890035_KR_webconnectivity_c86c88d6e63b1c43
https://www.lilithfund.org/,ok,https://explorer.ooni.org/m/20260309060505.779913_KR_webconnectivity_5fdc68b29f469d10
http://www.littlespeck.com/,ok,https://explorer.ooni.org/m/20260309060512.332615_KR_webconnectivity_54d6d5752bf4ef33
https://www.logmein.com/,ok,https://explorer.ooni.org/m/20260309060514.540929_KR_webconnectivity_d47fae794527081d
https://www.madre.org/,ok,https://explorer.ooni.org/m/20260309060526.407917_KR_webconnectivity_57992c9df626ab75
http://www.mainichi.co.jp/,ok,https://explorer.ooni.org/m/20260309060532.652110_KR_webconnectivity_ec0e29a464e12061
https://www.mamacash.org/,ok,https://explorer.ooni.org/m/20260309060542.918236_KR_webconnectivity_33aa07987c0c341a
https://www.martus.org/,ok,https://explorer.ooni.org/m/20260309060547.723837_KR_webconnectivity_0475ad532053ec2d
https://www.mc-doualiya.com/,ok,https://explorer.ooni.org/m/20260309060550.492360_KR_webconnectivity_15d69b695577137e
http://www.mediareform.co.kr/,ok,https://explorer.ooni.org/m/20260309060558.197253_KR_webconnectivity_93dac1314203d0ef
http://www.mediatoday.co.kr/,ok,https://explorer.ooni.org/m/20260309060612.434351_KR_webconnectivity_9673106e87b45c22
http://www.mediaus.co.kr/,ok,https://explorer.ooni.org/m/20260309060623.091771_KR_webconnectivity_40371639780f8ae5
https://www.megaproxy.com/,dns,https://explorer.ooni.org/m/20260309060624.586113_KR_webconnectivity_c198eab7b3eb5966
http://www.mfasia.org/,ok,https://explorer.ooni.org/m/20260309060642.566954_KR_webconnectivity_00c4c1956bc31401
https://www.mideastyouth.com/,ok,https://explorer.ooni.org/m/20260309060650.858849_KR_webconnectivity_7b587f37c6d76824
http://www.migrant114.org/,dns,https://explorer.ooni.org/m/20260309060700.646940_KR_webconnectivity_01e57cfe3a2b4369
http://www.migrantsinkorea.net/,ok,https://explorer.ooni.org/m/20260309060701.614497_KR_webconnectivity_e5e922ec09370838
http://www.mizzima.com/,ok,https://explorer.ooni.org/m/20260309060703.764922_KR_webconnectivity_5a967b24eb46d768
https://www.mombian.com/,ok,https://explorer.ooni.org/m/20260309060705.336343_KR_webconnectivity_d462007f87dee61e
http://www.mongu.net/,ok,https://explorer.ooni.org/m/20260309060709.977939_KR_webconnectivity_4c1d0e141a8d8258
https://www.mormon.org/,ok,https://explorer.ooni.org/m/20260309060720.332197_KR_webconnectivity_121955c5f93482bd
https://www.msichoices.org/,dns,https://explorer.ooni.org/m/20260309060721.267784_KR_webconnectivity_91ceb735e48bd630
https://www.muckrock.com/,ok,https://explorer.ooni.org/m/20260309060732.400028_KR_webconnectivity_c51f465836fa1ce5
https://www.musalaha.org/,ok,https://explorer.ooni.org/m/20260309060743.035432_KR_webconnectivity_b7b6913db13192ed
http://www.naeil.com/,ok,https://explorer.ooni.org/m/20260309060749.579903_KR_webconnectivity_fa01db8dd360ceed
https://www.namecoin.org/,ok,https://explorer.ooni.org/m/20260309060755.471630_KR_webconnectivity_194c7c501528a0a8
http://www.naral.org/,ok,https://explorer.ooni.org/m/20260309060802.437069_KR_webconnectivity_2717fa44e83189cb
https://www.nbc.com/,ok,https://explorer.ooni.org/m/20260309060812.102892_KR_webconnectivity_aa00abcc328f42b9
https://www.nbcnews.com/,ok,https://explorer.ooni.org/m/20260309060827.394596_KR_webconnectivity_86f76363a056497f
https://www.nbcnewyork.com/,ok,https://explorer.ooni.org/m/20260309060837.362805_KR_webconnectivity_f5bd0944fc6c417b
http://www.nclrights.org/,ok,https://explorer.ooni.org/m/20260309060850.032367_KR_webconnectivity_07241c087ec46ec8
https://www.ndi.org/,ok,https://explorer.ooni.org/m/20260309060859.373639_KR_webconnectivity_801e32755746a27d
https://www.ned.org/,ok,https://explorer.ooni.org/m/20260309060909.155273_KR_webconnectivity_eb8ae73e86b8fc50
http://www.newnownext.com/,ok,https://explorer.ooni.org/m/20260309060921.845227_KR_webconnectivity_3172ba8f5d0667f7
http://www.newnownext.com/franchise/the-backlot/,ok,https://explorer.ooni.org/m/20260309060933.565231_KR_webconnectivity_cef904b7b488d8f1
http://www.newscham.net/,ok,https://explorer.ooni.org/m/20260309060938.491370_KR_webconnectivity_fb10e4ed4dfc008d
http://www.newsweekasia.com/,ok,https://explorer.ooni.org/m/20260309061001.228514_KR_webconnectivity_993770df81ee1ca2
https://www.nifty.org/,dns,https://explorer.ooni.org/m/20260309061002.396244_KR_webconnectivity_fe7b529291e5ab0d
https://www.njal.la/,ok,https://explorer.ooni.org/m/20260309061011.613608_KR_webconnectivity_6d7ea95fd0fc1d18
http://www.nkhumanrights.or.kr/,ok,https://explorer.ooni.org/m/20260309061014.457804_KR_webconnectivity_ac85ed830c0c3a58
http://www.nkzone.org/,tcp_ip,https://explorer.ooni.org/m/20260309061100.968774_KR_webconnectivity_7f1f082474b28ba8
http://www.nocutnews.co.kr/,ok,https://explorer.ooni.org/m/20260309061116.108326_KR_webconnectivity_6e41594b587abb53
http://www.nodong.org/,ok,https://explorer.ooni.org/m/20260309061128.961603_KR_webconnectivity_c42ac422bc5caa16
http://www.nonghyup.com/,ok,https://explorer.ooni.org/m/20260309061132.393410_KR_webconnectivity_e98f9839799e842d
https://www.nostraightnews.com/,ok,https://explorer.ooni.org/m/20260309061142.411972_KR_webconnectivity_6a9ab273905f8912
https://www.npr.org/,ok,https://explorer.ooni.org/m/20260309061155.939660_KR_webconnectivity_3b1d645cfa808ab5
https://www.ntv.ru/,ok,https://explorer.ooni.org/m/20260309061213.913090_KR_webconnectivity_6a8be8fedec843f4
https://www.nwci.ie/,ok,https://explorer.ooni.org/m/20260309061218.950826_KR_webconnectivity_620b04de31a32d38
https://www.nytimes.com/,ok,https://explorer.ooni.org/m/20260309061229.211101_KR_webconnectivity_80ea96c2ba3abeac
https://www.oas.org/,ok,https://explorer.ooni.org/m/20260309061242.776372_KR_webconnectivity_e1903a83ff48ecb5
https://www.occrp.org/,ok,https://explorer.ooni.org/m/20260309061251.987569_KR_webconnectivity_a7ffb06a37244445
https://www.ohchr.org/,ok,https://explorer.ooni.org/m/20260309061254.447231_KR_webconnectivity_8e9860e337e79eb6
http://www.ohmynews.com/,ok,https://explorer.ooni.org/m/20260309061307.349641_KR_webconnectivity_b18d328e621d6583
http://www.omct.org/,ok,https://explorer.ooni.org/m/20260309061323.909462_KR_webconnectivity_f08909a86c9e5de9
https://www.omct.org/,ok,https://explorer.ooni.org/m/20260309061339.943569_KR_webconnectivity_0886b97e7b24a9f2
http://www.oneworld.net/,ok,https://explorer.ooni.org/m/20260309061341.449492_KR_webconnectivity_7eef7409d5952e4d
https://www.opendns.com/,ok,https://explorer.ooni.org/m/20260309061345.834333_KR_webconnectivity_0b110ef700ebbdf4
https://www.openpgp.org/,ok,https://explorer.ooni.org/m/20260309061349.439182_KR_webconnectivity_b35212f147048382
https://www.opensocietyfoundations.org/,ok,https://explorer.ooni.org/m/20260309061401.631776_KR_webconnectivity_3762ba6e5daf4057
https://www.opentech.fund/,ok,https://explorer.ooni.org/m/20260309061411.844277_KR_webconnectivity_6ec9094ac0473d8c
https://www.ou.org/,ok,https://explorer.ooni.org/m/20260309061423.239775_KR_webconnectivity_1f3543b0c8610c7c
https://www.out.com/,dns,https://explorer.ooni.org/m/20260309061424.064377_KR_webconnectivity_f9aafc5d5f37d537
http://www.pangari.net/,ok,https://explorer.ooni.org/m/20260309061424.989175_KR_webconnectivity_5363fbba041f61df
http://www.pcusa.org/,ok,https://explorer.ooni.org/m/20260309061437.018769_KR_webconnectivity_7d4c0de01d34e456
http://www.peacefire.org/circumventor/simple-circumventor-instructions.html,dns,https://explorer.ooni.org/m/20260309061438.113489_KR_webconnectivity_e066d0d843b98432
http://www.people.com.cn/,ok,https://explorer.ooni.org/m/20260309061451.023040_KR_webconnectivity_732fe42e5ad9d6a8
http://www.peoplepower21.org/,ok,https://explorer.ooni.org/m/20260309061457.787128_KR_webconnectivity_8c4bd64d4759ac1d
https://www.phpmyadmin.net/,ok,https://explorer.ooni.org/m/20260309061504.053227_KR_webconnectivity_27666bee3597b4be
http://www.pikicast.com/,error,https://explorer.ooni.org/m/20260309061507.196539_KR_webconnectivity_cd3a06d70af5dd2a
https://www.pinkcupid.com/,dns,https://explorer.ooni.org/m/20260309061508.728962_KR_webconnectivity_4d71065aec226adb
https://www.pinknews.co.uk/,http-failure,https://explorer.ooni.org/m/20260309061512.005772_KR_webconnectivity_1a1994ea573c6131
https://www.piratenpartei.ch/,ok,https://explorer.ooni.org/m/20260309061521.515180_KR_webconnectivity_fb256c1cb2751cfb
http://www.piratpartiet.se/,ok,https://explorer.ooni.org/m/20260309061535.372573_KR_webconnectivity_52cd37fd16c16bb3
https://www.plancpills.org/,dns,https://explorer.ooni.org/m/20260309061536.817140_KR_webconnectivity_d4b78b6519d0fc2c
https://www.planetromeo.com/,dns,https://explorer.ooni.org/m/20260309061538.097973_KR_webconnectivity_ff1138706d2eb5f2
http://www.poweroftruth.net/,ok,https://explorer.ooni.org/m/20260309061546.018125_KR_webconnectivity_9d4f08753d754f8c
https://www.pravda.ru/,dns,https://explorer.ooni.org/m/20260309061601.796524_KR_webconnectivity_a5bf3b3f4ae69e2e
http://www.pressian.com/,ok,https://explorer.ooni.org/m/20260309061615.547812_KR_webconnectivity_8b469c0fe7ddaf16
https://www.pridemedia.com/,ok,https://explorer.ooni.org/m/20260309061626.383650_KR_webconnectivity_c80b3a6d89910b56
https://www.privacidade.digital/,ok,https://explorer.ooni.org/m/20260309061631.853831_KR_webconnectivity_88272ec75c96b4ef
https://www.privacyguides.org/,ok,https://explorer.ooni.org/m/20260309061638.676156_KR_webconnectivity_54f74405f87faa3b
https://www.privacyinternational.org/,ok,https://explorer.ooni.org/m/20260309061644.371248_KR_webconnectivity_32d397b452f41aad
https://www.privacytools.io/,ok,https://explorer.ooni.org/m/20260309061650.165302_KR_webconnectivity_09866ee52cea956a
https://www.privateinternetaccess.com/,dns,https://explorer.ooni.org/m/20260309061651.407735_KR_webconnectivity_f60a4518c75be73f
http://www.privaterra.org/,ok,https://explorer.ooni.org/m/20260309061700.126005_KR_webconnectivity_e751ce51fe4fb895
https://www.projectveritas.com/,ok,https://explorer.ooni.org/m/20260309061708.870979_KR_webconnectivity_03057bd112e015db
https://www.propublica.org/,ok,https://explorer.ooni.org/m/20260309061719.399906_KR_webconnectivity_421fee7cd9382af8
https://www.protectioninternational.org/,ok,https://explorer.ooni.org/m/20260309061729.702450_KR_webconnectivity_dede455b3a117db1
http://www.protest.net/,dns,https://explorer.ooni.org/m/20260309061731.115020_KR_webconnectivity_4cfc4b6215862925
http://www.publiuspundit.com/,ok,https://explorer.ooni.org/m/20260309061742.865757_KR_webconnectivity_bd17d4dde70987ab
https://www.purevpn.com/,dns,https://explorer.ooni.org/m/20260309061744.038563_KR_webconnectivity_327337b6cb3b7ea1
http://www.qhnews.com/,ok,https://explorer.ooni.org/m/20260309061813.498274_KR_webconnectivity_1791f77975956457
http://www.qhtyzx.com/,ok,https://explorer.ooni.org/m/20260309061815.039417_KR_webconnectivity_7179285fc00a13a4
https://www.queerty.com/,dns,https://explorer.ooni.org/m/20260309061816.202034_KR_webconnectivity_db7a5a43a27f9e71
http://www.radicalparty.org/,ok,https://explorer.ooni.org/m/20260309061830.061747_KR_webconnectivity_e4df238b3846f8c1
http://www.rainbowfoundation.co.kr/,ok,https://explorer.ooni.org/m/20260309061846.786479_KR_webconnectivity_bfdc0e2a127981ac
https://www.rambler.ru/,ok,https://explorer.ooni.org/m/20260309061903.064274_KR_webconnectivity_cfa6fbdd9d642459
https://www.rawa.org/,ok,https://explorer.ooni.org/m/20260309061907.550718_KR_webconnectivity_bebf3af50ec5753a
http://www.redian.org/,ok,https://explorer.ooni.org/m/20260309061917.274030_KR_webconnectivity_8b7367272c80fa5e
https://www.redstateaccess.com/,ok,https://explorer.ooni.org/m/20260309061920.886995_KR_webconnectivity_ed7f10e5cdba4d44
https://www.refugeesinternational.org/,ok,https://explorer.ooni.org/m/20260309061932.775165_KR_webconnectivity_31f246d8d0436e58
https://www.reprolegalhelpline.org/,dns,https://explorer.ooni.org/m/20260309061934.078938_KR_webconnectivity_9eac35e4bfeb4a02
http://www.repubblica.com/,ok,https://explorer.ooni.org/m/20260309061946.841739_KR_webconnectivity_ee3dab7f750ea379
https://www.rescue.org/,ok,https://explorer.ooni.org/m/20260309061959.464187_KR_webconnectivity_9e6c925dbc39a8ca
https://www.reuters.com/,ok,https://explorer.ooni.org/m/20260309062003.767101_KR_webconnectivity_60c374cbf4da80e5
https://www.rfa.org/,ok,https://explorer.ooni.org/m/20260309062016.538579_KR_webconnectivity_68b2f3f3a91ba60b
https://www.rferl.org/,ok,https://explorer.ooni.org/m/20260309062025.805469_KR_webconnectivity_c436bc9a604c8d3d
https://www.rfi.fr/,ok,https://explorer.ooni.org/m/20260309062027.813482_KR_webconnectivity_3c9024fda90b565f
http://www.rights.or.kr/,ok,https://explorer.ooni.org/m/20260309062038.629612_KR_webconnectivity_2ce0cc1e8fd92719
http://www.righttodie.ca/,ok,https://explorer.ooni.org/m/20260309062042.355809_KR_webconnectivity_7d017ad645f6e319
http://www.rsf.org/article.php3?id_article=17361,ok,https://explorer.ooni.org/m/20260309062054.918041_KR_webconnectivity_11d2e134fd33a4fb
https://www.rt.com/,ok,https://explorer.ooni.org/m/20260309062107.870335_KR_webconnectivity_90d63a8129f9d682
https://www.rtarabic.com/,ok,https://explorer.ooni.org/m/20260309062119.242933_KR_webconnectivity_e66a9de387ef1555
http://www.samesexmarriage.ca/,dns,https://explorer.ooni.org/m/20260309062120.366973_KR_webconnectivity_f6e580d455a8f34d
http://www.sarangbang.or.kr/,ok,https://explorer.ooni.org/m/20260309062129.514810_KR_webconnectivity_ed6ad3159d5a324b
https://www.savethechildren.net/,ok,https://explorer.ooni.org/m/20260309062141.468689_KR_webconnectivity_7e365114e302a049
https://www.sbs.com.au/language/coronavirus?cid=infocus,ok,https://explorer.ooni.org/m/20260309062153.606829_KR_webconnectivity_75bbb288527f145c
http://www.scmp.com/,ok,https://explorer.ooni.org/m/20260309062203.045415_KR_webconnectivity_ba7dd554eaa448b8
https://www.scmp.com/,ok,https://explorer.ooni.org/m/20260309062214.102859_KR_webconnectivity_4d17c4ca041640a5
https://www.scruff.com/,dns,https://explorer.ooni.org/m/20260309062215.124299_KR_webconnectivity_4626fec4875bc2bb
http://www.seapa.org/,tcp_ip,https://explorer.ooni.org/m/20260309062216.525528_KR_webconnectivity_1989bd7cd150ed5c
http://www.seapabkk.org/,dns,https://explorer.ooni.org/m/20260309062220.031843_KR_webconnectivity_6fe723f845801da1
https://www.secfirst.org/,error,https://explorer.ooni.org/m/20260309062223.289940_KR_webconnectivity_3a12a3b67be0c067
https://www.securityinabox.org/,ok,https://explorer.ooni.org/m/20260309062228.869873_KR_webconnectivity_fd34a5eb70cc153a
https://www.shoe.org/,dns,https://explorer.ooni.org/m/20260309062230.234282_KR_webconnectivity_071caa92b0673399
http://www.sisainlive.com/,ok,https://explorer.ooni.org/m/20260309062231.312084_KR_webconnectivity_c3e11e8d31c1f0ca
http://www.sisters.or.kr/,ok,https://explorer.ooni.org/m/20260309062248.823646_KR_webconnectivity_a0134feb5297cd64
http://www.snumaum.org/,ok,https://explorer.ooni.org/m/20260309062249.962494_KR_webconnectivity_1cec7803d9192737
http://www.sp.or.kr/,dns,https://explorer.ooni.org/m/20260309062252.499265_KR_webconnectivity_01f4ee66ff48dd93
https://www.spiegel.de/,ok,https://explorer.ooni.org/m/20260309062309.984845_KR_webconnectivity_657725c21eb72330
https://www.starlink.com/,ok,https://explorer.ooni.org/m/20260309062312.611451_KR_webconnectivity_56a351265579a18e
http://www.state.gov/g/drl/rls/hrrpt/2004/41647.htm,ok,https://explorer.ooni.org/m/20260309062326.772806_KR_webconnectivity_8816df28dd8c1314
https://www.stonewall.org.uk/,ok,https://explorer.ooni.org/m/20260309062337.301997_KR_webconnectivity_e380854ab567b940
http://www.stopstreetharassment.org/,ok,https://explorer.ooni.org/m/20260309062344.316720_KR_webconnectivity_b5d292e445083a56
https://www.surfeasy.com/,dns,https://explorer.ooni.org/m/20260309062345.531203_KR_webconnectivity_3feeb559cc0711af
http://www.taipeitimes.com/,ok,https://explorer.ooni.org/m/20260309062356.344961_KR_webconnectivity_adf20defe355caeb
https://www.teafund.org/,dns,https://explorer.ooni.org/m/20260309062357.360536_KR_webconnectivity_4183d7e9e71214bf
https://www.techlore.tech/,ok,https://explorer.ooni.org/m/20260309062405.391280_KR_webconnectivity_b2c2a1df3dd18e0b
https://www.telegraph.co.uk/,ok,https://explorer.ooni.org/m/20260309062407.214780_KR_webconnectivity_600f307b492ccd32
https://www.terredeshommes.nl/,ok,https://explorer.ooni.org/m/20260309062419.236866_KR_webconnectivity_c787033d29c4fe23
https://www.theatlantic.com/,dns,https://explorer.ooni.org/m/20260309062420.092564_KR_webconnectivity_7045d98b5d8e37d6
http://www.theepochtimes.com/,ok,https://explorer.ooni.org/m/20260309062429.078799_KR_webconnectivity_605ded08129e2b57
https://www.theguardian.com/,ok,https://explorer.ooni.org/m/20260309062443.090231_KR_webconnectivity_0efd9f64ca9164a0
http://www.theregister.co.uk/,dns,https://explorer.ooni.org/m/20260309062444.372545_KR_webconnectivity_a4cfff1a2e4e8b3f
https://www.thetrevorproject.org/,dns,https://explorer.ooni.org/m/20260309062448.091205_KR_webconnectivity_68d30cd66473f13a
http://www.tongilnews.com/,ok,https://explorer.ooni.org/m/20260309062500.915659_KR_webconnectivity_c5d2f1a4c97fa2df
https://www.torproject.org/,dns,https://explorer.ooni.org/m/20260309062502.485635_KR_webconnectivity_53cefccf7ab2675c
http://www.towleroad.com/,dns,https://explorer.ooni.org/m/20260309062505.015086_KR_webconnectivity_c84b9a3597b85b37
https://www.transgendermap.com/,ok,https://explorer.ooni.org/m/20260309062515.928465_KR_webconnectivity_324e4a2b40888101
https://www.transparency.org/,ok,https://explorer.ooni.org/m/20260309062526.944874_KR_webconnectivity_5ec064906fdf5d25
https://www.tunnelbear.com/,dns,https://explorer.ooni.org/m/20260309062528.228124_KR_webconnectivity_bc3127d4b219e7a2
https://www.tvc.ru/,ok,https://explorer.ooni.org/m/20260309062532.087745_KR_webconnectivity_ec2eee35bb3041b0
http://www.u4.no/,ok,https://explorer.ooni.org/m/20260309062544.651475_KR_webconnectivity_43c954b267a392cf
http://www.ultimate-anonymity.com/,dns,https://explorer.ooni.org/m/20260309062545.951967_KR_webconnectivity_e08e198aaeddd3ee
https://www.unfe.org/,ok,https://explorer.ooni.org/m/20260309062547.839716_KR_webconnectivity_3a5d47d4aa1ba515
https://www.unfpa.org/,ok,https://explorer.ooni.org/m/20260309062558.592135_KR_webconnectivity_20d360be7e37ce64
https://www.unhcr.org/,ok,https://explorer.ooni.org/m/20260309062600.203831_KR_webconnectivity_7b633a861fa079be
https://www.unicef.org/,ok,https://explorer.ooni.org/m/20260309062602.613012_KR_webconnectivity_30a1ea2bcbd9f609
https://www.upi.com/Top_News/World-News/2019/07/11/Amnesty-International-LGBT-soldiers-face-abuse-in-South-Korea-military/1461562819145/,ok,https://explorer.ooni.org/m/20260309062613.593925_KR_webconnectivity_7807337d22375538
https://www.uproxy.org/,dns,https://explorer.ooni.org/m/20260309062614.622730_KR_webconnectivity_b583cd638719a5bc
http://www.upschool.net/xe/,ok,https://explorer.ooni.org/m/20260309062616.089015_KR_webconnectivity_2b6f36b200fe73b9
https://www.urduvoa.com/,ok,https://explorer.ooni.org/m/20260309062625.175436_KR_webconnectivity_e9ac8c14eaf689f2
https://www.usatoday.com/,ok,https://explorer.ooni.org/m/20260309062634.349234_KR_webconnectivity_98d55294b7df62e6
http://www.utopia-asia.com/,dns,https://explorer.ooni.org/m/20260309062636.520254_KR_webconnectivity_40306d95ffa7d55c
https://www.vesti.ru/,ok,https://explorer.ooni.org/m/20260309062649.788769_KR_webconnectivity_6bec24075be830b5
https://www.vice.com/,ok,https://explorer.ooni.org/m/20260309062659.664470_KR_webconnectivity_9943269d12bc22b2
https://www.voanews.com/,ok,https://explorer.ooni.org/m/20260309062708.707155_KR_webconnectivity_51cceb5fdb3ef033
http://www.vop.co.kr/,error,https://explorer.ooni.org/m/20260309062710.870094_KR_webconnectivity_f6406f6126eae87f
https://www.vpngate.net/,dns,https://explorer.ooni.org/m/20260309062714.502015_KR_webconnectivity_f0d40ceb18892c31
https://www.vpnunlimited.com/,dns,https://explorer.ooni.org/m/20260309062715.450988_KR_webconnectivity_3ba1b1851bf18dcf
https://www.warchild.net/,ok,https://explorer.ooni.org/m/20260309062722.016300_KR_webconnectivity_cf0f04745616a48c
https://www.washingtonpost.com/,dns,https://explorer.ooni.org/m/20260309062722.980672_KR_webconnectivity_471ca4de1af0aab8
https://www.washingtontimes.com/,ok,https://explorer.ooni.org/m/20260309062735.464182_KR_webconnectivity_2c5a56db0b256c0a
http://www.well.com/,ok,https://explorer.ooni.org/m/20260309062747.958476_KR_webconnectivity_8a917a25591db32b
http://www.well.com/user/queerjhd/,ok,https://explorer.ooni.org/m/20260309062751.954485_KR_webconnectivity_1e09f35c87225dfb
http://www.wftucentral.org/,ok,https://explorer.ooni.org/m/20260309062800.505804_KR_webconnectivity_abade00cb2562341
https://www.wiesenthal.com/,ok,https://explorer.ooni.org/m/20260309062813.006773_KR_webconnectivity_d3e96a7826cda4ea
https://www.wilpf.org/,ok,https://explorer.ooni.org/m/20260309062823.488515_KR_webconnectivity_041c27baee25ff0a
http://www.withoutwar.org/,ok,https://explorer.ooni.org/m/20260309062838.137101_KR_webconnectivity_e561469107afd492
https://www.witness.org/,ok,https://explorer.ooni.org/m/20260309062910.630350_KR_webconnectivity_795e43b4765a90e1
http://www.wluml.org/,ok,https://explorer.ooni.org/m/20260309062935.896084_KR_webconnectivity_74c5f06f19a8d7bb
http://www.wnd.com/,ok,https://explorer.ooni.org/m/20260309062948.305458_KR_webconnectivity_22ba39dc0717aeab
https://www.womankind.org.uk/,ok,https://explorer.ooni.org/m/20260309062951.021099_KR_webconnectivity_eb4baecbd3453424
http://www.women21.or.kr/,ok,https://explorer.ooni.org/m/20260309062955.403603_KR_webconnectivity_f73656a110268bdb
https://www.womenforafghanwomen.org/,ok,https://explorer.ooni.org/m/20260309063009.548341_KR_webconnectivity_0489b164ca513876
http://www.womenforpeaceandjustice.org/,ok,https://explorer.ooni.org/m/20260309063018.338598_KR_webconnectivity_84729b45e35f1dca
https://www.womenforwomen.org/,ok,https://explorer.ooni.org/m/20260309063029.602447_KR_webconnectivity_917a163572dc0f66
http://www.womenlink.or.kr/,ok,https://explorer.ooni.org/m/20260309063043.039803_KR_webconnectivity_ef62be6f603be6eb
http://www.womennews.co.kr/,ok,https://explorer.ooni.org/m/20260309063101.455962_KR_webconnectivity_50038ee3c350da47
https://www.womenonwaves.org/,dns,https://explorer.ooni.org/m/20260309063102.908837_KR_webconnectivity_d79e5184d8d07b39
https://www.womenonweb.org/,dns,https://explorer.ooni.org/m/20260309063103.994516_KR_webconnectivity_771a5d24e0d6bbc7
https://www.womenpeacemakersprogram.org/,ok,https://explorer.ooni.org/m/20260309063119.662761_KR_webconnectivity_0777c5408a306c44
http://www.womensmediacenter.com/,ok,https://explorer.ooni.org/m/20260309063130.954823_KR_webconnectivity_bc76bfd1a2624f0d
http://www.womenvoters.or.kr/,ok,https://explorer.ooni.org/m/20260309063138.473449_KR_webconnectivity_841605d6129ab237
http://www.worldcoalition.org/,ok,https://explorer.ooni.org/m/20260309063147.251646_KR_webconnectivity_a71e2dc359eb1803
https://www.wsj.com/,ok,https://explorer.ooni.org/m/20260309063150.811740_KR_webconnectivity_70992913b6a64a31
http://www.xinhuanet.com/,ok,https://explorer.ooni.org/m/20260309063207.485465_KR_webconnectivity_f9a86ed0453a6932
https://www.yellowhammerfund.org/,ok,https://explorer.ooni.org/m/20260309063213.816338_KR_webconnectivity_ca7d6a0f44291163
http://www.yonhapnews.co.kr/,ok,https://explorer.ooni.org/m/20260309063229.220607_KR_webconnectivity_246cc54b52ec8494
http://www.zdnetasia.com/,ok,https://explorer.ooni.org/m/20260309063242.398462_KR_webconnectivity_4c5d0d1b3121e661
"http://www.zdnetasia.com/downloads/pc/swinfo/0,39043052,39222404s,00.htm",ok,https://explorer.ooni.org/m/20260309063254.264239_KR_webconnectivity_73f87e966b840abc
http://www.zeit.de/,ok,https://explorer.ooni.org/m/20260309063309.833745_KR_webconnectivity_1ea7f66832802387
http://xxx.lanl.gov/,dns,https://explorer.ooni.org/m/20260309063326.368093_KR_webconnectivity_e35b9bfc7fd9b240
https://yggdrasil-network.github.io/,dns,https://explorer.ooni.org/m/20260309063329.031056_KR_webconnectivity_99ee3b51efbbd844
http://yolsa.org/,ok,https://explorer.ooni.org/m/20260309063334.049795_KR_webconnectivity_cfd791c98d7d91dc
http://ytimes.org/,ok,https://explorer.ooni.org/m/20260309063343.081909_KR_webconnectivity_d6c8bba834b0af97
https://zenvpn.net/,dns,https://explorer.ooni.org/m/20260309063344.029524_KR_webconnectivity_330c1c59cbbd8efb
https://a.slack-edge.com/f70ec/img/test_cdn_pixel.gif,ok,https://explorer.ooni.org/m/20260309063346.334916_KR_webconnectivity_686adcbf1ad7259a
https://about.riot.im/,ok,https://explorer.ooni.org/m/20260309063401.381198_KR_webconnectivity_fac29cf7aade9b43
http://abpr2.railfan.net/,http-diff,https://explorer.ooni.org/m/20260309063411.993153_KR_webconnectivity_fff09c4f7c03bff4
https://account.proton.me/,ok,https://explorer.ooni.org/m/20260309063415.595849_KR_webconnectivity_6f0f984563c32010
https://app.developer.here.com/coronavirus/,ok,https://explorer.ooni.org/m/20260309063420.788580_KR_webconnectivity_674b644467cfb65e
https://app.element.io/,ok,https://explorer.ooni.org/m/20260309063422.768410_KR_webconnectivity_9ce2552b0ba64375
https://app.simplelogin.io/,ok,https://explorer.ooni.org/m/20260309063427.471557_KR_webconnectivity_5cdd6481bb31d5ce
https://app.slack.com/robots.txt,ok,https://explorer.ooni.org/m/20260309063431.141086_KR_webconnectivity_883c7a20e26e10a9
https://app.wire.com/,ok,https://explorer.ooni.org/m/20260309063435.543154_KR_webconnectivity_970cf43544a09716
https://archive.ph/,ok,https://explorer.ooni.org/m/20260309063439.761476_KR_webconnectivity_24faa1513e6120e4
https://avatars.mds.yandex.net/robots.txt,http-failure,https://explorer.ooni.org/m/20260309063501.421636_KR_webconnectivity_ea6353834c366e98
http://baykoreans.net/,dns,https://explorer.ooni.org/m/20260309063504.334974_KR_webconnectivity_84a468dbb3c130a6
https://bcc.chat/,ok,https://explorer.ooni.org/m/20260309063508.023587_KR_webconnectivity_68aa88b8b27e5af5
http://bizLGU.com/,error,https://explorer.ooni.org/m/20260309063510.252327_KR_webconnectivity_24498263d4ccb165
http://bizmessage.kakao.com/,ok,https://explorer.ooni.org/m/20260309063515.965052_KR_webconnectivity_051e634ce2cea2da
https://briarproject.org/,ok,https://explorer.ooni.org/m/20260309063519.284074_KR_webconnectivity_a3fb7d773ee15529
http://bric.postech.ac.kr/,ok,https://explorer.ooni.org/m/20260309063538.854535_KR_webconnectivity_06edd406e2ea3ace
http://cafe.daum.net/ahyoomee,ok,https://explorer.ooni.org/m/20260309063542.315016_KR_webconnectivity_54a5ab7547c4c8be
http://cafe.naver.com/gjhlk,ok,https://explorer.ooni.org/m/20260309063545.659345_KR_webconnectivity_d464c2d9a311ed91
http://caramasia.gn.apc.org/,tcp_ip,https://explorer.ooni.org/m/20260309063632.235267_KR_webconnectivity_e67fc7dd82c51ada
https://cc.bingj.com/cache.aspx?q=nothing,dns,https://explorer.ooni.org/m/20260309063633.458107_KR_webconnectivity_635444a14c36aad2
https://censored.tv/,ok,https://explorer.ooni.org/m/20260309063647.094647_KR_webconnectivity_f05def62cfdfb323
http://chakantv.co.kr/,ok,https://explorer.ooni.org/m/20260309063647.897368_KR_webconnectivity_46aa958dc596061a
https://chat-gpt.org/,ok,https://explorer.ooni.org/m/20260309063654.424851_KR_webconnectivity_fd09c96f5acb5e41
https://chatgpt.com/,ok,https://explorer.ooni.org/m/20260309063656.040681_KR_webconnectivity_08a11c4731e3ecaf
https://chika.aangat.lahat.computer/,tcp_ip,https://explorer.ooni.org/m/20260309063657.792925_KR_webconnectivity_d459af772182bf7f
https://cid.contact/,ok,https://explorer.ooni.org/m/20260309063702.549209_KR_webconnectivity_e30c5efc2b6f9b9e
https://cinemata.org/,ok,https://explorer.ooni.org/m/20260309063707.328440_KR_webconnectivity_7f614d20eeda86b0
https://circumcision.org/,ok,https://explorer.ooni.org/m/20260309063714.805909_KR_webconnectivity_584de08fb2fd77ce
https://claude.ai/,ok,https://explorer.ooni.org/m/20260309063717.269590_KR_webconnectivity_fec4071bc076b372
https://cocaine.org/,dns,https://explorer.ooni.org/m/20260309063718.401370_KR_webconnectivity_cdff7c6e02ccba65
https://coronavirus.app/,dns,https://explorer.ooni.org/m/20260309063719.637198_KR_webconnectivity_4fea67b9b612ad47
https://coronavirus.jhu.edu/map.html,ok,https://explorer.ooni.org/m/20260309063724.121403_KR_webconnectivity_3328c2fa19d35009
https://covidtracking.com/,ok,https://explorer.ooni.org/m/20260309063733.451934_KR_webconnectivity_a57987f8a436d309
https://cwtch.im/,ok,https://explorer.ooni.org/m/20260309063740.560267_KR_webconnectivity_2755dda8e45f5ce0
http://cyworld.nate.com/club/clubsection/clubSection4_main.asp,ok,https://explorer.ooni.org/m/20260309063742.756031_KR_webconnectivity_c47aa9dc539a9c0b
https://deepseek.ai/,dns,https://explorer.ooni.org/m/20260309063743.742539_KR_webconnectivity_10301df949d2ecec
https://delta.chat/,ok,https://explorer.ooni.org/m/20260309063747.318712_KR_webconnectivity_60ba995950230565
https://disqus.com/,ok,https://explorer.ooni.org/m/20260309063750.367028_KR_webconnectivity_dcb4dcfcac3c99a0
https://dit.whatsapp.net/robots.txt,ok,https://explorer.ooni.org/m/20260309063752.851341_KR_webconnectivity_f66a539f28e30ab4
https://dl.acm.org/,ok,https://explorer.ooni.org/m/20260309063755.033985_KR_webconnectivity_07b18aecb351b314
http://dongyoungsang.com/,confirmed,https://explorer.ooni.org/m/20260309063756.550774_KR_webconnectivity_20895c637a3e85e7
https://duckduckgo.com/,http-failure,https://explorer.ooni.org/m/20260309063819.572334_KR_webconnectivity_fbf1e02382eb92bc
https://dweb.link/,dns,https://explorer.ooni.org/m/20260309063820.952201_KR_webconnectivity_d23720bd3da953b8
https://element.io/,ok,https://explorer.ooni.org/m/20260309063834.273908_KR_webconnectivity_e59a06c32f6893c4
https://encrypted-tbn0.gstatic.com/robots.txt,ok,https://explorer.ooni.org/m/20260309063836.640613_KR_webconnectivity_2cb14f7d9bbb231b
https://espiv.net/,ok,https://explorer.ooni.org/m/20260309063844.895142_KR_webconnectivity_d6d6cf51367050ff
https://evernote.com/,ok,https://explorer.ooni.org/m/20260309063857.916483_KR_webconnectivity_a4b12e3e05726a29
https://experience.arcgis.com/experience/685d0ace521648f8a5beeeee1b9125cd,ok,https://explorer.ooni.org/m/20260309063903.484287_KR_webconnectivity_3850e19cbefc69b6
https://external-content.duckduckgo.com/robots.txt,http-failure,https://explorer.ooni.org/m/20260309063925.123078_KR_webconnectivity_4a66040dca69bebc
http://gall.dcinside.com/board/lists/?id=disease,http-diff,https://explorer.ooni.org/m/20260309063938.026902_KR_webconnectivity_db04b90242b4e0d4
https://gemini.google.com/,ok,https://explorer.ooni.org/m/20260309063952.201135_KR_webconnectivity_517b127db3f467ad
https://getsession.org/,ok,https://explorer.ooni.org/m/20260309063958.696837_KR_webconnectivity_de7aee7fbba621bf
https://gisanddata.maps.arcgis.com/apps/dashboards/bda7594740fd40299423467b48e9ecf6,ok,https://explorer.ooni.org/m/20260309064002.174520_KR_webconnectivity_3d1393a7652df451
http://giveu.net/,ok,https://explorer.ooni.org/m/20260309064019.896954_KR_webconnectivity_ba1a5a1d4b87e0ec
https://go-text.me/,ok,https://explorer.ooni.org/m/20260309064025.601527_KR_webconnectivity_1bd3e3398ac2d062
http://h50030.www5.hp.com/,ok,https://explorer.ooni.org/m/20260309064026.589806_KR_webconnectivity_42ddab5239b4397b
https://hgis.uw.edu/virus/,ok,https://explorer.ooni.org/m/20260309064038.509039_KR_webconnectivity_8df86335a2c1774c
https://icao.maps.arcgis.com/apps/opsdashboard/index.html#/977dde48256b489fb48fa98e724721e8,ok,https://explorer.ooni.org/m/20260309064043.940724_KR_webconnectivity_d78c49bdd02e5db9
https://icao.maps.arcgis.com/apps/webappviewer3d/index.html?id=d9d3f8fa9a23425c8f0889baab626186,ok,https://explorer.ooni.org/m/20260309064047.720419_KR_webconnectivity_52e2e2a3c4b5e073
https://icq.com/,ok,https://explorer.ooni.org/m/20260309064055.904386_KR_webconnectivity_293b9427e77952c8
https://ifacetimeapp.com/,ok,https://explorer.ooni.org/m/20260309064109.001856_KR_webconnectivity_0b18eb633c3aadd1
https://im0-tub-com.yandex.net/i?id=462f375c96139f1e41d919b44be2d780&n=13&exp=1,tcp_ip,https://explorer.ooni.org/m/20260309064209.936929_KR_webconnectivity_3eeb98d1bb76b895
http://imagebingo.naver.com/,ok,https://explorer.ooni.org/m/20260309064211.290673_KR_webconnectivity_9901f5b598b42b28
https://imageshack.com/,ok,https://explorer.ooni.org/m/20260309064216.128292_KR_webconnectivity_fa5c6dcd26e33d51
https://imgur.com/,dns,https://explorer.ooni.org/m/20260309064217.150121_KR_webconnectivity_bfa81dd725c2a46b
http://imo.im/,ok,https://explorer.ooni.org/m/20260309064220.239458_KR_webconnectivity_98222a954c2fe52c
https://imp.free.fr/,ok,https://explorer.ooni.org/m/20260309064227.127241_KR_webconnectivity_399e440ecdd01ef8
http://internetphone114.com/,ok,https://explorer.ooni.org/m/20260309064228.121850_KR_webconnectivity_86401fcb3d910be7
https://ipfs.io/,dns,https://explorer.ooni.org/m/20260309064229.218671_KR_webconnectivity_4a258a7382261f91
https://jami.net/,ok,https://explorer.ooni.org/m/20260309064240.220601_KR_webconnectivity_75b7641ebb68b171
https://journals.lww.com/,ok,https://explorer.ooni.org/m/20260309064242.427013_KR_webconnectivity_f9f0c6b9753297f1
https://kick.com/,dns,https://explorer.ooni.org/m/20260309064244.518204_KR_webconnectivity_f438d7616d065e9c
https://kidshealth.org/,ok,https://explorer.ooni.org/m/20260309064251.488720_KR_webconnectivity_a72b49612dcb58d5
http://kr.yahoo.com/,ok,https://explorer.ooni.org/m/20260309064304.714909_KR_webconnectivity_c18ede96e11224a7
https://lbry.com/,ok,https://explorer.ooni.org/m/20260309064308.040518_KR_webconnectivity_3fd47848467911d8
https://lbry.org/,ok,https://explorer.ooni.org/m/20260309064313.147812_KR_webconnectivity_70e4f42b3a5c9bd1
https://lens.google.com/uploadbyurl?url=https%3A%2F%2Fwww.google.com%2Fimages%2Fbranding%2Fgooglelogo%2F1x%2Fgooglelogo_color_150x54dp.png&hl=en-US&ep=gisb,ok,https://explorer.ooni.org/m/20260309064323.815625_KR_webconnectivity_3cc35c49252b220b
http://lifeline.or.kr/,error,https://explorer.ooni.org/m/20260309064331.866841_KR_webconnectivity_2186fe9022ae296c
https://line.me/,ok,https://explorer.ooni.org/m/20260309064337.934979_KR_webconnectivity_551d4eaa38ee6570
https://livestream.com/,ok,https://explorer.ooni.org/m/20260309064346.049998_KR_webconnectivity_3b3dfe52ccbab2f5
https://login.live.com/,ok,https://explorer.ooni.org/m/20260309064352.581703_KR_webconnectivity_7a255d67555cf535
http://mail.daum.net/,ok,https://explorer.ooni.org/m/20260309064400.373410_KR_webconnectivity_0d1f7d1fb99ac9f3
https://mail.google.com/,ok,https://explorer.ooni.org/m/20260309064410.032707_KR_webconnectivity_6bac4578261c8050
http://mail.naver.com/,ok,https://explorer.ooni.org/m/20260309064413.593593_KR_webconnectivity_8fc9063a5a95820e
https://mail.proton.me/,ok,https://explorer.ooni.org/m/20260309064417.739534_KR_webconnectivity_e24435b945a0d4dc
https://mail.ru/,ok,https://explorer.ooni.org/m/20260309064425.654178_KR_webconnectivity_2afde6f4653b6287
https://mail.yahoo.com/,ok,https://explorer.ooni.org/m/20260309064435.263600_KR_webconnectivity_a7e158fa089bc94f
https://mail.yandex.ru/,dns,https://explorer.ooni.org/m/20260309064436.776680_KR_webconnectivity_fc2ef89ea6b9dd90
https://matrix-client.matrix.org/_matrix/client/versions,ok,https://explorer.ooni.org/m/20260309064439.289205_KR_webconnectivity_84aaaef628473022
https://matrix.org/,ok,https://explorer.ooni.org/m/20260309064443.317033_KR_webconnectivity_7d48f0585fad7379
https://matrix.to/,ok,https://explorer.ooni.org/m/20260309064445.347086_KR_webconnectivity_15571135ba86fbd1
https://mattermost.com/,ok,https://explorer.ooni.org/m/20260309064456.727100_KR_webconnectivity_d563e15f6045ff72
https://media-arn2-1.cdn.whatsapp.net/robots.txt,ok,https://explorer.ooni.org/m/20260309064500.352246_KR_webconnectivity_30351ce94a430d1c
https://media.fevn1-1.fna.whatsapp.net/robots.txt,ok,https://explorer.ooni.org/m/20260309064504.222484_KR_webconnectivity_9796837ce22c2160
https://meet.jit.si/,ok,https://explorer.ooni.org/m/20260309064508.792127_KR_webconnectivity_09019496ec217a8b
https://messages.google.com/,ok,https://explorer.ooni.org/m/20260309064511.269816_KR_webconnectivity_12cb62c03aa3f2bf
https://mmg.whatsapp.net/robots.txt,ok,https://explorer.ooni.org/m/20260309064513.283762_KR_webconnectivity_4b83dc6ec003b174
https://mobile.element.io/,ok,https://explorer.ooni.org/m/20260309064515.423774_KR_webconnectivity_50c9f149bfe92a32
https://msh.org/,ok,https://explorer.ooni.org/m/20260309064525.869163_KR_webconnectivity_a9441f98b1fef451
https://mytrans.com.tw/,ok,https://explorer.ooni.org/m/20260309064529.557019_KR_webconnectivity_7fb6849bf3926bad
https://nextstrain.org/ncov,ok,https://explorer.ooni.org/m/20260309064534.912335_KR_webconnectivity_7dc481f91f340202
https://nostr.com/,ok,https://explorer.ooni.org/m/20260309064540.057463_KR_webconnectivity_c1f3c2cf571fea41
https://obsproject.com/,ok,https://explorer.ooni.org/m/20260309064547.041928_KR_webconnectivity_630992ef529216ac
https://odysee.com/,ok,https://explorer.ooni.org/m/20260309064548.877147_KR_webconnectivity_3e6fff4018ec0ca7
http://onairkorean.tv/,dns,https://explorer.ooni.org/m/20260309064550.130907_KR_webconnectivity_c9c6c3679195d206
https://openai.com/,ok,https://explorer.ooni.org/m/20260309064551.838805_KR_webconnectivity_289346788840590b
https://openobservatory.slack.com/,ok,https://explorer.ooni.org/m/20260309064558.266336_KR_webconnectivity_f1731820e7718008
https://opera.com/,ok,https://explorer.ooni.org/m/20260309064608.570224_KR_webconnectivity_5ffff7d9588819f4
https://outlook.live.com/,ok,https://explorer.ooni.org/m/20260309064613.766959_KR_webconnectivity_5058f43928abdd48
https://photos.google.com/,ok,https://explorer.ooni.org/m/20260309064625.269930_KR_webconnectivity_a1d17bdec5914995
https://pinboard.in/,ok,https://explorer.ooni.org/m/20260309064628.278708_KR_webconnectivity_3e1d77e6ae0e5613
https://posteo.de/,ok,https://explorer.ooni.org/m/20260309064635.227559_KR_webconnectivity_1ec0419a57b5c0f7
https://postimage.io/,http-failure,https://explorer.ooni.org/m/20260309064637.431280_KR_webconnectivity_f9b72148fbcaeed6
https://pps.whatsapp.net/robots.txt,ok,https://explorer.ooni.org/m/20260309064639.170505_KR_webconnectivity_7e2cd290e98ef978
https://presearch.com/,ok,https://explorer.ooni.org/m/20260309064642.573762_KR_webconnectivity_04e13511c3673e46
https://presearch.org/,ok,https://explorer.ooni.org/m/20260309064646.962345_KR_webconnectivity_59d0e6da9d91b637
https://rumble.com/,ok,https://explorer.ooni.org/m/20260309064659.413170_KR_webconnectivity_598343dd69daa16e
http://sakhr.com/,ok,https://explorer.ooni.org/m/20260309064701.361822_KR_webconnectivity_9149364e541b87e6
https://search.aol.com/,ok,https://explorer.ooni.org/m/20260309064706.900962_KR_webconnectivity_0c3727e1be99ec0a
https://search.brave.com/,ok,https://explorer.ooni.org/m/20260309064718.069948_KR_webconnectivity_2a8671e55d367cc8
https://secure.hi5.com/,ok,https://explorer.ooni.org/m/20260309064732.415092_KR_webconnectivity_4e4736f188232272
https://simplex.chat/,ok,https://explorer.ooni.org/m/20260309064740.791945_KR_webconnectivity_9202b2d891f38a4e
https://slack-imgs.com/,ok,https://explorer.ooni.org/m/20260309064743.993745_KR_webconnectivity_8dc00a648370656b
https://slack.com/,ok,https://explorer.ooni.org/m/20260309064756.444840_KR_webconnectivity_afa54daa1b20a956
https://spideroak.com/,ok,https://explorer.ooni.org/m/20260309064810.546824_KR_webconnectivity_2567737f7d8348db
https://st1.zoom.us/zoom.ico,ok,https://explorer.ooni.org/m/20260309064813.284196_KR_webconnectivity_fc44ebea9a693ec8
https://startpage.com/,http-failure,https://explorer.ooni.org/m/20260309064818.030691_KR_webconnectivity_ccbe464781e10304
https://status.im/,ok,https://explorer.ooni.org/m/20260309064828.928628_KR_webconnectivity_1cc378efbfaeb927
https://storymaps.arcgis.com/,ok,https://explorer.ooni.org/m/20260309064839.780051_KR_webconnectivity_9487ec48423c5104
https://support.delta.chat/,ok,https://explorer.ooni.org/m/20260309064851.129140_KR_webconnectivity_5d7aee19e7b31a73
https://support.therapytribe.com/hivaids-support-group/,ok,https://explorer.ooni.org/m/20260309064854.409823_KR_webconnectivity_049a591088fb3490
https://t.me/,dns,https://explorer.ooni.org/m/20260309064910.695692_KR_webconnectivity_8fe1fbf8e2b34ef7
https://tamtam.chat/,ok,https://explorer.ooni.org/m/20260309064915.760252_KR_webconnectivity_29d85a3ba7796e3a
http://tcafek.com/,confirmed,https://explorer.ooni.org/m/20260309064932.264686_KR_webconnectivity_4f11512afc5a2777
https://teams.microsoft.com/,ok,https://explorer.ooni.org/m/20260309064946.582816_KR_webconnectivity_adc082741441479d
https://telegram.me/,dns,https://explorer.ooni.org/m/20260309064947.484487_KR_webconnectivity_1a6d65c7f7c392bc
https://test-ipv6.com/,ok,https://explorer.ooni.org/m/20260309064954.155338_KR_webconnectivity_098d7bc0736aac15
https://th.bing.com/th/id/OIP.YnpdokcN_OQYn3n41AlqZAHaEe?w=250&h=180&c=7&o=5&pid=1.7,ok,https://explorer.ooni.org/m/20260309065001.918090_KR_webconnectivity_75d94108dd65a400
https://translate.google.com/,ok,https://explorer.ooni.org/m/20260309065010.080776_KR_webconnectivity_d48c1d9ddb39ccb2
https://translation2.paralink.com/,ok,https://explorer.ooni.org/m/20260309065018.652123_KR_webconnectivity_0bd699cb19c35660
https://transparencyreport.google.com/,ok,https://explorer.ooni.org/m/20260309065022.940478_KR_webconnectivity_ff11e98715a9c387
https://trello.com/,ok,https://explorer.ooni.org/m/20260309065031.373784_KR_webconnectivity_e1565ec7cee4dd9d
https://tse1.explicit.bing.net/robots.txt,dns,https://explorer.ooni.org/m/20260309065032.423527_KR_webconnectivity_699c507dc6edf499
https://tuta.com/,ok,https://explorer.ooni.org/m/20260309065046.551421_KR_webconnectivity_aaa1bef57321e829
http://tvcast.naver.com/,ok,https://explorer.ooni.org/m/20260309065053.240343_KR_webconnectivity_613b5aa8a0ad9ebb
http://tvpot.daum.net/,dns,https://explorer.ooni.org/m/20260309065054.535819_KR_webconnectivity_4af5d26e3d2ae29c
http://tvpot.media.daum.net/,ok,https://explorer.ooni.org/m/20260309065055.883132_KR_webconnectivity_fb6e9a73429edf31
https://tvzil.com/,dns,https://explorer.ooni.org/m/20260309065057.459119_KR_webconnectivity_53c28cd1518c3df9
https://tx.me/,ok,https://explorer.ooni.org/m/20260309065103.293033_KR_webconnectivity_45b5ac5c32a27028
https://vector.im/_matrix/identity/api/v1,ok,https://explorer.ooni.org/m/20260309065105.872231_KR_webconnectivity_201a83f0ebe28212
https://video-preview.s3.yandex.net/robots.txt,http-failure,https://explorer.ooni.org/m/20260309065128.438913_KR_webconnectivity_6d8b26992e7ce6f4
https://web.wechat.com/,ok,https://explorer.ooni.org/m/20260309065141.942111_KR_webconnectivity_5711f9cc39c1cc79
https://webcache.googleusercontent.com/robots.txt,ok,https://explorer.ooni.org/m/20260309065144.173073_KR_webconnectivity_bc16f9d97a571178
https://wire.com/,ok,https://explorer.ooni.org/m/20260309065154.844142_KR_webconnectivity_cb9b3efced40be3a
https://worldhealth.net/,ok,https://explorer.ooni.org/m/20260309065156.537606_KR_webconnectivity_946fe790690221c4
http://www.aids.or.kr/,ok,https://explorer.ooni.org/m/20260309065200.239829_KR_webconnectivity_2b9e4a1bc1034123
https://www.ananzi.co.za/,ok,https://explorer.ooni.org/m/20260309065204.963589_KR_webconnectivity_b6318c19dc656a98
http://www.asiansexgazette.com/,dns,https://explorer.ooni.org/m/20260309065207.160844_KR_webconnectivity_eab9ebd9efecd607
http://www.asiansexgazette.com/asg/asian_health.htm,dns,https://explorer.ooni.org/m/20260309065209.486406_KR_webconnectivity_6e4092aab6da1913
http://www.ask.com/,ok,https://explorer.ooni.org/m/20260309065218.435316_KR_webconnectivity_88f7b335dc498043
https://www.asterisk.org/,ok,https://explorer.ooni.org/m/20260309065220.883858_KR_webconnectivity_36c80a9f116eab19
https://www.baidu.com/,ok,https://explorer.ooni.org/m/20260309065233.160205_KR_webconnectivity_3a0298d96e13800b
https://www.bbm.com/,ok,https://explorer.ooni.org/m/20260309065247.017317_KR_webconnectivity_e0a132788eea83fe
https://www.bing.com/,ok,https://explorer.ooni.org/m/20260309065304.333239_KR_webconnectivity_ba9c1da727fba080
https://www.bitchute.com/,ok,https://explorer.ooni.org/m/20260309065307.790151_KR_webconnectivity_20839c5659bcda93
https://www.bittorrent.com/,dns,https://explorer.ooni.org/m/20260309065309.295838_KR_webconnectivity_c851b8cefe9d9e08
https://www.blackberry.com/,ok,https://explorer.ooni.org/m/20260309065323.902936_KR_webconnectivity_b96fa92f1f2bbd9c
https://www.broadvoice.com/,ok,https://explorer.ooni.org/m/20260309065334.023971_KR_webconnectivity_c53854daa143f413
https://www.cdc.go.kr/board/board.es?mid=&bid=0030,error,https://explorer.ooni.org/m/20260309065336.554457_KR_webconnectivity_dff3babe6359e8a6
https://www.cdc.gov/,ok,https://explorer.ooni.org/m/20260309065343.496103_KR_webconnectivity_06a3a2e8d32b348e
http://www.chol.com/,dns,https://explorer.ooni.org/m/20260309065345.908496_KR_webconnectivity_f737765061c0a700
http://www.cirp.org/,ok,https://explorer.ooni.org/m/20260309065351.849426_KR_webconnectivity_a2dc44678201dbb7
http://www.dailymotion.com/kr,ok,https://explorer.ooni.org/m/20260309065400.148586_KR_webconnectivity_f43d407ef0fd92da
https://www.dailymotion.com/,ok,https://explorer.ooni.org/m/20260309065407.463745_KR_webconnectivity_0a32e647ca36b752
http://www.daum.net/,ok,https://explorer.ooni.org/m/20260309065420.763499_KR_webconnectivity_aafba8ddb1b087b9
https://www.deepseek.com/,dns,https://explorer.ooni.org/m/20260309065421.922982_KR_webconnectivity_7c46472ee9ee928d
https://www.doctissimo.fr/,dns,https://explorer.ooni.org/m/20260309065426.345777_KR_webconnectivity_9fc11990265dd0f4
https://www.doctorswithoutborders.org/,ok,https://explorer.ooni.org/m/20260309065439.273949_KR_webconnectivity_e194640ef5a5c879
http://www.dogpile.com/,ok,https://explorer.ooni.org/m/20260309065441.739618_KR_webconnectivity_23775a20ec78e2c3
http://www.dreamwiz.com/,ok,https://explorer.ooni.org/m/20260309065505.968128_KR_webconnectivity_353ca8a82d61e3b7
https://www.ecdc.europa.eu/,ok,https://explorer.ooni.org/m/20260309065515.895156_KR_webconnectivity_619637300689e53e
https://www.ectaco.com/,dns,https://explorer.ooni.org/m/20260309065517.154357_KR_webconnectivity_b760e94d875e70be
http://www.empas.com/,ok,https://explorer.ooni.org/m/20260309065519.097196_KR_webconnectivity_3293860028774058
https://www.engenderhealth.org/,ok,https://explorer.ooni.org/m/20260309065529.012824_KR_webconnectivity_dc71406b89ed49f6
http://www.euthanasia.cc/,ok,https://explorer.ooni.org/m/20260309065534.233799_KR_webconnectivity_ea161c3eb1ae992c
https://www.excite.com/,dns,https://explorer.ooni.org/m/20260309065535.908988_KR_webconnectivity_b927953d1a59b661
https://www.fastmail.com/,ok,https://explorer.ooni.org/m/20260309065544.573744_KR_webconnectivity_07fd9462e5e287d0
https://www.flickr.com/,ok,https://explorer.ooni.org/m/20260309065549.852975_KR_webconnectivity_d0a72ea279ef8224
https://www.fotki.com/,ok,https://explorer.ooni.org/m/20260309065554.736616_KR_webconnectivity_a94900ae7e90f2bc
http://www.fotolog.com/,ok,https://explorer.ooni.org/m/20260309065606.584894_KR_webconnectivity_1e01be42758d10e7
https://www.freepik.com/,ok,https://explorer.ooni.org/m/20260309065611.213774_KR_webconnectivity_06ced5f0659364ad
https://www.gatesfoundation.org/,ok,https://explorer.ooni.org/m/20260309065622.866384_KR_webconnectivity_65bce447042ebaeb
http://www.getdrupe.com/,ok,https://explorer.ooni.org/m/20260309065631.699067_KR_webconnectivity_78917d683b086eeb
https://www.gmx.com/,dns,https://explorer.ooni.org/m/20260309065633.115278_KR_webconnectivity_e41a02c52aea5add
https://www.google.co.kr/,ok,https://explorer.ooni.org/m/20260309065644.004657_KR_webconnectivity_8437234614c3bf08
https://www.google.com/,ok,https://explorer.ooni.org/m/20260309065657.029449_KR_webconnectivity_2e69546ce1ffcfb7
https://www.health.com/,ok,https://explorer.ooni.org/m/20260309065659.854334_KR_webconnectivity_1ae179448d40453e
https://www.healthmap.org/covid-19/,ok,https://explorer.ooni.org/m/20260309065702.819836_KR_webconnectivity_c4064fb976dc779e
https://www.hightail.com/,ok,https://explorer.ooni.org/m/20260309065707.883353_KR_webconnectivity_4227472376464913
https://www.hotbot.com/,dns,https://explorer.ooni.org/m/20260309065709.642127_KR_webconnectivity_dc6d608a7113025d
https://www.hushmail.com/,ok,https://explorer.ooni.org/m/20260309065722.068506_KR_webconnectivity_3e7cfb20c3c1fc33
https://www.iconnecthere.com/,ok,https://explorer.ooni.org/m/20260309065729.133761_KR_webconnectivity_11766ab1444ec5c2
http://www.implantinfo.com/,ok,https://explorer.ooni.org/m/20260309065743.459148_KR_webconnectivity_0a30be108d53af22
http://www.inbox.com/,ok,https://explorer.ooni.org/m/20260309065748.934569_KR_webconnectivity_748a292b80338ab8
http://www.internet-phone.co.kr/,tcp_ip,https://explorer.ooni.org/m/20260309065835.015562_KR_webconnectivity_d0f26eade20a3d66
http://www.isscr.org/,ok,https://explorer.ooni.org/m/20260309065844.220168_KR_webconnectivity_499d926dc60c809d
https://www.jabber.ru/,ok,https://explorer.ooni.org/m/20260309065848.101391_KR_webconnectivity_1385ee3cfd997211
http://www.kakao.com/services/8,ok,https://explorer.ooni.org/m/20260309065905.557001_KR_webconnectivity_a68b94e6e62c9c6c
http://www.keptprivate.com/,ok,https://explorer.ooni.org/m/20260309065908.347830_KR_webconnectivity_47b5303b5892cbf0
https://www.kff.org/,ok,https://explorer.ooni.org/m/20260309065919.668005_KR_webconnectivity_fc8e2e05a42afcd2
http://www.kftel.com/,ok,https://explorer.ooni.org/m/20260309065923.290040_KR_webconnectivity_965d4614c7f150fd
http://www.kissphoto.net/,ok,https://explorer.ooni.org/m/20260309065930.106162_KR_webconnectivity_6725b9b56d382493
https://www.last.fm/,ok,https://explorer.ooni.org/m/20260309065942.168250_KR_webconnectivity_636ab7649c840cc1
http://www.lets070.net/,ok,https://explorer.ooni.org/m/20260309065945.138947_KR_webconnectivity_e5cb8853d413c30f
http://www.lingo.com/,error,https://explorer.ooni.org/m/20260309065947.720503_KR_webconnectivity_cac3c6b1289a4792
http://www.linphone.org/,ok,https://explorer.ooni.org/m/20260309070003.907692_KR_webconnectivity_f25fa40b7c35a058
https://www.liveleak.com/,error,https://explorer.ooni.org/m/20260309070007.372117_KR_webconnectivity_b2c6b414cfd6c503
http://www.love4one.com/,ok,https://explorer.ooni.org/m/20260309070023.026567_KR_webconnectivity_8a92fb61e24d0dc5
http://www.lsinc.co.kr/,ok,https://explorer.ooni.org/m/20260309070023.746412_KR_webconnectivity_75ecca20d272bc31
http://www.lxnetworks.co.kr/,error,https://explorer.ooni.org/m/20260309070027.514581_KR_webconnectivity_78c5da8bc02b1990
http://www.lycos.com/,ok,https://explorer.ooni.org/m/20260309070031.602485_KR_webconnectivity_3535b36a2b31e90a
http://www.magicjack.com/,ok,https://explorer.ooni.org/m/20260309070041.903835_KR_webconnectivity_13c51e3f75e7709b
https://www.mail.com/,ok,https://explorer.ooni.org/m/20260309070100.071500_KR_webconnectivity_3a90521e85f282bf
http://www.mail.lycos.com/,ok,https://explorer.ooni.org/m/20260309070112.379021_KR_webconnectivity_8233ab927eefea07
http://www.mail2web.com/,ok,https://explorer.ooni.org/m/20260309070125.786019_KR_webconnectivity_f0bd55836813d3bd
http://www.mailinator.com/,ok,https://explorer.ooni.org/m/20260309070136.832160_KR_webconnectivity_44f6d700d6de0f69
https://www.mamma.com/,ok,https://explorer.ooni.org/m/20260309070143.525715_KR_webconnectivity_051602a55cc969d8
https://www.mariestopes.org.uk/,ok,https://explorer.ooni.org/m/20260309070200.043724_KR_webconnectivity_c8db823a11a5b7a7
http://www.medecinsdumonde.org/,ok,https://explorer.ooni.org/m/20260309070219.490769_KR_webconnectivity_20d62e31ce4775fa
https://www.mediafire.com/,ok,https://explorer.ooni.org/m/20260309070224.660285_KR_webconnectivity_0baf5f15ea1ccfcb
http://www.medicinenet.com/,ok,https://explorer.ooni.org/m/20260309070231.453555_KR_webconnectivity_736ac282d41f42a3
http://www.mersjido.com/,ok,https://explorer.ooni.org/m/20260309070233.673254_KR_webconnectivity_5134960e305a6ecc
https://www.messenger.com/,ok,https://explorer.ooni.org/m/20260309070242.966667_KR_webconnectivity_f039c84a2fad147c
http://www.metacrawler.com/,dns,https://explorer.ooni.org/m/20260309070244.379783_KR_webconnectivity_07dc8d560c4a7d2e
https://www.microsoft.com/,ok,https://explorer.ooni.org/m/20260309070255.773514_KR_webconnectivity_ac2c9a5eebf908a9
http://www.microsofttranslator.com/,ok,https://explorer.ooni.org/m/20260309070308.506760_KR_webconnectivity_c7798c4e3d171e1b
https://www.mojeek.com/,ok,https://explorer.ooni.org/m/20260309070311.954236_KR_webconnectivity_022748ead14616fd
http://www.moohan.net/,dns,https://explorer.ooni.org/m/20260309070316.772337_KR_webconnectivity_8a19cb1d47fe7616
https://www.msf.org/,ok,https://explorer.ooni.org/m/20260309070330.580141_KR_webconnectivity_f886414b4a29c846
https://www.msn.com/,ok,https://explorer.ooni.org/m/20260309070335.233150_KR_webconnectivity_8074a2da5fc5b3bc
http://www.munjanara.co.kr/,ok,https://explorer.ooni.org/m/20260309070342.502380_KR_webconnectivity_39f07812d81107ef
http://www.naver.com/,ok,https://explorer.ooni.org/m/20260309070351.751402_KR_webconnectivity_c6d92e0fbf12e67e
http://www.netaddress.com/,ok,https://explorer.ooni.org/m/20260309070357.759383_KR_webconnectivity_b7aa28aa34f76e53
https://www.netaddress.com/,ok,https://explorer.ooni.org/m/20260309070403.148014_KR_webconnectivity_2cfaf35b477ec6ed
https://www.netflix.com/,ok,https://explorer.ooni.org/m/20260309070415.887668_KR_webconnectivity_bc0356881e8f3c58
http://www.nicesms.co.kr/,dns,https://explorer.ooni.org/m/20260309070419.132296_KR_webconnectivity_1b34e9d8e66689d0
http://www.olleh-kt.kr/,ok,https://explorer.ooni.org/m/20260309070422.875720_KR_webconnectivity_0eb185e70d61aa86
http://www.online-translator.com/,ok,https://explorer.ooni.org/m/20260309070434.232525_KR_webconnectivity_789ee6d6a6c914de
http://www.oovoo.com/,ok,https://explorer.ooni.org/m/20260309070445.613659_KR_webconnectivity_119b4f5e20bd3fb9
https://www.openstreetmap.org/,ok,https://explorer.ooni.org/m/20260309070449.720124_KR_webconnectivity_1567883d2df1cdd7
http://www.orgio.com/,ok,https://explorer.ooni.org/m/20260309070453.522824_KR_webconnectivity_562ccffb44534a9d
http://www.paltalk.com/,ok,https://explorer.ooni.org/m/20260309070456.909282_KR_webconnectivity_c3af3c09c8d07db1
http://www.pandora.com/,ok,https://explorer.ooni.org/m/20260309070501.483588_KR_webconnectivity_c54a3551b63a0f9d
https://www.perplexity.ai/,ok,https://explorer.ooni.org/m/20260309070504.251980_KR_webconnectivity_057ea452ebb4779c
http://www.photobucket.com/,dns,https://explorer.ooni.org/m/20260309070505.510016_KR_webconnectivity_acb2d6cdc09867b9
https://www.pinterest.com/,dns,https://explorer.ooni.org/m/20260309070506.917099_KR_webconnectivity_13390c7f6ac49a3e
https://www.postmaster.co.uk/,ok,https://explorer.ooni.org/m/20260309070510.683419_KR_webconnectivity_8616da7c6cb34601
http://www.ppca.co.kr/,ok,https://explorer.ooni.org/m/20260309070511.460931_KR_webconnectivity_7f80f65a84870fb8
http://www.ppurio.com/,dns,https://explorer.ooni.org/m/20260309070516.988504_KR_webconnectivity_508b9b4d929c67f2
https://www.projectbaseline.com/studies/covid-research/,ok,https://explorer.ooni.org/m/20260309070526.579811_KR_webconnectivity_5a597b1f275d0e81
https://www.proton.me/,ok,https://explorer.ooni.org/m/20260309070544.216906_KR_webconnectivity_0613192428cd6ae5
https://www.rki.de/,ok,https://explorer.ooni.org/m/20260309070603.485318_KR_webconnectivity_5a4afeec57305178
https://www.search.com/,ok,https://explorer.ooni.org/m/20260309070617.859688_KR_webconnectivity_9cb85b71c08417ed
http://www.searchindia.com/,ok,https://explorer.ooni.org/m/20260309070630.332834_KR_webconnectivity_71abde53ed8b73b9
http://www.securenym.net/,ok,https://explorer.ooni.org/m/20260309070632.578617_KR_webconnectivity_cd70954067fdcb60
https://www.sendspace.com/,dns,https://explorer.ooni.org/m/20260309070633.673803_KR_webconnectivity_49ddeb91caf3ad61
https://www.sendthisfile.com/,ok,https://explorer.ooni.org/m/20260309070657.502804_KR_webconnectivity_30632e23d98ba02f
http://www.shinbiro.com/,tcp_ip,https://explorer.ooni.org/m/20260309070744.116290_KR_webconnectivity_7d2d7678d19132df
http://www.sina.com.cn/,ok,https://explorer.ooni.org/m/20260309070759.764391_KR_webconnectivity_e4440601d6234ceb
https://www.skype.com/,ok,https://explorer.ooni.org/m/20260309070804.808849_KR_webconnectivity_86c7a3a05c861db3
http://www.skysms.co.kr/,ok,https://explorer.ooni.org/m/20260309070807.178768_KR_webconnectivity_0c0ab4e5212e4392
http://www.slideshare.net/,ok,https://explorer.ooni.org/m/20260309070825.811561_KR_webconnectivity_0490fb74b8fdae83
https://www.startmail.com/,ok,https://explorer.ooni.org/m/20260309070837.967195_KR_webconnectivity_165d9bdec0f437da
https://www.subscribestar.com/,ok,https://explorer.ooni.org/m/20260309070845.641077_KR_webconnectivity_e31f459f2c1105de
http://www.talkyou.me/,ok,https://explorer.ooni.org/m/20260309070849.137039_KR_webconnectivity_d3894a6019253c52
http://www.tango.me/,ok,https://explorer.ooni.org/m/20260309070850.781965_KR_webconnectivity_57381a6e0c3776db
https://www.tawk.to/,ok,https://explorer.ooni.org/m/20260309070905.436213_KR_webconnectivity_da587b4204438a03
https://www.ted.com/,ok,https://explorer.ooni.org/m/20260309070919.568395_KR_webconnectivity_b61bb6ebca3af669
https://www.textra.me/,ok,https://explorer.ooni.org/m/20260309070926.147565_KR_webconnectivity_6aa8ba863fa47fe9
https://www.theglobalfund.org/,ok,https://explorer.ooni.org/m/20260309070935.769983_KR_webconnectivity_b542eefd9acae1d3
http://www.tialsoft.com/download/,ok,https://explorer.ooni.org/m/20260309071041.371661_KR_webconnectivity_39b2bf98f39a3cc7
http://www.tialsoft.com/multitranse/,ok,https://explorer.ooni.org/m/20260309071045.964104_KR_webconnectivity_95c38ec3461d95cc
https://www.transferbigfiles.com/,ok,https://explorer.ooni.org/m/20260309071048.516264_KR_webconnectivity_bfa4ae47e17a32ad
http://www.translate.ru/,ok,https://explorer.ooni.org/m/20260309071054.674542_KR_webconnectivity_2b19e3234ddabdc3
http://www.transwhiz.com/,ok,https://explorer.ooni.org/m/20260309071059.070689_KR_webconnectivity_a6a9aed7b0a3f03a
https://www.truecaller.com/,ok,https://explorer.ooni.org/m/20260309071101.211298_KR_webconnectivity_8da213ac16f4646a
https://www.tumblr.com/,dns,https://explorer.ooni.org/m/20260309071102.478766_KR_webconnectivity_ea7a42906a2e2268
https://www.twitch.tv/,dns,https://explorer.ooni.org/m/20260309071103.339024_KR_webconnectivity_25e2bce1252ae442
https://www.unaids.org/,ok,https://explorer.ooni.org/m/20260309071108.097534_KR_webconnectivity_24adea904bc73437
https://www.ushareit.com/,dns,https://explorer.ooni.org/m/20260309071110.158228_KR_webconnectivity_60c67ceec4b446c1
http://www.veoh.com/,ok,https://explorer.ooni.org/m/20260309071112.727947_KR_webconnectivity_a0e56f58fbeaf77a
https://www.vonage.com/,ok,https://explorer.ooni.org/m/20260309071114.006237_KR_webconnectivity_bf908829659ccce7
http://www.vtv.co.kr/,ok,https://explorer.ooni.org/m/20260309071125.902836_KR_webconnectivity_0fef53f83d9999de
https://www.vyke.com/,ok,https://explorer.ooni.org/m/20260309071130.000689_KR_webconnectivity_cc61d3db74fcc81e
http://www.webbox.com/index.php,ok,https://explorer.ooni.org/m/20260309071131.175548_KR_webconnectivity_cad7d6a9c4be1f6c
http://www.wevo.co.kr/,error,https://explorer.ooni.org/m/20260309071148.198969_KR_webconnectivity_5abf2198deb04c37
http://www.whitepages.com/,ok,https://explorer.ooni.org/m/20260309071151.280697_KR_webconnectivity_676b51d1b2280b65
https://www.who.int/,ok,https://explorer.ooni.org/m/20260309071153.979749_KR_webconnectivity_a3f942de3a8b3ec4
https://www.wordreference.com/,ok,https://explorer.ooni.org/m/20260309071155.628731_KR_webconnectivity_1d535c7cb09e0b95
https://www.worldometers.info/coronavirus/,ok,https://explorer.ooni.org/m/20260309071158.278734_KR_webconnectivity_773686c80f7ea1dc
https://www.y2mate.com/,dns,https://explorer.ooni.org/m/20260309071159.725686_KR_webconnectivity_6e95495334fb65e1
http://www.yahoo.co.kr/,ok,https://explorer.ooni.org/m/20260309071204.127362_KR_webconnectivity_0532a75f147fb0e4
https://www.yahoo.com/,ok,https://explorer.ooni.org/m/20260309071207.870054_KR_webconnectivity_9172061377419dee
http://www.zzn.com/,ok,https://explorer.ooni.org/m/20260309071210.361082_KR_webconnectivity_61545018676e1f61
https://ya.ru/,dns,https://explorer.ooni.org/m/20260309071211.384800_KR_webconnectivity_e20cd47c34582bf3
https://yandex.com/,dns,https://explorer.ooni.org/m/20260309071212.623240_KR_webconnectivity_1517b5780df3b399
https://yandexwebcache.net/robots.txt,ok,https://explorer.ooni.org/m/20260309071217.143197_KR_webconnectivity_9e9b29637e354d9e
https://zoom.us/,ok,https://explorer.ooni.org/m/20260309071220.081857_KR_webconnectivity_fc63a9cd5a130782
https://www.tiktok.com/,ok,https://explorer.ooni.org/m/20260309071222.307412_KR_webconnectivity_145454bf6c3a44b6
https://x.com/,ok,https://explorer.ooni.org/m/20260309071224.442610_KR_webconnectivity_9257951257ee7c7e
https://1.0.0.1/dns-query?dns=q80BAAABAAAAAAAAA3d3dwdleGFtcGxlA2NvbQAAAQAB,ok,https://explorer.ooni.org/m/20260309071225.225958_KR_webconnectivity_be8d7d6ba1decfc0
https://1.0.0.3/dns-query?dns=q80BAAABAAAAAAAAA3d3dwdleGFtcGxlA2NvbQAAAQAB,ok,https://explorer.ooni.org/m/20260309071226.105949_KR_webconnectivity_21a892fb1568f5ca
https://1.1.1.1/dns-query?dns=q80BAAABAAAAAAAAA3d3dwdleGFtcGxlA2NvbQAAAQAB,tcp_ip,https://explorer.ooni.org/m/20260309071256.934964_KR_webconnectivity_39980832301352f6
https://1.1.1.3/dns-query?dns=q80BAAABAAAAAAAAA3d3dwdleGFtcGxlA2NvbQAAAQAB,tcp_ip,https://explorer.ooni.org/m/20260309071327.974540_KR_webconnectivity_7bd6caf1c1b004f0
https://149.112.112.9/dns-query?dns=q80BAAABAAAAAAAAA3d3dwdleGFtcGxlA2NvbQAAAQAB,ok,https://explorer.ooni.org/m/20260309071329.025865_KR_webconnectivity_b12c8f02a88fdc58
https://350.org/,ok,https://explorer.ooni.org/m/20260309071332.671349_KR_webconnectivity_7e36a24eae618cb3
https://8.8.4.4/dns-query?dns=q80BAAABAAAAAAAAA3d3dwdleGFtcGxlA2NvbQAAAQAB,ok,https://explorer.ooni.org/m/20260309071333.813844_KR_webconnectivity_38a91c32634c6ab6
https://8.8.8.8/dns-query?dns=q80BAAABAAAAAAAAA3d3dwdleGFtcGxlA2NvbQAAAQAB,ok,https://explorer.ooni.org/m/20260309071335.099590_KR_webconnectivity_f502d5b4be9153d5
https://8kun.top/,dns,https://explorer.ooni.org/m/20260309071337.399917_KR_webconnectivity_4d8d606d573e018d
https://9.9.9.9/dns-query?dns=q80BAAABAAAAAAAAA3d3dwdleGFtcGxlA2NvbQAAAQAB,tcp_ip,https://explorer.ooni.org/m/20260309071338.157555_KR_webconnectivity_859773564feb27ec
https://abortion-korea.org/,error,https://explorer.ooni.org/m/20260309071354.764838_KR_webconnectivity_4d638155b11e5955
https://abortion.eu/,dns,https://explorer.ooni.org/m/20260309071356.177397_KR_webconnectivity_18ac25e998742d6a
https://abortion.kr/,dns,https://explorer.ooni.org/m/20260309071412.341076_KR_webconnectivity_fc180e3616442e0a
https://abortionfunds.org/,dns,https://explorer.ooni.org/m/20260309071414.586660_KR_webconnectivity_cb392c65f71ca95f
https://abortionnetwork.amsterdam/,dns,https://explorer.ooni.org/m/20260309071416.906681_KR_webconnectivity_0cdb2dde869f9d2d
https://abortionpillinfo.org/,ok,https://explorer.ooni.org/m/20260309071420.914033_KR_webconnectivity_5ed0fdb18b9502e3
https://aidaccess.org/,dns,https://explorer.ooni.org/m/20260309071422.069928_KR_webconnectivity_dd0679bb572cdc50
https://ajax.aspnetcdn.com/ajax/4.5.2/1/MicrosoftAjax.js,ok,https://explorer.ooni.org/m/20260309071425.093267_KR_webconnectivity_557fe54c6b065296
https://amp.cloudflare.com/v0/amp-iframe-0.1.js,ok,https://explorer.ooni.org/m/20260309071426.242502_KR_webconnectivity_03330d5b62de2f35
https://android.apis.google.com/robots.txt,ok,https://explorer.ooni.org/m/20260309071428.581605_KR_webconnectivity_e187401a9bf6e83d
https://android.googleapis.com/robots.txt,ok,https://explorer.ooni.org/m/20260309071430.516098_KR_webconnectivity_942158021117c88f
https://api.github.com/,ok,https://explorer.ooni.org/m/20260309071432.824574_KR_webconnectivity_e5d73a4b213b3f92
https://apps.apple.com/us/developer/apple/id284417353/,ok,https://explorer.ooni.org/m/20260309071437.120802_KR_webconnectivity_3542634c68bb6ee3
https://archive.is/,ok,https://explorer.ooni.org/m/20260309071440.108737_KR_webconnectivity_67a77fa87d81b7ee
https://archive.org/,ok,https://explorer.ooni.org/m/20260309071441.988213_KR_webconnectivity_83a518f7006ea2ea
http://bestiz.net/,ok,https://explorer.ooni.org/m/20260309071444.889802_KR_webconnectivity_8ddaf9fd1068a06b
https://assets.gitlab-static.net/robots.txt,ok,https://explorer.ooni.org/m/20260309071442.808873_KR_webconnectivity_e0c5719e6d49e8ca
https://bit.ly/,http-failure,https://explorer.ooni.org/m/20260309071446.405987_KR_webconnectivity_2d504aa4a47c47e5
https://bitbucket.org/,dns,https://explorer.ooni.org/m/20260309071447.555434_KR_webconnectivity_31932999fb6ba2ea
https://bitly.com/,dns,https://explorer.ooni.org/m/20260309071448.676493_KR_webconnectivity_4c738c557b17ab9b
http://blog.naver.com/,ok,https://explorer.ooni.org/m/20260309071452.024976_KR_webconnectivity_88c0cb19cd38a096
http://cafe.daum.net/Kgreens,ok,https://explorer.ooni.org/m/20260309071455.130465_KR_webconnectivity_0a2e6b36d8846ced
http://cafe.daum.net/chiwoo/,ok,https://explorer.ooni.org/m/20260309071457.578608_KR_webconnectivity_3a00e124cdb53f84
http://cafe.daum.net/ok1221,ok,https://explorer.ooni.org/m/20260309071500.338590_KR_webconnectivity_6c0ad41bb4092c3e
http://cafe.daum.net/ssaumjil,ok,https://explorer.ooni.org/m/20260309071503.711486_KR_webconnectivity_737377ed56719be5
http://cafe.daum.net/subdued20club/,ok,https://explorer.ooni.org/m/20260309071506.301420_KR_webconnectivity_c77d99d9f71240c9
http://cafe.daum.net/truepicture/,ok,https://explorer.ooni.org/m/20260309071508.768989_KR_webconnectivity_d0c1004656c2d4f0
http://cafe.naver.com/imsanbu,ok,https://explorer.ooni.org/m/20260309071514.023104_KR_webconnectivity_74ca0914401275a9
https://cdn-client.medium.com/lite/static/js/manifest.ef5f44d2.js,ok,https://explorer.ooni.org/m/20260309071515.228442_KR_webconnectivity_8096c2d06e9a0cbd
https://cdn.ampproject.org/v0/amp-iframe-0.1.js,ok,https://explorer.ooni.org/m/20260309071517.560102_KR_webconnectivity_08d02e090e4f05de
https://cdn.jsdelivr.net/favicon.ico,ok,https://explorer.ooni.org/m/20260309071518.803351_KR_webconnectivity_ee30050ba90c987c
https://cdn.sstatic.net/Img/home/open-source.svg,ok,https://explorer.ooni.org/m/20260309071519.805856_KR_webconnectivity_c732e4b747f4dc3f
https://cdnjs.cloudflare.com/,ok,https://explorer.ooni.org/m/20260309071521.084673_KR_webconnectivity_f60a34dcf115a6a1
https://churchofgodinchristmennonite.net/,ok,https://explorer.ooni.org/m/20260309071523.485077_KR_webconnectivity_601ec7d0c29eaf48
https://cites.org/,ok,https://explorer.ooni.org/m/20260309071524.772952_KR_webconnectivity_a1a8046154da3358
https://citizensclimatelobby.org/,ok,https://explorer.ooni.org/m/20260309071528.274534_KR_webconnectivity_b810564976a04212
http://cloud.naver.com/,ok,https://explorer.ooni.org/m/20260309071532.231799_KR_webconnectivity_28c5844cae56b99f
https://cloudflare-dns.com/dns-query?dns=q80BAAABAAAAAAAAA3d3dwdleGFtcGxlA2NvbQAAAQAB,tcp_ip,https://explorer.ooni.org/m/20260309071533.154596_KR_webconnectivity_529df5b1a61f1a83
https://cloudflare-ech.com/,ok,https://explorer.ooni.org/m/20260309071535.943044_KR_webconnectivity_3e803d65541569f9
http://clparty.kr/,error,https://explorer.ooni.org/m/20260309071552.331853_KR_webconnectivity_5e2b2145fb36c1fb
https://code.jquery.com/,ok,https://explorer.ooni.org/m/20260309071554.319970_KR_webconnectivity_edd9dc04994c6153
https://codeberg.org/,ok,https://explorer.ooni.org/m/20260309071557.561501_KR_webconnectivity_32e77074cf2276b6
https://codeload.github.com/github/rally/tar.gz/v1.0.1,ok,https://explorer.ooni.org/m/20260309071600.496972_KR_webconnectivity_034ce29c6314e547
http://cyworld.nate.com/,ok,https://explorer.ooni.org/m/20260309071601.866813_KR_webconnectivity_28ecfb24604c253e
https://data.worldbank.org/topic/environment,ok,https://explorer.ooni.org/m/20260309071604.198889_KR_webconnectivity_4aaed77a97c28c9a
http://debate.org.uk/,ok,https://explorer.ooni.org/m/20260309071607.080050_KR_webconnectivity_81eeb3202b9c45a0
https://dharmanet.org/,ok,https://explorer.ooni.org/m/20260309071611.510217_KR_webconnectivity_3aa6caa358298899
https://digital.globalclimatestrike.net/,ok,https://explorer.ooni.org/m/20260309071613.882922_KR_webconnectivity_bcc508379ff074fb
https://dl.bintray.com/jfrog/xray/,ok,https://explorer.ooni.org/m/20260309071621.015359_KR_webconnectivity_4ac67fc33f8acea7
https://dl.google.com/robots.txt,ok,https://explorer.ooni.org/m/20260309071623.109412_KR_webconnectivity_26e5b424229fdbbc
https://dlive.tv/,dns,https://explorer.ooni.org/m/20260309071624.201515_KR_webconnectivity_658d01d6278ae073
https://dns.adguard.com/dns-query?dns=q80BAAABAAAAAAAAA3d3dwdleGFtcGxlA2NvbQAAAQAB,tcp_ip,https://explorer.ooni.org/m/20260309071625.309283_KR_webconnectivity_30286d5341f16ace
https://dns.google/,ok,https://explorer.ooni.org/m/20260309071627.024551_KR_webconnectivity_d4ae54c47e77bdba
https://dns.quad9.net/dns-query?dns=q80BAAABAAAAAAAAA3d3dwdleGFtcGxlA2NvbQAAAQAB,tcp_ip,https://explorer.ooni.org/m/20260309071627.830622_KR_webconnectivity_30ab7fcda5db2c02
https://docs.github.com/,ok,https://explorer.ooni.org/m/20260309071629.846910_KR_webconnectivity_66c3d1c5bb79f270
https://doh-fi.blahdns.com/dns-query?dns=q80BAAABAAAAAAAAA3d3dwdleGFtcGxlA2NvbQAAAQAB,dns,https://explorer.ooni.org/m/20260309071630.964868_KR_webconnectivity_7ada9556a1f5b0fa
https://doh.centraleu.pi-dns.com/dns-query?dns=q80BAAABAAAAAAAAA3d3dwdleGFtcGxlA2NvbQAAAQAB,dns,https://explorer.ooni.org/m/20260309071632.017745_KR_webconnectivity_90b20cd67788d7f2
https://doh.dns.sb/dns-query?dns=q80BAAABAAAAAAAAA3d3dwdleGFtcGxlA2NvbQAAAQAB,dns,https://explorer.ooni.org/m/20260309071647.854521_KR_webconnectivity_bbec4b22783eb4fe
https://doh.opendns.com/dns-query?dns=q80BAAABAAAAAAAAA3d3dwdleGFtcGxlA2NvbQAAAQAB,tcp_ip,https://explorer.ooni.org/m/20260309071648.677960_KR_webconnectivity_a9eac9ddaa592a27
https://download-installer.cdn.mozilla.net/,ok,https://explorer.ooni.org/m/20260309071650.884543_KR_webconnectivity_461d8e5e083ad8ca
https://dzen.ru/,dns,https://explorer.ooni.org/m/20260309071652.221680_KR_webconnectivity_8a46d62dfca2d4e4
https://earthobservatory.nasa.gov/global-maps,ok,https://explorer.ooni.org/m/20260309071655.493461_KR_webconnectivity_d950a9c306843e7a
https://earthwatch.org/,ok,https://explorer.ooni.org/m/20260309071657.632350_KR_webconnectivity_20e4ebf4ad833e3d
https://emchurch.org/,ok,https://explorer.ooni.org/m/20260309071700.332915_KR_webconnectivity_43a66d0cada5f490
https://espivblogs.net/,ok,https://explorer.ooni.org/m/20260309071707.167023_KR_webconnectivity_1662e6b7f3c38938
https://family.cloudflare-dns.com/dns-query?dns=q80BAAABAAAAAAAAA3d3dwdleGFtcGxlA2NvbQAAAQAB,dns,https://explorer.ooni.org/m/20260309071707.948573_KR_webconnectivity_546e2f9a7c83e97d
https://fcm.googleapis.com/$discovery/rest?version=v1,ok,https://explorer.ooni.org/m/20260309071710.158337_KR_webconnectivity_acc6a7a836c58d92
https://findmymethod.org/,dns,https://explorer.ooni.org/m/20260309071711.048872_KR_webconnectivity_d920ace603145c92
https://firebaseinstallations.googleapis.com/robots.txt,ok,https://explorer.ooni.org/m/20260309071714.437176_KR_webconnectivity_3e472e79d18be000
https://fosfeminista.org/,ok,https://explorer.ooni.org/m/20260309071716.792339_KR_webconnectivity_f5164456de30b303
https://freedns.afraid.org/,dns,https://explorer.ooni.org/m/20260309071718.389161_KR_webconnectivity_ec1434af9eee5b49
https://fridaysforfuture.org/,ok,https://explorer.ooni.org/m/20260309071723.627396_KR_webconnectivity_3da19467a92a316e
https://friendsoftheearth.uk/,ok,https://explorer.ooni.org/m/20260309071725.686285_KR_webconnectivity_3ec09334d13fd4f6
https://frontlineaids.org/,ok,https://explorer.ooni.org/m/20260309071732.161287_KR_webconnectivity_4e60badf76751d72
https://gaggaalliance.org/,ok,https://explorer.ooni.org/m/20260309071736.935321_KR_webconnectivity_87aa1f735f4f4f46
http://gall.dcinside.com/,http-diff,https://explorer.ooni.org/m/20260309071744.139769_KR_webconnectivity_8e5356001d63cfaf
http://gesomoon.com/Ver2/,ok,https://explorer.ooni.org/m/20260309071746.731039_KR_webconnectivity_9b8f96751ad8d354
https://ghost.org/,ok,https://explorer.ooni.org/m/20260309071749.899719_KR_webconnectivity_2180c3798b147b9b
https://gist.github.com/,ok,https://explorer.ooni.org/m/20260309071753.238371_KR_webconnectivity_e061633b78cdfab4
https://git.io/,dns,https://explorer.ooni.org/m/20260309071754.545325_KR_webconnectivity_12e13286046abb63
https://github.com/,ok,https://explorer.ooni.org/m/20260309071757.216591_KR_webconnectivity_fa75a1cd0dfffb6e
https://github.com/twbs/bootstrap/releases/download/v4.5.3/bootstrap-4.5.3-examples.zip,ok,https://explorer.ooni.org/m/20260309071800.692117_KR_webconnectivity_1a6b7a75f141c4a1
https://github.githubassets.com/images/modules/open_graph/github-logo.png,ok,https://explorer.ooni.org/m/20260309071802.486861_KR_webconnectivity_64a9d5f07b36258a
https://gitlab.com/,dns,https://explorer.ooni.org/m/20260309071803.820700_KR_webconnectivity_4e80cd1d25b9bb36
https://globalconservation.org/,ok,https://explorer.ooni.org/m/20260309071807.670824_KR_webconnectivity_7226b890009cbe72
https://goaskalice.columbia.edu/,ok,https://explorer.ooni.org/m/20260309071810.110920_KR_webconnectivity_030c097a08ee8dfa
https://greenhost.net/,ok,https://explorer.ooni.org/m/20260309071813.872200_KR_webconnectivity_63a7fabc78df704b
https://i.ytimg.com/vi/JBRf3nEqfZ8/hq720.jpg,ok,https://explorer.ooni.org/m/20260309071817.573502_KR_webconnectivity_36714f94deaa124c
https://iarf.net/,ok,https://explorer.ooni.org/m/20260309071822.438544_KR_webconnectivity_bd4094b9a3f7447b
https://impactlab.org/,ok,https://explorer.ooni.org/m/20260309071825.901713_KR_webconnectivity_644e9c7452677eef
https://isaalmasih.net/,ok,https://explorer.ooni.org/m/20260309071828.785324_KR_webconnectivity_8394145fef0fb956
https://islamic-relief.org/,ok,https://explorer.ooni.org/m/20260309071832.473086_KR_webconnectivity_76fc4647b5374d9c
https://islamonline.net/,ok,https://explorer.ooni.org/m/20260309071836.122792_KR_webconnectivity_6c44d9ae66ce083d
https://jainworld.com/,ok,https://explorer.ooni.org/m/20260309071837.850689_KR_webconnectivity_49dec2762a9d279a
https://joturl.com/,ok,https://explorer.ooni.org/m/20260309071841.468277_KR_webconnectivity_3780781212aaffb0
https://krishna.com/,ok,https://explorer.ooni.org/m/20260309071845.766077_KR_webconnectivity_382bae4538025140
https://letsencrypt.org/,ok,https://explorer.ooni.org/m/20260309071848.906808_KR_webconnectivity_4006d21da19a5221
https://lh3.ggpht.com/_mm3cDcdhxkc/SzkPLt_zDUI/AAAAAAAAAZM/UplZlTSCVQc/s800/DSC_5305.jpg,ok,https://explorer.ooni.org/m/20260309071851.811889_KR_webconnectivity_2b0e9bd5fcb247a2
https://lh3.googleusercontent.com/favicon.ico,ok,https://explorer.ooni.org/m/20260309071854.135587_KR_webconnectivity_c8227da3760d10bb
https://lh4.ggpht.com/_PvLDsC2pRvk/ShwiscZujVI/AAAAAAAAFIQ/4q-TYiQ13-k/s512/DSC01330.jpg,ok,https://explorer.ooni.org/m/20260309071857.139427_KR_webconnectivity_5baea8ea7f014d22
https://media0.giphy.com/robots.txt,ok,https://explorer.ooni.org/m/20260309071858.698738_KR_webconnectivity_efd958b17e3ef57f
https://media3.giphy.com/robots.txt,ok,https://explorer.ooni.org/m/20260309071900.249760_KR_webconnectivity_5a96f20d3cce31bd
https://medium.com/,ok,https://explorer.ooni.org/m/20260309071901.461495_KR_webconnectivity_16022cc9c6b1ee76
https://miro.medium.com/robots.txt,ok,https://explorer.ooni.org/m/20260309071904.029084_KR_webconnectivity_14a6f3e128318333
http://mlbpark.donga.com/,ok,https://explorer.ooni.org/m/20260309071908.642255_KR_webconnectivity_ce5ba1510e44c1db
https://moodle.com/,ok,https://explorer.ooni.org/m/20260309071912.118962_KR_webconnectivity_b2a1ba73af94919e
https://movabletype.com/,ok,https://explorer.ooni.org/m/20260309071913.646290_KR_webconnectivity_2ac8b5c8327f6dcd
https://mozilla.cloudflare-dns.com/dns-query?dns=q80BAAABAAAAAAAAA3d3dwdleGFtcGxlA2NvbQAAAQAB,dns,https://explorer.ooni.org/m/20260309071914.443279_KR_webconnectivity_9a721625428f0015
https://myabortionstory.tumblr.com/,dns,https://explorer.ooni.org/m/20260309071915.899725_KR_webconnectivity_19c67ab36ed2498b
https://nazarene.org/,ok,https://explorer.ooni.org/m/20260309071920.370879_KR_webconnectivity_fb38a841492f9550
http://ndrive.naver.com/,ok,https://explorer.ooni.org/m/20260309071923.571303_KR_webconnectivity_d3e4e9a424b86254
https://noblogs.org/,ok,https://explorer.ooni.org/m/20260309071928.112034_KR_webconnectivity_4c27c3e0269cfda7
https://notifications-pa.googleapis.com/robots.txt,ok,https://explorer.ooni.org/m/20260309071930.091540_KR_webconnectivity_ad55c0df935c2872
https://oceanconservancy.org/,ok,https://explorer.ooni.org/m/20260309071932.509503_KR_webconnectivity_ec6544c31304d08c
https://ooni.github.io/,ok,https://explorer.ooni.org/m/20260309071934.027007_KR_webconnectivity_361d5ba7e60505e1
https://ow.ly/,ok,https://explorer.ooni.org/m/20260309071936.579349_KR_webconnectivity_e23a5db774b79380
https://pastebin.com/,dns,https://explorer.ooni.org/m/20260309071937.589641_KR_webconnectivity_0fe26b7a1dbb94f1
http://peta.xxx/,dns,https://explorer.ooni.org/m/20260309071938.624663_KR_webconnectivity_31d46a95153b8146
https://pingomatic.com/,ok,https://explorer.ooni.org/m/20260309071941.154037_KR_webconnectivity_e458cfce6efd7952
https://play-lh.googleusercontent.com/SZ7vNaa9txw_JsYsiOOP4_4fOaKfJVMQ-_aM10MW7x93IPDYoqdIkHSw-ffCgBABFSM=s256-rw,ok,https://explorer.ooni.org/m/20260309071943.633885_KR_webconnectivity_7153fb707c125334
https://play.google.com/,ok,https://explorer.ooni.org/m/20260309071947.813201_KR_webconnectivity_dc29831c61eb483a
https://play.googleapis.com/robots.txt,ok,https://explorer.ooni.org/m/20260309071949.845616_KR_webconnectivity_55ac93101e3b0153
https://private.canadianshield.cira.ca/dns-query?dns=q80BAAABAAAAAAAAA3d3dwdleGFtcGxlA2NvbQAAAQAB,ok,https://explorer.ooni.org/m/20260309071952.506834_KR_webconnectivity_1f1825dce5bf43c0
https://prolife.com/,dns,https://explorer.ooni.org/m/20260309071956.595105_KR_webconnectivity_18cc7a0844c3d651
https://prq.se/,dns,https://explorer.ooni.org/m/20260309071957.732883_KR_webconnectivity_43bcf7702d04aad0
https://quran.com/,ok,https://explorer.ooni.org/m/20260309072000.319335_KR_webconnectivity_0ac53428123d8f17
http://r3.o.lencr.org/,ok,https://explorer.ooni.org/m/20260309072001.251864_KR_webconnectivity_4e641ef5ce2fabb7
https://raw.githubusercontent.com/ooni/spec/master/README.md,dns,https://explorer.ooni.org/m/20260309072002.156544_KR_webconnectivity_8869aa654191e8a2
https://rebellion.global/,ok,https://explorer.ooni.org/m/20260309072006.216649_KR_webconnectivity_5189782770c7d484
https://redapes.org/,ok,https://explorer.ooni.org/m/20260309072011.405082_KR_webconnectivity_e509b77b2a3e3eec
https://replug.io/,ok,https://explorer.ooni.org/m/20260309072014.632275_KR_webconnectivity_9f03f2b0d73dbc92
http://ruliweb.daum.net/,dns,https://explorer.ooni.org/m/20260309072018.546739_KR_webconnectivity_dd053a3fc78734cd
https://rutube.ru/,ok,https://explorer.ooni.org/m/20260309072023.660756_KR_webconnectivity_8b8b56aaa7d592ab
http://sex.clinic.co.kr/,dns,https://explorer.ooni.org/m/20260309072029.063157_KR_webconnectivity_529315998b2341fe
https://safe2choose.org/,dns,https://explorer.ooni.org/m/20260309072024.858068_KR_webconnectivity_8f62ca35dc0d68fd
https://sexetc.org/,dns,https://explorer.ooni.org/m/20260309072030.524118_KR_webconnectivity_eac5d370d1351cb6
http://shamash.org/,error,https://explorer.ooni.org/m/20260309072033.375023_KR_webconnectivity_49be1b83f2ad56f9
http://shia.org/,tcp_ip,https://explorer.ooni.org/m/20260309072119.745633_KR_webconnectivity_21e72a92a3e0362e
https://short.io/,ok,https://explorer.ooni.org/m/20260309072122.194751_KR_webconnectivity_6ff135c69f9983c7
https://sites.google.com/,ok,https://explorer.ooni.org/m/20260309072126.294303_KR_webconnectivity_feb17ad4db04cec8
https://sniply.io/,ok,https://explorer.ooni.org/m/20260309072128.779963_KR_webconnectivity_a5dfbdf5c901be4e
https://solar-aid.org/,ok,https://explorer.ooni.org/m/20260309072131.634201_KR_webconnectivity_4901eec6f0e68e30
https://srhrforall.org/,ok,https://explorer.ooni.org/m/20260309072133.948432_KR_webconnectivity_ee392939f9b347b9
https://stackexchange.com/,ok,https://explorer.ooni.org/m/20260309072135.720192_KR_webconnectivity_2458d5c1ec35d350
https://stackoverflow.com/,ok,https://explorer.ooni.org/m/20260309072136.805043_KR_webconnectivity_c5af0fdf6682a6ae
https://t.co/,dns,https://explorer.ooni.org/m/20260309072137.791343_KR_webconnectivity_8ef909de6ba56718
https://t2mio.com/,ok,https://explorer.ooni.org/m/20260309072141.474552_KR_webconnectivity_d0ff6aa5a1e8fcc7
http://tanzil.net/,ok,https://explorer.ooni.org/m/20260309072145.302239_KR_webconnectivity_e9d2fbd9139d5cdd
https://technorati.com/,ok,https://explorer.ooni.org/m/20260309072147.826965_KR_webconnectivity_d91f208780a7a2dd
https://telegra.ph/,dns,https://explorer.ooni.org/m/20260309072148.664401_KR_webconnectivity_a3c88a02114c519c
https://thereisnoearthb.org/,ok,https://explorer.ooni.org/m/20260309072151.171697_KR_webconnectivity_324a0b45a28678a2
https://tiny.cc/,ok,https://explorer.ooni.org/m/20260309072154.123761_KR_webconnectivity_afc9d2f537d3338e
https://tinyurl.com/,dns,https://explorer.ooni.org/m/20260309072155.446826_KR_webconnectivity_243bcc7532fa77f3
https://torah.org/,ok,https://explorer.ooni.org/m/20260309072157.175237_KR_webconnectivity_19dc3f76c3c38a82
https://turbobit.net/,ok,https://explorer.ooni.org/m/20260309072201.390799_KR_webconnectivity_98c8c5848ed8e86d
https://vesselthefilm.com/,ok,https://explorer.ooni.org/m/20260309072205.641441_KR_webconnectivity_0f5c253d8e6ff94d
https://we.riseup.net/,ok,https://explorer.ooni.org/m/20260309072207.940048_KR_webconnectivity_baa355d2d48e905c
http://web.humoruniv.com/main.html,ok,https://explorer.ooni.org/m/20260309072212.888813_KR_webconnectivity_7f528faa8024c08e
http://web.khu.ac.kr/,ok,https://explorer.ooni.org/m/20260309072214.803124_KR_webconnectivity_a92533ebea876873
http://weblogs.us/,ok,https://explorer.ooni.org/m/20260309072222.772372_KR_webconnectivity_9a78c85df23d62b6
https://womenfirstdigital.org/,ok,https://explorer.ooni.org/m/20260309072227.435935_KR_webconnectivity_cf49b050806403c8
https://womenonweb.kr/,http-failure,https://explorer.ooni.org/m/20260309072230.281945_KR_webconnectivity_f97d1c0ea390732d
https://wordpress.com/,ok,https://explorer.ooni.org/m/20260309072232.947399_KR_webconnectivity_0257c5bfc5db80be
https://wordpress.org/,ok,https://explorer.ooni.org/m/20260309072236.347630_KR_webconnectivity_70eba9ede6fcee07
https://write.as/,ok,https://explorer.ooni.org/m/20260309072239.678566_KR_webconnectivity_009deb110333a55f
https://wupj.org/,ok,https://explorer.ooni.org/m/20260309072242.321992_KR_webconnectivity_3c8665044022fc1c
https://wwf.panda.org/,ok,https://explorer.ooni.org/m/20260309072247.575287_KR_webconnectivity_3581bbe2c16e7145
https://www.100webspace.com/,ok,https://explorer.ooni.org/m/20260309072253.736328_KR_webconnectivity_4cd26d23050c75b9
https://www.1800respect.org.au/languages/,ok,https://explorer.ooni.org/m/20260309072257.619937_KR_webconnectivity_b0fa529f8fcc2c13
https://www.abortionno.org/,dns,https://explorer.ooni.org/m/20260309072258.553010_KR_webconnectivity_6ddb6d1aabfc1ade
https://www.abortoinfosegura.com/,ok,https://explorer.ooni.org/m/20260309072300.964827_KR_webconnectivity_eb02c64da5586498
https://www.adl.org/,ok,https://explorer.ooni.org/m/20260309072302.894043_KR_webconnectivity_ce6607fd92148a11
https://www.adventist.org/,ok,https://explorer.ooni.org/m/20260309072304.216681_KR_webconnectivity_9a8f97e52edc0b7d
https://www.advocatesforyouth.org/,ok,https://explorer.ooni.org/m/20260309072305.743169_KR_webconnectivity_1afeeddf41599419
http://www.afreeca.com/,http-failure,https://explorer.ooni.org/m/20260309072310.081163_KR_webconnectivity_27ff7ceb02785951
http://www.ahsex.org/,error,https://explorer.ooni.org/m/20260309072326.929610_KR_webconnectivity_7c87b9d8a8df7930
https://www.angelfire.lycos.com/,ok,https://explorer.ooni.org/m/20260309072351.729032_KR_webconnectivity_35c67c3c75317c56
https://www.anglicancommunion.org/,ok,https://explorer.ooni.org/m/20260309072353.392900_KR_webconnectivity_1ab631611fe19111
http://www.arder.co.kr/,dns,https://explorer.ooni.org/m/20260309072403.381013_KR_webconnectivity_3e71c1c5f831fe19
http://www.asiatour.com/,ok,https://explorer.ooni.org/m/20260309072407.749442_KR_webconnectivity_b446ad32d973ce12
https://www.atheistalliance.org/,ok,https://explorer.ooni.org/m/20260309072412.885196_KR_webconnectivity_e1495e062587a03b
https://www.atheists.org/,ok,https://explorer.ooni.org/m/20260309072417.266179_KR_webconnectivity_c3122834bf05fb50
http://www.auduboninternational.org/,ok,https://explorer.ooni.org/m/20260309072421.079430_KR_webconnectivity_6fd9a431c450b6be
https://www.autistici.org/,ok,https://explorer.ooni.org/m/20260309072424.982415_KR_webconnectivity_2124e16b5e5eba5e
http://www.bahai.org/,ok,https://explorer.ooni.org/m/20260309072428.325879_KR_webconnectivity_34cfea991ff56655
https://www.beintheknow.org/,dns,https://explorer.ooni.org/m/20260309072429.402012_KR_webconnectivity_6cf2980fae118786
https://www.bing-amp.com/v0/amp-iframe-0.1.js,error,https://explorer.ooni.org/m/20260309072430.295710_KR_webconnectivity_c0d2c0f5a60ea555
https://www.birthcontrol.com/,dns,https://explorer.ooni.org/m/20260309072433.061914_KR_webconnectivity_dfab3632eb18b5d1
http://www.biz.ly/,ok,https://explorer.ooni.org/m/20260309072437.471117_KR_webconnectivity_cb100a5c2548a1d1
https://www.bl.ink/,ok,https://explorer.ooni.org/m/20260309072440.086006_KR_webconnectivity_f0322e2153b1f2aa
http://www.blogeasy.com/,ok,https://explorer.ooni.org/m/20260309072441.546076_KR_webconnectivity_e0eb5a535e666c0a
https://www.blogger.com/,ok,https://explorer.ooni.org/m/20260309072445.029214_KR_webconnectivity_9b18413b38f7ea9a
http://www.blogsome.com/,ok,https://explorer.ooni.org/m/20260309072449.592866_KR_webconnectivity_7292b88c037fea35
https://www.brinkster.com/,ok,https://explorer.ooni.org/m/20260309072453.384820_KR_webconnectivity_aefee043c5ef8d03
http://www.buddhanet.net/,ok,https://explorer.ooni.org/m/20260309072458.627189_KR_webconnectivity_036cf263b48f351d
http://www.cafe24.com/,ok,https://explorer.ooni.org/m/20260309072503.512005_KR_webconnectivity_b1765354c205cc5b
https://www.carbonbrief.org/,ok,https://explorer.ooni.org/m/20260309072505.716531_KR_webconnectivity_c4bd77f943c36f9f
https://www.carbonmap.org/,ok,https://explorer.ooni.org/m/20260309072509.037106_KR_webconnectivity_d06c46f7fc4c30fb
https://www.catholic.org/,ok,https://explorer.ooni.org/m/20260309072517.729684_KR_webconnectivity_a99ebff2d483796f
https://www.catholicsforchoice.org/,ok,https://explorer.ooni.org/m/20260309072520.422919_KR_webconnectivity_98cb0513a66c972d
https://www.ccel.org/,ok,https://explorer.ooni.org/m/20260309072526.604325_KR_webconnectivity_de3f2ed37b2713e1
https://www.ceceurope.org/,ok,https://explorer.ooni.org/m/20260309072532.103725_KR_webconnectivity_3d1460cbc3744976
https://www.christianity.com/,ok,https://explorer.ooni.org/m/20260309072535.388712_KR_webconnectivity_997477e2453e9859
https://www.christianitytoday.com/,ok,https://explorer.ooni.org/m/20260309072537.398886_KR_webconnectivity_e8dd109368884db0
https://www.cleanwateraction.org/,ok,https://explorer.ooni.org/m/20260309072540.162372_KR_webconnectivity_386ae07a5b4960fb
https://www.climaterealityproject.org/,ok,https://explorer.ooni.org/m/20260309072544.720947_KR_webconnectivity_0ef6a81e07f52912
https://www.coolearth.org/,ok,https://explorer.ooni.org/m/20260309072548.596908_KR_webconnectivity_0407414599a3c3f5
https://www.copticchurch.net/,ok,https://explorer.ooni.org/m/20260309072551.223872_KR_webconnectivity_8ca71ea58ad2c511
https://www.cseindia.org/,ok,https://explorer.ooni.org/m/20260309072558.664296_KR_webconnectivity_380456ebc8097896
http://www.dogdrip.net/,dns,https://explorer.ooni.org/m/20260309072600.130934_KR_webconnectivity_9a4eb4bf8273ae60
https://www.dotster.com/,dns,https://explorer.ooni.org/m/20260309072601.079383_KR_webconnectivity_d520b08b83b8f8ab
https://www.dreamhost.com/,ok,https://explorer.ooni.org/m/20260309072603.469277_KR_webconnectivity_6c7fa2bc3dae784b
https://www.earthaction.org/,ok,https://explorer.ooni.org/m/20260309072606.681084_KR_webconnectivity_6203d28fe67551e4
https://www.earthrights.org/,ok,https://explorer.ooni.org/m/20260309072608.512356_KR_webconnectivity_a690a2a7d5e07276
http://www.ebaumsworld.com/,dns,https://explorer.ooni.org/m/20260309072609.558870_KR_webconnectivity_8bdf1f29f7d84acf
http://www.eco.or.kr/,ok,https://explorer.ooni.org/m/20260309072614.466810_KR_webconnectivity_5b45fd9787fa098b
https://www.edf.org/,ok,https://explorer.ooni.org/m/20260309072616.915563_KR_webconnectivity_313ce545bdfab4e3
https://www.eea.europa.eu/,ok,https://explorer.ooni.org/m/20260309072623.542056_KR_webconnectivity_901bf5bb929a4121
https://www.emailaddresses.com/,ok,https://explorer.ooni.org/m/20260309072627.619843_KR_webconnectivity_f16fecf2699ee0c3
https://www.enom.com/,ok,https://explorer.ooni.org/m/20260309072630.033175_KR_webconnectivity_da169e97fb6f23e2
https://www.epik.com/,ok,https://explorer.ooni.org/m/20260309072634.320000_KR_webconnectivity_5a2316ba929636c6
https://www.episcopalchurch.org/,ok,https://explorer.ooni.org/m/20260309072637.597463_KR_webconnectivity_4d0eb433a07258c1
https://www.ewg.org/,ok,https://explorer.ooni.org/m/20260309072640.797695_KR_webconnectivity_9b4b88a8e2cbbc8f
https://www.exmormon.org/,tcp_ip,https://explorer.ooni.org/m/20260309072715.885248_KR_webconnectivity_6a49ede7e5f57d73
https://www.fandom.com/,dns,https://explorer.ooni.org/m/20260309072716.735843_KR_webconnectivity_db4fad9ee6d626af
http://www.fark.com/,dns,https://explorer.ooni.org/m/20260309072717.843135_KR_webconnectivity_13abf75d1ab9956d
https://www.fhi360.org/,ok,https://explorer.ooni.org/m/20260309072721.527905_KR_webconnectivity_b212471552a13a76
http://www.fmkorea.com/,ok,https://explorer.ooni.org/m/20260309072724.566270_KR_webconnectivity_8a9f1de3456489fd
https://www.footprintnetwork.org/,ok,https://explorer.ooni.org/m/20260309072729.903476_KR_webconnectivity_a3f8d2d165c8cdaa
http://www.formercatholic.com/,ok,https://explorer.ooni.org/m/20260309072732.683376_KR_webconnectivity_0a3bbee6455368cd
https://www.frc.org/,ok,https://explorer.ooni.org/m/20260309072736.401906_KR_webconnectivity_08b573fce7396ee4
http://www.freehomepage.com/,ok,https://explorer.ooni.org/m/20260309072738.623808_KR_webconnectivity_b1a4730ec7028ef7
http://www.freeservers.com/,ok,https://explorer.ooni.org/m/20260309072741.432043_KR_webconnectivity_e8ff7bd039ac0f81
http://www.freewebspace.com/,ok,https://explorer.ooni.org/m/20260309072746.084769_KR_webconnectivity_73fe128674a11eb6
http://www.gabia.com/,error,https://explorer.ooni.org/m/20260309072749.790901_KR_webconnectivity_b66c006bc690b6ad
https://www.globalwitness.org/,ok,https://explorer.ooni.org/m/20260309072756.032059_KR_webconnectivity_2a847635ba0fc44c
https://www.goarch.org/,ok,https://explorer.ooni.org/m/20260309072757.472615_KR_webconnectivity_ce99b05fd647f9cc
https://www.godaddy.com/,dns,https://explorer.ooni.org/m/20260309072758.577896_KR_webconnectivity_974f38abe6340365
http://www.godalone.org/,ok,https://explorer.ooni.org/m/20260309072802.661247_KR_webconnectivity_738ff758d9192abd
https://www.googleapis.com/auth/cloud-platform,ok,https://explorer.ooni.org/m/20260309072805.973598_KR_webconnectivity_f22b01f08dc72bf7
http://www.greenkorea.org/,ok,https://explorer.ooni.org/m/20260309072810.128777_KR_webconnectivity_f2f1a7bc69b59d65
http://www.greennet.org.uk/,ok,https://explorer.ooni.org/m/20260309072815.473399_KR_webconnectivity_b4701e3d7211193b
https://www.greenpeace.org/,ok,https://explorer.ooni.org/m/20260309072818.021637_KR_webconnectivity_a317baa44556bf0b
https://www.gstatic.com/robots.txt,ok,https://explorer.ooni.org/m/20260309072819.890297_KR_webconnectivity_9497a8333a23e781
http://www.hostgator.com/,ok,https://explorer.ooni.org/m/20260309072821.415791_KR_webconnectivity_258dd2b365607126
http://www.hotge.co.kr/,ok,https://explorer.ooni.org/m/20260309072825.254456_KR_webconnectivity_f2bfc6c29f296298
https://www.howtouseabortionpill.org/,ok,https://explorer.ooni.org/m/20260309072828.725098_KR_webconnectivity_608cfba799bf5ec7
https://www.iaea.org/,ok,https://explorer.ooni.org/m/20260309072830.799338_KR_webconnectivity_b07aa7ba1edb529e
http://www.iavi.org/,ok,https://explorer.ooni.org/m/20260309072833.133989_KR_webconnectivity_9c9ca8b10b24ab1a
http://www.iico.org/,ok,https://explorer.ooni.org/m/20260309072839.219284_KR_webconnectivity_1cd8f1018a8e8ceb
https://www.internationalrivers.org/,ok,https://explorer.ooni.org/m/20260309072842.565083_KR_webconnectivity_c9e2b9144f91a3d3
https://www.ipcc.ch/,ok,https://explorer.ooni.org/m/20260309072847.755679_KR_webconnectivity_bc4ba1a8d8e8f8fc
https://www.iskcon.org/,ok,https://explorer.ooni.org/m/20260309072848.560974_KR_webconnectivity_4b2fdbb713be22ab
http://www.islameyat.com/,ok,https://explorer.ooni.org/m/20260309072854.386453_KR_webconnectivity_5511ad42124920cb
http://www.islamicity.com/,ok,https://explorer.ooni.org/m/20260309072855.854076_KR_webconnectivity_ce36e77e21094bea
https://www.islaminstitut.de/en/,ok,https://explorer.ooni.org/m/20260309072900.467404_KR_webconnectivity_3974a582565cd97a
https://www.iucn.org/,ok,https://explorer.ooni.org/m/20260309072903.744729_KR_webconnectivity_e4c2c6e0641312b6
http://www.jesussaves.cc/,ok,https://explorer.ooni.org/m/20260309072914.608983_KR_webconnectivity_0da861046ad26c1c
http://www.jinbo.net/,ok,https://explorer.ooni.org/m/20260309072918.467611_KR_webconnectivity_de02b82a4be1b10f
http://www.judaism.com/,ok,https://explorer.ooni.org/m/20260309072921.000208_KR_webconnectivity_b86ea4ac8998adbe
http://www.judaismconversion.org/,ok,https://explorer.ooni.org/m/20260309072928.833092_KR_webconnectivity_cc5f21c7c31c8b48
https://www.jw.org/,error,https://explorer.ooni.org/m/20260309072930.423653_KR_webconnectivity_2aee83db6685937a
http://www.kfem.or.kr/,ok,https://explorer.ooni.org/m/20260309072938.661225_KR_webconnectivity_fe362382483a9c89
http://www.kgreens.org/,ok,https://explorer.ooni.org/m/20260309072944.297327_KR_webconnectivity_2448c4a1d5cd7b4f
http://www.krts.or.kr/,ok,https://explorer.ooni.org/m/20260309072950.878617_KR_webconnectivity_dae867b301ed43e9
https://www.leaseweb.com/,ok,https://explorer.ooni.org/m/20260309072956.619009_KR_webconnectivity_d0487c11b6476a44
https://www.livejournal.com/,dns,https://explorer.ooni.org/m/20260309072957.889205_KR_webconnectivity_c19e9b46190dec13
http://www.mgoon.com/,error,https://explorer.ooni.org/m/20260309073015.258441_KR_webconnectivity_b9150a7e0350b3f4
http://www.muhammadanism.com/,ok,https://explorer.ooni.org/m/20260309073023.183333_KR_webconnectivity_29dc56c635da9d54
https://www.namecheap.com/,ok,https://explorer.ooni.org/m/20260309073024.139363_KR_webconnectivity_ce3e180b29fe3bca
http://www.nate.com/,ok,https://explorer.ooni.org/m/20260309073025.966113_KR_webconnectivity_9cb06886eea8be3f
http://www.nate.com/?f=pann,ok,https://explorer.ooni.org/m/20260309073027.707805_KR_webconnectivity_85594b1bcfe91895
http://www.nature.org/,ok,https://explorer.ooni.org/m/20260309073031.827217_KR_webconnectivity_bdd5dc057fe2dbb6
http://www.no-ip.com/,ok,https://explorer.ooni.org/m/20260309073037.934545_KR_webconnectivity_22d51ff9ee291b7f
https://www.oca.org/,ok,https://explorer.ooni.org/m/20260309073041.268716_KR_webconnectivity_71a22a05c681ba7d
http://www.oicc.org/,ok,https://explorer.ooni.org/m/20260309073044.256276_KR_webconnectivity_a99eb89f7ab961dc
http://www.oikoumene.org/,ok,https://explorer.ooni.org/m/20260309073048.782358_KR_webconnectivity_404efee40b80383e
https://www.om.org/,ok,https://explorer.ooni.org/m/20260309073050.570011_KR_webconnectivity_a082616a44c6e571
https://www.orangewebsite.com/,ok,https://explorer.ooni.org/m/20260309073057.727092_KR_webconnectivity_93dce95e00a9dc19
http://www.orthodoxconvert.info/,ok,https://explorer.ooni.org/m/20260309073100.567469_KR_webconnectivity_a9c300698633ecd2
https://www.paganpride.org/,ok,https://explorer.ooni.org/m/20260309073104.349276_KR_webconnectivity_b634feb44a49e314
http://www.pandora.tv/,ok,https://explorer.ooni.org/m/20260309073105.600055_KR_webconnectivity_6e822913f4cf407d
https://www.persecution.org/,ok,https://explorer.ooni.org/m/20260309073108.570347_KR_webconnectivity_aa77c0a4b2edb026
https://www.peta.org/,dns,https://explorer.ooni.org/m/20260309073109.468350_KR_webconnectivity_12eb3d7792c4e967
https://www.petside.com/,ok,https://explorer.ooni.org/m/20260309073130.596721_KR_webconnectivity_7abe5d1116bf7cde
https://www.plannedparenthood.org/,dns,https://explorer.ooni.org/m/20260309073131.459007_KR_webconnectivity_b386a8fdb6451bb0
http://www.podbbang.com/,ok,https://explorer.ooni.org/m/20260309073136.281141_KR_webconnectivity_7d15f6ae3552311c
http://www.ppfk.or.kr/,ok,https://explorer.ooni.org/m/20260309073141.288813_KR_webconnectivity_1993ae36e97d8e9f
http://www.ppomppu.co.kr/zboard/zboard.php?id=freeboard,ok,https://explorer.ooni.org/m/20260309073143.079618_KR_webconnectivity_84b74a2ca17b105d
http://www.ppomppu.co.kr/zboard/zboard.php?id=issue,ok,https://explorer.ooni.org/m/20260309073144.644807_KR_webconnectivity_9bd97676b16a1e54
https://www.premaritalsex.info/,dns,https://explorer.ooni.org/m/20260309073145.460140_KR_webconnectivity_a4b965b94768e5fd
https://www.privex.io/,ok,https://explorer.ooni.org/m/20260309073149.086933_KR_webconnectivity_97432e8733f4308e
http://www.prolife.or.kr/,ok,https://explorer.ooni.org/m/20260309073154.286685_KR_webconnectivity_90a759fbab27a78b
http://www.pullbbang.com/,dns,https://explorer.ooni.org/m/20260309073156.186382_KR_webconnectivity_9363ab31859b7c5a
https://www.rackspace.com/,ok,https://explorer.ooni.org/m/20260309073159.124775_KR_webconnectivity_84724bc154d37d45
http://www.ran.org/,ok,https://explorer.ooni.org/m/20260309073201.954402_KR_webconnectivity_79a303f3f0bb5de3
https://www.ran.org/,ok,https://explorer.ooni.org/m/20260309073203.903996_KR_webconnectivity_08a0867419b4827c
https://www.rebrandly.com/,ok,https://explorer.ooni.org/m/20260309073206.178856_KR_webconnectivity_0607529a019280d4
https://www.reprouncensored.org/,ok,https://explorer.ooni.org/m/20260309073209.295937_KR_webconnectivity_e8bebfbc0682c020
https://www.resourcematters.org/,ok,https://explorer.ooni.org/m/20260309073212.170382_KR_webconnectivity_b7870dc4454f6cac
https://www.salvationarmy.org/,ok,https://explorer.ooni.org/m/20260309073214.909769_KR_webconnectivity_b326d5eacb424e8e
http://www.sangsaeng.org/,dns,https://explorer.ooni.org/m/20260309073217.933494_KR_webconnectivity_8fd18cb0f6cd9da7
https://www.sbc.net/,ok,https://explorer.ooni.org/m/20260309073221.378026_KR_webconnectivity_d6c5630b0448c8d6
http://www.scarleteen.com/,dns,https://explorer.ooni.org/m/20260309073222.587637_KR_webconnectivity_ea9c92923d834807
http://www.scientology.org/,ok,https://explorer.ooni.org/m/20260309073225.339768_KR_webconnectivity_4197df48f7e907a1
http://www.secularislam.org/,ok,https://explorer.ooni.org/m/20260309073229.001878_KR_webconnectivity_bc6c644a70fcf203
http://www.sex-academy.com/,dns,https://explorer.ooni.org/m/20260309073231.747902_KR_webconnectivity_f541b8e351032728
http://www.sexandu.ca/,dns,https://explorer.ooni.org/m/20260309073234.984487_KR_webconnectivity_011734272b830a5d
http://www.sexandu.ca/fr/,dns,https://explorer.ooni.org/m/20260309073238.290843_KR_webconnectivity_92f9401b2d964495
https://www.sfsi.org/,dns,https://explorer.ooni.org/m/20260309073240.410979_KR_webconnectivity_7761b15aeb3b0687
http://www.shinto.org/,ok,https://explorer.ooni.org/m/20260309073243.664134_KR_webconnectivity_55f61aa9f4073e22
http://www.siecus.org/,dns,https://explorer.ooni.org/m/20260309073244.515004_KR_webconnectivity_83668a4605adebb5
https://www.sierraclub.org/,ok,https://explorer.ooni.org/m/20260309073246.654184_KR_webconnectivity_aef20c40db14911e
http://www.submission.org/,ok,https://explorer.ooni.org/m/20260309073249.741190_KR_webconnectivity_fb0a9397ff9824cc
http://www.survive.org.uk/,ok,https://explorer.ooni.org/m/20260309073252.790310_KR_webconnectivity_da73f5c4dd452234
http://www.suyongso.com/,ok,https://explorer.ooni.org/m/20260309073253.679824_KR_webconnectivity_0ebd8d538fdbdc4d
http://www.tcloud.co.kr/,ok,https://explorer.ooni.org/m/20260309073310.665765_KR_webconnectivity_0cd7a79907723e34
http://www.teenhealthfx.com/,ok,https://explorer.ooni.org/m/20260309073315.180740_KR_webconnectivity_51dc0f772d27842c
http://www.teensource.org/,dns,https://explorer.ooni.org/m/20260309073316.654127_KR_webconnectivity_61d42c6d5dc24855
http://www.themwl.org/,ok,https://explorer.ooni.org/m/20260309073322.441857_KR_webconnectivity_45d8e0ea272e3fbc
http://www.tistory.com/,ok,https://explorer.ooni.org/m/20260309073326.975294_KR_webconnectivity_0d0813bf59149966
http://www.todayhumor.co.kr/,ok,https://explorer.ooni.org/m/20260309073329.832839_KR_webconnectivity_2f72e36c9ae252de
http://www.tripod.lycos.com/,ok,https://explorer.ooni.org/m/20260309073333.719316_KR_webconnectivity_e2f3e6850107aab3
http://www.truthnet.org/,ok,https://explorer.ooni.org/m/20260309073338.740760_KR_webconnectivity_7ae5fec7b9167a50
http://www.typepad.com/,ok,https://explorer.ooni.org/m/20260309073340.313589_KR_webconnectivity_289082572e86344b
https://www.ucc.org/,ok,https://explorer.ooni.org/m/20260309073349.560533_KR_webconnectivity_43e80e508cfe1ada
https://www.ucsusa.org/,ok,https://explorer.ooni.org/m/20260309073353.275494_KR_webconnectivity_c139832702a5129d
http://www.ultimatebirthcontrol.com/,dns,https://explorer.ooni.org/m/20260309073355.102950_KR_webconnectivity_9db5fbba12f6f61f
http://www.umc.org/,ok,https://explorer.ooni.org/m/20260309073358.672307_KR_webconnectivity_975df4b3b771f77c
https://www.unep.org/,ok,https://explorer.ooni.org/m/20260309073402.540501_KR_webconnectivity_0562fb705b80c3c4
http://www.upci.org/,ok,https://explorer.ooni.org/m/20260309073407.571564_KR_webconnectivity_1da2170b3e7acbba
http://www.vatican.va/,ok,https://explorer.ooni.org/m/20260309073408.926374_KR_webconnectivity_1eea70646b76f86c
http://www.wcicc.org/,ok,https://explorer.ooni.org/m/20260309073411.297271_KR_webconnectivity_cec05f1aea326ba8
https://www.weebly.com/,ok,https://explorer.ooni.org/m/20260309073413.504076_KR_webconnectivity_e31212a5f90b75b4
http://www.whois.co.kr/,ok,https://explorer.ooni.org/m/20260309073419.913790_KR_webconnectivity_4ebe8b8e95dc3161
http://www.wix.com/,ok,https://explorer.ooni.org/m/20260309073423.244652_KR_webconnectivity_8367b4bbcfec6695
http://www.worldjewishcongress.org/,ok,https://explorer.ooni.org/m/20260309073429.399808_KR_webconnectivity_71f5b0275197adb8
https://www.worldwildlife.org/,ok,https://explorer.ooni.org/m/20260309073430.372493_KR_webconnectivity_5a3d7d229527b97a
https://www.xenu.net/,ok,https://explorer.ooni.org/m/20260309073435.362996_KR_webconnectivity_aa1c6abef5543d82
http://www.xyinlove.co.kr/,error,https://explorer.ooni.org/m/20260309073452.515268_KR_webconnectivity_b77af09455e788f6
http://www.ymca.int/,dns,https://explorer.ooni.org/m/20260309073453.558721_KR_webconnectivity_356a28d21e847a23
https://www.yola.com/,ok,https://explorer.ooni.org/m/20260309073457.295842_KR_webconnectivity_4ba75fe9e25c4756
https://www.zanzu.nl/,dns,https://explorer.ooni.org/m/20260309073458.346336_KR_webconnectivity_47ac0d1e23a792f1
https://www.zoomshare.com/,dns,https://explorer.ooni.org/m/20260309073500.212990_KR_webconnectivity_50e05a34d9451860
http://xanga.com/,ok,https://explorer.ooni.org/m/20260309073503.039900_KR_webconnectivity_d62fa4d19cda15c6
https://xda-developers.com/,ok,https://explorer.ooni.org/m/20260309073508.824295_KR_webconnectivity_c293d8104e7efc93
https://yourls.org/,ok,https://explorer.ooni.org/m/20260309073510.934383_KR_webconnectivity_61cf56f2618111f8
https://yt3.ggpht.com/a-/AOh14GhGCI1dxtHOY_TDQfmxDBK_S7CHTPJ3U6zOUw=s480-c-k-c0x00ffffff-no-rj-mo,ok,https://explorer.ooni.org/m/20260309073514.726703_KR_webconnectivity_1270a67a7de36437
https://yt4.ggpht.com/a-/AOh14GhOiUxI-RcMC-Vfl2i15v3xewMr8bt2yNXTfw=s480-c-k-c0x00ffffff-no-rj-mo,ok,https://explorer.ooni.org/m/20260309073518.798300_KR_webconnectivity_2b38412e1b42d224
https://1337x.st/,dns,https://explorer.ooni.org/m/20260309073519.717581_KR_webconnectivity_03f528291b99c5b2
https://1337x.to/,dns,https://explorer.ooni.org/m/20260309073520.552178_KR_webconnectivity_e26cfaacf3d88d7e
http://4shared.com/,confirmed,https://explorer.ooni.org/m/20260309073523.398670_KR_webconnectivity_388aab03803f7804
https://911truth.org/,ok,https://explorer.ooni.org/m/20260309073528.026254_KR_webconnectivity_2179fd4b6fdc285e
https://addons.mozilla.org/,ok,https://explorer.ooni.org/m/20260309073530.621271_KR_webconnectivity_8467891156ba6035
https://addons.opera.com/,ok,https://explorer.ooni.org/m/20260309073535.797484_KR_webconnectivity_1cdba100d0647c3b
https://addons.opera.com/en/extensions/,ok,https://explorer.ooni.org/m/20260309073540.196697_KR_webconnectivity_62d83b5ff10392c7
https://annas-archive.org/,dns,https://explorer.ooni.org/m/20260309073540.965160_KR_webconnectivity_8db9863653c69ed6
http://applefile.com/,dns,https://explorer.ooni.org/m/20260309073543.422119_KR_webconnectivity_ae2766798178925e
https://ar.m.wikipedia.org/,ok,https://explorer.ooni.org/m/20260309073548.141055_KR_webconnectivity_319c5bcfd2318e38
https://ar.wikipedia.org/,ok,https://explorer.ooni.org/m/20260309073551.600305_KR_webconnectivity_d1c67a88cc58b6e4
https://archiveofourown.org/,ok,https://explorer.ooni.org/m/20260309073553.080612_KR_webconnectivity_efd9b548c1cc9033
https://arxiv.org/,ok,https://explorer.ooni.org/m/20260309073554.966404_KR_webconnectivity_d363995c213952b7
https://asean.org/,ok,https://explorer.ooni.org/m/20260309073556.281221_KR_webconnectivity_74cbe4273fe30cb9
https://bintray.com/,ok,https://explorer.ooni.org/m/20260309073601.240381_KR_webconnectivity_e7b7806b9803ed84
http://bitsnoop.com/,dns,https://explorer.ooni.org/m/20260309073602.235042_KR_webconnectivity_93a3a3135373a8ba
http://bommin.net/,confirmed,https://explorer.ooni.org/m/20260309073604.178615_KR_webconnectivity_4be1fed02d71f690
https://ca.wikipedia.org/,ok,https://explorer.ooni.org/m/20260309073608.338188_KR_webconnectivity_d211ab8fa6fffe6f
http://cafe.daum.net/seoulminart,ok,https://explorer.ooni.org/m/20260309073611.372380_KR_webconnectivity_6db2512a7139da8a
http://cafe.naver.com/newartcafe,ok,https://explorer.ooni.org/m/20260309073617.044574_KR_webconnectivity_a165a4081140563f
http://canna.to/,dns,https://explorer.ooni.org/m/20260309073617.974345_KR_webconnectivity_7a32f5dc5aeec9aa
https://catbox.moe/,ok,https://explorer.ooni.org/m/20260309073620.426279_KR_webconnectivity_154b640f3e2bc8bf
https://chat.openai.com/,ok,https://explorer.ooni.org/m/20260309073621.645646_KR_webconnectivity_4395abbd22301b5a
http://chongryon.com/,confirmed,https://explorer.ooni.org/m/20260309073638.032733_KR_webconnectivity_d6dc03b5cd10dfdc
https://chrome.google.com/webstore/category/extensions,ok,https://explorer.ooni.org/m/20260309073641.100442_KR_webconnectivity_031df9a17aa47a5b
https://chromewebstore.google.com/,ok,https://explorer.ooni.org/m/20260309073643.968289_KR_webconnectivity_5b947f52092b3093
https://code.org/,ok,https://explorer.ooni.org/m/20260309073647.050201_KR_webconnectivity_4508a5b4fed6d857
https://commons.wikimedia.org/,ok,https://explorer.ooni.org/m/20260309073650.383926_KR_webconnectivity_57d2a54607253983
https://credibilitycoalition.org/,ok,https://explorer.ooni.org/m/20260309073652.644040_KR_webconnectivity_5c6b44dd15d2b4a5
https://crypt.ee/,ok,https://explorer.ooni.org/m/20260309073654.555643_KR_webconnectivity_5d312acae69e6974
http://data.donkeyhote.co.kr/,dns,https://explorer.ooni.org/m/20260309073655.554538_KR_webconnectivity_d9dd9a8a2f80c3d4
https://de.wikipedia.org/,ok,https://explorer.ooni.org/m/20260309073659.336407_KR_webconnectivity_fa795a91f48c1ed9
https://dfiles.eu/,ok,https://explorer.ooni.org/m/20260309073704.669413_KR_webconnectivity_e8550c7715bf06d1
https://digg.com/,ok,https://explorer.ooni.org/m/20260309073710.062118_KR_webconnectivity_11762c94f1e138a9
https://docs.google.com/,ok,https://explorer.ooni.org/m/20260309073713.786821_KR_webconnectivity_0d5b9e9c1e106cb5
https://download.cnet.com/,dns,https://explorer.ooni.org/m/20260309073714.702397_KR_webconnectivity_bc290fb1e4689382
https://drive.google.com/,ok,https://explorer.ooni.org/m/20260309073718.465002_KR_webconnectivity_e13e923be0188fa8
https://en.m.wikipedia.org/,ok,https://explorer.ooni.org/m/20260309073722.128916_KR_webconnectivity_b23415e7271e7386
https://en.wikipedia.org/,ok,https://explorer.ooni.org/m/20260309073725.673695_KR_webconnectivity_d467d4448eada725
https://en.wiktionary.org/,ok,https://explorer.ooni.org/m/20260309073729.057049_KR_webconnectivity_281019ac51d96805
https://ente.io/,ok,https://explorer.ooni.org/m/20260309073731.012440_KR_webconnectivity_17651c7621b76c2d
https://es.m.wikipedia.org/,ok,https://explorer.ooni.org/m/20260309073735.163148_KR_webconnectivity_a9889689a45d3d88
https://es.wikipedia.org/,ok,https://explorer.ooni.org/m/20260309073738.461478_KR_webconnectivity_79ce9bcd506a5adb
https://eztv.ag/,dns,https://explorer.ooni.org/m/20260309073739.866445_KR_webconnectivity_57709cabca2b8981
https://eztv.re/,dns,https://explorer.ooni.org/m/20260309073740.964043_KR_webconnectivity_0e929d6742414068
https://f-droid.org/,ok,https://explorer.ooni.org/m/20260309073744.241442_KR_webconnectivity_6682eb2161481c6d
https://fdroid.tetaneutral.net/fdroid/repo,ok,https://explorer.ooni.org/m/20260309073747.925768_KR_webconnectivity_9fdaacb1379f0183
http://file.daum.net/,ok,https://explorer.ooni.org/m/20260309073749.390487_KR_webconnectivity_c785c4e662fc56b8
http://filecast.co.kr/,dns,https://explorer.ooni.org/m/20260309073752.474451_KR_webconnectivity_abe8a5aaf2e893c1
https://filen.io/,ok,https://explorer.ooni.org/m/20260309073758.100130_KR_webconnectivity_eb6c5f8779d8d725
https://files.pythonhosted.org/,ok,https://explorer.ooni.org/m/20260309073759.454016_KR_webconnectivity_a5ff9c4fcb110010
https://forum.mhut.org/,dns,https://explorer.ooni.org/m/20260309073800.574797_KR_webconnectivity_e69c12a7b5d22dad
https://fr.wikipedia.org/,ok,https://explorer.ooni.org/m/20260309073804.044646_KR_webconnectivity_78baaba9ff2f6341
https://ftp.fau.de/fdroid/repo,ok,https://explorer.ooni.org/m/20260309073808.127874_KR_webconnectivity_319ecaaa226f2d0b
http://gnu.rep.kp/,dns,https://explorer.ooni.org/m/20260309073812.132638_KR_webconnectivity_6bc939161162158b
https://hackerspaces.org/,ok,https://explorer.ooni.org/m/20260309073816.488595_KR_webconnectivity_e23741aabbe000b7
http://historyedu.or.kr/,ok,https://explorer.ooni.org/m/20260309073822.575666_KR_webconnectivity_c18e153fae14f48e
http://hksh.koreanhistory.or.kr/,ok,https://explorer.ooni.org/m/20260309073823.484317_KR_webconnectivity_60fb3d336ad71234
https://i.gr-assets.com/robots.txt,ok,https://explorer.ooni.org/m/20260309073825.324659_KR_webconnectivity_2dafbaf2d68f94a5
https://infidels.org/,ok,https://explorer.ooni.org/m/20260309073830.841565_KR_webconnectivity_9730cb7cd09208f3
https://int.soccerway.com/,http-failure,https://explorer.ooni.org/m/20260309073832.739613_KR_webconnectivity_42ac77eff48bc081
https://intelligence.weforum.org/,ok,https://explorer.ooni.org/m/20260309073835.844441_KR_webconnectivity_939b3f4041c80bb2
https://isa.gov.ly/,ok,https://explorer.ooni.org/m/20260309073837.360831_KR_webconnectivity_80c1ce5b0be386be
https://it.wikipedia.org/,ok,https://explorer.ooni.org/m/20260309073840.902468_KR_webconnectivity_f1e0fd0e5b324755
https://ja.wikipedia.org/,ok,https://explorer.ooni.org/m/20260309073844.571966_KR_webconnectivity_6b7d7a2451b4f4c0
http://kancc.org/,dns,https://explorer.ooni.org/m/20260309073850.024166_KR_webconnectivity_74b51f058f0a857f
http://kass.org.kp/,dns,https://explorer.ooni.org/m/20260309073906.733662_KR_webconnectivity_ff431ea53582b7b3
https://kat.am/,dns,https://explorer.ooni.org/m/20260309073908.189164_KR_webconnectivity_5475b08826239017
https://katcr.to/,dns,https://explorer.ooni.org/m/20260309073909.180942_KR_webconnectivity_3d23ac941047c04d
http://kcnawatch.co/,confirmed,https://explorer.ooni.org/m/20260309073910.842760_KR_webconnectivity_57e7f6def8828ee3
http://kicc-dprk.org/,confirmed,https://explorer.ooni.org/m/20260309073912.517877_KR_webconnectivity_18a8fe0a5b247bef
https://kickasstorrents.to/,dns,https://explorer.ooni.org/m/20260309073913.598992_KR_webconnectivity_60ab316f190165ff
http://kiyctc.com.kp/,dns,https://explorer.ooni.org/m/20260309073917.904530_KR_webconnectivity_896876378b871e73
http://ko.internationalism.org/,ok,https://explorer.ooni.org/m/20260309073922.021042_KR_webconnectivity_6b4193f2747978ca
https://ko.wikipedia.org/,ok,https://explorer.ooni.org/m/20260309073925.876740_KR_webconnectivity_8199aa0b0fb84614
https://ko.wiktionary.org/,ok,https://explorer.ooni.org/m/20260309073929.788590_KR_webconnectivity_878b54de016b6741
http://korfilm.com.kp/,dns,https://explorer.ooni.org/m/20260309073946.572062_KR_webconnectivity_50abfeb65b88f4b4
http://kremlin.ru/,ok,https://explorer.ooni.org/m/20260309073949.386491_KR_webconnectivity_be77888501d75f4a
https://libgen.fun/,error,https://explorer.ooni.org/m/20260309073951.279729_KR_webconnectivity_e837d8e179c3b212
http://libgen.gs/,ok,https://explorer.ooni.org/m/20260309073952.067067_KR_webconnectivity_d1e4d29189bf667e
https://libgen.is/,dns,https://explorer.ooni.org/m/20260309074008.956466_KR_webconnectivity_dfc8832e21b0c93a
http://libgen.lc/,ok,https://explorer.ooni.org/m/20260309074010.411543_KR_webconnectivity_be892fd682d2f1db
http://libgen.li/,dns,https://explorer.ooni.org/m/20260309074011.803870_KR_webconnectivity_aff7423a83b11d24
https://libgen.life/,tcp_ip,https://explorer.ooni.org/m/20260309074057.989819_KR_webconnectivity_c6fd66d1648a73ca
https://libgen.me/,error,https://explorer.ooni.org/m/20260309074100.321294_KR_webconnectivity_b33cb8c63d5b437e
http://libgen.rs/,dns,https://explorer.ooni.org/m/20260309074116.197820_KR_webconnectivity_60bf03da49fc2f9b
https://libgen.space/,error,https://explorer.ooni.org/m/20260309074117.890968_KR_webconnectivity_bd710e021914114f
http://libgen.st/,tcp_ip,https://explorer.ooni.org/m/20260309074149.124023_KR_webconnectivity_a194fbaad4f77587
https://libgen.xyz/,dns,https://explorer.ooni.org/m/20260309074150.299420_KR_webconnectivity_aa85fb9aea2bfbab
https://limetorrents.pro/,dns,https://explorer.ooni.org/m/20260309074151.249946_KR_webconnectivity_c6dfefbed4bd9ed0
https://login.infomaniak.com/,ok,https://explorer.ooni.org/m/20260309074155.206942_KR_webconnectivity_98ac581c46598d9c
https://login.tailscale.com/,ok,https://explorer.ooni.org/m/20260309074202.948536_KR_webconnectivity_e2bd9c87656cbe7a
http://ma.gov.kp/,dns,https://explorer.ooni.org/m/20260309074207.740002_KR_webconnectivity_7363a7dbb0580501
https://mashable.com/,ok,https://explorer.ooni.org/m/20260309074209.957044_KR_webconnectivity_c9d4aa59905d6f58
https://microsoftedge.microsoft.com/,dns,https://explorer.ooni.org/m/20260309074210.873035_KR_webconnectivity_d32d85e72972d7dd
https://microsoftedge.microsoft.com/addons/Microsoft-Edge-Extensions-Home,dns,https://explorer.ooni.org/m/20260309074211.859681_KR_webconnectivity_b36aa23484e0ac77
https://mirror.cyberbits.eu/fdroid/repo,ok,https://explorer.ooni.org/m/20260309074215.187023_KR_webconnectivity_da6a91fadecb8ac8
https://mymemory.translated.net/,ok,https://explorer.ooni.org/m/20260309074220.146197_KR_webconnectivity_5bd7dd9f2350bd7e
http://naenara.com/,ok,https://explorer.ooni.org/m/20260309074222.692968_KR_webconnectivity_e89921510896a809
https://newalbumreleases.net/,dns,https://explorer.ooni.org/m/20260309074223.537381_KR_webconnectivity_0c68e13e2bac6d4e
https://notesnook.com/,ok,https://explorer.ooni.org/m/20260309074226.416793_KR_webconnectivity_3ed3a494494b9c45
https://nsw2u.com/,dns,https://explorer.ooni.org/m/20260309074227.336053_KR_webconnectivity_f2d85ebc223fa399
http://onekorea.org/,ok,https://explorer.ooni.org/m/20260309074229.929355_KR_webconnectivity_113bd783107ecc58
https://openverse.org/,ok,https://explorer.ooni.org/m/20260309074231.613010_KR_webconnectivity_6c44e1e5ff859d2b
http://osaka.korea-htr.com/,ok,https://explorer.ooni.org/m/20260309074232.695969_KR_webconnectivity_afbf4eff0c9a48e5
https://plug-mirror.rcac.purdue.edu/fdroid/repo,ok,https://explorer.ooni.org/m/20260309074235.593305_KR_webconnectivity_532b41e247024e9f
https://pt.m.wikipedia.org/,ok,https://explorer.ooni.org/m/20260309074240.323181_KR_webconnectivity_806f69a95a161ebc
https://pulse.internetsociety.org/,ok,https://explorer.ooni.org/m/20260309074242.398531_KR_webconnectivity_19fbc45f5c2e5eae
https://put.io/,ok,https://explorer.ooni.org/m/20260309074245.044649_KR_webconnectivity_bcafaa3ac3b32758
https://radiofreetexas.com/,ok,https://explorer.ooni.org/m/20260309074248.394770_KR_webconnectivity_adb3f890203cf767
https://rapidgator.net/,dns,https://explorer.ooni.org/m/20260309074249.554726_KR_webconnectivity_91010420b743a0d7
https://rargb.to/,dns,https://explorer.ooni.org/m/20260309074250.821567_KR_webconnectivity_faa2f568d5d6ac21
https://ru.wikipedia.org/,ok,https://explorer.ooni.org/m/20260309074254.525544_KR_webconnectivity_9e373f3536e42398
https://s.gr-assets.com/robots.txt,ok,https://explorer.ooni.org/m/20260309074256.114608_KR_webconnectivity_4b488fdfa8e340de
https://savefrom.net/,dns,https://explorer.ooni.org/m/20260309074257.379891_KR_webconnectivity_1dfd368307b5ce39
https://sci-hub.se/,dns,https://explorer.ooni.org/m/20260309074259.726328_KR_webconnectivity_f3934d09de557f2e
http://sdprk.org.kp/,dns,https://explorer.ooni.org/m/20260309074302.858551_KR_webconnectivity_6f84cc11718eff32
http://sfkuk.freeservers.com/,ok,https://explorer.ooni.org/m/20260309074305.109137_KR_webconnectivity_280268689f6c33dc
http://simfile.uplusbox.co.kr/,dns,https://explorer.ooni.org/m/20260309074321.317440_KR_webconnectivity_140e9e0abf819a5d
https://simple.wikipedia.org/,ok,https://explorer.ooni.org/m/20260309074325.528478_KR_webconnectivity_d5dd6a01c20531ff
https://skiff.com/,ok,https://explorer.ooni.org/m/20260309074327.793322_KR_webconnectivity_4a8bf21dbce15151
http://software.naver.com/,ok,https://explorer.ooni.org/m/20260309074328.676538_KR_webconnectivity_0cec194eae7cfc08
https://soundcloud.com/,ok,https://explorer.ooni.org/m/20260309074331.052490_KR_webconnectivity_d73f9d920a2f7153
https://sourceforge.net/,ok,https://explorer.ooni.org/m/20260309074333.431642_KR_webconnectivity_d174630c659556b0
https://standardnotes.com/,ok,https://explorer.ooni.org/m/20260309074336.280444_KR_webconnectivity_1e2f4bdbea3a4795
https://subscene.com/,dns,https://explorer.ooni.org/m/20260309074337.149993_KR_webconnectivity_b5e5ab3656681719
https://theonion.com/,dns,https://explorer.ooni.org/m/20260309074337.966050_KR_webconnectivity_d19fb6b3bb332c1d
https://thepiratebay.org/,dns,https://explorer.ooni.org/m/20260309074339.951691_KR_webconnectivity_e0067cd1855b3b88
http://tongil-i.net/,ok,https://explorer.ooni.org/m/20260309074340.791938_KR_webconnectivity_01f6d94027985fd3
http://torrent82.com/,ok,https://explorer.ooni.org/m/20260309074341.752176_KR_webconnectivity_3757f1e428efb00f
http://torrentdada.com/,dns,https://explorer.ooni.org/m/20260309074342.688435_KR_webconnectivity_e8be9c5eb27aee0a
http://torrenters.com/,dns,https://explorer.ooni.org/m/20260309074347.953656_KR_webconnectivity_a93cbe99de7ca646
http://torrentgogo.com/,ok,https://explorer.ooni.org/m/20260309074348.976667_KR_webconnectivity_8af5445de3d282ef
http://torters.com/,dns,https://explorer.ooni.org/m/20260309074351.963977_KR_webconnectivity_3b9fa7bbd9e04720
https://uea.org/,ok,https://explorer.ooni.org/m/20260309074356.991978_KR_webconnectivity_683cee8dd9e31184
https://upload.wikimedia.org/wikipedia/commons/thumb/3/37/Generic_Camera_Icon.svg/100px-Generic_Camera_Icon.svg.png,ok,https://explorer.ooni.org/m/20260309074358.930845_KR_webconnectivity_0167c146befefc9e
http://usacrime.or.kr/,ok,https://explorer.ooni.org/m/20260309074402.749458_KR_webconnectivity_312ba2255a7164ef
https://w3schools.com/,ok,https://explorer.ooni.org/m/20260309074407.113008_KR_webconnectivity_6c877694cda83e7f
https://web.archive.org/,dns,https://explorer.ooni.org/m/20260309074410.020101_KR_webconnectivity_db028c585b19c0c5
https://wikidata.org/,ok,https://explorer.ooni.org/m/20260309074413.984149_KR_webconnectivity_6f4c60c7791354fc
https://wikihow.com/,ok,https://explorer.ooni.org/m/20260309074416.780013_KR_webconnectivity_f27da67224021361
https://wikimapia.org/,ok,https://explorer.ooni.org/m/20260309074420.262789_KR_webconnectivity_63f898b6ede3e08a
http://www.0ubada.net/,ok,https://explorer.ooni.org/m/20260309074421.118168_KR_webconnectivity_d010ade7f51c6e5d
http://www.1koreannews.com/,ok,https://explorer.ooni.org/m/20260309074422.015168_KR_webconnectivity_e52adfdca5a67354
https://www.2shared.com/,ok,https://explorer.ooni.org/m/20260309074426.030700_KR_webconnectivity_f0fc8340acc51a14
https://www.4shared.com/,ok,https://explorer.ooni.org/m/20260309074432.001944_KR_webconnectivity_9a2fc8f6796a9e06
https://www.911memorial.org/,ok,https://explorer.ooni.org/m/20260309074437.306698_KR_webconnectivity_7bfb3ef2c6bec3d2
http://www.acquisitionx.com/,ok,https://explorer.ooni.org/m/20260309074440.099204_KR_webconnectivity_3a0e6ca5e45dd9e8
https://www.af.mil/,ok,https://explorer.ooni.org/m/20260309074442.302723_KR_webconnectivity_ffee08a1229cbac6
http://www.aha.ru/,ok,https://explorer.ooni.org/m/20260309074502.666041_KR_webconnectivity_ad64128ee8ca9c2f
http://www.aha.ru/~zentsov/korea.htm,ok,https://explorer.ooni.org/m/20260309074519.221747_KR_webconnectivity_524d310ac91e2c86
http://www.arirang.dprkorea.com/,dns,https://explorer.ooni.org/m/20260309074535.261685_KR_webconnectivity_780a343219a51b1b
https://www.army.mil/,ok,https://explorer.ooni.org/m/20260309074538.880699_KR_webconnectivity_e7afd7e9942f076a
https://www.auswaertiges-amt.de/,ok,https://explorer.ooni.org/m/20260309074543.286022_KR_webconnectivity_80b804ecc3ca20b1
http://www.big.or.jp/,ok,https://explorer.ooni.org/m/20260309074545.717109_KR_webconnectivity_c6dc88264939de7d
http://www.bitcomet.com/,dns,https://explorer.ooni.org/m/20260309074546.631842_KR_webconnectivity_c3b062292eed443c
http://www.bittornado.com/,dns,https://explorer.ooni.org/m/20260309074602.461991_KR_webconnectivity_23203fecf72db50b
https://www.bme.com/,dns,https://explorer.ooni.org/m/20260309074604.037905_KR_webconnectivity_5b5da9b7479513e6
http://www.bommin.net/,confirmed,https://explorer.ooni.org/m/20260309074606.788240_KR_webconnectivity_158e1dc4670a7e67
http://www.centcom.mil/,ok,https://explorer.ooni.org/m/20260309074609.656915_KR_webconnectivity_cdf2237231c7b892
http://www.chaju.org/,ok,https://explorer.ooni.org/m/20260309074610.610634_KR_webconnectivity_43143a567ef29c1d
http://www.chongryon.com/,confirmed,https://explorer.ooni.org/m/20260309074627.216276_KR_webconnectivity_f0b20778de41679e
https://www.cia.gov/,ok,https://explorer.ooni.org/m/20260309074631.492163_KR_webconnectivity_84e637ea345ee132
http://www.cinetown.co.kr/,ok,https://explorer.ooni.org/m/20260309074648.402455_KR_webconnectivity_d80fe9af99946802
http://www.cinewel.com/,dns,https://explorer.ooni.org/m/20260309074649.736814_KR_webconnectivity_029a1433ffb7619d
https://www.cis.minsk.by/,ok,https://explorer.ooni.org/m/20260309074657.956375_KR_webconnectivity_e61eaf1499f5cf38
http://www.cizel.co.kr/,dns,https://explorer.ooni.org/m/20260309074714.351332_KR_webconnectivity_eebef901014e940c
http://www.cnet-ta.ne.jp/,ok,https://explorer.ooni.org/m/20260309074718.115690_KR_webconnectivity_a0d5d8ac7f03632f
http://www.collegehumor.com/,dns,https://explorer.ooni.org/m/20260309074734.227268_KR_webconnectivity_506968dc049813c1
http://www.coreaone-news.com/,confirmed,https://explorer.ooni.org/m/20260309074742.191859_KR_webconnectivity_2fe6bd354bab4d41
https://www.darpa.mil/,ok,https://explorer.ooni.org/m/20260309074748.329333_KR_webconnectivity_c1aa01b5d7a7f9b2
https://www.datpiff.com/,dns,https://explorer.ooni.org/m/20260309074749.519871_KR_webconnectivity_4f5413b78aa5f277
https://www.dea.gov/,ok,https://explorer.ooni.org/m/20260309074751.638865_KR_webconnectivity_d970e78eb28c1c57
https://www.deathmetal.org/,ok,https://explorer.ooni.org/m/20260309074754.608014_KR_webconnectivity_f9fc50105813c866
https://www.defense.gov/,ok,https://explorer.ooni.org/m/20260309074756.632904_KR_webconnectivity_5775e1524bbd79f0
https://www.dia.mil/,ok,https://explorer.ooni.org/m/20260309074800.200177_KR_webconnectivity_df9b20299087f2b7
https://www.dictionary.com/,ok,https://explorer.ooni.org/m/20260309074801.971479_KR_webconnectivity_2fae50fbd310b457
http://www.dklotto.com/,dns,https://explorer.ooni.org/m/20260309074804.751156_KR_webconnectivity_5971a1b015e08ea3
https://www.douban.com/,ok,https://explorer.ooni.org/m/20260309074810.962641_KR_webconnectivity_ee306e289bfd0580
http://www.dprk-book.com/,tcp_ip,https://explorer.ooni.org/m/20260309074900.595089_KR_webconnectivity_17ec5421c17ed5ed
http://www.dprk-stamp.com/,ok,https://explorer.ooni.org/m/20260309074901.403695_KR_webconnectivity_a886253fb469b02c
http://www.dprkorea.com/,dns,https://explorer.ooni.org/m/20260309074916.887772_KR_webconnectivity_ac6be6bedf5a4a2a
http://www.dprkstudies.org/,dns,https://explorer.ooni.org/m/20260309074918.458410_KR_webconnectivity_b4213bbec9bd9a89
http://www.dprkstudies.org/documents/nkpics/picgal.html,dns,https://explorer.ooni.org/m/20260309074920.264150_KR_webconnectivity_dc6626286fbbff40
https://www.dropbox.com/,ok,https://explorer.ooni.org/m/20260309074924.765202_KR_webconnectivity_c2ec8b2afb1b0d4e
http://www.elufa.net/,confirmed,https://explorer.ooni.org/m/20260309074926.793261_KR_webconnectivity_45847b4d6d851dd6
http://www.enppy.com/,dns,https://explorer.ooni.org/m/20260309074929.834767_KR_webconnectivity_a556a6ec089f9205
https://www.epa.gov/,ok,https://explorer.ooni.org/m/20260309074933.417604_KR_webconnectivity_242c62eab66c2caf
https://www.eventbrite.com/,ok,https://explorer.ooni.org/m/20260309074936.310830_KR_webconnectivity_6864dd6ea4bba085
http://www.ez0u.co.kr/,ok,https://explorer.ooni.org/m/20260309074937.195883_KR_webconnectivity_3289a97951a4c733
https://www.fanfiction.net/,ok,https://explorer.ooni.org/m/20260309074938.748306_KR_webconnectivity_1042a7233b7186af
http://www.fileguri.com/,http-failure,https://explorer.ooni.org/m/20260309074941.688946_KR_webconnectivity_ac93f69b8ab8d837
http://www.filenara.co.kr/,dns,https://explorer.ooni.org/m/20260309074942.564614_KR_webconnectivity_1b7e6737ea6e51e1
http://www.filenori.com/,ok,https://explorer.ooni.org/m/20260309074944.973240_KR_webconnectivity_10e4c9152efb5468
http://www.foreignaffairs.org/,ok,https://explorer.ooni.org/m/20260309074947.140515_KR_webconnectivity_c29706bc23e53ce2
http://www.fsb.ru/,ok,https://explorer.ooni.org/m/20260309075005.009186_KR_webconnectivity_41a9fae5def9ef75
https://www.fsf.org/,error,https://explorer.ooni.org/m/20260309075006.976134_KR_webconnectivity_ee9137ed790a7d72
https://www.gawker.com/,ok,https://explorer.ooni.org/m/20260309075011.172561_KR_webconnectivity_5dfc055cd0fdf16e
https://www.givesendgo.com/,ok,https://explorer.ooni.org/m/20260309075012.874439_KR_webconnectivity_70a402847be55aad
https://www.globalpolicy.org/,ok,https://explorer.ooni.org/m/20260309075017.298089_KR_webconnectivity_1c78e57dd80a96b7
https://www.goodreads.com/,ok,https://explorer.ooni.org/m/20260309075021.084873_KR_webconnectivity_c668c917d8cf7887
https://www.gov.uk/,ok,https://explorer.ooni.org/m/20260309075023.527531_KR_webconnectivity_26727709af33b6f1
https://www.gutenberg.org/,ok,https://explorer.ooni.org/m/20260309075027.768476_KR_webconnectivity_d4b633baa7a5d7a3
http://www.hanguksa.org/,ok,https://explorer.ooni.org/m/20260309075032.946613_KR_webconnectivity_d1d7ae27534fa953
http://www.hisedu.or.kr/,ok,https://explorer.ooni.org/m/20260309075036.909873_KR_webconnectivity_cf56b7d6a178b995
http://www.honamhistory.org/,ok,https://explorer.ooni.org/m/20260309075040.297415_KR_webconnectivity_6635515cd563d72b
http://www.honduras.com/,ok,https://explorer.ooni.org/m/20260309075044.415296_KR_webconnectivity_2b1b14dec9ce2ac4
https://www.iaru.org/,ok,https://explorer.ooni.org/m/20260309075050.177402_KR_webconnectivity_ba25560be2eff40b
https://www.ibe.unesco.org/,ok,https://explorer.ooni.org/m/20260309075057.441827_KR_webconnectivity_37585909bb2087a5
https://www.icrc.org/,ok,https://explorer.ooni.org/m/20260309075059.193230_KR_webconnectivity_bb79608478599e64
https://www.ideasbeyondborders.org/,ok,https://explorer.ooni.org/m/20260309075102.154403_KR_webconnectivity_cb30ad5698bfea71
http://www.iea.org/,ok,https://explorer.ooni.org/m/20260309075104.329750_KR_webconnectivity_a0cfde04e03bb3b7
https://www.ifrc.org/,ok,https://explorer.ooni.org/m/20260309075105.476661_KR_webconnectivity_2634526cc804bbab
http://www.ihr.org/,ok,https://explorer.ooni.org/m/20260309075110.020173_KR_webconnectivity_0095c265838ba06e
http://www.iias.nl/,tcp_ip,https://explorer.ooni.org/m/20260309075112.075740_KR_webconnectivity_40f3bac85eb11b21
https://www.ilo.org/,ok,https://explorer.ooni.org/m/20260309075115.451361_KR_webconnectivity_07a9007e38c73bf4
http://www.imdb.com/,dns,https://explorer.ooni.org/m/20260309075116.267942_KR_webconnectivity_5c9b80c8caf155c6
http://www.inhard.com/,ok,https://explorer.ooni.org/m/20260309075119.842868_KR_webconnectivity_44087bbf8d2ce9e5
https://www.interpol.int/,ok,https://explorer.ooni.org/m/20260309075122.282752_KR_webconnectivity_44401f7d43310d9d
https://www.isa.org.jm/,ok,https://explorer.ooni.org/m/20260309075130.194710_KR_webconnectivity_0f99a5407dde51f7
http://www.isj.org.uk/,ok,https://explorer.ooni.org/m/20260309075136.231957_KR_webconnectivity_9b48090e694e4a14
http://www.jjangfile.net/,dns,https://explorer.ooni.org/m/20260309075152.126081_KR_webconnectivity_29bd48aa93b48a65
https://www.jsf.mil/,ok,https://explorer.ooni.org/m/20260309075157.990071_KR_webconnectivity_6efc5c12c9eedefd
http://www.kancc.org/,confirmed,https://explorer.ooni.org/m/20260309075203.602200_KR_webconnectivity_89c317ca0a3f98a6
http://www.kcckp.net/,confirmed,https://explorer.ooni.org/m/20260309075207.576876_KR_webconnectivity_1c588d7b5ee0df25
http://www.kdvr.de/,ok,https://explorer.ooni.org/m/20260309075209.351764_KR_webconnectivity_1b2c61fa6da7f463
https://www.khanacademy.org/,ok,https://explorer.ooni.org/m/20260309075211.890347_KR_webconnectivity_f3cb89630a9e274f
http://www.kickassclassical.com/,dns,https://explorer.ooni.org/m/20260309075227.812075_KR_webconnectivity_b969e08d4409042c
http://www.korea-dpr.com/,confirmed,https://explorer.ooni.org/m/20260309075230.659640_KR_webconnectivity_6437f411ec238e5c
http://www.korea-dpr.com/cgi-bin/simpleforum.cgi,confirmed,https://explorer.ooni.org/m/20260309075232.083909_KR_webconnectivity_e5d349151769b422
http://www.korea-dpr.com/library/entrance.htm,confirmed,https://explorer.ooni.org/m/20260309075234.012881_KR_webconnectivity_a03e540044678b0b
http://www.korea-dpr.com/menu.htm,confirmed,https://explorer.ooni.org/m/20260309075236.312281_KR_webconnectivity_943093a869098df9
http://www.korea-dpr.com/users/jisge/,confirmed,https://explorer.ooni.org/m/20260309075238.364877_KR_webconnectivity_7e02074777370075
http://www.korea-is-one.org/,tcp_ip,https://explorer.ooni.org/m/20260309075242.442765_KR_webconnectivity_0859b69d66d03f6d
http://www.korea-is-one.org/rubrique.php3?id_rubrique=5,tcp_ip,https://explorer.ooni.org/m/20260309075245.578529_KR_webconnectivity_fa959884e922e8eb
http://www.korea-np.co.jp/,tcp_ip,https://explorer.ooni.org/m/20260309075256.383694_KR_webconnectivity_c0d7b649ff756328
http://www.koreanhistory.org/,ok,https://explorer.ooni.org/m/20260309075259.608995_KR_webconnectivity_fdede685ab9cb590
http://www.krbook.net/,ok,https://explorer.ooni.org/m/20260309075301.677568_KR_webconnectivity_2951c5766ab8f58e
https://www.libgen.tw/,ok,https://explorer.ooni.org/m/20260309075304.731802_KR_webconnectivity_0aacc4b177d3d575
https://www.limetorrents.lol/,http-failure,https://explorer.ooni.org/m/20260309075307.432460_KR_webconnectivity_0634f9d540e89d8a
https://www.literotica.com/,dns,https://explorer.ooni.org/m/20260309075308.930412_KR_webconnectivity_839ecbb8995d7b68
https://www.lushstories.com/,dns,https://explorer.ooni.org/m/20260309075310.887608_KR_webconnectivity_31ceca407616c6cc
https://www.marxists.org/,ok,https://explorer.ooni.org/m/20260309075316.822665_KR_webconnectivity_a5fb81d63d110de5
http://www.metal-archives.com/,ok,https://explorer.ooni.org/m/20260309075319.923907_KR_webconnectivity_da6834fb35880a9b
http://www.minjok.com/,dns,https://explorer.ooni.org/m/20260309075322.833511_KR_webconnectivity_d25153331cce2080
http://www.mnr.gov.cn/,dns,https://explorer.ooni.org/m/20260309075333.720908_KR_webconnectivity_a5028ae4ab4a5f8f
http://www.monkey3.co.kr/,dns,https://explorer.ooni.org/m/20260309075350.164034_KR_webconnectivity_0f4512833e309c22
https://www.mozilla.org/,ok,https://explorer.ooni.org/m/20260309075352.858468_KR_webconnectivity_0f30f1a08640a86d
https://www.mp3.com/,error,https://explorer.ooni.org/m/20260309075416.799157_KR_webconnectivity_60137f7813de6fff
https://www.musixmatch.com/,ok,https://explorer.ooni.org/m/20260309075419.228956_KR_webconnectivity_9ac06b6de6fbcbbc
http://www.nato.int/,ok,https://explorer.ooni.org/m/20260309075421.795886_KR_webconnectivity_353a3b68671f2823
http://www.navy.mil/,ok,https://explorer.ooni.org/m/20260309075423.804920_KR_webconnectivity_303029de91d6df07
http://www.nkland.org/,ok,https://explorer.ooni.org/m/20260309075424.688699_KR_webconnectivity_3b30170362afb50d
https://www.nsa.gov/,ok,https://explorer.ooni.org/m/20260309075426.658462_KR_webconnectivity_884b96562f071533
http://www.nzeen.com/,ok,https://explorer.ooni.org/m/20260309075431.211144_KR_webconnectivity_3201f382eccc0e66
http://www.onekorea.org/,ok,https://explorer.ooni.org/m/20260309075433.972790_KR_webconnectivity_8a87b7201879bd24
http://www.onfile.co.kr/,ok,https://explorer.ooni.org/m/20260309075434.764866_KR_webconnectivity_f4a833f964c07a52
http://www.opec.org/,ok,https://explorer.ooni.org/m/20260309075438.405437_KR_webconnectivity_33a17c9e9d863314
http://www.openart.or.kr/,ok,https://explorer.ooni.org/m/20260309075443.138071_KR_webconnectivity_2f22606330070588
http://www.orangefile.com/,dns,https://explorer.ooni.org/m/20260309075446.515449_KR_webconnectivity_0e8326321df74457
https://www.osce.org/,ok,https://explorer.ooni.org/m/20260309075450.354606_KR_webconnectivity_a5b061d17ccce579
http://www.ournation-school.com/,confirmed,https://explorer.ooni.org/m/20260309075452.362445_KR_webconnectivity_6204324b35052e6c
https://www.overdrive.com/,ok,https://explorer.ooni.org/m/20260309075455.571639_KR_webconnectivity_573c669c86740f3e
http://www.pacom.mil/,ok,https://explorer.ooni.org/m/20260309075457.836351_KR_webconnectivity_5606a8812e2b593b
http://www.pic-international.com/,ok,https://explorer.ooni.org/m/20260309075459.403345_KR_webconnectivity_c7b8ec7a49675d77
http://www.pruna.com/,dns,https://explorer.ooni.org/m/20260309075502.532444_KR_webconnectivity_a497f191e9f7f909
http://www.quantico.marines.mil/,ok,https://explorer.ooni.org/m/20260309075505.023528_KR_webconnectivity_e65bcb8295b83744
https://www.researchgate.net/,ok,https://explorer.ooni.org/m/20260309075506.332889_KR_webconnectivity_661fcc135a4b8cc9
https://www.rollingstone.com/,dns,https://explorer.ooni.org/m/20260309075507.224592_KR_webconnectivity_223cdbe6103c46f8
http://www.ryongnamsan.edu.kp/,dns,https://explorer.ooni.org/m/20260309075511.905753_KR_webconnectivity_639bb6cd2bffb25b
http://www.schwarzreport.org/,ok,https://explorer.ooni.org/m/20260309075515.731046_KR_webconnectivity_ef0137bd7fe3ecc5
https://www.scribd.com/,ok,https://explorer.ooni.org/m/20260309075523.534644_KR_webconnectivity_b1f4cf5a67137c1a
http://www.sealswcc.com/,ok,https://explorer.ooni.org/m/20260309075530.234824_KR_webconnectivity_9ca3559d4443f063
https://www.shazam.com/,ok,https://explorer.ooni.org/m/20260309075533.072096_KR_webconnectivity_ef61c3b5d7df8a8e
http://www.silibank.com/,ok,https://explorer.ooni.org/m/20260309075534.588345_KR_webconnectivity_d8b1346226658226
http://www.slsknet.org/,ok,https://explorer.ooni.org/m/20260309075536.318386_KR_webconnectivity_24c63c3f6d7eb1ae
http://www.socom.mil/,tcp_ip,https://explorer.ooni.org/m/20260309075636.778734_KR_webconnectivity_661a15a2a924f6cb
http://www.songunpoliticsstudygroup.org/,dns,https://explorer.ooni.org/m/20260309075637.948873_KR_webconnectivity_0bd14452bc403498
http://www.soribada.com/,ok,https://explorer.ooni.org/m/20260309075641.668583_KR_webconnectivity_50ff0ae558ddbe76
http://www.southcom.mil/,ok,https://explorer.ooni.org/m/20260309075643.813122_KR_webconnectivity_970a1a39a4aab676
https://www.spotify.com/,ok,https://explorer.ooni.org/m/20260309075646.122194_KR_webconnectivity_372d5685f56f64ab
https://www.state.gov/,ok,https://explorer.ooni.org/m/20260309075649.288144_KR_webconnectivity_4b25b0e8955301cb
http://www.stratcom.mil/,ok,https://explorer.ooni.org/m/20260309075652.332968_KR_webconnectivity_004276394417e65b
http://www.syccr.com/,ok,https://explorer.ooni.org/m/20260309075656.883439_KR_webconnectivity_952a3ea76b089cfa
https://www.timeout.com/,ok,https://explorer.ooni.org/m/20260309075701.112229_KR_webconnectivity_33daa43d579c5009
http://www.tmz.com/,ok,https://explorer.ooni.org/m/20260309075704.687679_KR_webconnectivity_abf1ba10cb381b7a
https://www.un.int/,ok,https://explorer.ooni.org/m/20260309075710.589659_KR_webconnectivity_b042c5c73d863f34
https://www.un.org/,ok,https://explorer.ooni.org/m/20260309075713.452908_KR_webconnectivity_fe4987cd369c3c03
https://www.undp.org/,ok,https://explorer.ooni.org/m/20260309075715.691457_KR_webconnectivity_540a313ee35dc651
https://www.unwomen.org/,ok,https://explorer.ooni.org/m/20260309075718.370742_KR_webconnectivity_607c8e57871e9996
http://www.uriminzokkiri.com/,tcp_ip,https://explorer.ooni.org/m/20260309075804.391143_KR_webconnectivity_5a7520e53dde5ef9
http://www.usafa.af.mil/,ok,https://explorer.ooni.org/m/20260309075806.889348_KR_webconnectivity_e333d5794cfbc04e
http://www.uscg.mil/,ok,https://explorer.ooni.org/m/20260309075810.802507_KR_webconnectivity_9a3c4271d122c42f
https://www.ushmm.org/,ok,https://explorer.ooni.org/m/20260309075817.928286_KR_webconnectivity_6f4267d7af689228
https://www.utorrent.com/,ok,https://explorer.ooni.org/m/20260309075820.070156_KR_webconnectivity_67e29b663c802c28
http://www.vibe.com/,ok,https://explorer.ooni.org/m/20260309075823.270187_KR_webconnectivity_8ffe639f13447e4e
https://www.videolan.org/,ok,https://explorer.ooni.org/m/20260309075827.945912_KR_webconnectivity_a94dfc479a614751
https://www.wfp.org/,ok,https://explorer.ooni.org/m/20260309075832.797725_KR_webconnectivity_dc1d6b1bc008bf55
https://www.wikipedia.org/,ok,https://explorer.ooni.org/m/20260309075835.882993_KR_webconnectivity_ff8e53f9f4ae025b
https://www.wiktionary.org/,ok,https://explorer.ooni.org/m/20260309075839.407412_KR_webconnectivity_f0a6b5e90f2e22ed
http://www.worldcorea.net/,confirmed,https://explorer.ooni.org/m/20260309075841.807619_KR_webconnectivity_9ae7138a4904d834
https://www.xinjiang.gov.cn/,ok,https://explorer.ooni.org/m/20260309075844.956769_KR_webconnectivity_8cf75df48fa1b3ee
http://www.xxlmag.com/,ok,https://explorer.ooni.org/m/20260309075849.743384_KR_webconnectivity_dbea5bf0c0b487b9
https://www.zoho.com/,ok,https://explorer.ooni.org/m/20260309075853.084400_KR_webconnectivity_233ee1f8dc596667
https://x1337x.eu/,ok,https://explorer.ooni.org/m/20260309075854.558005_KR_webconnectivity_24faac524603eaec
http://yesfile.com/,dns,https://explorer.ooni.org/m/20260309075857.585993_KR_webconnectivity_ff883affe726bc2b
https://yts.lt/,dns,https://explorer.ooni.org/m/20260309075858.775998_KR_webconnectivity_f83f08f1e10842d7
https://yts.mx/,dns,https://explorer.ooni.org/m/20260309075859.508428_KR_webconnectivity_6a730886209bc9b1
https://z-lib.org/,error,https://explorer.ooni.org/m/20260309075903.142316_KR_webconnectivity_9945091ca9b14573
https://zh.wikipedia.org/,ok,https://explorer.ooni.org/m/20260309075906.329121_KR_webconnectivity_72f94d0115c9217d
https://adultfriendfinder.com/,dns,https://explorer.ooni.org/m/20260309075908.658264_KR_webconnectivity_eaf7f9b3e5aea43d
https://alqassam.ps/,dns,https://explorer.ooni.org/m/20260309075909.641211_KR_webconnectivity_4ffe86322f852683
https://alt.com/,dns,https://explorer.ooni.org/m/20260309075911.190813_KR_webconnectivity_807f1bb22a7a6df7
https://amphetamines.com/,ok,https://explorer.ooni.org/m/20260309075913.112978_KR_webconnectivity_c2eeb215077cfe5f
http://asiafriendfinder.com/,dns,https://explorer.ooni.org/m/20260309075915.720915_KR_webconnectivity_71c2453df16fd0d5
http://asiansmaster.com/,dns,https://explorer.ooni.org/m/20260309075917.028120_KR_webconnectivity_9df8bd380a1980ed
https://beeg.com/,dns,https://explorer.ooni.org/m/20260309075917.893318_KR_webconnectivity_20be818c824626fa
http://betasia.com/,dns,https://explorer.ooni.org/m/20260309075919.038512_KR_webconnectivity_2425a08a1b9f09d2
https://btggaming.com/,dns,https://explorer.ooni.org/m/20260309075921.551218_KR_webconnectivity_e70703b3e3d86417
http://cafe.daum.net/amc21,ok,https://explorer.ooni.org/m/20260309075924.238435_KR_webconnectivity_26db4e159dfc9195
http://cafe.daum.net/dacultureNO,ok,https://explorer.ooni.org/m/20260309075926.959792_KR_webconnectivity_39a40c21594f251a
http://cafe.naver.com/mansdotcom,ok,https://explorer.ooni.org/m/20260309075929.982956_KR_webconnectivity_6d7ffd0cdb981664
http://cafe.naver.com/rtbnmm/,ok,https://explorer.ooni.org/m/20260309075935.317026_KR_webconnectivity_dff0dfefa482190f
http://creamasia.com/,dns,https://explorer.ooni.org/m/20260309075936.999942_KR_webconnectivity_a95b7ce585819dad
https://dailystormer.in/,dns,https://explorer.ooni.org/m/20260309075937.852450_KR_webconnectivity_f45723a55186f605
https://drugs-forum.com/,dns,https://explorer.ooni.org/m/20260309075938.968740_KR_webconnectivity_7f7872bff696c11b
https://eln-voces.net/,ok,https://explorer.ooni.org/m/20260309075944.105227_KR_webconnectivity_88ff4077a2437c55
https://europedatingonline.com/,dns,https://explorer.ooni.org/m/20260309075945.009467_KR_webconnectivity_3309e740c2063466
https://forum.grasscity.com/,dns,https://explorer.ooni.org/m/20260309075946.513390_KR_webconnectivity_cab498b1d8873a8b
https://friendfinder.com/,dns,https://explorer.ooni.org/m/20260309075948.268929_KR_webconnectivity_8cbfa66ec3d46986
https://godhatesfags.com/,dns,https://explorer.ooni.org/m/20260309075949.155421_KR_webconnectivity_127b8501f3358405
https://heroin.org/,dns,https://explorer.ooni.org/m/20260309075950.003106_KR_webconnectivity_ed1d9e9dc6930bab
https://hightimes.com/,dns,https://explorer.ooni.org/m/20260309075951.753058_KR_webconnectivity_4fe53a398aef044d
https://hitomi.la/,dns,https://explorer.ooni.org/m/20260309075952.886865_KR_webconnectivity_1b8de7788add93ff
http://hotgaylist.com/,dns,https://explorer.ooni.org/m/20260309075953.757608_KR_webconnectivity_e0d19e6a2f6091c6
https://howtogrowmarijuana.com/,dns,https://explorer.ooni.org/m/20260309075955.349315_KR_webconnectivity_90663df6b6b67de8
https://hustler.com/,dns,https://explorer.ooni.org/m/20260309075956.287619_KR_webconnectivity_e6900f0143883b38
http://indianfriendfinder.com/,dns,https://explorer.ooni.org/m/20260309075958.096880_KR_webconnectivity_cb383a39f084a247
https://kiwifarms.net/,dns,https://explorer.ooni.org/m/20260309080014.259598_KR_webconnectivity_6c553a3054df5728
http://koreanfriendfinder.com/,dns,https://explorer.ooni.org/m/20260309080018.935928_KR_webconnectivity_933c853b43545ed4
http://makemodel.net/,ok,https://explorer.ooni.org/m/20260309080024.515247_KR_webconnectivity_0610948ad6091eba
https://maps.org/,ok,https://explorer.ooni.org/m/20260309080026.691469_KR_webconnectivity_f2d9a872502be014
http://mingky.org/,dns,https://explorer.ooni.org/m/20260309080028.934219_KR_webconnectivity_df9f910c55adecdf
http://ndfsk.dyndns.org/,ok,https://explorer.ooni.org/m/20260309080029.828300_KR_webconnectivity_58b8700b5ab847f3
http://ndfsk.dyndns.org/kuguk8/Title1.htm,ok,https://explorer.ooni.org/m/20260309080030.598986_KR_webconnectivity_f139dc5249ae89f1
https://norml.org/,dns,https://explorer.ooni.org/m/20260309080034.445672_KR_webconnectivity_a5dea161850abed9
https://nsdapao.info/,dns,https://explorer.ooni.org/m/20260309080050.477041_KR_webconnectivity_d1937321fb194ba5
http://onlybingo.com/,dns,https://explorer.ooni.org/m/20260309080106.337851_KR_webconnectivity_4a32e3132e09b598
https://onlyfans.com/,dns,https://explorer.ooni.org/m/20260309080107.069792_KR_webconnectivity_e763097919600d20
https://panties.com/,dns,https://explorer.ooni.org/m/20260309080108.626001_KR_webconnectivity_33c06260966859e9
http://sexkorea.net/,dns,https://explorer.ooni.org/m/20260309080113.982427_KR_webconnectivity_5ceaf741178f1b53
http://streetmeatasia.com/,dns,https://explorer.ooni.org/m/20260309080118.375686_KR_webconnectivity_5213158c587fdd0b
http://thaigirls.net/,dns,https://explorer.ooni.org/m/20260309080120.074398_KR_webconnectivity_0af108e589afc655
https://trashy.com/,dns,https://explorer.ooni.org/m/20260309080121.019234_KR_webconnectivity_d259ef926e316061
https://uk.match.com/,dns,https://explorer.ooni.org/m/20260309080122.005934_KR_webconnectivity_27bdddc0cd866d28
http://user.chollian.net/,dns,https://explorer.ooni.org/m/20260309080124.121803_KR_webconnectivity_8cdf4de64e2d367d
http://user.chollian.net/~yesooj/mincho/deama.htm,dns,https://explorer.ooni.org/m/20260309080126.616067_KR_webconnectivity_07d92d02466dd419
http://via89.kr/,ok,https://explorer.ooni.org/m/20260309080127.839220_KR_webconnectivity_bf66ce23ade7b108
http://video.fc2.com/ko/a/,dns,https://explorer.ooni.org/m/20260309080129.950690_KR_webconnectivity_aab93e9e501aa8b9
https://weedmaps.com/,dns,https://explorer.ooni.org/m/20260309080131.036873_KR_webconnectivity_23b8a23cdd4a186a
https://worldsingles.com/,dns,https://explorer.ooni.org/m/20260309080132.059329_KR_webconnectivity_afd90619604f5913
https://www.3wishes.com/,dns,https://explorer.ooni.org/m/20260309080132.932467_KR_webconnectivity_08d85933221c224c
http://www.4online-gambling.com/,dns,https://explorer.ooni.org/m/20260309080134.269069_KR_webconnectivity_116ff9de64df9ef4
http://www.888casino.com/,dns,https://explorer.ooni.org/m/20260309080135.160079_KR_webconnectivity_f1e06eb39c0e84df
http://www.88square.com/,dns,https://explorer.ooni.org/m/20260309080150.951430_KR_webconnectivity_85b868e89557d1d0
http://www.abcunderwear.com/,dns,https://explorer.ooni.org/m/20260309080152.189276_KR_webconnectivity_e39c886040e6b67b
http://www.absinth.com/,ok,https://explorer.ooni.org/m/20260309080154.906647_KR_webconnectivity_3b7915b706008796
http://www.absolut.com/,ok,https://explorer.ooni.org/m/20260309080156.636339_KR_webconnectivity_56378abe73c6a4a8
https://www.agentprovocateur.com/,dns,https://explorer.ooni.org/m/20260309080157.459733_KR_webconnectivity_fe4ca0814f1322d4
https://www.americannaziparty.com/,ok,https://explorer.ooni.org/m/20260309080159.616276_KR_webconnectivity_f5c3f626bf0aac1c
https://www.ariannelingerie.com/,dns,https://explorer.ooni.org/m/20260309080200.983776_KR_webconnectivity_8e1e68a108727acf
https://www.ashleymadison.com/,dns,https://explorer.ooni.org/m/20260309080202.136104_KR_webconnectivity_98885f63e4f1bc5d
http://www.asiabynight.com/,dns,https://explorer.ooni.org/m/20260309080218.182676_KR_webconnectivity_0b295a2d2296cb6f
http://www.asiangirlsnextdoor.com/,dns,https://explorer.ooni.org/m/20260309080219.181952_KR_webconnectivity_76245bfcc88a38b2
http://www.asianthumbs.org/,dns,https://explorer.ooni.org/m/20260309080221.301770_KR_webconnectivity_d28124de40fad147
https://www.bacardi.com/,ok,https://explorer.ooni.org/m/20260309080225.508519_KR_webconnectivity_495ad9fcfb45b5dc
http://www.bangkokstreetwhores.com/,dns,https://explorer.ooni.org/m/20260309080227.462273_KR_webconnectivity_72c6c2d981a863c0
http://www.barmeister.com/,ok,https://explorer.ooni.org/m/20260309080228.432314_KR_webconnectivity_d6edf54ae9c04aef
https://www.bat.com/,ok,https://explorer.ooni.org/m/20260309080231.451825_KR_webconnectivity_92082db750ba65cc
http://www.beer.com/,ok,https://explorer.ooni.org/m/20260309080236.463207_KR_webconnectivity_a824f3024e66b443
https://www.beerinfo.com/,ok,https://explorer.ooni.org/m/20260309080241.114629_KR_webconnectivity_32822f54dec7ae84
http://www.betfair.com/,dns,https://explorer.ooni.org/m/20260309080242.017575_KR_webconnectivity_5a5fd41473b882de
http://www.bglad.com/,dns,https://explorer.ooni.org/m/20260309080245.166530_KR_webconnectivity_ea5a29ec465c44d5
http://www.blackjackinfo.com/,dns,https://explorer.ooni.org/m/20260309080247.626429_KR_webconnectivity_8d14a9fa8dabf171
https://www.blueskyswimwear.com/,dns,https://explorer.ooni.org/m/20260309080248.950771_KR_webconnectivity_4aedb2f4a5228bb9
http://www.budweiser.com/,ok,https://explorer.ooni.org/m/20260309080254.566500_KR_webconnectivity_774c9ab679511546
https://www.bravoporn.com/,dns,https://explorer.ooni.org/m/20260309080249.865406_KR_webconnectivity_45aae53fa631710b
https://www.buydutchseeds.com/,dns,https://explorer.ooni.org/m/20260309080255.501263_KR_webconnectivity_50bc0d4832c5b136
https://www.cannaweed.com/,dns,https://explorer.ooni.org/m/20260309080256.357773_KR_webconnectivity_11d8fc994630d58a
https://www.casino.com/,dns,https://explorer.ooni.org/m/20260309080257.647484_KR_webconnectivity_ac86e667eae2defa
http://www.casinotropez.com/,dns,https://explorer.ooni.org/m/20260309080258.826716_KR_webconnectivity_55ea455b99f940d1
http://www.chantelle.com/,dns,https://explorer.ooni.org/m/20260309080259.988583_KR_webconnectivity_6594e9d690bd10e0
https://www.churchofeuthanasia.org/,dns,https://explorer.ooni.org/m/20260309080301.894936_KR_webconnectivity_27aa04546b3e2389
http://www.columbus25.com/,ok,https://explorer.ooni.org/m/20260309080302.695886_KR_webconnectivity_3db8d281b21f7c8b
http://www.coquette.com/,dns,https://explorer.ooni.org/m/20260309080303.806828_KR_webconnectivity_c130efea6394316b
http://www.date.com/,dns,https://explorer.ooni.org/m/20260309080305.804343_KR_webconnectivity_3462493f0c8b76b5
http://www.dateinasia.com/,dns,https://explorer.ooni.org/m/20260309080306.690435_KR_webconnectivity_2ab54ab89f031daf
https://www.dating.com/,dns,https://explorer.ooni.org/m/20260309080307.682486_KR_webconnectivity_72b8f626e4f406c6
http://www.dekaron.co.kr/,dns,https://explorer.ooni.org/m/20260309080312.020272_KR_webconnectivity_46ad9b693cedb4bf
http://www.delicates.co.uk/,ok,https://explorer.ooni.org/m/20260309080319.351533_KR_webconnectivity_e47959114849ff44
https://www.dextroverse.org/,ok,https://explorer.ooni.org/m/20260309080355.659115_KR_webconnectivity_ddd259e92b418bbc
https://www.drugsdata.org/,dns,https://explorer.ooni.org/m/20260309080359.028009_KR_webconnectivity_1bd26f22fcbd2779
http://www.drugsense.org/,tcp_ip,https://explorer.ooni.org/m/20260309080448.778400_KR_webconnectivity_c91b4dd972617698
http://www.dsnet.co.kr/,ok,https://explorer.ooni.org/m/20260309080504.643703_KR_webconnectivity_c51f053e5cb410f3
https://www.eharmony.com/,dns,https://explorer.ooni.org/m/20260309080505.929430_KR_webconnectivity_6604eb89a5732ed3
https://www.erowid.org/,tcp_ip,https://explorer.ooni.org/m/20260309080543.691443_KR_webconnectivity_fc0f1c4490b0dbaa
http://www.exploitedteensasia.com/,dns,https://explorer.ooni.org/m/20260309080546.887292_KR_webconnectivity_6805d5df2469ab2d
http://www.forbiddenasian.com/,dns,https://explorer.ooni.org/m/20260309080549.274573_KR_webconnectivity_2c99bc6f2dcb8757
http://www.freshpair.com/,dns,https://explorer.ooni.org/m/20260309080550.227328_KR_webconnectivity_07a38abd146b92a6
http://www.fuckingfreemovies.com/,dns,https://explorer.ooni.org/m/20260309080552.089858_KR_webconnectivity_8872f09a3fa5c05e
https://www.gambling.com/,dns,https://explorer.ooni.org/m/20260309080553.104225_KR_webconnectivity_fe05f60a11a7139c
http://www.gamemeca.com/,dns,https://explorer.ooni.org/m/20260309080556.413014_KR_webconnectivity_5c29df7b02ce0475
http://www.gamespot.co.kr/,dns,https://explorer.ooni.org/m/20260309080600.204988_KR_webconnectivity_cfd228bbdd361282
http://www.gayapatal.com/,dns,https://explorer.ooni.org/m/20260309080602.134081_KR_webconnectivity_e987828d053f3d7c
http://www.gayasianamateurs.com/,dns,https://explorer.ooni.org/m/20260309080603.223350_KR_webconnectivity_e1933d0d201fb904
http://www.globalfire.tv/,ok,https://explorer.ooni.org/m/20260309080606.169287_KR_webconnectivity_79397f86d2af818f
https://www.goldenpalace.com/,dns,https://explorer.ooni.org/m/20260309080607.577419_KR_webconnectivity_705efa91591226ff
http://www.goldenrivieracasino.com/,dns,https://explorer.ooni.org/m/20260309080608.901681_KR_webconnectivity_b1d784980d16380a
http://www.gotgayporn.com/,dns,https://explorer.ooni.org/m/20260309080609.916011_KR_webconnectivity_9c0b2e575b53f81f
http://www.hanes.com/,ok,https://explorer.ooni.org/m/20260309080611.811785_KR_webconnectivity_2f64d2af2bae6c22
https://www.happn.com/,dns,https://explorer.ooni.org/m/20260309080612.639342_KR_webconnectivity_faf298eff2df3dd4
http://www.hiliq.net/,ok,https://explorer.ooni.org/m/20260309080619.699163_KR_webconnectivity_51ac40bd6e42c0f9
http://www.i-um.com/,dns,https://explorer.ooni.org/m/20260309080621.123803_KR_webconnectivity_c797053f9c85810e
http://www.ilbe.com/,dns,https://explorer.ooni.org/m/20260309080623.365385_KR_webconnectivity_dd286d696792ab36
http://www.indianporngirls.com/,dns,https://explorer.ooni.org/m/20260309080625.441289_KR_webconnectivity_9637e4acdf747c10
https://www.ipair.com/,dns,https://explorer.ooni.org/m/20260309080626.885887_KR_webconnectivity_4474705de5217885
http://www.jackdaniels.com/,ok,https://explorer.ooni.org/m/20260309080629.432881_KR_webconnectivity_1ee4b29b88f65d61
https://www.jackpotcitycasino1.com/,dns,https://explorer.ooni.org/m/20260309080631.261769_KR_webconnectivity_5b02410d05319dd1
https://www.jdate.com/,dns,https://explorer.ooni.org/m/20260309080632.267050_KR_webconnectivity_b37038876cb5295c
http://www.joyhunting.com/,dns,https://explorer.ooni.org/m/20260309080648.351021_KR_webconnectivity_74ea575b8f11b63c
http://www.jupae.com/,ok,https://explorer.ooni.org/m/20260309080705.448528_KR_webconnectivity_752012dda741e78c
http://www.koreancupid.com/,dns,https://explorer.ooni.org/m/20260309080706.779150_KR_webconnectivity_173f744ef224b871
http://www.lasenza.com/,dns,https://explorer.ooni.org/m/20260309080707.969403_KR_webconnectivity_f9d13935d81aa176
http://www.lesbiansubmission.com/,dns,https://explorer.ooni.org/m/20260309080710.599475_KR_webconnectivity_19ba631ac7ea139f
http://www.lineage.co.kr/,dns,https://explorer.ooni.org/m/20260309080713.952852_KR_webconnectivity_c0aedb343166d064
https://www.lovoo.com/,dns,https://explorer.ooni.org/m/20260309080714.856508_KR_webconnectivity_6c318ca98fc89c60
http://www.luckynugget.com/,dns,https://explorer.ooni.org/m/20260309080716.593905_KR_webconnectivity_04cef4853aa2dac5
http://www.marijuanatravels.com/,dns,https://explorer.ooni.org/m/20260309080732.487897_KR_webconnectivity_9b2870bee2b7ca34
https://www.match.com/,dns,https://explorer.ooni.org/m/20260309080733.521420_KR_webconnectivity_488b20d2a0f4c38a
http://www.mgame.com/,dns,https://explorer.ooni.org/m/20260309080735.538082_KR_webconnectivity_9dd7dbbfc608ec5b
http://www.moderndrunkardmagazine.com/,ok,https://explorer.ooni.org/m/20260309080753.129189_KR_webconnectivity_fe24990c4ed1cdcb
http://www.monacogoldcasino.com/,dns,https://explorer.ooni.org/m/20260309080754.109128_KR_webconnectivity_544b2f897be1de1f
http://www.mrchewsasianbeaver.com/,dns,https://explorer.ooni.org/m/20260309080810.021977_KR_webconnectivity_e91649d4a9f0f100
http://www.neonjoint.com/,dns,https://explorer.ooni.org/m/20260309080811.419368_KR_webconnectivity_a9f5e19f42de4a13
https://www.okcupid.com/,dns,https://explorer.ooni.org/m/20260309080812.495697_KR_webconnectivity_34370f39db676f1e
http://www.online-dating.org/,dns,https://explorer.ooni.org/m/20260309080813.523096_KR_webconnectivity_735db7a70e846aef
https://www.onlinegambling.com/,dns,https://explorer.ooni.org/m/20260309080816.060140_KR_webconnectivity_a173d2b3d7fc1a68
http://www.originalelf.com/,error,https://explorer.ooni.org/m/20260309080820.404808_KR_webconnectivity_013b71d72f602d20
http://www.partypoker.com/,dns,https://explorer.ooni.org/m/20260309080821.289842_KR_webconnectivity_49ba6e2698c1669b
https://www.partypoker.net/,dns,https://explorer.ooni.org/m/20260309080822.392109_KR_webconnectivity_1f6e268c8cc327e5
https://www.playboy.com/,dns,https://explorer.ooni.org/m/20260309080823.553334_KR_webconnectivity_fb545c6f97026053
https://www.pmi.com/,ok,https://explorer.ooni.org/m/20260309080826.626828_KR_webconnectivity_3cdbf0b4ea9441e2
http://www.pof.com/,dns,https://explorer.ooni.org/m/20260309080827.753516_KR_webconnectivity_5adf0ac3096efba7
http://www.poker.com/,dns,https://explorer.ooni.org/m/20260309080828.744545_KR_webconnectivity_09d26f9194ad3b74
http://www.pokerstars.com/,dns,https://explorer.ooni.org/m/20260309080830.009932_KR_webconnectivity_596bc373b1d8f8f6
https://www.pornhub.com/,dns,https://explorer.ooni.org/m/20260309080831.002459_KR_webconnectivity_c650cb4c71003133
http://www.ranking.co.kr/,dns,https://explorer.ooni.org/m/20260309080850.024195_KR_webconnectivity_516939edea406e8f
http://www.realbeer.com/,ok,https://explorer.ooni.org/m/20260309080851.966205_KR_webconnectivity_3a13f9793cb49ea6
http://www.ricefever.com/,dns,https://explorer.ooni.org/m/20260309080853.228194_KR_webconnectivity_f2b924f05c2b056d
http://www.riverbelle.com/,dns,https://explorer.ooni.org/m/20260309080854.650061_KR_webconnectivity_2868c0818625eb3d
http://www.rollitup.org/,dns,https://explorer.ooni.org/m/20260309080855.713137_KR_webconnectivity_16d754e3f95fdda8
http://www.royalvegas-casino-kr.com/,dns,https://explorer.ooni.org/m/20260309080859.522935_KR_webconnectivity_e1f67d055b21e996
http://www.royalvegas.com/,dns,https://explorer.ooni.org/m/20260309080900.938600_KR_webconnectivity_f49fb328ec6553f4
http://www.rxmarijuana.com/,dns,https://explorer.ooni.org/m/20260309080902.597191_KR_webconnectivity_d68dfcca3885d04c
http://www.satp.org/,ok,https://explorer.ooni.org/m/20260309080906.315842_KR_webconnectivity_bc8a74caf6fa831d
http://www.sex.com/,dns,https://explorer.ooni.org/m/20260309080907.215982_KR_webconnectivity_e53f98c4624d1a50
https://www.shroomery.org/,dns,https://explorer.ooni.org/m/20260309080908.079376_KR_webconnectivity_ada450464a4dce51
http://www.slotland.com/,dns,https://explorer.ooni.org/m/20260309080909.372708_KR_webconnectivity_0bc3f70281b3096c
http://www.soramall.kr/,dns,https://explorer.ooni.org/m/20260309080911.396396_KR_webconnectivity_3a9398858d673282
https://www.spark.com/,dns,https://explorer.ooni.org/m/20260309080912.467971_KR_webconnectivity_ffc1f148e6ab8480
http://www.speeddater.co.uk/,ok,https://explorer.ooni.org/m/20260309080915.067074_KR_webconnectivity_40d233c2f24f01ae
http://www.spinpalace.com/,dns,https://explorer.ooni.org/m/20260309080916.701469_KR_webconnectivity_1bba0566cffd044e
http://www.sportingbet.com/,dns,https://explorer.ooni.org/m/20260309080917.804625_KR_webconnectivity_9c5f3addb5332ad5
http://www.sportsinteraction.com/,dns,https://explorer.ooni.org/m/20260309080918.670320_KR_webconnectivity_a3352453ddf8f35e
http://www.taima.org/,dns,https://explorer.ooni.org/m/20260309080919.464893_KR_webconnectivity_35509959f5c50c77
http://www.thaichix.com/,dns,https://explorer.ooni.org/m/20260309080920.576676_KR_webconnectivity_fa84626b4fcda1ed
http://www.thaicuties.com/,dns,https://explorer.ooni.org/m/20260309080922.009720_KR_webconnectivity_ca5b424185e02963
http://www.thegooddrugsguide.com/,dns,https://explorer.ooni.org/m/20260309080923.149756_KR_webconnectivity_cd2a13a665673675
http://www.tobacco.org/,ok,https://explorer.ooni.org/m/20260309080925.082422_KR_webconnectivity_2fbd4e0a2cc88a09
http://www.topdrawers.com/,dns,https://explorer.ooni.org/m/20260309080926.466431_KR_webconnectivity_9f10695d82f8bf3d
http://www.vanguardnewsnetwork.com/,ok,https://explorer.ooni.org/m/20260309080931.034516_KR_webconnectivity_7a62d16ef724b594
http://www.venus.com/,dns,https://explorer.ooni.org/m/20260309080932.017498_KR_webconnectivity_60023b6645ce9a9c
https://www.victoriassecret.com/,dns,https://explorer.ooni.org/m/20260309080933.526479_KR_webconnectivity_abff09de3b7a34f0
http://www.wegames.net/,dns,https://explorer.ooni.org/m/20260309080935.349087_KR_webconnectivity_bf875b2d381ae3e0
http://www.winespectator.com/,ok,https://explorer.ooni.org/m/20260309080938.187152_KR_webconnectivity_cb9f2e3c84b98201
https://www.xnxx.com/,dns,https://explorer.ooni.org/m/20260309080939.232469_KR_webconnectivity_605ba29c48d96c36
http://www.xvideos.com/,dns,https://explorer.ooni.org/m/20260309080940.301013_KR_webconnectivity_1b86521b1147ed2c
https://www.xvideos.com/,dns,https://explorer.ooni.org/m/20260309080941.378915_KR_webconnectivity_63e463f85c252e7e
https://www.youporn.com/,dns,https://explorer.ooni.org/m/20260309080942.655688_KR_webconnectivity_dbce9d1b082f8733
https://xhamster.com/,dns,https://explorer.ooni.org/m/20260309080943.930543_KR_webconnectivity_7ba3e6fdf3294785
http://ywoos.com/,dns,https://explorer.ooni.org/m/20260309080959.654656_KR_webconnectivity_536afec08105103e
http://adb.org/,ok,https://explorer.ooni.org/m/20260309081005.355014_KR_webconnectivity_2fb83f965c9499de
https://albiononline.com/,dns,https://explorer.ooni.org/m/20260309081006.159139_KR_webconnectivity_639fca368449bef1
https://alignpay.com/,dns,https://explorer.ooni.org/m/20260309081022.101980_KR_webconnectivity_3a1a9f0d53d8324c
https://api.revenuecat.com/,ok,https://explorer.ooni.org/m/20260309081026.037571_KR_webconnectivity_2682b54d8349433f
https://apis.google.com/robots.txt,ok,https://explorer.ooni.org/m/20260309081030.158281_KR_webconnectivity_feb7d223f63b0fe8
http://archive.ubuntu.com/,ok,https://explorer.ooni.org/m/20260309081047.894379_KR_webconnectivity_7bbf800000bc562f
https://astalavista.box.sk/,dns,https://explorer.ooni.org/m/20260309081049.297453_KR_webconnectivity_70187bcbda22f4d7
https://attrition.org/,ok,https://explorer.ooni.org/m/20260309081055.169675_KR_webconnectivity_4e95c04a87db9657
https://beacondb.net/,ok,https://explorer.ooni.org/m/20260309081058.259084_KR_webconnectivity_9b715dadc6c997fc
https://bitcoin.org/,dns,https://explorer.ooni.org/m/20260309081059.463108_KR_webconnectivity_902a07e0ee6eafa4
https://bitcoin.sipa.be/,dns,https://explorer.ooni.org/m/20260309081100.572738_KR_webconnectivity_a82570387f5af2f1
https://blockdx.co/,error,https://explorer.ooni.org/m/20260309081102.559331_KR_webconnectivity_73ec31bbb33c3678
https://blog.counter-strike.net/,dns,https://explorer.ooni.org/m/20260309081103.353988_KR_webconnectivity_e03ec2d3242ecb75
https://blog.mozilla.org/,ok,https://explorer.ooni.org/m/20260309081106.756336_KR_webconnectivity_767b15bc0f906a18
https://bogus.d2a8n1.rootcanary.net/,ok,https://explorer.ooni.org/m/20260309081110.501862_KR_webconnectivity_41bb52f6f9e6ae3d
https://brave.com/,ok,https://explorer.ooni.org/m/20260309081113.874819_KR_webconnectivity_4105449cf2d720d6
https://bughunters.google.com/,ok,https://explorer.ooni.org/m/20260309081116.426553_KR_webconnectivity_07c09267f04abc63
https://cdnjs.com/,ok,https://explorer.ooni.org/m/20260309081119.556189_KR_webconnectivity_a5139ad2b6a8c915
http://clients3.google.com/generate_204,ok,https://explorer.ooni.org/m/20260309081120.966963_KR_webconnectivity_162d228cc4cbf54a
https://clients5.google.com/robots.txt,ok,https://explorer.ooni.org/m/20260309081123.034772_KR_webconnectivity_4f48c9e58a8d7639
https://coinmarketcap.com/,dns,https://explorer.ooni.org/m/20260309081123.778505_KR_webconnectivity_f3acb58e0eec0ac6
https://company.wizards.com/,dns,https://explorer.ooni.org/m/20260309081124.875027_KR_webconnectivity_220ce91653df5bf5
http://connect.rom.miui.com/generate_204,ok,https://explorer.ooni.org/m/20260309081128.942198_KR_webconnectivity_990af396e259c09b
http://connectivitycheck.android.com/generate_204,ok,https://explorer.ooni.org/m/20260309081130.510724_KR_webconnectivity_a7b2ef983a371d38
http://connectivitycheck.gstatic.com/generate_204,ok,https://explorer.ooni.org/m/20260309081131.974511_KR_webconnectivity_2efd8d6c0f7f60db
https://cultdeadcow.com/,dns,https://explorer.ooni.org/m/20260309081133.387360_KR_webconnectivity_f285497c39fc6fa6
https://dashjr.org/,dns,https://explorer.ooni.org/m/20260309081134.968959_KR_webconnectivity_1cc35cb005c015e7
https://defcon.org/,ok,https://explorer.ooni.org/m/20260309081140.864790_KR_webconnectivity_849bf5d2645ac9bf
http://detectportal.firefox.com/success.txt,ok,https://explorer.ooni.org/m/20260309081141.771107_KR_webconnectivity_b5f8c9ef1fdf5d83
https://dnsleaktest.com/,dns,https://explorer.ooni.org/m/20260309081143.331184_KR_webconnectivity_673a082105c974bc
https://dnsviz.net/,ok,https://explorer.ooni.org/m/20260309081146.193822_KR_webconnectivity_1415d9240f91b42f
https://doubleclick.net/,ok,https://explorer.ooni.org/m/20260309081149.627474_KR_webconnectivity_682317eb1acb53ce
https://earth.google.com/web/,ok,https://explorer.ooni.org/m/20260309081152.298411_KR_webconnectivity_2dd1418fc58b006e
https://electrum.org/,dns,https://explorer.ooni.org/m/20260309081153.127321_KR_webconnectivity_ea439892a3bebffd
https://en.miui.com/,ok,https://explorer.ooni.org/m/20260309081201.052370_KR_webconnectivity_00ba02f5a620fc81
https://epicgames.com/,dns,https://explorer.ooni.org/m/20260309081202.365308_KR_webconnectivity_46102630d7f83b58
https://etherscan.io/,dns,https://explorer.ooni.org/m/20260309081203.163093_KR_webconnectivity_345c1026137ba39a
https://fedoramagazine.org/,ok,https://explorer.ooni.org/m/20260309081207.031158_KR_webconnectivity_e2a08a8c0d991ece
https://gamersclub.gg/,dns,https://explorer.ooni.org/m/20260309081207.827775_KR_webconnectivity_78f50fe2033b7099
https://giganews.com/,dns,https://explorer.ooni.org/m/20260309081209.072170_KR_webconnectivity_ccf8717062d56359
http://gmarket.co.kr/,ok,https://explorer.ooni.org/m/20260309081211.232504_KR_webconnectivity_66e1126e3aab008d
https://hodlhodl.com/,ok,https://explorer.ooni.org/m/20260309081214.957098_KR_webconnectivity_d569f5be2d140f92
https://insecure.org/,ok,https://explorer.ooni.org/m/20260309081219.582781_KR_webconnectivity_5332717d9630b91d
https://kh.google.com/rt/earth/PlanetoidMetadata,ok,https://explorer.ooni.org/m/20260309081222.048821_KR_webconnectivity_0a5ddc587ae9f8cf
https://khms0.google.com/kh/v=908?x=81&y=103&z=8,ok,https://explorer.ooni.org/m/20260309081224.174665_KR_webconnectivity_952a6ebf816892db
https://khms1.google.com/kh/v=908?x=327&y=414&z=10,ok,https://explorer.ooni.org/m/20260309081226.240503_KR_webconnectivity_9e8c2884a942ec06
http://knic.com.kp/,dns,https://explorer.ooni.org/m/20260309081230.138178_KR_webconnectivity_7e8034080a20dd85
https://krunker.io/,dns,https://explorer.ooni.org/m/20260309081231.352238_KR_webconnectivity_227439bce259cd38
https://localmonero.co/,ok,https://explorer.ooni.org/m/20260309081235.943037_KR_webconnectivity_c2da44a6e4dc19f9
https://maps.gstatic.com/tactile/basepage/grid-image.png,ok,https://explorer.ooni.org/m/20260309081237.968832_KR_webconnectivity_a9a496ae0217cefe
https://matcha.xyz/,dns,https://explorer.ooni.org/m/20260309081238.854667_KR_webconnectivity_23316a8a29ab3897
https://metasploit.com/,ok,https://explorer.ooni.org/m/20260309081242.020373_KR_webconnectivity_a3e814a4f4243d3e
https://moodle.org/,ok,https://explorer.ooni.org/m/20260309081247.088128_KR_webconnectivity_9a93514ef600814d
https://nemtudo.me/,dns,https://explorer.ooni.org/m/20260309081248.011047_KR_webconnectivity_9b6a39915d43b66e
http://networkcheck.kde.org/,ok,https://explorer.ooni.org/m/20260309081249.286850_KR_webconnectivity_80986c49f42e279b
https://nmap.org/,ok,https://explorer.ooni.org/m/20260309081254.009391_KR_webconnectivity_8f4c1472d88ea1cb
http://nmcheck.gnome.org/check_network_status.txt,ok,https://explorer.ooni.org/m/20260309081255.207280_KR_webconnectivity_50f3cde284fafc74
https://o0.ingest.sentry.io/api/0,ok,https://explorer.ooni.org/m/20260309081256.509053_KR_webconnectivity_1b446de9eb026c5c
http://opportunity.org/,ok,https://explorer.ooni.org/m/20260309081301.153805_KR_webconnectivity_da102ee750b1d8cf
https://packetstormsecurity.com/,ok,https://explorer.ooni.org/m/20260309081306.816603_KR_webconnectivity_ae2e55f94fd5b510
http://phrack.org/,dns,https://explorer.ooni.org/m/20260309081308.204928_KR_webconnectivity_6fd757261b8946c4
http://ping.archlinux.org/,ok,https://explorer.ooni.org/m/20260309081310.048929_KR_webconnectivity_7e26a7d6d7cccaf3
https://plan-uk.org/,ok,https://explorer.ooni.org/m/20260309081315.036770_KR_webconnectivity_ef35b80657e7cb3a
https://poki.com/,dns,https://explorer.ooni.org/m/20260309081315.910590_KR_webconnectivity_59c65b69ac5db2ec
https://repo1.maven.org/,ok,https://explorer.ooni.org/m/20260309081317.874801_KR_webconnectivity_7f2c66abfb3880d8
https://root-key-sentinel-is-ta-20326.d2a8n3.rootcanary.net/,ok,https://explorer.ooni.org/m/20260309081321.874632_KR_webconnectivity_6ee1c2d5958a8bfd
https://root-key-sentinel-is-ta-38696.d2a8n3.rootcanary.net/,ok,https://explorer.ooni.org/m/20260309081325.521319_KR_webconnectivity_f42b4226d20556e9
https://root-key-sentinel-not-ta-20326.d2a8n3.rootcanary.net/,ok,https://explorer.ooni.org/m/20260309081329.353878_KR_webconnectivity_44f4ac7e6e785da2
https://root-key-sentinel-not-ta-38696.d2a8n3.rootcanary.net/,ok,https://explorer.ooni.org/m/20260309081332.921619_KR_webconnectivity_e8174f865131b3e5
https://s3.amazonaws.com/ooni-data/archives-raw/yaml_tar_vault.json,ok,https://explorer.ooni.org/m/20260309081339.252611_KR_webconnectivity_169c09b5d0f51f42
https://seclists.org/,ok,https://explorer.ooni.org/m/20260309081344.152578_KR_webconnectivity_72f329466ddd366d
https://sentry.io/api/0/,ok,https://explorer.ooni.org/m/20260309081345.431751_KR_webconnectivity_c1ceb522299c698f
https://sourceforge.net/projects/loic/,ok,https://explorer.ooni.org/m/20260309081348.768679_KR_webconnectivity_6f8bcf357f832fba
http://start.ubuntu.com/connectivity-check.html,ok,https://explorer.ooni.org/m/20260309081351.111928_KR_webconnectivity_c933f86d737a5d9f
https://store.epicgames.com/,dns,https://explorer.ooni.org/m/20260309081352.023073_KR_webconnectivity_f54927d5d55f6033
https://store.steampowered.com/,dns,https://explorer.ooni.org/m/20260309081353.219646_KR_webconnectivity_0ec828018e18d7a4
https://swift.org/,ok,https://explorer.ooni.org/m/20260309081355.243238_KR_webconnectivity_6f3d456ca9d2002e
https://thehackernews.com/,ok,https://explorer.ooni.org/m/20260309081357.467393_KR_webconnectivity_8ff3f787e0b5d146
https://tigerweb.ru/,ok,https://explorer.ooni.org/m/20260309081402.289305_KR_webconnectivity_88743aca574f1411
https://tlauncher.org/,dns,https://explorer.ooni.org/m/20260309081403.155059_KR_webconnectivity_6cf77c0fd5628e05
https://toolbox.googleapps.com/,ok,https://explorer.ooni.org/m/20260309081407.724851_KR_webconnectivity_1437d81c0b337998
https://totaljerkface.com/,dns,https://explorer.ooni.org/m/20260309081408.533583_KR_webconnectivity_211eb0d36311b9da
https://trisquel.info/,ok,https://explorer.ooni.org/m/20260309081413.024249_KR_webconnectivity_6b60ae08cdd6e11b
https://uphold.com/,dns,https://explorer.ooni.org/m/20260309081413.909951_KR_webconnectivity_014e1a115e720cd1
https://use-application-dns.net/,ok,https://explorer.ooni.org/m/20260309081416.595281_KR_webconnectivity_90b04e7ff06cb370
https://wasabiwallet.io/,ok,https://explorer.ooni.org/m/20260309081421.374901_KR_webconnectivity_906c1dec1e1ada32
https://wkkf.org/,ok,https://explorer.ooni.org/m/20260309081424.729003_KR_webconnectivity_6ba201927efa53c3
https://worldofwarcraft.com/,dns,https://explorer.ooni.org/m/20260309081426.072294_KR_webconnectivity_1f351c5edcee2869
http://wowbogo.net/,ok,https://explorer.ooni.org/m/20260309081427.109745_KR_webconnectivity_be4af75982db2f12
http://www.11st.co.kr/,ok,https://explorer.ooni.org/m/20260309081428.858835_KR_webconnectivity_1d6bc82d30fe7dd8
https://www.2600.com/,dns,https://explorer.ooni.org/m/20260309081432.060502_KR_webconnectivity_aae44481634cc7de
https://www.airbnb.co.kr/,ok,https://explorer.ooni.org/m/20260309081435.493122_KR_webconnectivity_14a1f28f0b4f4c74
https://www.akdn.org/,ok,https://explorer.ooni.org/m/20260309081441.191894_KR_webconnectivity_9cdf412d269f0553
https://www.amazon.com/,ok,https://explorer.ooni.org/m/20260309081442.759859_KR_webconnectivity_d1327bc231030b76
http://www.apple.com/library/test/success.html,ok,https://explorer.ooni.org/m/20260309081444.175015_KR_webconnectivity_bfffe9a7a6f5d13a
https://www.apple.com/,ok,https://explorer.ooni.org/m/20260309081446.989699_KR_webconnectivity_047d293ed486a19a
http://www.auction.co.kr/,ok,https://explorer.ooni.org/m/20260309081447.977802_KR_webconnectivity_205f511832c93e0d
https://www.babbel.com/,ok,https://explorer.ooni.org/m/20260309081450.930267_KR_webconnectivity_c8402ab3053d3d75
http://www.barnesandnoble.com/,error,https://explorer.ooni.org/m/20260309081551.325020_KR_webconnectivity_2d3e8f5fe7a224b0
https://www.binance.com/,dns,https://explorer.ooni.org/m/20260309081552.131400_KR_webconnectivity_caa262368e0e6e6e
https://www.bitfinex.com/,dns,https://explorer.ooni.org/m/20260309081553.064250_KR_webconnectivity_c12bc44301c478ac
http://www.blackhat.be/,dns,https://explorer.ooni.org/m/20260309081554.045380_KR_webconnectivity_b1ef8ff4a8c6e8de
https://www.blizzard.com/,dns,https://explorer.ooni.org/m/20260309081554.997994_KR_webconnectivity_3f26e32ba8ebfd86
http://www.bobaedream.co.kr/,ok,https://explorer.ooni.org/m/20260309081600.172828_KR_webconnectivity_aeae6078382d1def
https://www.blockchain.com/,dns,https://explorer.ooni.org/m/20260309081555.766869_KR_webconnectivity_e136aba9111461c2
https://www.care.org/,ok,https://explorer.ooni.org/m/20260309081606.540684_KR_webconnectivity_c57a9f65095713d9
https://www.ccc.de/,ok,https://explorer.ooni.org/m/20260309081609.367348_KR_webconnectivity_4860a8f05ddef34a
http://www.ccej.or.kr/,ok,https://explorer.ooni.org/m/20260309081615.837416_KR_webconnectivity_3652b087cafa3a11
https://www.chess.com/,dns,https://explorer.ooni.org/m/20260309081616.761750_KR_webconnectivity_bc65666d305fd695
https://www.chromium.org/,ok,https://explorer.ooni.org/m/20260309081618.026887_KR_webconnectivity_63fb6bc6fc690630
https://www.coinbase.com/,dns,https://explorer.ooni.org/m/20260309081618.856814_KR_webconnectivity_3706965e45766806
https://www.coinex.com/,dns,https://explorer.ooni.org/m/20260309081620.487995_KR_webconnectivity_ca0c8e93e7609de9
https://www.common-fund.org/,ok,https://explorer.ooni.org/m/20260309081625.334122_KR_webconnectivity_5619be118f038cc0
https://www.concern.net/,ok,https://explorer.ooni.org/m/20260309081628.430012_KR_webconnectivity_ee4359543b34c83e
https://www.coolmathgames.com/,dns,https://explorer.ooni.org/m/20260309081629.249619_KR_webconnectivity_2caf142f129c72ce
https://www.craigslist.org/,dns,https://explorer.ooni.org/m/20260309081632.477599_KR_webconnectivity_120b5fc3832e499e
https://www.crs.org/,ok,https://explorer.ooni.org/m/20260309081633.996576_KR_webconnectivity_b49a93ab3d5a274a
http://www.cyber-pirates.org/,ok,https://explorer.ooni.org/m/20260309081651.102323_KR_webconnectivity_5d21b8f98c1e6436
https://www.darknet.org.uk/,dns,https://explorer.ooni.org/m/20260309081652.789589_KR_webconnectivity_e408dbe37a7e40f8
https://www.ddo.com/,dns,https://explorer.ooni.org/m/20260309081655.416426_KR_webconnectivity_1c736c1c93bc451c
https://www.ea.com/,dns,https://explorer.ooni.org/m/20260309081657.064110_KR_webconnectivity_677966e5d2e05e6c
https://www.ebay.com/,ok,https://explorer.ooni.org/m/20260309081701.151147_KR_webconnectivity_c1a7c6c93e7cee96
https://www.eccouncil.org/,ok,https://explorer.ooni.org/m/20260309081705.182319_KR_webconnectivity_099dc604c2a6adcd
https://www.episcopalrelief.org/,ok,https://explorer.ooni.org/m/20260309081707.327211_KR_webconnectivity_52e78dbbc298c30b
https://www.eveonline.com/,dns,https://explorer.ooni.org/m/20260309081708.475690_KR_webconnectivity_42f94fc0a8d53cc5
https://www.exploit-db.com/,dns,https://explorer.ooni.org/m/20260309081710.217227_KR_webconnectivity_52cc49d883c02237
https://www.f-list.net/,dns,https://explorer.ooni.org/m/20260309081711.953986_KR_webconnectivity_f8f43926914bef40
http://www.feedtheminds.org/,tcp_ip,https://explorer.ooni.org/m/20260309081713.267954_KR_webconnectivity_466a68ded64d70da
http://www.fki.or.kr/,ok,https://explorer.ooni.org/m/20260309081715.404767_KR_webconnectivity_8f32977bd2ad6a9f
https://www.g5.com/,dns,https://explorer.ooni.org/m/20260309081718.076316_KR_webconnectivity_112efc7233556d44
https://www.gamespot.com/,dns,https://explorer.ooni.org/m/20260309081718.885616_KR_webconnectivity_d4f475b0ccbce57c
https://www.gazprombank.ru/,ok,https://explorer.ooni.org/m/20260309081729.242202_KR_webconnectivity_6fbef60818405ead
https://www.genymotion.com/,ok,https://explorer.ooni.org/m/20260309081731.351957_KR_webconnectivity_3033d0300176eba0
https://www.globalgiving.org/,ok,https://explorer.ooni.org/m/20260309081733.299019_KR_webconnectivity_8c3db99d215b4ff0
https://www.gofundme.com/,ok,https://explorer.ooni.org/m/20260309081735.691422_KR_webconnectivity_d69a94c213ab35be
https://www.gog.com/,dns,https://explorer.ooni.org/m/20260309081737.847289_KR_webconnectivity_82dffaac36ad3fe0
https://www.groupon.com/,ok,https://explorer.ooni.org/m/20260309081740.263685_KR_webconnectivity_d3369f1b7edcc028
https://www.guildwars.com/,dns,https://explorer.ooni.org/m/20260309081741.024521_KR_webconnectivity_fa70f718d62cc994
https://www.habbo.com/,dns,https://explorer.ooni.org/m/20260309081742.354991_KR_webconnectivity_ba64da54ae0d8edb
http://www.hackforums.net/,dns,https://explorer.ooni.org/m/20260309081743.192231_KR_webconnectivity_cc06718fc4a31202
http://www.hackhull.com/,dns,https://explorer.ooni.org/m/20260309081744.056304_KR_webconnectivity_470eff2528a3cf5c
http://www.hackinthebox.org/,tcp_ip,https://explorer.ooni.org/m/20260309081755.702590_KR_webconnectivity_97f9a3c8aa7075de
http://www.hacktivismo.com/,dns,https://explorer.ooni.org/m/20260309081756.963598_KR_webconnectivity_4f936c66e8920ee9
https://www.helvetas.ch/,ok,https://explorer.ooni.org/m/20260309081821.553540_KR_webconnectivity_2db860300fcac899
https://www.idrc.ca/,ok,https://explorer.ooni.org/m/20260309081827.552062_KR_webconnectivity_8886b2b12bfb6c02
http://www.idsoftware.com/,dns,https://explorer.ooni.org/m/20260309081828.384802_KR_webconnectivity_b41991864cbb504f
https://www.ifad.org/,ok,https://explorer.ooni.org/m/20260309081830.081000_KR_webconnectivity_9098233672cbeb59
https://www.ifc.org/,ok,https://explorer.ooni.org/m/20260309081832.235754_KR_webconnectivity_408bd551251b7a6c
https://www.imf.org/,ok,https://explorer.ooni.org/m/20260309081834.188777_KR_webconnectivity_ce29a7f094fed03e
https://www.international.gc.ca/,ok,https://explorer.ooni.org/m/20260309081838.983311_KR_webconnectivity_2c042c346963e084
https://www.internetsociety.org/,ok,https://explorer.ooni.org/m/20260309081844.526510_KR_webconnectivity_60a1ce5edf4fcddc
http://www.inven.co.kr/,dns,https://explorer.ooni.org/m/20260309081849.839606_KR_webconnectivity_9c0e1fb2d211a347
https://www.kali.org/,ok,https://explorer.ooni.org/m/20260309081852.307598_KR_webconnectivity_0209e74901969b32
https://www.kbs-frb.be/,ok,https://explorer.ooni.org/m/20260309081856.450911_KR_webconnectivity_3785a76858b4cec1
https://www.kraken.com/,dns,https://explorer.ooni.org/m/20260309081857.636785_KR_webconnectivity_57a5918080e8e691
https://www.kucoin.com/,dns,https://explorer.ooni.org/m/20260309081859.476544_KR_webconnectivity_54ea246bf9d03714
https://www.lastwar.com/,dns,https://explorer.ooni.org/m/20260309081900.948441_KR_webconnectivity_5c1c064b822ac764
https://www.macfound.org/,ok,https://explorer.ooni.org/m/20260309081904.317357_KR_webconnectivity_2f315daddc3b8e45
https://www.malwares.com/,ok,https://explorer.ooni.org/m/20260309081905.758953_KR_webconnectivity_dbdd7f3d941e649e
https://www.minecraft.net/,dns,https://explorer.ooni.org/m/20260309081906.780901_KR_webconnectivity_5d35a7d090178074
http://www.msftconnecttest.com/connecttest.txt,ok,https://explorer.ooni.org/m/20260309081908.174288_KR_webconnectivity_bd218c29984fa6d1
http://www.msftncsi.com/ncsi.txt,ok,https://explorer.ooni.org/m/20260309081909.613843_KR_webconnectivity_3ad122a8b1d8b6e9
http://www.netmarble.net/,dns,https://explorer.ooni.org/m/20260309081911.900178_KR_webconnectivity_abf78b78a8eed65f
http://www.nexon.com/,dns,https://explorer.ooni.org/m/20260309081912.826384_KR_webconnectivity_a020a4eb9a4fbd3c
http://www.nmrc.org/,dns,https://explorer.ooni.org/m/20260309081914.410563_KR_webconnectivity_b6554b77cfa6d0f6
https://www.origin.com/,dns,https://explorer.ooni.org/m/20260309081915.263054_KR_webconnectivity_56018efe6dd41168
https://www.oxfam.org/,ok,https://explorer.ooni.org/m/20260309081920.286320_KR_webconnectivity_b58380d81b5288c5
https://www.paralleleconomy.com/,ok,https://explorer.ooni.org/m/20260309081925.379104_KR_webconnectivity_ce06395a1e62655e
https://www.paypal.com/,ok,https://explorer.ooni.org/m/20260309081927.919840_KR_webconnectivity_12109a0e5a6cc9af
http://www.pcgamer.com/,dns,https://explorer.ooni.org/m/20260309081928.738701_KR_webconnectivity_d54e85898da2e491
https://www.playstation.com/,dns,https://explorer.ooni.org/m/20260309081929.782345_KR_webconnectivity_333d2cef93b3937d
http://www.pmang.com/,dns,https://explorer.ooni.org/m/20260309081930.708550_KR_webconnectivity_b4beae64e1fcecab
https://www.pogo.com/,dns,https://explorer.ooni.org/m/20260309081931.577625_KR_webconnectivity_30f111ab370d05f5
https://www.progressio.org.uk/,ok,https://explorer.ooni.org/m/20260309081935.944334_KR_webconnectivity_290e5e45df44a353
https://www.pubg.com/,dns,https://explorer.ooni.org/m/20260309081936.778978_KR_webconnectivity_518f10315187db22
https://www.rbf.org/,ok,https://explorer.ooni.org/m/20260309081938.088235_KR_webconnectivity_cb61fe9da503f528
http://www.riftgame.com/,dns,https://explorer.ooni.org/m/20260309081939.064981_KR_webconnectivity_e0e2bdfe33b3cb69
https://www.roblox.com/,dns,https://explorer.ooni.org/m/20260309081940.198356_KR_webconnectivity_541819a77f214cb6
http://www.rockstargames.com/,dns,https://explorer.ooni.org/m/20260309081941.054744_KR_webconnectivity_25cc425dd2dbb4ce
http://www.runescape.com/,dns,https://explorer.ooni.org/m/20260309081943.052318_KR_webconnectivity_cd042d9f30a2f8dd
http://www.sida.se/,ok,https://explorer.ooni.org/m/20260309081948.730324_KR_webconnectivity_ff71f168ba7cd7b9
http://www.square-enix.com/,dns,https://explorer.ooni.org/m/20260309081950.630809_KR_webconnectivity_4c00c625c32d8752
https://www.thegeekdiary.com/,ok,https://explorer.ooni.org/m/20260309081951.391101_KR_webconnectivity_844b996e5fded707
https://www.uber.com/,ok,https://explorer.ooni.org/m/20260309081954.839504_KR_webconnectivity_e5eba50e6e835336
https://www.ubisoft.com/,dns,https://explorer.ooni.org/m/20260309081955.988311_KR_webconnectivity_8477e9820fab0a9c
http://www.unescap.org/,ok,https://explorer.ooni.org/m/20260309081958.248748_KR_webconnectivity_2ee1b94c921b3a8a
http://www.unlockme.co.uk/,ok,https://explorer.ooni.org/m/20260309082000.478604_KR_webconnectivity_c7d58bb36403d26b
https://www.usaid.gov/,ok,https://explorer.ooni.org/m/20260309082004.840137_KR_webconnectivity_cdf14c3b6201f917
https://www.walmart.com/,ok,https://explorer.ooni.org/m/20260309082008.080458_KR_webconnectivity_65892f2a7d3b58e8
https://www.weforum.org/,ok,https://explorer.ooni.org/m/20260309082009.460552_KR_webconnectivity_06588898fd56cce3
https://www.westernunion.com/,ok,https://explorer.ooni.org/m/20260309082012.970076_KR_webconnectivity_564e89f1f666e589
https://www.wmtransfer.com/,ok,https://explorer.ooni.org/m/20260309082020.483466_KR_webconnectivity_051b3eb7a3981647
https://www.worldbank.org/,ok,https://explorer.ooni.org/m/20260309082022.125051_KR_webconnectivity_78e51d66bf7889d1
https://www.xbox.com/,dns,https://explorer.ooni.org/m/20260309082022.912948_KR_webconnectivity_8d33c1949225fef5
http://www.zone-h.org/,ok,https://explorer.ooni.org/m/20260309082024.252350_KR_webconnectivity_c1d109ada04ad37e
https://xe.com/,ok,https://explorer.ooni.org/m/20260309082032.023681_KR_webconnectivity_431fd1c4cea2b217
http://zipbogo.net/,confirmed,https://explorer.ooni.org/m/20260309082034.009728_KR_webconnectivity_5b1309bbe496eb5f
ok,dns,tcp_ip,http-diff,http-failure,confirmed,error,no_data,http(legacy)
1537,556,37,4,22,24,41,0,0
2221/2221 (expected)
