https://twitter.com/,ok,https://explorer.ooni.org/m/20260326064222.445096_KR_webconnectivity_42a5e89405ad230c
https://www.facebook.com/,ok,https://explorer.ooni.org/m/20260326064238.122818_KR_webconnectivity_a9d48d1c254d1635
https://www.instagram.com/,ok,https://explorer.ooni.org/m/20260326064255.804394_KR_webconnectivity_b4c80459834e04dd
https://www.youtube.com/,ok,https://explorer.ooni.org/m/20260326064333.704877_KR_webconnectivity_b4a22d120ebb0e11
https://x.com/,ok,https://explorer.ooni.org/m/20260326064402.346958_KR_webconnectivity_5fd6aa3f8c8445c7
https://discord.com/,ok,https://explorer.ooni.org/m/20260326064417.521641_KR_webconnectivity_e67c51b6394e3138
https://www.tiktok.com/,ok,https://explorer.ooni.org/m/20260326064425.161667_KR_webconnectivity_119ce62cdc60c0d1
https://safeabortionpills.org/,http-failure,https://explorer.ooni.org/m/20260326064429.216938_KR_webconnectivity_f3cab8da4a7c2b34
https://yts.lt/,dns,https://explorer.ooni.org/m/20260326064436.817779_KR_webconnectivity_45cec5fd684c0b46
https://www.hyphanet.org/,dns,https://explorer.ooni.org/m/20260326064441.730901_KR_webconnectivity_a466f056ffd63657
http://www.inetprivacy.com/,dns,https://explorer.ooni.org/m/20260326064444.809005_KR_webconnectivity_4e30b84afc9e7b82
https://telegram.org/,dns,https://explorer.ooni.org/m/20260326064452.480922_KR_webconnectivity_d9c0c78879c6a6bf
https://vimeo.com/,dns,https://explorer.ooni.org/m/20260326064455.864542_KR_webconnectivity_e0974bb749e0180b
https://www.reddit.com/,dns,https://explorer.ooni.org/m/20260326064501.842508_KR_webconnectivity_8cbce087afa02988
https://9gag.com/,dns,https://explorer.ooni.org/m/20260326064507.199797_KR_webconnectivity_c25724f400878d66
http://blogmarks.net/,dns,https://explorer.ooni.org/m/20260326064508.255269_KR_webconnectivity_3d4ebb31f9fb84b4
https://cdn.fbsbx.com/favicon.ico,dns,https://explorer.ooni.org/m/20260326064510.340871_KR_webconnectivity_00c31ceae0541efa
https://doh.centraleu.pi-dns.com/dns-query?dns=q80BAAABAAAAAAAAA3d3dwdleGFtcGxlA2NvbQAAAQAB,dns,https://explorer.ooni.org/m/20260326064512.171626_KR_webconnectivity_9d36aac50ec31a3f
https://signal.org/,ok,https://explorer.ooni.org/m/20260326064517.399849_KR_webconnectivity_b7e379d4749e6e4e
https://www.plannedparenthood.org/,dns,https://explorer.ooni.org/m/20260326064518.985626_KR_webconnectivity_dd6234d0a205f9c9
https://www.snapchat.com/,ok,https://explorer.ooni.org/m/20260326064526.628202_KR_webconnectivity_f69a2447a75c048c
https://www.viber.com/,ok,https://explorer.ooni.org/m/20260326064534.005655_KR_webconnectivity_a4efda859607b386
https://www.wechat.com/,ok,https://explorer.ooni.org/m/20260326064537.381578_KR_webconnectivity_8835ffa8708e6ab6
https://airvpn.org/,dns,https://explorer.ooni.org/m/20260326064538.872559_KR_webconnectivity_45c933c6939e5945
http://anonymizer.secuser.com/,dns,https://explorer.ooni.org/m/20260326064541.010989_KR_webconnectivity_caa1b7be0e0a4214
http://inter.kdlp.org/,ok,https://explorer.ooni.org/m/20260326064541.964097_KR_webconnectivity_4b5e0298dd7ec934
https://lantern.io/,dns,https://explorer.ooni.org/m/20260326064543.235310_KR_webconnectivity_b4d6d1404aa3090e
https://safervpn.com/,dns,https://explorer.ooni.org/m/20260326064544.704106_KR_webconnectivity_152e352aa49cf2ca
http://www.e-ju.net/,ok,https://explorer.ooni.org/m/20260326064545.638008_KR_webconnectivity_1c8bdfee8d670663
https://www.feministfrequency.com/,dns,https://explorer.ooni.org/m/20260326064547.153686_KR_webconnectivity_e0808fb4cd65cd4c
https://www.planetromeo.com/,dns,https://explorer.ooni.org/m/20260326064549.024698_KR_webconnectivity_bae221a773110896
https://www.purevpn.com/,dns,https://explorer.ooni.org/m/20260326064550.238014_KR_webconnectivity_59f3525dd19d9c53
http://www.qhtyzx.com/,ok,https://explorer.ooni.org/m/20260326064552.148429_KR_webconnectivity_5432cdce64941ffc
https://www.teafund.org/,dns,https://explorer.ooni.org/m/20260326064553.334242_KR_webconnectivity_435e8cd4fa3cbf4b
https://www.theatlantic.com/,dns,https://explorer.ooni.org/m/20260326064554.725924_KR_webconnectivity_4a42c1dabaa67859
http://www.theregister.co.uk/,dns,https://explorer.ooni.org/m/20260326064557.514120_KR_webconnectivity_de403981b833712a
https://www.tunnelbear.com/,dns,https://explorer.ooni.org/m/20260326064559.163005_KR_webconnectivity_60a31728ef0ee41e
https://www.womenonwaves.org/,dns,https://explorer.ooni.org/m/20260326064600.373868_KR_webconnectivity_036807e510bbaba9
https://yggdrasil-network.github.io/,dns,https://explorer.ooni.org/m/20260326064602.860596_KR_webconnectivity_f1db9d2a2b070dd7
https://www.whatsapp.com/,ok,https://explorer.ooni.org/m/20260326064623.906095_KR_webconnectivity_9d9edb04ab845420
https://1337x.to/,dns,https://explorer.ooni.org/m/20260326064625.130642_KR_webconnectivity_c585f560226d94be
http://libgen.gs/,ok,https://explorer.ooni.org/m/20260326064626.528946_KR_webconnectivity_f3b19d8d33632114
https://theonion.com/,dns,https://explorer.ooni.org/m/20260326064627.488098_KR_webconnectivity_33d249b92e3cbf69
http://chakantv.co.kr/,ok,https://explorer.ooni.org/m/20260326064628.631688_KR_webconnectivity_ee1104609cf0672a
https://cocaine.org/,dns,https://explorer.ooni.org/m/20260326064630.161289_KR_webconnectivity_b633151d9c234254
https://deepseek.ai/,dns,https://explorer.ooni.org/m/20260326064630.982698_KR_webconnectivity_419f014440d36344
https://dweb.link/,dns,https://explorer.ooni.org/m/20260326064632.066372_KR_webconnectivity_1bfe5688e7733853
https://myspace.com/,error,https://explorer.ooni.org/m/20260326064633.299998_KR_webconnectivity_0290ff310deecf3c
https://qph.fs.quoracdn.net/main-thumb-1117688072-200-uijiqfjcmlvaxczdrlawbgyaomfocdnt.jpeg,ok,https://explorer.ooni.org/m/20260326064635.393881_KR_webconnectivity_a0b5e1b545e8e863
https://tinder.com/,dns,https://explorer.ooni.org/m/20260326064636.991318_KR_webconnectivity_b6c30e4dcc252b34
https://triller.co/,error,https://explorer.ooni.org/m/20260326064643.070127_KR_webconnectivity_4644bfbefdd73aff
https://www.4chan.org/,dns,https://explorer.ooni.org/m/20260326064645.020735_KR_webconnectivity_2f52a46dfadd5256
https://www.quora.com/,ok,https://explorer.ooni.org/m/20260326064647.985471_KR_webconnectivity_2ddc416f9910cedb
https://www.redditstatic.com/robots.txt,ok,https://explorer.ooni.org/m/20260326064649.873350_KR_webconnectivity_c68cb7693daf7d09
https://bricspress.live/,ok,https://explorer.ooni.org/m/20260326064651.582920_KR_webconnectivity_348d1800a36f2aea
https://europedatingonline.com/,dns,https://explorer.ooni.org/m/20260326064650.738488_KR_webconnectivity_e3258166deedce14
https://bridges.torproject.org/,dns,https://explorer.ooni.org/m/20260326064652.565395_KR_webconnectivity_94d299cedf186156
https://freesocks.org/,dns,https://explorer.ooni.org/m/20260326064653.758090_KR_webconnectivity_971c19aab8b9d9c1
https://genderdysphoria.fyi/,dns,https://explorer.ooni.org/m/20260326064656.281479_KR_webconnectivity_c9a2065265ee2b8f
https://hide.me/,dns,https://explorer.ooni.org/m/20260326064658.183439_KR_webconnectivity_78a2ebd9282751ec
http://lgbt.kdlp.org/,ok,https://explorer.ooni.org/m/20260326064659.119191_KR_webconnectivity_b8cb8ce6d5ae7f19
https://mega.io/,dns,https://explorer.ooni.org/m/20260326064700.334181_KR_webconnectivity_c2eecd2932576cec
https://proxy.i2phides.me/,dns,https://explorer.ooni.org/m/20260326064701.452867_KR_webconnectivity_fc1d71e5de2abb6f
https://shadowsocks.org/,dns,https://explorer.ooni.org/m/20260326064703.140409_KR_webconnectivity_f817086500b139ed
https://surfshark.com/,dns,https://explorer.ooni.org/m/20260326064703.988640_KR_webconnectivity_d1f5d528e975eda9
https://thunder.free-signal.com/,dns,https://explorer.ooni.org/m/20260326064704.863066_KR_webconnectivity_1ac5215e288968ec
https://www.betternet.co/,dns,https://explorer.ooni.org/m/20260326064706.008549_KR_webconnectivity_d0f5fc92467700a0
https://www.business-humanrights.org/,ok,https://explorer.ooni.org/m/20260326064708.587375_KR_webconnectivity_3b640d6cd853e46d
http://www.migrantsinkorea.net/,ok,https://explorer.ooni.org/m/20260326064709.561209_KR_webconnectivity_04314a6db827de3d
http://www.mizzima.com/,ok,https://explorer.ooni.org/m/20260326064712.258077_KR_webconnectivity_d8b72a3425ac6e9f
https://www.msichoices.org/,dns,https://explorer.ooni.org/m/20260326064713.790865_KR_webconnectivity_56852ab7d595fe8a
http://www.naral.org/,ok,https://explorer.ooni.org/m/20260326064715.049140_KR_webconnectivity_569399b60c907db2
http://www.oneworld.net/,ok,https://explorer.ooni.org/m/20260326064717.249199_KR_webconnectivity_137240e572c8df71
https://www.opentech.fund/,dns,https://explorer.ooni.org/m/20260326064722.994023_KR_webconnectivity_c156f35da4ac3a87
https://www.out.com/,dns,https://explorer.ooni.org/m/20260326064725.057903_KR_webconnectivity_6e96cb7b51dd05e7
http://www.protest.net/,dns,https://explorer.ooni.org/m/20260326064726.143794_KR_webconnectivity_bb66727cc6e3af97
https://www.queerty.com/,dns,https://explorer.ooni.org/m/20260326064727.610870_KR_webconnectivity_3f746ed7c2f14631
http://www.samesexmarriage.ca/,dns,https://explorer.ooni.org/m/20260326064728.907614_KR_webconnectivity_530784df33ae781d
https://www.shoe.org/,dns,https://explorer.ooni.org/m/20260326064731.006514_KR_webconnectivity_453384fe1c5ad844
https://www.surfeasy.com/,dns,https://explorer.ooni.org/m/20260326064732.702128_KR_webconnectivity_504102d17e599e26
http://www.ultimate-anonymity.com/,dns,https://explorer.ooni.org/m/20260326064735.291699_KR_webconnectivity_076c3f5697107b0f
https://www.washingtonpost.com/,dns,https://explorer.ooni.org/m/20260326064737.587627_KR_webconnectivity_2a5741bb53588e7e
https://www.womenonweb.org/,dns,https://explorer.ooni.org/m/20260326064741.621236_KR_webconnectivity_0192cf534055b85e
https://zenvpn.net/,dns,https://explorer.ooni.org/m/20260326064743.337225_KR_webconnectivity_aea5f9541261ad1d
https://dns.adguard.com/dns-query?dns=q80BAAABAAAAAAAAA3d3dwdleGFtcGxlA2NvbQAAAQAB,tcp_ip,https://explorer.ooni.org/m/20260326064744.926024_KR_webconnectivity_b42a6560d7852eab
https://t.co/,dns,https://explorer.ooni.org/m/20260326064746.025550_KR_webconnectivity_18a34680de07736d
http://www.pandora.tv/,ok,https://explorer.ooni.org/m/20260326064747.758767_KR_webconnectivity_282c2add64832b9b
https://www.premaritalsex.info/,dns,https://explorer.ooni.org/m/20260326064749.019182_KR_webconnectivity_9caff193c5f74c0c
https://www.worldwildlife.org/,ok,https://explorer.ooni.org/m/20260326064757.225231_KR_webconnectivity_2291f90473758deb
https://electrum.org/,dns,https://explorer.ooni.org/m/20260326064758.643622_KR_webconnectivity_4da1054668d61e89
https://store.epicgames.com/,dns,https://explorer.ooni.org/m/20260326064800.576734_KR_webconnectivity_0e1081ac00ac3152
https://tlauncher.org/,dns,https://explorer.ooni.org/m/20260326064802.634962_KR_webconnectivity_2beb8ea35b81c3db
https://uphold.com/,dns,https://explorer.ooni.org/m/20260326064804.862821_KR_webconnectivity_8ed5aaa08f6bb57a
https://www.coolmathgames.com/,dns,https://explorer.ooni.org/m/20260326064806.802453_KR_webconnectivity_de7db3b808050584
http://www.riftgame.com/,dns,https://explorer.ooni.org/m/20260326064808.546922_KR_webconnectivity_0cfc1c4da11de51b
https://www.xbox.com/,dns,https://explorer.ooni.org/m/20260326064810.010772_KR_webconnectivity_c11ad1d27588747e
https://external.xx.fbcdn.net/robots.txt,ok,https://explorer.ooni.org/m/20260326064813.497133_KR_webconnectivity_25928a5422628f3c
https://fbcdn.net/robots.txt,ok,https://explorer.ooni.org/m/20260326064817.972256_KR_webconnectivity_3bbb0e5847cc1488
https://i.pinimg.com/236x/78/6e/00/786e00eab219eca59803d118fbe0feb3.jpg,ok,https://explorer.ooni.org/m/20260326064823.231902_KR_webconnectivity_34f45f1d30e127ac
https://mstdn.jp/,ok,https://explorer.ooni.org/m/20260326064833.739334_KR_webconnectivity_b1856f3c32f9c2ff
https://ntc.party/,dns,https://explorer.ooni.org/m/20260326064835.663858_KR_webconnectivity_e56ecd9ae62aa851
https://pbs.twimg.com/profile_images/941658150889054208/lFeD3554_200x200.jpg,ok,https://explorer.ooni.org/m/20260326064839.626410_KR_webconnectivity_b13b707943245b14
https://qsbr.fs.quoracdn.net/-4-web.entry.js.out-34-8f7d03da0b7a24ae.webpack,ok,https://explorer.ooni.org/m/20260326064849.091593_KR_webconnectivity_f8bec6d6723e537a
https://scontent-frt3-2.cdninstagram.com/favicon.ico,ok,https://explorer.ooni.org/m/20260326064850.003908_KR_webconnectivity_f29a14056505bdb0
https://scontent.xx.fbcdn.net/robots.txt,ok,https://explorer.ooni.org/m/20260326064853.954419_KR_webconnectivity_1631521694de3bee
https://secondlife.com/,dns,https://explorer.ooni.org/m/20260326064854.983462_KR_webconnectivity_7197e686330c6cfb
https://static.cdninstagram.com/robots.txt,ok,https://explorer.ooni.org/m/20260326064857.511733_KR_webconnectivity_53048a69e2012d10
https://styles.redditmedia.com/robots.txt,ok,https://explorer.ooni.org/m/20260326064901.347786_KR_webconnectivity_cffb81535924b58e
https://untappd.com/,ok,https://explorer.ooni.org/m/20260326064913.670596_KR_webconnectivity_9652202047dd8ad7
https://upload.twitter.com/robots.txt,ok,https://explorer.ooni.org/m/20260326064915.759782_KR_webconnectivity_c43c2baa99a7356f
https://video.cdninstagram.com/favicon.ico,ok,https://explorer.ooni.org/m/20260326064918.731556_KR_webconnectivity_7767165d2088f381
https://www.clubhouse.com/,ok,https://explorer.ooni.org/m/20260326064922.917559_KR_webconnectivity_e04ca077c3b30a06
https://www.clubhouseapi.com/,ok,https://explorer.ooni.org/m/20260326064924.700592_KR_webconnectivity_71840685a6ed9909
https://www.joinclubhouse.com/,ok,https://explorer.ooni.org/m/20260326064929.462533_KR_webconnectivity_d8add9401696c707
https://www.meetme.com/,dns,https://explorer.ooni.org/m/20260326064930.906824_KR_webconnectivity_9c8a1e49e148eac7
https://www.meetup.com/,dns,https://explorer.ooni.org/m/20260326064933.160927_KR_webconnectivity_0e79873213c0e989
https://www.yubo.live/,ok,https://explorer.ooni.org/m/20260326064937.485483_KR_webconnectivity_8c32e301b9d22735
https://app.element.io/,ok,https://explorer.ooni.org/m/20260326064941.258229_KR_webconnectivity_6efb1c921e5b2cd0
http://baykoreans.net/,dns,https://explorer.ooni.org/m/20260326064942.272685_KR_webconnectivity_7e7e1874f525415b
https://cc.bingj.com/cache.aspx?q=nothing,dns,https://explorer.ooni.org/m/20260326064943.250736_KR_webconnectivity_c9df2ed3fbe102e9
https://coronavirus.app/,dns,https://explorer.ooni.org/m/20260326064945.632559_KR_webconnectivity_1a735b823466360f
http://cyworld.nate.com/club/clubsection/clubSection4_main.asp,ok,https://explorer.ooni.org/m/20260326064947.275634_KR_webconnectivity_0bf9f08e08344d63
http://dongyoungsang.com/,confirmed,https://explorer.ooni.org/m/20260326064955.153110_KR_webconnectivity_428a676edf0f5b15
http://h50030.www5.hp.com/,ok,https://explorer.ooni.org/m/20260326064957.393058_KR_webconnectivity_93245de35f1398bb
http://internetphone114.com/,ok,https://explorer.ooni.org/m/20260326064959.159438_KR_webconnectivity_6e1da4549baa1ca0
https://ipfs.io/,dns,https://explorer.ooni.org/m/20260326065000.375914_KR_webconnectivity_8a3f6660fcf0c4d9
https://kick.com/,dns,https://explorer.ooni.org/m/20260326065002.478993_KR_webconnectivity_eca90d4c8808c241
https://support.therapytribe.com/hivaids-support-group/,ok,https://explorer.ooni.org/m/20260326065006.893331_KR_webconnectivity_022aba52f2257a79
https://t.me/,dns,https://explorer.ooni.org/m/20260326065008.290332_KR_webconnectivity_3c04e135fddf50d1
https://tse1.explicit.bing.net/robots.txt,dns,https://explorer.ooni.org/m/20260326065010.298818_KR_webconnectivity_b1d9796b2d9b3030
https://www.doctissimo.fr/,dns,https://explorer.ooni.org/m/20260326065012.787808_KR_webconnectivity_4d89ef6ae807d2da
http://www.ppca.co.kr/,ok,https://explorer.ooni.org/m/20260326065014.091785_KR_webconnectivity_bc51a83c3524498c
https://www.sendspace.com/,dns,https://explorer.ooni.org/m/20260326065015.408389_KR_webconnectivity_7da7d9575785b44c
http://www.veoh.com/,ok,https://explorer.ooni.org/m/20260326065018.561180_KR_webconnectivity_ecb438f981a2f0d5
https://abortion-pills.org/,http-failure,https://explorer.ooni.org/m/20260326065021.859362_KR_webconnectivity_9ffe51529473c6ae
https://afterellen.com/,ok,https://explorer.ooni.org/m/20260326065026.177384_KR_webconnectivity_4204151974d71651
https://allout.org/,dns,https://explorer.ooni.org/m/20260326065028.230230_KR_webconnectivity_b0851e2e7e0f7c2a
https://api.protonvpn.ch/tests/ping,dns,https://explorer.ooni.org/m/20260326065029.669728_KR_webconnectivity_02bfd91762733365
https://ccrjustice.org/,ok,https://explorer.ooni.org/m/20260326065033.442569_KR_webconnectivity_ba7813aac4d9de3c
https://cdns.grindr.com/,dns,https://explorer.ooni.org/m/20260326065035.371608_KR_webconnectivity_20b72f54bce012f0
https://cdt.org/,ok,https://explorer.ooni.org/m/20260326065039.315955_KR_webconnectivity_c0c57c86bac4b6dc
http://comingout.narun.net/,ok,https://explorer.ooni.org/m/20260326065040.823656_KR_webconnectivity_3c0451340e637fa9
https://creativecommons.org/,dns,https://explorer.ooni.org/m/20260326065042.242966_KR_webconnectivity_dc28e9adb8d10de7
http://english.chosun.com/,ok,https://explorer.ooni.org/m/20260326065045.927387_KR_webconnectivity_29ce4f00c9f5f262
https://explorer.ooni.org/,ok,https://explorer.ooni.org/m/20260326065053.846664_KR_webconnectivity_bd0a67386aa0cb40
http://freedom.jinbo.net/,ok,https://explorer.ooni.org/m/20260326065058.378999_KR_webconnectivity_076fbc1f61773d5d
https://freespeech.org/,dns,https://explorer.ooni.org/m/20260326065059.344227_KR_webconnectivity_cd1333577080b2f4
http://gaytoday.com/,dns,https://explorer.ooni.org/m/20260326065101.823629_KR_webconnectivity_e0c2c13977485d68
https://getintra.org/,ok,https://explorer.ooni.org/m/20260326065112.499537_KR_webconnectivity_265708eaa9733679
https://getlantern.org/,dns,https://explorer.ooni.org/m/20260326065113.736268_KR_webconnectivity_cc6ce591c807f37b
https://getoutline.org/,ok,https://explorer.ooni.org/m/20260326065117.406681_KR_webconnectivity_40443fcc9f83e147
https://gijn.org/,ok,https://explorer.ooni.org/m/20260326065120.499327_KR_webconnectivity_872bc753bad5c776
https://googleweblight.com/i?u=https%3A%2F%2Fexample.com%2F,dns,https://explorer.ooni.org/m/20260326065121.977741_KR_webconnectivity_c1ae47b09ae6e1a4
https://grindr.mobi/,ok,https://explorer.ooni.org/m/20260326065125.403278_KR_webconnectivity_ca990aaf8ec39f58
http://guardster.com/,dns,https://explorer.ooni.org/m/20260326065127.594712_KR_webconnectivity_bc2d27116ef8f241
https://hola.org/,dns,https://explorer.ooni.org/m/20260326065129.590911_KR_webconnectivity_80f08bd057df1a3d
https://iyfglobal.org/,ok,https://explorer.ooni.org/m/20260326065134.679153_KR_webconnectivity_05462e35215dac40
http://kscrc.org/,ok,https://explorer.ooni.org/m/20260326065137.336663_KR_webconnectivity_67eb14101b3ac57b
https://lalgbtcenter.org/,ok,https://explorer.ooni.org/m/20260326065141.978337_KR_webconnectivity_b3e4a8d111f237a0
http://lambdalegal.org/,ok,https://explorer.ooni.org/m/20260326065202.056400_KR_webconnectivity_8a88eeaf0d3974e1
https://leap.se/,dns,https://explorer.ooni.org/m/20260326065203.871976_KR_webconnectivity_e8f51a978a35884b
https://lgbtnewsnow.org/,http-failure,https://explorer.ooni.org/m/20260326065212.910036_KR_webconnectivity_7392be39c63f0fd4
https://lgbtvacationplanners.com/,error,https://explorer.ooni.org/m/20260326065217.310281_KR_webconnectivity_ba5bd294dcec89f5
https://mask-h2.icloud.com/,error,https://explorer.ooni.org/m/20260326065221.204744_KR_webconnectivity_9e985b3f2348dcd1
https://microsoftedge.microsoft.com/addons/Microsoft-Edge-Extensions-Home,dns,https://explorer.ooni.org/m/20260326065223.323406_KR_webconnectivity_9695ea4896537e9d
https://minorityrights.org/,ok,https://explorer.ooni.org/m/20260326065226.531637_KR_webconnectivity_b2b263a400b83002
https://mullvad.net/,dns,https://explorer.ooni.org/m/20260326065227.723333_KR_webconnectivity_38892f31d8015186
https://multiproxy.org/,dns,https://explorer.ooni.org/m/20260326065229.024168_KR_webconnectivity_7734da61223ac791
http://napo.jinbo.net/,ok,https://explorer.ooni.org/m/20260326065232.545078_KR_webconnectivity_4afeec166529f21d
http://nkhumanrights.or.kr/,ok,https://explorer.ooni.org/m/20260326065235.212998_KR_webconnectivity_760aa75ce2f65b78
http://nocensor.org/,ok,https://explorer.ooni.org/m/20260326065237.957940_KR_webconnectivity_439e2be4cbcbcb7d
http://nodongsarang.org/,ok,https://explorer.ooni.org/m/20260326065240.619779_KR_webconnectivity_b89b16cb3a2488d6
https://nordvpn.com/,ok,https://explorer.ooni.org/m/20260326065247.594208_KR_webconnectivity_db7b1919aba2122d
http://northkoreatech.org/,ok,https://explorer.ooni.org/m/20260326065249.746915_KR_webconnectivity_d37dd6ff6d68dbb3
https://ooni.org/,ok,https://explorer.ooni.org/m/20260326065253.117525_KR_webconnectivity_e15faded18af536a
https://orbot.app/,ok,https://explorer.ooni.org/m/20260326065257.830160_KR_webconnectivity_740569a7b154560b
https://ourworldindata.org/,ok,https://explorer.ooni.org/m/20260326065316.883030_KR_webconnectivity_c10975ee8bd05c03
https://pflag.org/,dns,https://explorer.ooni.org/m/20260326065318.800694_KR_webconnectivity_7ccf0041de894274
https://prism-break.org/,ok,https://explorer.ooni.org/m/20260326065323.199525_KR_webconnectivity_2f41b3c35e48833a
https://privatevpn.com/,dns,https://explorer.ooni.org/m/20260326065326.512537_KR_webconnectivity_9f87c15767fe5dd8
https://proxify.com/,dns,https://explorer.ooni.org/m/20260326065328.019913_KR_webconnectivity_8ac8f56556e96005
https://rargb.to/,dns,https://explorer.ooni.org/m/20260326065329.709051_KR_webconnectivity_67f3c75e9c5bf967
https://resurj.org/,dns,https://explorer.ooni.org/m/20260326065333.971783_KR_webconnectivity_fa6a8238f533d4c3
https://riseup.net/,dns,https://explorer.ooni.org/m/20260326065336.736861_KR_webconnectivity_dfbac90d9c87c1a9
https://sci-hub.se/,dns,https://explorer.ooni.org/m/20260326065338.160381_KR_webconnectivity_ff072d8a6c0db1bc
http://seapa.wordpress.com/,ok,https://explorer.ooni.org/m/20260326065352.561105_KR_webconnectivity_cbba29ac0ea4265d
https://secure.avaaz.org/,ok,https://explorer.ooni.org/m/20260326065405.675619_KR_webconnectivity_c8f63731670fb693
https://securevpn.com/,dns,https://explorer.ooni.org/m/20260326065407.054648_KR_webconnectivity_7e62484b78f94a29
https://slashdot.org/,ok,https://explorer.ooni.org/m/20260326065424.499117_KR_webconnectivity_57f5dd12ca7fe250
http://slownews.kr/,ok,https://explorer.ooni.org/m/20260326065440.924946_KR_webconnectivity_7736ff993354045c
https://smotrim.ru/,ok,https://explorer.ooni.org/m/20260326065444.747146_KR_webconnectivity_6a941a63fbbbf667
http://software.naver.com/,ok,https://explorer.ooni.org/m/20260326065445.657449_KR_webconnectivity_b8e9d2aa4439e1bd
https://speedify.com/,dns,https://explorer.ooni.org/m/20260326065446.585081_KR_webconnectivity_e1435bc57b238514
https://sputnikglobe.com/,dns,https://explorer.ooni.org/m/20260326065447.923507_KR_webconnectivity_bed9805b15e0d88d
https://sputniknews.com/,http-failure,https://explorer.ooni.org/m/20260326065450.604649_KR_webconnectivity_770cab1069b4933e
https://spys.one/,dns,https://explorer.ooni.org/m/20260326065451.504735_KR_webconnectivity_8ae77688b2b1898e
https://ssd.eff.org/,ok,https://explorer.ooni.org/m/20260326065456.127362_KR_webconnectivity_bc0e18d39f57366b
https://strongvpn.com/,dns,https://explorer.ooni.org/m/20260326065457.016932_KR_webconnectivity_e1419bbaebb02b37
https://substack.com/,ok,https://explorer.ooni.org/m/20260326065505.247118_KR_webconnectivity_d1ce03da5b275e80
https://tdov.org/,ok,https://explorer.ooni.org/m/20260326065512.284444_KR_webconnectivity_4323a7e8d55b52cc
https://thegailygrind.com/,dns,https://explorer.ooni.org/m/20260326065513.616603_KR_webconnectivity_5640d634b03f4cc3
https://theintercept.com/,ok,https://explorer.ooni.org/m/20260326065526.934980_KR_webconnectivity_e6a0070f12c6c1cb
http://tongil-i.net/,ok,https://explorer.ooni.org/m/20260326065528.471361_KR_webconnectivity_25695370467d2431
https://tor.eff.org/,dns,https://explorer.ooni.org/m/20260326065531.936282_KR_webconnectivity_f90cccab0bdfc72c
http://torrent82.com/,ok,https://explorer.ooni.org/m/20260326065533.300744_KR_webconnectivity_7cbdd8cdaed0a5ec
https://transfemscience.org/,ok,https://explorer.ooni.org/m/20260326065539.730188_KR_webconnectivity_b55461c7c3d29054
http://transsexual.org/,dns,https://explorer.ooni.org/m/20260326065543.478206_KR_webconnectivity_01582e5a8ce21166
https://triplebit.org/,dns,https://explorer.ooni.org/m/20260326065549.116708_KR_webconnectivity_af818173ec5aa749
https://trustvpn.me/,dns,https://explorer.ooni.org/m/20260326065552.412828_KR_webconnectivity_be1ce939b0a52782
https://ultrasurf.us/,dns,https://explorer.ooni.org/m/20260326065555.435454_KR_webconnectivity_03578d8386d845b8
https://ultravpn.com/,dns,https://explorer.ooni.org/m/20260326065558.394299_KR_webconnectivity_4c661f118d82f703
https://unredacted.org/,ok,https://explorer.ooni.org/m/20260326065611.405463_KR_webconnectivity_52548890f30fe8e3
https://unwatch.org/,ok,https://explorer.ooni.org/m/20260326065635.438098_KR_webconnectivity_84a3b6f9802a4d89
https://womenhelp.org/,dns,https://explorer.ooni.org/m/20260326065637.028874_KR_webconnectivity_634f3a86676e45ad
https://www.404media.co/,ok,https://explorer.ooni.org/m/20260326065646.487078_KR_webconnectivity_73182410561ec1c0
https://www.advocate.com/,dns,https://explorer.ooni.org/m/20260326065647.552624_KR_webconnectivity_974186db4744f60b
https://www.alarabiya.net/,ok,https://explorer.ooni.org/m/20260326065649.901394_KR_webconnectivity_2a614b3c8b4cf5c2
http://www.anarclan.net/,ok,https://explorer.ooni.org/m/20260326065653.178526_KR_webconnectivity_c6c5f37943b033fa
http://www.anonymizer.ru/,dns,https://explorer.ooni.org/m/20260326065655.004430_KR_webconnectivity_a24656b3eec9e20e
http://www.anonymsurfen.com/,dns,https://explorer.ooni.org/m/20260326065702.114499_KR_webconnectivity_b5dd8803feba5691
https://www.arabnews.com/,ok,https://explorer.ooni.org/m/20260326065704.546883_KR_webconnectivity_741d16f2002b847b
https://www.article19.org/,ok,https://explorer.ooni.org/m/20260326065707.629286_KR_webconnectivity_944a9e3031d05b68
http://www.asiafoundation.org/,ok,https://explorer.ooni.org/m/20260326065710.091290_KR_webconnectivity_27f4648c4953df9e
https://www.bbc.co.uk/,ok,https://explorer.ooni.org/m/20260326065726.392083_KR_webconnectivity_24f77f9fb06e1521
https://www.bnaibrith.org/,ok,https://explorer.ooni.org/m/20260326065729.166245_KR_webconnectivity_b2fcfd5e9cba036b
https://www.brookings.edu/,ok,https://explorer.ooni.org/m/20260326065747.468227_KR_webconnectivity_7d01b31ec28ab881
https://www.cato.org/,ok,https://explorer.ooni.org/m/20260326065750.042346_KR_webconnectivity_53e99a506103e9bf
http://www.cawinfo.org/,ok,https://explorer.ooni.org/m/20260326065803.706807_KR_webconnectivity_b67a4c7790b47db0
https://www.childrensdefense.org/,ok,https://explorer.ooni.org/m/20260326065830.945811_KR_webconnectivity_132945e1510db1f6
https://www.chinatimes.com/,ok,https://explorer.ooni.org/m/20260326065846.668906_KR_webconnectivity_844cb0b0e84815a7
https://www.clintonfoundation.org/,ok,https://explorer.ooni.org/m/20260326065849.607673_KR_webconnectivity_b2b4ff9c58181e73
https://www.cpj.org/,ok,https://explorer.ooni.org/m/20260326065912.108982_KR_webconnectivity_4507b0e676c68fe1
https://www.cyberghostvpn.com/,dns,https://explorer.ooni.org/m/20260326065913.929374_KR_webconnectivity_c45eeefa220acd65
https://www.dailywire.com/,ok,https://explorer.ooni.org/m/20260326065926.732553_KR_webconnectivity_3e43715e53239687
https://www.disabilityrightsfund.org/,ok,https://explorer.ooni.org/m/20260326065941.104234_KR_webconnectivity_b64ee15f9599fc83
http://www.dit-inc.us/,dns,https://explorer.ooni.org/m/20260326065944.017693_KR_webconnectivity_6208d6f89e50cf7e
https://www.doriafeministfund.org/,ok,https://explorer.ooni.org/m/20260326065952.950852_KR_webconnectivity_b0537745b400e64c
http://www.dprkstudies.org/documents/nkpics/picgal.html,dns,https://explorer.ooni.org/m/20260326065955.946574_KR_webconnectivity_e871ad1a536ab62b
https://www.echr.coe.int/,ok,https://explorer.ooni.org/m/20260326070000.900916_KR_webconnectivity_88f49685c854dd6b
https://www.economist.com/,ok,https://explorer.ooni.org/m/20260326070006.318341_KR_webconnectivity_6cd3ab6f26f81c70
https://www.exgay.com/,ok,https://explorer.ooni.org/m/20260326070009.174641_KR_webconnectivity_1ad60bc67c8d4d0e
http://www.feer.com/,ok,https://explorer.ooni.org/m/20260326070010.494761_KR_webconnectivity_4888424afb92f386
https://www.foxnews.com/,ok,https://explorer.ooni.org/m/20260326070032.850909_KR_webconnectivity_98f95b6d9809adc7
https://www.freespeechcoalition.com/,dns,https://explorer.ooni.org/m/20260326070034.051614_KR_webconnectivity_50788f09c9fd4968
http://www.fridae.com/,dns,https://explorer.ooni.org/m/20260326070036.254974_KR_webconnectivity_d3e2894a589ce778
https://www.ft.com/,ok,https://explorer.ooni.org/m/20260326070039.893614_KR_webconnectivity_b6c14e64998edcaf
http://www.gayrice.com/,dns,https://explorer.ooni.org/m/20260326070040.823512_KR_webconnectivity_8835232d9fd9abc2
http://www.gayrice.com/gayplaces/country.php?cid=126,dns,https://explorer.ooni.org/m/20260326070042.527109_KR_webconnectivity_ebc3b800f7ae7126
https://www.gaystarnews.com/,dns,https://explorer.ooni.org/m/20260326070044.380077_KR_webconnectivity_c24ed43185c67011
http://www.glbtqarchive.com/,ok,https://explorer.ooni.org/m/20260326070047.025322_KR_webconnectivity_9e545a84ef9c6e69
http://www.goodasyou.net/,dns,https://explorer.ooni.org/m/20260326070047.922597_KR_webconnectivity_1abf67ce4d21d7f5
https://www.grindr.com/,dns,https://explorer.ooni.org/m/20260326070049.554586_KR_webconnectivity_233c6833698eee18
https://www.hidemyass.com/,dns,https://explorer.ooni.org/m/20260326070051.038277_KR_webconnectivity_266cc521d185bb38
https://www.hotspotshield.com/,dns,https://explorer.ooni.org/m/20260326070051.913349_KR_webconnectivity_d3d9cfa90882f7ae
https://www.hrw.org/,ok,https://explorer.ooni.org/m/20260326070113.079239_KR_webconnectivity_732ba2fec523a3d8
https://www.hrw.org/asia/south-korea,ok,https://explorer.ooni.org/m/20260326070245.901090_KR_webconnectivity_1bb5d123f18d06d5
http://www.http-tunnel.com/,dns,https://explorer.ooni.org/m/20260326070249.280231_KR_webconnectivity_0f5729f213db6ef3
https://www.icc-cpi.int/,ok,https://explorer.ooni.org/m/20260326070307.772693_KR_webconnectivity_d773c422aa52f9e3
https://www.icj.org/,dns,https://explorer.ooni.org/m/20260326070309.220548_KR_webconnectivity_ef3870c4d730e831
http://www.ifex.org/,ok,https://explorer.ooni.org/m/20260326070312.635058_KR_webconnectivity_82fcb6ae8fed6817
http://www.ifge.org/,dns,https://explorer.ooni.org/m/20260326070314.194429_KR_webconnectivity_12805b9bb93aef63
https://www.ineedana.com/,dns,https://explorer.ooni.org/m/20260326070316.689738_KR_webconnectivity_c1a8cf8146ac06fc
https://www.infomigrants.net/,ok,https://explorer.ooni.org/m/20260326070320.957258_KR_webconnectivity_5278f1469786f51d
http://www.inochong.org/,ok,https://explorer.ooni.org/m/20260326070325.865620_KR_webconnectivity_a45ea2b2c363b6dd
https://www.ipredator.se/,dns,https://explorer.ooni.org/m/20260326070326.713902_KR_webconnectivity_67a3c1004fb4407b
https://www.ipvanish.com/,dns,https://explorer.ooni.org/m/20260326070327.962097_KR_webconnectivity_490907d9796608f8
https://www.ivpn.net/,dns,https://explorer.ooni.org/m/20260326070329.867891_KR_webconnectivity_07f93d3bd679ad4e
https://www.jihadwatch.org/,ok,https://explorer.ooni.org/m/20260326070331.954672_KR_webconnectivity_8a4538790db013e2
http://www.kcna.kp/,dns,https://explorer.ooni.org/m/20260326070334.581566_KR_webconnectivity_66a75a729c043352
http://www.khrp.org/,ok,https://explorer.ooni.org/m/20260326070340.260925_KR_webconnectivity_9644f86ae4ba148e
https://www.knapsackforhope.org/,ok,https://explorer.ooni.org/m/20260326070342.090390_KR_webconnectivity_e0bfe3e483267b9a
http://www.korea-htr.com/,confirmed,https://explorer.ooni.org/m/20260326070347.618291_KR_webconnectivity_ececbd5bdd9b08df
http://www.korea-htr.com/chuo/,confirmed,https://explorer.ooni.org/m/20260326070349.178091_KR_webconnectivity_b7259271a6f3b267
http://www.kqcf.org/,ok,https://explorer.ooni.org/m/20260326070351.011325_KR_webconnectivity_0834c8f38c2b3d15
https://www.megaproxy.com/,dns,https://explorer.ooni.org/m/20260326070352.534823_KR_webconnectivity_0f7b40422b4cba0c
https://www.mideastyouth.com/,ok,https://explorer.ooni.org/m/20260326070409.517680_KR_webconnectivity_b4fe1883a2046426
https://www.mombian.com/,ok,https://explorer.ooni.org/m/20260326070411.619742_KR_webconnectivity_1c7768d78f93ff43
https://www.nifty.org/,dns,https://explorer.ooni.org/m/20260326070412.674825_KR_webconnectivity_ba419e7a6cbdbb3a
http://www.nkhumanrights.or.kr/,ok,https://explorer.ooni.org/m/20260326070416.371477_KR_webconnectivity_12ee3b998d5d0819
https://www.nytimes.com/,ok,https://explorer.ooni.org/m/20260326070435.864347_KR_webconnectivity_39ae5167e4db23df
https://www.ohchr.org/,ok,https://explorer.ooni.org/m/20260326070439.230559_KR_webconnectivity_c268be5d77df19cb
https://www.opensocietyfoundations.org/,ok,https://explorer.ooni.org/m/20260326070458.932741_KR_webconnectivity_a978db28a435fa43
http://www.pangari.net/,ok,https://explorer.ooni.org/m/20260326070500.833142_KR_webconnectivity_ab176dea596c04d8
http://www.peacefire.org/circumventor/simple-circumventor-instructions.html,dns,https://explorer.ooni.org/m/20260326070502.009205_KR_webconnectivity_505808f41f2c1d35
https://www.pinkcupid.com/,dns,https://explorer.ooni.org/m/20260326070504.176484_KR_webconnectivity_92eb46a2d400004c
https://www.privateinternetaccess.com/,dns,https://explorer.ooni.org/m/20260326070505.107214_KR_webconnectivity_222e7616a221a8c7
https://www.refugeesinternational.org/,ok,https://explorer.ooni.org/m/20260326070523.604690_KR_webconnectivity_8747bba7fad4a4ca
https://www.reprolegalhelpline.org/,dns,https://explorer.ooni.org/m/20260326070525.169310_KR_webconnectivity_64540d80ba14179a
https://www.rescue.org/,ok,https://explorer.ooni.org/m/20260326070539.157264_KR_webconnectivity_46158a71fd24d3f8
https://www.rfi.fr/,ok,https://explorer.ooni.org/m/20260326070542.510596_KR_webconnectivity_3e12b5d2e542cf03
https://www.rollingstone.com/,dns,https://explorer.ooni.org/m/20260326070544.456135_KR_webconnectivity_53ef9c457eec5ab5
http://www.sarangbang.or.kr/,ok,https://explorer.ooni.org/m/20260326070555.429537_KR_webconnectivity_171b5e8bd8c0ca01
http://www.scmp.com/,ok,https://explorer.ooni.org/m/20260326070610.792727_KR_webconnectivity_06064ef871864236
https://www.scruff.com/,dns,https://explorer.ooni.org/m/20260326070612.186320_KR_webconnectivity_6036acb2c1fc734c
http://www.sisainlive.com/,ok,https://explorer.ooni.org/m/20260326070613.094853_KR_webconnectivity_cbb94c6d02dabcd0
http://www.snumaum.org/,ok,https://explorer.ooni.org/m/20260326070615.397873_KR_webconnectivity_b600b2f05ac0e144
http://www.sp.or.kr/,dns,https://explorer.ooni.org/m/20260326070617.529680_KR_webconnectivity_2ba95ab78bd0401a
https://www.starlink.com/,ok,https://explorer.ooni.org/m/20260326070622.983174_KR_webconnectivity_1ea8f3dedf9c7abf
https://www.telegraph.co.uk/,ok,https://explorer.ooni.org/m/20260326070625.237378_KR_webconnectivity_4201c2de4cc28635
http://www.theepochtimes.com/,ok,https://explorer.ooni.org/m/20260326070636.967063_KR_webconnectivity_0f019f46c092ffda
https://www.torproject.org/,dns,https://explorer.ooni.org/m/20260326070638.644882_KR_webconnectivity_079fd3e87e10e9cc
http://www.towleroad.com/,dns,https://explorer.ooni.org/m/20260326070641.186232_KR_webconnectivity_201f5a15d007e4a2
https://www.transgendermap.com/,ok,https://explorer.ooni.org/m/20260326070653.800534_KR_webconnectivity_7fad8e134c69352c
https://www.transparency.org/,ok,https://explorer.ooni.org/m/20260326070715.342831_KR_webconnectivity_7193250c4871654c
https://www.unfe.org/,ok,https://explorer.ooni.org/m/20260326070717.750682_KR_webconnectivity_59277b9d002c25bb
https://www.unfpa.org/,ok,https://explorer.ooni.org/m/20260326070734.709832_KR_webconnectivity_ff9d026b003b4091
https://www.unhcr.org/,ok,https://explorer.ooni.org/m/20260326070740.586406_KR_webconnectivity_06d2283cc9f99e77
https://www.unicef.org/,ok,https://explorer.ooni.org/m/20260326070743.863335_KR_webconnectivity_381eb5980d359c22
https://www.uproxy.org/,dns,https://explorer.ooni.org/m/20260326070745.361205_KR_webconnectivity_16eeea27afa5a9a0
http://www.upschool.net/xe/,ok,https://explorer.ooni.org/m/20260326070747.332849_KR_webconnectivity_67ee75a162e48012
http://www.vop.co.kr/,error,https://explorer.ooni.org/m/20260326070749.497724_KR_webconnectivity_db0e1716d3d743c4
https://www.vpnunlimited.com/,dns,https://explorer.ooni.org/m/20260326070750.930648_KR_webconnectivity_88255823397ca6bb
https://www.womenforwomen.org/,ok,https://explorer.ooni.org/m/20260326070809.104356_KR_webconnectivity_9ea7373586ac214e
http://www.womenvoters.or.kr/,ok,https://explorer.ooni.org/m/20260326070818.742987_KR_webconnectivity_3fae4d0f2b5b98e3
https://yts.mx/,dns,https://explorer.ooni.org/m/20260326070819.997774_KR_webconnectivity_0670d2cec86fd7be
https://abs.twimg.com/sticky/default_profile_images/default_profile_normal.png,ok,https://explorer.ooni.org/m/20260326070823.011065_KR_webconnectivity_3327a808540c31c8
https://badoo.com/,dns,https://explorer.ooni.org/m/20260326070824.407701_KR_webconnectivity_23968b446e5db39b
https://bsky.app/,ok,https://explorer.ooni.org/m/20260326070828.869915_KR_webconnectivity_776a119bcd15451f
https://clubhouse.pubnub.com/,ok,https://explorer.ooni.org/m/20260326070833.012285_KR_webconnectivity_57cb31aeec561de2
https://edge-chat.instagram.com/robots.txt,ok,https://explorer.ooni.org/m/20260326070835.276481_KR_webconnectivity_b539108f234dbf16
https://edge-mqtt.facebook.com/favicon.ico,ok,https://explorer.ooni.org/m/20260326070837.636980_KR_webconnectivity_537ba522d8f3a386
https://gettr.com/,ok,https://explorer.ooni.org/m/20260326070842.264866_KR_webconnectivity_83d6153187208293
https://i.instagram.com/robots.txt,ok,https://explorer.ooni.org/m/20260326070845.516391_KR_webconnectivity_e807abd0b0250605
https://joinmastodon.org/,ok,https://explorer.ooni.org/m/20260326070905.295940_KR_webconnectivity_35c94e13caf13b05
https://locals.com/,ok,https://explorer.ooni.org/m/20260326070921.871135_KR_webconnectivity_cd34215cb8b6a09d
https://mastodon.cloud/,ok,https://explorer.ooni.org/m/20260326070927.110979_KR_webconnectivity_6679431a72f3a570
https://mastodon.social/,ok,https://explorer.ooni.org/m/20260326070933.459678_KR_webconnectivity_c4ef640fad099570
https://mstdn.io/,ok,https://explorer.ooni.org/m/20260326070938.945315_KR_webconnectivity_034ae9babe9e4587
https://pixelfed.social/,ok,https://explorer.ooni.org/m/20260326070945.387703_KR_webconnectivity_471408cd1f86bd9b
https://preview.redd.it/robots.txt,ok,https://explorer.ooni.org/m/20260326070947.731396_KR_webconnectivity_a0d2c52824cd2ab0
https://s.pinimg.com/robots.txt,ok,https://explorer.ooni.org/m/20260326070950.427816_KR_webconnectivity_f9f080d9d13e7695
https://scontent-vie1-1.cdninstagram.com/favicon.ico,ok,https://explorer.ooni.org/m/20260326070954.117386_KR_webconnectivity_8a9f95e8d318c0c3
https://scontent.cdninstagram.com/robots.txt,ok,https://explorer.ooni.org/m/20260326070957.406082_KR_webconnectivity_334ec24832647ba0
https://staticxx.facebook.com/robots.txt,ok,https://explorer.ooni.org/m/20260326071001.827632_KR_webconnectivity_81a479d03a9d43b4
https://valence.community/,ok,https://explorer.ooni.org/m/20260326071005.232773_KR_webconnectivity_d2bfb885dd19a9f5
https://video.twimg.com/tweet_video/EC6DSXDXsAEhHAa.mp4,ok,https://explorer.ooni.org/m/20260326071015.997834_KR_webconnectivity_327e1e98b7745641
https://web.facebook.com/robots.txt,ok,https://explorer.ooni.org/m/20260326071020.849923_KR_webconnectivity_683fd0198f857dcf
https://www.hootsuite.com/,ok,https://explorer.ooni.org/m/20260326071037.140820_KR_webconnectivity_ddf95df39611a757
https://www.imqq.com/,ok,https://explorer.ooni.org/m/20260326071045.720780_KR_webconnectivity_cfb477ae3e4c8e11
https://www.linkedin.com/,ok,https://explorer.ooni.org/m/20260326071104.273946_KR_webconnectivity_aff0d8c32ef1d002
https://www.minds.com/,ok,https://explorer.ooni.org/m/20260326071121.992040_KR_webconnectivity_15688aa949ea8804
https://www.patreon.com/,ok,https://explorer.ooni.org/m/20260326071139.871533_KR_webconnectivity_1752b0ba5cba7921
https://www.trendsmap.com/,tcp_ip,https://explorer.ooni.org/m/20260326071141.090252_KR_webconnectivity_c17282b2cb753183
https://www.worldpulse.com/,ok,https://explorer.ooni.org/m/20260326071145.516257_KR_webconnectivity_df857793d447b3cc
https://1.0.0.3/dns-query?dns=q80BAAABAAAAAAAAA3d3dwdleGFtcGxlA2NvbQAAAQAB,ok,https://explorer.ooni.org/m/20260326071147.992010_KR_webconnectivity_2f2214f30fab470d
https://9.9.9.9/dns-query?dns=q80BAAABAAAAAAAAA3d3dwdleGFtcGxlA2NvbQAAAQAB,tcp_ip,https://explorer.ooni.org/m/20260326071149.019350_KR_webconnectivity_217b6e42fb04c893
https://assets.gitlab-static.net/robots.txt,ok,https://explorer.ooni.org/m/20260326071151.827425_KR_webconnectivity_9ace434287778f16
https://gitlab.com/,dns,https://explorer.ooni.org/m/20260326071154.080778_KR_webconnectivity_ca964ad4394e441a
https://mozilla.cloudflare-dns.com/dns-query?dns=q80BAAABAAAAAAAAA3d3dwdleGFtcGxlA2NvbQAAAQAB,dns,https://explorer.ooni.org/m/20260326071155.250952_KR_webconnectivity_ded867fac4e9812a
http://r3.o.lencr.org/,ok,https://explorer.ooni.org/m/20260326071155.931860_KR_webconnectivity_7568b341b6214902
https://www.beintheknow.org/,dns,https://explorer.ooni.org/m/20260326071157.145796_KR_webconnectivity_375fd20b74bf516c
http://www.scarleteen.com/,dns,https://explorer.ooni.org/m/20260326071159.898040_KR_webconnectivity_e7e85326dececfd7
http://www.siecus.org/,dns,https://explorer.ooni.org/m/20260326071201.907742_KR_webconnectivity_b6638a84fa639822
https://alqassam.ps/,dns,https://explorer.ooni.org/m/20260326071204.075088_KR_webconnectivity_adc60c9175b3b2bc
https://beeg.com/,dns,https://explorer.ooni.org/m/20260326071205.286259_KR_webconnectivity_1023ff36161e11b6
https://dailystormer.in/,dns,https://explorer.ooni.org/m/20260326071206.719419_KR_webconnectivity_efb7c6d1d0ed102e
https://drugs-forum.com/,dns,https://explorer.ooni.org/m/20260326071208.937270_KR_webconnectivity_a101bf12e8703481
https://godhatesfags.com/,dns,https://explorer.ooni.org/m/20260326071210.205028_KR_webconnectivity_06497188ad39cfab
https://heroin.org/,dns,https://explorer.ooni.org/m/20260326071211.458651_KR_webconnectivity_01ca6805ee14cf73
http://ndfsk.dyndns.org/,ok,https://explorer.ooni.org/m/20260326071212.389779_KR_webconnectivity_cc6b7d0e9be14109
http://www.barmeister.com/,ok,https://explorer.ooni.org/m/20260326071213.450767_KR_webconnectivity_0b7feee92e34db8b
http://www.betfair.com/,dns,https://explorer.ooni.org/m/20260326071215.014772_KR_webconnectivity_9fe36ecf0efc2b46
https://www.cannaweed.com/,dns,https://explorer.ooni.org/m/20260326071216.711961_KR_webconnectivity_c239fc5d0c5300fb
https://www.casino.com/,dns,https://explorer.ooni.org/m/20260326071217.947768_KR_webconnectivity_781f04106345dfcc
https://www.churchofeuthanasia.org/,dns,https://explorer.ooni.org/m/20260326071219.507774_KR_webconnectivity_40aed9b253aa90e0
https://www.okcupid.com/,dns,https://explorer.ooni.org/m/20260326071222.096526_KR_webconnectivity_37dac2ed00ea8a44
http://www.partypoker.com/,dns,https://explorer.ooni.org/m/20260326071224.522749_KR_webconnectivity_511cc03f4613d009
https://www.partypoker.net/,dns,https://explorer.ooni.org/m/20260326071226.179930_KR_webconnectivity_d773ec68db02904c
https://www.playboy.com/,dns,https://explorer.ooni.org/m/20260326071227.710582_KR_webconnectivity_4e96129dde33d70b
http://www.rollitup.org/,dns,https://explorer.ooni.org/m/20260326071228.945472_KR_webconnectivity_a46c47a89059da0c
http://www.sex.com/,dns,https://explorer.ooni.org/m/20260326071230.238248_KR_webconnectivity_0d82c8b90f09dc47
https://www.shroomery.org/,dns,https://explorer.ooni.org/m/20260326071231.746602_KR_webconnectivity_16602688f33f8dce
https://bcc.chat/,ok,https://explorer.ooni.org/m/20260326071235.084214_KR_webconnectivity_cbfca0d18027e520
http://cafe.naver.com/gjhlk,ok,https://explorer.ooni.org/m/20260326071237.726346_KR_webconnectivity_08170d8621601b55
https://chatgpt.com/,ok,https://explorer.ooni.org/m/20260326071241.077107_KR_webconnectivity_cc0ba1249f55e543
https://chika.aangat.lahat.computer/,dns,https://explorer.ooni.org/m/20260326071243.332612_KR_webconnectivity_361356cddf2a2dcb
https://claude.ai/,ok,https://explorer.ooni.org/m/20260326071247.445202_KR_webconnectivity_44862c6af5008b1f
https://coronavirus.jhu.edu/map.html,ok,https://explorer.ooni.org/m/20260326071254.457541_KR_webconnectivity_7f12c5b12f41263e
https://disqus.com/,ok,https://explorer.ooni.org/m/20260326071258.212214_KR_webconnectivity_5361f7dba7e40c27
https://dit.whatsapp.net/robots.txt,ok,https://explorer.ooni.org/m/20260326071300.899275_KR_webconnectivity_6d92bc16c19887e9
https://encrypted-tbn0.gstatic.com/robots.txt,ok,https://explorer.ooni.org/m/20260326071304.168439_KR_webconnectivity_c0a4f97d0c124536
https://experience.arcgis.com/experience/685d0ace521648f8a5beeeee1b9125cd,ok,https://explorer.ooni.org/m/20260326071310.542165_KR_webconnectivity_ca9d1d9b66416420
https://hgis.uw.edu/virus/,ok,https://explorer.ooni.org/m/20260326071321.822635_KR_webconnectivity_e7026c841fa51997
http://imagebingo.naver.com/,ok,https://explorer.ooni.org/m/20260326071322.684547_KR_webconnectivity_afcf089165912a1d
http://imo.im/,ok,https://explorer.ooni.org/m/20260326071327.703819_KR_webconnectivity_666cad77bf84b15a
https://journals.lww.com/,ok,https://explorer.ooni.org/m/20260326071331.341654_KR_webconnectivity_1ad480e33091a01a
https://lbry.com/,ok,https://explorer.ooni.org/m/20260326071334.661498_KR_webconnectivity_3b747f2032ea8b67
https://lbry.org/,ok,https://explorer.ooni.org/m/20260326071342.064590_KR_webconnectivity_9bcac1f75f15f905
https://line.me/,ok,https://explorer.ooni.org/m/20260326071351.930060_KR_webconnectivity_d1dfd733b9cfcb1a
https://livestream.com/,ok,https://explorer.ooni.org/m/20260326071406.540940_KR_webconnectivity_82140a7e8eb959ea
https://mail.yandex.ru/,dns,https://explorer.ooni.org/m/20260326071407.970753_KR_webconnectivity_bb6e39e632cc2bb5
https://matrix-client.matrix.org/_matrix/client/versions,ok,https://explorer.ooni.org/m/20260326071410.468546_KR_webconnectivity_167663b460964c4f
https://matrix.org/,ok,https://explorer.ooni.org/m/20260326071415.233461_KR_webconnectivity_d1399f77141a0e46
https://matrix.to/,ok,https://explorer.ooni.org/m/20260326071418.788564_KR_webconnectivity_d20f05df39c7ab2d
https://mattermost.com/,ok,https://explorer.ooni.org/m/20260326071439.216937_KR_webconnectivity_c83a5f8353e4cd49
https://media-arn2-1.cdn.whatsapp.net/robots.txt,ok,https://explorer.ooni.org/m/20260326071444.711828_KR_webconnectivity_c136117837a70d31
https://meet.jit.si/,ok,https://explorer.ooni.org/m/20260326071452.575029_KR_webconnectivity_dac60b3bb368d520
https://odysee.com/,ok,https://explorer.ooni.org/m/20260326071456.492354_KR_webconnectivity_6cd6e953f646baac
http://onairkorean.tv/,dns,https://explorer.ooni.org/m/20260326071458.311482_KR_webconnectivity_4d82adf3fbb80115
https://openai.com/,ok,https://explorer.ooni.org/m/20260326071501.672643_KR_webconnectivity_34b52608fce7b211
https://openobservatory.slack.com/,ok,https://explorer.ooni.org/m/20260326071515.146312_KR_webconnectivity_06147cd25ea0dd04
https://pinboard.in/,ok,https://explorer.ooni.org/m/20260326071518.829945_KR_webconnectivity_4e7b63111979773f
https://postimage.io/,http-failure,https://explorer.ooni.org/m/20260326071522.589819_KR_webconnectivity_3709e021f13667ce
https://pps.whatsapp.net/robots.txt,ok,https://explorer.ooni.org/m/20260326071525.333688_KR_webconnectivity_74c1df006763675d
https://presearch.com/,ok,https://explorer.ooni.org/m/20260326071528.072729_KR_webconnectivity_6862eea9eb516a0c
http://sakhr.com/,ok,https://explorer.ooni.org/m/20260326071529.898991_KR_webconnectivity_40c5518c96015110
https://simplex.chat/,ok,https://explorer.ooni.org/m/20260326071544.107658_KR_webconnectivity_62b669c49f245b94
https://slack-imgs.com/,ok,https://explorer.ooni.org/m/20260326071549.092706_KR_webconnectivity_4d5b2bfae4e22f3d
https://slack.com/,ok,https://explorer.ooni.org/m/20260326071612.631301_KR_webconnectivity_a8718291fd251d2f
https://st1.zoom.us/zoom.ico,ok,https://explorer.ooni.org/m/20260326071616.665335_KR_webconnectivity_49a8f4f53b4df809
https://telegram.me/,dns,https://explorer.ooni.org/m/20260326071618.419402_KR_webconnectivity_559b63d2aab8fb2f
https://trello.com/,ok,https://explorer.ooni.org/m/20260326071638.142338_KR_webconnectivity_7a1c184f079cef9a
http://tvpot.daum.net/,dns,https://explorer.ooni.org/m/20260326071639.714729_KR_webconnectivity_affc9d1b56c0c940
http://tvpot.media.daum.net/,ok,https://explorer.ooni.org/m/20260326071641.000749_KR_webconnectivity_1e296c27791615c2
https://tvzil.com/,dns,https://explorer.ooni.org/m/20260326071643.919476_KR_webconnectivity_a9f7f6ef248d7c8f
https://webcache.googleusercontent.com/robots.txt,ok,https://explorer.ooni.org/m/20260326071647.915702_KR_webconnectivity_f9e7f2f8cb86f601
https://wire.com/,ok,https://explorer.ooni.org/m/20260326071701.224650_KR_webconnectivity_2941fd69b498a0e5
http://www.ask.com/,ok,https://explorer.ooni.org/m/20260326071708.381647_KR_webconnectivity_00955fcdfdead6a2
https://www.asterisk.org/,ok,https://explorer.ooni.org/m/20260326071711.251312_KR_webconnectivity_2a601993813896e2
https://www.bitchute.com/,ok,https://explorer.ooni.org/m/20260326071715.027718_KR_webconnectivity_d746173ef3d55897
https://www.bittorrent.com/,dns,https://explorer.ooni.org/m/20260326071716.683394_KR_webconnectivity_5087ea5ab21cc5a6
https://www.blackberry.com/,ok,https://explorer.ooni.org/m/20260326071737.451486_KR_webconnectivity_65a8872272d16c43
https://www.cdc.go.kr/board/board.es?mid=&bid=0030,error,https://explorer.ooni.org/m/20260326071740.475989_KR_webconnectivity_00d86f53b6a0ed0a
http://www.chol.com/,dns,https://explorer.ooni.org/m/20260326071743.096621_KR_webconnectivity_5bbd2ad5d8f47b6d
https://www.dailymotion.com/,ok,https://explorer.ooni.org/m/20260326071748.804141_KR_webconnectivity_e98aef24716c9280
https://www.deepseek.com/,dns,https://explorer.ooni.org/m/20260326071749.848910_KR_webconnectivity_37fa2641c554679d
https://www.ectaco.com/,dns,https://explorer.ooni.org/m/20260326071750.951312_KR_webconnectivity_3d47d57f04c63d7d
http://www.empas.com/,ok,https://explorer.ooni.org/m/20260326071753.241378_KR_webconnectivity_c33c4b4d383eaffc
https://www.excite.com/,dns,https://explorer.ooni.org/m/20260326071755.229198_KR_webconnectivity_ebf5783e3777d6e7
https://www.fastmail.com/,ok,https://explorer.ooni.org/m/20260326071808.862725_KR_webconnectivity_9f2adce62c2289eb
https://www.flickr.com/,ok,https://explorer.ooni.org/m/20260326071821.386259_KR_webconnectivity_2e21da80ebbeb598
https://www.gmx.com/,dns,https://explorer.ooni.org/m/20260326071822.752547_KR_webconnectivity_78829dcf794e6b84
http://www.kissphoto.net/,ok,https://explorer.ooni.org/m/20260326071824.380471_KR_webconnectivity_a982cf0484ade1d1
http://www.lets070.net/,ok,https://explorer.ooni.org/m/20260326071826.953731_KR_webconnectivity_05ad4c4e85287835
https://www.liveleak.com/,error,https://explorer.ooni.org/m/20260326071830.372295_KR_webconnectivity_61d2bb06b3c42402
http://www.lsinc.co.kr/,ok,https://explorer.ooni.org/m/20260326071831.233216_KR_webconnectivity_306b7361d5ce543a
http://www.lxnetworks.co.kr/,error,https://explorer.ooni.org/m/20260326071847.500703_KR_webconnectivity_5414ee7efc450d23
http://www.photobucket.com/,dns,https://explorer.ooni.org/m/20260326071848.302792_KR_webconnectivity_f92f01ffecd93cab
https://www.tumblr.com/,dns,https://explorer.ooni.org/m/20260326071849.173051_KR_webconnectivity_fe0884fde7a3afb7
https://www.twitch.tv/,dns,https://explorer.ooni.org/m/20260326071849.962390_KR_webconnectivity_c3eebe6c3b88c4ae
https://www.ushareit.com/,dns,https://explorer.ooni.org/m/20260326071852.056025_KR_webconnectivity_9cd498e61fea924e
https://www.vonage.com/,ok,https://explorer.ooni.org/m/20260326071856.326206_KR_webconnectivity_2ed79c69f31c572f
http://www.webbox.com/index.php,ok,https://explorer.ooni.org/m/20260326071857.884483_KR_webconnectivity_fbfbb0340febddaf
https://www.wordreference.com/,ok,https://explorer.ooni.org/m/20260326071900.297750_KR_webconnectivity_4b6a22654c3d68e4
https://www.y2mate.com/,dns,https://explorer.ooni.org/m/20260326071902.095609_KR_webconnectivity_ec2005761302c68b
http://www.zzn.com/,ok,https://explorer.ooni.org/m/20260326071904.315758_KR_webconnectivity_376d8af052290572
https://ya.ru/,dns,https://explorer.ooni.org/m/20260326071905.564547_KR_webconnectivity_a94a9cfb9e33da1a
http://416family.org/,ok,https://explorer.ooni.org/m/20260326071908.104643_KR_webconnectivity_e0accc542e5c3f4c
https://allthefallen.moe/,dns,https://explorer.ooni.org/m/20260326071910.561865_KR_webconnectivity_abb308061af3504b
https://anon.inf.tu-dresden.de/,dns,https://explorer.ooni.org/m/20260326071911.763072_KR_webconnectivity_98c329d4685e275a
http://beyondexgay.com/,http-diff,https://explorer.ooni.org/m/20260326071915.430848_KR_webconnectivity_22b426476710685e
https://bi.org/,dns,https://explorer.ooni.org/m/20260326071916.819873_KR_webconnectivity_1d2d285654c35534
https://boingboing.net/,dns,https://explorer.ooni.org/m/20260326071918.304248_KR_webconnectivity_7e7bc669aa5469b4
https://carafem.org/,dns,https://explorer.ooni.org/m/20260326071919.510766_KR_webconnectivity_707aa8d314f6d148
https://cryptome.org/,dns,https://explorer.ooni.org/m/20260326071921.517164_KR_webconnectivity_9f97cae4cdf190dd
https://dartcenter.org/,ok,https://explorer.ooni.org/m/20260326071924.965925_KR_webconnectivity_31f7a667d52387c8
https://defenddefenders.org/,ok,https://explorer.ooni.org/m/20260326071927.366836_KR_webconnectivity_54a533f76b8443d6
https://equal-eyes.org/,ok,https://explorer.ooni.org/m/20260326071946.177736_KR_webconnectivity_ddc77badc1c35294
https://foreignpolicy.com/,ok,https://explorer.ooni.org/m/20260326071959.298343_KR_webconnectivity_2ac20594beba484a
https://freenetproject.org/,dns,https://explorer.ooni.org/m/20260326072000.843556_KR_webconnectivity_f85cf94d3ba6716b
http://hcy.jinbo.net/,ok,https://explorer.ooni.org/m/20260326072003.976908_KR_webconnectivity_67852333bde90e48
https://hornet.com/,dns,https://explorer.ooni.org/m/20260326072006.076727_KR_webconnectivity_e180aa7925a0b603
http://hrnet.jinbo.net/,ok,https://explorer.ooni.org/m/20260326072008.976008_KR_webconnectivity_0b2fa25c22befb91
https://i2pd.website/,dns,https://explorer.ooni.org/m/20260326072011.314711_KR_webconnectivity_4de0e9a752ac592f
http://joins.com/,ok,https://explorer.ooni.org/m/20260326072017.902625_KR_webconnectivity_74feecbea5693438
https://justthepill.com/,dns,https://explorer.ooni.org/m/20260326072019.412134_KR_webconnectivity_588b502661d122bc
https://kaleidoscopetrust.com/,ok,https://explorer.ooni.org/m/20260326072032.503633_KR_webconnectivity_464bd155813751bd
https://keys.openpgp.org/,ok,https://explorer.ooni.org/m/20260326072037.312464_KR_webconnectivity_7c82751bb4b1515b
http://kfcitu.org/,ok,https://explorer.ooni.org/m/20260326072041.130980_KR_webconnectivity_48ea1a6f1bb84672
http://khilafah.net/,ok,https://explorer.ooni.org/m/20260326072106.396108_KR_webconnectivity_0b590d81ba234795
http://kieu.or.kr/,ok,https://explorer.ooni.org/m/20260326072114.034868_KR_webconnectivity_a1976938a2bb0c39
http://koreapinkmap.com/,ok,https://explorer.ooni.org/m/20260326072123.737508_KR_webconnectivity_40720504a689b954
http://koredufund.org.kp/,dns,https://explorer.ooni.org/m/20260326072127.854886_KR_webconnectivity_7c97dab2d7008d68
http://korelcfund.org.kp/,dns,https://explorer.ooni.org/m/20260326072132.139146_KR_webconnectivity_4a0dcb3fa365e0ff
http://ktu.or.kr/,tcp_ip,https://explorer.ooni.org/m/20260326072219.652074_KR_webconnectivity_ea0ea9454a19d604
https://laborrights.org/,ok,https://explorer.ooni.org/m/20260326072231.830074_KR_webconnectivity_695ca17c961ce566
http://leftworkers.org/,ok,https://explorer.ooni.org/m/20260326072233.404881_KR_webconnectivity_bd88b778033ce052
https://lgbt.foundation/,ok,https://explorer.ooni.org/m/20260326072251.382876_KR_webconnectivity_376aa416113c81ed
http://lgbtact.org/,dns,https://explorer.ooni.org/m/20260326072307.272945_KR_webconnectivity_586916b136dce360
https://lgbtqia.space/,ok,https://explorer.ooni.org/m/20260326072312.545864_KR_webconnectivity_3fb3173cacd4f839
https://liveuamap.com/,ok,https://explorer.ooni.org/m/20260326072339.759037_KR_webconnectivity_601a205367bdd541
https://lokinet.org/,ok,https://explorer.ooni.org/m/20260326072357.337632_KR_webconnectivity_4283852e4a02b837
https://makeamazonpay.com/,ok,https://explorer.ooni.org/m/20260326072413.676894_KR_webconnectivity_9c781372b10c418e
https://mask-api.icloud.com/,ok,https://explorer.ooni.org/m/20260326072422.967895_KR_webconnectivity_9fc39e7c2ab77550
https://mask.icloud.com/,error,https://explorer.ooni.org/m/20260326072427.706486_KR_webconnectivity_26e4e1d2083a24c6
https://massbrowser.cs.umass.edu/,ok,https://explorer.ooni.org/m/20260326072434.952512_KR_webconnectivity_d6ad55abc362af46
http://media.daum.net/,ok,https://explorer.ooni.org/m/20260326072501.720967_KR_webconnectivity_410211dcb12626b1
http://media.nodong.org/,ok,https://explorer.ooni.org/m/20260326072515.486509_KR_webconnectivity_b6cb171e2448e3c4
https://mega.nz/,ok,https://explorer.ooni.org/m/20260326072519.189304_KR_webconnectivity_cd1e27bc953513b7
http://members.tripod.com/~INDIA_RESOURCE/savoice.html,dns,https://explorer.ooni.org/m/20260326072528.314721_KR_webconnectivity_65ba01bde1af29ac
https://messagevortex.net/,ok,https://explorer.ooni.org/m/20260326072535.659233_KR_webconnectivity_9ae4604dc02e30d2
http://migrant.nodong.net/,ok,https://explorer.ooni.org/m/20260326072541.983273_KR_webconnectivity_4471df65495ecf3f
http://minbyun.jinbo.net/,ok,https://explorer.ooni.org/m/20260326072556.327565_KR_webconnectivity_106b870f1a7fd40c
https://moscow.rtrs.ru/,ok,https://explorer.ooni.org/m/20260326072600.268517_KR_webconnectivity_c91b9f78bbc7c3db
http://naenara.com.kp/,dns,https://explorer.ooni.org/m/20260326072604.739431_KR_webconnectivity_f042a47b22adad53
https://ncac.org/,ok,https://explorer.ooni.org/m/20260326072619.530526_KR_webconnectivity_a4b63eaa0b93bfc3
https://neilalexander.s3.dualstack.eu-west-2.amazonaws.com/deb/key.txt,ok,https://explorer.ooni.org/m/20260326072631.329573_KR_webconnectivity_1a764c238ddd4b4b
http://news.bbc.co.uk/2/hi/asia-pacific/,ok,https://explorer.ooni.org/m/20260326072642.684438_KR_webconnectivity_cc56d0ce72d2ffde
https://news.google.com/,ok,https://explorer.ooni.org/m/20260326072659.264460_KR_webconnectivity_8cb374f646fedd4d
http://news.naver.com/,ok,https://explorer.ooni.org/m/20260326072723.279041_KR_webconnectivity_5989328aa942ed26
http://newstapa.org/,ok,https://explorer.ooni.org/m/20260326072739.885926_KR_webconnectivity_de923dcc67cc8a86
http://nodong.org/,ok,https://explorer.ooni.org/m/20260326072810.880433_KR_webconnectivity_39976eab1be862a5
http://noneis.jinbo.net/,ok,https://explorer.ooni.org/m/20260326072831.385783_KR_webconnectivity_0ba812612a442eb4
https://now.org/,ok,https://explorer.ooni.org/m/20260326072844.056040_KR_webconnectivity_e3910a944acf4e1d
https://numun.fund/,ok,https://explorer.ooni.org/m/20260326072901.232844_KR_webconnectivity_2d81d6a8be6ecf1b
https://nypost.com/,ok,https://explorer.ooni.org/m/20260326072916.243281_KR_webconnectivity_8714754483951ddb
https://onionshare.org/,ok,https://explorer.ooni.org/m/20260326072923.973636_KR_webconnectivity_c6e386d27de9d3d9
https://ooni.torproject.org/,dns,https://explorer.ooni.org/m/20260326072925.649377_KR_webconnectivity_b2808c9278e85688
https://opennet.net/,ok,https://explorer.ooni.org/m/20260326072933.190821_KR_webconnectivity_3006f2f927b45411
http://opennet.or.kr/,ok,https://explorer.ooni.org/m/20260326072953.447339_KR_webconnectivity_33abd6da7e5c346c
https://openvpn.net/,dns,https://explorer.ooni.org/m/20260326072954.725290_KR_webconnectivity_b1eac4a74a1a791e
https://otr.cypherpunks.ca/,ok,https://explorer.ooni.org/m/20260326073002.435542_KR_webconnectivity_73ac1f6d918d9621
http://outpridekorea.com/,dns,https://explorer.ooni.org/m/20260326073018.687660_KR_webconnectivity_b56c3ea158ff5310
https://outrightinternational.org/,ok,https://explorer.ooni.org/m/20260326073034.076115_KR_webconnectivity_d9e2872953569732
http://peacekorea.org/,ok,https://explorer.ooni.org/m/20260326073042.694985_KR_webconnectivity_e045730b98774251
https://pirateparty.org.au/,ok,https://explorer.ooni.org/m/20260326073046.046969_KR_webconnectivity_6cdd62f7455cfd51
http://poor.jinbo.net/,ok,https://explorer.ooni.org/m/20260326073054.571836_KR_webconnectivity_10338258bb4eb229
http://ppss.kr/,ok,https://explorer.ooni.org/m/20260326073112.767887_KR_webconnectivity_8f5a636fd51ab76c
https://pridesource.com/,ok,https://explorer.ooni.org/m/20260326073128.438583_KR_webconnectivity_0434c493f8649ecb
https://proton.me/,ok,https://explorer.ooni.org/m/20260326073147.108877_KR_webconnectivity_3fc5aaf51fb934d0
https://protonvpn.com/,http-failure,https://explorer.ooni.org/m/20260326073209.369645_KR_webconnectivity_79e9897e838e97d2
http://proxy.org/,dns,https://explorer.ooni.org/m/20260326073225.492255_KR_webconnectivity_cfe8ee70e0996c04
http://proxytools.sourceforge.net/,ok,https://explorer.ooni.org/m/20260326073229.777957_KR_webconnectivity_abc93daeae1bd0a0
https://psiphon.ca/,dns,https://explorer.ooni.org/m/20260326073231.089765_KR_webconnectivity_52b82f1b9794877c
http://pssp.org/,ok,https://explorer.ooni.org/m/20260326073240.270810_KR_webconnectivity_354623aec93bf7a3
https://queernet-rlp.de/,ok,https://explorer.ooni.org/m/20260326073258.041571_KR_webconnectivity_94fe77c99a660b9b
https://radiofreel.github.io/,ok,https://explorer.ooni.org/m/20260326073303.050860_KR_webconnectivity_df19923429a1bf72
https://radiofreel.gitlab.io/,ok,https://explorer.ooni.org/m/20260326073311.636281_KR_webconnectivity_653b327ed638ca1a
https://reclaimthenet.org/,ok,https://explorer.ooni.org/m/20260326073326.361149_KR_webconnectivity_8c1956c378de3051
https://reliefweb.int/,ok,https://explorer.ooni.org/m/20260326073342.010502_KR_webconnectivity_7c22bffc1b7f7051
https://remailer.paranoici.org/,ok,https://explorer.ooni.org/m/20260326073347.193218_KR_webconnectivity_8448534ef7373caf
https://ren.tv/,ok,https://explorer.ooni.org/m/20260326073403.203255_KR_webconnectivity_f4503d3db28104f9
https://reproductiverights.org/,ok,https://explorer.ooni.org/m/20260326073416.938519_KR_webconnectivity_e0370d444e2cd079
https://ria.ru/,ok,https://explorer.ooni.org/m/20260326073432.449849_KR_webconnectivity_6b0d9cec35256c4b
http://rodong.rep.kp/,dns,https://explorer.ooni.org/m/20260326073458.790245_KR_webconnectivity_1d030cdcff676a54
https://rsf.org/,ok,https://explorer.ooni.org/m/20260326073521.216820_KR_webconnectivity_84e62fed090d811d
https://rtr-planeta.com/,ok,https://explorer.ooni.org/m/20260326073531.652107_KR_webconnectivity_dd1abc11fc9976af
http://russia.tv/,http-failure,https://explorer.ooni.org/m/20260326073548.353939_KR_webconnectivity_766fc825b60113f2
http://sadd.or.kr/,ok,https://explorer.ooni.org/m/20260326073606.077227_KR_webconnectivity_3b22284f63b4ab8c
https://safeabortionpill.org/,ok,https://explorer.ooni.org/m/20260326073612.792537_KR_webconnectivity_c2804e25a4d51495
https://safeabortionpills.com/,ok,https://explorer.ooni.org/m/20260326073617.337362_KR_webconnectivity_17b441d9c24e917d
http://samugol.net/,ok,https://explorer.ooni.org/m/20260326073639.939078_KR_webconnectivity_202cd59713db7ff3
https://sandbox.cryptpad.info/,ok,https://explorer.ooni.org/m/20260326073643.564240_KR_webconnectivity_bba5b0df1e402553
https://sea-watch.org/,ok,https://explorer.ooni.org/m/20260326073701.395736_KR_webconnectivity_5e561a8113953c78
https://secfirst.org/,error,https://explorer.ooni.org/m/20260326073704.444840_KR_webconnectivity_f4bbde2bccfb35bd
https://securevpn.im/,dns,https://explorer.ooni.org/m/20260326073706.720702_KR_webconnectivity_f80a838e6830d904
http://seoul.nodong.org/,ok,https://explorer.ooni.org/m/20260326073712.586843_KR_webconnectivity_830c70d55468b390
http://service.nodong.org/,ok,https://explorer.ooni.org/m/20260326073732.203844_KR_webconnectivity_ad2a2b352bf10b65
http://sewolho416.org/,ok,https://explorer.ooni.org/m/20260326073738.922803_KR_webconnectivity_3640ebd17866ece5
https://slate.com/,ok,https://explorer.ooni.org/m/20260326073753.336563_KR_webconnectivity_d2cd5a34311cf590
https://southfeministfutures.org/,ok,https://explorer.ooni.org/m/20260326073803.586488_KR_webconnectivity_f37d3158fa01a796
https://sputniknews.cn/,ok,https://explorer.ooni.org/m/20260326073821.916691_KR_webconnectivity_f0ec90fc8a4dc802
http://surprise.or.kr/board/,ok,https://explorer.ooni.org/m/20260326073834.251516_KR_webconnectivity_579b9acfd69327cf
https://tacticaltech.org/,ok,https://explorer.ooni.org/m/20260326073853.571067_KR_webconnectivity_bf9a174ff2711971
https://tails.net/,ok,https://explorer.ooni.org/m/20260326073857.491976_KR_webconnectivity_082d1bca4993c85a
https://theglobalobservatory.org/,ok,https://explorer.ooni.org/m/20260326073905.869848_KR_webconnectivity_e78a5ea83c77708a
http://theimpeter.com/,error,https://explorer.ooni.org/m/20260326073926.062417_KR_webconnectivity_7d6cc648b8ecc378
https://threema.ch/,ok,https://explorer.ooni.org/m/20260326073948.500104_KR_webconnectivity_9d9ddb73f458a8ff
https://timcast.com/,ok,https://explorer.ooni.org/m/20260326074006.728058_KR_webconnectivity_9ee4ff3452a8365b
http://times.hankooki.com/,dns,https://explorer.ooni.org/m/20260326074010.052488_KR_webconnectivity_2f29dd692ac5161b
https://timesofindia.indiatimes.com/,ok,https://explorer.ooni.org/m/20260326074028.122476_KR_webconnectivity_b87a8ce872955657
https://transequality.org/,ok,https://explorer.ooni.org/m/20260326074058.537272_KR_webconnectivity_c2f31154f3e3ddbf
http://transparency.or.kr/,ok,https://explorer.ooni.org/m/20260326074123.703025_KR_webconnectivity_fc634f4f1c014099
http://twokoreas.blogspot.com/,ok,https://explorer.ooni.org/m/20260326074148.301973_KR_webconnectivity_7248ad1555ac7695
https://tyt.com/,ok,https://explorer.ooni.org/m/20260326074214.504575_KR_webconnectivity_c4d3265a888cd6cf
https://unpo.org/,ok,https://explorer.ooni.org/m/20260326074244.221669_KR_webconnectivity_0e83ce8ef5ac2646
https://urgentactionfund.org/,ok,https://explorer.ooni.org/m/20260326074301.114508_KR_webconnectivity_47cf77ff7f2f456d
https://veracrypt.fr/,ok,https://explorer.ooni.org/m/20260326074307.614997_KR_webconnectivity_b3681689fd3c8567
https://vgtrk.ru/,ok,https://explorer.ooni.org/m/20260326074318.646443_KR_webconnectivity_6c0208315955786d
http://viewsnnews.com/,ok,https://explorer.ooni.org/m/20260326074331.079738_KR_webconnectivity_177b20f4f97df6c1
http://vok.rep.kp/,dns,https://explorer.ooni.org/m/20260326074337.968319_KR_webconnectivity_0d00bbca97470498
https://vuejs.org/,ok,https://explorer.ooni.org/m/20260326074351.567394_KR_webconnectivity_89153027894f9b38
http://wcollar.tistory.com/308,ok,https://explorer.ooni.org/m/20260326074354.448287_KR_webconnectivity_9b8c142b9cfc85e9
https://wearechange.org/,ok,https://explorer.ooni.org/m/20260326074408.382920_KR_webconnectivity_b15bfbf77a43f96d
https://wedo.org/,ok,https://explorer.ooni.org/m/20260326074428.728371_KR_webconnectivity_b3c15c92ac915fc0
https://wfrtds.org/,ok,https://explorer.ooni.org/m/20260326074445.102366_KR_webconnectivity_59f8c3cfe97cff9c
https://whrdic.org/,ok,https://explorer.ooni.org/m/20260326074454.238269_KR_webconnectivity_b95cda03d34d33ea
https://wickr.com/,ok,https://explorer.ooni.org/m/20260326074517.883354_KR_webconnectivity_fc5303cb05d0ccb5
https://wikileaks.org/,ok,https://explorer.ooni.org/m/20260326074525.187888_KR_webconnectivity_f650320429f039eb
https://women-on-web.kr/,ok,https://explorer.ooni.org/m/20260326074541.562013_KR_webconnectivity_42424ada28adb051
https://womeninblack.org/,ok,https://explorer.ooni.org/m/20260326074553.051644_KR_webconnectivity_fcf95691d76aeeb9
http://workingvoice.net/,ok,https://explorer.ooni.org/m/20260326074611.045044_KR_webconnectivity_e592b5224f27fa80
https://world.internationalism.org/,ok,https://explorer.ooni.org/m/20260326074622.318584_KR_webconnectivity_65969d1fdf3ef902
https://www.1tv.ru/,ok,https://explorer.ooni.org/m/20260326074637.986840_KR_webconnectivity_4e9e17e0077c8399
http://www.2016change.net/,ok,https://explorer.ooni.org/m/20260326074706.601733_KR_webconnectivity_dfe00e7ad977e469
https://www.access-unlocked.org/,ok,https://explorer.ooni.org/m/20260326074709.976259_KR_webconnectivity_2dc647025ab8d237
https://www.accessnow.org/,ok,https://explorer.ooni.org/m/20260326074724.461910_KR_webconnectivity_7a72c8abde361b33
https://www.afp.com/,ok,https://explorer.ooni.org/m/20260326074738.068153_KR_webconnectivity_def774b0b43a29d4
https://www.ahram.org.eg/,ok,https://explorer.ooni.org/m/20260326074826.131877_KR_webconnectivity_403562c3fe24280a
https://www.alhurra.com/,ok,https://explorer.ooni.org/m/20260326074842.108603_KR_webconnectivity_c3bee735eecddedb
https://www.aljazeera.com/,ok,https://explorer.ooni.org/m/20260326074906.253545_KR_webconnectivity_76e6983f0c2bfd57
https://www.aljazeera.net/,ok,https://explorer.ooni.org/m/20260326074922.959479_KR_webconnectivity_1fc9dc8b0daf8271
https://www.almanar.com.lb/,ok,https://explorer.ooni.org/m/20260326074941.469796_KR_webconnectivity_518f72efb4021642
http://www.amnesty.or.kr/,ok,https://explorer.ooni.org/m/20260326075005.094444_KR_webconnectivity_7e23717ca70e805a
https://www.amnesty.org/,ok,https://explorer.ooni.org/m/20260326075028.250273_KR_webconnectivity_079333c7e5c32eb1
https://www.amnestyusa.org/,ok,https://explorer.ooni.org/m/20260326075050.304460_KR_webconnectivity_6b21f1c98c39e821
http://www.amrc.org.hk/,ok,https://explorer.ooni.org/m/20260326075057.602523_KR_webconnectivity_b8e3587d9a80bbd6
https://www.apt.ch/,ok,https://explorer.ooni.org/m/20260326075113.008994_KR_webconnectivity_0c194cd046159145
http://www.apwld.org/,http-failure,https://explorer.ooni.org/m/20260326075125.595371_KR_webconnectivity_edff40cec8af1612
http://www.arrc-hre.com/,ok,https://explorer.ooni.org/m/20260326075203.761169_KR_webconnectivity_9272949bacf98ec0
http://www.asia-daily.com/,ok,https://explorer.ooni.org/m/20260326075208.364170_KR_webconnectivity_d8977242f614493f
http://www.asiamedia.ucla.edu/,tcp_ip,https://explorer.ooni.org/m/20260326075254.600300_KR_webconnectivity_51a654c3dbd64efa
http://www.asian-migrants.org/,http-failure,https://explorer.ooni.org/m/20260326075259.216954_KR_webconnectivity_95fc9fff306cfa29
http://www.asiapacificnews.com/,ok,https://explorer.ooni.org/m/20260326075300.777280_KR_webconnectivity_4b12f95b8f6eb9fe
https://www.awid.org/,ok,https://explorer.ooni.org/m/20260326075305.948713_KR_webconnectivity_c1cf84a899a56152
https://www.bbc.com/,ok,https://explorer.ooni.org/m/20260326075323.567011_KR_webconnectivity_52fd115bdd90aaeb
https://www.benarnews.org/,ok,https://explorer.ooni.org/m/20260326075340.709321_KR_webconnectivity_5bf0882903986498
https://www.benedelman.org/,ok,https://explorer.ooni.org/m/20260326075357.175829_KR_webconnectivity_e7f7d985b0a41352
http://www.bicommunitynews.co.uk/,ok,https://explorer.ooni.org/m/20260326075418.498231_KR_webconnectivity_b4500d7236c4988d
https://www.bitmask.net/,ok,https://explorer.ooni.org/m/20260326075429.301896_KR_webconnectivity_5a2bf5aba12bfc07
https://www.btselem.org/,ok,https://explorer.ooni.org/m/20260326075439.370939_KR_webconnectivity_e2fe591a20446fca
http://www.buddy79.com/,ok,https://explorer.ooni.org/m/20260326075451.391987_KR_webconnectivity_7119b43800b45324
https://www.buzzfeed.com/,ok,https://explorer.ooni.org/m/20260326075505.265824_KR_webconnectivity_8da9272da336fa18
https://www.caritas.org/,ok,https://explorer.ooni.org/m/20260326075529.181651_KR_webconnectivity_3f4d37d1560d9aed
https://www.cartercenter.org/,ok,https://explorer.ooni.org/m/20260326075549.230235_KR_webconnectivity_48365277eb385541
https://www.cbc.ca/,ok,https://explorer.ooni.org/m/20260326075604.481564_KR_webconnectivity_1ca09daae9e3edfe
https://www.cbsnews.com/,ok,https://explorer.ooni.org/m/20260326075625.367112_KR_webconnectivity_a1d849541fa7a9dc
http://www.ccdm.or.kr/,ok,https://explorer.ooni.org/m/20260326075653.530808_KR_webconnectivity_78fe97a107c9b264
http://www.cesr.org/,ok,https://explorer.ooni.org/m/20260326075714.061023_KR_webconnectivity_888523d70b930e12
https://www.cfr.org/,ok,https://explorer.ooni.org/m/20260326075729.724058_KR_webconnectivity_16b4e6e33aff5ef0
https://www.cgtn.com/,ok,https://explorer.ooni.org/m/20260326075753.999467_KR_webconnectivity_0d2dd3b6b410f3e1
https://www.change.org/,ok,https://explorer.ooni.org/m/20260326075815.368856_KR_webconnectivity_85fd51cf01feda60
http://www.channelnewsasia.com/,ok,https://explorer.ooni.org/m/20260326075833.532657_KR_webconnectivity_4c46d7305144aa49
https://www.chinadaily.com.cn/,ok,https://explorer.ooni.org/m/20260326075852.862362_KR_webconnectivity_4e39146147a797f2
http://www.chingusai.net/,dns,https://explorer.ooni.org/m/20260326075903.839741_KR_webconnectivity_449c24a071d1bfda
http://www.chosun.com/,ok,https://explorer.ooni.org/m/20260326075926.335535_KR_webconnectivity_68536a3ca0124bf8
https://www.cnbc.com/,ok,https://explorer.ooni.org/m/20260326075951.665516_KR_webconnectivity_d2cf425fd008ed87
http://www.cnnasiapacific.com/,tcp_ip,https://explorer.ooni.org/m/20260326080037.958872_KR_webconnectivity_fd9563483ab4470f
https://www.crisisgroup.org/,ok,https://explorer.ooni.org/m/20260326080048.764590_KR_webconnectivity_21ea8c3166451f5d
https://www.csmonitor.com/,ok,https://explorer.ooni.org/m/20260326080105.679292_KR_webconnectivity_3ec3db5a009c7577
https://www.currenttime.tv/,ok,https://explorer.ooni.org/m/20260326080120.057652_KR_webconnectivity_ef8034746b41d4dc
http://www.cwgl.rutgers.edu/,ok,https://explorer.ooni.org/m/20260326080129.013424_KR_webconnectivity_86236a4a00a07216
https://www.dailymail.co.uk/,ok,https://explorer.ooni.org/m/20260326080146.389901_KR_webconnectivity_ab7b921f88a15b4f
https://www.dailysabah.com/,ok,https://explorer.ooni.org/m/20260326080211.150225_KR_webconnectivity_67510fdfc2b65d47
https://www.dd-rd.ca/,ok,https://explorer.ooni.org/m/20260326080214.299048_KR_webconnectivity_3a767804eb1cead7
http://www.ddanzi.com/,ok,https://explorer.ooni.org/m/20260326080224.351245_KR_webconnectivity_5ba34b73b8555d6a
https://www.democracycaucus.net/,error,https://explorer.ooni.org/m/20260326080324.966579_KR_webconnectivity_2435fd9d3c97f168
https://www.democracynow.org/,ok,https://explorer.ooni.org/m/20260326080341.362181_KR_webconnectivity_99b7e680adf136f3
http://www.depdc.org/,ok,https://explorer.ooni.org/m/20260326080342.461129_KR_webconnectivity_83a36b06ac6f7486
https://www.derechos.org/,ok,https://explorer.ooni.org/m/20260326080348.403818_KR_webconnectivity_c06638a9be441060
http://www.donga.com/,ok,https://explorer.ooni.org/m/20260326080422.059398_KR_webconnectivity_0b646aae6fa5b6d4
https://www.dopplr.com/,ok,https://explorer.ooni.org/m/20260326080430.187370_KR_webconnectivity_0849692909d88712
http://www.drudgereport.com/,ok,https://explorer.ooni.org/m/20260326080439.899517_KR_webconnectivity_e165199bd4e4b7b6
https://www.dw.com/,ok,https://explorer.ooni.org/m/20260326080443.601086_KR_webconnectivity_d4f09020418cf91b
http://www.ebn.co.kr/,ok,https://explorer.ooni.org/m/20260326080505.453897_KR_webconnectivity_18ec3004457b44dd
http://www.ecequality.org/,ok,https://explorer.ooni.org/m/20260326080522.248407_KR_webconnectivity_7708db14d711a6ca
http://www.eduhope.net/,ok,https://explorer.ooni.org/m/20260326080536.622358_KR_webconnectivity_5c7e429d41c00412
https://www.eff.org/,ok,https://explorer.ooni.org/m/20260326080543.917994_KR_webconnectivity_7f1457aaffae3b60
https://www.eluniversal.com/,ok,https://explorer.ooni.org/m/20260326080559.716507_KR_webconnectivity_c6f5d5a500a1ccb5
https://www.endfgm.eu/,ok,https://explorer.ooni.org/m/20260326080605.287076_KR_webconnectivity_51ceeedd056e860f
http://www.equaline.or.kr/,ok,https://explorer.ooni.org/m/20260326080625.634004_KR_webconnectivity_8663e282d6b893fb
https://www.eurobicon.org/,dns,https://explorer.ooni.org/m/20260326080627.037263_KR_webconnectivity_f5b636f63bfed787
https://www.euronews.com/,ok,https://explorer.ooni.org/m/20260326080636.352564_KR_webconnectivity_847743f1d867f8d6
https://www.exitinternational.net/,ok,https://explorer.ooni.org/m/20260326080647.903383_KR_webconnectivity_90224104f962dd9a
https://www.expressvpn.com/,ok,https://explorer.ooni.org/m/20260326080704.134620_KR_webconnectivity_c05ee6564ef3f20c
https://www.f-secure.com/,http-failure,https://explorer.ooni.org/m/20260326080726.236433_KR_webconnectivity_82ed28a3b0b36bad
https://www.familyequality.org/,ok,https://explorer.ooni.org/m/20260326080745.852384_KR_webconnectivity_e45ef0ebd95104cb
https://www.feminist.com/,ok,https://explorer.ooni.org/m/20260326080803.149341_KR_webconnectivity_7fe03e41add3c382
https://www.fidh.org/,ok,https://explorer.ooni.org/m/20260326080814.228493_KR_webconnectivity_fc43a69ed6bdbe25
http://www.fktu.or.kr/,ok,https://explorer.ooni.org/m/20260326080826.198933_KR_webconnectivity_e0ca7471a6d415e5
https://www.fondationdefrance.org/,ok,https://explorer.ooni.org/m/20260326080845.017738_KR_webconnectivity_67da11214020c114
https://www.forbes.com/,ok,https://explorer.ooni.org/m/20260326080858.676057_KR_webconnectivity_aa8dd2f3dcfc02cc
https://www.fordfoundation.org/,ok,https://explorer.ooni.org/m/20260326080915.149864_KR_webconnectivity_9aa0cafd186d7983
http://www.forum-asia.org/,ok,https://explorer.ooni.org/m/20260326080917.551865_KR_webconnectivity_ce1ca44f3ac7cdd5
https://www.forum18.org/,ok,https://explorer.ooni.org/m/20260326080923.531071_KR_webconnectivity_1464116ed7b4ddd4
https://www.france24.com/,ok,https://explorer.ooni.org/m/20260326080927.319146_KR_webconnectivity_177a6b7fb84f1174
https://www.francemediasmonde.com/,ok,https://explorer.ooni.org/m/20260326080941.957082_KR_webconnectivity_f4e930aeea66891b
http://www.freedominfo.org/,ok,https://explorer.ooni.org/m/20260326080944.640574_KR_webconnectivity_c156ad1e3aa2816b
http://www.freeexpression.org/,ok,https://explorer.ooni.org/m/20260326081002.201444_KR_webconnectivity_3b4cb757f63df46d
https://www.freespeech.com/,ok,https://explorer.ooni.org/m/20260326081015.549000_KR_webconnectivity_1270fc360a05d796
https://www.frontlinedefenders.org/,ok,https://explorer.ooni.org/m/20260326081023.665445_KR_webconnectivity_101eca8df9b35e72
http://www.ftchinese.com/,ok,https://explorer.ooni.org/m/20260326081038.092571_KR_webconnectivity_c0fcd92af743cf29
http://www.gayegypt.com/,dns,https://explorer.ooni.org/m/20260326081039.619729_KR_webconnectivity_bbb85a15bb7d253a
http://www.gayscape.com/,dns,https://explorer.ooni.org/m/20260326081042.698806_KR_webconnectivity_e958bb1ba0e3c4ce
https://www.gearthblog.com/,ok,https://explorer.ooni.org/m/20260326081052.920617_KR_webconnectivity_46ec7afc171eae5e
https://www.genderit.org/,ok,https://explorer.ooni.org/m/20260326081058.742139_KR_webconnectivity_55911da68551ab58
https://www.getoutline.org/,ok,https://explorer.ooni.org/m/20260326081107.292321_KR_webconnectivity_a9b6c7aa6af69b3b
https://www.girlsnotbrides.org/,ok,https://explorer.ooni.org/m/20260326081122.473382_KR_webconnectivity_7096f4666e8481ee
http://www.glaad.org/,ok,https://explorer.ooni.org/m/20260326081136.223507_KR_webconnectivity_4ea8a93aca2a77cf
https://www.globaleaks.org/,ok,https://explorer.ooni.org/m/20260326081152.148109_KR_webconnectivity_1b6a003364970b79
https://www.globalfundforwomen.org/,ok,https://explorer.ooni.org/m/20260326081207.166392_KR_webconnectivity_f1c5649342c04915
http://www.globalgayz.com/g-korea.html,ok,https://explorer.ooni.org/m/20260326081218.243348_KR_webconnectivity_b4570717159d0efa
http://www.globalr2p.org/,ok,https://explorer.ooni.org/m/20260326081234.075496_KR_webconnectivity_1f1e739080527a43
https://www.glsen.org/,ok,https://explorer.ooni.org/m/20260326081245.972528_KR_webconnectivity_0b705947c68eaebd
http://www.gmhc.org/,ok,https://explorer.ooni.org/m/20260326081303.759960_KR_webconnectivity_07f9991106fb7bd2
https://www.gnu.org/,ok,https://explorer.ooni.org/m/20260326081310.579520_KR_webconnectivity_65d29db3b9159e57
https://www.gnupg.org/,ok,https://explorer.ooni.org/m/20260326081315.897601_KR_webconnectivity_8e038545d722e51f
http://www.gobalnews.com/,ok,https://explorer.ooni.org/m/20260326081329.099170_KR_webconnectivity_8efe170d90f07113
http://www.granma.cu/,ok,https://explorer.ooni.org/m/20260326081352.230706_KR_webconnectivity_3361665f4d6033cb
https://www.guerrillagirls.com/,dns,https://explorer.ooni.org/m/20260326081354.185567_KR_webconnectivity_7e5815d22f6df1c5
https://www.haaretz.com/,ok,https://explorer.ooni.org/m/20260326081407.682991_KR_webconnectivity_56c413ada12c8228
http://www.hani.co.kr/,ok,https://explorer.ooni.org/m/20260326081426.009880_KR_webconnectivity_aae8465029462f50
http://www.hankooki.com/,ok,https://explorer.ooni.org/m/20260326081445.097898_KR_webconnectivity_23f4d2c44e3d2c09
http://www.hellodd.com/,ok,https://explorer.ooni.org/m/20260326081502.217242_KR_webconnectivity_811819837f032637
https://www.herdict.org/,ok,https://explorer.ooni.org/m/20260326081513.765584_KR_webconnectivity_fa686c6537857094
https://www.heritage.org/,ok,https://explorer.ooni.org/m/20260326081528.686447_KR_webconnectivity_a7c8e7f11cf0f03f
https://www.heyjane.com/,ok,https://explorer.ooni.org/m/20260326081537.240759_KR_webconnectivity_c208a03a0a443291
http://www.hizb-ut-tahrir.org/,ok,https://explorer.ooni.org/m/20260326081555.218605_KR_webconnectivity_ade66f2670effab3
http://www.hopeandlaw.org/,ok,https://explorer.ooni.org/m/20260326081609.895779_KR_webconnectivity_791279fbcf9f52d9
http://www.hotline.or.kr/,ok,https://explorer.ooni.org/m/20260326081627.854729_KR_webconnectivity_27c79a4066c2f29b
http://www.hrc.org/,ok,https://explorer.ooni.org/m/20260326081643.366910_KR_webconnectivity_72bbb0102b1ce866
http://www.hrea.org/,ok,https://explorer.ooni.org/m/20260326081655.522174_KR_webconnectivity_d7c5f97beda1af10
https://www.huffpost.com/,ok,https://explorer.ooni.org/m/20260326081707.051742_KR_webconnectivity_5b801f7251b39e8d
https://www.humanrightsconnected.org/,ok,https://explorer.ooni.org/m/20260326081712.353363_KR_webconnectivity_96a07a0107215561
http://www.humanrightsfirst.org/,ok,https://explorer.ooni.org/m/20260326081726.341722_KR_webconnectivity_65f46c3f22045341
http://www.i615.net/,error,https://explorer.ooni.org/m/20260326081731.127381_KR_webconnectivity_86374f5a074407fb
http://www.iaffe.org/,ok,https://explorer.ooni.org/m/20260326081736.184606_KR_webconnectivity_9326b6849fc026d1
https://www.icij.org/,ok,https://explorer.ooni.org/m/20260326081800.133724_KR_webconnectivity_85144d870964c0b4
http://www.icrw.org/,ok,https://explorer.ooni.org/m/20260326081811.203704_KR_webconnectivity_e906c829495997f7
https://www.ictj.org/,ok,https://explorer.ooni.org/m/20260326081820.880859_KR_webconnectivity_b39ee9d4b9ff1fe6
http://www.idea.int/,ok,https://explorer.ooni.org/m/20260326081838.408670_KR_webconnectivity_5cbf1bba2dabd04f
http://www.ifj-asia.org/,tcp_ip,https://explorer.ooni.org/m/20260326081924.781891_KR_webconnectivity_3c52b7af210f2e4a
http://www.ifj.org/,ok,https://explorer.ooni.org/m/20260326081937.428985_KR_webconnectivity_eb3d14148011a9af
https://www.ihrc.org.uk/,ok,https://explorer.ooni.org/m/20260326081954.062079_KR_webconnectivity_1ce8818e893469dd
https://www.ijm.org/,ok,https://explorer.ooni.org/m/20260326082008.798465_KR_webconnectivity_dc296ae537d70a09
https://www.iknowpolitics.org/,ok,https://explorer.ooni.org/m/20260326082030.186663_KR_webconnectivity_d92cb5fa2e7b3494
https://www.ilga-europe.org/,ok,https://explorer.ooni.org/m/20260326082047.131053_KR_webconnectivity_00569157d180d23e
http://www.ilga.info/,ok,https://explorer.ooni.org/m/20260326082055.416894_KR_webconnectivity_590ad0b9a3f8629e
http://www.ilga.org/asia/,ok,https://explorer.ooni.org/m/20260326082107.522650_KR_webconnectivity_f54b41264db9dc72
http://www.ilo.org/public/english/region/asro/bangkok/child/trafficking/index.htm,ok,https://explorer.ooni.org/m/20260326082123.383537_KR_webconnectivity_e02b4ce29447740e
https://www.indiatimes.com/,ok,https://explorer.ooni.org/m/20260326082137.474524_KR_webconnectivity_15e096e9815c4c38
http://www.inews24.com/,ok,https://explorer.ooni.org/m/20260326082151.202278_KR_webconnectivity_cfdf36f3cdaf35f6
https://www.infowars.com/,ok,https://explorer.ooni.org/m/20260326082204.259729_KR_webconnectivity_964fb4e2c5fca660
http://www.inkwon.or.kr/,ok,https://explorer.ooni.org/m/20260326082217.644565_KR_webconnectivity_9623f94550ca1115
http://www.inminds.co.uk/,ok,https://explorer.ooni.org/m/20260326082229.770039_KR_webconnectivity_288cc88f5493dde5
https://www.ipetitions.com/,ok,https://explorer.ooni.org/m/20260326082241.145518_KR_webconnectivity_77359fb3d7ed4a9f
http://www.irna.ir/,ok,https://explorer.ooni.org/m/20260326082245.975162_KR_webconnectivity_635b8f015562006c
http://www.isiswomen.org/,ok,https://explorer.ooni.org/m/20260326082250.529289_KR_webconnectivity_83c25c8f0a59d1f2
http://www.islamawareness.net/,ok,https://explorer.ooni.org/m/20260326082257.727585_KR_webconnectivity_9d8d666a6ac3cd4e
http://www.islamawareness.net/Asia/KoreaSouth/,ok,https://explorer.ooni.org/m/20260326082302.559830_KR_webconnectivity_a93c86ae826c7344
http://www.islamkorea.com/,ok,https://explorer.ooni.org/m/20260326082320.416850_KR_webconnectivity_0ff5242f09166851
http://www.iwraw-ap.org/,ok,https://explorer.ooni.org/m/20260326082336.283462_KR_webconnectivity_7073901a3daf186f
https://www.iwraw-ap.org/,ok,https://explorer.ooni.org/m/20260326082346.008288_KR_webconnectivity_875b632a1a7d0e06
http://www.japantimes.co.jp/,ok,https://explorer.ooni.org/m/20260326082400.817765_KR_webconnectivity_123d7cd06cb8bae4
http://www.jcmk.org/,ok,https://explorer.ooni.org/m/20260326082415.107896_KR_webconnectivity_737fe4e3e5551e24
http://www.jhr.ca/,ok,https://explorer.ooni.org/m/20260326082434.728666_KR_webconnectivity_b0fb0e1023b52fb8
http://www.jinbocorea.org/,ok,https://explorer.ooni.org/m/20260326082453.368027_KR_webconnectivity_7650173cf924455b
http://www.jmarshall.com/,ok,https://explorer.ooni.org/m/20260326082459.299288_KR_webconnectivity_3924f7001ffb2fd5
https://www.jmarshall.com/,ok,https://explorer.ooni.org/m/20260326082503.319477_KR_webconnectivity_b0380190536ee693
http://www.kcna.co.jp/,confirmed,https://explorer.ooni.org/m/20260326082506.326910_KR_webconnectivity_b615d5dc2d97d1eb
http://www.kctu.org/,ok,https://explorer.ooni.org/m/20260326082514.716712_KR_webconnectivity_2018c2a1ef66ac01
http://www.kdawu.org/,ok,https://explorer.ooni.org/m/20260326082523.913705_KR_webconnectivity_f2eb26b93e9518a5
http://www.kdlp.org/,ok,https://explorer.ooni.org/m/20260326082528.749607_KR_webconnectivity_c312411a621d6027
http://www.khan.co.kr/,ok,https://explorer.ooni.org/m/20260326082545.986209_KR_webconnectivity_b78fba1a5468b7a0
http://www.kita.net/,ok,https://explorer.ooni.org/m/20260326082610.754851_KR_webconnectivity_bd52a710dc765b21
http://www.kncc.or.kr/,ok,https://explorer.ooni.org/m/20260326082628.081327_KR_webconnectivity_02854a864b95461f
http://www.kngo.net/,ok,https://explorer.ooni.org/m/20260326082638.325606_KR_webconnectivity_b794322e9a0ebd12
http://www.koreaherald.co.kr/,ok,https://explorer.ooni.org/m/20260326082651.285861_KR_webconnectivity_f1550c377c6a7d5c
http://www.korealiberator.org/,ok,https://explorer.ooni.org/m/20260326082659.161812_KR_webconnectivity_f3837379079f7b2b
http://www.korva.or.kr/,ok,https://explorer.ooni.org/m/20260326082710.010859_KR_webconnectivity_3d38cbc7a46acc20
http://www.kpil.org/,ok,https://explorer.ooni.org/m/20260326082720.168065_KR_webconnectivity_0c0c0bf3f748fa48
http://www.kwdi.re.kr/,ok,https://explorer.ooni.org/m/20260326082753.895693_KR_webconnectivity_26d73075eb47eb0a
http://www.kwpa.org/,ok,https://explorer.ooni.org/m/20260326082803.257674_KR_webconnectivity_f87fe0a4d671dafe
http://www.kwwnet.org/,ok,https://explorer.ooni.org/m/20260326082824.593673_KR_webconnectivity_d80977c6f30fb74d
http://www.laborrightsnow.org/,ok,https://explorer.ooni.org/m/20260326082829.773379_KR_webconnectivity_686e45b11b91a163
http://www.lanacion.com.ar/,ok,https://explorer.ooni.org/m/20260326082842.229089_KR_webconnectivity_5abfac83ba68b761
https://www.laquadrature.net/,ok,https://explorer.ooni.org/m/20260326082853.410694_KR_webconnectivity_d569e78c1b2a1e2c
http://www.latimes.com/,ok,https://explorer.ooni.org/m/20260326082909.629193_KR_webconnectivity_2a7380715fa4f2cf
https://www.lds.org/,ok,https://explorer.ooni.org/m/20260326082924.492064_KR_webconnectivity_a7c80ba5f55f6c2d
http://www.learningpartnership.org/,ok,https://explorer.ooni.org/m/20260326082939.007514_KR_webconnectivity_252c334eb08d3bfe
https://www.lemonde.fr/,ok,https://explorer.ooni.org/m/20260326082955.314890_KR_webconnectivity_8ee83ec955f3ac8f
https://www.lgbtmap.org/,ok,https://explorer.ooni.org/m/20260326083008.260940_KR_webconnectivity_ded2491c3d053e79
http://www.lgbtpride.or.kr/,ok,https://explorer.ooni.org/m/20260326083022.143367_KR_webconnectivity_fb1b2fa46d1172ea
https://www.lgbtqnation.com/,ok,https://explorer.ooni.org/m/20260326083035.981758_KR_webconnectivity_c5a55345a7f2aa35
https://www.lilithfund.org/,ok,https://explorer.ooni.org/m/20260326083049.203811_KR_webconnectivity_20975e084561c9a4
http://www.littlespeck.com/,ok,https://explorer.ooni.org/m/20260326083056.515807_KR_webconnectivity_84e4ecab05ccdb33
https://www.logmein.com/,ok,https://explorer.ooni.org/m/20260326083059.362579_KR_webconnectivity_b019126316993e21
https://www.madre.org/,ok,https://explorer.ooni.org/m/20260326083117.624854_KR_webconnectivity_a80a0e34eabf57af
http://www.mainichi.co.jp/,ok,https://explorer.ooni.org/m/20260326083123.055778_KR_webconnectivity_98eec923235250bc
https://www.mamacash.org/,ok,https://explorer.ooni.org/m/20260326083135.187370_KR_webconnectivity_4ba000cbd584c049
https://www.martus.org/,ok,https://explorer.ooni.org/m/20260326083139.794348_KR_webconnectivity_912c911119d72671
https://www.mc-doualiya.com/,ok,https://explorer.ooni.org/m/20260326083142.958992_KR_webconnectivity_b0d7e55ba3a4cd82
http://www.mediareform.co.kr/,ok,https://explorer.ooni.org/m/20260326083152.220557_KR_webconnectivity_e608c54639515698
http://www.mediatoday.co.kr/,ok,https://explorer.ooni.org/m/20260326083205.906799_KR_webconnectivity_bfc2cfabd6d3c27b
http://www.mediaus.co.kr/,ok,https://explorer.ooni.org/m/20260326083223.104401_KR_webconnectivity_9ad74553d0a6884c
http://www.migrant114.org/,dns,https://explorer.ooni.org/m/20260326083227.383884_KR_webconnectivity_a9b3bff0e3dd0713
http://www.mongu.net/,ok,https://explorer.ooni.org/m/20260326083234.746288_KR_webconnectivity_dd2f9cc518c6687f
https://www.mormon.org/,ok,https://explorer.ooni.org/m/20260326083243.474495_KR_webconnectivity_6643bc76f2fbe7d2
https://www.muckrock.com/,ok,https://explorer.ooni.org/m/20260326083256.987022_KR_webconnectivity_27cb5c6d49843b47
https://www.musalaha.org/,ok,https://explorer.ooni.org/m/20260326083309.520842_KR_webconnectivity_19c6893efeff6277
http://www.naeil.com/,ok,https://explorer.ooni.org/m/20260326083315.730717_KR_webconnectivity_0089bf27879c5dc9
https://www.namecoin.org/,ok,https://explorer.ooni.org/m/20260326083320.623795_KR_webconnectivity_6c904783ca05c97e
https://www.nbc.com/,ok,https://explorer.ooni.org/m/20260326083334.210639_KR_webconnectivity_3a2674d2fee34d23
https://www.nbcnews.com/,ok,https://explorer.ooni.org/m/20260326083346.676287_KR_webconnectivity_22762d8c419bc5ec
https://www.nbcnewyork.com/,ok,https://explorer.ooni.org/m/20260326083359.911696_KR_webconnectivity_02283241d1c12a48
http://www.nclrights.org/,ok,https://explorer.ooni.org/m/20260326083413.564984_KR_webconnectivity_ddd4bf31985744dd
https://www.ndi.org/,ok,https://explorer.ooni.org/m/20260326083429.184590_KR_webconnectivity_4aee862b055c9c9d
https://www.ned.org/,ok,https://explorer.ooni.org/m/20260326083443.193031_KR_webconnectivity_b9e7a7de4c48315f
http://www.newnownext.com/,ok,https://explorer.ooni.org/m/20260326083501.930552_KR_webconnectivity_a6714a439239db60
http://www.newnownext.com/franchise/the-backlot/,ok,https://explorer.ooni.org/m/20260326083514.845872_KR_webconnectivity_f6ce1d1d57798ed8
http://www.newscham.net/,ok,https://explorer.ooni.org/m/20260326083524.152785_KR_webconnectivity_e802e0ff3ea9abd9
https://www.njal.la/,ok,https://explorer.ooni.org/m/20260326083533.875031_KR_webconnectivity_ce2f627ba89663cd
http://www.nkzone.org/,tcp_ip,https://explorer.ooni.org/m/20260326083620.459102_KR_webconnectivity_fa5cd77920de1f42
http://www.nocutnews.co.kr/,ok,https://explorer.ooni.org/m/20260326083637.497240_KR_webconnectivity_09c2a866f988f8f6
http://www.nodong.org/,ok,https://explorer.ooni.org/m/20260326083655.385629_KR_webconnectivity_115becbe113f28bc
http://www.nonghyup.com/,ok,https://explorer.ooni.org/m/20260326083700.071467_KR_webconnectivity_279d8b71cd3f83c5
https://www.nostraightnews.com/,ok,https://explorer.ooni.org/m/20260326083713.475260_KR_webconnectivity_2d918009fb60fac9
https://www.npr.org/,ok,https://explorer.ooni.org/m/20260326083731.872535_KR_webconnectivity_aecb8e434080e4c0
https://www.ntv.ru/,ok,https://explorer.ooni.org/m/20260326083750.730833_KR_webconnectivity_30a22d19dbbbe94c
https://www.nwci.ie/,ok,https://explorer.ooni.org/m/20260326083759.931420_KR_webconnectivity_c18b9aa885403a8f
https://www.oas.org/,ok,https://explorer.ooni.org/m/20260326083810.288227_KR_webconnectivity_a12fdaf34764b865
https://www.occrp.org/,ok,https://explorer.ooni.org/m/20260326083827.706498_KR_webconnectivity_6c026eb174fcfbe0
http://www.ohmynews.com/,ok,https://explorer.ooni.org/m/20260326083847.558072_KR_webconnectivity_b43894eba8a227e4
http://www.omct.org/,ok,https://explorer.ooni.org/m/20260326083906.370130_KR_webconnectivity_d7ceea6cf06547b8
https://www.omct.org/,ok,https://explorer.ooni.org/m/20260326083928.711944_KR_webconnectivity_8f8e0c2272ca5edf
https://www.opendns.com/,ok,https://explorer.ooni.org/m/20260326083932.605092_KR_webconnectivity_6dfbe3d7719a801a
https://www.openpgp.org/,ok,https://explorer.ooni.org/m/20260326083936.639097_KR_webconnectivity_e31f62e5903cb997
https://www.ou.org/,ok,https://explorer.ooni.org/m/20260326083953.720244_KR_webconnectivity_b25ae73d92d4d131
http://www.pcusa.org/,ok,https://explorer.ooni.org/m/20260326084010.109608_KR_webconnectivity_02f3aae6317cab21
http://www.people.com.cn/,ok,https://explorer.ooni.org/m/20260326084025.122032_KR_webconnectivity_891c955038d8fb18
http://www.peoplepower21.org/,ok,https://explorer.ooni.org/m/20260326084036.784317_KR_webconnectivity_a0617bfb3152a52b
https://www.phpmyadmin.net/,ok,https://explorer.ooni.org/m/20260326084043.537947_KR_webconnectivity_d52120e6c056ed90
http://www.pikicast.com/,error,https://explorer.ooni.org/m/20260326084045.975653_KR_webconnectivity_1faca9622dd94904
https://www.pinknews.co.uk/,http-failure,https://explorer.ooni.org/m/20260326084047.924035_KR_webconnectivity_11533272dde57c9b
https://www.piratenpartei.ch/,ok,https://explorer.ooni.org/m/20260326084057.096009_KR_webconnectivity_47d18b7c75945c6b
http://www.piratpartiet.se/,ok,https://explorer.ooni.org/m/20260326084114.564133_KR_webconnectivity_583f8e19aa2491f1
https://www.plancpills.org/,dns,https://explorer.ooni.org/m/20260326084115.783289_KR_webconnectivity_e5d3eaaa98373ab3
http://www.poweroftruth.net/,ok,https://explorer.ooni.org/m/20260326084129.006594_KR_webconnectivity_f258cf4f62d5f901
https://www.pravda.ru/,dns,https://explorer.ooni.org/m/20260326084144.938695_KR_webconnectivity_240a006b2999ef4a
http://www.pressian.com/,ok,https://explorer.ooni.org/m/20260326084159.264879_KR_webconnectivity_e5d2f78e841ba87c
https://www.pridemedia.com/,ok,https://explorer.ooni.org/m/20260326084210.471727_KR_webconnectivity_9a9047a25bd307b5
https://www.privacidade.digital/,ok,https://explorer.ooni.org/m/20260326084217.135864_KR_webconnectivity_6948cb6a56fc7b7c
https://www.privacyguides.org/,ok,https://explorer.ooni.org/m/20260326084225.932343_KR_webconnectivity_767a7aaf9ed52850
https://www.privacyinternational.org/,ok,https://explorer.ooni.org/m/20260326084235.050565_KR_webconnectivity_1382e80016f0e9ec
https://www.privacytools.io/,ok,https://explorer.ooni.org/m/20260326084242.218384_KR_webconnectivity_e22e99f183d0e443
http://www.privaterra.org/,ok,https://explorer.ooni.org/m/20260326084302.705666_KR_webconnectivity_12d709bb7dc38ab7
https://www.projectveritas.com/,ok,https://explorer.ooni.org/m/20260326084314.045876_KR_webconnectivity_a9fcf3119ec0160e
https://www.propublica.org/,ok,https://explorer.ooni.org/m/20260326084328.811678_KR_webconnectivity_63a14957687dc9a4
https://www.protectioninternational.org/,ok,https://explorer.ooni.org/m/20260326084345.203873_KR_webconnectivity_c8744d3924a2e2ac
http://www.qhnews.com/,ok,https://explorer.ooni.org/m/20260326084400.364002_KR_webconnectivity_0094364552aebea9
http://www.radicalparty.org/,ok,https://explorer.ooni.org/m/20260326084420.953158_KR_webconnectivity_3245e7e3d34d7392
http://www.rainbowfoundation.co.kr/,ok,https://explorer.ooni.org/m/20260326084439.577515_KR_webconnectivity_86c03f009559dc25
https://www.rambler.ru/,ok,https://explorer.ooni.org/m/20260326084510.808605_KR_webconnectivity_c3cd2b2a24879bf9
https://www.rawa.org/,ok,https://explorer.ooni.org/m/20260326084513.713923_KR_webconnectivity_2d88ce6546625fd7
http://www.redian.org/,ok,https://explorer.ooni.org/m/20260326084526.297111_KR_webconnectivity_d76d4c74c794763b
https://www.redstateaccess.com/,ok,https://explorer.ooni.org/m/20260326084529.713960_KR_webconnectivity_50719bea2b2e110a
http://www.repubblica.com/,ok,https://explorer.ooni.org/m/20260326084547.079602_KR_webconnectivity_473196f7bb297a47
https://www.reuters.com/,ok,https://explorer.ooni.org/m/20260326084554.531710_KR_webconnectivity_e42b887e76a26e76
https://www.rfa.org/,ok,https://explorer.ooni.org/m/20260326084613.092010_KR_webconnectivity_1697db2ba73c2aa5
https://www.rferl.org/,ok,https://explorer.ooni.org/m/20260326084627.728130_KR_webconnectivity_15ec659a36a24cfc
http://www.rights.or.kr/,ok,https://explorer.ooni.org/m/20260326084639.089785_KR_webconnectivity_d8f60bfe5e98329b
http://www.righttodie.ca/,ok,https://explorer.ooni.org/m/20260326084643.099609_KR_webconnectivity_21f8b260bd816b4e
http://www.rsf.org/article.php3?id_article=17361,ok,https://explorer.ooni.org/m/20260326084658.431228_KR_webconnectivity_685ab5bf1d46dc88
https://www.rt.com/,ok,https://explorer.ooni.org/m/20260326084719.527764_KR_webconnectivity_31fad56cc56ba48f
https://www.rtarabic.com/,ok,https://explorer.ooni.org/m/20260326084742.124929_KR_webconnectivity_81307a907733ca10
https://www.savethechildren.net/,ok,https://explorer.ooni.org/m/20260326084804.293982_KR_webconnectivity_cc4904958a168301
https://www.sbs.com.au/language/coronavirus?cid=infocus,ok,https://explorer.ooni.org/m/20260326084837.045941_KR_webconnectivity_33cb17241dd13bfd
https://www.scmp.com/,ok,https://explorer.ooni.org/m/20260326084854.453023_KR_webconnectivity_df61dbc9725f1c76
https://www.secfirst.org/,error,https://explorer.ooni.org/m/20260326084901.478713_KR_webconnectivity_6ae36aea190d79b6
https://www.securityinabox.org/,ok,https://explorer.ooni.org/m/20260326084910.054766_KR_webconnectivity_59a5e344c1cbfdcb
http://www.sisters.or.kr/,ok,https://explorer.ooni.org/m/20260326084930.883483_KR_webconnectivity_3423c2ec95bf2dcd
https://www.spiegel.de/,ok,https://explorer.ooni.org/m/20260326084956.395513_KR_webconnectivity_06cdee2e58df34d3
http://www.state.gov/g/drl/rls/hrrpt/2004/41647.htm,ok,https://explorer.ooni.org/m/20260326085017.934794_KR_webconnectivity_e0844d941ed5905d
https://www.stonewall.org.uk/,ok,https://explorer.ooni.org/m/20260326085036.020050_KR_webconnectivity_f3c57c5661ff1f1f
http://www.stopstreetharassment.org/,ok,https://explorer.ooni.org/m/20260326085050.309540_KR_webconnectivity_e00d5b7007807353
https://www.techlore.tech/,ok,https://explorer.ooni.org/m/20260326085105.276132_KR_webconnectivity_4167503af5606947
https://www.terredeshommes.nl/,ok,https://explorer.ooni.org/m/20260326085124.701265_KR_webconnectivity_ff9a13a7b1696d31
https://www.theguardian.com/,ok,https://explorer.ooni.org/m/20260326085145.499590_KR_webconnectivity_6828b0cf6114ff86
https://www.thetrevorproject.org/,ok,https://explorer.ooni.org/m/20260326085212.391870_KR_webconnectivity_bf31b84a1087d79d
http://www.tongilnews.com/,ok,https://explorer.ooni.org/m/20260326085238.306432_KR_webconnectivity_b02fde20de6ba525
https://www.tvc.ru/,ok,https://explorer.ooni.org/m/20260326085248.730854_KR_webconnectivity_0ed0ec71012d1963
http://www.u4.no/,ok,https://explorer.ooni.org/m/20260326085309.533934_KR_webconnectivity_c756aa245e3380c7
https://www.upi.com/Top_News/World-News/2019/07/11/Amnesty-International-LGBT-soldiers-face-abuse-in-South-Korea-military/1461562819145/,ok,https://explorer.ooni.org/m/20260326085331.023030_KR_webconnectivity_32a2967e61d8b8c3
https://www.urduvoa.com/,ok,https://explorer.ooni.org/m/20260326085342.107904_KR_webconnectivity_8c385c4119799309
https://www.usatoday.com/,ok,https://explorer.ooni.org/m/20260326085359.562097_KR_webconnectivity_40ba805ded2dfea3
https://www.vesti.ru/,ok,https://explorer.ooni.org/m/20260326085421.641851_KR_webconnectivity_a1275eefad85dbab
https://www.vice.com/,ok,https://explorer.ooni.org/m/20260326085447.197039_KR_webconnectivity_6f63be48c61c592d
https://www.voanews.com/,ok,https://explorer.ooni.org/m/20260326085502.315701_KR_webconnectivity_510b64b0300425dc
https://www.vpngate.net/,dns,https://explorer.ooni.org/m/20260326085508.632535_KR_webconnectivity_54dc301b5716da52
https://www.warchild.net/,ok,https://explorer.ooni.org/m/20260326085520.610518_KR_webconnectivity_778205f334d9843e
https://www.washingtontimes.com/,ok,https://explorer.ooni.org/m/20260326085541.855313_KR_webconnectivity_43f46092d4ac4f6d
http://www.well.com/,ok,https://explorer.ooni.org/m/20260326085559.831721_KR_webconnectivity_ca4d91cb5b3b029a
http://www.well.com/user/queerjhd/,ok,https://explorer.ooni.org/m/20260326085606.678856_KR_webconnectivity_632834e48649b00c
http://www.wftucentral.org/,ok,https://explorer.ooni.org/m/20260326085618.614553_KR_webconnectivity_6381566f3c472a07
https://www.wiesenthal.com/,ok,https://explorer.ooni.org/m/20260326085633.021156_KR_webconnectivity_a3ce895e7de8905a
https://www.wilpf.org/,ok,https://explorer.ooni.org/m/20260326085651.189516_KR_webconnectivity_758da359ff8d7324
http://www.withoutwar.org/,ok,https://explorer.ooni.org/m/20260326085707.481790_KR_webconnectivity_6b7ddad147c35ac5
https://www.witness.org/,ok,https://explorer.ooni.org/m/20260326085725.761582_KR_webconnectivity_6784a0aedeb21255
http://www.wluml.org/,ok,https://explorer.ooni.org/m/20260326085745.997138_KR_webconnectivity_110d6dec65566399
http://www.wnd.com/,ok,https://explorer.ooni.org/m/20260326085800.428843_KR_webconnectivity_ff0027ea7f600c30
https://www.womankind.org.uk/,ok,https://explorer.ooni.org/m/20260326085804.116489_KR_webconnectivity_1807a24c2b98e0d5
http://www.women21.or.kr/,ok,https://explorer.ooni.org/m/20260326085812.652284_KR_webconnectivity_8dc3e2270620e36e
https://www.womenforafghanwomen.org/,ok,https://explorer.ooni.org/m/20260326085828.735747_KR_webconnectivity_bf187d8097a09b74
http://www.womenlink.or.kr/,ok,https://explorer.ooni.org/m/20260326085847.308298_KR_webconnectivity_cb3f914110f297ad
http://www.womennews.co.kr/,ok,https://explorer.ooni.org/m/20260326085912.321549_KR_webconnectivity_beaf3d2971157b4f
https://www.womenpeacemakersprogram.org/,ok,https://explorer.ooni.org/m/20260326085929.125665_KR_webconnectivity_ead85913dc44a1ce
http://www.womensmediacenter.com/,ok,https://explorer.ooni.org/m/20260326085938.342225_KR_webconnectivity_79d468f1cb664f0b
http://www.worldcoalition.org/,ok,https://explorer.ooni.org/m/20260326085952.449184_KR_webconnectivity_590d71b6e6b100bb
https://www.wsj.com/,ok,https://explorer.ooni.org/m/20260326085958.450296_KR_webconnectivity_b7d501a2767aed7b
http://www.xinhuanet.com/,ok,https://explorer.ooni.org/m/20260326090019.652663_KR_webconnectivity_434f8b1878c3f23e
https://www.yellowhammerfund.org/,ok,https://explorer.ooni.org/m/20260326090032.448447_KR_webconnectivity_63c3d5cb7f212df9
http://www.yonhapnews.co.kr/,ok,https://explorer.ooni.org/m/20260326090057.789075_KR_webconnectivity_172b2e813da99d8c
http://www.zeit.de/,ok,https://explorer.ooni.org/m/20260326090115.731779_KR_webconnectivity_3f8390f2139a6942
http://xxx.lanl.gov/,dns,https://explorer.ooni.org/m/20260326090135.776098_KR_webconnectivity_79c6108882bfdbaa
http://yolsa.org/,ok,https://explorer.ooni.org/m/20260326090143.078000_KR_webconnectivity_00eece0a7343e766
http://ytimes.org/,ok,https://explorer.ooni.org/m/20260326090155.668637_KR_webconnectivity_ad947794c8aec0e0
https://adium.im/,ok,https://explorer.ooni.org/m/20260326090159.292949_KR_webconnectivity_ebcbecace4886719
https://ebuddy.com/,ok,https://explorer.ooni.org/m/20260326090203.369879_KR_webconnectivity_cd47e6b864f72c27
https://elpha.com/,error,https://explorer.ooni.org/m/20260326090208.049166_KR_webconnectivity_104f74a816676751
https://foursquare.com/,ok,https://explorer.ooni.org/m/20260326090224.646922_KR_webconnectivity_9b827b179392fb51
http://friend.com.kp/,dns,https://explorer.ooni.org/m/20260326090230.545702_KR_webconnectivity_8c411f6e39a56a33
https://gab.com/,ok,https://explorer.ooni.org/m/20260326090239.388584_KR_webconnectivity_1241640340b0d4c5
https://groups.google.com/,ok,https://explorer.ooni.org/m/20260326090257.558795_KR_webconnectivity_9510e44279f42ffb
https://instagram.fsaw1-13.fna.fbcdn.net/favicon.ico,ok,https://explorer.ooni.org/m/20260326090301.763410_KR_webconnectivity_790249ebfc6a5438
https://lookaside.facebook.com/robots.txt,ok,https://explorer.ooni.org/m/20260326090306.219606_KR_webconnectivity_3e009d409b1b7400
https://mastodon.sdf.org/,ok,https://explorer.ooni.org/m/20260326090312.889255_KR_webconnectivity_699065f396f6b176
https://mastodon.xyz/,ok,https://explorer.ooni.org/m/20260326090321.851342_KR_webconnectivity_62dbfede79425379
https://plus.im/,ok,https://explorer.ooni.org/m/20260326090327.550213_KR_webconnectivity_736e39b8e72ac21f
https://scontent-ams4-1.cdninstagram.com/favicon.ico,ok,https://explorer.ooni.org/m/20260326090331.679225_KR_webconnectivity_f0f2e28a94117fd1
https://static.xx.fbcdn.net/favicon.ico,ok,https://explorer.ooni.org/m/20260326090346.234571_KR_webconnectivity_dc25754bc4159ade
https://vk.com/,ok,https://explorer.ooni.org/m/20260326090353.629743_KR_webconnectivity_9a1b1e9b4d57edce
https://weibo.com/,ok,https://explorer.ooni.org/m/20260326090357.956750_KR_webconnectivity_46661c64f9245fbb
https://www.douyin.com/,ok,https://explorer.ooni.org/m/20260326090411.014420_KR_webconnectivity_88e3a5bd3c160b2d
https://www.ning.com/,ok,https://explorer.ooni.org/m/20260326090424.738347_KR_webconnectivity_6595a288e4f90651
https://www.yelp.com/,ok,https://explorer.ooni.org/m/20260326090439.201496_KR_webconnectivity_86116e576385bde1
https://albiononline.com/,dns,https://explorer.ooni.org/m/20260326090441.076408_KR_webconnectivity_6b4d2c0a891aa754
https://blog.counter-strike.net/,dns,https://explorer.ooni.org/m/20260326090444.868469_KR_webconnectivity_5c1acab7e53a9c0b
http://detectportal.firefox.com/success.txt,ok,https://explorer.ooni.org/m/20260326090445.820217_KR_webconnectivity_50b2cd2c437abdc9
https://gamersclub.gg/,dns,https://explorer.ooni.org/m/20260326090456.058203_KR_webconnectivity_90af11015cbc4edf
https://nemtudo.me/,dns,https://explorer.ooni.org/m/20260326090457.624447_KR_webconnectivity_debf60f7790900b5
https://poki.com/,dns,https://explorer.ooni.org/m/20260326090458.675229_KR_webconnectivity_4c5d7f0a1f9015f5
http://wowbogo.net/,ok,https://explorer.ooni.org/m/20260326090459.487754_KR_webconnectivity_71c97138a9a6b201
http://www.feedtheminds.org/,tcp_ip,https://explorer.ooni.org/m/20260326090500.439080_KR_webconnectivity_b0d7e9d52cf018b3
https://www.gamespot.com/,dns,https://explorer.ooni.org/m/20260326090501.622371_KR_webconnectivity_f93dbcb6253d59fa
https://www.guildwars.com/,dns,https://explorer.ooni.org/m/20260326090503.850793_KR_webconnectivity_d1f7c0e7492ab518
http://www.hackhull.com/,dns,https://explorer.ooni.org/m/20260326090505.181918_KR_webconnectivity_ece20ca4fb743918
https://www.lastwar.com/,dns,https://explorer.ooni.org/m/20260326090506.338878_KR_webconnectivity_01ee2c38e19381f2
http://www.nexon.com/,dns,https://explorer.ooni.org/m/20260326090507.855023_KR_webconnectivity_3db7ca95c3c2c9e1
https://www.thegeekdiary.com/,ok,https://explorer.ooni.org/m/20260326090508.506646_KR_webconnectivity_6465470a2abec7b5
https://annas-archive.org/,dns,https://explorer.ooni.org/m/20260326090510.051820_KR_webconnectivity_11d4ea8e437455c4
https://eztv.ag/,dns,https://explorer.ooni.org/m/20260326090511.937386_KR_webconnectivity_54cd1ba8555d90c1
https://forum.mhut.org/,dns,https://explorer.ooni.org/m/20260326090512.779705_KR_webconnectivity_235652802bed9673
https://kat.am/,dns,https://explorer.ooni.org/m/20260326090515.335938_KR_webconnectivity_90a1ccdae1ec1c7e
http://kcnawatch.co/,confirmed,https://explorer.ooni.org/m/20260326090518.557459_KR_webconnectivity_9855acf4745abe9f
https://microsoftedge.microsoft.com/,dns,https://explorer.ooni.org/m/20260326090519.374331_KR_webconnectivity_72eb292b51669e0f
https://nsw2u.com/,dns,https://explorer.ooni.org/m/20260326090520.156405_KR_webconnectivity_4c7d14e36c9149bf
http://osaka.korea-htr.com/,ok,https://explorer.ooni.org/m/20260326090521.102470_KR_webconnectivity_10d93bb993b11058
https://subscene.com/,dns,https://explorer.ooni.org/m/20260326090522.189954_KR_webconnectivity_6ef798d777a1e006
http://torrentgogo.com/,ok,https://explorer.ooni.org/m/20260326090524.051276_KR_webconnectivity_4c24523f732a4dd4
http://www.0ubada.net/,dns,https://explorer.ooni.org/m/20260326090528.870342_KR_webconnectivity_6951a40c635e0af1
http://www.bitcomet.com/,dns,https://explorer.ooni.org/m/20260326090534.687304_KR_webconnectivity_025e6bb10036b3d1
http://www.cinewel.com/,dns,https://explorer.ooni.org/m/20260326090537.453119_KR_webconnectivity_5f35572fef225254
https://www.dea.gov/,ok,https://explorer.ooni.org/m/20260326090539.823434_KR_webconnectivity_feb8813cc26b4205
http://www.dprk-stamp.com/,ok,https://explorer.ooni.org/m/20260326090540.778091_KR_webconnectivity_fdb43b7f8157c8c5
http://www.dprkstudies.org/,dns,https://explorer.ooni.org/m/20260326090541.992514_KR_webconnectivity_6f5cfaa97b9dfca7
http://www.ez0u.co.kr/,ok,https://explorer.ooni.org/m/20260326090543.539709_KR_webconnectivity_746e2cc6f8591fb8
https://www.fanfiction.net/,ok,https://explorer.ooni.org/m/20260326090546.162726_KR_webconnectivity_d6233314860ae8ca
http://www.imdb.com/,dns,https://explorer.ooni.org/m/20260326090548.008229_KR_webconnectivity_32787ebc84e0238a
http://www.kdvr.de/,ok,https://explorer.ooni.org/m/20260326090550.300621_KR_webconnectivity_a248bb045f60dc14
http://www.korea-dpr.com/library/entrance.htm,confirmed,https://explorer.ooni.org/m/20260326090553.882611_KR_webconnectivity_076ce522cf70d191
http://www.korea-dpr.com/menu.htm,confirmed,https://explorer.ooni.org/m/20260326090556.366802_KR_webconnectivity_3e4d817040a311b4
https://www.literotica.com/,dns,https://explorer.ooni.org/m/20260326090559.628663_KR_webconnectivity_185546ec2d41a73f
https://www.lushstories.com/,dns,https://explorer.ooni.org/m/20260326090603.715569_KR_webconnectivity_838dd5e9429c608f
http://www.metal-archives.com/,ok,https://explorer.ooni.org/m/20260326090607.042411_KR_webconnectivity_ee1f52b9d9877484
http://www.navy.mil/,ok,https://explorer.ooni.org/m/20260326090608.913351_KR_webconnectivity_b1012c4055d0d1cb
https://www.nsa.gov/,ok,https://explorer.ooni.org/m/20260326090611.810300_KR_webconnectivity_11cba95edaf1d788
http://www.onfile.co.kr/,ok,https://explorer.ooni.org/m/20260326090612.520202_KR_webconnectivity_6df8802f4fb3e83a
http://www.ournation-school.com/,confirmed,https://explorer.ooni.org/m/20260326090614.695668_KR_webconnectivity_ff56fe7fe719cd83
http://www.pic-international.com/,ok,https://explorer.ooni.org/m/20260326090621.584210_KR_webconnectivity_f939ce90557def42
http://www.songunpoliticsstudygroup.org/,dns,https://explorer.ooni.org/m/20260326090623.978668_KR_webconnectivity_65ac1d0bc39d914b
https://www.undp.org/,ok,https://explorer.ooni.org/m/20260326090626.651549_KR_webconnectivity_71243de64d1e6531
http://yesfile.com/,dns,https://explorer.ooni.org/m/20260326090628.556915_KR_webconnectivity_9433198649700893
https://1.0.0.1/dns-query?dns=q80BAAABAAAAAAAAA3d3dwdleGFtcGxlA2NvbQAAAQAB,ok,https://explorer.ooni.org/m/20260326090629.742102_KR_webconnectivity_081c2b43a190f0e6
https://149.112.112.9/dns-query?dns=q80BAAABAAAAAAAAA3d3dwdleGFtcGxlA2NvbQAAAQAB,ok,https://explorer.ooni.org/m/20260326090631.329164_KR_webconnectivity_457608dd86cb88ec
https://8.8.4.4/dns-query?dns=q80BAAABAAAAAAAAA3d3dwdleGFtcGxlA2NvbQAAAQAB,ok,https://explorer.ooni.org/m/20260326090633.161005_KR_webconnectivity_2b734ddb1d8ac679
https://8.8.8.8/dns-query?dns=q80BAAABAAAAAAAAA3d3dwdleGFtcGxlA2NvbQAAAQAB,ok,https://explorer.ooni.org/m/20260326090634.550611_KR_webconnectivity_66302b2b191848cb
https://abortion-korea.org/,http-failure,https://explorer.ooni.org/m/20260326090637.395811_KR_webconnectivity_7d0124b6715ea722
https://abortion.eu/,dns,https://explorer.ooni.org/m/20260326090638.586958_KR_webconnectivity_11544e32f077a5cf
https://abortion.kr/,dns,https://explorer.ooni.org/m/20260326090643.948702_KR_webconnectivity_96e82311bd821b43
https://abortionnetwork.amsterdam/,dns,https://explorer.ooni.org/m/20260326090646.573766_KR_webconnectivity_aacbe7d6c3131d49
https://aidaccess.org/,dns,https://explorer.ooni.org/m/20260326090647.866973_KR_webconnectivity_94de6e8991afbd9c
https://amp.cloudflare.com/v0/amp-iframe-0.1.js,ok,https://explorer.ooni.org/m/20260326090650.066136_KR_webconnectivity_fc3320debb02c42f
https://bit.ly/,http-failure,https://explorer.ooni.org/m/20260326090652.067006_KR_webconnectivity_386015f2dc1f7e25
https://bitly.com/,dns,https://explorer.ooni.org/m/20260326090653.247218_KR_webconnectivity_5fdff1cae07b3919
https://cdn-client.medium.com/lite/static/js/manifest.ef5f44d2.js,ok,https://explorer.ooni.org/m/20260326090657.083792_KR_webconnectivity_2c076cc108ca586b
https://cdn.sstatic.net/Img/home/open-source.svg,ok,https://explorer.ooni.org/m/20260326090658.798386_KR_webconnectivity_dbfbe495f39d188d
https://cdnjs.cloudflare.com/,ok,https://explorer.ooni.org/m/20260326090701.431583_KR_webconnectivity_206ae15eb6742b9b
https://cites.org/,ok,https://explorer.ooni.org/m/20260326090704.348812_KR_webconnectivity_9d36d2eb1bc94859
https://cloudflare-dns.com/dns-query?dns=q80BAAABAAAAAAAAA3d3dwdleGFtcGxlA2NvbQAAAQAB,tcp_ip,https://explorer.ooni.org/m/20260326090705.680304_KR_webconnectivity_a9c9a518350ec678
http://cyworld.nate.com/,ok,https://explorer.ooni.org/m/20260326090706.957626_KR_webconnectivity_fc9308cb024ec429
https://dlive.tv/,dns,https://explorer.ooni.org/m/20260326090708.750919_KR_webconnectivity_700d05f1f3a6bc27
https://dns.quad9.net/dns-query?dns=q80BAAABAAAAAAAAA3d3dwdleGFtcGxlA2NvbQAAAQAB,tcp_ip,https://explorer.ooni.org/m/20260326090709.776916_KR_webconnectivity_22844ce43f6f8265
https://doh-fi.blahdns.com/dns-query?dns=q80BAAABAAAAAAAAA3d3dwdleGFtcGxlA2NvbQAAAQAB,dns,https://explorer.ooni.org/m/20260326090711.265559_KR_webconnectivity_33f035cfa7edb429
https://doh.opendns.com/dns-query?dns=q80BAAABAAAAAAAAA3d3dwdleGFtcGxlA2NvbQAAAQAB,tcp_ip,https://explorer.ooni.org/m/20260326090712.299949_KR_webconnectivity_6f0fa8a6ec51f3f8
https://download-installer.cdn.mozilla.net/,ok,https://explorer.ooni.org/m/20260326090715.521051_KR_webconnectivity_165112e3591ca0b8
https://dzen.ru/,dns,https://explorer.ooni.org/m/20260326090716.722661_KR_webconnectivity_7b0684f5f3556b9d
https://family.cloudflare-dns.com/dns-query?dns=q80BAAABAAAAAAAAA3d3dwdleGFtcGxlA2NvbQAAAQAB,dns,https://explorer.ooni.org/m/20260326090717.496573_KR_webconnectivity_d1487dc5af2933ea
https://findmymethod.org/,dns,https://explorer.ooni.org/m/20260326090719.552090_KR_webconnectivity_86eb0d23b6352c20
https://freedns.afraid.org/,dns,https://explorer.ooni.org/m/20260326090721.211569_KR_webconnectivity_5d66537befd26ffa
https://media3.giphy.com/robots.txt,ok,https://explorer.ooni.org/m/20260326090723.101540_KR_webconnectivity_1182eac3bab634f9
https://medium.com/,ok,https://explorer.ooni.org/m/20260326090726.408998_KR_webconnectivity_21b22652eb014fa6
https://movabletype.com/,ok,https://explorer.ooni.org/m/20260326090729.792562_KR_webconnectivity_c0a6b15de6084685
https://myabortionstory.tumblr.com/,dns,https://explorer.ooni.org/m/20260326090732.028039_KR_webconnectivity_c35daa0a72b5955a
https://pastebin.com/,dns,https://explorer.ooni.org/m/20260326090733.240122_KR_webconnectivity_a4187626086cad6f
http://peta.xxx/,dns,https://explorer.ooni.org/m/20260326090734.658496_KR_webconnectivity_8b41c0fc30c81228
https://pingomatic.com/,ok,https://explorer.ooni.org/m/20260326090737.622500_KR_webconnectivity_1a1b3d09d9acca6c
https://prq.se/,dns,https://explorer.ooni.org/m/20260326090739.960551_KR_webconnectivity_ccafd2de687f7d50
https://raw.githubusercontent.com/ooni/spec/master/README.md,dns,https://explorer.ooni.org/m/20260326090741.127760_KR_webconnectivity_d0bd4147839a1fdc
https://safe2choose.org/,dns,https://explorer.ooni.org/m/20260326090742.348421_KR_webconnectivity_e006422c1744d13f
https://sexetc.org/,dns,https://explorer.ooni.org/m/20260326090744.408286_KR_webconnectivity_f32190b3f125a15c
http://shamash.org/,error,https://explorer.ooni.org/m/20260326090748.093825_KR_webconnectivity_0fffee75248a0029
https://stackexchange.com/,ok,https://explorer.ooni.org/m/20260326090750.092512_KR_webconnectivity_5fcc96d47d50dbaa
https://telegra.ph/,dns,https://explorer.ooni.org/m/20260326090750.823126_KR_webconnectivity_f9b8ff9e73da0e70
http://web.khu.ac.kr/,ok,https://explorer.ooni.org/m/20260326090757.902611_KR_webconnectivity_f5a5bc5e5303e933
https://womenonweb.kr/,http-failure,https://explorer.ooni.org/m/20260326090801.592542_KR_webconnectivity_ad258d1fd964567c
https://www.bing-amp.com/v0/amp-iframe-0.1.js,error,https://explorer.ooni.org/m/20260326090803.937282_KR_webconnectivity_968cd888077ec14b
http://www.dogdrip.net/,dns,https://explorer.ooni.org/m/20260326090806.623610_KR_webconnectivity_ea78a6dee5ed21f6
https://www.dotster.com/,dns,https://explorer.ooni.org/m/20260326090808.099466_KR_webconnectivity_866070c6e8299655
http://www.ebaumsworld.com/,dns,https://explorer.ooni.org/m/20260326090811.702334_KR_webconnectivity_91bec7c0f35e590d
https://www.fandom.com/,dns,https://explorer.ooni.org/m/20260326090813.200634_KR_webconnectivity_6efcb5426326d18e
http://www.fark.com/,dns,https://explorer.ooni.org/m/20260326090814.852723_KR_webconnectivity_ee788f68440469f9
http://www.freehomepage.com/,ok,https://explorer.ooni.org/m/20260326090817.022819_KR_webconnectivity_e20c0ee8f8b595fd
https://www.godaddy.com/,dns,https://explorer.ooni.org/m/20260326090818.170468_KR_webconnectivity_aa49b68fdce7b266
https://www.gstatic.com/robots.txt,ok,https://explorer.ooni.org/m/20260326090820.915101_KR_webconnectivity_740385af6a1df017
http://www.jesussaves.cc/,ok,https://explorer.ooni.org/m/20260326090822.005935_KR_webconnectivity_95577c04e92ee62c
https://www.jw.org/,error,https://explorer.ooni.org/m/20260326090825.252222_KR_webconnectivity_1346ce7fb183150c
http://www.nate.com/,ok,https://explorer.ooni.org/m/20260326090827.423019_KR_webconnectivity_3777fd18edb037a2
http://www.nate.com/?f=pann,ok,https://explorer.ooni.org/m/20260326090829.612576_KR_webconnectivity_61a2230703f92443
https://www.peta.org/,dns,https://explorer.ooni.org/m/20260326090833.909302_KR_webconnectivity_3968afaf56665743
http://www.ppomppu.co.kr/zboard/zboard.php?id=issue,ok,https://explorer.ooni.org/m/20260326090837.144333_KR_webconnectivity_86379d282c4e60ef
https://www.sfsi.org/,dns,https://explorer.ooni.org/m/20260326090839.066901_KR_webconnectivity_6b41a05d89c5ad68
http://www.suyongso.com/,ok,https://explorer.ooni.org/m/20260326090840.156516_KR_webconnectivity_a9481e22c5a2eea5
http://www.teensource.org/,dns,https://explorer.ooni.org/m/20260326090841.572619_KR_webconnectivity_33ce4eaef738740a
http://www.typepad.com/,ok,https://explorer.ooni.org/m/20260326090844.666677_KR_webconnectivity_633d9bb49576b461
https://www.zoomshare.com/,dns,https://explorer.ooni.org/m/20260326090847.640049_KR_webconnectivity_e9900c940a108edd
https://a.slack-edge.com/f70ec/img/test_cdn_pixel.gif,ok,https://explorer.ooni.org/m/20260326090850.079696_KR_webconnectivity_4978851d6cc5d001
https://about.riot.im/,ok,https://explorer.ooni.org/m/20260326090905.136440_KR_webconnectivity_d7732f51d0c72f12
http://abpr2.railfan.net/,error,https://explorer.ooni.org/m/20260326090917.670030_KR_webconnectivity_2d90076c29daba4e
https://account.proton.me/,ok,https://explorer.ooni.org/m/20260326090923.341513_KR_webconnectivity_31c91d4fac9af906
https://app.developer.here.com/coronavirus/,ok,https://explorer.ooni.org/m/20260326090931.454728_KR_webconnectivity_427701a91abf039c
https://app.simplelogin.io/,ok,https://explorer.ooni.org/m/20260326090935.520494_KR_webconnectivity_1752672a6ec40dde
https://app.slack.com/robots.txt,ok,https://explorer.ooni.org/m/20260326090941.174860_KR_webconnectivity_de2cebc48a6f9c14
https://app.wire.com/,ok,https://explorer.ooni.org/m/20260326090944.553902_KR_webconnectivity_763fec4bbd6a8cfc
https://archive.ph/,ok,https://explorer.ooni.org/m/20260326090949.892534_KR_webconnectivity_16c336f511fd626f
https://avatars.mds.yandex.net/robots.txt,http-failure,https://explorer.ooni.org/m/20260326091012.995740_KR_webconnectivity_0aa3cbfa65403983
http://bizLGU.com/,error,https://explorer.ooni.org/m/20260326091015.776980_KR_webconnectivity_db4d2593cc27b345
http://bizmessage.kakao.com/,ok,https://explorer.ooni.org/m/20260326091022.005188_KR_webconnectivity_bff2987456ccdc63
https://briarproject.org/,ok,https://explorer.ooni.org/m/20260326091026.439983_KR_webconnectivity_9a672c1d4b2b5c30
http://bric.postech.ac.kr/,ok,https://explorer.ooni.org/m/20260326091058.787403_KR_webconnectivity_bccef164b489f16b
http://cafe.daum.net/ahyoomee,ok,https://explorer.ooni.org/m/20260326091101.646560_KR_webconnectivity_80719ede8bf1f907
http://caramasia.gn.apc.org/,tcp_ip,https://explorer.ooni.org/m/20260326091148.494755_KR_webconnectivity_eea0ffe782afecff
https://censored.tv/,ok,https://explorer.ooni.org/m/20260326091208.125467_KR_webconnectivity_b2893b99b391544c
https://chat-gpt.org/,ok,https://explorer.ooni.org/m/20260326091216.617644_KR_webconnectivity_8ed06e3ef924928e
https://cid.contact/,ok,https://explorer.ooni.org/m/20260326091221.388135_KR_webconnectivity_a471529c6038ecd6
https://cinemata.org/,ok,https://explorer.ooni.org/m/20260326091226.755128_KR_webconnectivity_d034b69c373880fb
https://circumcision.org/,ok,https://explorer.ooni.org/m/20260326091234.894186_KR_webconnectivity_32d721a6e125a481
https://covidtracking.com/,ok,https://explorer.ooni.org/m/20260326091247.660971_KR_webconnectivity_98222ae89426e6e4
https://cwtch.im/,ok,https://explorer.ooni.org/m/20260326091253.560144_KR_webconnectivity_aaefea6ac3672af1
https://delta.chat/,ok,https://explorer.ooni.org/m/20260326091256.932783_KR_webconnectivity_bc369932d297167e
https://dl.acm.org/,ok,https://explorer.ooni.org/m/20260326091300.548218_KR_webconnectivity_e2e2e08b78815cee
https://duckduckgo.com/,http-failure,https://explorer.ooni.org/m/20260326091322.039753_KR_webconnectivity_485954d109c812fa
https://element.io/,ok,https://explorer.ooni.org/m/20260326091339.949797_KR_webconnectivity_a0c867a2ffffeb7b
https://espiv.net/,ok,https://explorer.ooni.org/m/20260326091347.448748_KR_webconnectivity_a8fec3ec6160beac
https://evernote.com/,ok,https://explorer.ooni.org/m/20260326091400.666495_KR_webconnectivity_9e53d0fb5a7d4a30
https://external-content.duckduckgo.com/robots.txt,http-failure,https://explorer.ooni.org/m/20260326091422.140303_KR_webconnectivity_04d57f2879d90aa5
http://gall.dcinside.com/board/lists/?id=disease,ok,https://explorer.ooni.org/m/20260326091438.160285_KR_webconnectivity_bbf42048cdf1d81d
https://gemini.google.com/,ok,https://explorer.ooni.org/m/20260326091451.314702_KR_webconnectivity_9e7704024c7898be
https://getsession.org/,ok,https://explorer.ooni.org/m/20260326091504.974188_KR_webconnectivity_e774953ff3c7558a
https://gisanddata.maps.arcgis.com/apps/dashboards/bda7594740fd40299423467b48e9ecf6,ok,https://explorer.ooni.org/m/20260326091509.035495_KR_webconnectivity_a7db21ece7087cd7
http://giveu.net/,ok,https://explorer.ooni.org/m/20260326091527.424427_KR_webconnectivity_a21d852c76d99041
https://go-text.me/,ok,https://explorer.ooni.org/m/20260326091532.553685_KR_webconnectivity_d2c1fa8b939a1e36
https://icao.maps.arcgis.com/apps/opsdashboard/index.html#/977dde48256b489fb48fa98e724721e8,ok,https://explorer.ooni.org/m/20260326091536.600482_KR_webconnectivity_922fa2069c2c8f47
https://icao.maps.arcgis.com/apps/webappviewer3d/index.html?id=d9d3f8fa9a23425c8f0889baab626186,ok,https://explorer.ooni.org/m/20260326091542.106044_KR_webconnectivity_dd45a0213d4386a8
https://icq.com/,ok,https://explorer.ooni.org/m/20260326091551.904590_KR_webconnectivity_4200118a00d2b232
https://ifacetimeapp.com/,ok,https://explorer.ooni.org/m/20260326091604.999323_KR_webconnectivity_038041d9d6049621
https://im0-tub-com.yandex.net/i?id=462f375c96139f1e41d919b44be2d780&n=13&exp=1,tcp_ip,https://explorer.ooni.org/m/20260326091705.335063_KR_webconnectivity_c5fae2b9f8220dbc
https://imageshack.com/,ok,https://explorer.ooni.org/m/20260326091708.597348_KR_webconnectivity_8761eb61ae5b9f42
https://imgur.com/,dns,https://explorer.ooni.org/m/20260326091709.835199_KR_webconnectivity_d2260d485c2124ad
https://imp.free.fr/,ok,https://explorer.ooni.org/m/20260326091715.766501_KR_webconnectivity_9d94db1e82e170a9
https://jami.net/,ok,https://explorer.ooni.org/m/20260326091730.176094_KR_webconnectivity_9b4fc9cde3f5d2e4
https://kidshealth.org/,ok,https://explorer.ooni.org/m/20260326091739.490039_KR_webconnectivity_30e9973e2e7be677
http://kr.yahoo.com/,ok,https://explorer.ooni.org/m/20260326091754.546279_KR_webconnectivity_98cff1286ab25f5b
https://lens.google.com/uploadbyurl?url=https%3A%2F%2Fwww.google.com%2Fimages%2Fbranding%2Fgooglelogo%2F1x%2Fgooglelogo_color_150x54dp.png&hl=en-US&ep=gisb,ok,https://explorer.ooni.org/m/20260326091806.688782_KR_webconnectivity_5ced515b987e7cfb
http://lifeline.or.kr/,error,https://explorer.ooni.org/m/20260326091816.783340_KR_webconnectivity_8df5551319097df9
https://login.live.com/,ok,https://explorer.ooni.org/m/20260326091823.518389_KR_webconnectivity_f5026441649c8d15
http://mail.daum.net/,ok,https://explorer.ooni.org/m/20260326091832.258357_KR_webconnectivity_30920306d6371d27
https://mail.google.com/,ok,https://explorer.ooni.org/m/20260326091854.531252_KR_webconnectivity_d1c22d993e661c56
http://mail.naver.com/,ok,https://explorer.ooni.org/m/20260326091859.974800_KR_webconnectivity_cfc0b1e99c7d7170
https://mail.proton.me/,ok,https://explorer.ooni.org/m/20260326091905.091807_KR_webconnectivity_c1bdeddae4f72029
https://mail.ru/,ok,https://explorer.ooni.org/m/20260326091931.250871_KR_webconnectivity_a89d3b855aa80cd4
https://mail.yahoo.com/,ok,https://explorer.ooni.org/m/20260326091934.947713_KR_webconnectivity_bcd4d56b44e1a748
https://media.fevn1-1.fna.whatsapp.net/robots.txt,ok,https://explorer.ooni.org/m/20260326091938.244111_KR_webconnectivity_dd5bce5ded0fa667
https://messages.google.com/,ok,https://explorer.ooni.org/m/20260326091941.095369_KR_webconnectivity_c089065b8f2f24bd
https://mmg.whatsapp.net/robots.txt,ok,https://explorer.ooni.org/m/20260326091942.983440_KR_webconnectivity_10c4a321ef58162f
https://mobile.element.io/,ok,https://explorer.ooni.org/m/20260326091946.374904_KR_webconnectivity_7da5d3f0655b526a
https://msh.org/,ok,https://explorer.ooni.org/m/20260326092002.426191_KR_webconnectivity_68a23ae95893506b
https://mytrans.com.tw/,ok,https://explorer.ooni.org/m/20260326092005.737432_KR_webconnectivity_e28726a191ddb6f8
https://nextstrain.org/ncov,ok,https://explorer.ooni.org/m/20260326092011.421298_KR_webconnectivity_4db05025e47ed786
https://nostr.com/,ok,https://explorer.ooni.org/m/20260326092022.235709_KR_webconnectivity_d300c4938f32c9ec
https://obsproject.com/,ok,https://explorer.ooni.org/m/20260326092027.090422_KR_webconnectivity_18ea73fd45650d2c
https://opera.com/,ok,https://explorer.ooni.org/m/20260326092043.409920_KR_webconnectivity_6afff07ef94526cb
https://outlook.live.com/,ok,https://explorer.ooni.org/m/20260326092047.411686_KR_webconnectivity_5a39539913a683ed
https://photos.google.com/,ok,https://explorer.ooni.org/m/20260326092102.760530_KR_webconnectivity_7cad8e4dcf8768aa
https://posteo.de/,ok,https://explorer.ooni.org/m/20260326092113.385965_KR_webconnectivity_1bcad9db2fef255c
https://presearch.org/,ok,https://explorer.ooni.org/m/20260326092121.031716_KR_webconnectivity_5dd557f1fd773430
https://rumble.com/,ok,https://explorer.ooni.org/m/20260326092136.378842_KR_webconnectivity_603b30f513a57d62
https://search.aol.com/,ok,https://explorer.ooni.org/m/20260326092145.781795_KR_webconnectivity_f0552711d7c61857
https://search.brave.com/,ok,https://explorer.ooni.org/m/20260326092154.149013_KR_webconnectivity_06fd243576e45f0b
https://secure.hi5.com/,ok,https://explorer.ooni.org/m/20260326092207.499065_KR_webconnectivity_30c88332ff2e2228
https://spideroak.com/,ok,https://explorer.ooni.org/m/20260326092225.118008_KR_webconnectivity_efb5b6a560dfa273
https://startpage.com/,http-failure,https://explorer.ooni.org/m/20260326092230.181588_KR_webconnectivity_9bbfedd8f2b99bda
https://status.im/,ok,https://explorer.ooni.org/m/20260326092238.738988_KR_webconnectivity_0f2dde053e0bd204
https://storymaps.arcgis.com/,ok,https://explorer.ooni.org/m/20260326092256.542120_KR_webconnectivity_255b39d48f004ceb
https://support.delta.chat/,ok,https://explorer.ooni.org/m/20260326092313.912699_KR_webconnectivity_a6f09e2aca704db6
https://tamtam.chat/,ok,https://explorer.ooni.org/m/20260326092318.488588_KR_webconnectivity_10e1ff940d48eb80
http://tcafek.com/,confirmed,https://explorer.ooni.org/m/20260326092334.928259_KR_webconnectivity_c5fa15a796f67e62
https://teams.microsoft.com/,ok,https://explorer.ooni.org/m/20260326092348.958727_KR_webconnectivity_a45a4746a819d3c9
https://test-ipv6.com/,tcp_ip,https://explorer.ooni.org/m/20260326092420.178841_KR_webconnectivity_1dc78e8988885763
https://th.bing.com/th/id/OIP.YnpdokcN_OQYn3n41AlqZAHaEe?w=250&h=180&c=7&o=5&pid=1.7,ok,https://explorer.ooni.org/m/20260326092427.260624_KR_webconnectivity_412bf8642eb14cd5
https://translate.google.com/,ok,https://explorer.ooni.org/m/20260326092437.748235_KR_webconnectivity_9abe8c7818accdb5
https://translation2.paralink.com/,ok,https://explorer.ooni.org/m/20260326092446.400106_KR_webconnectivity_83cc281fa7b97b47
https://transparencyreport.google.com/,ok,https://explorer.ooni.org/m/20260326092451.648662_KR_webconnectivity_d8507d84c2418a93
https://tuta.com/,ok,https://explorer.ooni.org/m/20260326092505.020431_KR_webconnectivity_3bd2ada305f23fa8
http://tvcast.naver.com/,ok,https://explorer.ooni.org/m/20260326092519.375344_KR_webconnectivity_5787f2f1c1c50090
https://tx.me/,ok,https://explorer.ooni.org/m/20260326092527.178550_KR_webconnectivity_8199575ab46b87ae
https://vector.im/_matrix/identity/api/v1,ok,https://explorer.ooni.org/m/20260326092530.332605_KR_webconnectivity_dedf4980e43aaef9
https://video-preview.s3.yandex.net/robots.txt,http-failure,https://explorer.ooni.org/m/20260326092553.077828_KR_webconnectivity_a2515adf506987a5
https://web.wechat.com/,ok,https://explorer.ooni.org/m/20260326092606.589394_KR_webconnectivity_36e35ffac653c95e
https://worldhealth.net/,ok,https://explorer.ooni.org/m/20260326092620.323837_KR_webconnectivity_5ce12828b2ec65bc
http://www.aids.or.kr/,ok,https://explorer.ooni.org/m/20260326092624.649826_KR_webconnectivity_787e2e7050fad281
https://www.ananzi.co.za/,ok,https://explorer.ooni.org/m/20260326092628.900516_KR_webconnectivity_d71f2495122647fc
http://www.asiansexgazette.com/,dns,https://explorer.ooni.org/m/20260326092631.705252_KR_webconnectivity_001c0872eee308e2
http://www.asiansexgazette.com/asg/asian_health.htm,dns,https://explorer.ooni.org/m/20260326092634.328567_KR_webconnectivity_863a9576483830fa
https://www.baidu.com/,ok,https://explorer.ooni.org/m/20260326092645.106113_KR_webconnectivity_569a95d28a6b5b24
https://www.bbm.com/,ok,https://explorer.ooni.org/m/20260326092704.771271_KR_webconnectivity_512b03a69a7c7a8f
https://www.bing.com/,ok,https://explorer.ooni.org/m/20260326092725.430901_KR_webconnectivity_80cfb425e8b66fc4
https://www.broadvoice.com/,ok,https://explorer.ooni.org/m/20260326092742.551229_KR_webconnectivity_2d5d4b3395e3aa83
https://www.cdc.gov/,ok,https://explorer.ooni.org/m/20260326092749.521848_KR_webconnectivity_3f33350e439c1b1e
http://www.cirp.org/,ok,https://explorer.ooni.org/m/20260326092800.197967_KR_webconnectivity_8b8fb9bbf47f7727
http://www.dailymotion.com/kr,ok,https://explorer.ooni.org/m/20260326092806.701982_KR_webconnectivity_ebc7b0c00ab38128
http://www.daum.net/,ok,https://explorer.ooni.org/m/20260326092824.659433_KR_webconnectivity_3ee07c133fc6f20a
https://www.doctorswithoutborders.org/,ok,https://explorer.ooni.org/m/20260326092837.208290_KR_webconnectivity_5991dc6498ed1cca
http://www.dogpile.com/,ok,https://explorer.ooni.org/m/20260326092841.472299_KR_webconnectivity_bf6f48db3c77f8e2
http://www.dreamwiz.com/,ok,https://explorer.ooni.org/m/20260326092900.204569_KR_webconnectivity_c66fb5f1e8d7f7af
https://www.ecdc.europa.eu/,ok,https://explorer.ooni.org/m/20260326092923.828204_KR_webconnectivity_1bba898e7fe0f792
https://www.engenderhealth.org/,ok,https://explorer.ooni.org/m/20260326092946.190799_KR_webconnectivity_0ce672c9c77d210c
http://www.euthanasia.cc/,ok,https://explorer.ooni.org/m/20260326092953.598252_KR_webconnectivity_80ae7cdf4629f10e
https://www.fotki.com/,ok,https://explorer.ooni.org/m/20260326093001.978697_KR_webconnectivity_2eb8f76358cadcea
http://www.fotolog.com/,ok,https://explorer.ooni.org/m/20260326093024.000219_KR_webconnectivity_63f077edc5ca5138
https://www.freepik.com/,ok,https://explorer.ooni.org/m/20260326093033.902622_KR_webconnectivity_c3b5f0cd9914f81b
https://www.gatesfoundation.org/,ok,https://explorer.ooni.org/m/20260326093058.383442_KR_webconnectivity_da55be826c23a956
http://www.getdrupe.com/,ok,https://explorer.ooni.org/m/20260326093116.411667_KR_webconnectivity_5ea9344de2f58ccd
https://www.google.co.kr/,ok,https://explorer.ooni.org/m/20260326093135.863654_KR_webconnectivity_9dd4eb5bb747a974
https://www.google.com/,ok,https://explorer.ooni.org/m/20260326093158.661331_KR_webconnectivity_8519be0fc97e011f
https://www.health.com/,ok,https://explorer.ooni.org/m/20260326093205.773519_KR_webconnectivity_77a9d272a77c5210
https://www.healthmap.org/covid-19/,ok,https://explorer.ooni.org/m/20260326093212.717140_KR_webconnectivity_e9c57edac4a62670
https://www.hightail.com/,ok,https://explorer.ooni.org/m/20260326093222.179645_KR_webconnectivity_d31e068f74c3a597
https://www.hotbot.com/,dns,https://explorer.ooni.org/m/20260326093225.771900_KR_webconnectivity_5730f95583b17ca0
https://www.hushmail.com/,ok,https://explorer.ooni.org/m/20260326093247.750394_KR_webconnectivity_d0cd64fd934cfc39
https://www.iconnecthere.com/,ok,https://explorer.ooni.org/m/20260326093255.720445_KR_webconnectivity_f1d13ed706d83c41
http://www.implantinfo.com/,ok,https://explorer.ooni.org/m/20260326093316.216507_KR_webconnectivity_7955ce124549d718
http://www.inbox.com/,ok,https://explorer.ooni.org/m/20260326093324.344552_KR_webconnectivity_a6494ac057cbb35d
http://www.internet-phone.co.kr/,tcp_ip,https://explorer.ooni.org/m/20260326093412.518453_KR_webconnectivity_e5917119e47633de
http://www.isscr.org/,ok,https://explorer.ooni.org/m/20260326093426.086214_KR_webconnectivity_9a152a58747bc942
https://www.jabber.ru/,ok,https://explorer.ooni.org/m/20260326093430.668708_KR_webconnectivity_835b5360d6b2dbd3
http://www.kakao.com/services/8,ok,https://explorer.ooni.org/m/20260326093448.086691_KR_webconnectivity_d596e3e16e8e3231
http://www.keptprivate.com/,ok,https://explorer.ooni.org/m/20260326093451.107991_KR_webconnectivity_3b27ea57427d8c62
https://www.kff.org/,ok,https://explorer.ooni.org/m/20260326093506.331793_KR_webconnectivity_dc8b7e8c35308ac1
http://www.kftel.com/,ok,https://explorer.ooni.org/m/20260326093510.690012_KR_webconnectivity_9f3fd3c2e13bd689
https://www.last.fm/,ok,https://explorer.ooni.org/m/20260326093523.314133_KR_webconnectivity_ed734d0f68822719
http://www.lingo.com/,error,https://explorer.ooni.org/m/20260326093525.677075_KR_webconnectivity_04c506955bb88de7
http://www.linphone.org/,ok,https://explorer.ooni.org/m/20260326093544.611289_KR_webconnectivity_aaa4443d622ccf88
http://www.love4one.com/,ok,https://explorer.ooni.org/m/20260326093604.980618_KR_webconnectivity_e11ee3c270ab101a
http://www.lycos.com/,ok,https://explorer.ooni.org/m/20260326093608.462615_KR_webconnectivity_80fd4e9da8aa4220
http://www.magicjack.com/,ok,https://explorer.ooni.org/m/20260326093620.406133_KR_webconnectivity_db358b3baa733b07
https://www.mail.com/,ok,https://explorer.ooni.org/m/20260326093636.178561_KR_webconnectivity_5aed2c637e942956
http://www.mail.lycos.com/,ok,https://explorer.ooni.org/m/20260326093644.097024_KR_webconnectivity_e1d355f637c1b6e0
http://www.mail2web.com/,ok,https://explorer.ooni.org/m/20260326093659.332724_KR_webconnectivity_d2161806aa5acfa6
http://www.mailinator.com/,ok,https://explorer.ooni.org/m/20260326093713.405373_KR_webconnectivity_d995ff7a3610dab8
https://www.mamma.com/,ok,https://explorer.ooni.org/m/20260326093719.370388_KR_webconnectivity_46ad207179ed2181
https://www.mariestopes.org.uk/,ok,https://explorer.ooni.org/m/20260326093734.651584_KR_webconnectivity_a60c4c26dbda562a
http://www.medecinsdumonde.org/,ok,https://explorer.ooni.org/m/20260326093750.933070_KR_webconnectivity_d1317db28ee65815
https://www.mediafire.com/,ok,https://explorer.ooni.org/m/20260326093757.271981_KR_webconnectivity_02e35f4db215fec1
http://www.medicinenet.com/,ok,https://explorer.ooni.org/m/20260326093806.087425_KR_webconnectivity_928b9c90cc28f5e9
http://www.mersjido.com/,ok,https://explorer.ooni.org/m/20260326093811.878900_KR_webconnectivity_91a8cb0a6353539c
https://www.messenger.com/,ok,https://explorer.ooni.org/m/20260326093823.564935_KR_webconnectivity_704c2f172c74b6af
http://www.metacrawler.com/,dns,https://explorer.ooni.org/m/20260326093824.459563_KR_webconnectivity_ed4b36c456d3b7a7
https://www.microsoft.com/,ok,https://explorer.ooni.org/m/20260326093834.580136_KR_webconnectivity_c38ddd4e78774cbd
http://www.microsofttranslator.com/,ok,https://explorer.ooni.org/m/20260326093844.092583_KR_webconnectivity_48b10f6dbf6fa519
https://www.mojeek.com/,ok,https://explorer.ooni.org/m/20260326093848.944037_KR_webconnectivity_250d440fbaf8cf42
http://www.moohan.net/,dns,https://explorer.ooni.org/m/20260326093852.334982_KR_webconnectivity_9d7f301c886834d2
https://www.msf.org/,ok,https://explorer.ooni.org/m/20260326093854.992212_KR_webconnectivity_75299917a59590a0
https://www.msn.com/,ok,https://explorer.ooni.org/m/20260326093902.009735_KR_webconnectivity_ff4203ff429c93ee
http://www.munjanara.co.kr/,error,https://explorer.ooni.org/m/20260326093922.539950_KR_webconnectivity_55234ac740867bac
http://www.naver.com/,ok,https://explorer.ooni.org/m/20260326093936.815907_KR_webconnectivity_796502477632c8f1
http://www.netaddress.com/,ok,https://explorer.ooni.org/m/20260326093942.301103_KR_webconnectivity_b20cecd65e3fe84f
https://www.netaddress.com/,ok,https://explorer.ooni.org/m/20260326093946.154522_KR_webconnectivity_657e811f78200c24
https://www.netflix.com/,ok,https://explorer.ooni.org/m/20260326094004.071427_KR_webconnectivity_ca0baec2430e7143
http://www.nicesms.co.kr/,dns,https://explorer.ooni.org/m/20260326094007.669680_KR_webconnectivity_4b0398b40ceabf9e
http://www.olleh-kt.kr/,ok,https://explorer.ooni.org/m/20260326094011.210435_KR_webconnectivity_f6526b79b3e018bf
http://www.online-translator.com/,ok,https://explorer.ooni.org/m/20260326094021.326166_KR_webconnectivity_b442348f08ef7638
http://www.oovoo.com/,http-failure,https://explorer.ooni.org/m/20260326094122.647769_KR_webconnectivity_2216667ca76bda9a
https://www.openstreetmap.org/,ok,https://explorer.ooni.org/m/20260326094129.536703_KR_webconnectivity_d87450b2a730667d
http://www.orgio.com/,ok,https://explorer.ooni.org/m/20260326094132.792058_KR_webconnectivity_3ea7806b78ffd102
http://www.paltalk.com/,ok,https://explorer.ooni.org/m/20260326094139.323740_KR_webconnectivity_b11ab0171a4942de
http://www.pandora.com/,ok,https://explorer.ooni.org/m/20260326094144.405020_KR_webconnectivity_ee5c205793a91409
https://www.perplexity.ai/,ok,https://explorer.ooni.org/m/20260326094146.966106_KR_webconnectivity_a040ccbb35fa05a9
https://www.pinterest.com/,ok,https://explorer.ooni.org/m/20260326094204.771671_KR_webconnectivity_6c81287b442d0934
https://www.postmaster.co.uk/,ok,https://explorer.ooni.org/m/20260326094209.759606_KR_webconnectivity_8d09167dac922de9
http://www.ppurio.com/,dns,https://explorer.ooni.org/m/20260326094214.089771_KR_webconnectivity_ed1d8f6913a78057
https://www.projectbaseline.com/studies/covid-research/,ok,https://explorer.ooni.org/m/20260326094220.694051_KR_webconnectivity_f066259742d98b7d
https://www.proton.me/,ok,https://explorer.ooni.org/m/20260326094237.875463_KR_webconnectivity_ae1a0020e5a7f1d3
https://www.rki.de/,ok,https://explorer.ooni.org/m/20260326094301.427123_KR_webconnectivity_e4001979fcae0c49
https://www.search.com/,ok,https://explorer.ooni.org/m/20260326094317.487341_KR_webconnectivity_35a3329ead8d9e43
http://www.searchindia.com/,ok,https://explorer.ooni.org/m/20260326094327.899642_KR_webconnectivity_ed520a9fd350304f
http://www.securenym.net/,ok,https://explorer.ooni.org/m/20260326094330.357165_KR_webconnectivity_94f7d5173510076f
https://www.sendthisfile.com/,ok,https://explorer.ooni.org/m/20260326094343.977044_KR_webconnectivity_602f441d0ede516e
http://www.shinbiro.com/,tcp_ip,https://explorer.ooni.org/m/20260326094430.241536_KR_webconnectivity_04d924e4ef08acbf
http://www.sina.com.cn/,ok,https://explorer.ooni.org/m/20260326094446.068921_KR_webconnectivity_bc0ecec1be63b5c3
https://www.skype.com/,ok,https://explorer.ooni.org/m/20260326094453.245915_KR_webconnectivity_3d42e201646f53eb
http://www.skysms.co.kr/,ok,https://explorer.ooni.org/m/20260326094455.249786_KR_webconnectivity_563d9144b9103cc7
http://www.slideshare.net/,ok,https://explorer.ooni.org/m/20260326094513.371410_KR_webconnectivity_c00764a1a7b5e27f
https://www.startmail.com/,ok,https://explorer.ooni.org/m/20260326094525.122383_KR_webconnectivity_f8563c18a72c7e5f
https://www.subscribestar.com/,ok,https://explorer.ooni.org/m/20260326094539.563114_KR_webconnectivity_5239a6767ad44452
http://www.talkyou.me/,ok,https://explorer.ooni.org/m/20260326094547.034493_KR_webconnectivity_ed1d88a54ea5fbf9
http://www.tango.me/,ok,https://explorer.ooni.org/m/20260326094551.256488_KR_webconnectivity_0d0eaf48b58cca88
https://www.tawk.to/,ok,https://explorer.ooni.org/m/20260326094608.131686_KR_webconnectivity_e4fa1733c576ca4e
https://www.ted.com/,ok,https://explorer.ooni.org/m/20260326094621.840807_KR_webconnectivity_e0b6ad087ddf1469
https://www.textra.me/,ok,https://explorer.ooni.org/m/20260326094628.640352_KR_webconnectivity_81e84d89ad964346
https://www.theglobalfund.org/,ok,https://explorer.ooni.org/m/20260326094637.515003_KR_webconnectivity_3ae971dabe7c8f20
http://www.tialsoft.com/download/,ok,https://explorer.ooni.org/m/20260326094642.736266_KR_webconnectivity_583b96f07b186da2
http://www.tialsoft.com/multitranse/,ok,https://explorer.ooni.org/m/20260326094650.210933_KR_webconnectivity_11abafefb621b9fd
https://www.transferbigfiles.com/,ok,https://explorer.ooni.org/m/20260326094655.763855_KR_webconnectivity_0efa59611a4928a7
http://www.translate.ru/,ok,https://explorer.ooni.org/m/20260326094704.561801_KR_webconnectivity_be2cb3a00ab0b759
http://www.transwhiz.com/,ok,https://explorer.ooni.org/m/20260326094709.793645_KR_webconnectivity_b7a45b4323e8ea75
https://www.truecaller.com/,ok,https://explorer.ooni.org/m/20260326094724.656031_KR_webconnectivity_fff93d23d92a1e62
https://www.unaids.org/,ok,https://explorer.ooni.org/m/20260326094742.443556_KR_webconnectivity_c0f9ab2294b9bca5
http://www.vtv.co.kr/,ok,https://explorer.ooni.org/m/20260326094747.274644_KR_webconnectivity_4a18a314afb55de9
https://www.vyke.com/,ok,https://explorer.ooni.org/m/20260326094755.619815_KR_webconnectivity_24527dc832efd00e
http://www.wevo.co.kr/,error,https://explorer.ooni.org/m/20260326094811.676141_KR_webconnectivity_6233a4d5880f4362
http://www.whitepages.com/,ok,https://explorer.ooni.org/m/20260326094825.449704_KR_webconnectivity_ce755a06f0585188
https://www.who.int/,ok,https://explorer.ooni.org/m/20260326094841.073136_KR_webconnectivity_4779511e94f8223c
https://www.worldometers.info/coronavirus/,ok,https://explorer.ooni.org/m/20260326094853.935008_KR_webconnectivity_ea844ec98c464f09
http://www.yahoo.co.kr/,ok,https://explorer.ooni.org/m/20260326094912.707267_KR_webconnectivity_cd9ba92af31443de
https://www.yahoo.com/,ok,https://explorer.ooni.org/m/20260326094930.806829_KR_webconnectivity_185f42ffebb586f2
https://yandex.com/,dns,https://explorer.ooni.org/m/20260326094932.314182_KR_webconnectivity_3c6556a5c49ca3c5
https://yandexwebcache.net/robots.txt,ok,https://explorer.ooni.org/m/20260326094937.422833_KR_webconnectivity_e9ed7c1d1fb8015f
https://zoom.us/,ok,https://explorer.ooni.org/m/20260326094952.924258_KR_webconnectivity_028a1d7a3d076e92
https://1.1.1.1/,tcp_ip,https://explorer.ooni.org/m/20260326095023.681636_KR_webconnectivity_bc75e3f0bee206b7
http://2015peoplepower.tistory.com/,ok,https://explorer.ooni.org/m/20260326095031.834938_KR_webconnectivity_baff28b1502f8b38
https://4genderjustice.org/,ok,https://explorer.ooni.org/m/20260326095046.328744_KR_webconnectivity_9030209b729f731f
https://76crimes.com/,ok,https://explorer.ooni.org/m/20260326095059.671929_KR_webconnectivity_99ef967629d6b013
http://abc.go.com/,ok,https://explorer.ooni.org/m/20260326095113.185312_KR_webconnectivity_b022d1639caa229f
http://act.jinbo.net/,ok,https://explorer.ooni.org/m/20260326095134.503802_KR_webconnectivity_e7200b7c8f39dddd
https://actionaid.org/,ok,https://explorer.ooni.org/m/20260326095144.876783_KR_webconnectivity_83a7bd5b1059521b
https://advox.globalvoices.org/,error,https://explorer.ooni.org/m/20260326095149.300218_KR_webconnectivity_5f13f2529f30db8f
https://amnezia.org/,dns,https://explorer.ooni.org/m/20260326095151.390097_KR_webconnectivity_b1561a73ba41fa67
http://anonymouse.org/,dns,https://explorer.ooni.org/m/20260326095207.395837_KR_webconnectivity_33a3831b4953da8b
https://antivigilancia.org/,dns,https://explorer.ooni.org/m/20260326095209.902539_KR_webconnectivity_bb04e8d4bfc0c832
https://arc-international.net/,ok,https://explorer.ooni.org/m/20260326095234.002904_KR_webconnectivity_e230a5c780df566d
https://asiatimes.com/,ok,https://explorer.ooni.org/m/20260326095245.955674_KR_webconnectivity_8f4b8375bc993bf8
https://atlasofsurveillance.org/,ok,https://explorer.ooni.org/m/20260326095251.839027_KR_webconnectivity_26c8e5e209a1ee79
https://banthis.tv/,dns,https://explorer.ooni.org/m/20260326095253.261300_KR_webconnectivity_fc239689eaa38bef
http://base21.jinbo.net/,ok,https://explorer.ooni.org/m/20260326095312.276612_KR_webconnectivity_18e88b8316255bcf
https://blog.genderwatchdog.org/,ok,https://explorer.ooni.org/m/20260326095319.555865_KR_webconnectivity_12aefa87c1ad722b
http://blog.jinbo.net/,ok,https://explorer.ooni.org/m/20260326095328.570201_KR_webconnectivity_4a14bb8beb309135
https://bouncer.ooni.io/,ok,https://explorer.ooni.org/m/20260326095332.386956_KR_webconnectivity_792735b23a9662af
https://brothersroad.org/,ok,https://explorer.ooni.org/m/20260326095334.850664_KR_webconnectivity_e5503c419309535e
https://btguard.com/,dns,https://explorer.ooni.org/m/20260326095336.026159_KR_webconnectivity_9d9f973f7055914f
http://cafe.daum.net/,ok,https://explorer.ooni.org/m/20260326095339.782459_KR_webconnectivity_8c0ba4ddabea8209
http://cafe.daum.net/antimb,ok,https://explorer.ooni.org/m/20260326095342.861791_KR_webconnectivity_2f1b6c7bf367ccee
http://cafe.daum.net/libertyofthepress,ok,https://explorer.ooni.org/m/20260326095345.195644_KR_webconnectivity_8472931f95c3b8bf
http://cafe.daum.net/pridecare,ok,https://explorer.ooni.org/m/20260326095347.466325_KR_webconnectivity_7ff61a58185ebcc9
http://cafe.daum.net/stopcjd,ok,https://explorer.ooni.org/m/20260326095349.870253_KR_webconnectivity_b3c3cc03a02b7249
http://cafe.naver.com/asunaro/,ok,https://explorer.ooni.org/m/20260326095355.268047_KR_webconnectivity_acb415045e44eb70
https://carnegieendowment.org/,ok,https://explorer.ooni.org/m/20260326095357.576688_KR_webconnectivity_2bfc7cf1d7f52cd6
https://censorship.no/,dns,https://explorer.ooni.org/m/20260326095358.429453_KR_webconnectivity_c0cb7c0732b07099
https://certbot.eff.org/,ok,https://explorer.ooni.org/m/20260326095401.138698_KR_webconnectivity_04226682c12cf0a8
https://citizenlab.ca/,ok,https://explorer.ooni.org/m/20260326095404.627926_KR_webconnectivity_1ee42bba44c19cea
https://cpj.org/,ok,https://explorer.ooni.org/m/20260326095406.652608_KR_webconnectivity_b1288b592a2793f5
https://cryptpad.fr/,ok,https://explorer.ooni.org/m/20260326095409.659474_KR_webconnectivity_4d1c6a5a2ba54d03
https://cryptpad.org/instances/,ok,https://explorer.ooni.org/m/20260326095413.144730_KR_webconnectivity_e60be4e3ab8c53a1
https://csid-online.org/,ok,https://explorer.ooni.org/m/20260326095416.223698_KR_webconnectivity_8fb9cddeccaac877
https://cyber.harvard.edu/,ok,https://explorer.ooni.org/m/20260326095420.211808_KR_webconnectivity_b8f350619f4852a3
https://ddosecrets.com/,ok,https://explorer.ooni.org/m/20260326095425.765718_KR_webconnectivity_50a003535eb2df9d
https://disclose.ngo/,ok,https://explorer.ooni.org/m/20260326095428.032151_KR_webconnectivity_61c56f8f50b5d02c
https://dn42.dev/,ok,https://explorer.ooni.org/m/20260326095429.936233_KR_webconnectivity_bf4a210ea8cebdb8
https://docs.mvt.re/,dns,https://explorer.ooni.org/m/20260326095431.182302_KR_webconnectivity_0b6bb037b8c1d165
https://edition.cnn.com/,ok,https://explorer.ooni.org/m/20260326095433.103091_KR_webconnectivity_d65cf8c4edc40294
http://english.eduhope.net/,ok,https://explorer.ooni.org/m/20260326095436.256808_KR_webconnectivity_343765e9e32e33fe
http://english.hani.co.kr/,ok,https://explorer.ooni.org/m/20260326095440.420500_KR_webconnectivity_68c254268cf631a0
http://english.yna.co.kr/,error,https://explorer.ooni.org/m/20260326095442.337644_KR_webconnectivity_fed9d0fba306d883
https://epic.org/,ok,https://explorer.ooni.org/m/20260326095444.584973_KR_webconnectivity_c6cd0198054f92e5
https://feminist.org/,ok,https://explorer.ooni.org/m/20260326095447.235783_KR_webconnectivity_b1782977bb6a25f9
https://fleegle.mixmin.net/,ok,https://explorer.ooni.org/m/20260326095450.731559_KR_webconnectivity_72d783cc1d9d2091
https://fondfbr.ru/,dns,https://explorer.ooni.org/m/20260326095452.983190_KR_webconnectivity_efe1ff5e52befcd8
https://freedomhouse.org/,ok,https://explorer.ooni.org/m/20260326095454.853005_KR_webconnectivity_3d10f93a7479af9e
https://freemuse.org/,ok,https://explorer.ooni.org/m/20260326095502.232731_KR_webconnectivity_cf701bf97ef3f22f
https://freespeechdebate.com/,tcp_ip,https://explorer.ooni.org/m/20260326095548.041442_KR_webconnectivity_4e4dd50262ae4269
https://fronterafundrgv.org/,dns,https://explorer.ooni.org/m/20260326095551.390458_KR_webconnectivity_8dba38b30627dc1a
http://fteproxy.org/,dns,https://explorer.ooni.org/m/20260326095552.158328_KR_webconnectivity_659b7763afc0e938
https://fundtexaschoice.org/,ok,https://explorer.ooni.org/m/20260326095555.446949_KR_webconnectivity_06672708ccf811d7
https://gaymenshealth.org/,ok,https://explorer.ooni.org/m/20260326095600.864708_KR_webconnectivity_a6807cd3f381bc3f
https://genderandaids.unwomen.org/,ok,https://explorer.ooni.org/m/20260326095603.099296_KR_webconnectivity_f2407db8a75db12f
https://geti2p.net/,dns,https://explorer.ooni.org/m/20260326095603.872240_KR_webconnectivity_73e4966c78cbf23e
https://globalpressjournal.com/,ok,https://explorer.ooni.org/m/20260326095605.958025_KR_webconnectivity_6a591f0d8aeb30be
https://globalvoices.org/,tcp_ip,https://explorer.ooni.org/m/20260326095607.387623_KR_webconnectivity_1e06d826f4ae3303
http://go.jinbo.net/,ok,https://explorer.ooni.org/m/20260326095610.987784_KR_webconnectivity_2c0b57b3d30bb47c
https://gpgtools.org/,ok,https://explorer.ooni.org/m/20260326095614.470194_KR_webconnectivity_3be5352897c05e62
https://guardianproject.info/,ok,https://explorer.ooni.org/m/20260326095617.713780_KR_webconnectivity_698c4b1037ab30cb
http://hbyd.org/,ok,https://explorer.ooni.org/m/20260326095627.341876_KR_webconnectivity_f601d3d30b5fd4f5
https://help.unhcr.org/,ok,https://explorer.ooni.org/m/20260326095630.871640_KR_webconnectivity_910afb61d3bcb796
http://hotzone.yahoo.com/,ok,https://explorer.ooni.org/m/20260326095634.106772_KR_webconnectivity_e79ef133839b8478
http://hrights.or.kr/,ok,https://explorer.ooni.org/m/20260326095639.808349_KR_webconnectivity_8502ce42d6ce52c9
http://hrlibrary.umn.edu/iwraw/,ok,https://explorer.ooni.org/m/20260326095642.811295_KR_webconnectivity_010b149820f18468
http://humanmed.org/,dns,https://explorer.ooni.org/m/20260326095644.548217_KR_webconnectivity_29eec47467929690
https://i2p2.de/,error,https://explorer.ooni.org/m/20260326095647.587422_KR_webconnectivity_1d81f3f4d7fa8560
https://i2pforum.net/,ok,https://explorer.ooni.org/m/20260326095652.789097_KR_webconnectivity_58c999b6662ebff9
https://i2pgit.org/,ok,https://explorer.ooni.org/m/20260326095655.046727_KR_webconnectivity_e93638adfb39971e
https://ifeminists.com/,ok,https://explorer.ooni.org/m/20260326095659.027057_KR_webconnectivity_a22dfa660e78f572
https://ij.org/,ok,https://explorer.ooni.org/m/20260326095701.130543_KR_webconnectivity_8216b844cb811b6e
http://ijunnong.net/,ok,https://explorer.ooni.org/m/20260326095704.874627_KR_webconnectivity_3bb586df4c6be2b4
https://ikhwanonline.com/,ok,https://explorer.ooni.org/m/20260326095707.945515_KR_webconnectivity_32673fc89edd05b9
https://ilga.org/,ok,https://explorer.ooni.org/m/20260326095710.004973_KR_webconnectivity_80dd933cfc4045df
http://impeter.tistory.com/,ok,https://explorer.ooni.org/m/20260326095712.223078_KR_webconnectivity_75aaf3b70c10b883
https://indymedia.org/,ok,https://explorer.ooni.org/m/20260326095714.333210_KR_webconnectivity_ec9897b15350afd6
http://instinctmagazine.com/,ok,https://explorer.ooni.org/m/20260326095717.852339_KR_webconnectivity_46d433b0c79f9778
https://internationalfamilyequalityday.org/,ok,https://explorer.ooni.org/m/20260326095722.890025_KR_webconnectivity_97d1f115e1f0a917
https://ipi.media/,ok,https://explorer.ooni.org/m/20260326095726.486257_KR_webconnectivity_8eda0f0b72788239
https://itgetsbetter.org/,ok,https://explorer.ooni.org/m/20260326095728.528271_KR_webconnectivity_545a95d74e21185e
http://ivancity.com/,dns,https://explorer.ooni.org/m/20260326095732.467053_KR_webconnectivity_10e7650e0e645787
https://janesdueprocess.org/,dns,https://explorer.ooni.org/m/20260326095733.827646_KR_webconnectivity_30899caf38dbf02b
https://jezebel.com/,ok,https://explorer.ooni.org/m/20260326095736.133588_KR_webconnectivity_cb0135fdec060a9d
http://joongang.joins.com/,ok,https://explorer.ooni.org/m/20260326095738.535201_KR_webconnectivity_d4b08b20846e9b21
http://joongangdaily.joins.com/,ok,https://explorer.ooni.org/m/20260326095742.311559_KR_webconnectivity_fac26ad6d57d5e74
http://jtbc.joins.com/,ok,https://explorer.ooni.org/m/20260326095747.342391_KR_webconnectivity_1d7bcf68c0c19d53
https://justassociates.org/,ok,https://explorer.ooni.org/m/20260326095757.186603_KR_webconnectivity_f65fdbd7ad6e9df4
http://justicewomen.com/,ok,https://explorer.ooni.org/m/20260326095759.268154_KR_webconnectivity_8aed4d947ac38240
https://alt.com/,dns,https://explorer.ooni.org/m/20260326095800.748721_KR_webconnectivity_3dd12daa0daa7e78
http://asiansmaster.com/,dns,https://explorer.ooni.org/m/20260326095801.979089_KR_webconnectivity_c20fe93c692436c7
http://betasia.com/,dns,https://explorer.ooni.org/m/20260326095802.952670_KR_webconnectivity_a4045c07c74dd4a6
https://btggaming.com/,dns,https://explorer.ooni.org/m/20260326095806.084921_KR_webconnectivity_b8cd4616ace282b7
http://creamasia.com/,dns,https://explorer.ooni.org/m/20260326095807.603762_KR_webconnectivity_871e4cb24ec29d20
https://forum.grasscity.com/,dns,https://explorer.ooni.org/m/20260326095809.653180_KR_webconnectivity_23b8b81a32e6ed04
https://friendfinder.com/,dns,https://explorer.ooni.org/m/20260326095811.292156_KR_webconnectivity_ebd7f9971a44fcc8
https://hightimes.com/,dns,https://explorer.ooni.org/m/20260326095812.848847_KR_webconnectivity_2cb28ef2a9863243
http://hotgaylist.com/,dns,https://explorer.ooni.org/m/20260326095813.538732_KR_webconnectivity_5f4a5bdded2a0f17
https://hustler.com/,dns,https://explorer.ooni.org/m/20260326095814.234618_KR_webconnectivity_e9ca0ebe7458037d
http://indianfriendfinder.com/,dns,https://explorer.ooni.org/m/20260326095815.909368_KR_webconnectivity_a7a9c70c92667781
http://koreanfriendfinder.com/,dns,https://explorer.ooni.org/m/20260326095818.260124_KR_webconnectivity_1095cc68c41384ae
http://ndfsk.dyndns.org/kuguk8/Title1.htm,ok,https://explorer.ooni.org/m/20260326095818.955134_KR_webconnectivity_a2a5c9b6ef880eef
https://onlyfans.com/,dns,https://explorer.ooni.org/m/20260326095819.671956_KR_webconnectivity_e5a3dac4ef82532e
https://panties.com/,dns,https://explorer.ooni.org/m/20260326095820.982846_KR_webconnectivity_cc6da0d7b3a008cf
http://thaigirls.net/,dns,https://explorer.ooni.org/m/20260326095822.254369_KR_webconnectivity_b4f5bee67379f406
https://trashy.com/,dns,https://explorer.ooni.org/m/20260326095823.156487_KR_webconnectivity_68e71dc34a8a524d
https://uk.match.com/,dns,https://explorer.ooni.org/m/20260326095823.889555_KR_webconnectivity_d987ea80ee2d49b5
http://user.chollian.net/,dns,https://explorer.ooni.org/m/20260326095826.203266_KR_webconnectivity_767deec74ed4fe23
http://via89.kr/,ok,https://explorer.ooni.org/m/20260326095827.032816_KR_webconnectivity_f0d807fd29a396a3
https://weedmaps.com/,dns,https://explorer.ooni.org/m/20260326095828.096806_KR_webconnectivity_5b3b978cadec04d8
https://worldsingles.com/,dns,https://explorer.ooni.org/m/20260326095828.806072_KR_webconnectivity_eee325db5b0a335d
https://www.3wishes.com/,dns,https://explorer.ooni.org/m/20260326095829.594018_KR_webconnectivity_d6d5de9c5e320bd4
http://www.888casino.com/,dns,https://explorer.ooni.org/m/20260326095830.460198_KR_webconnectivity_5c07bb6c7b063156
http://www.abcunderwear.com/,dns,https://explorer.ooni.org/m/20260326095831.462986_KR_webconnectivity_58fc72880cf17821
https://www.agentprovocateur.com/,dns,https://explorer.ooni.org/m/20260326095832.389826_KR_webconnectivity_71991c2552410edd
https://www.ashleymadison.com/,dns,https://explorer.ooni.org/m/20260326095833.089000_KR_webconnectivity_070ec7c4683d9403
https://www.blueskyswimwear.com/,dns,https://explorer.ooni.org/m/20260326095833.878811_KR_webconnectivity_5556c1d0b711c100
https://www.bravoporn.com/,dns,https://explorer.ooni.org/m/20260326095834.663909_KR_webconnectivity_ea04c3fabad3e5f8
https://www.buydutchseeds.com/,dns,https://explorer.ooni.org/m/20260326095835.440992_KR_webconnectivity_fc03ff5096b62cce
http://www.casinotropez.com/,dns,https://explorer.ooni.org/m/20260326095836.217133_KR_webconnectivity_88290c6111fdc0b9
http://www.chantelle.com/,dns,https://explorer.ooni.org/m/20260326095837.129464_KR_webconnectivity_5bc55b3a56cbab88
http://www.columbus25.com/,ok,https://explorer.ooni.org/m/20260326095837.878466_KR_webconnectivity_05d4214ff1ac57de
http://www.coquette.com/,dns,https://explorer.ooni.org/m/20260326095839.162365_KR_webconnectivity_b257c8522d9737f0
http://www.date.com/,dns,https://explorer.ooni.org/m/20260326095841.223044_KR_webconnectivity_dbe2b6aa6fa7e07c
https://www.dating.com/,dns,https://explorer.ooni.org/m/20260326095842.208777_KR_webconnectivity_bde52f7d285d434e
https://www.eharmony.com/,dns,https://explorer.ooni.org/m/20260326095843.174748_KR_webconnectivity_3d2a733e2ab9b4bc
http://www.freshpair.com/,dns,https://explorer.ooni.org/m/20260326095844.021526_KR_webconnectivity_1dafec4b764335a6
http://www.fuckingfreemovies.com/,dns,https://explorer.ooni.org/m/20260326095845.856177_KR_webconnectivity_f6637b1e78115159
https://www.gambling.com/,dns,https://explorer.ooni.org/m/20260326095846.716598_KR_webconnectivity_9acfcd09cffcd19b
http://www.gamespot.co.kr/,dns,https://explorer.ooni.org/m/20260326095849.002174_KR_webconnectivity_7d7ae15719159523
http://www.gayapatal.com/,dns,https://explorer.ooni.org/m/20260326095849.948989_KR_webconnectivity_8c7e1203f30ef2ec
https://www.goldenpalace.com/,dns,https://explorer.ooni.org/m/20260326095854.162663_KR_webconnectivity_c21678cb37d09240
http://www.goldenrivieracasino.com/,dns,https://explorer.ooni.org/m/20260326095855.443735_KR_webconnectivity_db95d5e7d138e6ad
https://www.happn.com/,dns,https://explorer.ooni.org/m/20260326095856.214951_KR_webconnectivity_41cefe4847d68f8c
http://www.i-um.com/,dns,https://explorer.ooni.org/m/20260326095857.542968_KR_webconnectivity_8076461a243a3cc4
http://www.indianporngirls.com/,dns,https://explorer.ooni.org/m/20260326095900.077101_KR_webconnectivity_e0ba0e8ba555a0f9
https://www.ipair.com/,dns,https://explorer.ooni.org/m/20260326095901.622737_KR_webconnectivity_97848bb838aa12cd
https://www.jackpotcitycasino1.com/,dns,https://explorer.ooni.org/m/20260326095903.233085_KR_webconnectivity_d3eb9bc838be7f85
https://www.jdate.com/,dns,https://explorer.ooni.org/m/20260326095903.990614_KR_webconnectivity_9925ab192d9e3bb9
http://www.koreancupid.com/,dns,https://explorer.ooni.org/m/20260326095904.872458_KR_webconnectivity_69a3dee7f5a957ff
http://www.lasenza.com/,dns,https://explorer.ooni.org/m/20260326095905.859239_KR_webconnectivity_e8cc114833bcc496
http://www.luckynugget.com/,dns,https://explorer.ooni.org/m/20260326095908.034626_KR_webconnectivity_bf163b978326cc0c
https://www.lovoo.com/,dns,https://explorer.ooni.org/m/20260326095906.696494_KR_webconnectivity_bdc57753412bfa08
http://www.mgame.com/,dns,https://explorer.ooni.org/m/20260326095910.583628_KR_webconnectivity_71d59b671857d167
https://www.match.com/,dns,https://explorer.ooni.org/m/20260326095908.783321_KR_webconnectivity_731d6af227ba77e9
http://www.monacogoldcasino.com/,dns,https://explorer.ooni.org/m/20260326095911.721925_KR_webconnectivity_ca421e0295dcbdf2
http://www.neonjoint.com/,dns,https://explorer.ooni.org/m/20260326095912.736927_KR_webconnectivity_bfe65e93ecb89027
http://www.online-dating.org/,dns,https://explorer.ooni.org/m/20260326095913.600635_KR_webconnectivity_5816f6504e870cf9
https://www.onlinegambling.com/,dns,https://explorer.ooni.org/m/20260326095915.721838_KR_webconnectivity_c7e5662951e7d54d
http://www.pokerstars.com/,dns,https://explorer.ooni.org/m/20260326095916.618228_KR_webconnectivity_90cbc6ea4bcc49a4
http://www.realbeer.com/,ok,https://explorer.ooni.org/m/20260326095918.146174_KR_webconnectivity_27cbda48b5573c3c
http://www.ricefever.com/,dns,https://explorer.ooni.org/m/20260326095919.648675_KR_webconnectivity_a97c0ce95df70595
http://www.riverbelle.com/,dns,https://explorer.ooni.org/m/20260326095921.056097_KR_webconnectivity_ce4de8b8c0df47b9
http://www.rxmarijuana.com/,dns,https://explorer.ooni.org/m/20260326095922.273553_KR_webconnectivity_9ac387b682bdadb5
http://www.slotland.com/,dns,https://explorer.ooni.org/m/20260326095923.659524_KR_webconnectivity_45ac5785e8fe3656
https://www.spark.com/,dns,https://explorer.ooni.org/m/20260326095924.428645_KR_webconnectivity_d2459a2aaa2e58b2
http://www.sportingbet.com/,dns,https://explorer.ooni.org/m/20260326095925.300078_KR_webconnectivity_3c13d965cef12914
http://www.sportsinteraction.com/,dns,https://explorer.ooni.org/m/20260326095925.998691_KR_webconnectivity_03fbe8bcd792ae78
http://www.taima.org/,dns,https://explorer.ooni.org/m/20260326095926.815374_KR_webconnectivity_889d4164a37642db
http://www.thegooddrugsguide.com/,dns,https://explorer.ooni.org/m/20260326095927.637252_KR_webconnectivity_0f3632fd4517fe0a
http://www.tobacco.org/,ok,https://explorer.ooni.org/m/20260326095929.449784_KR_webconnectivity_3d6f1617dcbd6603
http://www.venus.com/,dns,https://explorer.ooni.org/m/20260326095930.328599_KR_webconnectivity_56b16076c7005713
https://www.victoriassecret.com/,dns,https://explorer.ooni.org/m/20260326095931.584816_KR_webconnectivity_ac9df1616a6726ee
http://www.wegames.net/,dns,https://explorer.ooni.org/m/20260326095933.326575_KR_webconnectivity_76cd2b0618ff265c
https://www.xnxx.com/,dns,https://explorer.ooni.org/m/20260326095934.216116_KR_webconnectivity_cb6822634a8cdb46
http://www.xvideos.com/,dns,https://explorer.ooni.org/m/20260326095935.168690_KR_webconnectivity_f10442c1e94ea038
https://www.xvideos.com/,dns,https://explorer.ooni.org/m/20260326095936.170039_KR_webconnectivity_154a8526e121e863
https://www.youporn.com/,dns,https://explorer.ooni.org/m/20260326095937.094319_KR_webconnectivity_795bda11ef6863e6
http://www.seapa.org/,tcp_ip,https://explorer.ooni.org/m/20260326095938.258142_KR_webconnectivity_07046c08f4d35cfb
https://1.1.1.1/dns-query?dns=q80BAAABAAAAAAAAA3d3dwdleGFtcGxlA2NvbQAAAQAB,tcp_ip,https://explorer.ooni.org/m/20260326100009.009943_KR_webconnectivity_9897a99f23c8b90d
https://1.1.1.3/dns-query?dns=q80BAAABAAAAAAAAA3d3dwdleGFtcGxlA2NvbQAAAQAB,tcp_ip,https://explorer.ooni.org/m/20260326100039.729263_KR_webconnectivity_7a18fdabfdf66a16
https://350.org/,ok,https://explorer.ooni.org/m/20260326100042.950625_KR_webconnectivity_e8a3f36179daef79
https://8kun.top/,dns,https://explorer.ooni.org/m/20260326100047.864973_KR_webconnectivity_01ce509af5f893a8
https://abortionfunds.org/,dns,https://explorer.ooni.org/m/20260326100050.040849_KR_webconnectivity_871428e1893e5675
https://abortionpillinfo.org/,ok,https://explorer.ooni.org/m/20260326100054.129568_KR_webconnectivity_784bffa3b46d80f0
https://ajax.aspnetcdn.com/ajax/4.5.2/1/MicrosoftAjax.js,ok,https://explorer.ooni.org/m/20260326100100.363243_KR_webconnectivity_3dc719f117118606
https://android.apis.google.com/robots.txt,ok,https://explorer.ooni.org/m/20260326100102.616797_KR_webconnectivity_622b72d325e3b73c
https://android.googleapis.com/robots.txt,ok,https://explorer.ooni.org/m/20260326100104.224060_KR_webconnectivity_fabbf2eb1a7487bd
https://api.github.com/,ok,https://explorer.ooni.org/m/20260326100105.937276_KR_webconnectivity_8cd4bd4104b56dfa
https://apps.apple.com/us/developer/apple/id284417353/,ok,https://explorer.ooni.org/m/20260326100109.579057_KR_webconnectivity_61ac2782d5d802b1
https://archive.is/,ok,https://explorer.ooni.org/m/20260326100112.231872_KR_webconnectivity_3b2ecbc3ae73a063
https://archive.org/,ok,https://explorer.ooni.org/m/20260326100114.108501_KR_webconnectivity_b3029929e6d8f69d
http://bestiz.net/,ok,https://explorer.ooni.org/m/20260326100115.975885_KR_webconnectivity_3505dbc1a5cc925c
https://bitbucket.org/,ok,https://explorer.ooni.org/m/20260326100119.504464_KR_webconnectivity_e6dd482883c35c4e
http://blog.naver.com/,ok,https://explorer.ooni.org/m/20260326100122.577308_KR_webconnectivity_5e68f885e8581ee3
http://cafe.daum.net/Kgreens,ok,https://explorer.ooni.org/m/20260326100124.876917_KR_webconnectivity_e3cb905dce0f9449
http://cafe.daum.net/chiwoo/,ok,https://explorer.ooni.org/m/20260326100127.638905_KR_webconnectivity_228ec33095ce334e
http://cafe.daum.net/ok1221,ok,https://explorer.ooni.org/m/20260326100130.662174_KR_webconnectivity_c417bd62cba3ae92
http://cafe.daum.net/ssaumjil,ok,https://explorer.ooni.org/m/20260326100133.153836_KR_webconnectivity_0801c8886274b6bc
http://cafe.daum.net/subdued20club/,ok,https://explorer.ooni.org/m/20260326100135.430826_KR_webconnectivity_bb85e83720e441de
http://cafe.daum.net/truepicture/,ok,https://explorer.ooni.org/m/20260326100137.781415_KR_webconnectivity_46f35a68acfb59f0
http://cafe.naver.com/imsanbu,ok,https://explorer.ooni.org/m/20260326100142.822912_KR_webconnectivity_c48da611f7c32d38
https://cdn.ampproject.org/v0/amp-iframe-0.1.js,ok,https://explorer.ooni.org/m/20260326100145.197550_KR_webconnectivity_76840d64e65d9c5e
https://cdn.jsdelivr.net/favicon.ico,ok,https://explorer.ooni.org/m/20260326100146.206672_KR_webconnectivity_8ead23e0be4a7ca6
https://churchofgodinchristmennonite.net/,ok,https://explorer.ooni.org/m/20260326100147.927061_KR_webconnectivity_a20745993eccbea1
https://citizensclimatelobby.org/,ok,https://explorer.ooni.org/m/20260326100150.275944_KR_webconnectivity_c40ed23dc60d3933
http://cloud.naver.com/,ok,https://explorer.ooni.org/m/20260326100154.149142_KR_webconnectivity_5e5d89e310606cf1
https://cloudflare-ech.com/,ok,https://explorer.ooni.org/m/20260326100156.737538_KR_webconnectivity_11e7b677e8542259
http://clparty.kr/,ok,https://explorer.ooni.org/m/20260326100159.528689_KR_webconnectivity_fb779b2bbceb0af5
https://code.jquery.com/,ok,https://explorer.ooni.org/m/20260326100202.725869_KR_webconnectivity_e37955e1c94fc655
https://codeberg.org/,ok,https://explorer.ooni.org/m/20260326100205.746764_KR_webconnectivity_ccff0ac2dc07135f
https://codeload.github.com/github/rally/tar.gz/v1.0.1,ok,https://explorer.ooni.org/m/20260326100208.565211_KR_webconnectivity_2cb503374d8defde
https://data.worldbank.org/topic/environment,ok,https://explorer.ooni.org/m/20260326100210.237004_KR_webconnectivity_84d4a145bcd6ac2f
http://debate.org.uk/,ok,https://explorer.ooni.org/m/20260326100212.613658_KR_webconnectivity_9b291aa9223604a5
https://dharmanet.org/,ok,https://explorer.ooni.org/m/20260326100216.437113_KR_webconnectivity_aa740d79df6688df
https://digital.globalclimatestrike.net/,ok,https://explorer.ooni.org/m/20260326100218.790141_KR_webconnectivity_948b7659d85a3cea
https://dl.bintray.com/jfrog/xray/,ok,https://explorer.ooni.org/m/20260326100224.022413_KR_webconnectivity_954d9d4b1e20f689
https://dl.google.com/robots.txt,ok,https://explorer.ooni.org/m/20260326100226.110393_KR_webconnectivity_d6239e2943434465
https://dns.google/,ok,https://explorer.ooni.org/m/20260326100227.533185_KR_webconnectivity_bd57d485e68734ca
https://docs.github.com/,ok,https://explorer.ooni.org/m/20260326100230.100912_KR_webconnectivity_70f8143b6690b212
https://doh.dns.sb/dns-query?dns=q80BAAABAAAAAAAAA3d3dwdleGFtcGxlA2NvbQAAAQAB,dns,https://explorer.ooni.org/m/20260326100246.112313_KR_webconnectivity_a76f72a126950993
https://earthobservatory.nasa.gov/global-maps,ok,https://explorer.ooni.org/m/20260326100249.048286_KR_webconnectivity_7e98be753de41271
https://earthwatch.org/,ok,https://explorer.ooni.org/m/20260326100251.368120_KR_webconnectivity_931e52b84886ce52
https://emchurch.org/,ok,https://explorer.ooni.org/m/20260326100254.745102_KR_webconnectivity_f5f1165d63c87fea
https://espivblogs.net/,ok,https://explorer.ooni.org/m/20260326100300.434228_KR_webconnectivity_49caa64688d03e4d
https://fcm.googleapis.com/$discovery/rest?version=v1,ok,https://explorer.ooni.org/m/20260326100302.523895_KR_webconnectivity_9d406200dacb2d31
https://firebaseinstallations.googleapis.com/robots.txt,ok,https://explorer.ooni.org/m/20260326100305.904040_KR_webconnectivity_63ace7eb671cc197
https://fosfeminista.org/,ok,https://explorer.ooni.org/m/20260326100308.336507_KR_webconnectivity_46aee3a50443f56e
https://fridaysforfuture.org/,ok,https://explorer.ooni.org/m/20260326100313.303717_KR_webconnectivity_da920d0e7434c94c
https://friendsoftheearth.uk/,ok,https://explorer.ooni.org/m/20260326100315.280087_KR_webconnectivity_ae36e14aedfd133d
https://frontlineaids.org/,ok,https://explorer.ooni.org/m/20260326100320.935409_KR_webconnectivity_d9122a98d1bae13e
https://gaggaalliance.org/,ok,https://explorer.ooni.org/m/20260326100324.492936_KR_webconnectivity_340cffc1b93c491c
http://gall.dcinside.com/,ok,https://explorer.ooni.org/m/20260326100332.054433_KR_webconnectivity_433651cb777bbb7a
http://gesomoon.com/Ver2/,ok,https://explorer.ooni.org/m/20260326100334.181962_KR_webconnectivity_e852e57eaccf7c70
https://ghost.org/,ok,https://explorer.ooni.org/m/20260326100337.221606_KR_webconnectivity_9cbe1d2460ca6a36
https://gist.github.com/,ok,https://explorer.ooni.org/m/20260326100341.021576_KR_webconnectivity_523c0776bd1a5475
https://git.io/,dns,https://explorer.ooni.org/m/20260326100342.040982_KR_webconnectivity_efcd13897e48bc45
https://github.com/,ok,https://explorer.ooni.org/m/20260326100344.749531_KR_webconnectivity_d0d5ce5b3c59b0b2
https://github.com/twbs/bootstrap/releases/download/v4.5.3/bootstrap-4.5.3-examples.zip,ok,https://explorer.ooni.org/m/20260326100347.674361_KR_webconnectivity_0dd4899bcd781684
https://github.githubassets.com/images/modules/open_graph/github-logo.png,ok,https://explorer.ooni.org/m/20260326100348.759105_KR_webconnectivity_5667fa414041f710
https://globalconservation.org/,ok,https://explorer.ooni.org/m/20260326100351.846945_KR_webconnectivity_1e31f7c955ca3800
https://goaskalice.columbia.edu/,ok,https://explorer.ooni.org/m/20260326100353.946913_KR_webconnectivity_8798857133b05d72
https://greenhost.net/,ok,https://explorer.ooni.org/m/20260326100357.449862_KR_webconnectivity_cbe1bbedd387b4bd
https://i.ytimg.com/vi/JBRf3nEqfZ8/hq720.jpg,ok,https://explorer.ooni.org/m/20260326100401.085558_KR_webconnectivity_8a6102d396c24330
https://iarf.net/,ok,https://explorer.ooni.org/m/20260326100404.694795_KR_webconnectivity_b7b41cafaf1a002c
https://impactlab.org/,ok,https://explorer.ooni.org/m/20260326100408.100402_KR_webconnectivity_1df2fee628858f27
https://isaalmasih.net/,ok,https://explorer.ooni.org/m/20260326100410.135471_KR_webconnectivity_bf3a63035ed669b2
https://islamic-relief.org/,ok,https://explorer.ooni.org/m/20260326100413.778156_KR_webconnectivity_be480f3bc32e6296
https://islamonline.net/,ok,https://explorer.ooni.org/m/20260326100417.189088_KR_webconnectivity_f8917aefab5609ee
https://jainworld.com/,ok,https://explorer.ooni.org/m/20260326100418.761664_KR_webconnectivity_8f091f9fa95d72f7
https://joturl.com/,ok,https://explorer.ooni.org/m/20260326100422.606151_KR_webconnectivity_c3956376bb75585b
https://krishna.com/,ok,https://explorer.ooni.org/m/20260326100426.433997_KR_webconnectivity_6d8602c8287359f1
https://letsencrypt.org/,ok,https://explorer.ooni.org/m/20260326100429.107359_KR_webconnectivity_09e7a63c5c3c21be
https://lh3.ggpht.com/_mm3cDcdhxkc/SzkPLt_zDUI/AAAAAAAAAZM/UplZlTSCVQc/s800/DSC_5305.jpg,ok,https://explorer.ooni.org/m/20260326100432.888912_KR_webconnectivity_da2a64e171811840
https://lh3.googleusercontent.com/favicon.ico,ok,https://explorer.ooni.org/m/20260326100434.842474_KR_webconnectivity_24fc177eeec30deb
https://lh4.ggpht.com/_PvLDsC2pRvk/ShwiscZujVI/AAAAAAAAFIQ/4q-TYiQ13-k/s512/DSC01330.jpg,ok,https://explorer.ooni.org/m/20260326100438.106264_KR_webconnectivity_67285d640ad87272
https://media0.giphy.com/robots.txt,ok,https://explorer.ooni.org/m/20260326100439.488232_KR_webconnectivity_ae880af4f49b4418
https://miro.medium.com/robots.txt,ok,https://explorer.ooni.org/m/20260326100440.934397_KR_webconnectivity_f70940fd7ff8fcf9
http://mlbpark.donga.com/,ok,https://explorer.ooni.org/m/20260326100445.342140_KR_webconnectivity_b28126ae901c7c4f
https://moodle.com/,ok,https://explorer.ooni.org/m/20260326100448.798458_KR_webconnectivity_018beb46deeb3238
https://nazarene.org/,ok,https://explorer.ooni.org/m/20260326100454.077968_KR_webconnectivity_59f57d7d3802659d
http://ndrive.naver.com/,ok,https://explorer.ooni.org/m/20260326100457.598404_KR_webconnectivity_a9161d3249015f44
https://noblogs.org/,ok,https://explorer.ooni.org/m/20260326100502.115401_KR_webconnectivity_c39eb92deea05221
https://notifications-pa.googleapis.com/robots.txt,ok,https://explorer.ooni.org/m/20260326100504.457467_KR_webconnectivity_742c4709d8b3ce59
https://oceanconservancy.org/,ok,https://explorer.ooni.org/m/20260326100506.762979_KR_webconnectivity_dbdeb68f7ef28f79
https://ooni.github.io/,ok,https://explorer.ooni.org/m/20260326100508.164522_KR_webconnectivity_f64c92b1854906e7
https://ow.ly/,ok,https://explorer.ooni.org/m/20260326100510.992979_KR_webconnectivity_2c045dbeb40f91a5
https://play-lh.googleusercontent.com/SZ7vNaa9txw_JsYsiOOP4_4fOaKfJVMQ-_aM10MW7x93IPDYoqdIkHSw-ffCgBABFSM=s256-rw,ok,https://explorer.ooni.org/m/20260326100513.159307_KR_webconnectivity_5da5c8e359ee5eba
https://play.google.com/,ok,https://explorer.ooni.org/m/20260326100516.931243_KR_webconnectivity_84a01174b0858d67
https://play.googleapis.com/robots.txt,ok,https://explorer.ooni.org/m/20260326100518.643883_KR_webconnectivity_62e5ef9aeca9fd56
https://private.canadianshield.cira.ca/dns-query?dns=q80BAAABAAAAAAAAA3d3dwdleGFtcGxlA2NvbQAAAQAB,ok,https://explorer.ooni.org/m/20260326100520.516954_KR_webconnectivity_cf8690299f8aa8b2
https://prolife.com/,dns,https://explorer.ooni.org/m/20260326100524.913812_KR_webconnectivity_c2e7277b93db0dff
https://quran.com/,ok,https://explorer.ooni.org/m/20260326100526.978888_KR_webconnectivity_ef073b165dd87df1
https://rebellion.global/,ok,https://explorer.ooni.org/m/20260326100530.419848_KR_webconnectivity_49d8dc5f9f7791f9
https://redapes.org/,ok,https://explorer.ooni.org/m/20260326100535.651288_KR_webconnectivity_7b9050beeed96e7b
https://replug.io/,ok,https://explorer.ooni.org/m/20260326100539.423485_KR_webconnectivity_1a72091766b5b8ab
http://ruliweb.daum.net/,http-failure,https://explorer.ooni.org/m/20260326100543.523495_KR_webconnectivity_793e20ef6441dd29
https://rutube.ru/,ok,https://explorer.ooni.org/m/20260326100548.252921_KR_webconnectivity_88213f73d27451b2
http://sex.clinic.co.kr/,dns,https://explorer.ooni.org/m/20260326100552.554554_KR_webconnectivity_e2280d79b5b05d28
http://shia.org/,tcp_ip,https://explorer.ooni.org/m/20260326100623.502482_KR_webconnectivity_c57b29e59ec1925c
https://short.io/,ok,https://explorer.ooni.org/m/20260326100627.204698_KR_webconnectivity_eb9c0d9045454f78
https://sites.google.com/,ok,https://explorer.ooni.org/m/20260326100632.054801_KR_webconnectivity_c630a380017136be
https://sniply.io/,ok,https://explorer.ooni.org/m/20260326100634.379284_KR_webconnectivity_aa26665d3774887a
https://solar-aid.org/,ok,https://explorer.ooni.org/m/20260326100636.422506_KR_webconnectivity_517d46aa6eac715e
https://srhrforall.org/,ok,https://explorer.ooni.org/m/20260326100638.203875_KR_webconnectivity_6eef33923d887e00
https://stackoverflow.com/,ok,https://explorer.ooni.org/m/20260326100639.377613_KR_webconnectivity_762eb0cda0d4541f
https://t2mio.com/,ok,https://explorer.ooni.org/m/20260326100642.879010_KR_webconnectivity_3676f0c14bd386e3
http://tanzil.net/,ok,https://explorer.ooni.org/m/20260326100646.784006_KR_webconnectivity_2a97f0e4771cb763
https://technorati.com/,ok,https://explorer.ooni.org/m/20260326100649.492955_KR_webconnectivity_91593c617a53184a
https://thereisnoearthb.org/,ok,https://explorer.ooni.org/m/20260326100651.920583_KR_webconnectivity_833e7c3eaa5a8d47
https://tiny.cc/,ok,https://explorer.ooni.org/m/20260326100654.307896_KR_webconnectivity_a50953b75e981fc9
https://tinyurl.com/,ok,https://explorer.ooni.org/m/20260326100656.152380_KR_webconnectivity_dc85a918a1dd60ef
https://torah.org/,ok,https://explorer.ooni.org/m/20260326100657.365659_KR_webconnectivity_4f46fe049e45da48
https://turbobit.net/,ok,https://explorer.ooni.org/m/20260326100700.751542_KR_webconnectivity_00494b274919ef7b
https://vesselthefilm.com/,ok,https://explorer.ooni.org/m/20260326100704.765841_KR_webconnectivity_f8448a556e445d87
https://we.riseup.net/,ok,https://explorer.ooni.org/m/20260326100706.927499_KR_webconnectivity_95b12e257c39af27
http://web.humoruniv.com/main.html,ok,https://explorer.ooni.org/m/20260326100711.210158_KR_webconnectivity_b5a4ee4542382392
http://weblogs.us/,ok,https://explorer.ooni.org/m/20260326100718.749307_KR_webconnectivity_c3fc8d7cb103b7d8
https://womenfirstdigital.org/,ok,https://explorer.ooni.org/m/20260326100722.637040_KR_webconnectivity_6a8b791e7b3ba7d1
https://wordpress.com/,ok,https://explorer.ooni.org/m/20260326100725.241264_KR_webconnectivity_c2f082979662733f
https://wordpress.org/,ok,https://explorer.ooni.org/m/20260326100728.451710_KR_webconnectivity_760ab10dd9627233
https://write.as/,ok,https://explorer.ooni.org/m/20260326100731.089157_KR_webconnectivity_ecb368687fdce078
https://wupj.org/,ok,https://explorer.ooni.org/m/20260326100734.122652_KR_webconnectivity_b0e8d6d0e1c45a18
https://wwf.panda.org/,ok,https://explorer.ooni.org/m/20260326100739.768190_KR_webconnectivity_bb551a8c1782506a
https://www.100webspace.com/,ok,https://explorer.ooni.org/m/20260326100747.180787_KR_webconnectivity_5e29bc407b58d6ac
https://www.1800respect.org.au/languages/,ok,https://explorer.ooni.org/m/20260326100754.476360_KR_webconnectivity_976f0757a7847dcc
https://www.abortionno.org/,dns,https://explorer.ooni.org/m/20260326100755.240193_KR_webconnectivity_beea4aac491c1d87
https://www.abortoinfosegura.com/,ok,https://explorer.ooni.org/m/20260326100757.537951_KR_webconnectivity_c476902bdd12d2d9
https://www.adl.org/,ok,https://explorer.ooni.org/m/20260326100759.521640_KR_webconnectivity_02bba6308af8b999
https://www.adventist.org/,ok,https://explorer.ooni.org/m/20260326100800.707454_KR_webconnectivity_6b1e8ccca1063632
https://www.advocatesforyouth.org/,ok,https://explorer.ooni.org/m/20260326100802.003325_KR_webconnectivity_515140e2884afc77
http://www.afreeca.com/,ok,https://explorer.ooni.org/m/20260326100805.665962_KR_webconnectivity_1a20de3136b0c9dd
http://www.ahsex.org/,error,https://explorer.ooni.org/m/20260326100821.755448_KR_webconnectivity_0d1f9d3ae78ea56d
https://www.angelfire.lycos.com/,http-failure,https://explorer.ooni.org/m/20260326100922.073319_KR_webconnectivity_db63a874407dfa3c
https://www.anglicancommunion.org/,ok,https://explorer.ooni.org/m/20260326100927.166246_KR_webconnectivity_58b7bd02906822ad
http://www.arder.co.kr/,dns,https://explorer.ooni.org/m/20260326100936.837976_KR_webconnectivity_2a10292d23faa6f5
http://www.asiatour.com/,ok,https://explorer.ooni.org/m/20260326100939.764297_KR_webconnectivity_d64c4dd3169879c2
https://www.atheistalliance.org/,ok,https://explorer.ooni.org/m/20260326100945.779183_KR_webconnectivity_3532882bbf73a660
https://www.atheists.org/,ok,https://explorer.ooni.org/m/20260326100949.195248_KR_webconnectivity_ed552f2cca4d6f99
http://www.auduboninternational.org/,ok,https://explorer.ooni.org/m/20260326100952.142752_KR_webconnectivity_c70521e1860d4a80
https://www.autistici.org/,ok,https://explorer.ooni.org/m/20260326100957.029860_KR_webconnectivity_2a7a3020c984b01e
http://www.bahai.org/,ok,https://explorer.ooni.org/m/20260326101000.543741_KR_webconnectivity_0435f3cd872c2a2f
https://www.birthcontrol.com/,dns,https://explorer.ooni.org/m/20260326101003.696646_KR_webconnectivity_2d62d7de35742016
http://www.biz.ly/,ok,https://explorer.ooni.org/m/20260326101014.443881_KR_webconnectivity_341f78a25f5cb8bb
https://www.bl.ink/,ok,https://explorer.ooni.org/m/20260326101016.615326_KR_webconnectivity_9a6de22f10d32fce
http://www.blogeasy.com/,ok,https://explorer.ooni.org/m/20260326101018.624298_KR_webconnectivity_5c69418cb825ad31
https://www.blogger.com/,ok,https://explorer.ooni.org/m/20260326101022.207438_KR_webconnectivity_d59650f7bcd6007a
http://www.blogsome.com/,ok,https://explorer.ooni.org/m/20260326101025.729909_KR_webconnectivity_50071f03dd8fbd6a
https://www.brinkster.com/,ok,https://explorer.ooni.org/m/20260326101029.467598_KR_webconnectivity_a07d58e65cf8ca15
http://www.buddhanet.net/,ok,https://explorer.ooni.org/m/20260326101041.103756_KR_webconnectivity_502ec464c82d5245
http://www.cafe24.com/,ok,https://explorer.ooni.org/m/20260326101046.946406_KR_webconnectivity_a4b6af8ae5de2a43
https://www.carbonbrief.org/,ok,https://explorer.ooni.org/m/20260326101049.188300_KR_webconnectivity_abcf5b824e09d02b
https://www.carbonmap.org/,ok,https://explorer.ooni.org/m/20260326101052.540798_KR_webconnectivity_b9ab0283ee338f76
https://www.catholic.org/,ok,https://explorer.ooni.org/m/20260326101056.394515_KR_webconnectivity_90594e6784f5412c
https://www.catholicsforchoice.org/,ok,https://explorer.ooni.org/m/20260326101100.251866_KR_webconnectivity_f9835a8bde169e1a
https://www.ccel.org/,ok,https://explorer.ooni.org/m/20260326101107.118560_KR_webconnectivity_15ed7db3a3bcf03c
https://www.ceceurope.org/,ok,https://explorer.ooni.org/m/20260326101112.741612_KR_webconnectivity_2b40e158e519600a
https://www.christianity.com/,ok,https://explorer.ooni.org/m/20260326101115.085838_KR_webconnectivity_7607b390494e1399
https://www.christianitytoday.com/,ok,https://explorer.ooni.org/m/20260326101118.606650_KR_webconnectivity_009cf9472e22c062
https://www.cleanwateraction.org/,ok,https://explorer.ooni.org/m/20260326101121.044703_KR_webconnectivity_4e51abd1b49d337b
https://www.climaterealityproject.org/,ok,https://explorer.ooni.org/m/20260326101125.937134_KR_webconnectivity_1f0362cf92286359
https://www.coolearth.org/,ok,https://explorer.ooni.org/m/20260326101129.740477_KR_webconnectivity_ff2c04d0d579d8a3
https://www.copticchurch.net/,ok,https://explorer.ooni.org/m/20260326101133.005927_KR_webconnectivity_ea7a1ddc6d2feaab
https://www.cseindia.org/,ok,https://explorer.ooni.org/m/20260326101137.601814_KR_webconnectivity_56f23a018c1f5212
https://www.dreamhost.com/,ok,https://explorer.ooni.org/m/20260326101140.271196_KR_webconnectivity_3dd4871d51180879
https://www.earthaction.org/,ok,https://explorer.ooni.org/m/20260326101144.043025_KR_webconnectivity_84a516fceeb7788d
https://www.earthrights.org/,ok,https://explorer.ooni.org/m/20260326101147.359261_KR_webconnectivity_62fdbcf8f43b5e16
http://www.eco.or.kr/,ok,https://explorer.ooni.org/m/20260326101153.038262_KR_webconnectivity_d168554bb2f4dff2
https://www.edf.org/,ok,https://explorer.ooni.org/m/20260326101154.734782_KR_webconnectivity_dd4e001a048a4849
https://www.eea.europa.eu/,ok,https://explorer.ooni.org/m/20260326101201.659248_KR_webconnectivity_1edf2a837a95dd7e
https://www.emailaddresses.com/,ok,https://explorer.ooni.org/m/20260326101205.070513_KR_webconnectivity_3cc5854c5e8d3c51
https://www.enom.com/,ok,https://explorer.ooni.org/m/20260326101207.290313_KR_webconnectivity_189be9588a35dd99
https://www.epik.com/,ok,https://explorer.ooni.org/m/20260326101211.173291_KR_webconnectivity_11d61bd112750d35
https://www.episcopalchurch.org/,ok,https://explorer.ooni.org/m/20260326101214.897710_KR_webconnectivity_456b59dfda3852a0
https://www.ewg.org/,ok,https://explorer.ooni.org/m/20260326101217.984419_KR_webconnectivity_31389a8d5224eeb8
https://www.exmormon.org/,tcp_ip,https://explorer.ooni.org/m/20260326101251.973364_KR_webconnectivity_43246c8347eb4f48
https://www.fhi360.org/,ok,https://explorer.ooni.org/m/20260326101254.942642_KR_webconnectivity_bdc0ad5cfde84ca9
http://www.fmkorea.com/,ok,https://explorer.ooni.org/m/20260326101257.976446_KR_webconnectivity_af0265f9ff8ee2af
https://www.footprintnetwork.org/,ok,https://explorer.ooni.org/m/20260326101303.294078_KR_webconnectivity_117eb064c8f11726
http://www.formercatholic.com/,ok,https://explorer.ooni.org/m/20260326101305.872528_KR_webconnectivity_c28f2a3979db5ea9
https://www.frc.org/,ok,https://explorer.ooni.org/m/20260326101309.856233_KR_webconnectivity_4ce5ae2475540bd3
http://www.freeservers.com/,ok,https://explorer.ooni.org/m/20260326101312.628838_KR_webconnectivity_4190cc152b98e069
http://www.freewebspace.com/,ok,https://explorer.ooni.org/m/20260326101317.079247_KR_webconnectivity_959278fbaaa9991a
http://www.gabia.com/,error,https://explorer.ooni.org/m/20260326101320.372732_KR_webconnectivity_29032f0caf0dfc40
https://www.globalwitness.org/,ok,https://explorer.ooni.org/m/20260326101326.373519_KR_webconnectivity_a390712314e18275
https://www.goarch.org/,ok,https://explorer.ooni.org/m/20260326101327.821306_KR_webconnectivity_f074d55f0f53f8fa
http://www.godalone.org/,ok,https://explorer.ooni.org/m/20260326101330.910250_KR_webconnectivity_326e10a1488aea34
https://www.googleapis.com/auth/cloud-platform,ok,https://explorer.ooni.org/m/20260326101336.278981_KR_webconnectivity_96bb567207e6f1c8
http://www.greenkorea.org/,ok,https://explorer.ooni.org/m/20260326101340.414791_KR_webconnectivity_8877bcafaab9aaee
http://www.greennet.org.uk/,ok,https://explorer.ooni.org/m/20260326101345.450773_KR_webconnectivity_77b2fad825e25eb9
https://www.greenpeace.org/,ok,https://explorer.ooni.org/m/20260326101347.679891_KR_webconnectivity_49aa7a5975a47438
http://www.hostgator.com/,ok,https://explorer.ooni.org/m/20260326101355.910289_KR_webconnectivity_2e66948b5016f14b
http://www.hotge.co.kr/,ok,https://explorer.ooni.org/m/20260326101403.419682_KR_webconnectivity_81c608371615380a
https://www.howtouseabortionpill.org/,ok,https://explorer.ooni.org/m/20260326101407.604798_KR_webconnectivity_df976a6c6093fce2
https://www.iaea.org/,ok,https://explorer.ooni.org/m/20260326101409.346814_KR_webconnectivity_d3a1a60ba8b7b69b
http://www.iavi.org/,ok,https://explorer.ooni.org/m/20260326101411.878879_KR_webconnectivity_3d9fd2b0328d1b7b
http://www.iico.org/,ok,https://explorer.ooni.org/m/20260326101417.547734_KR_webconnectivity_611129c3d3c2c196
https://www.internationalrivers.org/,ok,https://explorer.ooni.org/m/20260326101421.389020_KR_webconnectivity_3fd34397a0887606
https://www.ipcc.ch/,ok,https://explorer.ooni.org/m/20260326101432.219001_KR_webconnectivity_ba897f99efff9864
https://www.iskcon.org/,ok,https://explorer.ooni.org/m/20260326101436.468841_KR_webconnectivity_a9313f546bfd1ec2
http://www.islameyat.com/,ok,https://explorer.ooni.org/m/20260326101443.087849_KR_webconnectivity_0ee79c2077cd6f28
http://www.islamicity.com/,ok,https://explorer.ooni.org/m/20260326101444.754508_KR_webconnectivity_9594ebbf2d11ec22
https://www.islaminstitut.de/en/,ok,https://explorer.ooni.org/m/20260326101449.019557_KR_webconnectivity_21dfd04a4c4b3bd0
https://www.iucn.org/,ok,https://explorer.ooni.org/m/20260326101452.485644_KR_webconnectivity_ef9143678a6976b4
http://www.jinbo.net/,ok,https://explorer.ooni.org/m/20260326101455.616714_KR_webconnectivity_dd7a3cb2053487c7
http://www.judaism.com/,ok,https://explorer.ooni.org/m/20260326101457.988494_KR_webconnectivity_958ff1977d0c7431
http://www.judaismconversion.org/,ok,https://explorer.ooni.org/m/20260326101509.986220_KR_webconnectivity_649a7dc46f693e3c
http://www.kfem.or.kr/,ok,https://explorer.ooni.org/m/20260326101519.280461_KR_webconnectivity_9b2d98749d3e233e
http://www.kgreens.org/,ok,https://explorer.ooni.org/m/20260326101529.884894_KR_webconnectivity_6d106c624c8a52b6
http://www.krts.or.kr/,ok,https://explorer.ooni.org/m/20260326101534.840041_KR_webconnectivity_96eab43fa92c2396
https://www.leaseweb.com/,ok,https://explorer.ooni.org/m/20260326101539.000526_KR_webconnectivity_3908195bf01124d7
https://www.livejournal.com/,dns,https://explorer.ooni.org/m/20260326101540.239484_KR_webconnectivity_0826af7b3a0c193d
http://www.mgoon.com/,error,https://explorer.ooni.org/m/20260326101557.482158_KR_webconnectivity_d7961cc76b517c25
http://www.muhammadanism.com/,ok,https://explorer.ooni.org/m/20260326101606.093518_KR_webconnectivity_14221a5a6e55c7a2
https://www.namecheap.com/,ok,https://explorer.ooni.org/m/20260326101607.092090_KR_webconnectivity_a7afa78a1ec9c330
http://www.nature.org/,ok,https://explorer.ooni.org/m/20260326101611.563688_KR_webconnectivity_5975cc8f817044fe
http://www.no-ip.com/,ok,https://explorer.ooni.org/m/20260326101617.001020_KR_webconnectivity_e285783d6c633f09
https://www.oca.org/,ok,https://explorer.ooni.org/m/20260326101620.299896_KR_webconnectivity_2e7921e708033e61
http://www.oicc.org/,ok,https://explorer.ooni.org/m/20260326101623.110980_KR_webconnectivity_a6013f0edad9b11f
http://www.oikoumene.org/,ok,https://explorer.ooni.org/m/20260326101627.123038_KR_webconnectivity_70d3ae1d6ebe943d
https://www.om.org/,ok,https://explorer.ooni.org/m/20260326101628.212513_KR_webconnectivity_3ab1f3270a6e4646
https://www.orangewebsite.com/,ok,https://explorer.ooni.org/m/20260326101634.196674_KR_webconnectivity_50b3baf67421d119
http://www.orthodoxconvert.info/,ok,https://explorer.ooni.org/m/20260326101636.753107_KR_webconnectivity_d28663f5ee8e2b12
https://www.paganpride.org/,ok,https://explorer.ooni.org/m/20260326101640.686075_KR_webconnectivity_a34b9b6ea603d068
https://www.persecution.org/,ok,https://explorer.ooni.org/m/20260326101644.227688_KR_webconnectivity_5b3fbb661e0feb9b
https://www.petside.com/,ok,https://explorer.ooni.org/m/20260326101720.708497_KR_webconnectivity_0cafdb0b329ed66d
http://www.podbbang.com/,ok,https://explorer.ooni.org/m/20260326101724.946081_KR_webconnectivity_e50a5ab0e050e590
http://www.ppfk.or.kr/,ok,https://explorer.ooni.org/m/20260326101735.285804_KR_webconnectivity_7bf34df072210a1e
http://www.ppomppu.co.kr/zboard/zboard.php?id=freeboard,ok,https://explorer.ooni.org/m/20260326101736.747145_KR_webconnectivity_0cdd99eb083e8f5d
https://www.privex.io/,ok,https://explorer.ooni.org/m/20260326101740.667130_KR_webconnectivity_801c133c89c38022
http://www.prolife.or.kr/,ok,https://explorer.ooni.org/m/20260326101747.487666_KR_webconnectivity_4815c3a829d1da3f
http://www.pullbbang.com/,dns,https://explorer.ooni.org/m/20260326101749.299268_KR_webconnectivity_05cba6643b1c8c4a
https://www.rackspace.com/,ok,https://explorer.ooni.org/m/20260326101752.376485_KR_webconnectivity_bddf862c46efcb10
http://www.ran.org/,ok,https://explorer.ooni.org/m/20260326101755.466353_KR_webconnectivity_849ec852b1bb631b
https://www.ran.org/,ok,https://explorer.ooni.org/m/20260326101757.060093_KR_webconnectivity_b8ecd302e8e777f9
https://www.rebrandly.com/,ok,https://explorer.ooni.org/m/20260326101758.773225_KR_webconnectivity_30bf3e5b8987e3d8
https://www.reprouncensored.org/,ok,https://explorer.ooni.org/m/20260326101802.359687_KR_webconnectivity_b8296dddd6d1e0cd
https://www.resourcematters.org/,ok,https://explorer.ooni.org/m/20260326101808.882352_KR_webconnectivity_d6c1052d62273a79
https://www.salvationarmy.org/,ok,https://explorer.ooni.org/m/20260326101813.742580_KR_webconnectivity_969cced1540465df
http://www.sangsaeng.org/,dns,https://explorer.ooni.org/m/20260326101815.974753_KR_webconnectivity_db9a9f0f8563869a
https://www.sbc.net/,ok,https://explorer.ooni.org/m/20260326101820.586414_KR_webconnectivity_89f75805153daa2a
http://www.scientology.org/,ok,https://explorer.ooni.org/m/20260326101824.340030_KR_webconnectivity_488390a84fa3ba46
http://www.sex-academy.com/,dns,https://explorer.ooni.org/m/20260326101826.799448_KR_webconnectivity_72cfc40777db72b8
http://www.sexandu.ca/,dns,https://explorer.ooni.org/m/20260326101830.357009_KR_webconnectivity_05bc16edfa9c48a6
http://www.sexandu.ca/fr/,dns,https://explorer.ooni.org/m/20260326101833.819821_KR_webconnectivity_a439874b2e9fe31d
http://www.shinto.org/,ok,https://explorer.ooni.org/m/20260326101842.351067_KR_webconnectivity_1022e77e51e5e6c6
https://www.sierraclub.org/,ok,https://explorer.ooni.org/m/20260326101843.452653_KR_webconnectivity_ecf59339925ad58b
http://www.submission.org/,ok,https://explorer.ooni.org/m/20260326101846.220579_KR_webconnectivity_33490e056bb3909c
http://www.survive.org.uk/,ok,https://explorer.ooni.org/m/20260326101849.895233_KR_webconnectivity_7f36eaa910cf032c
http://www.tcloud.co.kr/,ok,https://explorer.ooni.org/m/20260326101906.432812_KR_webconnectivity_0d3a371abe02ed0d
http://www.teenhealthfx.com/,ok,https://explorer.ooni.org/m/20260326101910.497703_KR_webconnectivity_4e20de5798aab5d4
http://www.themwl.org/,ok,https://explorer.ooni.org/m/20260326101917.086476_KR_webconnectivity_c5bd40e0c70a08bc
http://www.tistory.com/,ok,https://explorer.ooni.org/m/20260326101921.600663_KR_webconnectivity_2235e4c789b04557
http://www.todayhumor.co.kr/,ok,https://explorer.ooni.org/m/20260326101924.525823_KR_webconnectivity_e2510ffc4dcf480c
http://www.tripod.lycos.com/,ok,https://explorer.ooni.org/m/20260326101928.074566_KR_webconnectivity_ba4684b6334a4fac
http://www.truthnet.org/,ok,https://explorer.ooni.org/m/20260326101933.517971_KR_webconnectivity_b8cc01cba4448e0f
https://www.ucc.org/,ok,https://explorer.ooni.org/m/20260326101938.063815_KR_webconnectivity_84fd4d8669aaff77
https://www.ucsusa.org/,ok,https://explorer.ooni.org/m/20260326101941.673899_KR_webconnectivity_514b6d33dc8fda85
http://www.ultimatebirthcontrol.com/,dns,https://explorer.ooni.org/m/20260326101943.229903_KR_webconnectivity_344a81b2c5cee8c7
http://www.umc.org/,ok,https://explorer.ooni.org/m/20260326101947.355897_KR_webconnectivity_c5ab8f718caec4b4
https://www.unep.org/,ok,https://explorer.ooni.org/m/20260326101951.002613_KR_webconnectivity_80e65668c74253bd
http://www.upci.org/,ok,https://explorer.ooni.org/m/20260326101955.455735_KR_webconnectivity_8263e8f21441085b
http://www.vatican.va/,ok,https://explorer.ooni.org/m/20260326101957.605927_KR_webconnectivity_d1c573ddaf80c25c
http://www.wcicc.org/,ok,https://explorer.ooni.org/m/20260326101959.997341_KR_webconnectivity_9eb79c86783d30c5
https://www.weebly.com/,ok,https://explorer.ooni.org/m/20260326102002.251862_KR_webconnectivity_c2c233267534e624
http://www.whois.co.kr/,ok,https://explorer.ooni.org/m/20260326102008.342085_KR_webconnectivity_219f683cc824f651
http://www.wix.com/,ok,https://explorer.ooni.org/m/20260326102009.742799_KR_webconnectivity_0dee0a5d1a152300
http://www.worldjewishcongress.org/,ok,https://explorer.ooni.org/m/20260326102014.559813_KR_webconnectivity_cca572fa369bba1b
https://www.xenu.net/,ok,https://explorer.ooni.org/m/20260326102019.834218_KR_webconnectivity_2d32920aec150fed
http://www.xyinlove.co.kr/,error,https://explorer.ooni.org/m/20260326102035.846767_KR_webconnectivity_eb27b0054cc1c3d4
http://www.ymca.int/,dns,https://explorer.ooni.org/m/20260326102036.792089_KR_webconnectivity_ceb04e5bb0303e61
https://www.yola.com/,ok,https://explorer.ooni.org/m/20260326102040.202056_KR_webconnectivity_35d0f51e9ac51c9f
https://www.zanzu.nl/,dns,https://explorer.ooni.org/m/20260326102040.951912_KR_webconnectivity_83c4a312775829bd
http://xanga.com/,ok,https://explorer.ooni.org/m/20260326102043.420037_KR_webconnectivity_954055375afca7c6
https://xda-developers.com/,ok,https://explorer.ooni.org/m/20260326102048.510508_KR_webconnectivity_00452c0513b4ea67
https://yourls.org/,ok,https://explorer.ooni.org/m/20260326102050.132975_KR_webconnectivity_d2ba0e5d6b72eac6
https://yt3.ggpht.com/a-/AOh14GhGCI1dxtHOY_TDQfmxDBK_S7CHTPJ3U6zOUw=s480-c-k-c0x00ffffff-no-rj-mo,ok,https://explorer.ooni.org/m/20260326102054.868619_KR_webconnectivity_f0d3ff8e2737a42b
https://yt4.ggpht.com/a-/AOh14GhOiUxI-RcMC-Vfl2i15v3xewMr8bt2yNXTfw=s480-c-k-c0x00ffffff-no-rj-mo,ok,https://explorer.ooni.org/m/20260326102059.289058_KR_webconnectivity_cea1c6fd4865272d
http://bitsnoop.com/,dns,https://explorer.ooni.org/m/20260326102100.056091_KR_webconnectivity_94686a433875a281
http://canna.to/,dns,https://explorer.ooni.org/m/20260326102102.967488_KR_webconnectivity_49505f1c0c6f7ace
https://chat.openai.com/,ok,https://explorer.ooni.org/m/20260326102104.085647_KR_webconnectivity_7a89fedcab39a328
http://data.donkeyhote.co.kr/,dns,https://explorer.ooni.org/m/20260326102105.313640_KR_webconnectivity_55046e3b58da3ecd
https://download.cnet.com/,dns,https://explorer.ooni.org/m/20260326102106.033251_KR_webconnectivity_0b88af5820cbde3e
http://file.daum.net/,ok,https://explorer.ooni.org/m/20260326102108.052571_KR_webconnectivity_5d5dc5fbb9ade134
https://eztv.re/,dns,https://explorer.ooni.org/m/20260326102106.785839_KR_webconnectivity_78ccac79357813ac
http://hksh.koreanhistory.or.kr/,ok,https://explorer.ooni.org/m/20260326102108.774577_KR_webconnectivity_bba0a1d07d5c9345
https://i.gr-assets.com/robots.txt,ok,https://explorer.ooni.org/m/20260326102110.514561_KR_webconnectivity_71b84dd28bd0eead
https://isa.gov.ly/,ok,https://explorer.ooni.org/m/20260326102112.906413_KR_webconnectivity_4ad194f86e4247df
https://katcr.to/,dns,https://explorer.ooni.org/m/20260326102113.673464_KR_webconnectivity_4b9a3c8fb8ae5df3
https://kickasstorrents.to/,dns,https://explorer.ooni.org/m/20260326102115.563333_KR_webconnectivity_6b3e7bcc3997828e
https://libgen.fun/,error,https://explorer.ooni.org/m/20260326102117.074191_KR_webconnectivity_87c0522f57582edc
http://libgen.lc/,ok,https://explorer.ooni.org/m/20260326102119.029101_KR_webconnectivity_c008e522d66f30da
http://libgen.li/,dns,https://explorer.ooni.org/m/20260326102120.152943_KR_webconnectivity_5d91e08e08f27f6d
https://libgen.me/,error,https://explorer.ooni.org/m/20260326102122.205656_KR_webconnectivity_8040e131bab7106e
https://libgen.space/,error,https://explorer.ooni.org/m/20260326102125.274963_KR_webconnectivity_abe3cc4dd7e66410
https://limetorrents.pro/,dns,https://explorer.ooni.org/m/20260326102126.055392_KR_webconnectivity_197a8358b481c7ba
https://newalbumreleases.net/,dns,https://explorer.ooni.org/m/20260326102126.904179_KR_webconnectivity_197c0e0fcd3dfc25
https://rapidgator.net/,dns,https://explorer.ooni.org/m/20260326102127.677882_KR_webconnectivity_315f329f90d28223
https://s.gr-assets.com/robots.txt,ok,https://explorer.ooni.org/m/20260326102129.075493_KR_webconnectivity_58569d8a61531435
https://savefrom.net/,dns,https://explorer.ooni.org/m/20260326102129.811169_KR_webconnectivity_c2a1ae5424085dbe
https://thepiratebay.org/,dns,https://explorer.ooni.org/m/20260326102131.396402_KR_webconnectivity_8e82d9a9c03f6b3c
http://torrentdada.com/,dns,https://explorer.ooni.org/m/20260326102132.356071_KR_webconnectivity_e75f3b951de0d9f6
http://torrenters.com/,dns,https://explorer.ooni.org/m/20260326102133.706690_KR_webconnectivity_27dc415c416e32f3
http://torters.com/,dns,https://explorer.ooni.org/m/20260326102134.381207_KR_webconnectivity_e43846a77d947f5a
https://web.archive.org/,dns,https://explorer.ooni.org/m/20260326102135.948699_KR_webconnectivity_686958401198c743
http://www.1koreannews.com/,ok,https://explorer.ooni.org/m/20260326102136.765590_KR_webconnectivity_37ee8c7db793fedc
https://www.bme.com/,dns,https://explorer.ooni.org/m/20260326102138.190961_KR_webconnectivity_26a1fbaaa22fadb4
http://www.centcom.mil/,ok,https://explorer.ooni.org/m/20260326102140.918875_KR_webconnectivity_268eacd14ed55795
http://www.chaju.org/,ok,https://explorer.ooni.org/m/20260326102146.712250_KR_webconnectivity_d07f754af398bf99
https://www.datpiff.com/,dns,https://explorer.ooni.org/m/20260326102147.489677_KR_webconnectivity_7997628b451a2712
https://www.deathmetal.org/,ok,https://explorer.ooni.org/m/20260326102150.907042_KR_webconnectivity_7b86d297e22efb6f
https://www.defense.gov/,ok,https://explorer.ooni.org/m/20260326102153.023391_KR_webconnectivity_21dd0683678a6b5b
https://www.dia.mil/,ok,https://explorer.ooni.org/m/20260326102155.619632_KR_webconnectivity_4d5c458c89879622
https://www.dictionary.com/,ok,https://explorer.ooni.org/m/20260326102157.336348_KR_webconnectivity_39df2445a617b5ae
http://www.dklotto.com/,dns,https://explorer.ooni.org/m/20260326102200.122000_KR_webconnectivity_3aaa6484536fd121
http://www.dprk-book.com/,tcp_ip,https://explorer.ooni.org/m/20260326102246.971883_KR_webconnectivity_48e5d3cb28a1d2e9
http://www.dprkorea.com/,dns,https://explorer.ooni.org/m/20260326102257.525372_KR_webconnectivity_f34ea6392e3ca1c8
https://www.dropbox.com/,ok,https://explorer.ooni.org/m/20260326102301.764546_KR_webconnectivity_d6bf9ad6bbba1d7c
http://www.elufa.net/,confirmed,https://explorer.ooni.org/m/20260326102303.604293_KR_webconnectivity_f92d484aa66e0625
http://www.enppy.com/,dns,https://explorer.ooni.org/m/20260326102306.460686_KR_webconnectivity_bbd364260538963a
https://www.epa.gov/,ok,https://explorer.ooni.org/m/20260326102310.099498_KR_webconnectivity_997b0d706e884736
https://www.eventbrite.com/,ok,https://explorer.ooni.org/m/20260326102312.813233_KR_webconnectivity_02caa72f173f033f
http://www.fileguri.com/,http-failure,https://explorer.ooni.org/m/20260326102315.565585_KR_webconnectivity_8abaed2fe5be8be8
http://www.filenara.co.kr/,dns,https://explorer.ooni.org/m/20260326102316.358116_KR_webconnectivity_49408a8259cbbb5f
http://www.filenori.com/,ok,https://explorer.ooni.org/m/20260326102319.125174_KR_webconnectivity_e7088f31e393935f
http://www.foreignaffairs.org/,ok,https://explorer.ooni.org/m/20260326102321.260609_KR_webconnectivity_883beb21f7b89cdd
http://www.fsb.ru/,http-failure,https://explorer.ooni.org/m/20260326102358.363033_KR_webconnectivity_3f4e767f0a00d5a2
https://www.fsf.org/,error,https://explorer.ooni.org/m/20260326102400.097572_KR_webconnectivity_8321d28119f75ab7
https://www.gawker.com/,ok,https://explorer.ooni.org/m/20260326102403.990064_KR_webconnectivity_529e11b50d708594
https://www.givesendgo.com/,ok,https://explorer.ooni.org/m/20260326102405.240934_KR_webconnectivity_b27859ea7dfa8733
https://www.globalpolicy.org/,ok,https://explorer.ooni.org/m/20260326102409.728150_KR_webconnectivity_25bfeb0927dc8284
https://www.goodreads.com/,ok,https://explorer.ooni.org/m/20260326102414.370282_KR_webconnectivity_01e94974237db2be
https://www.gov.uk/,ok,https://explorer.ooni.org/m/20260326102418.612833_KR_webconnectivity_29ba558049880820
https://www.gutenberg.org/,ok,https://explorer.ooni.org/m/20260326102421.627512_KR_webconnectivity_e1efefdd1891c0d8
http://www.hanguksa.org/,ok,https://explorer.ooni.org/m/20260326102428.397573_KR_webconnectivity_714a773259e64f80
http://www.hisedu.or.kr/,ok,https://explorer.ooni.org/m/20260326102432.447748_KR_webconnectivity_e892fd893718461d
http://www.honamhistory.org/,ok,https://explorer.ooni.org/m/20260326102435.662554_KR_webconnectivity_925b4e64c71a7c4f
http://www.honduras.com/,ok,https://explorer.ooni.org/m/20260326102440.037310_KR_webconnectivity_d90b6312655e8f8f
https://www.iaru.org/,ok,https://explorer.ooni.org/m/20260326102444.524925_KR_webconnectivity_f9c91005e2ddb489
https://www.ibe.unesco.org/,ok,https://explorer.ooni.org/m/20260326102450.692264_KR_webconnectivity_32e6c0791c18a831
https://www.icrc.org/,ok,https://explorer.ooni.org/m/20260326102453.348841_KR_webconnectivity_bf0905ff4ce461cf
https://www.ideasbeyondborders.org/,ok,https://explorer.ooni.org/m/20260326102456.071711_KR_webconnectivity_51892f4526691548
http://www.iea.org/,ok,https://explorer.ooni.org/m/20260326102500.464507_KR_webconnectivity_440b08057e36ed7e
https://www.ifrc.org/,ok,https://explorer.ooni.org/m/20260326102501.590434_KR_webconnectivity_1691697c1bb27201
http://www.ihr.org/,ok,https://explorer.ooni.org/m/20260326102507.786054_KR_webconnectivity_711a75921f9707d9
http://www.iias.nl/,tcp_ip,https://explorer.ooni.org/m/20260326102509.831232_KR_webconnectivity_6d07997af37451fb
https://www.ilo.org/,ok,https://explorer.ooni.org/m/20260326102512.268778_KR_webconnectivity_2dcf74ca2ac5f50e
http://www.inhard.com/,ok,https://explorer.ooni.org/m/20260326102514.477153_KR_webconnectivity_d2fa8dea19dbaddf
https://www.interpol.int/,ok,https://explorer.ooni.org/m/20260326102517.440792_KR_webconnectivity_eb5dd69c7901c4c2
https://www.isa.org.jm/,ok,https://explorer.ooni.org/m/20260326102528.752748_KR_webconnectivity_35fd15b555356f5b
http://www.isj.org.uk/,ok,https://explorer.ooni.org/m/20260326102535.006854_KR_webconnectivity_450f57b7320e1fa2
http://www.jjangfile.net/,dns,https://explorer.ooni.org/m/20260326102550.672324_KR_webconnectivity_e315ea0f47a1a713
https://www.jsf.mil/,ok,https://explorer.ooni.org/m/20260326102556.147270_KR_webconnectivity_25bbca9cd64a7256
http://www.kancc.org/,confirmed,https://explorer.ooni.org/m/20260326102605.448586_KR_webconnectivity_b5b41e371992e88a
http://www.kcckp.net/,confirmed,https://explorer.ooni.org/m/20260326102609.422897_KR_webconnectivity_f3f5d94583de1f8a
https://www.khanacademy.org/,ok,https://explorer.ooni.org/m/20260326102611.983658_KR_webconnectivity_0db3f41fb517a279
http://www.kickassclassical.com/,dns,https://explorer.ooni.org/m/20260326102627.651621_KR_webconnectivity_8200d07205bba12d
http://www.korea-dpr.com/,confirmed,https://explorer.ooni.org/m/20260326102630.855045_KR_webconnectivity_b9238813082126ee
http://www.korea-dpr.com/cgi-bin/simpleforum.cgi,confirmed,https://explorer.ooni.org/m/20260326102632.246316_KR_webconnectivity_da54273b4082cddc
http://www.korea-dpr.com/users/jisge/,confirmed,https://explorer.ooni.org/m/20260326102634.118087_KR_webconnectivity_0552fa1a0a94d887
http://www.korea-is-one.org/,tcp_ip,https://explorer.ooni.org/m/20260326102637.657951_KR_webconnectivity_bb99321f8a31e264
http://www.korea-is-one.org/rubrique.php3?id_rubrique=5,tcp_ip,https://explorer.ooni.org/m/20260326102639.724029_KR_webconnectivity_17a1c48cbf8946f7
http://www.korea-np.co.jp/,tcp_ip,https://explorer.ooni.org/m/20260326102650.673966_KR_webconnectivity_a53dd1e168720ccf
http://www.koreanhistory.org/,ok,https://explorer.ooni.org/m/20260326102653.974745_KR_webconnectivity_7c638aad0d6ecd8a
http://www.krbook.net/,ok,https://explorer.ooni.org/m/20260326102656.000211_KR_webconnectivity_ea0ded74f0f1871f
https://www.libgen.tw/,ok,https://explorer.ooni.org/m/20260326102659.956548_KR_webconnectivity_f3ad74cc033b76a9
https://www.limetorrents.lol/,http-failure,https://explorer.ooni.org/m/20260326102702.249883_KR_webconnectivity_d66e4edecbd6515b
https://www.marxists.org/,ok,https://explorer.ooni.org/m/20260326102705.704923_KR_webconnectivity_87e1cf8cb2fd6b72
http://www.minjok.com/,dns,https://explorer.ooni.org/m/20260326102708.539822_KR_webconnectivity_123bfe1430974154
http://www.mnr.gov.cn/,dns,https://explorer.ooni.org/m/20260326102727.456440_KR_webconnectivity_8599ec9be3f06495
http://www.monkey3.co.kr/,dns,https://explorer.ooni.org/m/20260326102743.845240_KR_webconnectivity_55728ac46f947530
https://www.mozilla.org/,ok,https://explorer.ooni.org/m/20260326102746.388048_KR_webconnectivity_5b7f0f8a4e29b456
https://www.mp3.com/,error,https://explorer.ooni.org/m/20260326102830.230537_KR_webconnectivity_774db739732c5f61
https://www.musixmatch.com/,ok,https://explorer.ooni.org/m/20260326102832.514429_KR_webconnectivity_a34142e9fd35567f
http://www.nato.int/,ok,https://explorer.ooni.org/m/20260326102835.093866_KR_webconnectivity_83adc9236bd06388
http://www.nkland.org/,ok,https://explorer.ooni.org/m/20260326102836.253182_KR_webconnectivity_2f742a63bf51f24d
http://www.nzeen.com/,ok,https://explorer.ooni.org/m/20260326102840.590577_KR_webconnectivity_30469cc40f907210
http://www.onekorea.org/,ok,https://explorer.ooni.org/m/20260326102853.067799_KR_webconnectivity_08f95c9d740d0b83
http://www.opec.org/,ok,https://explorer.ooni.org/m/20260326102856.422912_KR_webconnectivity_87e4ba2e08ea0247
http://www.openart.or.kr/,ok,https://explorer.ooni.org/m/20260326102900.760778_KR_webconnectivity_63f959f12c2625d7
http://www.orangefile.com/,dns,https://explorer.ooni.org/m/20260326102903.881878_KR_webconnectivity_f15dc97c8beb3724
https://www.osce.org/,ok,https://explorer.ooni.org/m/20260326102907.911244_KR_webconnectivity_d5b37d585dbe2df9
https://www.overdrive.com/,ok,https://explorer.ooni.org/m/20260326102910.819161_KR_webconnectivity_5806281d33734777
http://www.pacom.mil/,ok,https://explorer.ooni.org/m/20260326102912.996317_KR_webconnectivity_4416e37044bcd297
http://www.pruna.com/,dns,https://explorer.ooni.org/m/20260326102915.712208_KR_webconnectivity_80e99a483ec5284b
http://www.quantico.marines.mil/,ok,https://explorer.ooni.org/m/20260326102917.772307_KR_webconnectivity_a4ec1030823711e1
https://www.researchgate.net/,ok,https://explorer.ooni.org/m/20260326102918.858218_KR_webconnectivity_db92af704c4aa757
http://www.ryongnamsan.edu.kp/,dns,https://explorer.ooni.org/m/20260326102922.473538_KR_webconnectivity_ad6c0fee19152575
http://www.schwarzreport.org/,ok,https://explorer.ooni.org/m/20260326102925.468773_KR_webconnectivity_7027c2961b83e8d9
https://www.scribd.com/,ok,https://explorer.ooni.org/m/20260326102927.857774_KR_webconnectivity_f1d093588df59e82
http://www.sealswcc.com/,ok,https://explorer.ooni.org/m/20260326102932.627003_KR_webconnectivity_e1e33c0e1981b656
https://www.shazam.com/,ok,https://explorer.ooni.org/m/20260326102936.690836_KR_webconnectivity_b0125bfad20410da
http://www.silibank.com/,ok,https://explorer.ooni.org/m/20260326102938.234315_KR_webconnectivity_1bb06491b788062e
http://www.slsknet.org/,ok,https://explorer.ooni.org/m/20260326102940.184578_KR_webconnectivity_3fad97c66069b98b
http://www.socom.mil/,tcp_ip,https://explorer.ooni.org/m/20260326103026.403459_KR_webconnectivity_62a93803f76ecd4f
http://www.soribada.com/,ok,https://explorer.ooni.org/m/20260326103030.046897_KR_webconnectivity_cb9b7efc627eddce
http://www.southcom.mil/,ok,https://explorer.ooni.org/m/20260326103032.252442_KR_webconnectivity_28afd23bd0795d55
https://www.spotify.com/,ok,https://explorer.ooni.org/m/20260326103034.133068_KR_webconnectivity_225c732f49c1caa1
https://www.state.gov/,ok,https://explorer.ooni.org/m/20260326103036.939507_KR_webconnectivity_f2a599bbf444bbde
http://www.stratcom.mil/,ok,https://explorer.ooni.org/m/20260326103038.703630_KR_webconnectivity_0cc4218ae2b61ba2
http://www.syccr.com/,ok,https://explorer.ooni.org/m/20260326103043.488309_KR_webconnectivity_38122fc6ef4c9a7c
https://www.timeout.com/,ok,https://explorer.ooni.org/m/20260326103050.309228_KR_webconnectivity_5c1c2a1535238f67
http://www.tmz.com/,ok,https://explorer.ooni.org/m/20260326103052.952850_KR_webconnectivity_bb825d4e299769d6
https://www.un.int/,ok,https://explorer.ooni.org/m/20260326103059.603824_KR_webconnectivity_f5cdd4cf13edeaf7
https://www.un.org/,ok,https://explorer.ooni.org/m/20260326103103.189477_KR_webconnectivity_8439dcccb91fd8fc
https://www.unwomen.org/,ok,https://explorer.ooni.org/m/20260326103105.474903_KR_webconnectivity_3f3aa304a39721de
http://www.uriminzokkiri.com/,tcp_ip,https://explorer.ooni.org/m/20260326103152.827284_KR_webconnectivity_54f34ed27a8ea643
http://www.usafa.af.mil/,ok,https://explorer.ooni.org/m/20260326103154.795159_KR_webconnectivity_75f1a0c182d3ce3b
http://www.uscg.mil/,ok,https://explorer.ooni.org/m/20260326103157.261162_KR_webconnectivity_06f77c45e66dba14
https://www.ushmm.org/,ok,https://explorer.ooni.org/m/20260326103211.742780_KR_webconnectivity_b444d31599877cdc
https://www.utorrent.com/,ok,https://explorer.ooni.org/m/20260326103213.833011_KR_webconnectivity_cb4695bf7e9792d0
http://www.vibe.com/,http-failure,https://explorer.ooni.org/m/20260326103214.626651_KR_webconnectivity_47a6e6622d9b8d1c
https://www.videolan.org/,ok,https://explorer.ooni.org/m/20260326103219.612951_KR_webconnectivity_3e356c0be4f8184b
https://www.wfp.org/,ok,https://explorer.ooni.org/m/20260326103224.464172_KR_webconnectivity_11e6e8829b0b8dab
https://www.wikipedia.org/,ok,https://explorer.ooni.org/m/20260326103226.941871_KR_webconnectivity_6723770bdf3c2906
https://www.wiktionary.org/,ok,https://explorer.ooni.org/m/20260326103229.982317_KR_webconnectivity_17cf4caafac6e7fb
http://www.worldcorea.net/,confirmed,https://explorer.ooni.org/m/20260326103232.343209_KR_webconnectivity_ac3431fd49692350
https://www.xinjiang.gov.cn/,ok,https://explorer.ooni.org/m/20260326103235.321938_KR_webconnectivity_af96b38f0fa0928a
http://www.xxlmag.com/,ok,https://explorer.ooni.org/m/20260326103239.651633_KR_webconnectivity_379d0a2ab48d3d72
https://www.zoho.com/,ok,https://explorer.ooni.org/m/20260326103243.041315_KR_webconnectivity_e8cf304b5ccad8f4
https://x1337x.eu/,ok,https://explorer.ooni.org/m/20260326103244.398213_KR_webconnectivity_98635e801be451f0
https://z-lib.org/,error,https://explorer.ooni.org/m/20260326103246.557255_KR_webconnectivity_3820d78c672b1b6a
https://zh.wikipedia.org/,ok,https://explorer.ooni.org/m/20260326103250.592338_KR_webconnectivity_6aa504b81f5ee0b8
https://astalavista.box.sk/,dns,https://explorer.ooni.org/m/20260326103251.600564_KR_webconnectivity_a1dc88030a43b5f4
https://bitcoin.org/,dns,https://explorer.ooni.org/m/20260326103252.617264_KR_webconnectivity_4c37730fade1751f
https://bitcoin.sipa.be/,dns,https://explorer.ooni.org/m/20260326103253.637083_KR_webconnectivity_c502995016963f03
https://blockdx.co/,error,https://explorer.ooni.org/m/20260326103255.547815_KR_webconnectivity_f19fd67500b2efc2
http://clients3.google.com/generate_204,ok,https://explorer.ooni.org/m/20260326103257.182649_KR_webconnectivity_62d2f546b2db5cb5
https://coinmarketcap.com/,dns,https://explorer.ooni.org/m/20260326103257.934779_KR_webconnectivity_39c349015e5bccaa
https://company.wizards.com/,dns,https://explorer.ooni.org/m/20260326103258.913241_KR_webconnectivity_80fa2c21f987562f
http://connect.rom.miui.com/generate_204,ok,https://explorer.ooni.org/m/20260326103301.033773_KR_webconnectivity_a2e37f1b2152b82a
http://connectivitycheck.android.com/generate_204,ok,https://explorer.ooni.org/m/20260326103304.620790_KR_webconnectivity_b106960ceda916a9
http://connectivitycheck.gstatic.com/generate_204,ok,https://explorer.ooni.org/m/20260326103312.066317_KR_webconnectivity_b53d5f6c199bc320
https://cultdeadcow.com/,dns,https://explorer.ooni.org/m/20260326103314.558341_KR_webconnectivity_cc7fd692de052c80
https://dashjr.org/,dns,https://explorer.ooni.org/m/20260326103317.026247_KR_webconnectivity_603c02303e6c9147
https://dnsleaktest.com/,dns,https://explorer.ooni.org/m/20260326103319.529492_KR_webconnectivity_dbc207544b4f6bdf
https://dnsviz.net/,ok,https://explorer.ooni.org/m/20260326103322.177568_KR_webconnectivity_d7ac5cf7f8680e99
https://epicgames.com/,dns,https://explorer.ooni.org/m/20260326103323.190796_KR_webconnectivity_a8de75b902b41a4e
https://etherscan.io/,dns,https://explorer.ooni.org/m/20260326103324.049726_KR_webconnectivity_9410a725a95eeb32
https://krunker.io/,dns,https://explorer.ooni.org/m/20260326103325.348418_KR_webconnectivity_96639e1530ce38c6
https://matcha.xyz/,dns,https://explorer.ooni.org/m/20260326103326.345244_KR_webconnectivity_e9c6439d7fd78786
https://repo1.maven.org/,ok,https://explorer.ooni.org/m/20260326103327.635538_KR_webconnectivity_9f69da194f609eb2
http://start.ubuntu.com/connectivity-check.html,ok,https://explorer.ooni.org/m/20260326103330.701471_KR_webconnectivity_9bee608d702e65b2
https://store.steampowered.com/,dns,https://explorer.ooni.org/m/20260326103332.988951_KR_webconnectivity_aed69ff0cea4e647
https://totaljerkface.com/,dns,https://explorer.ooni.org/m/20260326103334.365581_KR_webconnectivity_655afd15e08a4088
https://worldofwarcraft.com/,dns,https://explorer.ooni.org/m/20260326103336.129452_KR_webconnectivity_c48b516fb13f9b42
https://www.2600.com/,dns,https://explorer.ooni.org/m/20260326103340.108530_KR_webconnectivity_b31dc683dfbd2637
https://www.amazon.com/,ok,https://explorer.ooni.org/m/20260326103344.558101_KR_webconnectivity_19bc070fdf6eca47
http://www.apple.com/library/test/success.html,ok,https://explorer.ooni.org/m/20260326103346.902424_KR_webconnectivity_2d787ccf54a3ddc0
https://www.binance.com/,dns,https://explorer.ooni.org/m/20260326103348.183476_KR_webconnectivity_fac48d88f4483e5b
https://www.bitfinex.com/,dns,https://explorer.ooni.org/m/20260326103349.445618_KR_webconnectivity_13bcdea653e811ff
http://www.blackhat.be/,dns,https://explorer.ooni.org/m/20260326103350.924365_KR_webconnectivity_2877ccccd4fc2191
https://www.blizzard.com/,dns,https://explorer.ooni.org/m/20260326103352.187413_KR_webconnectivity_b4e94646e501004b
https://www.blockchain.com/,dns,https://explorer.ooni.org/m/20260326103353.384377_KR_webconnectivity_60adf18878be5bbe
https://www.chess.com/,dns,https://explorer.ooni.org/m/20260326103354.575645_KR_webconnectivity_7f4d2736eadb234a
https://www.coinbase.com/,dns,https://explorer.ooni.org/m/20260326103355.602120_KR_webconnectivity_f957690925aae0d6
https://www.coinex.com/,dns,https://explorer.ooni.org/m/20260326103356.970544_KR_webconnectivity_febf7c5950d51f99
https://www.crs.org/,ok,https://explorer.ooni.org/m/20260326103358.514048_KR_webconnectivity_84d4351369fd5cb5
https://www.darknet.org.uk/,dns,https://explorer.ooni.org/m/20260326103401.419656_KR_webconnectivity_e71b927400588d13
https://www.ea.com/,dns,https://explorer.ooni.org/m/20260326103403.203837_KR_webconnectivity_961c17d614dc1a04
https://www.eveonline.com/,dns,https://explorer.ooni.org/m/20260326103404.474298_KR_webconnectivity_8d7fa7f567acd588
https://www.exploit-db.com/,dns,https://explorer.ooni.org/m/20260326103405.718664_KR_webconnectivity_65c64a6431f4ee43
https://www.f-list.net/,dns,https://explorer.ooni.org/m/20260326103407.095536_KR_webconnectivity_b5e6e682b0639862
https://www.gog.com/,dns,https://explorer.ooni.org/m/20260326103408.077845_KR_webconnectivity_b8ecefb33adb5885
https://www.habbo.com/,dns,https://explorer.ooni.org/m/20260326103408.974148_KR_webconnectivity_1d920f6b8fd23299
http://www.hackforums.net/,dns,https://explorer.ooni.org/m/20260326103409.775445_KR_webconnectivity_fde3470a31816ee4
http://www.hacktivismo.com/,dns,https://explorer.ooni.org/m/20260326103410.927614_KR_webconnectivity_98a5afeb730dd9ae
http://www.idsoftware.com/,dns,https://explorer.ooni.org/m/20260326103411.808408_KR_webconnectivity_cbc623228e792141
https://www.minecraft.net/,dns,https://explorer.ooni.org/m/20260326103413.228186_KR_webconnectivity_180e1422a92ea2ce
http://www.msftconnecttest.com/connecttest.txt,ok,https://explorer.ooni.org/m/20260326103415.519458_KR_webconnectivity_0f3886d4e4fc5a2c
http://www.msftncsi.com/ncsi.txt,ok,https://explorer.ooni.org/m/20260326103417.510729_KR_webconnectivity_670cdb9fc99e0381
http://www.nmrc.org/,dns,https://explorer.ooni.org/m/20260326103419.080961_KR_webconnectivity_fedd92af897bf260
https://www.origin.com/,dns,https://explorer.ooni.org/m/20260326103420.544242_KR_webconnectivity_1dbd4332110a92bc
http://www.pcgamer.com/,dns,https://explorer.ooni.org/m/20260326103421.831792_KR_webconnectivity_758a86f138d8eb39
https://www.playstation.com/,dns,https://explorer.ooni.org/m/20260326103422.851207_KR_webconnectivity_90ca6cd3ca7057c7
http://www.pmang.com/,dns,https://explorer.ooni.org/m/20260326103423.707970_KR_webconnectivity_c9e76721fe000d38
https://www.pogo.com/,dns,https://explorer.ooni.org/m/20260326103424.747189_KR_webconnectivity_df0bd16a82cd85eb
https://www.pubg.com/,dns,https://explorer.ooni.org/m/20260326103425.513365_KR_webconnectivity_858967e1ed71e3ce
https://www.roblox.com/,dns,https://explorer.ooni.org/m/20260326103426.916166_KR_webconnectivity_5a0b0ce40578c7c9
http://www.rockstargames.com/,dns,https://explorer.ooni.org/m/20260326103427.852971_KR_webconnectivity_5b8042da32c41d5a
https://www.ubisoft.com/,dns,https://explorer.ooni.org/m/20260326103429.853547_KR_webconnectivity_c807a759e80e302f
https://www.weforum.org/,ok,https://explorer.ooni.org/m/20260326103431.917114_KR_webconnectivity_ec5ff09e3ba463d9
http://www.zone-h.org/,ok,https://explorer.ooni.org/m/20260326103433.207957_KR_webconnectivity_792b7686a8c83b9b
https://adultfriendfinder.com/,dns,https://explorer.ooni.org/m/20260326103436.432915_KR_webconnectivity_b3c2e75dbae05c4e
https://amphetamines.com/,ok,https://explorer.ooni.org/m/20260326103438.182097_KR_webconnectivity_16fe06f13cb0bf34
http://asiafriendfinder.com/,dns,https://explorer.ooni.org/m/20260326103440.931607_KR_webconnectivity_d4dcfae33a1093a5
http://cafe.daum.net/amc21,ok,https://explorer.ooni.org/m/20260326103444.140681_KR_webconnectivity_b70005e631bda005
http://cafe.daum.net/dacultureNO,ok,https://explorer.ooni.org/m/20260326103447.466230_KR_webconnectivity_112486e2b96c12f7
http://cafe.naver.com/mansdotcom,ok,https://explorer.ooni.org/m/20260326103450.285610_KR_webconnectivity_167f35608bcd0e5d
http://cafe.naver.com/rtbnmm/,ok,https://explorer.ooni.org/m/20260326103455.152586_KR_webconnectivity_2b4a3f81ee860188
https://eln-voces.net/,ok,https://explorer.ooni.org/m/20260326103459.273151_KR_webconnectivity_943c09eefb118095
https://hitomi.la/,dns,https://explorer.ooni.org/m/20260326103500.177190_KR_webconnectivity_97c9fd4ed84d95b9
https://howtogrowmarijuana.com/,dns,https://explorer.ooni.org/m/20260326103515.873489_KR_webconnectivity_eed9bb8d7622cf64
https://kiwifarms.net/,dns,https://explorer.ooni.org/m/20260326103531.624159_KR_webconnectivity_e99b92565a64727b
http://makemodel.net/,ok,https://explorer.ooni.org/m/20260326103537.061069_KR_webconnectivity_7fcddf0b0ab9db11
https://maps.org/,ok,https://explorer.ooni.org/m/20260326103539.145359_KR_webconnectivity_597a72f8a0d4f1fd
http://mingky.org/,dns,https://explorer.ooni.org/m/20260326103540.155166_KR_webconnectivity_e75f7a316a676130
https://norml.org/,dns,https://explorer.ooni.org/m/20260326103541.820521_KR_webconnectivity_0757d7ab2e7989a5
https://nsdapao.info/,dns,https://explorer.ooni.org/m/20260326103557.759601_KR_webconnectivity_134ebe503f8748df
http://onlybingo.com/,dns,https://explorer.ooni.org/m/20260326103613.464449_KR_webconnectivity_a4e4e37525cbf3f2
http://sexkorea.net/,dns,https://explorer.ooni.org/m/20260326103618.635145_KR_webconnectivity_15d14ed4b3d6a434
http://user.chollian.net/~yesooj/mincho/deama.htm,dns,https://explorer.ooni.org/m/20260326103621.391377_KR_webconnectivity_56aec976e6703530
http://video.fc2.com/ko/a/,dns,https://explorer.ooni.org/m/20260326103628.586302_KR_webconnectivity_49e82ef8d2e01d26
http://www.4online-gambling.com/,dns,https://explorer.ooni.org/m/20260326103644.251668_KR_webconnectivity_dad8b9ff5d0e36de
http://www.absinth.com/,ok,https://explorer.ooni.org/m/20260326103647.046419_KR_webconnectivity_eb1b7df593ab413b
http://www.absolut.com/,ok,https://explorer.ooni.org/m/20260326103648.374583_KR_webconnectivity_1671618b9b38abbb
https://www.americannaziparty.com/,ok,https://explorer.ooni.org/m/20260326103650.687248_KR_webconnectivity_d498f91628c56586
https://www.ariannelingerie.com/,dns,https://explorer.ooni.org/m/20260326103651.922039_KR_webconnectivity_a6f3887f5121c0a9
http://www.asiabynight.com/,dns,https://explorer.ooni.org/m/20260326103707.593979_KR_webconnectivity_ddb655580ed79a50
https://www.bacardi.com/,ok,https://explorer.ooni.org/m/20260326103710.192903_KR_webconnectivity_a7c2be95d79b0476
https://www.bat.com/,ok,https://explorer.ooni.org/m/20260326103714.511734_KR_webconnectivity_43a5e2835258171a
http://www.beer.com/,ok,https://explorer.ooni.org/m/20260326103718.887726_KR_webconnectivity_99491ddb620a422d
https://www.beerinfo.com/,ok,https://explorer.ooni.org/m/20260326103723.171831_KR_webconnectivity_e89f1b59325a3159
http://www.bglad.com/,dns,https://explorer.ooni.org/m/20260326103726.004836_KR_webconnectivity_ba10f9d0677b04d0
http://www.blackjackinfo.com/,dns,https://explorer.ooni.org/m/20260326103728.317776_KR_webconnectivity_5f94ab88f4100fba
http://www.budweiser.com/,ok,https://explorer.ooni.org/m/20260326103732.798247_KR_webconnectivity_fc8c014390505ce8
http://www.dekaron.co.kr/,dns,https://explorer.ooni.org/m/20260326103736.757143_KR_webconnectivity_c93796db4baed586
http://www.delicates.co.uk/,ok,https://explorer.ooni.org/m/20260326103743.790417_KR_webconnectivity_5347255200e12eae
https://www.dextroverse.org/,ok,https://explorer.ooni.org/m/20260326103819.749521_KR_webconnectivity_ea7ca6310b0bda33
https://www.drugsdata.org/,dns,https://explorer.ooni.org/m/20260326103823.059374_KR_webconnectivity_eb4b6da078968bcf
http://www.drugsense.org/,ok,https://explorer.ooni.org/m/20260326103828.322121_KR_webconnectivity_cfe7d0503791ce00
http://www.dsnet.co.kr/,ok,https://explorer.ooni.org/m/20260326103844.068351_KR_webconnectivity_6e25fdca2be05245
https://www.erowid.org/,tcp_ip,https://explorer.ooni.org/m/20260326103925.877480_KR_webconnectivity_cbb8b925f2fa1447
http://www.forbiddenasian.com/,dns,https://explorer.ooni.org/m/20260326103927.871481_KR_webconnectivity_b7067d086b6b5409
http://www.gamemeca.com/,dns,https://explorer.ooni.org/m/20260326103930.936902_KR_webconnectivity_5ca27af0bc52a0b6
http://www.globalfire.tv/,ok,https://explorer.ooni.org/m/20260326103934.278092_KR_webconnectivity_3ff87e906e7dfeaf
http://www.gotgayporn.com/,dns,https://explorer.ooni.org/m/20260326103935.848336_KR_webconnectivity_eab09e5467d94402
http://www.hanes.com/,ok,https://explorer.ooni.org/m/20260326103937.483945_KR_webconnectivity_cb46329467c7b194
http://www.hiliq.net/,ok,https://explorer.ooni.org/m/20260326103943.825460_KR_webconnectivity_eadd1a1a6ad3ea9f
http://www.ilbe.com/,dns,https://explorer.ooni.org/m/20260326103945.989475_KR_webconnectivity_a1bcf8ec56139401
http://www.jackdaniels.com/,ok,https://explorer.ooni.org/m/20260326103949.065169_KR_webconnectivity_1e44f68f5425dd7f
http://www.joyhunting.com/,dns,https://explorer.ooni.org/m/20260326104004.757950_KR_webconnectivity_d660b1120213e6a0
http://www.jupae.com/,ok,https://explorer.ooni.org/m/20260326104021.745871_KR_webconnectivity_4b40b4a1a8c7b518
http://www.lesbiansubmission.com/,dns,https://explorer.ooni.org/m/20260326104023.707098_KR_webconnectivity_20b10f9ee4fa1854
http://www.lineage.co.kr/,dns,https://explorer.ooni.org/m/20260326104027.247414_KR_webconnectivity_9eee7c561453f69a
http://www.marijuanatravels.com/,dns,https://explorer.ooni.org/m/20260326104042.970116_KR_webconnectivity_35b793aae53399a9
http://www.moderndrunkardmagazine.com/,ok,https://explorer.ooni.org/m/20260326104115.276286_KR_webconnectivity_2d0533cf2166c7be
http://www.mrchewsasianbeaver.com/,dns,https://explorer.ooni.org/m/20260326104118.547539_KR_webconnectivity_3185dd5a84bfb3ed
http://www.originalelf.com/,error,https://explorer.ooni.org/m/20260326104125.673985_KR_webconnectivity_994c252350d6ab4f
https://www.pmi.com/,ok,https://explorer.ooni.org/m/20260326104130.245720_KR_webconnectivity_93df6356c05d8482
http://www.pof.com/,dns,https://explorer.ooni.org/m/20260326104134.130043_KR_webconnectivity_f42a35d93f9364e8
http://www.poker.com/,dns,https://explorer.ooni.org/m/20260326104135.922101_KR_webconnectivity_2361ae0b3636e7a3
https://www.pornhub.com/,dns,https://explorer.ooni.org/m/20260326104137.563420_KR_webconnectivity_db5fdb1ab55b808d
http://www.ranking.co.kr/,dns,https://explorer.ooni.org/m/20260326104140.776784_KR_webconnectivity_d112061361cc0155
http://www.royalvegas-casino-kr.com/,dns,https://explorer.ooni.org/m/20260326104144.730317_KR_webconnectivity_107e34360684b3b8
http://www.royalvegas.com/,dns,https://explorer.ooni.org/m/20260326104146.982630_KR_webconnectivity_453500c509a2e3bc
http://www.satp.org/,ok,https://explorer.ooni.org/m/20260326104150.793201_KR_webconnectivity_24295727b217ab00
http://www.soramall.kr/,dns,https://explorer.ooni.org/m/20260326104207.483102_KR_webconnectivity_fb83b6e5c0f71138
http://www.speeddater.co.uk/,ok,https://explorer.ooni.org/m/20260326104210.098719_KR_webconnectivity_0662780c00306a76
http://www.spinpalace.com/,dns,https://explorer.ooni.org/m/20260326104211.911563_KR_webconnectivity_a95580cd15efa37b
http://www.topdrawers.com/,dns,https://explorer.ooni.org/m/20260326104213.216673_KR_webconnectivity_d0baf865910933f1
http://www.vanguardnewsnetwork.com/,ok,https://explorer.ooni.org/m/20260326104224.694465_KR_webconnectivity_a7f753299133648c
http://www.winespectator.com/,ok,https://explorer.ooni.org/m/20260326104227.127614_KR_webconnectivity_ace7299913d3d763
https://xhamster.com/,dns,https://explorer.ooni.org/m/20260326104228.292472_KR_webconnectivity_39170f71b88d21d9
http://ywoos.com/,dns,https://explorer.ooni.org/m/20260326104243.941483_KR_webconnectivity_aecbebf396ef9a54
http://4shared.com/,confirmed,https://explorer.ooni.org/m/20260326104247.482126_KR_webconnectivity_c8582e4769df1ee9
https://1337x.st/,dns,https://explorer.ooni.org/m/20260326104244.710232_KR_webconnectivity_2437b0f8e98db97d
https://911truth.org/,ok,https://explorer.ooni.org/m/20260326104253.200777_KR_webconnectivity_40c141e40176c532
https://addons.mozilla.org/,ok,https://explorer.ooni.org/m/20260326104254.956783_KR_webconnectivity_877fa46f03eedcbe
https://addons.opera.com/,ok,https://explorer.ooni.org/m/20260326104301.682336_KR_webconnectivity_fc742e815e37264d
https://addons.opera.com/en/extensions/,ok,https://explorer.ooni.org/m/20260326104306.542327_KR_webconnectivity_d91edf2abf3e54c7
http://applefile.com/,dns,https://explorer.ooni.org/m/20260326104308.755850_KR_webconnectivity_eca2b0a7945713ba
https://ar.m.wikipedia.org/,ok,https://explorer.ooni.org/m/20260326104313.897222_KR_webconnectivity_621d16ccf9297a37
https://ar.wikipedia.org/,ok,https://explorer.ooni.org/m/20260326104317.043569_KR_webconnectivity_7093cc561663bc7f
https://archiveofourown.org/,ok,https://explorer.ooni.org/m/20260326104318.443804_KR_webconnectivity_fa8f2c98f65d50c5
https://arxiv.org/,ok,https://explorer.ooni.org/m/20260326104319.570435_KR_webconnectivity_2b1e73653f6d51b6
https://asean.org/,ok,https://explorer.ooni.org/m/20260326104320.818220_KR_webconnectivity_b2b81217ca071e75
https://bintray.com/,ok,https://explorer.ooni.org/m/20260326104326.149022_KR_webconnectivity_13984b8a5e9d2716
http://bommin.net/,confirmed,https://explorer.ooni.org/m/20260326104328.398723_KR_webconnectivity_9d4100cc06be7c67
https://ca.wikipedia.org/,ok,https://explorer.ooni.org/m/20260326104331.637821_KR_webconnectivity_120cbd2b8280f0f5
http://cafe.daum.net/seoulminart,ok,https://explorer.ooni.org/m/20260326104333.918319_KR_webconnectivity_050be9c257028c5c
http://cafe.naver.com/newartcafe,ok,https://explorer.ooni.org/m/20260326104339.367712_KR_webconnectivity_8d446f862498d3e0
https://catbox.moe/,ok,https://explorer.ooni.org/m/20260326104342.509356_KR_webconnectivity_897368803552147b
http://chongryon.com/,confirmed,https://explorer.ooni.org/m/20260326104358.996510_KR_webconnectivity_6b8398888761888c
https://chrome.google.com/webstore/category/extensions,ok,https://explorer.ooni.org/m/20260326104403.122290_KR_webconnectivity_7a821f41326b5e20
https://chromewebstore.google.com/,ok,https://explorer.ooni.org/m/20260326104406.322311_KR_webconnectivity_9af7c596337d2c9c
https://code.org/,ok,https://explorer.ooni.org/m/20260326104410.650588_KR_webconnectivity_d300a4ec6ba5aee3
https://commons.wikimedia.org/,ok,https://explorer.ooni.org/m/20260326104413.894569_KR_webconnectivity_47df5b6131a5acac
https://credibilitycoalition.org/,ok,https://explorer.ooni.org/m/20260326104415.953713_KR_webconnectivity_3ea2e39cdb5da0c6
https://crypt.ee/,ok,https://explorer.ooni.org/m/20260326104418.045565_KR_webconnectivity_ac075909cf01f3d1
https://de.wikipedia.org/,ok,https://explorer.ooni.org/m/20260326104420.506159_KR_webconnectivity_a545e27d8b57f1a3
https://dfiles.eu/,ok,https://explorer.ooni.org/m/20260326104426.729336_KR_webconnectivity_d95002970fa3284a
https://digg.com/,ok,https://explorer.ooni.org/m/20260326104427.857339_KR_webconnectivity_3dcb340b7b2bb4fe
https://docs.google.com/,ok,https://explorer.ooni.org/m/20260326104431.401325_KR_webconnectivity_449faf11a4e5d301
https://drive.google.com/,ok,https://explorer.ooni.org/m/20260326104435.901345_KR_webconnectivity_15f7bc95a1d8b635
https://en.m.wikipedia.org/,ok,https://explorer.ooni.org/m/20260326104439.039912_KR_webconnectivity_69cb60e9ac88985a
https://en.wikipedia.org/,ok,https://explorer.ooni.org/m/20260326104442.242160_KR_webconnectivity_4fb08e8c9f71fdc0
https://ente.io/,ok,https://explorer.ooni.org/m/20260326104444.874954_KR_webconnectivity_f101924efac77882
https://es.m.wikipedia.org/,ok,https://explorer.ooni.org/m/20260326104448.724544_KR_webconnectivity_f2074c112904dd0d
https://es.wikipedia.org/,ok,https://explorer.ooni.org/m/20260326104451.893123_KR_webconnectivity_0ebf66e36bffecd1
https://f-droid.org/,ok,https://explorer.ooni.org/m/20260326104454.934209_KR_webconnectivity_e7c0f230a2fae043
https://fdroid.tetaneutral.net/fdroid/repo,ok,https://explorer.ooni.org/m/20260326104458.354333_KR_webconnectivity_e03262609428ccde
http://filecast.co.kr/,dns,https://explorer.ooni.org/m/20260326104501.697813_KR_webconnectivity_38cf7510fff42e06
https://filen.io/,ok,https://explorer.ooni.org/m/20260326104507.154821_KR_webconnectivity_f8fc39d248a827f4
https://files.pythonhosted.org/,ok,https://explorer.ooni.org/m/20260326104507.949750_KR_webconnectivity_8f396149d984a547
https://fr.wikipedia.org/,ok,https://explorer.ooni.org/m/20260326104510.727454_KR_webconnectivity_ed28d0c8ad1b1a38
https://ftp.fau.de/fdroid/repo,ok,https://explorer.ooni.org/m/20260326104514.225993_KR_webconnectivity_04bda3a8af03d5cf
http://gnu.rep.kp/,dns,https://explorer.ooni.org/m/20260326104518.782488_KR_webconnectivity_18614f6e388a514f
https://hackerspaces.org/,ok,https://explorer.ooni.org/m/20260326104522.359411_KR_webconnectivity_41970df68ea4cc94
http://historyedu.or.kr/,ok,https://explorer.ooni.org/m/20260326104527.269650_KR_webconnectivity_8e771b7d57ea856b
https://infidels.org/,ok,https://explorer.ooni.org/m/20260326104531.580294_KR_webconnectivity_a193a90229a0cb1c
https://int.soccerway.com/,http-failure,https://explorer.ooni.org/m/20260326104533.457085_KR_webconnectivity_b175f954736538c9
https://intelligence.weforum.org/,ok,https://explorer.ooni.org/m/20260326104536.826739_KR_webconnectivity_eaad6a752d6f7181
https://it.wikipedia.org/,ok,https://explorer.ooni.org/m/20260326104539.950186_KR_webconnectivity_fbeec7145a75e846
https://ja.wikipedia.org/,ok,https://explorer.ooni.org/m/20260326104543.440621_KR_webconnectivity_3c30d97668c18145
http://kancc.org/,dns,https://explorer.ooni.org/m/20260326104550.570622_KR_webconnectivity_9f83d54c2ff963fb
http://kass.org.kp/,dns,https://explorer.ooni.org/m/20260326104608.558961_KR_webconnectivity_3ee85a19bbe52672
http://kicc-dprk.org/,confirmed,https://explorer.ooni.org/m/20260326104610.256656_KR_webconnectivity_582debdbce401edf
http://kiyctc.com.kp/,dns,https://explorer.ooni.org/m/20260326104615.645522_KR_webconnectivity_1516e394b6ed24e3
http://ko.internationalism.org/,ok,https://explorer.ooni.org/m/20260326104620.096379_KR_webconnectivity_080d2a70ac4bd41e
https://ko.wiktionary.org/,ok,https://explorer.ooni.org/m/20260326104623.378723_KR_webconnectivity_04facb4f6d205ca1
http://korfilm.com.kp/,dns,https://explorer.ooni.org/m/20260326104640.259823_KR_webconnectivity_3c41840262053a15
http://kremlin.ru/,ok,https://explorer.ooni.org/m/20260326104659.215801_KR_webconnectivity_3f1afe9431871462
https://libgen.is/,dns,https://explorer.ooni.org/m/20260326104714.872018_KR_webconnectivity_9057c73869c152ef
https://libgen.life/,tcp_ip,https://explorer.ooni.org/m/20260326104800.728651_KR_webconnectivity_d869852f46cd527b
http://libgen.rs/,dns,https://explorer.ooni.org/m/20260326104816.662415_KR_webconnectivity_d8f8976f9a6c042e
http://libgen.st/,tcp_ip,https://explorer.ooni.org/m/20260326104847.859805_KR_webconnectivity_ec78c80e7ea6b180
https://libgen.xyz/,dns,https://explorer.ooni.org/m/20260326104851.534424_KR_webconnectivity_3401bfd9f2fd5e88
https://login.infomaniak.com/,ok,https://explorer.ooni.org/m/20260326104855.396497_KR_webconnectivity_bf441a560cec64aa
https://login.tailscale.com/,ok,https://explorer.ooni.org/m/20260326104904.107790_KR_webconnectivity_6fab4dd032b1d6ac
http://ma.gov.kp/,dns,https://explorer.ooni.org/m/20260326104909.072797_KR_webconnectivity_01429bd5371609f9
https://mashable.com/,ok,https://explorer.ooni.org/m/20260326104912.095457_KR_webconnectivity_4bac6c2dedb7a964
https://mirror.cyberbits.eu/fdroid/repo,ok,https://explorer.ooni.org/m/20260326104919.890855_KR_webconnectivity_18b248f24aacd266
https://mymemory.translated.net/,ok,https://explorer.ooni.org/m/20260326104924.986326_KR_webconnectivity_a7708d4e49106642
http://naenara.com/,ok,https://explorer.ooni.org/m/20260326104928.291985_KR_webconnectivity_11007ac77284874b
https://notesnook.com/,ok,https://explorer.ooni.org/m/20260326104930.964605_KR_webconnectivity_24a231cc78718e0f
http://onekorea.org/,ok,https://explorer.ooni.org/m/20260326104932.966197_KR_webconnectivity_601edf6fc34eb0f5
https://openverse.org/,ok,https://explorer.ooni.org/m/20260326104934.214125_KR_webconnectivity_6a67f8d224bbe448
https://plug-mirror.rcac.purdue.edu/fdroid/repo,ok,https://explorer.ooni.org/m/20260326104937.975599_KR_webconnectivity_4979296b54606bad
https://pt.m.wikipedia.org/,ok,https://explorer.ooni.org/m/20260326104941.797219_KR_webconnectivity_bc098945e9157b6d
https://pulse.internetsociety.org/,ok,https://explorer.ooni.org/m/20260326104944.906463_KR_webconnectivity_60e62ed3cbf67828
https://put.io/,ok,https://explorer.ooni.org/m/20260326104947.589259_KR_webconnectivity_680056962df9128e
https://radiofreetexas.com/,ok,https://explorer.ooni.org/m/20260326104951.006583_KR_webconnectivity_b593ba9f1daa2d41
https://ru.wikipedia.org/,ok,https://explorer.ooni.org/m/20260326104954.245737_KR_webconnectivity_755c59791ba7501f
http://sdprk.org.kp/,dns,https://explorer.ooni.org/m/20260326104958.501574_KR_webconnectivity_29bf6b9ade68fb59
http://sfkuk.freeservers.com/,ok,https://explorer.ooni.org/m/20260326105000.875415_KR_webconnectivity_107d296d1566fa71
http://simfile.uplusbox.co.kr/,dns,https://explorer.ooni.org/m/20260326105016.871228_KR_webconnectivity_5c0160cc9930b174
https://simple.wikipedia.org/,ok,https://explorer.ooni.org/m/20260326105020.498369_KR_webconnectivity_3b3eeeea5c125e17
https://skiff.com/,ok,https://explorer.ooni.org/m/20260326105022.287483_KR_webconnectivity_7586aecfc86aefac
https://soundcloud.com/,ok,https://explorer.ooni.org/m/20260326105025.323081_KR_webconnectivity_f0cea114517e19e4
https://sourceforge.net/,ok,https://explorer.ooni.org/m/20260326105027.688408_KR_webconnectivity_7d7e4a0284b97359
https://standardnotes.com/,ok,https://explorer.ooni.org/m/20260326105031.596452_KR_webconnectivity_5f7bacd2c3b8c6cf
https://uea.org/,ok,https://explorer.ooni.org/m/20260326105036.164422_KR_webconnectivity_9f9c1c61f1967230
https://upload.wikimedia.org/wikipedia/commons/thumb/3/37/Generic_Camera_Icon.svg/100px-Generic_Camera_Icon.svg.png,ok,https://explorer.ooni.org/m/20260326105038.863865_KR_webconnectivity_ec3290e528a4050a
http://usacrime.or.kr/,ok,https://explorer.ooni.org/m/20260326105041.545282_KR_webconnectivity_9ac97133cd87635a
https://w3schools.com/,ok,https://explorer.ooni.org/m/20260326105045.214677_KR_webconnectivity_abc058492cbd8136
https://wikidata.org/,ok,https://explorer.ooni.org/m/20260326105048.590362_KR_webconnectivity_e0a98fb082cf4a4d
https://wikihow.com/,ok,https://explorer.ooni.org/m/20260326105050.448610_KR_webconnectivity_7b75666d54d65b73
https://wikimapia.org/,ok,https://explorer.ooni.org/m/20260326105054.232327_KR_webconnectivity_2bca8758f47b8518
https://www.2shared.com/,ok,https://explorer.ooni.org/m/20260326105057.705586_KR_webconnectivity_ad7e5e1101d21bbc
https://www.4shared.com/,ok,https://explorer.ooni.org/m/20260326105102.548337_KR_webconnectivity_ecb01d2730d55524
https://www.911memorial.org/,ok,https://explorer.ooni.org/m/20260326105106.469455_KR_webconnectivity_bd59c70ff38194b9
http://www.acquisitionx.com/,ok,https://explorer.ooni.org/m/20260326105108.234398_KR_webconnectivity_e59635b7be0d296c
https://www.af.mil/,ok,https://explorer.ooni.org/m/20260326105110.282864_KR_webconnectivity_046ac42f56b54757
http://www.aha.ru/,ok,https://explorer.ooni.org/m/20260326105129.243862_KR_webconnectivity_7ca8d3cf59a7d4c5
http://www.aha.ru/~zentsov/korea.htm,ok,https://explorer.ooni.org/m/20260326105145.591827_KR_webconnectivity_2abd799d916c764e
http://www.arirang.dprkorea.com/,dns,https://explorer.ooni.org/m/20260326105200.202101_KR_webconnectivity_8fabc2281f48ffc2
https://www.army.mil/,ok,https://explorer.ooni.org/m/20260326105203.418002_KR_webconnectivity_ca856fcd151524b6
https://www.auswaertiges-amt.de/,ok,https://explorer.ooni.org/m/20260326105207.402101_KR_webconnectivity_5110ea8790d4f846
http://www.big.or.jp/,ok,https://explorer.ooni.org/m/20260326105209.532974_KR_webconnectivity_b5295fd6b714e37b
http://www.bittornado.com/,dns,https://explorer.ooni.org/m/20260326105225.301381_KR_webconnectivity_3cbb2cebfad54ec5
http://www.bommin.net/,confirmed,https://explorer.ooni.org/m/20260326105228.236573_KR_webconnectivity_d4c9e5e3660e7bdf
http://www.chongryon.com/,confirmed,https://explorer.ooni.org/m/20260326105244.354642_KR_webconnectivity_3b583f4b7a79d1ef
https://www.cia.gov/,ok,https://explorer.ooni.org/m/20260326105248.641211_KR_webconnectivity_28ff3defbf9a5a44
http://www.cinetown.co.kr/,ok,https://explorer.ooni.org/m/20260326105305.270339_KR_webconnectivity_d374fcaacd168635
https://www.cis.minsk.by/,ok,https://explorer.ooni.org/m/20260326105312.940992_KR_webconnectivity_648484e91d90de4a
http://www.cizel.co.kr/,dns,https://explorer.ooni.org/m/20260326105313.626515_KR_webconnectivity_32f4606a55563fac
http://www.cnet-ta.ne.jp/,ok,https://explorer.ooni.org/m/20260326105316.773902_KR_webconnectivity_23cb37527b11d1e6
http://www.collegehumor.com/,dns,https://explorer.ooni.org/m/20260326105332.514738_KR_webconnectivity_e94237603ff38f0f
http://www.coreaone-news.com/,confirmed,https://explorer.ooni.org/m/20260326105340.055554_KR_webconnectivity_c88eb1fdd39a492f
https://www.darpa.mil/,ok,https://explorer.ooni.org/m/20260326105345.370186_KR_webconnectivity_2e7b3ef79c275717
http://www.mfasia.org/,ok,https://explorer.ooni.org/m/20260326105355.438922_KR_webconnectivity_34894eb3bf49dfb2
http://www.newsweekasia.com/,ok,https://explorer.ooni.org/m/20260326105413.888462_KR_webconnectivity_b50b93b6643eca66
http://www.publiuspundit.com/,ok,https://explorer.ooni.org/m/20260326105415.044461_KR_webconnectivity_791e1585890c66a5
http://www.seapabkk.org/,dns,https://explorer.ooni.org/m/20260326105419.467989_KR_webconnectivity_dcc8b64519093b4d
http://www.taipeitimes.com/,ok,https://explorer.ooni.org/m/20260326105422.123863_KR_webconnectivity_1b6ac8ea2b6f3538
http://www.zdnetasia.com/,ok,https://explorer.ooni.org/m/20260326105426.487366_KR_webconnectivity_c64e4e5c8405f01c
"http://www.zdnetasia.com/downloads/pc/swinfo/0,39043052,39222404s,00.htm",ok,https://explorer.ooni.org/m/20260326105430.762271_KR_webconnectivity_6f8fb5890ce6088c
http://adb.org/,ok,https://explorer.ooni.org/m/20260326105436.495611_KR_webconnectivity_31661844a8b89710
https://alignpay.com/,dns,https://explorer.ooni.org/m/20260326105452.130879_KR_webconnectivity_7d558ec177953d1a
https://api.revenuecat.com/,ok,https://explorer.ooni.org/m/20260326105456.825486_KR_webconnectivity_2b6d5c2d0899e448
https://apis.google.com/robots.txt,ok,https://explorer.ooni.org/m/20260326105501.621340_KR_webconnectivity_25af202a1bfceabc
http://archive.ubuntu.com/,ok,https://explorer.ooni.org/m/20260326105510.716079_KR_webconnectivity_0e502252a6f63ef0
https://attrition.org/,ok,https://explorer.ooni.org/m/20260326105513.537889_KR_webconnectivity_9f0125acfa2776b2
https://beacondb.net/,ok,https://explorer.ooni.org/m/20260326105516.579602_KR_webconnectivity_94ad581f5dc0f9ec
https://blog.mozilla.org/,ok,https://explorer.ooni.org/m/20260326105519.436459_KR_webconnectivity_ea6055108d16aacd
https://bogus.d2a8n1.rootcanary.net/,ok,https://explorer.ooni.org/m/20260326105523.047983_KR_webconnectivity_b054138bdda5f428
https://brave.com/,ok,https://explorer.ooni.org/m/20260326105525.762976_KR_webconnectivity_18b93bbc1989031e
https://bughunters.google.com/,ok,https://explorer.ooni.org/m/20260326105528.677843_KR_webconnectivity_d2934d2e0cfc13fe
https://cdnjs.com/,ok,https://explorer.ooni.org/m/20260326105530.614169_KR_webconnectivity_be27adcf61cd2eee
https://clients5.google.com/robots.txt,ok,https://explorer.ooni.org/m/20260326105532.734777_KR_webconnectivity_a4bc586b1b215a11
https://defcon.org/,ok,https://explorer.ooni.org/m/20260326105538.041536_KR_webconnectivity_8de8a0ba4c4cb36a
https://doubleclick.net/,ok,https://explorer.ooni.org/m/20260326105541.778813_KR_webconnectivity_3101676c0f288645
https://earth.google.com/web/,ok,https://explorer.ooni.org/m/20260326105544.140902_KR_webconnectivity_71e51e0de8ffd591
https://en.miui.com/,ok,https://explorer.ooni.org/m/20260326105548.948290_KR_webconnectivity_fb5e9a39bfc367b7
https://fedoramagazine.org/,ok,https://explorer.ooni.org/m/20260326105552.546186_KR_webconnectivity_05838129e529c699
https://giganews.com/,dns,https://explorer.ooni.org/m/20260326105553.414618_KR_webconnectivity_a4386f1ac10bc2ca
http://gmarket.co.kr/,ok,https://explorer.ooni.org/m/20260326105555.485034_KR_webconnectivity_2607115afb754d83
https://hodlhodl.com/,ok,https://explorer.ooni.org/m/20260326105559.132408_KR_webconnectivity_7f6ec94e3f058d0b
https://insecure.org/,ok,https://explorer.ooni.org/m/20260326105602.500323_KR_webconnectivity_e5e05c33d49fd44f
https://kh.google.com/rt/earth/PlanetoidMetadata,ok,https://explorer.ooni.org/m/20260326105604.747178_KR_webconnectivity_ee892ad34c7ac61b
https://khms0.google.com/kh/v=908?x=81&y=103&z=8,ok,https://explorer.ooni.org/m/20260326105606.938535_KR_webconnectivity_3d655193d65436e7
https://khms1.google.com/kh/v=908?x=327&y=414&z=10,ok,https://explorer.ooni.org/m/20260326105609.132209_KR_webconnectivity_dda57264a97c2033
http://knic.com.kp/,dns,https://explorer.ooni.org/m/20260326105613.896939_KR_webconnectivity_4b7ab437cc559ca8
https://localmonero.co/,ok,https://explorer.ooni.org/m/20260326105617.259282_KR_webconnectivity_64f6f54d9dd28323
https://maps.gstatic.com/tactile/basepage/grid-image.png,ok,https://explorer.ooni.org/m/20260326105619.121052_KR_webconnectivity_f019a542200f9277
https://metasploit.com/,ok,https://explorer.ooni.org/m/20260326105622.689403_KR_webconnectivity_31d516348f36242b
https://moodle.org/,ok,https://explorer.ooni.org/m/20260326105625.815367_KR_webconnectivity_194ad14902d51895
http://networkcheck.kde.org/,ok,https://explorer.ooni.org/m/20260326105627.115837_KR_webconnectivity_c7074a8e7d715144
https://nmap.org/,ok,https://explorer.ooni.org/m/20260326105629.590024_KR_webconnectivity_3936df30fd1a5b70
http://nmcheck.gnome.org/check_network_status.txt,ok,https://explorer.ooni.org/m/20260326105630.771156_KR_webconnectivity_21c95d72f08b4ec2
https://o0.ingest.sentry.io/api/0,ok,https://explorer.ooni.org/m/20260326105631.767590_KR_webconnectivity_a8d7b5b44af891aa
http://opportunity.org/,ok,https://explorer.ooni.org/m/20260326105635.326716_KR_webconnectivity_9303c6b7dc390f58
https://packetstormsecurity.com/,ok,https://explorer.ooni.org/m/20260326105638.828580_KR_webconnectivity_58d6bfbb956907d4
http://phrack.org/,dns,https://explorer.ooni.org/m/20260326105639.608747_KR_webconnectivity_aed5c33cbbaf5fb8
http://ping.archlinux.org/,ok,https://explorer.ooni.org/m/20260326105641.600418_KR_webconnectivity_e7ffa8bcc5b64508
https://plan-uk.org/,ok,https://explorer.ooni.org/m/20260326105645.425926_KR_webconnectivity_d78da9cb1171d457
https://root-key-sentinel-is-ta-20326.d2a8n3.rootcanary.net/,ok,https://explorer.ooni.org/m/20260326105650.645621_KR_webconnectivity_f0117b0269251500
https://root-key-sentinel-is-ta-38696.d2a8n3.rootcanary.net/,ok,https://explorer.ooni.org/m/20260326105654.495221_KR_webconnectivity_b8e6d52daa4b37ac
https://root-key-sentinel-not-ta-20326.d2a8n3.rootcanary.net/,ok,https://explorer.ooni.org/m/20260326105657.746674_KR_webconnectivity_fddef0e5b6438a7f
https://root-key-sentinel-not-ta-38696.d2a8n3.rootcanary.net/,ok,https://explorer.ooni.org/m/20260326105701.335297_KR_webconnectivity_8772c0fb6fef67b2
https://s3.amazonaws.com/ooni-data/archives-raw/yaml_tar_vault.json,ok,https://explorer.ooni.org/m/20260326105706.080667_KR_webconnectivity_731d1460322705cb
https://seclists.org/,ok,https://explorer.ooni.org/m/20260326105709.481885_KR_webconnectivity_fea56f6c56c6c827
https://sentry.io/api/0/,ok,https://explorer.ooni.org/m/20260326105710.472923_KR_webconnectivity_3970ab81c8c3bb13
https://sourceforge.net/projects/loic/,ok,https://explorer.ooni.org/m/20260326105713.145153_KR_webconnectivity_e363a50d886f0f8f
https://swift.org/,ok,https://explorer.ooni.org/m/20260326105714.946313_KR_webconnectivity_e8c37ee488c7308b
https://thehackernews.com/,ok,https://explorer.ooni.org/m/20260326105716.828512_KR_webconnectivity_5abd1663de2e20fa
https://tigerweb.ru/,ok,https://explorer.ooni.org/m/20260326105736.600573_KR_webconnectivity_dacee96f6ef61f17
https://toolbox.googleapps.com/,ok,https://explorer.ooni.org/m/20260326105739.891267_KR_webconnectivity_039f8385307b062f
https://trisquel.info/,ok,https://explorer.ooni.org/m/20260326105743.568059_KR_webconnectivity_07aee94e9311f7d9
https://use-application-dns.net/,ok,https://explorer.ooni.org/m/20260326105746.094337_KR_webconnectivity_819812042e08733f
https://wasabiwallet.io/,ok,https://explorer.ooni.org/m/20260326105750.234046_KR_webconnectivity_22792870954610a7
https://wkkf.org/,ok,https://explorer.ooni.org/m/20260326105753.185113_KR_webconnectivity_766c6ae5639c3038
http://www.11st.co.kr/,ok,https://explorer.ooni.org/m/20260326105754.649140_KR_webconnectivity_ed20fc1d678e68f2
https://www.airbnb.co.kr/,ok,https://explorer.ooni.org/m/20260326105757.863301_KR_webconnectivity_924a9bf49e630a1a
https://www.akdn.org/,ok,https://explorer.ooni.org/m/20260326105802.769725_KR_webconnectivity_6c22f8fa9b8e9a34
https://www.apple.com/,ok,https://explorer.ooni.org/m/20260326105805.178926_KR_webconnectivity_cb1b85d847328742
http://www.auction.co.kr/,ok,https://explorer.ooni.org/m/20260326105806.150982_KR_webconnectivity_f75bd01fad2758b7
https://www.babbel.com/,ok,https://explorer.ooni.org/m/20260326105809.191792_KR_webconnectivity_6090a56253b14621
http://www.barnesandnoble.com/,error,https://explorer.ooni.org/m/20260326105909.499455_KR_webconnectivity_60d4f01832ceed14
http://www.bobaedream.co.kr/,ok,https://explorer.ooni.org/m/20260326105913.104787_KR_webconnectivity_f574866554d4c42a
https://www.care.org/,ok,https://explorer.ooni.org/m/20260326105916.637254_KR_webconnectivity_e1dde7e9d0673ed0
https://www.ccc.de/,ok,https://explorer.ooni.org/m/20260326105920.464494_KR_webconnectivity_644d4a6c5ae9aa74
http://www.ccej.or.kr/,ok,https://explorer.ooni.org/m/20260326105926.549910_KR_webconnectivity_f01d7a6801521380
https://www.chromium.org/,ok,https://explorer.ooni.org/m/20260326105927.369047_KR_webconnectivity_42c1269534cb60b7
https://www.common-fund.org/,ok,https://explorer.ooni.org/m/20260326105930.840848_KR_webconnectivity_0101d031f9cce9a6
https://www.concern.net/,ok,https://explorer.ooni.org/m/20260326105933.117009_KR_webconnectivity_b5054e3a3bacf864
https://www.craigslist.org/,dns,https://explorer.ooni.org/m/20260326105935.776388_KR_webconnectivity_7106ede45042fd93
http://www.cyber-pirates.org/,ok,https://explorer.ooni.org/m/20260326105954.785673_KR_webconnectivity_400b33e36b812440
https://www.ddo.com/,dns,https://explorer.ooni.org/m/20260326105956.961864_KR_webconnectivity_67635a37aec746d1
https://www.ebay.com/,ok,https://explorer.ooni.org/m/20260326110001.685299_KR_webconnectivity_fd63e57956841b82
https://www.eccouncil.org/,ok,https://explorer.ooni.org/m/20260326110004.555991_KR_webconnectivity_05546b732985f51d
https://www.episcopalrelief.org/,ok,https://explorer.ooni.org/m/20260326110007.099221_KR_webconnectivity_edf1a586fa3e6821
http://www.fki.or.kr/,ok,https://explorer.ooni.org/m/20260326110009.901149_KR_webconnectivity_c57ecbdcc8abed36
https://www.g5.com/,dns,https://explorer.ooni.org/m/20260326110012.056837_KR_webconnectivity_f4e3afeba2741df9
https://www.gazprombank.ru/,ok,https://explorer.ooni.org/m/20260326110016.963876_KR_webconnectivity_9ab9d72097632e32
https://www.genymotion.com/,ok,https://explorer.ooni.org/m/20260326110019.074899_KR_webconnectivity_a90c787b834e08c9
https://www.globalgiving.org/,ok,https://explorer.ooni.org/m/20260326110020.937073_KR_webconnectivity_e0ffa7c148634822
https://www.gofundme.com/,ok,https://explorer.ooni.org/m/20260326110025.834970_KR_webconnectivity_b6a31a18572acc71
https://www.groupon.com/,ok,https://explorer.ooni.org/m/20260326110034.929484_KR_webconnectivity_0b7e3efbeb1ff551
http://www.hackinthebox.org/,tcp_ip,https://explorer.ooni.org/m/20260326110044.875548_KR_webconnectivity_2076ba1d7dd83762
https://www.helvetas.ch/,ok,https://explorer.ooni.org/m/20260326110054.142310_KR_webconnectivity_80aa645af5874fdb
https://www.idrc.ca/,ok,https://explorer.ooni.org/m/20260326110103.484403_KR_webconnectivity_eb7c379867f7e1ba
https://www.ifad.org/,ok,https://explorer.ooni.org/m/20260326110106.581394_KR_webconnectivity_e59b79a14a92fc19
https://www.ifc.org/,ok,https://explorer.ooni.org/m/20260326110110.466603_KR_webconnectivity_ddc73add5911a8e1
https://www.imf.org/,ok,https://explorer.ooni.org/m/20260326110112.350518_KR_webconnectivity_7df3a938074dd51e
https://www.international.gc.ca/,ok,https://explorer.ooni.org/m/20260326110117.009676_KR_webconnectivity_a91beb82e6155e9a
https://www.internetsociety.org/,ok,https://explorer.ooni.org/m/20260326110120.674495_KR_webconnectivity_87786e6fbe5ec4ac
http://www.inven.co.kr/,dns,https://explorer.ooni.org/m/20260326110126.324163_KR_webconnectivity_276f105e3ce1f8c5
https://www.kali.org/,ok,https://explorer.ooni.org/m/20260326110128.856468_KR_webconnectivity_7920cfe37148a8fa
https://www.kbs-frb.be/,ok,https://explorer.ooni.org/m/20260326110136.998135_KR_webconnectivity_87e309eb7a8b467d
https://www.kraken.com/,dns,https://explorer.ooni.org/m/20260326110137.743513_KR_webconnectivity_f9ff635ca5085b61
https://www.kucoin.com/,dns,https://explorer.ooni.org/m/20260326110139.598121_KR_webconnectivity_d4e48ab58a471c8a
https://www.macfound.org/,ok,https://explorer.ooni.org/m/20260326110143.607844_KR_webconnectivity_d4d54a3526e19e96
https://www.malwares.com/,ok,https://explorer.ooni.org/m/20260326110146.848210_KR_webconnectivity_9f4ff60917e15ea8
http://www.netmarble.net/,dns,https://explorer.ooni.org/m/20260326110149.421157_KR_webconnectivity_502b6cc5b4674862
https://www.oxfam.org/,ok,https://explorer.ooni.org/m/20260326110154.243107_KR_webconnectivity_c10725c8208d2bee
https://www.paralleleconomy.com/,ok,https://explorer.ooni.org/m/20260326110159.246204_KR_webconnectivity_bac4b2ec2ec82b03
https://www.paypal.com/,ok,https://explorer.ooni.org/m/20260326110201.745595_KR_webconnectivity_f9adb0bfa1068fc6
https://www.progressio.org.uk/,ok,https://explorer.ooni.org/m/20260326110204.700954_KR_webconnectivity_81098648415d231a
https://www.rbf.org/,ok,https://explorer.ooni.org/m/20260326110206.395172_KR_webconnectivity_0a40075d80968b17
http://www.runescape.com/,dns,https://explorer.ooni.org/m/20260326110209.487785_KR_webconnectivity_bb872cff78f31613
http://www.sida.se/,ok,https://explorer.ooni.org/m/20260326110215.092074_KR_webconnectivity_cb161c21749113d6
http://www.square-enix.com/,dns,https://explorer.ooni.org/m/20260326110216.434375_KR_webconnectivity_e1ffc1d5ad55058d
https://www.uber.com/,ok,https://explorer.ooni.org/m/20260326110219.152486_KR_webconnectivity_af3e04e71f8bc3ea
http://www.unlockme.co.uk/,ok,https://explorer.ooni.org/m/20260326110220.703684_KR_webconnectivity_402edff3a6182b93
https://www.usaid.gov/,ok,https://explorer.ooni.org/m/20260326110224.656561_KR_webconnectivity_31c4111a046a63c7
https://www.walmart.com/,ok,https://explorer.ooni.org/m/20260326110238.063911_KR_webconnectivity_0ab70148c0b23209
https://www.westernunion.com/,ok,https://explorer.ooni.org/m/20260326110245.662358_KR_webconnectivity_127155253b57972c
https://www.wmtransfer.com/,ok,https://explorer.ooni.org/m/20260326110325.884865_KR_webconnectivity_a5f5f29252e3b5d8
https://www.worldbank.org/,ok,https://explorer.ooni.org/m/20260326110329.038761_KR_webconnectivity_fd26bbc95f2ffe30
https://xe.com/,ok,https://explorer.ooni.org/m/20260326110340.326371_KR_webconnectivity_fa9aca9cb06fa482
http://zipbogo.net/,confirmed,https://explorer.ooni.org/m/20260326110344.381653_KR_webconnectivity_6a2ab4b5659c34c8
http://www.asiangirlsnextdoor.com/,dns,https://explorer.ooni.org/m/20260326110345.100259_KR_webconnectivity_0a1a833cf174beeb
http://www.gayasianamateurs.com/,dns,https://explorer.ooni.org/m/20260326110351.968180_KR_webconnectivity_ed4cda229ee2bef3
http://www.asiantribune.com/,dns,https://explorer.ooni.org/m/20260326110400.261895_KR_webconnectivity_933608cf0f441a20
http://www.bangkokstreetwhores.com/,dns,https://explorer.ooni.org/m/20260326110406.123347_KR_webconnectivity_acf15406b5208ac5
http://www.dateinasia.com/,dns,https://explorer.ooni.org/m/20260326110407.923500_KR_webconnectivity_d03d86510e7c1d57
http://www.exploitedteensasia.com/,dns,https://explorer.ooni.org/m/20260326110410.484409_KR_webconnectivity_a81d35afe46cffad
http://www.utopia-asia.com/,dns,https://explorer.ooni.org/m/20260326110412.530268_KR_webconnectivity_65122343879ff842
http://www.womenforpeaceandjustice.org/,ok,https://explorer.ooni.org/m/20260326110417.959544_KR_webconnectivity_6bf96fb4fe61c970
https://ko.wikipedia.org/,ok,https://explorer.ooni.org/m/20260326110423.044857_KR_webconnectivity_2681c516a47a426a
https://www.douban.com/,ok,https://explorer.ooni.org/m/20260326110430.088883_KR_webconnectivity_3dd2f7e71509d016
http://www.unescap.org/,ok,https://explorer.ooni.org/m/20260326110431.332878_KR_webconnectivity_ef6164c59e36a394
http://streetmeatasia.com/,dns,https://explorer.ooni.org/m/20260326110435.727894_KR_webconnectivity_a9a76cb032730ad9
http://www.88square.com/,dns,https://explorer.ooni.org/m/20260326110451.455592_KR_webconnectivity_5d54aca2970544db
http://www.asianthumbs.org/,dns,https://explorer.ooni.org/m/20260326110453.539016_KR_webconnectivity_4c2f246b0471298d
http://www.thaicuties.com/,dns,https://explorer.ooni.org/m/20260326110454.926034_KR_webconnectivity_6c64838fb4e3076a
http://www.globalgayz.com/,ok,https://explorer.ooni.org/m/20260326110459.006276_KR_webconnectivity_0b891da44acf8592
http://www.thaichix.com/,dns,https://explorer.ooni.org/m/20260326110507.242643_KR_webconnectivity_6c0b583af8dcd59a
http://www.secularislam.org/,ok,https://explorer.ooni.org/m/20260326110512.127470_KR_webconnectivity_07b9a9937df243f8
https://en.wiktionary.org/,ok,https://explorer.ooni.org/m/20260326110515.526881_KR_webconnectivity_171c831886243c48
ok,dns,tcp_ip,http-diff,http-failure,confirmed,error,no_data,http(legacy)
1540,552,36,1,27,24,41,0,0
2221/2221 (expected)
