https://twitter.com/,ok,https://explorer.ooni.org/m/20260331064256.270169_KR_webconnectivity_1bf0958a54218564
https://www.facebook.com/,ok,https://explorer.ooni.org/m/20260331064311.911367_KR_webconnectivity_3bbe8bb1d7dd2978
https://www.instagram.com/,ok,https://explorer.ooni.org/m/20260331064336.248075_KR_webconnectivity_26ee9a92d4ab54a2
https://www.youtube.com/,ok,https://explorer.ooni.org/m/20260331064414.251278_KR_webconnectivity_c65885786a17a92c
https://badoo.com/,dns,https://explorer.ooni.org/m/20260331064417.376603_KR_webconnectivity_30d1eafd2070ab9d
http://blogmarks.net/,dns,https://explorer.ooni.org/m/20260331064419.929496_KR_webconnectivity_7c49cf3ea0c6c074
https://cdn.fbsbx.com/favicon.ico,dns,https://explorer.ooni.org/m/20260331064421.648931_KR_webconnectivity_bab3892d31558629
https://edge-mqtt.facebook.com/favicon.ico,ok,https://explorer.ooni.org/m/20260331064424.770713_KR_webconnectivity_bbd49745d7ec0b47
https://myspace.com/,error,https://explorer.ooni.org/m/20260331064426.370912_KR_webconnectivity_0df27543b280dab6
https://ntc.party/,dns,https://explorer.ooni.org/m/20260331064428.083236_KR_webconnectivity_e4a4f017e84bec88
https://scontent-frt3-2.cdninstagram.com/favicon.ico,ok,https://explorer.ooni.org/m/20260331064428.794456_KR_webconnectivity_acfd8e1e57954d64
https://secondlife.com/,dns,https://explorer.ooni.org/m/20260331064430.549846_KR_webconnectivity_61701bb983b027f1
https://tinder.com/,dns,https://explorer.ooni.org/m/20260331064431.742643_KR_webconnectivity_a44732dffe1304aa
https://triller.co/,error,https://explorer.ooni.org/m/20260331064433.355099_KR_webconnectivity_aa9e61c841e5ba33
https://upload.twitter.com/robots.txt,ok,https://explorer.ooni.org/m/20260331064435.127987_KR_webconnectivity_133ae2536afe608b
https://www.4chan.org/,dns,https://explorer.ooni.org/m/20260331064436.122881_KR_webconnectivity_5cb4f42218532f0a
https://www.meetme.com/,dns,https://explorer.ooni.org/m/20260331064437.881174_KR_webconnectivity_d3e2b2fdf5d5a8c4
https://www.meetup.com/,dns,https://explorer.ooni.org/m/20260331064438.857284_KR_webconnectivity_5817a5bdac34174f
https://www.trendsmap.com/,tcp_ip,https://explorer.ooni.org/m/20260331064440.438144_KR_webconnectivity_3925c2aceacfbe24
https://airvpn.org/,dns,https://explorer.ooni.org/m/20260331064441.587678_KR_webconnectivity_1c6c1d23c1576636
https://allthefallen.moe/,dns,https://explorer.ooni.org/m/20260331064443.532247_KR_webconnectivity_ded5a8d9543e75fe
https://anon.inf.tu-dresden.de/,dns,https://explorer.ooni.org/m/20260331064448.512908_KR_webconnectivity_63bb17ec2df25ac0
http://beyondexgay.com/,ok,https://explorer.ooni.org/m/20260331064452.364684_KR_webconnectivity_80f0ce5d9514c6a3
https://bi.org/,dns,https://explorer.ooni.org/m/20260331064454.319500_KR_webconnectivity_754b8223df98ffb7
https://boingboing.net/,dns,https://explorer.ooni.org/m/20260331064455.844506_KR_webconnectivity_8c7f85ec8f23aa8d
https://bricspress.live/,ok,https://explorer.ooni.org/m/20260331064456.663809_KR_webconnectivity_b668b566de897c45
https://cdns.grindr.com/,dns,https://explorer.ooni.org/m/20260331064459.230400_KR_webconnectivity_854f9040d7f944d7
https://censorship.no/,dns,https://explorer.ooni.org/m/20260331064501.024665_KR_webconnectivity_2f2022f3aeeafb12
https://creativecommons.org/,dns,https://explorer.ooni.org/m/20260331064503.868082_KR_webconnectivity_b32e593d2afead5b
https://dartcenter.org/,ok,https://explorer.ooni.org/m/20260331064508.750270_KR_webconnectivity_fcedddc8b14e60ad
https://freenetproject.org/,dns,https://explorer.ooni.org/m/20260331064513.004858_KR_webconnectivity_88d78e80d17a3d5b
https://freesocks.org/,dns,https://explorer.ooni.org/m/20260331064514.879790_KR_webconnectivity_ed22f6794a8b6cba
http://gaytoday.com/,dns,https://explorer.ooni.org/m/20260331064516.886180_KR_webconnectivity_d0e39a5b28baa999
https://grindr.mobi/,ok,https://explorer.ooni.org/m/20260331064522.266942_KR_webconnectivity_d27689ce79669fe3
https://multiproxy.org/,dns,https://explorer.ooni.org/m/20260331064524.100739_KR_webconnectivity_64c01ec839df05c4
http://nkhumanrights.or.kr/,ok,https://explorer.ooni.org/m/20260331064526.794935_KR_webconnectivity_666767dedbb005ad
https://proxify.com/,dns,https://explorer.ooni.org/m/20260331064528.882909_KR_webconnectivity_6b5474253be693b8
https://strongvpn.com/,dns,https://explorer.ooni.org/m/20260331064540.008345_KR_webconnectivity_8a7f10871d3280a5
https://surfshark.com/,dns,https://explorer.ooni.org/m/20260331064541.169356_KR_webconnectivity_e0eb5cdfd0d3768a
http://transsexual.org/,dns,https://explorer.ooni.org/m/20260331064542.780240_KR_webconnectivity_955963969c55ec3e
https://ultrasurf.us/,dns,https://explorer.ooni.org/m/20260331064543.758047_KR_webconnectivity_c5c26688f0db5730
http://www.cawinfo.org/,tcp_ip,https://explorer.ooni.org/m/20260331064559.440366_KR_webconnectivity_ea6aff077f773a03
https://www.cyberghostvpn.com/,dns,https://explorer.ooni.org/m/20260331064600.516471_KR_webconnectivity_d590ade3bfd2b06d
http://www.korea-htr.com/,confirmed,https://explorer.ooni.org/m/20260331064601.954017_KR_webconnectivity_1d2369dd8b264526
http://imagebingo.naver.com/,ok,https://explorer.ooni.org/m/20260331064602.783234_KR_webconnectivity_b6f4385430fdac81
http://internetphone114.com/,ok,https://explorer.ooni.org/m/20260331064604.218605_KR_webconnectivity_efc8e23de2c87cb3
https://ipfs.io/,dns,https://explorer.ooni.org/m/20260331064605.190282_KR_webconnectivity_e75a5afd36efa9a0
https://presearch.com/,ok,https://explorer.ooni.org/m/20260331064611.894143_KR_webconnectivity_0232e134d735b02f
https://support.therapytribe.com/hivaids-support-group/,ok,https://explorer.ooni.org/m/20260331064614.045372_KR_webconnectivity_4b0c23c4ad2f196d
https://t.me/,dns,https://explorer.ooni.org/m/20260331064615.272369_KR_webconnectivity_db11311700cac410
https://tse1.explicit.bing.net/robots.txt,dns,https://explorer.ooni.org/m/20260331064616.616003_KR_webconnectivity_e3e53713d7900b1a
http://tvpot.media.daum.net/,ok,https://explorer.ooni.org/m/20260331064617.908642_KR_webconnectivity_10f6020384c1ee81
https://www.bittorrent.com/,dns,https://explorer.ooni.org/m/20260331064619.016184_KR_webconnectivity_9f24fe3fdd6a5052
https://www.ectaco.com/,dns,https://explorer.ooni.org/m/20260331064619.971432_KR_webconnectivity_04cc0ec29a8ec8ec
https://www.gmx.com/,dns,https://explorer.ooni.org/m/20260331064621.106989_KR_webconnectivity_f7edef4cf4a0b55c
http://www.kissphoto.net/,ok,https://explorer.ooni.org/m/20260331064627.131290_KR_webconnectivity_505a6be3a6a358fd
http://www.photobucket.com/,dns,https://explorer.ooni.org/m/20260331064629.187408_KR_webconnectivity_8bad9cdf2d882e2a
https://www.sendspace.com/,dns,https://explorer.ooni.org/m/20260331064630.078880_KR_webconnectivity_a85ad25e0c0e712c
https://www.twitch.tv/,dns,https://explorer.ooni.org/m/20260331064630.966076_KR_webconnectivity_105512994c4b9197
http://www.veoh.com/,ok,https://explorer.ooni.org/m/20260331064632.589271_KR_webconnectivity_de610eeb21e991f1
https://www.vonage.com/,ok,https://explorer.ooni.org/m/20260331064634.328435_KR_webconnectivity_1181f5261ebfdaed
http://www.webbox.com/index.php,ok,https://explorer.ooni.org/m/20260331064635.575862_KR_webconnectivity_7e672e1f13c21072
https://www.y2mate.com/,dns,https://explorer.ooni.org/m/20260331064636.289205_KR_webconnectivity_3b0a6bd578432b49
https://ya.ru/,dns,https://explorer.ooni.org/m/20260331064637.759491_KR_webconnectivity_ef0e077ffb177c13
https://1.0.0.3/dns-query?dns=q80BAAABAAAAAAAAA3d3dwdleGFtcGxlA2NvbQAAAQAB,ok,https://explorer.ooni.org/m/20260331064638.929538_KR_webconnectivity_13b8056cd081e1c2
https://assets.gitlab-static.net/robots.txt,ok,https://explorer.ooni.org/m/20260331064640.792336_KR_webconnectivity_94529b82e893bb32
https://dns.adguard.com/dns-query?dns=q80BAAABAAAAAAAAA3d3dwdleGFtcGxlA2NvbQAAAQAB,dns,https://explorer.ooni.org/m/20260331064641.699133_KR_webconnectivity_d34f7357a8c181c9
https://doh.opendns.com/dns-query?dns=q80BAAABAAAAAAAAA3d3dwdleGFtcGxlA2NvbQAAAQAB,tcp_ip,https://explorer.ooni.org/m/20260331064642.919242_KR_webconnectivity_c9ede431075b07a3
https://gitlab.com/,dns,https://explorer.ooni.org/m/20260331064648.211819_KR_webconnectivity_ffaf6bd5182e27b7
https://mozilla.cloudflare-dns.com/dns-query?dns=q80BAAABAAAAAAAAA3d3dwdleGFtcGxlA2NvbQAAAQAB,dns,https://explorer.ooni.org/m/20260331064651.526035_KR_webconnectivity_d613e00f3da3ed6b
http://r3.o.lencr.org/,ok,https://explorer.ooni.org/m/20260331064652.787204_KR_webconnectivity_f24a55a0a4173bfc
https://t.co/,dns,https://explorer.ooni.org/m/20260331064654.933628_KR_webconnectivity_35e65cd03aef5905
https://telegra.ph/,dns,https://explorer.ooni.org/m/20260331064656.867930_KR_webconnectivity_856f21638ceeacf2
https://www.beintheknow.org/,dns,https://explorer.ooni.org/m/20260331064657.668441_KR_webconnectivity_cc5b030b2e645dbe
http://www.pandora.tv/,ok,https://explorer.ooni.org/m/20260331064658.967356_KR_webconnectivity_44fa759e1c50a7ea
https://www.premaritalsex.info/,dns,https://explorer.ooni.org/m/20260331064700.496470_KR_webconnectivity_3bf162dac933e80a
https://1337x.to/,dns,https://explorer.ooni.org/m/20260331064701.968359_KR_webconnectivity_bfd304334ac18ebb
http://bitsnoop.com/,dns,https://explorer.ooni.org/m/20260331064703.867109_KR_webconnectivity_933f05364b507338
https://annas-archive.org/,dns,https://explorer.ooni.org/m/20260331064702.696779_KR_webconnectivity_19f12278f1232dbf
http://canna.to/,dns,https://explorer.ooni.org/m/20260331064705.033150_KR_webconnectivity_1b1c3a2acfccb7ed
https://eztv.ag/,dns,https://explorer.ooni.org/m/20260331064706.332521_KR_webconnectivity_05c32ac9e3fd7053
https://forum.mhut.org/,dns,https://explorer.ooni.org/m/20260331064707.551131_KR_webconnectivity_1c6ab21864a7245f
https://www.pubg.com/,dns,https://explorer.ooni.org/m/20260331064708.728451_KR_webconnectivity_1e6f5e16ecef9be8
https://www.xbox.com/,dns,https://explorer.ooni.org/m/20260331064710.566400_KR_webconnectivity_3fec54d3db13025b
https://www.tiktok.com/,ok,https://explorer.ooni.org/m/20260331064718.501726_KR_webconnectivity_9b8d65adc88a42cd
https://x.com/,ok,https://explorer.ooni.org/m/20260331064736.084124_KR_webconnectivity_75ab2411eac14850
https://discord.com/,ok,https://explorer.ooni.org/m/20260331064755.805481_KR_webconnectivity_52f47adbeaba9b97
https://vimeo.com/,dns,https://explorer.ooni.org/m/20260331064757.644501_KR_webconnectivity_f31e614c78d5ae76
https://9gag.com/,dns,https://explorer.ooni.org/m/20260331064759.404206_KR_webconnectivity_d77f39b13afee6d1
https://abs.twimg.com/sticky/default_profile_images/default_profile_normal.png,ok,https://explorer.ooni.org/m/20260331064801.905415_KR_webconnectivity_6087d1ec365e9464
https://bsky.app/,ok,https://explorer.ooni.org/m/20260331064805.566603_KR_webconnectivity_fe1e7aad426dfde9
https://clubhouse.pubnub.com/,ok,https://explorer.ooni.org/m/20260331064808.319873_KR_webconnectivity_76fc72f5ff519627
https://edge-chat.instagram.com/robots.txt,ok,https://explorer.ooni.org/m/20260331064810.774689_KR_webconnectivity_f8769b50d1fdaa2d
https://external.xx.fbcdn.net/robots.txt,ok,https://explorer.ooni.org/m/20260331064814.166323_KR_webconnectivity_809ca1148d8bcf2b
https://fbcdn.net/robots.txt,ok,https://explorer.ooni.org/m/20260331064816.633504_KR_webconnectivity_8f6868d24de937fc
https://gettr.com/,ok,https://explorer.ooni.org/m/20260331064821.237154_KR_webconnectivity_73c2ab12a2a669bc
https://mastodon.social/,ok,https://explorer.ooni.org/m/20260331064829.839785_KR_webconnectivity_12fed753eb47a4e3
https://preview.redd.it/robots.txt,ok,https://explorer.ooni.org/m/20260331064832.294545_KR_webconnectivity_5091a08f1c10b865
https://qph.fs.quoracdn.net/main-thumb-1117688072-200-uijiqfjcmlvaxczdrlawbgyaomfocdnt.jpeg,ok,https://explorer.ooni.org/m/20260331064834.123662_KR_webconnectivity_c4efced35ea975fc
https://qsbr.fs.quoracdn.net/-4-web.entry.js.out-34-8f7d03da0b7a24ae.webpack,ok,https://explorer.ooni.org/m/20260331064840.892031_KR_webconnectivity_53c3b131e4166b1f
https://scontent.cdninstagram.com/robots.txt,ok,https://explorer.ooni.org/m/20260331064843.718453_KR_webconnectivity_96e77c993718205b
https://scontent.xx.fbcdn.net/robots.txt,ok,https://explorer.ooni.org/m/20260331064848.885569_KR_webconnectivity_20fac15387a2436e
https://static.cdninstagram.com/robots.txt,ok,https://explorer.ooni.org/m/20260331064852.534751_KR_webconnectivity_1bf1476c51350a35
https://staticxx.facebook.com/robots.txt,ok,https://explorer.ooni.org/m/20260331064855.937223_KR_webconnectivity_3964df222d357ff6
https://styles.redditmedia.com/robots.txt,ok,https://explorer.ooni.org/m/20260331064858.406963_KR_webconnectivity_dc6fd64247cfbf9c
https://valence.community/,ok,https://explorer.ooni.org/m/20260331064901.165694_KR_webconnectivity_7b7018d86075cc47
https://video.cdninstagram.com/favicon.ico,ok,https://explorer.ooni.org/m/20260331064903.612216_KR_webconnectivity_c2b3b543312b5339
https://web.facebook.com/robots.txt,ok,https://explorer.ooni.org/m/20260331064909.156380_KR_webconnectivity_970d35ee78e7a154
https://www.clubhouseapi.com/,ok,https://explorer.ooni.org/m/20260331064911.303687_KR_webconnectivity_a15ea3ea9a05dbf9
https://www.imqq.com/,ok,https://explorer.ooni.org/m/20260331064917.453211_KR_webconnectivity_cd298a759e0ac506
https://www.joinclubhouse.com/,ok,https://explorer.ooni.org/m/20260331064920.613060_KR_webconnectivity_b8995be98d81d100
https://www.quora.com/,ok,https://explorer.ooni.org/m/20260331064922.675107_KR_webconnectivity_cd8806661c493cd0
https://www.redditstatic.com/robots.txt,ok,https://explorer.ooni.org/m/20260331064924.514296_KR_webconnectivity_8acb1d5180d9e9e6
https://www.worldpulse.com/,ok,https://explorer.ooni.org/m/20260331064928.204507_KR_webconnectivity_1b7970b11a2eefa9
https://www.yubo.live/,ok,https://explorer.ooni.org/m/20260331064933.117381_KR_webconnectivity_86f38039818ff27a
https://signal.org/,ok,https://explorer.ooni.org/m/20260331064936.187728_KR_webconnectivity_07974dbddd5b8219
https://www.snapchat.com/,ok,https://explorer.ooni.org/m/20260331064947.322378_KR_webconnectivity_7c4efa5ead79f164
https://www.viber.com/,ok,https://explorer.ooni.org/m/20260331064956.469209_KR_webconnectivity_1c3e338ce201da58
https://www.whatsapp.com/,ok,https://explorer.ooni.org/m/20260331065013.066408_KR_webconnectivity_af5f60f7100e9b8e
https://afterellen.com/,ok,https://explorer.ooni.org/m/20260331065016.105676_KR_webconnectivity_c44db858246485ce
https://allout.org/,dns,https://explorer.ooni.org/m/20260331065018.011081_KR_webconnectivity_88578cde16211749
https://banthis.tv/,dns,https://explorer.ooni.org/m/20260331065018.735837_KR_webconnectivity_351f4349bdd80066
https://bridges.torproject.org/,dns,https://explorer.ooni.org/m/20260331065019.549912_KR_webconnectivity_9fa1e45dcd5bf98c
https://btguard.com/,dns,https://explorer.ooni.org/m/20260331065021.035995_KR_webconnectivity_0e3eda340360bfd0
https://carafem.org/,dns,https://explorer.ooni.org/m/20260331065022.265682_KR_webconnectivity_2766b6eccc29fdfa
https://ccrjustice.org/,ok,https://explorer.ooni.org/m/20260331065024.481677_KR_webconnectivity_9de0507eb7c5a492
https://cdt.org/,ok,https://explorer.ooni.org/m/20260331065027.185200_KR_webconnectivity_851140c86dc7ffb4
http://comingout.narun.net/,ok,https://explorer.ooni.org/m/20260331065028.713198_KR_webconnectivity_09a0122eb53fafa9
https://docs.mvt.re/,dns,https://explorer.ooni.org/m/20260331065030.011416_KR_webconnectivity_0bc6fc0d7cdb38d4
http://english.chosun.com/,ok,https://explorer.ooni.org/m/20260331065031.814155_KR_webconnectivity_613af730627c1276
https://explorer.ooni.org/,ok,https://explorer.ooni.org/m/20260331065038.559260_KR_webconnectivity_5c8aeea5c002f98a
https://freespeech.org/,dns,https://explorer.ooni.org/m/20260331065040.075996_KR_webconnectivity_21c03448815daa5e
https://getintra.org/,ok,https://explorer.ooni.org/m/20260331065050.275296_KR_webconnectivity_31eb16fb5b09e78b
https://getoutline.org/,ok,https://explorer.ooni.org/m/20260331065055.130277_KR_webconnectivity_7939e315ae237dc5
https://gijn.org/,ok,https://explorer.ooni.org/m/20260331065056.976126_KR_webconnectivity_eae660ae898d8645
https://iyfglobal.org/,ok,https://explorer.ooni.org/m/20260331065100.120379_KR_webconnectivity_b5c0222e2bdd57b3
http://kscrc.org/,ok,https://explorer.ooni.org/m/20260331065102.048893_KR_webconnectivity_ea7c865d947688c1
https://lalgbtcenter.org/,ok,https://explorer.ooni.org/m/20260331065108.786925_KR_webconnectivity_eeb0fb0b045f554d
https://nordvpn.com/,ok,https://explorer.ooni.org/m/20260331065112.034117_KR_webconnectivity_eebe54388393dc45
http://northkoreatech.org/,ok,https://explorer.ooni.org/m/20260331065114.185388_KR_webconnectivity_7ed97d3bbdbcc2cd
https://ooni.org/,ok,https://explorer.ooni.org/m/20260331065117.316672_KR_webconnectivity_86b9bb0a4c6c66b9
https://openvpn.net/,dns,https://explorer.ooni.org/m/20260331065119.254702_KR_webconnectivity_14b2aa05f7135d1e
https://orbot.app/,ok,https://explorer.ooni.org/m/20260331065122.914436_KR_webconnectivity_2a7d462ae5ceeebb
https://radiofreel.github.io/,ok,https://explorer.ooni.org/m/20260331065130.333581_KR_webconnectivity_f9ffbfc9601cb037
https://resurj.org/,dns,https://explorer.ooni.org/m/20260331065131.723278_KR_webconnectivity_5e0ac704db31d7e0
http://russia.tv/,dns,https://explorer.ooni.org/m/20260331065132.918704_KR_webconnectivity_85f206fb9ef0c908
https://smotrim.ru/,ok,https://explorer.ooni.org/m/20260331065135.765133_KR_webconnectivity_15c7bdcb643dd46e
https://thegailygrind.com/,dns,https://explorer.ooni.org/m/20260331065137.219928_KR_webconnectivity_96952927d44c1693
http://times.hankooki.com/,dns,https://explorer.ooni.org/m/20260331065139.001553_KR_webconnectivity_5842d4f30b2f8ff1
https://transfemscience.org/,ok,https://explorer.ooni.org/m/20260331065143.556137_KR_webconnectivity_db142f1972433c4c
https://www.arabnews.com/,ok,https://explorer.ooni.org/m/20260331065145.533378_KR_webconnectivity_dc282bdbd8ebe1f2
https://www.article19.org/,ok,https://explorer.ooni.org/m/20260331065147.671971_KR_webconnectivity_024fbbc36e45fd56
https://www.bnaibrith.org/,ok,https://explorer.ooni.org/m/20260331065152.279124_KR_webconnectivity_63dbcfefebf53ba5
https://www.business-humanrights.org/,ok,https://explorer.ooni.org/m/20260331065155.460279_KR_webconnectivity_78589a282a074316
https://www.echr.coe.int/,ok,https://explorer.ooni.org/m/20260331065200.872557_KR_webconnectivity_451e6c76f213500c
https://www.exgay.com/,ok,https://explorer.ooni.org/m/20260331065204.094074_KR_webconnectivity_81c1bc134c6223a4
http://www.glbtqarchive.com/,ok,https://explorer.ooni.org/m/20260331065207.096955_KR_webconnectivity_049389692142053f
https://www.infomigrants.net/,ok,https://explorer.ooni.org/m/20260331065212.694524_KR_webconnectivity_caa819f6bad4c00d
http://www.inochong.org/,ok,https://explorer.ooni.org/m/20260331065218.260857_KR_webconnectivity_5489642e6e915103
http://www.isiswomen.org/,ok,https://explorer.ooni.org/m/20260331065223.643083_KR_webconnectivity_78453240a76ef013
http://www.kqcf.org/,ok,https://explorer.ooni.org/m/20260331065226.410482_KR_webconnectivity_5b43b8277d6b2f38
https://www.mc-doualiya.com/,ok,https://explorer.ooni.org/m/20260331065228.829942_KR_webconnectivity_8d999062f6efb49e
http://www.mizzima.com/,ok,https://explorer.ooni.org/m/20260331065231.602554_KR_webconnectivity_119cc1d534b3521d
https://www.pinknews.co.uk/,http-failure,https://explorer.ooni.org/m/20260331065234.749140_KR_webconnectivity_456d746d54a705f4
http://www.sp.or.kr/,dns,https://explorer.ooni.org/m/20260331065237.745184_KR_webconnectivity_101160841c647c04
http://www.vop.co.kr/,error,https://explorer.ooni.org/m/20260331065240.506715_KR_webconnectivity_20432bfdeb8b39a1
https://mail.yandex.ru/,dns,https://explorer.ooni.org/m/20260331065241.722729_KR_webconnectivity_5284eba738dd0bb6
https://pps.whatsapp.net/robots.txt,ok,https://explorer.ooni.org/m/20260331065243.568743_KR_webconnectivity_278aaae7d5f3d7a5
https://www.doctissimo.fr/,dns,https://explorer.ooni.org/m/20260331065244.537964_KR_webconnectivity_e38915bd47cf9611
http://www.lsinc.co.kr/,ok,https://explorer.ooni.org/m/20260331065246.040717_KR_webconnectivity_3e14160ec4299988
https://www.tumblr.com/,dns,https://explorer.ooni.org/m/20260331065247.617526_KR_webconnectivity_ec0039163971aca5
http://www.zzn.com/,ok,https://explorer.ooni.org/m/20260331065250.017605_KR_webconnectivity_ac2c1f9772e9c701
https://1.0.0.1/dns-query?dns=q80BAAABAAAAAAAAA3d3dwdleGFtcGxlA2NvbQAAAQAB,ok,https://explorer.ooni.org/m/20260331065251.351650_KR_webconnectivity_b7434b1321224313
https://doh-fi.blahdns.com/dns-query?dns=q80BAAABAAAAAAAAA3d3dwdleGFtcGxlA2NvbQAAAQAB,dns,https://explorer.ooni.org/m/20260331065253.097555_KR_webconnectivity_81926319fe70e726
https://safeabortionpills.org/,http-failure,https://explorer.ooni.org/m/20260331065300.518045_KR_webconnectivity_f153927fab2ac669
https://1337x.st/,dns,https://explorer.ooni.org/m/20260331065302.327176_KR_webconnectivity_60a2f54571be8f3b
https://eztv.re/,dns,https://explorer.ooni.org/m/20260331065304.170194_KR_webconnectivity_77f9d3cf736e76ef
https://newalbumreleases.net/,dns,https://explorer.ooni.org/m/20260331065305.394790_KR_webconnectivity_bdc2735f1bcea6f8
http://torrent82.com/,ok,https://explorer.ooni.org/m/20260331065307.923836_KR_webconnectivity_2aaa7c06370a74b1
https://i.instagram.com/robots.txt,ok,https://explorer.ooni.org/m/20260331065310.729438_KR_webconnectivity_289cb775eafaa6e8
https://i.pinimg.com/236x/78/6e/00/786e00eab219eca59803d118fbe0feb3.jpg,ok,https://explorer.ooni.org/m/20260331065316.144061_KR_webconnectivity_d946239a7fe93738
https://joinmastodon.org/,ok,https://explorer.ooni.org/m/20260331065331.881912_KR_webconnectivity_a832ac29a2deddd5
https://locals.com/,ok,https://explorer.ooni.org/m/20260331065346.772098_KR_webconnectivity_91ae611d134fcd76
https://mastodon.cloud/,ok,https://explorer.ooni.org/m/20260331065350.889118_KR_webconnectivity_4df06362dc703c94
https://mstdn.io/,ok,https://explorer.ooni.org/m/20260331065357.327652_KR_webconnectivity_7f6b276f701f8d8b
https://mstdn.jp/,ok,https://explorer.ooni.org/m/20260331065404.401371_KR_webconnectivity_709edd3f0962f396
https://pbs.twimg.com/profile_images/941658150889054208/lFeD3554_200x200.jpg,ok,https://explorer.ooni.org/m/20260331065407.749600_KR_webconnectivity_89f1c4513568432d
https://pixelfed.social/,ok,https://explorer.ooni.org/m/20260331065412.662201_KR_webconnectivity_4bcf52d12ccd5806
https://s.pinimg.com/robots.txt,ok,https://explorer.ooni.org/m/20260331065415.622571_KR_webconnectivity_c5f554a6b9995c04
https://scontent-vie1-1.cdninstagram.com/favicon.ico,ok,https://explorer.ooni.org/m/20260331065420.244149_KR_webconnectivity_5525b8f6c15ce61c
https://untappd.com/,ok,https://explorer.ooni.org/m/20260331065437.586996_KR_webconnectivity_5f51af70908809b1
https://video.twimg.com/tweet_video/EC6DSXDXsAEhHAa.mp4,ok,https://explorer.ooni.org/m/20260331065447.392323_KR_webconnectivity_8f81875e8f48adf3
https://www.clubhouse.com/,ok,https://explorer.ooni.org/m/20260331065451.922179_KR_webconnectivity_d7c3079644118fcd
https://www.hootsuite.com/,ok,https://explorer.ooni.org/m/20260331065503.727540_KR_webconnectivity_0e2256fe77ead820
https://www.linkedin.com/,ok,https://explorer.ooni.org/m/20260331065517.604954_KR_webconnectivity_411d1da5fc5205de
https://www.minds.com/,ok,https://explorer.ooni.org/m/20260331065528.918616_KR_webconnectivity_dceb8240b0ea2879
https://www.patreon.com/,ok,https://explorer.ooni.org/m/20260331065543.304382_KR_webconnectivity_da30642e4b61b8a1
https://alqassam.ps/,dns,https://explorer.ooni.org/m/20260331065546.095952_KR_webconnectivity_6ef653a05cfd03a0
https://beeg.com/,dns,https://explorer.ooni.org/m/20260331065547.101761_KR_webconnectivity_4360089077f24cde
http://hotgaylist.com/,dns,https://explorer.ooni.org/m/20260331065548.262134_KR_webconnectivity_9051735472232274
https://uk.match.com/,dns,https://explorer.ooni.org/m/20260331065549.886779_KR_webconnectivity_59740958835c9164
https://www.agentprovocateur.com/,dns,https://explorer.ooni.org/m/20260331065550.969179_KR_webconnectivity_0876e7eccf8648df
http://www.betfair.com/,dns,https://explorer.ooni.org/m/20260331065552.193273_KR_webconnectivity_97c35f42ea54777a
https://www.blueskyswimwear.com/,dns,https://explorer.ooni.org/m/20260331065553.736376_KR_webconnectivity_7528566b95624ae6
https://www.cannaweed.com/,dns,https://explorer.ooni.org/m/20260331065554.965443_KR_webconnectivity_27989c5ad0004aa1
http://www.koreancupid.com/,dns,https://explorer.ooni.org/m/20260331065555.914928_KR_webconnectivity_d9406fc8fef8d8e5
http://www.lasenza.com/,dns,https://explorer.ooni.org/m/20260331065556.895319_KR_webconnectivity_8d29f5db79b0e60d
https://www.match.com/,dns,https://explorer.ooni.org/m/20260331065557.729582_KR_webconnectivity_a5d90ad271d8f7ce
http://www.neonjoint.com/,dns,https://explorer.ooni.org/m/20260331065558.689725_KR_webconnectivity_75df08b738b26135
http://www.online-dating.org/,dns,https://explorer.ooni.org/m/20260331065559.876674_KR_webconnectivity_a98316458df0c2b8
http://www.pokerstars.com/,dns,https://explorer.ooni.org/m/20260331065600.997589_KR_webconnectivity_c16e97b3248bb952
https://www.pornhub.com/,dns,https://explorer.ooni.org/m/20260331065602.762449_KR_webconnectivity_185b55fedc11b2c5
http://www.thegooddrugsguide.com/,dns,https://explorer.ooni.org/m/20260331065603.870119_KR_webconnectivity_0f9b2956850ea0e3
https://www.xnxx.com/,dns,https://explorer.ooni.org/m/20260331065605.143720_KR_webconnectivity_a73011ae123980fb
http://416family.org/,ok,https://explorer.ooni.org/m/20260331065608.340260_KR_webconnectivity_e1c6e2b91dca0599
https://abortion-pills.org/,http-failure,https://explorer.ooni.org/m/20260331065610.989525_KR_webconnectivity_1ef3a0a5306ba950
https://cryptome.org/,dns,https://explorer.ooni.org/m/20260331065613.084761_KR_webconnectivity_b762b56a77c8798f
https://defenddefenders.org/,ok,https://explorer.ooni.org/m/20260331065617.182495_KR_webconnectivity_555daa02879e2eb4
https://equal-eyes.org/,ok,https://explorer.ooni.org/m/20260331065633.442267_KR_webconnectivity_cff0b7e1a54faf64
https://foreignpolicy.com/,ok,https://explorer.ooni.org/m/20260331065652.299113_KR_webconnectivity_b1670f502683672c
http://freedom.jinbo.net/,ok,https://explorer.ooni.org/m/20260331065654.608451_KR_webconnectivity_f023f173cea360c2
http://hcy.jinbo.net/,ok,https://explorer.ooni.org/m/20260331065657.323261_KR_webconnectivity_9e4549389c73bea0
http://hrnet.jinbo.net/,ok,https://explorer.ooni.org/m/20260331065659.525800_KR_webconnectivity_74e0693fd84bb57c
http://lambdalegal.org/,ok,https://explorer.ooni.org/m/20260331065716.784875_KR_webconnectivity_2de018bd1903f54a
http://leftworkers.org/,ok,https://explorer.ooni.org/m/20260331065722.539651_KR_webconnectivity_5ad1c457e567e4f4
https://lgbtnewsnow.org/,http-failure,https://explorer.ooni.org/m/20260331065725.594050_KR_webconnectivity_433a6035d0c9a20b
https://lgbtvacationplanners.com/,error,https://explorer.ooni.org/m/20260331065728.449866_KR_webconnectivity_beacbe2b67301f1c
https://mask-h2.icloud.com/,error,https://explorer.ooni.org/m/20260331065730.828218_KR_webconnectivity_f5c3bce1d329f637
https://minorityrights.org/,ok,https://explorer.ooni.org/m/20260331065732.712212_KR_webconnectivity_f8a3425187b0b38e
http://napo.jinbo.net/,ok,https://explorer.ooni.org/m/20260331065735.173309_KR_webconnectivity_dda5750837897115
https://nypost.com/,ok,https://explorer.ooni.org/m/20260331065746.181012_KR_webconnectivity_407f6ac19f86bccc
https://onionshare.org/,ok,https://explorer.ooni.org/m/20260331065752.016487_KR_webconnectivity_6941de8651891469
https://opennet.net/,ok,https://explorer.ooni.org/m/20260331065757.846525_KR_webconnectivity_094db567e0a19d95
http://opennet.or.kr/,ok,https://explorer.ooni.org/m/20260331065821.196110_KR_webconnectivity_0cbe73e42f00d21c
https://otr.cypherpunks.ca/,ok,https://explorer.ooni.org/m/20260331065826.348477_KR_webconnectivity_23ebb51158cec221
https://ourworldindata.org/,ok,https://explorer.ooni.org/m/20260331065839.634454_KR_webconnectivity_a042bbdbd8226399
http://outpridekorea.com/,dns,https://explorer.ooni.org/m/20260331065855.621909_KR_webconnectivity_badfa726f8006bc4
https://outrightinternational.org/,ok,https://explorer.ooni.org/m/20260331065915.603838_KR_webconnectivity_da89b5c4c66c8990
http://peacekorea.org/,ok,https://explorer.ooni.org/m/20260331065923.801657_KR_webconnectivity_6df7fcad82e63868
https://pirateparty.org.au/,ok,https://explorer.ooni.org/m/20260331065927.023330_KR_webconnectivity_ef2d92414de20670
http://poor.jinbo.net/,ok,https://explorer.ooni.org/m/20260331065932.197076_KR_webconnectivity_ce0d31e1e81650f9
http://ppss.kr/,ok,https://explorer.ooni.org/m/20260331065948.790131_KR_webconnectivity_644c26b75dbd2912
https://pridesource.com/,ok,https://explorer.ooni.org/m/20260331070001.039545_KR_webconnectivity_2e49365c7e3e6ef2
https://prism-break.org/,ok,https://explorer.ooni.org/m/20260331070004.115849_KR_webconnectivity_c3b0aad27923e0a3
https://proton.me/,ok,https://explorer.ooni.org/m/20260331070021.328050_KR_webconnectivity_e0bccf3a6ec62206
https://protonvpn.com/,http-failure,https://explorer.ooni.org/m/20260331070042.814536_KR_webconnectivity_6c1bf5f3e1cc3433
http://proxy.org/,dns,https://explorer.ooni.org/m/20260331070058.543617_KR_webconnectivity_df3498a882e9f563
http://proxytools.sourceforge.net/,ok,https://explorer.ooni.org/m/20260331070101.247356_KR_webconnectivity_b0bd3476b6b34151
http://pssp.org/,ok,https://explorer.ooni.org/m/20260331070112.523403_KR_webconnectivity_dea25c9d1e618160
https://queernet-rlp.de/,ok,https://explorer.ooni.org/m/20260331070132.020212_KR_webconnectivity_1a15e89cd25e3db9
https://radiofreel.gitlab.io/,ok,https://explorer.ooni.org/m/20260331070139.050579_KR_webconnectivity_b91d3e00b5bbccb8
https://reclaimthenet.org/,ok,https://explorer.ooni.org/m/20260331070157.789896_KR_webconnectivity_50265db1aeccd875
https://reliefweb.int/,ok,https://explorer.ooni.org/m/20260331070218.719711_KR_webconnectivity_31290587606741d2
https://remailer.paranoici.org/,ok,https://explorer.ooni.org/m/20260331070224.807206_KR_webconnectivity_2a93e4cd12a9d3a2
https://ren.tv/,ok,https://explorer.ooni.org/m/20260331070242.271314_KR_webconnectivity_2200ffcf600628ff
https://reproductiverights.org/,ok,https://explorer.ooni.org/m/20260331070251.867284_KR_webconnectivity_bdcd3c3c9046f726
https://ria.ru/,ok,https://explorer.ooni.org/m/20260331070307.519529_KR_webconnectivity_aae7bff0fe6da70b
http://rodong.rep.kp/,dns,https://explorer.ooni.org/m/20260331070334.670949_KR_webconnectivity_eeb69b2ac5dc3d75
https://rsf.org/,ok,https://explorer.ooni.org/m/20260331070353.295780_KR_webconnectivity_08198cae5f7dd2e8
https://rtr-planeta.com/,ok,https://explorer.ooni.org/m/20260331070400.178617_KR_webconnectivity_9beeaddfcfc5676b
http://sadd.or.kr/,ok,https://explorer.ooni.org/m/20260331070412.948012_KR_webconnectivity_bc8dec4accc1459d
https://safeabortionpill.org/,ok,https://explorer.ooni.org/m/20260331070417.995413_KR_webconnectivity_f33e6a4cc312021b
https://safeabortionpills.com/,ok,https://explorer.ooni.org/m/20260331070424.036699_KR_webconnectivity_6c655242e1aea2cf
http://samugol.net/,ok,https://explorer.ooni.org/m/20260331070437.795832_KR_webconnectivity_f0909c4f66f974d3
https://sandbox.cryptpad.info/,ok,https://explorer.ooni.org/m/20260331070441.894417_KR_webconnectivity_ae2a72e128a8f493
https://sea-watch.org/,ok,https://explorer.ooni.org/m/20260331070455.642908_KR_webconnectivity_2e8051f5bfa5c848
http://seapa.wordpress.com/,ok,https://explorer.ooni.org/m/20260331070511.186958_KR_webconnectivity_116c326db0ee6936
https://secfirst.org/,error,https://explorer.ooni.org/m/20260331070514.109221_KR_webconnectivity_b5be308157dbf2b5
https://secure.avaaz.org/,ok,https://explorer.ooni.org/m/20260331070525.999820_KR_webconnectivity_ef847d4485246e7e
http://seoul.nodong.org/,ok,https://explorer.ooni.org/m/20260331070530.948358_KR_webconnectivity_2bd796944cd407ba
http://service.nodong.org/,ok,https://explorer.ooni.org/m/20260331070546.243871_KR_webconnectivity_a5abeafb858efcc7
http://sewolho416.org/,ok,https://explorer.ooni.org/m/20260331070552.478951_KR_webconnectivity_dec6cc7693cf94a0
https://slashdot.org/,ok,https://explorer.ooni.org/m/20260331070609.163233_KR_webconnectivity_6d8fbc8380933c7c
https://slate.com/,ok,https://explorer.ooni.org/m/20260331070617.487310_KR_webconnectivity_4508aa1b9a4304e4
http://slownews.kr/,ok,https://explorer.ooni.org/m/20260331070631.880765_KR_webconnectivity_0b4c7defd449bfe2
https://southfeministfutures.org/,ok,https://explorer.ooni.org/m/20260331070639.486231_KR_webconnectivity_f42f9d632da51977
https://sputniknews.cn/,ok,https://explorer.ooni.org/m/20260331070656.049670_KR_webconnectivity_c57b32bf11730542
https://sputniknews.com/,http-failure,https://explorer.ooni.org/m/20260331070659.433236_KR_webconnectivity_d2910b8970fdbb73
https://ssd.eff.org/,ok,https://explorer.ooni.org/m/20260331070705.910245_KR_webconnectivity_c0bca7a5afd76a04
https://substack.com/,ok,https://explorer.ooni.org/m/20260331070715.424650_KR_webconnectivity_9d0c4245aa90806e
http://surprise.or.kr/board/,ok,https://explorer.ooni.org/m/20260331070722.168085_KR_webconnectivity_92913f2502fe29aa
https://tacticaltech.org/,ok,https://explorer.ooni.org/m/20260331070745.377557_KR_webconnectivity_fec02966e3503b2d
https://tails.net/,ok,https://explorer.ooni.org/m/20260331070751.974314_KR_webconnectivity_bac1e564ccf922c1
https://tdov.org/,ok,https://explorer.ooni.org/m/20260331070757.140050_KR_webconnectivity_075496403064cb70
https://theglobalobservatory.org/,ok,https://explorer.ooni.org/m/20260331070807.954328_KR_webconnectivity_a29924b76c20428a
http://theimpeter.com/,error,https://explorer.ooni.org/m/20260331070827.981380_KR_webconnectivity_7edf46e82167a403
https://theintercept.com/,ok,https://explorer.ooni.org/m/20260331070845.126508_KR_webconnectivity_a01652f2994a7438
https://threema.ch/,ok,https://explorer.ooni.org/m/20260331070906.023670_KR_webconnectivity_a0211f4ddd8386d4
https://timcast.com/,ok,https://explorer.ooni.org/m/20260331070916.202629_KR_webconnectivity_b3dff4d66b7a9359
https://timesofindia.indiatimes.com/,ok,https://explorer.ooni.org/m/20260331070930.301442_KR_webconnectivity_c98cbd3785ce66fa
https://transequality.org/,ok,https://explorer.ooni.org/m/20260331070949.011272_KR_webconnectivity_e0a0227f35d275a9
http://transparency.or.kr/,ok,https://explorer.ooni.org/m/20260331071002.781277_KR_webconnectivity_683bb0f8ba98ae2e
http://twokoreas.blogspot.com/,ok,https://explorer.ooni.org/m/20260331071020.762561_KR_webconnectivity_d1469e4c4fc80271
https://tyt.com/,ok,https://explorer.ooni.org/m/20260331071038.558927_KR_webconnectivity_c25cf8465b059a27
https://unpo.org/,ok,https://explorer.ooni.org/m/20260331071053.918850_KR_webconnectivity_b62882e7a2594137
https://unredacted.org/,ok,https://explorer.ooni.org/m/20260331071057.221139_KR_webconnectivity_eb8d6cf1994c7d51
https://unwatch.org/,ok,https://explorer.ooni.org/m/20260331071115.659293_KR_webconnectivity_c87eaecef4e83969
https://urgentactionfund.org/,ok,https://explorer.ooni.org/m/20260331071139.019039_KR_webconnectivity_0d3bc985cf5862fc
https://veracrypt.fr/,ok,https://explorer.ooni.org/m/20260331071143.603731_KR_webconnectivity_0641ad7e9df67a04
https://vgtrk.ru/,ok,https://explorer.ooni.org/m/20260331071154.081421_KR_webconnectivity_955388bef32d75bf
http://viewsnnews.com/,ok,https://explorer.ooni.org/m/20260331071204.186591_KR_webconnectivity_90e55fcdb4685095
http://vok.rep.kp/,dns,https://explorer.ooni.org/m/20260331071215.073403_KR_webconnectivity_75023833bf9a582e
https://vuejs.org/,ok,https://explorer.ooni.org/m/20260331071223.958273_KR_webconnectivity_c6407de93b156a22
http://wcollar.tistory.com/308,ok,https://explorer.ooni.org/m/20260331071226.740792_KR_webconnectivity_3e9c09c3305fb38c
https://wearechange.org/,ok,https://explorer.ooni.org/m/20260331071238.911358_KR_webconnectivity_3a5128c2b93daf2e
https://wedo.org/,ok,https://explorer.ooni.org/m/20260331071258.567358_KR_webconnectivity_0e4e80d5ae00a2f8
https://wfrtds.org/,ok,https://explorer.ooni.org/m/20260331071310.253439_KR_webconnectivity_2239007f637edfc8
https://whrdic.org/,ok,https://explorer.ooni.org/m/20260331071320.079546_KR_webconnectivity_9ddc1f5041dce57a
https://wickr.com/,ok,https://explorer.ooni.org/m/20260331071341.082223_KR_webconnectivity_53b2e074336bd70c
https://wikileaks.org/,ok,https://explorer.ooni.org/m/20260331071350.194858_KR_webconnectivity_e908b073debc92f1
https://women-on-web.kr/,ok,https://explorer.ooni.org/m/20260331071402.780428_KR_webconnectivity_a520de50ac9845fa
https://womeninblack.org/,ok,https://explorer.ooni.org/m/20260331071411.433480_KR_webconnectivity_c91ca700a8487d2e
http://workingvoice.net/,ok,https://explorer.ooni.org/m/20260331071426.413816_KR_webconnectivity_b278f6555f5c6654
https://world.internationalism.org/,ok,https://explorer.ooni.org/m/20260331071434.756403_KR_webconnectivity_108c5169ce64b66b
https://www.1tv.ru/,ok,https://explorer.ooni.org/m/20260331071449.761625_KR_webconnectivity_d2d11c8ccd74f9ec
http://www.2016change.net/,ok,https://explorer.ooni.org/m/20260331071508.387839_KR_webconnectivity_c1b867ed5abf3418
https://www.404media.co/,ok,https://explorer.ooni.org/m/20260331071515.637225_KR_webconnectivity_bd56da4c0b8fa3a6
https://www.access-unlocked.org/,ok,https://explorer.ooni.org/m/20260331071519.732764_KR_webconnectivity_77802f79eea6bd22
https://www.accessnow.org/,ok,https://explorer.ooni.org/m/20260331071534.235118_KR_webconnectivity_1366c908814bd4c3
https://www.afp.com/,ok,https://explorer.ooni.org/m/20260331071547.232261_KR_webconnectivity_bf302dcb1eb3870a
https://www.ahram.org.eg/,ok,https://explorer.ooni.org/m/20260331071636.684539_KR_webconnectivity_660d11cee96eb20d
https://www.alarabiya.net/,ok,https://explorer.ooni.org/m/20260331071641.911373_KR_webconnectivity_052f5658e1783b29
https://www.alhurra.com/,ok,https://explorer.ooni.org/m/20260331071656.019806_KR_webconnectivity_990550946e1eb0bf
https://www.aljazeera.com/,ok,https://explorer.ooni.org/m/20260331071710.451282_KR_webconnectivity_7e8429c027b1f2c2
https://www.aljazeera.net/,ok,https://explorer.ooni.org/m/20260331071727.428245_KR_webconnectivity_c8095322753db9bb
https://www.almanar.com.lb/,ok,https://explorer.ooni.org/m/20260331071750.235897_KR_webconnectivity_573e13fa61452b07
http://www.amnesty.or.kr/,ok,https://explorer.ooni.org/m/20260331071810.188559_KR_webconnectivity_cd4a3976840b1c06
https://www.amnesty.org/,ok,https://explorer.ooni.org/m/20260331071829.760729_KR_webconnectivity_f00a5569da4d83f5
https://www.amnestyusa.org/,ok,https://explorer.ooni.org/m/20260331071843.633513_KR_webconnectivity_492066b0c17e2745
http://www.amrc.org.hk/,ok,https://explorer.ooni.org/m/20260331071847.337625_KR_webconnectivity_0bd315658663f87e
http://www.anarclan.net/,ok,https://explorer.ooni.org/m/20260331071849.697587_KR_webconnectivity_6328cc052925d889
https://www.apt.ch/,ok,https://explorer.ooni.org/m/20260331071859.276127_KR_webconnectivity_21ec9d64821bcbfa
http://www.apwld.org/,http-failure,https://explorer.ooni.org/m/20260331071908.429361_KR_webconnectivity_d752692fba3fceee
http://www.arrc-hre.com/,ok,https://explorer.ooni.org/m/20260331071935.476764_KR_webconnectivity_b7491108d79339ae
http://www.asia-daily.com/,ok,https://explorer.ooni.org/m/20260331071940.365464_KR_webconnectivity_0c79480de43a954d
http://www.asiafoundation.org/,ok,https://explorer.ooni.org/m/20260331071943.127456_KR_webconnectivity_bfb099eba47ee542
http://www.asiamedia.ucla.edu/,tcp_ip,https://explorer.ooni.org/m/20260331072029.661533_KR_webconnectivity_45a0d7ce1aa6a865
http://www.asian-migrants.org/,http-failure,https://explorer.ooni.org/m/20260331072035.541137_KR_webconnectivity_1cecb3e025d42d04
https://www.awid.org/,ok,https://explorer.ooni.org/m/20260331072045.195970_KR_webconnectivity_c6a2d8cd2fd34d97
https://www.bbc.co.uk/,ok,https://explorer.ooni.org/m/20260331072101.685790_KR_webconnectivity_bc0952c9181b1736
https://www.bbc.com/,ok,https://explorer.ooni.org/m/20260331072116.624970_KR_webconnectivity_fa2f668ca63ce66b
https://www.benarnews.org/,ok,https://explorer.ooni.org/m/20260331072131.342819_KR_webconnectivity_7cff93fc21f29dcd
https://www.benedelman.org/,ok,https://explorer.ooni.org/m/20260331072143.576297_KR_webconnectivity_b4f765f024857c37
http://www.bicommunitynews.co.uk/,ok,https://explorer.ooni.org/m/20260331072203.855998_KR_webconnectivity_7fc8b5e0e105a3b8
https://www.bitmask.net/,ok,https://explorer.ooni.org/m/20260331072213.357416_KR_webconnectivity_829e72989cb07616
https://www.brookings.edu/,ok,https://explorer.ooni.org/m/20260331072229.334510_KR_webconnectivity_f5a5d190e570f7d0
https://www.btselem.org/,ok,https://explorer.ooni.org/m/20260331072238.108905_KR_webconnectivity_1ed25a8507d3daa6
http://www.buddy79.com/,ok,https://explorer.ooni.org/m/20260331072246.315535_KR_webconnectivity_76f6bc697cb158a4
https://www.buzzfeed.com/,ok,https://explorer.ooni.org/m/20260331072302.823357_KR_webconnectivity_c333f534396caf73
https://www.caritas.org/,ok,https://explorer.ooni.org/m/20260331072320.024665_KR_webconnectivity_ed31580927391c7c
https://www.cartercenter.org/,ok,https://explorer.ooni.org/m/20260331072335.381502_KR_webconnectivity_fcb79b1341e3813a
https://www.cbc.ca/,ok,https://explorer.ooni.org/m/20260331072350.753049_KR_webconnectivity_7cce96440b61defa
https://www.cbsnews.com/,ok,https://explorer.ooni.org/m/20260331072411.034889_KR_webconnectivity_44f399b13022811e
http://www.ccdm.or.kr/,ok,https://explorer.ooni.org/m/20260331072427.706249_KR_webconnectivity_b47c341e98969c3e
http://www.cesr.org/,ok,https://explorer.ooni.org/m/20260331072444.595540_KR_webconnectivity_bd757221bf451f6b
https://www.cfr.org/,ok,https://explorer.ooni.org/m/20260331072456.873000_KR_webconnectivity_3beb377098da9940
https://www.cgtn.com/,ok,https://explorer.ooni.org/m/20260331072515.249126_KR_webconnectivity_e33a5d2fc99bfeba
https://www.change.org/,ok,https://explorer.ooni.org/m/20260331072530.285513_KR_webconnectivity_864604ab294d4c02
http://www.channelnewsasia.com/,ok,https://explorer.ooni.org/m/20260331072547.938882_KR_webconnectivity_57a64b3fb25e5fef
https://www.childrensdefense.org/,ok,https://explorer.ooni.org/m/20260331072600.728112_KR_webconnectivity_81ac94e834b51d01
https://www.chinadaily.com.cn/,ok,https://explorer.ooni.org/m/20260331072617.570076_KR_webconnectivity_f805b03ea2a165bd
https://www.chinatimes.com/,ok,https://explorer.ooni.org/m/20260331072631.719628_KR_webconnectivity_8465513266d3e025
http://www.chingusai.net/,dns,https://explorer.ooni.org/m/20260331072635.722415_KR_webconnectivity_fce6c720861f66f1
http://www.chosun.com/,ok,https://explorer.ooni.org/m/20260331072648.949631_KR_webconnectivity_68e516e8a8b72cf8
https://www.cnbc.com/,ok,https://explorer.ooni.org/m/20260331072700.954633_KR_webconnectivity_273428d0a849f48d
http://www.cnnasiapacific.com/,tcp_ip,https://explorer.ooni.org/m/20260331072746.981152_KR_webconnectivity_e8d33f7000499a65
https://www.cpj.org/,ok,https://explorer.ooni.org/m/20260331072804.208909_KR_webconnectivity_b9d83a693ca63c84
https://www.crisisgroup.org/,ok,https://explorer.ooni.org/m/20260331072820.793670_KR_webconnectivity_905291aa21989516
https://www.csmonitor.com/,ok,https://explorer.ooni.org/m/20260331072836.460896_KR_webconnectivity_f753beab358bedd1
https://www.currenttime.tv/,ok,https://explorer.ooni.org/m/20260331072853.642496_KR_webconnectivity_2faade5a95d1bcda
http://www.cwgl.rutgers.edu/,ok,https://explorer.ooni.org/m/20260331072908.100338_KR_webconnectivity_441d15283288f7cd
https://www.dailymail.co.uk/,ok,https://explorer.ooni.org/m/20260331072920.363203_KR_webconnectivity_f4652f6ba10049b6
https://www.dailysabah.com/,ok,https://explorer.ooni.org/m/20260331072943.645089_KR_webconnectivity_461f2b6e4c0d9aae
https://www.dailywire.com/,ok,https://explorer.ooni.org/m/20260331072955.772731_KR_webconnectivity_bf524a5829c9d83f
https://www.dd-rd.ca/,ok,https://explorer.ooni.org/m/20260331072959.399016_KR_webconnectivity_7b5d747ef3dc4fbc
http://www.ddanzi.com/,ok,https://explorer.ooni.org/m/20260331073015.079625_KR_webconnectivity_ad21e02ebe775a50
https://www.democracycaucus.net/,ok,https://explorer.ooni.org/m/20260331073024.952787_KR_webconnectivity_9699ffa4be8f5b7d
https://www.democracynow.org/,ok,https://explorer.ooni.org/m/20260331073048.569426_KR_webconnectivity_e6ff4312610ec994
https://www.derechos.org/,ok,https://explorer.ooni.org/m/20260331073057.201544_KR_webconnectivity_abd1a42ffcaee0aa
https://www.disabilityrightsfund.org/,ok,https://explorer.ooni.org/m/20260331073111.526796_KR_webconnectivity_1309aeca9912c852
http://www.donga.com/,ok,https://explorer.ooni.org/m/20260331073133.703288_KR_webconnectivity_b89f80cca92f661e
https://www.dopplr.com/,ok,https://explorer.ooni.org/m/20260331073148.758998_KR_webconnectivity_cc87cb4d42b7f49d
https://www.doriafeministfund.org/,ok,https://explorer.ooni.org/m/20260331073154.606962_KR_webconnectivity_cf26fd654858f98c
http://www.drudgereport.com/,ok,https://explorer.ooni.org/m/20260331073207.191601_KR_webconnectivity_aec1d472aa0cf7b0
https://www.dw.com/,ok,https://explorer.ooni.org/m/20260331073210.554980_KR_webconnectivity_96916895b2db4d8b
http://www.ebn.co.kr/,ok,https://explorer.ooni.org/m/20260331073236.692398_KR_webconnectivity_88c1d841a85b0625
http://www.ecequality.org/,ok,https://explorer.ooni.org/m/20260331073254.187195_KR_webconnectivity_ddf14c42c1027f9b
http://www.eduhope.net/,ok,https://explorer.ooni.org/m/20260331073316.926755_KR_webconnectivity_7f1fc59f0f6d70c6
https://www.eff.org/,ok,https://explorer.ooni.org/m/20260331073327.499256_KR_webconnectivity_1748bd28332052c9
https://www.eluniversal.com/,ok,https://explorer.ooni.org/m/20260331073342.739129_KR_webconnectivity_38c84ed401532632
https://www.endfgm.eu/,ok,https://explorer.ooni.org/m/20260331073349.810442_KR_webconnectivity_0dd369be8617c990
http://www.equaline.or.kr/,ok,https://explorer.ooni.org/m/20260331073408.947648_KR_webconnectivity_be1ef6042bb693f6
https://www.euronews.com/,ok,https://explorer.ooni.org/m/20260331073420.277771_KR_webconnectivity_47decafd0f06fe08
https://www.exitinternational.net/,ok,https://explorer.ooni.org/m/20260331073436.798134_KR_webconnectivity_358f31217076e2d2
https://www.expressvpn.com/,ok,https://explorer.ooni.org/m/20260331073452.508144_KR_webconnectivity_872b3e9002b2cc11
https://www.f-secure.com/,http-failure,https://explorer.ooni.org/m/20260331073514.613450_KR_webconnectivity_fd6246bd97c237dd
https://www.familyequality.org/,ok,https://explorer.ooni.org/m/20260331073532.990628_KR_webconnectivity_486704de9b8757df
https://www.feminist.com/,ok,https://explorer.ooni.org/m/20260331073549.999167_KR_webconnectivity_86c5bc9d9ee56f4b
https://www.fidh.org/,ok,https://explorer.ooni.org/m/20260331073558.485259_KR_webconnectivity_b3ccbc44548fe45e
http://www.fktu.or.kr/,ok,https://explorer.ooni.org/m/20260331073606.809448_KR_webconnectivity_a59430e367695363
https://www.fondationdefrance.org/,ok,https://explorer.ooni.org/m/20260331073628.012158_KR_webconnectivity_c67c889b32e4c45b
https://www.forbes.com/,ok,https://explorer.ooni.org/m/20260331073638.151915_KR_webconnectivity_1e75b5807bac2803
https://www.fordfoundation.org/,ok,https://explorer.ooni.org/m/20260331073648.612071_KR_webconnectivity_24647af1442120a5
https://www.forum18.org/,ok,https://explorer.ooni.org/m/20260331073657.618680_KR_webconnectivity_3af2cd936ed59f7c
https://www.foxnews.com/,ok,https://explorer.ooni.org/m/20260331073717.720798_KR_webconnectivity_ddf02a2506d7d2df
https://www.france24.com/,ok,https://explorer.ooni.org/m/20260331073721.111579_KR_webconnectivity_e4402300df382b67
https://www.francemediasmonde.com/,ok,https://explorer.ooni.org/m/20260331073734.995964_KR_webconnectivity_80437b7d22dde767
http://www.freeexpression.org/,ok,https://explorer.ooni.org/m/20260331073750.910754_KR_webconnectivity_d6ffe74ca3d2d882
https://www.freespeech.com/,ok,https://explorer.ooni.org/m/20260331073808.455777_KR_webconnectivity_2411f6a4ab35bf46
https://www.frontlinedefenders.org/,ok,https://explorer.ooni.org/m/20260331073816.022377_KR_webconnectivity_a8e1fa4490e4384a
https://www.ft.com/,ok,https://explorer.ooni.org/m/20260331073826.896110_KR_webconnectivity_74ee37e9f88a01d5
http://www.ftchinese.com/,ok,https://explorer.ooni.org/m/20260331073842.264110_KR_webconnectivity_16163ea75a4f74f7
http://www.gayscape.com/,dns,https://explorer.ooni.org/m/20260331073845.811515_KR_webconnectivity_6fe1da2ca485fdb9
https://www.gearthblog.com/,ok,https://explorer.ooni.org/m/20260331073853.317882_KR_webconnectivity_be9fdbddf9d035e7
https://www.genderit.org/,ok,https://explorer.ooni.org/m/20260331073904.189613_KR_webconnectivity_44a2b49ec420588d
https://www.getoutline.org/,ok,https://explorer.ooni.org/m/20260331073910.509576_KR_webconnectivity_a9ee3addd7ad9fcc
https://www.girlsnotbrides.org/,ok,https://explorer.ooni.org/m/20260331073922.180677_KR_webconnectivity_f1c42a2356a82fde
http://www.glaad.org/,ok,https://explorer.ooni.org/m/20260331073944.604232_KR_webconnectivity_38f8e87058d17d78
https://www.globaleaks.org/,tcp_ip,https://explorer.ooni.org/m/20260331073947.059082_KR_webconnectivity_be65a1d9566a3cdd
https://www.globalfundforwomen.org/,ok,https://explorer.ooni.org/m/20260331074004.289977_KR_webconnectivity_fea8cb833c48f823
http://www.globalgayz.com/g-korea.html,ok,https://explorer.ooni.org/m/20260331074015.954605_KR_webconnectivity_e0105293948d4d12
http://www.globalr2p.org/,ok,https://explorer.ooni.org/m/20260331074031.925682_KR_webconnectivity_2ab10bb6f9f8a15a
https://www.glsen.org/,ok,https://explorer.ooni.org/m/20260331074047.658296_KR_webconnectivity_95cca16d37054bbd
http://www.gmhc.org/,ok,https://explorer.ooni.org/m/20260331074102.341538_KR_webconnectivity_45b23564329690c8
https://www.gnu.org/,ok,https://explorer.ooni.org/m/20260331074109.459728_KR_webconnectivity_3a40604ed3e294d4
https://www.gnupg.org/,ok,https://explorer.ooni.org/m/20260331074117.914579_KR_webconnectivity_59da0e7122ca179c
http://www.gobalnews.com/,ok,https://explorer.ooni.org/m/20260331074132.444478_KR_webconnectivity_ca0da3c988171de6
http://www.granma.cu/,ok,https://explorer.ooni.org/m/20260331074209.311316_KR_webconnectivity_cf09dcb52fc962ef
https://www.haaretz.com/,ok,https://explorer.ooni.org/m/20260331074220.428241_KR_webconnectivity_80f3ced4150163e7
http://www.hani.co.kr/,ok,https://explorer.ooni.org/m/20260331074240.118705_KR_webconnectivity_4f3c3dad9d3ce39a
http://www.hankooki.com/,ok,https://explorer.ooni.org/m/20260331074258.657522_KR_webconnectivity_4a676cff9d99a0ef
http://www.hellodd.com/,ok,https://explorer.ooni.org/m/20260331074318.744073_KR_webconnectivity_07a38e1e85096fef
https://www.herdict.org/,ok,https://explorer.ooni.org/m/20260331074329.770064_KR_webconnectivity_28a5aa14f0419681
https://www.heritage.org/,ok,https://explorer.ooni.org/m/20260331074341.424515_KR_webconnectivity_b5c3b8194c74cd0e
https://www.heyjane.com/,ok,https://explorer.ooni.org/m/20260331074350.953062_KR_webconnectivity_51f5962154e3b7c3
http://www.hizb-ut-tahrir.org/,ok,https://explorer.ooni.org/m/20260331074408.209175_KR_webconnectivity_7502075a7ebdc1bf
http://www.hopeandlaw.org/,ok,https://explorer.ooni.org/m/20260331074427.280614_KR_webconnectivity_f920fd72e2f966f2
http://www.hotline.or.kr/,ok,https://explorer.ooni.org/m/20260331074446.893721_KR_webconnectivity_be152ca9192f0965
http://www.hrc.org/,ok,https://explorer.ooni.org/m/20260331074507.034392_KR_webconnectivity_4d38da445c37da1c
http://www.hrea.org/,ok,https://explorer.ooni.org/m/20260331074525.627971_KR_webconnectivity_00dc2318148d3ef6
https://www.hrw.org/,ok,https://explorer.ooni.org/m/20260331074543.410675_KR_webconnectivity_a47b9b427f1145b0
https://www.hrw.org/asia/south-korea,ok,https://explorer.ooni.org/m/20260331074555.457385_KR_webconnectivity_c1e4667985e6586c
https://www.huffpost.com/,ok,https://explorer.ooni.org/m/20260331074608.362556_KR_webconnectivity_8b246f5838f9ee27
https://www.humanrightsconnected.org/,ok,https://explorer.ooni.org/m/20260331074614.138652_KR_webconnectivity_598a516082ce2d86
http://www.humanrightsfirst.org/,ok,https://explorer.ooni.org/m/20260331074629.010936_KR_webconnectivity_eac15f1c7f364290
http://www.i615.net/,error,https://explorer.ooni.org/m/20260331074637.801726_KR_webconnectivity_12d331ecaf287aba
http://www.iaffe.org/,ok,https://explorer.ooni.org/m/20260331074643.808563_KR_webconnectivity_9bb30964bd8d0fa0
https://www.icc-cpi.int/,ok,https://explorer.ooni.org/m/20260331074654.996552_KR_webconnectivity_06daf1a0a844e1ac
https://www.icij.org/,ok,https://explorer.ooni.org/m/20260331074713.425814_KR_webconnectivity_e9240d13093aef59
http://www.icrw.org/,ok,https://explorer.ooni.org/m/20260331074721.769877_KR_webconnectivity_4fd927f2304c3750
https://www.ictj.org/,ok,https://explorer.ooni.org/m/20260331074735.641299_KR_webconnectivity_8ce474d3a1e4e1fd
http://www.idea.int/,ok,https://explorer.ooni.org/m/20260331074757.952547_KR_webconnectivity_f6a57c7edb0ae026
http://www.ifj-asia.org/,tcp_ip,https://explorer.ooni.org/m/20260331074846.780438_KR_webconnectivity_f7e538c588266f8a
http://www.ifj.org/,ok,https://explorer.ooni.org/m/20260331074857.602867_KR_webconnectivity_9cd328fd4c2ec593
https://www.ihrc.org.uk/,ok,https://explorer.ooni.org/m/20260331074912.993254_KR_webconnectivity_0776efe5392a1bc0
https://www.ijm.org/,ok,https://explorer.ooni.org/m/20260331074924.385470_KR_webconnectivity_c832afba8890c3db
https://www.iknowpolitics.org/,ok,https://explorer.ooni.org/m/20260331074939.665400_KR_webconnectivity_3746781a8876a99b
https://www.ilga-europe.org/,ok,https://explorer.ooni.org/m/20260331074956.879522_KR_webconnectivity_2f2a74da3017ec9f
http://www.ilga.info/,ok,https://explorer.ooni.org/m/20260331075003.853051_KR_webconnectivity_68082d2e8cf7afc3
http://www.ilga.org/asia/,ok,https://explorer.ooni.org/m/20260331075014.882254_KR_webconnectivity_ceef4465c18587d0
http://www.ilo.org/public/english/region/asro/bangkok/child/trafficking/index.htm,ok,https://explorer.ooni.org/m/20260331075029.846623_KR_webconnectivity_e32e15883249919b
https://www.indiatimes.com/,ok,https://explorer.ooni.org/m/20260331075040.186562_KR_webconnectivity_be523ec2330e82c6
http://www.inews24.com/,ok,https://explorer.ooni.org/m/20260331075055.546316_KR_webconnectivity_889160e8de83aa65
https://www.infowars.com/,ok,https://explorer.ooni.org/m/20260331075112.413349_KR_webconnectivity_33a16d18e6107086
http://www.inkwon.or.kr/,ok,https://explorer.ooni.org/m/20260331075126.589978_KR_webconnectivity_723d72d39e7dee1f
http://www.inminds.co.uk/,ok,https://explorer.ooni.org/m/20260331075137.119089_KR_webconnectivity_5009a43fb75ed8d1
https://www.ipetitions.com/,ok,https://explorer.ooni.org/m/20260331075150.645714_KR_webconnectivity_75a23c1bca145824
http://www.irna.ir/,ok,https://explorer.ooni.org/m/20260331075155.206321_KR_webconnectivity_81598173d8b97548
http://www.islamawareness.net/,ok,https://explorer.ooni.org/m/20260331075203.442846_KR_webconnectivity_3db98cab9cf2f4e7
http://www.islamawareness.net/Asia/KoreaSouth/,ok,https://explorer.ooni.org/m/20260331075208.976978_KR_webconnectivity_c9537e2eceec605a
http://www.islamkorea.com/,ok,https://explorer.ooni.org/m/20260331075228.063406_KR_webconnectivity_3a1dcf36d56e6707
http://www.iwraw-ap.org/,ok,https://explorer.ooni.org/m/20260331075240.167672_KR_webconnectivity_9a99f8df7d6bacd9
https://www.iwraw-ap.org/,ok,https://explorer.ooni.org/m/20260331075248.773121_KR_webconnectivity_62cd9c5e591c0bf1
http://www.japantimes.co.jp/,ok,https://explorer.ooni.org/m/20260331075301.989901_KR_webconnectivity_f4fa46dad76a85f9
http://www.jcmk.org/,ok,https://explorer.ooni.org/m/20260331075317.165619_KR_webconnectivity_36f83bf7f17d655b
http://www.jhr.ca/,ok,https://explorer.ooni.org/m/20260331075336.815349_KR_webconnectivity_5ad0d4122c972c4b
http://www.jinbocorea.org/,ok,https://explorer.ooni.org/m/20260331075352.225202_KR_webconnectivity_2e60c4d429e25cb7
http://www.jmarshall.com/,ok,https://explorer.ooni.org/m/20260331075356.500939_KR_webconnectivity_7c0312326674455d
https://www.jmarshall.com/,ok,https://explorer.ooni.org/m/20260331075359.221868_KR_webconnectivity_712b0ea1f0412d2d
http://www.kcna.co.jp/,confirmed,https://explorer.ooni.org/m/20260331075402.682545_KR_webconnectivity_32c7575f15208b58
http://www.kctu.org/,ok,https://explorer.ooni.org/m/20260331075416.676328_KR_webconnectivity_fbc20cb9f16aa0c1
http://www.kdawu.org/,ok,https://explorer.ooni.org/m/20260331075424.459199_KR_webconnectivity_2064db711e4b5a71
http://www.kdlp.org/,ok,https://explorer.ooni.org/m/20260331075429.016068_KR_webconnectivity_cc671015823d68ee
http://www.khan.co.kr/,ok,https://explorer.ooni.org/m/20260331075442.286619_KR_webconnectivity_2f557b97d305e6a0
http://www.khrp.org/,ok,https://explorer.ooni.org/m/20260331075447.764864_KR_webconnectivity_6ca57841f3245ded
http://www.kita.net/,ok,https://explorer.ooni.org/m/20260331075519.125161_KR_webconnectivity_49a1e744600c147f
http://www.kncc.or.kr/,ok,https://explorer.ooni.org/m/20260331075534.462934_KR_webconnectivity_3be9bed28064bebc
http://www.kngo.net/,http-failure,https://explorer.ooni.org/m/20260331075543.134336_KR_webconnectivity_14210daae6076f63
http://www.koreaherald.co.kr/,ok,https://explorer.ooni.org/m/20260331075557.219461_KR_webconnectivity_3c350ffbfee7589e
http://www.korealiberator.org/,ok,https://explorer.ooni.org/m/20260331075610.255571_KR_webconnectivity_f3db81d2d0bfe699
http://www.korva.or.kr/,ok,https://explorer.ooni.org/m/20260331075626.132742_KR_webconnectivity_cc2bf5a4c9fe5dae
http://www.kpil.org/,ok,https://explorer.ooni.org/m/20260331075635.626521_KR_webconnectivity_39b6b0185c334054
http://www.kwdi.re.kr/,ok,https://explorer.ooni.org/m/20260331075716.193755_KR_webconnectivity_fac2f7150da38352
http://www.kwpa.org/,ok,https://explorer.ooni.org/m/20260331075731.924210_KR_webconnectivity_f94b2a5623213102
http://www.kwwnet.org/,ok,https://explorer.ooni.org/m/20260331075752.258044_KR_webconnectivity_49606eafb111b898
http://www.laborrightsnow.org/,ok,https://explorer.ooni.org/m/20260331075758.868641_KR_webconnectivity_584816c944f117e2
http://www.lanacion.com.ar/,ok,https://explorer.ooni.org/m/20260331075815.170377_KR_webconnectivity_4ec823bf3ace07e6
https://www.laquadrature.net/,ok,https://explorer.ooni.org/m/20260331075823.759134_KR_webconnectivity_aa27e25fab03085e
http://www.latimes.com/,ok,https://explorer.ooni.org/m/20260331075836.973019_KR_webconnectivity_858428d5be65440c
https://www.lds.org/,ok,https://explorer.ooni.org/m/20260331075853.032715_KR_webconnectivity_0ecb027f3f83c12a
http://www.learningpartnership.org/,ok,https://explorer.ooni.org/m/20260331075904.297439_KR_webconnectivity_52205132d090b7a6
https://www.lemonde.fr/,ok,https://explorer.ooni.org/m/20260331075915.039803_KR_webconnectivity_56de8e03290dfedd
https://www.lgbtmap.org/,ok,https://explorer.ooni.org/m/20260331075933.802494_KR_webconnectivity_41f2ae4534059cb9
http://www.lgbtpride.or.kr/,ok,https://explorer.ooni.org/m/20260331075946.082196_KR_webconnectivity_040057669ea6e648
https://www.lgbtqnation.com/,ok,https://explorer.ooni.org/m/20260331075958.952402_KR_webconnectivity_e98b1058baa5db13
https://www.lilithfund.org/,ok,https://explorer.ooni.org/m/20260331080021.960015_KR_webconnectivity_499e7fb14820b278
http://www.littlespeck.com/,ok,https://explorer.ooni.org/m/20260331080031.203166_KR_webconnectivity_ae7e1f3078215df7
https://www.logmein.com/,ok,https://explorer.ooni.org/m/20260331080033.784874_KR_webconnectivity_47b49b3d5c0ce2b7
https://www.madre.org/,ok,https://explorer.ooni.org/m/20260331080049.561272_KR_webconnectivity_9678285f25ff80d7
http://www.mainichi.co.jp/,ok,https://explorer.ooni.org/m/20260331080056.539325_KR_webconnectivity_6d72d1872d98169d
https://www.mamacash.org/,ok,https://explorer.ooni.org/m/20260331080109.332128_KR_webconnectivity_a5aa623c0f87071d
https://www.martus.org/,ok,https://explorer.ooni.org/m/20260331080113.925298_KR_webconnectivity_2d7ec9d153f2aa67
http://www.mediareform.co.kr/,ok,https://explorer.ooni.org/m/20260331080126.860538_KR_webconnectivity_aa0235d397fbaa38
http://www.mediatoday.co.kr/,ok,https://explorer.ooni.org/m/20260331080144.138110_KR_webconnectivity_f9f6a81704884281
http://www.mediaus.co.kr/,ok,https://explorer.ooni.org/m/20260331080158.640772_KR_webconnectivity_145e18660f654bd3
https://www.mideastyouth.com/,ok,https://explorer.ooni.org/m/20260331080214.317049_KR_webconnectivity_62c3427783135203
http://www.migrant114.org/,dns,https://explorer.ooni.org/m/20260331080216.929599_KR_webconnectivity_b7966dffd4c7c786
https://www.mombian.com/,ok,https://explorer.ooni.org/m/20260331080218.845015_KR_webconnectivity_931ed16f97f8af43
http://www.mongu.net/,ok,https://explorer.ooni.org/m/20260331080225.208368_KR_webconnectivity_51ffe764ce900b53
https://www.mormon.org/,ok,https://explorer.ooni.org/m/20260331080232.271966_KR_webconnectivity_b93d4cc4d06214b3
https://www.muckrock.com/,ok,https://explorer.ooni.org/m/20260331080246.178109_KR_webconnectivity_097e0bc0eccc1be5
https://www.musalaha.org/,ok,https://explorer.ooni.org/m/20260331080306.084735_KR_webconnectivity_4816866f44df78b1
http://www.naeil.com/,ok,https://explorer.ooni.org/m/20260331080314.542549_KR_webconnectivity_dd36bc8320dfd565
https://www.namecoin.org/,ok,https://explorer.ooni.org/m/20260331080319.670702_KR_webconnectivity_b5b4eed053982ca1
https://www.nbc.com/,ok,https://explorer.ooni.org/m/20260331080333.251976_KR_webconnectivity_b72b8c05764fe834
https://www.nbcnews.com/,ok,https://explorer.ooni.org/m/20260331080348.772005_KR_webconnectivity_e83203655482d221
https://www.nbcnewyork.com/,ok,https://explorer.ooni.org/m/20260331080403.176796_KR_webconnectivity_b5ff526547ad7add
http://www.nclrights.org/,ok,https://explorer.ooni.org/m/20260331080423.205791_KR_webconnectivity_638219f7a5601861
https://www.ndi.org/,ok,https://explorer.ooni.org/m/20260331080438.856288_KR_webconnectivity_620e2d8a8a0f1abb
https://www.ned.org/,ok,https://explorer.ooni.org/m/20260331080450.218925_KR_webconnectivity_49fa959b653842e6
http://www.newnownext.com/,ok,https://explorer.ooni.org/m/20260331080503.512746_KR_webconnectivity_32c9893de7b671dd
http://www.newnownext.com/franchise/the-backlot/,ok,https://explorer.ooni.org/m/20260331080518.546663_KR_webconnectivity_ac5d0327876bb9ab
http://www.newscham.net/,ok,https://explorer.ooni.org/m/20260331080526.174481_KR_webconnectivity_7f1bb67db8ad9bbd
https://www.njal.la/,ok,https://explorer.ooni.org/m/20260331080538.119215_KR_webconnectivity_950b1978dba4225b
http://www.nkhumanrights.or.kr/,ok,https://explorer.ooni.org/m/20260331080541.140636_KR_webconnectivity_7d836dd6a6425d30
http://www.nkzone.org/,tcp_ip,https://explorer.ooni.org/m/20260331080627.607795_KR_webconnectivity_663cc6be5487b967
http://www.nocutnews.co.kr/,ok,https://explorer.ooni.org/m/20260331080642.963742_KR_webconnectivity_27c977e1e92da7dc
http://www.nodong.org/,ok,https://explorer.ooni.org/m/20260331080653.046226_KR_webconnectivity_8d392b281ae1bba6
http://www.nonghyup.com/,ok,https://explorer.ooni.org/m/20260331080658.061345_KR_webconnectivity_64d1d35a2536a6fe
https://www.nostraightnews.com/,ok,https://explorer.ooni.org/m/20260331080719.659617_KR_webconnectivity_aaa1d6ad6c387de7
https://www.npr.org/,ok,https://explorer.ooni.org/m/20260331080735.773166_KR_webconnectivity_4fbf6c77199d917e
https://www.ntv.ru/,ok,https://explorer.ooni.org/m/20260331080756.268949_KR_webconnectivity_d4af1194cd8a9839
https://www.nwci.ie/,ok,https://explorer.ooni.org/m/20260331080802.863977_KR_webconnectivity_962c096d77a0b652
https://www.nytimes.com/,ok,https://explorer.ooni.org/m/20260331080817.260412_KR_webconnectivity_e2f5395dbbb97ff6
https://www.oas.org/,ok,https://explorer.ooni.org/m/20260331080830.770119_KR_webconnectivity_2041d9c257a31c60
https://www.occrp.org/,ok,https://explorer.ooni.org/m/20260331080846.437082_KR_webconnectivity_0791697278e5e2ac
http://www.ohmynews.com/,ok,https://explorer.ooni.org/m/20260331080901.594801_KR_webconnectivity_f3ac23a058d78c2d
http://www.omct.org/,ok,https://explorer.ooni.org/m/20260331080923.327995_KR_webconnectivity_fa20e5dc6c3d9cf0
https://www.omct.org/,ok,https://explorer.ooni.org/m/20260331080942.959440_KR_webconnectivity_15f15b7c8adf5a7a
https://www.opendns.com/,ok,https://explorer.ooni.org/m/20260331080946.954083_KR_webconnectivity_f5d67217c390e21b
https://www.openpgp.org/,ok,https://explorer.ooni.org/m/20260331080950.641307_KR_webconnectivity_57d92dfedc49c329
https://www.opensocietyfoundations.org/,ok,https://explorer.ooni.org/m/20260331081007.223250_KR_webconnectivity_45176e6eee5d9d51
https://www.ou.org/,ok,https://explorer.ooni.org/m/20260331081022.322518_KR_webconnectivity_e93f8111ff2c8519
http://www.pcusa.org/,ok,https://explorer.ooni.org/m/20260331081037.607071_KR_webconnectivity_9a370facc3201407
http://www.people.com.cn/,ok,https://explorer.ooni.org/m/20260331081050.871010_KR_webconnectivity_77322743cdbcbc5b
http://www.peoplepower21.org/,ok,https://explorer.ooni.org/m/20260331081103.416865_KR_webconnectivity_e678cdf523cd8d06
https://www.phpmyadmin.net/,ok,https://explorer.ooni.org/m/20260331081110.713690_KR_webconnectivity_699596be903a1bfb
https://www.piratenpartei.ch/,ok,https://explorer.ooni.org/m/20260331081122.779845_KR_webconnectivity_81e8eca7603d1a00
http://www.piratpartiet.se/,ok,https://explorer.ooni.org/m/20260331081142.772141_KR_webconnectivity_bbaa3865c98b1a74
http://www.poweroftruth.net/,ok,https://explorer.ooni.org/m/20260331081157.196156_KR_webconnectivity_cdcbae9343970045
https://www.pravda.ru/,dns,https://explorer.ooni.org/m/20260331081213.170365_KR_webconnectivity_39d854f9e03af2ed
http://www.pressian.com/,ok,https://explorer.ooni.org/m/20260331081229.522982_KR_webconnectivity_f96e617150ea6aa0
https://www.pridemedia.com/,ok,https://explorer.ooni.org/m/20260331081241.535926_KR_webconnectivity_8dffdb236134583b
https://www.privacidade.digital/,ok,https://explorer.ooni.org/m/20260331081250.727051_KR_webconnectivity_e4fe4ce0e4411704
https://www.privacyguides.org/,ok,https://explorer.ooni.org/m/20260331081303.645341_KR_webconnectivity_12e5029970393b3d
https://www.privacyinternational.org/,ok,https://explorer.ooni.org/m/20260331081311.837691_KR_webconnectivity_821d8fdcd9489a54
https://www.privacytools.io/,ok,https://explorer.ooni.org/m/20260331081320.485047_KR_webconnectivity_91d1399935bf06a2
http://www.privaterra.org/,ok,https://explorer.ooni.org/m/20260331081333.678932_KR_webconnectivity_78184e711f8e6b34
https://www.projectveritas.com/,ok,https://explorer.ooni.org/m/20260331081348.724382_KR_webconnectivity_ebcd910ebdfba68d
https://www.propublica.org/,ok,https://explorer.ooni.org/m/20260331081401.391391_KR_webconnectivity_cfcafd57333c1009
https://www.protectioninternational.org/,ok,https://explorer.ooni.org/m/20260331081420.048322_KR_webconnectivity_fc5b5ffbf2b3fc4d
http://www.qhnews.com/,ok,https://explorer.ooni.org/m/20260331081436.363576_KR_webconnectivity_ba8a52f25a6439a0
http://www.radicalparty.org/,ok,https://explorer.ooni.org/m/20260331081455.083704_KR_webconnectivity_c2d63281bf6a0997
http://www.rainbowfoundation.co.kr/,ok,https://explorer.ooni.org/m/20260331081509.072138_KR_webconnectivity_6ea692ab0bd91253
https://www.rambler.ru/,ok,https://explorer.ooni.org/m/20260331081527.651709_KR_webconnectivity_2893dbd56f2b47ce
https://www.rawa.org/,ok,https://explorer.ooni.org/m/20260331081532.336752_KR_webconnectivity_e78e2f1edb6d0de8
http://www.redian.org/,ok,https://explorer.ooni.org/m/20260331081545.547212_KR_webconnectivity_ed670a34a21bf329
https://www.redstateaccess.com/,ok,https://explorer.ooni.org/m/20260331081549.445751_KR_webconnectivity_d9eb5ce9d0987143
https://www.refugeesinternational.org/,ok,https://explorer.ooni.org/m/20260331081602.884152_KR_webconnectivity_a8d3420551984944
http://www.repubblica.com/,ok,https://explorer.ooni.org/m/20260331081622.940202_KR_webconnectivity_02340e281847b663
https://www.rescue.org/,ok,https://explorer.ooni.org/m/20260331081634.640274_KR_webconnectivity_4cab8be4674fa766
https://www.reuters.com/,ok,https://explorer.ooni.org/m/20260331081638.646434_KR_webconnectivity_c7e8cb3633b9ad0a
https://www.rfa.org/,ok,https://explorer.ooni.org/m/20260331081657.474128_KR_webconnectivity_ca020dc92e90ea95
https://www.rferl.org/,ok,https://explorer.ooni.org/m/20260331081717.415041_KR_webconnectivity_ec460be6980879bc
http://www.rights.or.kr/,dns,https://explorer.ooni.org/m/20260331081730.836002_KR_webconnectivity_90ec9ea18ddd607b
http://www.righttodie.ca/,ok,https://explorer.ooni.org/m/20260331081733.573948_KR_webconnectivity_ad40b4df3b457cc3
http://www.rsf.org/article.php3?id_article=17361,ok,https://explorer.ooni.org/m/20260331081748.930122_KR_webconnectivity_c3e36d6fa595ec77
https://www.rt.com/,ok,https://explorer.ooni.org/m/20260331081801.326373_KR_webconnectivity_2164d2b96939a026
https://www.rtarabic.com/,ok,https://explorer.ooni.org/m/20260331081818.528859_KR_webconnectivity_b07f3729f3f8a8c2
http://www.sarangbang.or.kr/,ok,https://explorer.ooni.org/m/20260331081829.343201_KR_webconnectivity_aa615f3f0260d021
https://www.savethechildren.net/,ok,https://explorer.ooni.org/m/20260331081841.038575_KR_webconnectivity_9443f4c476b08333
https://www.sbs.com.au/language/coronavirus?cid=infocus,ok,https://explorer.ooni.org/m/20260331081855.391697_KR_webconnectivity_e0fd12b7c3e5cf06
http://www.scmp.com/,ok,https://explorer.ooni.org/m/20260331081906.994815_KR_webconnectivity_c7320a971b5603fe
https://www.scmp.com/,ok,https://explorer.ooni.org/m/20260331081926.096650_KR_webconnectivity_5b41be9545a8ec5a
https://www.secfirst.org/,error,https://explorer.ooni.org/m/20260331081929.379729_KR_webconnectivity_81108af59ae207ec
http://www.sisters.or.kr/,ok,https://explorer.ooni.org/m/20260331081946.963296_KR_webconnectivity_316bb8abce94cd6c
https://www.spiegel.de/,ok,https://explorer.ooni.org/m/20260331082009.542987_KR_webconnectivity_bd4b49f506d1e536
https://www.starlink.com/,ok,https://explorer.ooni.org/m/20260331082015.185666_KR_webconnectivity_8f739ac3754f3fad
http://www.state.gov/g/drl/rls/hrrpt/2004/41647.htm,ok,https://explorer.ooni.org/m/20260331082033.950998_KR_webconnectivity_f023372c97931ae8
https://www.stonewall.org.uk/,ok,https://explorer.ooni.org/m/20260331082045.722058_KR_webconnectivity_5632b2ff54ac157c
http://www.stopstreetharassment.org/,ok,https://explorer.ooni.org/m/20260331082053.576478_KR_webconnectivity_7c9b9a5859ffd70f
https://www.techlore.tech/,ok,https://explorer.ooni.org/m/20260331082103.734228_KR_webconnectivity_f3ab0be11c265c11
https://www.terredeshommes.nl/,ok,https://explorer.ooni.org/m/20260331082124.662511_KR_webconnectivity_6cc420322352b758
http://www.theepochtimes.com/,ok,https://explorer.ooni.org/m/20260331082137.270737_KR_webconnectivity_9417af2b09c8d0bc
https://www.theguardian.com/,ok,https://explorer.ooni.org/m/20260331082150.417161_KR_webconnectivity_abc077ecc27be7cd
https://www.thetrevorproject.org/,ok,https://explorer.ooni.org/m/20260331082206.711559_KR_webconnectivity_53e3ad82c8b0e9ea
http://www.tongilnews.com/,ok,https://explorer.ooni.org/m/20260331082221.789228_KR_webconnectivity_2302437a33844637
https://www.transgendermap.com/,ok,https://explorer.ooni.org/m/20260331082233.746702_KR_webconnectivity_a5b4fddfc65c437a
https://www.transparency.org/,ok,https://explorer.ooni.org/m/20260331082245.089350_KR_webconnectivity_e02dc743bee34504
https://www.tvc.ru/,ok,https://explorer.ooni.org/m/20260331082249.402046_KR_webconnectivity_6955999b0d315bed
http://www.u4.no/,ok,https://explorer.ooni.org/m/20260331082309.708190_KR_webconnectivity_33eebbb26d58a62c
https://www.unfpa.org/,ok,https://explorer.ooni.org/m/20260331082323.526535_KR_webconnectivity_8c7f69dea85c0a39
https://www.unhcr.org/,ok,https://explorer.ooni.org/m/20260331082328.802886_KR_webconnectivity_4f9d13d5c0b93fda
https://www.upi.com/Top_News/World-News/2019/07/11/Amnesty-International-LGBT-soldiers-face-abuse-in-South-Korea-military/1461562819145/,ok,https://explorer.ooni.org/m/20260331082343.815948_KR_webconnectivity_14bb116bc1248fbe
https://www.urduvoa.com/,ok,https://explorer.ooni.org/m/20260331082353.728581_KR_webconnectivity_81d289995ffd99f9
https://www.usatoday.com/,ok,https://explorer.ooni.org/m/20260331082406.602731_KR_webconnectivity_c5b382a544d6c7d3
https://www.vesti.ru/,ok,https://explorer.ooni.org/m/20260331082420.625159_KR_webconnectivity_238497be7af84fdf
https://www.vice.com/,ok,https://explorer.ooni.org/m/20260331082436.974160_KR_webconnectivity_4d81985def2d0a8a
https://www.voanews.com/,ok,https://explorer.ooni.org/m/20260331082448.588844_KR_webconnectivity_28f0b96ed54fe891
https://www.vpngate.net/,dns,https://explorer.ooni.org/m/20260331082452.454426_KR_webconnectivity_39c1454429d68296
https://www.warchild.net/,ok,https://explorer.ooni.org/m/20260331082502.133035_KR_webconnectivity_352f05cda083082f
https://www.washingtontimes.com/,ok,https://explorer.ooni.org/m/20260331082517.190263_KR_webconnectivity_77e0332804852124
http://www.well.com/,ok,https://explorer.ooni.org/m/20260331082530.974887_KR_webconnectivity_5f2a4231b20f4461
http://www.well.com/user/queerjhd/,ok,https://explorer.ooni.org/m/20260331082534.967199_KR_webconnectivity_467862ceae92d10f
http://www.wftucentral.org/,ok,https://explorer.ooni.org/m/20260331082548.495515_KR_webconnectivity_6a9ea70942f37503
https://www.wiesenthal.com/,ok,https://explorer.ooni.org/m/20260331082605.802167_KR_webconnectivity_80ef0ae4530fa2ca
https://www.wilpf.org/,ok,https://explorer.ooni.org/m/20260331082622.922418_KR_webconnectivity_82463df029d37b01
http://www.withoutwar.org/,ok,https://explorer.ooni.org/m/20260331082639.828690_KR_webconnectivity_1c7714544778e513
https://www.witness.org/,ok,https://explorer.ooni.org/m/20260331082655.477269_KR_webconnectivity_0cba5d0831e959e4
http://www.wluml.org/,ok,https://explorer.ooni.org/m/20260331082714.187720_KR_webconnectivity_bb5982a36ae19203
http://www.wnd.com/,ok,https://explorer.ooni.org/m/20260331082725.884791_KR_webconnectivity_275393e40c2bd15c
https://www.womankind.org.uk/,ok,https://explorer.ooni.org/m/20260331082730.482054_KR_webconnectivity_360c200bfb0b5a7e
http://www.women21.or.kr/,ok,https://explorer.ooni.org/m/20260331082736.977661_KR_webconnectivity_408eefde6b653ece
https://www.womenforafghanwomen.org/,ok,https://explorer.ooni.org/m/20260331082755.691190_KR_webconnectivity_553f6c9a44b6e12e
https://www.womenforwomen.org/,ok,https://explorer.ooni.org/m/20260331082815.678778_KR_webconnectivity_5801928ff73c2971
http://www.womenlink.or.kr/,ok,https://explorer.ooni.org/m/20260331082830.182907_KR_webconnectivity_a26a780faf6e1b62
http://www.womennews.co.kr/,ok,https://explorer.ooni.org/m/20260331082847.272209_KR_webconnectivity_9bcba4051a7c59ae
https://www.womenpeacemakersprogram.org/,ok,https://explorer.ooni.org/m/20260331082903.458817_KR_webconnectivity_2a3f958bd137cba8
http://www.womensmediacenter.com/,ok,https://explorer.ooni.org/m/20260331082917.799346_KR_webconnectivity_c37b7096cb580d54
http://www.womenvoters.or.kr/,ok,https://explorer.ooni.org/m/20260331082928.529840_KR_webconnectivity_40aee94666c10999
http://www.worldcoalition.org/,ok,https://explorer.ooni.org/m/20260331082937.700265_KR_webconnectivity_f32f66c7fc1426e8
https://www.wsj.com/,ok,https://explorer.ooni.org/m/20260331082941.074453_KR_webconnectivity_1777f5d6a5d36568
http://www.xinhuanet.com/,ok,https://explorer.ooni.org/m/20260331082957.666787_KR_webconnectivity_fcc4802c1b70ebf6
https://www.yellowhammerfund.org/,ok,https://explorer.ooni.org/m/20260331083012.059979_KR_webconnectivity_47eb6928d9aab97e
http://www.yonhapnews.co.kr/,ok,https://explorer.ooni.org/m/20260331083032.413981_KR_webconnectivity_fbc59686edf759e2
http://www.zeit.de/,ok,https://explorer.ooni.org/m/20260331083043.864169_KR_webconnectivity_d9172f8e17d32b06
http://xxx.lanl.gov/,dns,https://explorer.ooni.org/m/20260331083059.848156_KR_webconnectivity_12c88014a74726d1
http://yolsa.org/,ok,https://explorer.ooni.org/m/20260331083104.291741_KR_webconnectivity_29b6b52d0c03b6b5
http://ytimes.org/,ok,https://explorer.ooni.org/m/20260331083116.894665_KR_webconnectivity_8bf6ad08097b87bb
https://albiononline.com/,dns,https://explorer.ooni.org/m/20260331083121.369346_KR_webconnectivity_110728f720fff9b1
https://coinmarketcap.com/,dns,https://explorer.ooni.org/m/20260331083123.334526_KR_webconnectivity_542afb824ff9d515
http://detectportal.firefox.com/success.txt,ok,https://explorer.ooni.org/m/20260331083125.274339_KR_webconnectivity_0494bf36b9d37946
https://electrum.org/,dns,https://explorer.ooni.org/m/20260331083126.542892_KR_webconnectivity_3ed24a793302cda0
http://phrack.org/,dns,https://explorer.ooni.org/m/20260331083127.952052_KR_webconnectivity_f62a3bc5ba3565fc
https://poki.com/,dns,https://explorer.ooni.org/m/20260331083129.535523_KR_webconnectivity_b86614b0d4f86f1c
https://tlauncher.org/,dns,https://explorer.ooni.org/m/20260331083130.848875_KR_webconnectivity_5aeddb9f72f33793
https://uphold.com/,dns,https://explorer.ooni.org/m/20260331083132.630296_KR_webconnectivity_4c23a0cb692e3145
https://www.binance.com/,dns,https://explorer.ooni.org/m/20260331083134.779558_KR_webconnectivity_69fb495eadd88a69
https://www.chess.com/,dns,https://explorer.ooni.org/m/20260331083136.595551_KR_webconnectivity_7b307342ef40ccd4
https://www.coolmathgames.com/,dns,https://explorer.ooni.org/m/20260331083138.776172_KR_webconnectivity_fda28826dcff2503
https://www.gamespot.com/,dns,https://explorer.ooni.org/m/20260331083140.626441_KR_webconnectivity_603db0920a838d61
https://www.habbo.com/,dns,https://explorer.ooni.org/m/20260331083142.023426_KR_webconnectivity_5c042e551b882aae
http://www.hackforums.net/,dns,https://explorer.ooni.org/m/20260331083143.608350_KR_webconnectivity_8e3dfbf4f8b87042
http://www.idsoftware.com/,dns,https://explorer.ooni.org/m/20260331083145.146180_KR_webconnectivity_cbe5f185fd471603
https://www.minecraft.net/,dns,https://explorer.ooni.org/m/20260331083146.711346_KR_webconnectivity_371fcb75c43c8db7
https://www.origin.com/,dns,https://explorer.ooni.org/m/20260331083148.346274_KR_webconnectivity_9d328d73a9f6ebe2
http://www.riftgame.com/,dns,https://explorer.ooni.org/m/20260331083149.867455_KR_webconnectivity_fc720e279624c1ea
https://a.slack-edge.com/f70ec/img/test_cdn_pixel.gif,ok,https://explorer.ooni.org/m/20260331083154.133468_KR_webconnectivity_5964abd8205153d3
https://about.riot.im/,ok,https://explorer.ooni.org/m/20260331083209.741117_KR_webconnectivity_00f2640ba30d418a
http://abpr2.railfan.net/,error,https://explorer.ooni.org/m/20260331083218.875823_KR_webconnectivity_de0253bd1e17c2ee
https://account.proton.me/,ok,https://explorer.ooni.org/m/20260331083224.422496_KR_webconnectivity_ab841c46275ea4b9
https://app.developer.here.com/coronavirus/,ok,https://explorer.ooni.org/m/20260331083230.746518_KR_webconnectivity_d77b32652b7964f6
https://app.element.io/,ok,https://explorer.ooni.org/m/20260331083232.425337_KR_webconnectivity_d8899b9ba9137923
https://app.simplelogin.io/,ok,https://explorer.ooni.org/m/20260331083236.336879_KR_webconnectivity_ec0d9d869b093178
https://app.slack.com/robots.txt,ok,https://explorer.ooni.org/m/20260331083240.022510_KR_webconnectivity_fe093c7667ec9f70
https://app.wire.com/,ok,https://explorer.ooni.org/m/20260331083243.767436_KR_webconnectivity_fb4c6e256813f37c
https://archive.ph/,ok,https://explorer.ooni.org/m/20260331083250.273353_KR_webconnectivity_45941faf668e689b
https://avatars.mds.yandex.net/robots.txt,http-failure,https://explorer.ooni.org/m/20260331083313.038800_KR_webconnectivity_b267aaa50b430ce3
http://bizmessage.kakao.com/,ok,https://explorer.ooni.org/m/20260331083320.365981_KR_webconnectivity_05b7ab3c4b977fe8
https://briarproject.org/,ok,https://explorer.ooni.org/m/20260331083324.693344_KR_webconnectivity_960529543e54c844
http://bric.postech.ac.kr/,ok,https://explorer.ooni.org/m/20260331083349.678031_KR_webconnectivity_bb0f1c85dbfa4485
http://cafe.daum.net/ahyoomee,ok,https://explorer.ooni.org/m/20260331083352.696903_KR_webconnectivity_a55197f2eb5ab17c
http://cafe.naver.com/gjhlk,ok,https://explorer.ooni.org/m/20260331083356.535048_KR_webconnectivity_3886aff363937c27
http://caramasia.gn.apc.org/,tcp_ip,https://explorer.ooni.org/m/20260331083443.767172_KR_webconnectivity_6c4eb9c759e83921
https://censored.tv/,ok,https://explorer.ooni.org/m/20260331083501.500582_KR_webconnectivity_07ad3fc3831bec50
https://chat-gpt.org/,ok,https://explorer.ooni.org/m/20260331083511.919402_KR_webconnectivity_336a42c39910a22a
https://chatgpt.com/,ok,https://explorer.ooni.org/m/20260331083517.188110_KR_webconnectivity_adf1c261e5390abd
https://cid.contact/,ok,https://explorer.ooni.org/m/20260331083521.119998_KR_webconnectivity_fa9faaab752aeeb6
https://circumcision.org/,ok,https://explorer.ooni.org/m/20260331083530.235415_KR_webconnectivity_3c2676f3de5b2788
https://coronavirus.jhu.edu/map.html,ok,https://explorer.ooni.org/m/20260331083535.423115_KR_webconnectivity_d70fa85f64e14560
https://covidtracking.com/,ok,https://explorer.ooni.org/m/20260331083548.778400_KR_webconnectivity_6524579f5134ff66
https://cwtch.im/,ok,https://explorer.ooni.org/m/20260331083555.203307_KR_webconnectivity_203ab93c3724e4d6
https://delta.chat/,ok,https://explorer.ooni.org/m/20260331083558.028025_KR_webconnectivity_3e554764e9346cc9
https://disqus.com/,ok,https://explorer.ooni.org/m/20260331083600.996610_KR_webconnectivity_ee9a900a4d60d3ab
https://dl.acm.org/,ok,https://explorer.ooni.org/m/20260331083603.525337_KR_webconnectivity_76a1da352d8c5776
https://duckduckgo.com/,http-failure,https://explorer.ooni.org/m/20260331083625.604944_KR_webconnectivity_c2ea16a81bedc131
https://element.io/,ok,https://explorer.ooni.org/m/20260331083638.519063_KR_webconnectivity_b3e80a176c580274
https://encrypted-tbn0.gstatic.com/robots.txt,ok,https://explorer.ooni.org/m/20260331083642.013998_KR_webconnectivity_f0b7ea9a0f49ff65
https://espiv.net/,ok,https://explorer.ooni.org/m/20260331083654.835304_KR_webconnectivity_b134a576e1df508b
https://evernote.com/,ok,https://explorer.ooni.org/m/20260331083708.035325_KR_webconnectivity_73c2a44d13789681
https://experience.arcgis.com/experience/685d0ace521648f8a5beeeee1b9125cd,ok,https://explorer.ooni.org/m/20260331083714.150326_KR_webconnectivity_0d982ced8cc5d51d
https://external-content.duckduckgo.com/robots.txt,http-failure,https://explorer.ooni.org/m/20260331083735.964457_KR_webconnectivity_1788b2358cd11a81
http://gall.dcinside.com/board/lists/?id=disease,ok,https://explorer.ooni.org/m/20260331083754.262482_KR_webconnectivity_1ef81e42ccc94a1d
https://gemini.google.com/,ok,https://explorer.ooni.org/m/20260331083808.990991_KR_webconnectivity_478927560f71b986
https://getsession.org/,ok,https://explorer.ooni.org/m/20260331083820.548881_KR_webconnectivity_4495d599c6604727
https://gisanddata.maps.arcgis.com/apps/dashboards/bda7594740fd40299423467b48e9ecf6,ok,https://explorer.ooni.org/m/20260331083823.915373_KR_webconnectivity_dee42e0bd1844f8b
http://giveu.net/,ok,https://explorer.ooni.org/m/20260331083846.684818_KR_webconnectivity_245ee61a74c820c1
https://go-text.me/,ok,https://explorer.ooni.org/m/20260331083852.487348_KR_webconnectivity_2308dad202438e24
https://hgis.uw.edu/virus/,ok,https://explorer.ooni.org/m/20260331083901.051636_KR_webconnectivity_e622b7c0439191c6
https://icao.maps.arcgis.com/apps/opsdashboard/index.html#/977dde48256b489fb48fa98e724721e8,ok,https://explorer.ooni.org/m/20260331083907.155231_KR_webconnectivity_1ced8f2235cebbbd
https://icao.maps.arcgis.com/apps/webappviewer3d/index.html?id=d9d3f8fa9a23425c8f0889baab626186,ok,https://explorer.ooni.org/m/20260331083912.431409_KR_webconnectivity_77925809c82ece4f
https://icq.com/,ok,https://explorer.ooni.org/m/20260331083923.720070_KR_webconnectivity_93d96d65bc10d085
https://ifacetimeapp.com/,ok,https://explorer.ooni.org/m/20260331083938.040647_KR_webconnectivity_eff083a09a23fad5
https://im0-tub-com.yandex.net/i?id=462f375c96139f1e41d919b44be2d780&n=13&exp=1,tcp_ip,https://explorer.ooni.org/m/20260331084038.569334_KR_webconnectivity_489be179e6d78548
https://imageshack.com/,ok,https://explorer.ooni.org/m/20260331084043.776698_KR_webconnectivity_5d9628a3c35ddb14
https://imgur.com/,dns,https://explorer.ooni.org/m/20260331084044.907137_KR_webconnectivity_66a12c809cefd170
http://imo.im/,ok,https://explorer.ooni.org/m/20260331084049.051448_KR_webconnectivity_df81f1ed3690797e
https://imp.free.fr/,ok,https://explorer.ooni.org/m/20260331084056.701496_KR_webconnectivity_faf1a03deccb022a
https://jami.net/,ok,https://explorer.ooni.org/m/20260331084107.270102_KR_webconnectivity_1c5840b7d7bd2a9a
https://journals.lww.com/,ok,https://explorer.ooni.org/m/20260331084112.279420_KR_webconnectivity_1f80677d967b1286
https://kick.com/,dns,https://explorer.ooni.org/m/20260331084113.794519_KR_webconnectivity_3982493d1790a652
https://kidshealth.org/,ok,https://explorer.ooni.org/m/20260331084120.304502_KR_webconnectivity_246e0e4056d164b3
http://kr.yahoo.com/,ok,https://explorer.ooni.org/m/20260331084140.133879_KR_webconnectivity_0e86aef4c8be3de7
https://lbry.com/,ok,https://explorer.ooni.org/m/20260331084143.955018_KR_webconnectivity_6adbf581da3ae65c
https://lbry.org/,ok,https://explorer.ooni.org/m/20260331084148.188086_KR_webconnectivity_b5fc649de2bfc831
https://lens.google.com/uploadbyurl?url=https%3A%2F%2Fwww.google.com%2Fimages%2Fbranding%2Fgooglelogo%2F1x%2Fgooglelogo_color_150x54dp.png&hl=en-US&ep=gisb,ok,https://explorer.ooni.org/m/20260331084200.523525_KR_webconnectivity_37baff3f3c70e760
http://lifeline.or.kr/,error,https://explorer.ooni.org/m/20260331084210.910510_KR_webconnectivity_2463a791bc861530
https://line.me/,ok,https://explorer.ooni.org/m/20260331084216.461577_KR_webconnectivity_38d9561cca8fe037
https://livestream.com/,ok,https://explorer.ooni.org/m/20260331084229.619702_KR_webconnectivity_5608aebb27dc1b6b
https://login.live.com/,ok,https://explorer.ooni.org/m/20260331084238.012080_KR_webconnectivity_8dff2a3c42aaaaf7
http://mail.daum.net/,ok,https://explorer.ooni.org/m/20260331084246.311980_KR_webconnectivity_13b7b401cdecbce1
https://mail.google.com/,ok,https://explorer.ooni.org/m/20260331084306.352638_KR_webconnectivity_7cf899b2cecb4384
http://mail.naver.com/,ok,https://explorer.ooni.org/m/20260331084311.424606_KR_webconnectivity_3f15201f7dbd4e6c
https://mail.proton.me/,ok,https://explorer.ooni.org/m/20260331084316.338193_KR_webconnectivity_85b2985b897e6daa
https://mail.ru/,ok,https://explorer.ooni.org/m/20260331084341.948006_KR_webconnectivity_0901c4380aea8e42
https://mail.yahoo.com/,ok,https://explorer.ooni.org/m/20260331084347.796258_KR_webconnectivity_10ab3818faea8ca0
https://matrix-client.matrix.org/_matrix/client/versions,ok,https://explorer.ooni.org/m/20260331084349.583691_KR_webconnectivity_013e19528f624f05
https://matrix.org/,ok,https://explorer.ooni.org/m/20260331084353.658474_KR_webconnectivity_7d1078043d17192a
https://matrix.to/,ok,https://explorer.ooni.org/m/20260331084356.348127_KR_webconnectivity_00e313b1ee1a3062
https://mattermost.com/,ok,https://explorer.ooni.org/m/20260331084410.380925_KR_webconnectivity_6448236796dc74aa
https://media-arn2-1.cdn.whatsapp.net/robots.txt,ok,https://explorer.ooni.org/m/20260331084413.697088_KR_webconnectivity_d2c8750a3432cefa
https://media.fevn1-1.fna.whatsapp.net/robots.txt,ok,https://explorer.ooni.org/m/20260331084419.837154_KR_webconnectivity_0e7d7d5c91d2501a
https://meet.jit.si/,ok,https://explorer.ooni.org/m/20260331084423.919487_KR_webconnectivity_8f48d0795dac3509
https://messages.google.com/,ok,https://explorer.ooni.org/m/20260331084427.031389_KR_webconnectivity_8cf742b82749a5ad
https://mmg.whatsapp.net/robots.txt,ok,https://explorer.ooni.org/m/20260331084429.061234_KR_webconnectivity_79a73c90181a797c
https://mobile.element.io/,ok,https://explorer.ooni.org/m/20260331084431.603397_KR_webconnectivity_05e2d207409dcd5c
https://msh.org/,ok,https://explorer.ooni.org/m/20260331084443.785866_KR_webconnectivity_cd63fb45f22ddc7c
https://mytrans.com.tw/,ok,https://explorer.ooni.org/m/20260331084446.595050_KR_webconnectivity_077004db3940177e
https://nextstrain.org/ncov,ok,https://explorer.ooni.org/m/20260331084452.194452_KR_webconnectivity_3996d75f99e5da59
https://nostr.com/,ok,https://explorer.ooni.org/m/20260331084458.744120_KR_webconnectivity_f21581658882803e
https://obsproject.com/,ok,https://explorer.ooni.org/m/20260331084504.653184_KR_webconnectivity_81d3c08d28230b0b
https://odysee.com/,ok,https://explorer.ooni.org/m/20260331084507.762217_KR_webconnectivity_a1acbdb02e853b58
http://onairkorean.tv/,dns,https://explorer.ooni.org/m/20260331084519.027715_KR_webconnectivity_b43d90fae06b968d
https://openai.com/,ok,https://explorer.ooni.org/m/20260331084522.746674_KR_webconnectivity_c2761807f0fc998c
https://openobservatory.slack.com/,ok,https://explorer.ooni.org/m/20260331084531.651413_KR_webconnectivity_c585e44f961c09ff
https://opera.com/,ok,https://explorer.ooni.org/m/20260331084549.238007_KR_webconnectivity_ef3341e3cdc05097
https://outlook.live.com/,ok,https://explorer.ooni.org/m/20260331084557.001370_KR_webconnectivity_3c32398b67bcdde8
https://photos.google.com/,ok,https://explorer.ooni.org/m/20260331084614.803071_KR_webconnectivity_2b7bf30f4442488a
https://pinboard.in/,ok,https://explorer.ooni.org/m/20260331084620.341396_KR_webconnectivity_4251749a1191fa2f
https://posteo.de/,ok,https://explorer.ooni.org/m/20260331084630.622163_KR_webconnectivity_30b170f62a4c4e9c
https://postimage.io/,http-failure,https://explorer.ooni.org/m/20260331084634.703904_KR_webconnectivity_b47ce2d426ab3918
https://presearch.org/,ok,https://explorer.ooni.org/m/20260331084639.758344_KR_webconnectivity_4421fe8ba7ab74bf
https://rumble.com/,ok,https://explorer.ooni.org/m/20260331084654.785789_KR_webconnectivity_00c90f0bd81195fb
http://sakhr.com/,ok,https://explorer.ooni.org/m/20260331084657.447260_KR_webconnectivity_6e4912286f62cd98
https://search.aol.com/,ok,https://explorer.ooni.org/m/20260331084705.254692_KR_webconnectivity_fde4b26a52c69f60
https://search.brave.com/,ok,https://explorer.ooni.org/m/20260331084718.465067_KR_webconnectivity_56f4375011b7d3de
https://secure.hi5.com/,ok,https://explorer.ooni.org/m/20260331084734.697645_KR_webconnectivity_86e6809ce1e4861d
https://simplex.chat/,ok,https://explorer.ooni.org/m/20260331084745.582168_KR_webconnectivity_ccf4b660b400cd47
https://slack-imgs.com/,ok,https://explorer.ooni.org/m/20260331084748.675975_KR_webconnectivity_d64d4b11d26c4e61
https://slack.com/,ok,https://explorer.ooni.org/m/20260331084800.340644_KR_webconnectivity_98451852ce2d7cc6
https://spideroak.com/,ok,https://explorer.ooni.org/m/20260331084813.792149_KR_webconnectivity_6d34dc2c3a9148a7
https://st1.zoom.us/zoom.ico,ok,https://explorer.ooni.org/m/20260331084816.776358_KR_webconnectivity_d6434be1ceaecd16
https://startpage.com/,http-failure,https://explorer.ooni.org/m/20260331084823.343257_KR_webconnectivity_0c671f808a77e2e5
https://status.im/,ok,https://explorer.ooni.org/m/20260331084838.175136_KR_webconnectivity_4401bdd6a6befa69
https://storymaps.arcgis.com/,ok,https://explorer.ooni.org/m/20260331084850.645898_KR_webconnectivity_eb63449d4793bcb3
https://support.delta.chat/,ok,https://explorer.ooni.org/m/20260331084911.481248_KR_webconnectivity_6368cf25007570bd
https://tamtam.chat/,ok,https://explorer.ooni.org/m/20260331084923.727148_KR_webconnectivity_f0158eab717f3865
http://tcafek.com/,confirmed,https://explorer.ooni.org/m/20260331084941.283299_KR_webconnectivity_ed95dc85012b7314
https://teams.microsoft.com/,ok,https://explorer.ooni.org/m/20260331084959.108384_KR_webconnectivity_ef79f5354177c1f3
https://telegram.me/,dns,https://explorer.ooni.org/m/20260331085015.198876_KR_webconnectivity_64b28f8628f20170
https://test-ipv6.com/,ok,https://explorer.ooni.org/m/20260331085022.145628_KR_webconnectivity_98b38f1d0222f6fa
https://th.bing.com/th/id/OIP.YnpdokcN_OQYn3n41AlqZAHaEe?w=250&h=180&c=7&o=5&pid=1.7,ok,https://explorer.ooni.org/m/20260331085027.293648_KR_webconnectivity_601fc58cf14491aa
https://translate.google.com/,ok,https://explorer.ooni.org/m/20260331085051.481642_KR_webconnectivity_9ddb6ee0c89c5def
https://translation2.paralink.com/,ok,https://explorer.ooni.org/m/20260331085100.803048_KR_webconnectivity_e7ee8754edc8c812
https://transparencyreport.google.com/,ok,https://explorer.ooni.org/m/20260331085107.034535_KR_webconnectivity_956c4d314347ab08
https://trello.com/,ok,https://explorer.ooni.org/m/20260331085119.990352_KR_webconnectivity_0a3a428ddf72ad36
https://tuta.com/,ok,https://explorer.ooni.org/m/20260331085135.658013_KR_webconnectivity_eca9e89d8de8bbb8
http://tvcast.naver.com/,ok,https://explorer.ooni.org/m/20260331085147.975636_KR_webconnectivity_72ea28ff21ce0c64
http://tvpot.daum.net/,dns,https://explorer.ooni.org/m/20260331085149.671839_KR_webconnectivity_3991a77e2320331d
https://tvzil.com/,dns,https://explorer.ooni.org/m/20260331085151.529652_KR_webconnectivity_13be9a03860d1488
https://tx.me/,ok,https://explorer.ooni.org/m/20260331085158.033659_KR_webconnectivity_42f3a86f26f8a0ca
https://vector.im/_matrix/identity/api/v1,ok,https://explorer.ooni.org/m/20260331085200.746964_KR_webconnectivity_931773454c61dd67
https://video-preview.s3.yandex.net/robots.txt,http-failure,https://explorer.ooni.org/m/20260331085223.534832_KR_webconnectivity_1e246cf6a1f6cf2d
https://web.wechat.com/,ok,https://explorer.ooni.org/m/20260331085231.254265_KR_webconnectivity_6662a84e2c2ac79b
https://webcache.googleusercontent.com/robots.txt,ok,https://explorer.ooni.org/m/20260331085234.940288_KR_webconnectivity_67eab45af1178f04
https://wire.com/,ok,https://explorer.ooni.org/m/20260331085250.445372_KR_webconnectivity_dd27239100f3b115
https://worldhealth.net/,ok,https://explorer.ooni.org/m/20260331085302.204381_KR_webconnectivity_3e8e185387d2845c
http://www.aids.or.kr/,ok,https://explorer.ooni.org/m/20260331085306.906294_KR_webconnectivity_f43a1505b19af83e
https://www.ananzi.co.za/,ok,https://explorer.ooni.org/m/20260331085313.554526_KR_webconnectivity_852dd29704e1527b
http://www.asiansexgazette.com/,dns,https://explorer.ooni.org/m/20260331085316.262862_KR_webconnectivity_243b7ac4b6c33ed2
http://www.asiansexgazette.com/asg/asian_health.htm,dns,https://explorer.ooni.org/m/20260331085319.133180_KR_webconnectivity_75a19d55e55db2fa
http://www.ask.com/,ok,https://explorer.ooni.org/m/20260331085333.513333_KR_webconnectivity_643d740c48917bd9
https://www.asterisk.org/,ok,https://explorer.ooni.org/m/20260331085335.135594_KR_webconnectivity_83e02c59b159c9fc
https://www.baidu.com/,ok,https://explorer.ooni.org/m/20260331085346.309413_KR_webconnectivity_b6aea7c5102b35f9
https://www.bbm.com/,ok,https://explorer.ooni.org/m/20260331085402.977769_KR_webconnectivity_64d7dd82e3b413b6
https://www.bing.com/,ok,https://explorer.ooni.org/m/20260331085415.116636_KR_webconnectivity_f11426672839c761
https://www.bitchute.com/,ok,https://explorer.ooni.org/m/20260331085417.716146_KR_webconnectivity_7328f814903183f5
https://www.blackberry.com/,ok,https://explorer.ooni.org/m/20260331085434.428191_KR_webconnectivity_8e2829697897861f
https://www.broadvoice.com/,ok,https://explorer.ooni.org/m/20260331085447.510661_KR_webconnectivity_589591dd9c891720
https://www.cdc.go.kr/board/board.es?mid=&bid=0030,error,https://explorer.ooni.org/m/20260331085451.796224_KR_webconnectivity_dfd7df1a62b85dfa
https://www.cdc.gov/,ok,https://explorer.ooni.org/m/20260331085502.792947_KR_webconnectivity_ec87fb1c7afa5fec
http://www.chol.com/,dns,https://explorer.ooni.org/m/20260331085505.446319_KR_webconnectivity_81234ec0e74154b3
http://www.cirp.org/,ok,https://explorer.ooni.org/m/20260331085511.451167_KR_webconnectivity_14c67cce2925704e
http://www.dailymotion.com/kr,ok,https://explorer.ooni.org/m/20260331085521.731540_KR_webconnectivity_0806704c9e25aa9a
https://www.dailymotion.com/,ok,https://explorer.ooni.org/m/20260331085528.093488_KR_webconnectivity_63d2aa4b757457a3
http://www.daum.net/,ok,https://explorer.ooni.org/m/20260331085541.567834_KR_webconnectivity_e7be495765f3ae22
https://www.deepseek.com/,dns,https://explorer.ooni.org/m/20260331085543.382883_KR_webconnectivity_85fbe07053c3d662
https://www.doctorswithoutborders.org/,ok,https://explorer.ooni.org/m/20260331085557.829095_KR_webconnectivity_106224d749002dfa
http://www.dogpile.com/,ok,https://explorer.ooni.org/m/20260331085559.506857_KR_webconnectivity_110306217a3b43ac
http://www.dreamwiz.com/,ok,https://explorer.ooni.org/m/20260331085612.522798_KR_webconnectivity_4b6f0f112dc775a0
https://www.ecdc.europa.eu/,ok,https://explorer.ooni.org/m/20260331085628.276488_KR_webconnectivity_b722b04194ce2fa2
http://www.empas.com/,ok,https://explorer.ooni.org/m/20260331085630.126842_KR_webconnectivity_89c77c54a9e04b35
https://www.engenderhealth.org/,ok,https://explorer.ooni.org/m/20260331085644.637736_KR_webconnectivity_2d9dc86419a78ae2
http://www.euthanasia.cc/,ok,https://explorer.ooni.org/m/20260331085651.368293_KR_webconnectivity_03b33107ee0f1e8b
https://www.excite.com/,dns,https://explorer.ooni.org/m/20260331085652.520088_KR_webconnectivity_e5e2da2639cf237f
https://www.fastmail.com/,ok,https://explorer.ooni.org/m/20260331085705.631673_KR_webconnectivity_ae56b2609c5376f1
https://www.flickr.com/,ok,https://explorer.ooni.org/m/20260331085714.795043_KR_webconnectivity_1c0692e899d7b034
https://www.fotki.com/,ok,https://explorer.ooni.org/m/20260331085721.881657_KR_webconnectivity_0dd6fa33f57e455a
http://www.fotolog.com/,ok,https://explorer.ooni.org/m/20260331085736.378211_KR_webconnectivity_5e0021cff019efb8
https://www.freepik.com/,ok,https://explorer.ooni.org/m/20260331085740.466826_KR_webconnectivity_b9e691b031da4cc3
https://www.gatesfoundation.org/,ok,https://explorer.ooni.org/m/20260331085757.284004_KR_webconnectivity_3e39e456de1d8220
http://www.getdrupe.com/,ok,https://explorer.ooni.org/m/20260331085812.007906_KR_webconnectivity_94e77d3ac4f47f52
https://www.google.co.kr/,ok,https://explorer.ooni.org/m/20260331085826.413982_KR_webconnectivity_0e71c9a238cfafc2
https://www.google.com/,ok,https://explorer.ooni.org/m/20260331085841.329481_KR_webconnectivity_e16c163d9ab9a75e
https://www.health.com/,ok,https://explorer.ooni.org/m/20260331085844.047277_KR_webconnectivity_f84b2ac39037103d
https://www.healthmap.org/covid-19/,ok,https://explorer.ooni.org/m/20260331085847.290189_KR_webconnectivity_1baecf74353fdfd5
https://www.hightail.com/,ok,https://explorer.ooni.org/m/20260331085857.908404_KR_webconnectivity_e32b3d7536f6a25b
https://www.hotbot.com/,dns,https://explorer.ooni.org/m/20260331085859.542656_KR_webconnectivity_88fc0a95f4fa8aeb
https://www.hushmail.com/,ok,https://explorer.ooni.org/m/20260331085911.871024_KR_webconnectivity_f8a4c05ad2f7e984
https://www.iconnecthere.com/,ok,https://explorer.ooni.org/m/20260331085918.483866_KR_webconnectivity_0f0e81a544626878
http://www.implantinfo.com/,ok,https://explorer.ooni.org/m/20260331085933.785842_KR_webconnectivity_b06ad069bd4d9a11
http://www.inbox.com/,ok,https://explorer.ooni.org/m/20260331085942.785568_KR_webconnectivity_9878771ab6eaaca1
http://www.internet-phone.co.kr/,dns,https://explorer.ooni.org/m/20260331085958.563912_KR_webconnectivity_7d9562927fb59829
http://www.isscr.org/,ok,https://explorer.ooni.org/m/20260331090012.523734_KR_webconnectivity_60345b2dd19f5724
https://www.jabber.ru/,ok,https://explorer.ooni.org/m/20260331090017.280206_KR_webconnectivity_671bc49634d012f6
http://www.kakao.com/services/8,ok,https://explorer.ooni.org/m/20260331090034.223515_KR_webconnectivity_19b4b4e106ad1562
http://www.keptprivate.com/,ok,https://explorer.ooni.org/m/20260331090039.350162_KR_webconnectivity_33c53c0dd49131be
https://www.kff.org/,ok,https://explorer.ooni.org/m/20260331090051.462386_KR_webconnectivity_03fbdfbf9daaa9c7
http://www.kftel.com/,ok,https://explorer.ooni.org/m/20260331090054.352600_KR_webconnectivity_be4f48c35e145577
https://www.last.fm/,ok,https://explorer.ooni.org/m/20260331090107.158984_KR_webconnectivity_2ad5e03d9263b716
http://www.lets070.net/,ok,https://explorer.ooni.org/m/20260331090109.920638_KR_webconnectivity_852e0d18dcd2f1bb
http://www.lingo.com/,http-failure,https://explorer.ooni.org/m/20260331090112.116221_KR_webconnectivity_54d533298ada2241
http://www.linphone.org/,ok,https://explorer.ooni.org/m/20260331090125.893452_KR_webconnectivity_8531a54355961590
https://www.liveleak.com/,error,https://explorer.ooni.org/m/20260331090129.336387_KR_webconnectivity_4104df92c70a9f06
http://www.love4one.com/,ok,https://explorer.ooni.org/m/20260331090145.775581_KR_webconnectivity_b5bf084368b05bc3
http://www.lxnetworks.co.kr/,error,https://explorer.ooni.org/m/20260331090200.764160_KR_webconnectivity_942ece868f720b0b
http://www.lycos.com/,ok,https://explorer.ooni.org/m/20260331090206.146613_KR_webconnectivity_904331ea97dd0a7e
http://www.magicjack.com/,ok,https://explorer.ooni.org/m/20260331090215.407677_KR_webconnectivity_3942998bd52c8630
https://www.mail.com/,ok,https://explorer.ooni.org/m/20260331090227.201155_KR_webconnectivity_88b2f2a37605e311
http://www.mail.lycos.com/,ok,https://explorer.ooni.org/m/20260331090236.950425_KR_webconnectivity_f17d98eb50843bfc
http://www.mail2web.com/,ok,https://explorer.ooni.org/m/20260331090253.872211_KR_webconnectivity_d09ebd781d45520f
http://www.mailinator.com/,ok,https://explorer.ooni.org/m/20260331090306.397969_KR_webconnectivity_426da549ec69e099
https://www.mamma.com/,ok,https://explorer.ooni.org/m/20260331090313.287575_KR_webconnectivity_5e49aa7f69b202f0
https://www.mariestopes.org.uk/,ok,https://explorer.ooni.org/m/20260331090328.865814_KR_webconnectivity_142cfeef1586ec5d
http://www.medecinsdumonde.org/,ok,https://explorer.ooni.org/m/20260331090347.360951_KR_webconnectivity_23f17cbe017e921d
https://www.mediafire.com/,ok,https://explorer.ooni.org/m/20260331090352.006369_KR_webconnectivity_fb4950660ae1be8f
http://www.medicinenet.com/,ok,https://explorer.ooni.org/m/20260331090403.381999_KR_webconnectivity_466e4f6da330a774
http://www.mersjido.com/,ok,https://explorer.ooni.org/m/20260331090405.608259_KR_webconnectivity_60c9f0da59022884
https://www.messenger.com/,ok,https://explorer.ooni.org/m/20260331090421.866428_KR_webconnectivity_9653ec596ba2b9f5
http://www.metacrawler.com/,dns,https://explorer.ooni.org/m/20260331090423.099163_KR_webconnectivity_bd33144b3ed68114
https://www.microsoft.com/,ok,https://explorer.ooni.org/m/20260331090438.607083_KR_webconnectivity_c024df967cb61ca2
http://www.microsofttranslator.com/,ok,https://explorer.ooni.org/m/20260331090454.771751_KR_webconnectivity_410000d2cf00b160
https://www.mojeek.com/,ok,https://explorer.ooni.org/m/20260331090459.777208_KR_webconnectivity_cf804c9f4675788c
http://www.moohan.net/,dns,https://explorer.ooni.org/m/20260331090504.126608_KR_webconnectivity_cdd39094915bfb12
https://www.msf.org/,ok,https://explorer.ooni.org/m/20260331090508.017141_KR_webconnectivity_94d067fceda4085b
https://www.msn.com/,ok,https://explorer.ooni.org/m/20260331090516.641800_KR_webconnectivity_f718c4e9642676ca
http://www.munjanara.co.kr/,error,https://explorer.ooni.org/m/20260331090538.147987_KR_webconnectivity_4ea0ff53cce32fde
http://www.naver.com/,ok,https://explorer.ooni.org/m/20260331090551.877760_KR_webconnectivity_6f5449221440ecfc
http://www.netaddress.com/,ok,https://explorer.ooni.org/m/20260331090558.230783_KR_webconnectivity_0368b3bdbeab8e02
https://www.netaddress.com/,ok,https://explorer.ooni.org/m/20260331090602.707865_KR_webconnectivity_cd581bd84fad69fb
https://www.netflix.com/,ok,https://explorer.ooni.org/m/20260331090618.440328_KR_webconnectivity_908f36407d0cdbc8
http://www.nicesms.co.kr/,dns,https://explorer.ooni.org/m/20260331090622.449117_KR_webconnectivity_15faf8a9838f6269
http://www.olleh-kt.kr/,ok,https://explorer.ooni.org/m/20260331090626.317284_KR_webconnectivity_3038e0cbe4b473ed
http://www.online-translator.com/,ok,https://explorer.ooni.org/m/20260331090633.563685_KR_webconnectivity_406cc93047723cc0
http://www.oovoo.com/,ok,https://explorer.ooni.org/m/20260331090645.124074_KR_webconnectivity_c9051349cea8d5b2
https://www.openstreetmap.org/,ok,https://explorer.ooni.org/m/20260331090653.543788_KR_webconnectivity_9a09df392fe24d62
http://www.orgio.com/,ok,https://explorer.ooni.org/m/20260331090700.678530_KR_webconnectivity_bbcd6b1555af88d7
http://www.paltalk.com/,ok,https://explorer.ooni.org/m/20260331090707.618941_KR_webconnectivity_800be2bf83f8e9de
http://www.pandora.com/,http-diff,https://explorer.ooni.org/m/20260331090712.620183_KR_webconnectivity_de616a359680dc67
https://www.perplexity.ai/,ok,https://explorer.ooni.org/m/20260331090714.682969_KR_webconnectivity_8b96f6386d4c04c5
https://www.pinterest.com/,ok,https://explorer.ooni.org/m/20260331090729.390196_KR_webconnectivity_354f8404a8c1a66f
https://www.postmaster.co.uk/,ok,https://explorer.ooni.org/m/20260331090734.379007_KR_webconnectivity_c7e36e455772aacf
http://www.ppurio.com/,dns,https://explorer.ooni.org/m/20260331090739.231170_KR_webconnectivity_4e470aa23b15f1df
https://www.projectbaseline.com/studies/covid-research/,ok,https://explorer.ooni.org/m/20260331090749.730717_KR_webconnectivity_f248f286425097ee
https://www.proton.me/,ok,https://explorer.ooni.org/m/20260331090808.144283_KR_webconnectivity_e1e887d34d9889ca
https://www.rki.de/,ok,https://explorer.ooni.org/m/20260331090827.103250_KR_webconnectivity_ea1837c0d0a2b36f
https://www.search.com/,ok,https://explorer.ooni.org/m/20260331090843.819409_KR_webconnectivity_0521600849215d3d
http://www.searchindia.com/,ok,https://explorer.ooni.org/m/20260331090855.805564_KR_webconnectivity_3c9ae8dc1cc878c2
http://www.securenym.net/,ok,https://explorer.ooni.org/m/20260331090858.756114_KR_webconnectivity_11498b7191d997ff
https://www.sendthisfile.com/,ok,https://explorer.ooni.org/m/20260331090909.096779_KR_webconnectivity_58dc5c32ca0f4c33
http://www.shinbiro.com/,tcp_ip,https://explorer.ooni.org/m/20260331090955.199616_KR_webconnectivity_196fe82620e1ec83
http://www.sina.com.cn/,ok,https://explorer.ooni.org/m/20260331091010.294944_KR_webconnectivity_dd5c8b5115ece9c9
https://www.skype.com/,ok,https://explorer.ooni.org/m/20260331091018.678040_KR_webconnectivity_fe44df27dba9f19e
http://www.skysms.co.kr/,ok,https://explorer.ooni.org/m/20260331091021.815021_KR_webconnectivity_84564d7722f77e59
http://www.slideshare.net/,ok,https://explorer.ooni.org/m/20260331091035.421751_KR_webconnectivity_79766ab038ff7060
https://www.startmail.com/,ok,https://explorer.ooni.org/m/20260331091046.813348_KR_webconnectivity_8e33b9cdd7383c25
https://www.subscribestar.com/,ok,https://explorer.ooni.org/m/20260331091101.812821_KR_webconnectivity_835fd95483b1a13e
http://www.talkyou.me/,ok,https://explorer.ooni.org/m/20260331091108.132896_KR_webconnectivity_8cedf7786fe4bce4
http://www.tango.me/,ok,https://explorer.ooni.org/m/20260331091110.011802_KR_webconnectivity_f0f7797e28b70d6d
https://www.tawk.to/,ok,https://explorer.ooni.org/m/20260331091124.124203_KR_webconnectivity_fd2faaf905bef0c0
https://www.ted.com/,ok,https://explorer.ooni.org/m/20260331091140.675105_KR_webconnectivity_8f24534ae056ad54
https://www.textra.me/,ok,https://explorer.ooni.org/m/20260331091147.376026_KR_webconnectivity_f1b25a887c36276a
https://www.theglobalfund.org/,ok,https://explorer.ooni.org/m/20260331091158.746220_KR_webconnectivity_8c39975310afda6c
http://www.tialsoft.com/download/,ok,https://explorer.ooni.org/m/20260331091204.998744_KR_webconnectivity_b4c4b24a8a7dbb78
http://www.tialsoft.com/multitranse/,ok,https://explorer.ooni.org/m/20260331091212.028705_KR_webconnectivity_a59464fb790e9f0c
https://www.transferbigfiles.com/,ok,https://explorer.ooni.org/m/20260331091217.081220_KR_webconnectivity_d74add0bd9e0f3b0
http://www.translate.ru/,http-failure,https://explorer.ooni.org/m/20260331091233.884579_KR_webconnectivity_be59611dd98e45ca
http://www.transwhiz.com/,ok,https://explorer.ooni.org/m/20260331091240.976751_KR_webconnectivity_548baf29410449ea
https://www.truecaller.com/,ok,https://explorer.ooni.org/m/20260331091254.772827_KR_webconnectivity_237a4cf202e17795
https://www.unaids.org/,ok,https://explorer.ooni.org/m/20260331091312.327495_KR_webconnectivity_7227be84c2868f38
https://www.ushareit.com/,dns,https://explorer.ooni.org/m/20260331091314.537601_KR_webconnectivity_0a1f39239244867b
http://www.vtv.co.kr/,dns,https://explorer.ooni.org/m/20260331091328.883478_KR_webconnectivity_a3c3066e1ce6a1b5
https://www.vyke.com/,ok,https://explorer.ooni.org/m/20260331091336.467841_KR_webconnectivity_c429e5bfc6bd6df2
http://www.wevo.co.kr/,error,https://explorer.ooni.org/m/20260331091353.566278_KR_webconnectivity_a9e113925834cab3
http://www.whitepages.com/,ok,https://explorer.ooni.org/m/20260331091406.355868_KR_webconnectivity_d5a28737b6d87ec3
https://www.who.int/,ok,https://explorer.ooni.org/m/20260331091427.582007_KR_webconnectivity_66fb12eb25bf60f4
https://www.wordreference.com/,ok,https://explorer.ooni.org/m/20260331091429.907170_KR_webconnectivity_4452a81c3232b833
https://www.worldometers.info/coronavirus/,ok,https://explorer.ooni.org/m/20260331091443.002801_KR_webconnectivity_800c41365998688d
http://www.yahoo.co.kr/,ok,https://explorer.ooni.org/m/20260331091458.852689_KR_webconnectivity_f41a34e5a60203aa
https://www.yahoo.com/,ok,https://explorer.ooni.org/m/20260331091516.592725_KR_webconnectivity_8e4bce65524d5aee
https://yandex.com/,dns,https://explorer.ooni.org/m/20260331091518.205639_KR_webconnectivity_fef900cef1bd6213
https://yandexwebcache.net/robots.txt,ok,https://explorer.ooni.org/m/20260331091521.987591_KR_webconnectivity_fd2a9b3ca710c135
https://zoom.us/,ok,https://explorer.ooni.org/m/20260331091534.471174_KR_webconnectivity_8336b8adb7c900dd
https://adium.im/,ok,https://explorer.ooni.org/m/20260331091539.667782_KR_webconnectivity_201391fbcd468dca
https://ebuddy.com/,ok,https://explorer.ooni.org/m/20260331091544.324259_KR_webconnectivity_55145528b35abd92
https://elpha.com/,error,https://explorer.ooni.org/m/20260331091547.454819_KR_webconnectivity_b32b2f04c8061a31
https://foursquare.com/,ok,https://explorer.ooni.org/m/20260331091601.729572_KR_webconnectivity_4ceb22f2fac2fd17
http://friend.com.kp/,dns,https://explorer.ooni.org/m/20260331091606.637248_KR_webconnectivity_dd05fafc275a445b
https://gab.com/,ok,https://explorer.ooni.org/m/20260331091614.125261_KR_webconnectivity_8f63dbb8c2d11f14
https://groups.google.com/,ok,https://explorer.ooni.org/m/20260331091638.696097_KR_webconnectivity_11d873a64e038958
https://instagram.fsaw1-13.fna.fbcdn.net/favicon.ico,ok,https://explorer.ooni.org/m/20260331091642.513480_KR_webconnectivity_b0bfee3140adcf08
https://lookaside.facebook.com/robots.txt,ok,https://explorer.ooni.org/m/20260331091648.861681_KR_webconnectivity_584b50ff7a8794df
https://mastodon.sdf.org/,ok,https://explorer.ooni.org/m/20260331091654.765346_KR_webconnectivity_025b290e288bf6a9
https://mastodon.xyz/,ok,https://explorer.ooni.org/m/20260331091703.583120_KR_webconnectivity_bff20dee37e166df
https://plus.im/,ok,https://explorer.ooni.org/m/20260331091707.689188_KR_webconnectivity_29b116d3c482f680
https://scontent-ams4-1.cdninstagram.com/favicon.ico,ok,https://explorer.ooni.org/m/20260331091711.172946_KR_webconnectivity_e33f05fca309e91b
https://static.xx.fbcdn.net/favicon.ico,ok,https://explorer.ooni.org/m/20260331091727.367547_KR_webconnectivity_fdccc481fa23b08e
https://vk.com/,ok,https://explorer.ooni.org/m/20260331091803.453882_KR_webconnectivity_352276e3a6291d30
https://weibo.com/,ok,https://explorer.ooni.org/m/20260331091809.140322_KR_webconnectivity_2c72c2fcfeaa6a60
https://www.douyin.com/,ok,https://explorer.ooni.org/m/20260331091820.109209_KR_webconnectivity_c326fad30337ae49
https://www.ning.com/,ok,https://explorer.ooni.org/m/20260331091837.141411_KR_webconnectivity_7d0bd0ae74839fcc
https://www.yelp.com/,ok,https://explorer.ooni.org/m/20260331091852.041797_KR_webconnectivity_b2e9a2bfb6c141ca
https://1.1.1.1/dns-query?dns=q80BAAABAAAAAAAAA3d3dwdleGFtcGxlA2NvbQAAAQAB,tcp_ip,https://explorer.ooni.org/m/20260331091923.903883_KR_webconnectivity_baf393c112ccf9bc
https://1.1.1.3/dns-query?dns=q80BAAABAAAAAAAAA3d3dwdleGFtcGxlA2NvbQAAAQAB,tcp_ip,https://explorer.ooni.org/m/20260331091954.736178_KR_webconnectivity_b176f05ba9cbe265
https://149.112.112.9/dns-query?dns=q80BAAABAAAAAAAAA3d3dwdleGFtcGxlA2NvbQAAAQAB,ok,https://explorer.ooni.org/m/20260331091956.564975_KR_webconnectivity_5fd2d9e9ce449ee4
https://350.org/,ok,https://explorer.ooni.org/m/20260331092011.963313_KR_webconnectivity_fed3f38f75a3cbe4
https://8.8.4.4/dns-query?dns=q80BAAABAAAAAAAAA3d3dwdleGFtcGxlA2NvbQAAAQAB,ok,https://explorer.ooni.org/m/20260331092013.764643_KR_webconnectivity_9fb551ee959e8513
https://8.8.8.8/dns-query?dns=q80BAAABAAAAAAAAA3d3dwdleGFtcGxlA2NvbQAAAQAB,ok,https://explorer.ooni.org/m/20260331092015.944183_KR_webconnectivity_7b450ab217b6568e
https://8kun.top/,dns,https://explorer.ooni.org/m/20260331092018.060896_KR_webconnectivity_71026350c85ab856
https://abortion-korea.org/,http-failure,https://explorer.ooni.org/m/20260331092023.147372_KR_webconnectivity_d46810e3ac267fd3
https://abortion.eu/,dns,https://explorer.ooni.org/m/20260331092024.315061_KR_webconnectivity_34660cc93ed2023b
https://abortion.kr/,dns,https://explorer.ooni.org/m/20260331092027.029636_KR_webconnectivity_9a306c5864bf4f0c
https://abortionfunds.org/,dns,https://explorer.ooni.org/m/20260331092029.810849_KR_webconnectivity_3cec57af27eaee19
https://abortionnetwork.amsterdam/,dns,https://explorer.ooni.org/m/20260331092032.246282_KR_webconnectivity_d212d2e211cf83f8
https://abortionpillinfo.org/,ok,https://explorer.ooni.org/m/20260331092039.068253_KR_webconnectivity_9811a8de6a1f0781
https://aidaccess.org/,dns,https://explorer.ooni.org/m/20260331092039.906831_KR_webconnectivity_7901ed8b80a1a139
https://ajax.aspnetcdn.com/ajax/4.5.2/1/MicrosoftAjax.js,ok,https://explorer.ooni.org/m/20260331092050.944240_KR_webconnectivity_5c270f683b876e44
https://amp.cloudflare.com/v0/amp-iframe-0.1.js,ok,https://explorer.ooni.org/m/20260331092057.770649_KR_webconnectivity_d8529370585dd5a1
https://android.apis.google.com/robots.txt,ok,https://explorer.ooni.org/m/20260331092101.172886_KR_webconnectivity_b597e1e9d5e1c84b
https://android.googleapis.com/robots.txt,ok,https://explorer.ooni.org/m/20260331092105.596635_KR_webconnectivity_f9a2242145792774
https://api.github.com/,ok,https://explorer.ooni.org/m/20260331092108.923662_KR_webconnectivity_c466c7dcbb072edc
https://apps.apple.com/us/developer/apple/id284417353/,ok,https://explorer.ooni.org/m/20260331092125.117507_KR_webconnectivity_f02df669bc921b84
https://archive.is/,ok,https://explorer.ooni.org/m/20260331092130.814494_KR_webconnectivity_82058ee90d55da51
https://archive.org/,ok,https://explorer.ooni.org/m/20260331092134.323894_KR_webconnectivity_f4f3d133da95c2c5
http://bestiz.net/,ok,https://explorer.ooni.org/m/20260331092136.381970_KR_webconnectivity_231d1dafccafc3d5
https://bit.ly/,http-failure,https://explorer.ooni.org/m/20260331092137.607392_KR_webconnectivity_d615e1e7e47d6510
https://bitbucket.org/,ok,https://explorer.ooni.org/m/20260331092149.263229_KR_webconnectivity_42dcc5bee9f8c12c
https://bitly.com/,dns,https://explorer.ooni.org/m/20260331092150.333192_KR_webconnectivity_4f8570bae305febf
http://blog.naver.com/,ok,https://explorer.ooni.org/m/20260331092155.697814_KR_webconnectivity_90bbc15c65a515db
http://cafe.daum.net/Kgreens,ok,https://explorer.ooni.org/m/20260331092159.507168_KR_webconnectivity_5eba88587be22c7e
http://cafe.daum.net/chiwoo/,ok,https://explorer.ooni.org/m/20260331092202.813871_KR_webconnectivity_dae456b9dc1f50fa
http://cafe.daum.net/ok1221,ok,https://explorer.ooni.org/m/20260331092206.360685_KR_webconnectivity_48cc673e9da65a3f
http://cafe.daum.net/ssaumjil,ok,https://explorer.ooni.org/m/20260331092209.126126_KR_webconnectivity_faf777fe3f2071a3
http://cafe.daum.net/subdued20club/,ok,https://explorer.ooni.org/m/20260331092212.699865_KR_webconnectivity_ed9f7342f28782e6
http://cafe.daum.net/truepicture/,ok,https://explorer.ooni.org/m/20260331092215.974688_KR_webconnectivity_5454de810f2bf399
http://cafe.naver.com/imsanbu,ok,https://explorer.ooni.org/m/20260331092233.423022_KR_webconnectivity_fc2839fdc42324c0
https://cdn-client.medium.com/lite/static/js/manifest.ef5f44d2.js,ok,https://explorer.ooni.org/m/20260331092235.982099_KR_webconnectivity_19d43aebda6dd6ae
https://cdn.ampproject.org/v0/amp-iframe-0.1.js,ok,https://explorer.ooni.org/m/20260331092243.388138_KR_webconnectivity_3629ac0efefbe10c
https://cdn.jsdelivr.net/favicon.ico,ok,https://explorer.ooni.org/m/20260331092246.519429_KR_webconnectivity_8089783f0a8421c0
https://cdn.sstatic.net/Img/home/open-source.svg,ok,https://explorer.ooni.org/m/20260331092248.850383_KR_webconnectivity_b2598fecb3730ee5
https://cdnjs.cloudflare.com/,ok,https://explorer.ooni.org/m/20260331092251.475235_KR_webconnectivity_59f7dffd606512e0
https://churchofgodinchristmennonite.net/,ok,https://explorer.ooni.org/m/20260331092302.471682_KR_webconnectivity_1bc06df8c6a97e95
https://cites.org/,ok,https://explorer.ooni.org/m/20260331092306.445206_KR_webconnectivity_2a9cd7ef5fab8a1d
https://citizensclimatelobby.org/,ok,https://explorer.ooni.org/m/20260331092320.897987_KR_webconnectivity_f0f4fb28c80d51f3
http://cloud.naver.com/,ok,https://explorer.ooni.org/m/20260331092325.775156_KR_webconnectivity_96de42c85c994082
https://cloudflare-dns.com/dns-query?dns=q80BAAABAAAAAAAAA3d3dwdleGFtcGxlA2NvbQAAAQAB,tcp_ip,https://explorer.ooni.org/m/20260331092326.439760_KR_webconnectivity_b855ec8e97273b7c
https://cloudflare-ech.com/,ok,https://explorer.ooni.org/m/20260331092342.927288_KR_webconnectivity_326edd711be27aec
http://clparty.kr/,ok,https://explorer.ooni.org/m/20260331092346.064740_KR_webconnectivity_7db5f60b69574f3d
https://code.jquery.com/,ok,https://explorer.ooni.org/m/20260331092356.471302_KR_webconnectivity_40f4083f5a61a9b7
https://codeberg.org/,ok,https://explorer.ooni.org/m/20260331092402.225274_KR_webconnectivity_ce9e145e7aede83d
https://codeload.github.com/github/rally/tar.gz/v1.0.1,ok,https://explorer.ooni.org/m/20260331092419.594786_KR_webconnectivity_3d0e89b40b764465
http://cyworld.nate.com/,ok,https://explorer.ooni.org/m/20260331092421.618920_KR_webconnectivity_6f56eb29a1ba2000
https://data.worldbank.org/topic/environment,ok,https://explorer.ooni.org/m/20260331092437.416067_KR_webconnectivity_248412baf04e2780
http://debate.org.uk/,ok,https://explorer.ooni.org/m/20260331092446.650725_KR_webconnectivity_07a6de77a5a352a9
https://dharmanet.org/,ok,https://explorer.ooni.org/m/20260331092503.553419_KR_webconnectivity_838e7039196f0003
https://digital.globalclimatestrike.net/,ok,https://explorer.ooni.org/m/20260331092521.055787_KR_webconnectivity_7fcd3946c9508c5d
https://dl.bintray.com/jfrog/xray/,ok,https://explorer.ooni.org/m/20260331092534.682232_KR_webconnectivity_19ea7c8881bc00d7
https://dl.google.com/robots.txt,ok,https://explorer.ooni.org/m/20260331092538.143629_KR_webconnectivity_4211ab32fe5eb193
https://dlive.tv/,dns,https://explorer.ooni.org/m/20260331092539.430515_KR_webconnectivity_646a673627b9ff73
https://dns.google/,ok,https://explorer.ooni.org/m/20260331092541.841784_KR_webconnectivity_66bdb9cbb3ab92fb
https://dns.quad9.net/dns-query?dns=q80BAAABAAAAAAAAA3d3dwdleGFtcGxlA2NvbQAAAQAB,tcp_ip,https://explorer.ooni.org/m/20260331092543.300969_KR_webconnectivity_9c830199f87be387
https://docs.github.com/,ok,https://explorer.ooni.org/m/20260331092557.565826_KR_webconnectivity_378667f6103459b1
https://doh.dns.sb/dns-query?dns=q80BAAABAAAAAAAAA3d3dwdleGFtcGxlA2NvbQAAAQAB,dns,https://explorer.ooni.org/m/20260331092614.412880_KR_webconnectivity_4323b0879314d25e
https://download-installer.cdn.mozilla.net/,ok,https://explorer.ooni.org/m/20260331092616.579682_KR_webconnectivity_a2a62aad254f9d70
https://dzen.ru/,dns,https://explorer.ooni.org/m/20260331092618.227254_KR_webconnectivity_7133d0b5d839f7e4
https://earthobservatory.nasa.gov/global-maps,ok,https://explorer.ooni.org/m/20260331092635.852715_KR_webconnectivity_0112e398b9d0af1c
https://earthwatch.org/,ok,https://explorer.ooni.org/m/20260331092642.450686_KR_webconnectivity_581be17b5fdbff2b
https://emchurch.org/,ok,https://explorer.ooni.org/m/20260331092649.461632_KR_webconnectivity_951bee9edd8cfcbb
https://espivblogs.net/,ok,https://explorer.ooni.org/m/20260331092707.677035_KR_webconnectivity_4420e9f13a780c52
https://family.cloudflare-dns.com/dns-query?dns=q80BAAABAAAAAAAAA3d3dwdleGFtcGxlA2NvbQAAAQAB,dns,https://explorer.ooni.org/m/20260331092709.056770_KR_webconnectivity_11840e5101fd4f92
https://fcm.googleapis.com/$discovery/rest?version=v1,ok,https://explorer.ooni.org/m/20260331092716.257460_KR_webconnectivity_0737ba4a337a329b
https://findmymethod.org/,dns,https://explorer.ooni.org/m/20260331092717.620871_KR_webconnectivity_ebad3b7632f49710
https://firebaseinstallations.googleapis.com/robots.txt,ok,https://explorer.ooni.org/m/20260331092726.138979_KR_webconnectivity_2380fe79495e6330
https://fosfeminista.org/,ok,https://explorer.ooni.org/m/20260331092729.098546_KR_webconnectivity_aa33d7985758343a
https://freedns.afraid.org/,dns,https://explorer.ooni.org/m/20260331092731.593014_KR_webconnectivity_38ba9b5926983f3a
https://fridaysforfuture.org/,ok,https://explorer.ooni.org/m/20260331092747.266237_KR_webconnectivity_394080e744640243
https://friendsoftheearth.uk/,ok,https://explorer.ooni.org/m/20260331092804.688590_KR_webconnectivity_616d820079dbde09
https://frontlineaids.org/,ok,https://explorer.ooni.org/m/20260331092819.588077_KR_webconnectivity_cc3af17e3351f461
https://gaggaalliance.org/,ok,https://explorer.ooni.org/m/20260331092835.701336_KR_webconnectivity_6b022ceb4c846093
http://gall.dcinside.com/,ok,https://explorer.ooni.org/m/20260331092857.034180_KR_webconnectivity_9f77692e673e2316
http://gesomoon.com/Ver2/,ok,https://explorer.ooni.org/m/20260331092859.814905_KR_webconnectivity_06547a31f5403a0c
https://ghost.org/,ok,https://explorer.ooni.org/m/20260331092911.852333_KR_webconnectivity_83d26d84149f5c9f
https://gist.github.com/,ok,https://explorer.ooni.org/m/20260331092932.390079_KR_webconnectivity_2f9db2c0ea9680a3
https://git.io/,dns,https://explorer.ooni.org/m/20260331092934.073836_KR_webconnectivity_d1b27c3775435900
https://github.com/,ok,https://explorer.ooni.org/m/20260331092953.555399_KR_webconnectivity_378e4f8b549a8190
https://github.com/twbs/bootstrap/releases/download/v4.5.3/bootstrap-4.5.3-examples.zip,ok,https://explorer.ooni.org/m/20260331093009.056758_KR_webconnectivity_81fc653f939d61cc
https://github.githubassets.com/images/modules/open_graph/github-logo.png,ok,https://explorer.ooni.org/m/20260331093016.334808_KR_webconnectivity_103a0138e65e0145
https://globalconservation.org/,ok,https://explorer.ooni.org/m/20260331093030.064892_KR_webconnectivity_271ea7812801f2a0
https://goaskalice.columbia.edu/,ok,https://explorer.ooni.org/m/20260331093042.606363_KR_webconnectivity_4a2206c597a5a0c2
https://greenhost.net/,ok,https://explorer.ooni.org/m/20260331093047.245948_KR_webconnectivity_67ff6e293b7ea412
https://i.ytimg.com/vi/JBRf3nEqfZ8/hq720.jpg,ok,https://explorer.ooni.org/m/20260331093058.232887_KR_webconnectivity_4b6a5ba69ee8d56d
https://iarf.net/,ok,https://explorer.ooni.org/m/20260331093113.306630_KR_webconnectivity_5e69fcb36782948a
https://impactlab.org/,ok,https://explorer.ooni.org/m/20260331093124.899345_KR_webconnectivity_78fe252aed497bac
https://isaalmasih.net/,ok,https://explorer.ooni.org/m/20260331093128.060017_KR_webconnectivity_d39735337fad6772
https://islamic-relief.org/,ok,https://explorer.ooni.org/m/20260331093142.579674_KR_webconnectivity_81e41cdb2d9149e7
https://islamonline.net/,ok,https://explorer.ooni.org/m/20260331093158.644597_KR_webconnectivity_d526ac6321d4483d
https://jainworld.com/,ok,https://explorer.ooni.org/m/20260331093212.461810_KR_webconnectivity_c55a0811ecbc0646
https://joturl.com/,ok,https://explorer.ooni.org/m/20260331093219.092892_KR_webconnectivity_208353e454df85d3
https://krishna.com/,ok,https://explorer.ooni.org/m/20260331093237.463876_KR_webconnectivity_f23281053de1adfa
https://letsencrypt.org/,ok,https://explorer.ooni.org/m/20260331093251.840932_KR_webconnectivity_32620931f718b2aa
https://lh3.ggpht.com/_mm3cDcdhxkc/SzkPLt_zDUI/AAAAAAAAAZM/UplZlTSCVQc/s800/DSC_5305.jpg,ok,https://explorer.ooni.org/m/20260331093309.957580_KR_webconnectivity_6f7807a552319d19
https://lh3.googleusercontent.com/favicon.ico,ok,https://explorer.ooni.org/m/20260331093312.896701_KR_webconnectivity_94173b29a77ede25
https://lh4.ggpht.com/_PvLDsC2pRvk/ShwiscZujVI/AAAAAAAAFIQ/4q-TYiQ13-k/s512/DSC01330.jpg,ok,https://explorer.ooni.org/m/20260331093321.394043_KR_webconnectivity_7e257f5879bea9d1
https://media0.giphy.com/robots.txt,ok,https://explorer.ooni.org/m/20260331093323.243429_KR_webconnectivity_ba4d45144b5a64bd
https://media3.giphy.com/robots.txt,ok,https://explorer.ooni.org/m/20260331093325.383244_KR_webconnectivity_35cf7f1a4ffa623c
https://medium.com/,ok,https://explorer.ooni.org/m/20260331093329.781187_KR_webconnectivity_19cfc41ff137cbd9
https://miro.medium.com/robots.txt,ok,https://explorer.ooni.org/m/20260331093332.711406_KR_webconnectivity_570adf57fe0e0b9f
http://mlbpark.donga.com/,ok,https://explorer.ooni.org/m/20260331093342.565582_KR_webconnectivity_c813ee488966136c
https://moodle.com/,ok,https://explorer.ooni.org/m/20260331093355.730585_KR_webconnectivity_fb8e18fa0e9dbdcc
https://movabletype.com/,ok,https://explorer.ooni.org/m/20260331093358.678477_KR_webconnectivity_c790681eaa2759c4
https://myabortionstory.tumblr.com/,dns,https://explorer.ooni.org/m/20260331093400.143238_KR_webconnectivity_a8f014349247a584
https://nazarene.org/,ok,https://explorer.ooni.org/m/20260331093414.675573_KR_webconnectivity_8980bd8b00b5351d
http://ndrive.naver.com/,ok,https://explorer.ooni.org/m/20260331093420.272047_KR_webconnectivity_69f6501779acda53
https://noblogs.org/,ok,https://explorer.ooni.org/m/20260331093430.480583_KR_webconnectivity_f3cbac5f6856eaf1
https://notifications-pa.googleapis.com/robots.txt,ok,https://explorer.ooni.org/m/20260331093434.218358_KR_webconnectivity_7d3fe9fe822dfecb
https://oceanconservancy.org/,ok,https://explorer.ooni.org/m/20260331093448.772939_KR_webconnectivity_7ed32aa8586628f5
https://ooni.github.io/,ok,https://explorer.ooni.org/m/20260331093454.503373_KR_webconnectivity_e4bb45915457b7d7
https://ow.ly/,ok,https://explorer.ooni.org/m/20260331093458.445051_KR_webconnectivity_8e9e34ef6752d14b
https://pastebin.com/,dns,https://explorer.ooni.org/m/20260331093459.512342_KR_webconnectivity_414a2b98f001962e
http://peta.xxx/,dns,https://explorer.ooni.org/m/20260331093500.971777_KR_webconnectivity_7956d185403c97c4
https://pingomatic.com/,ok,https://explorer.ooni.org/m/20260331093505.387460_KR_webconnectivity_bb3cc228fbeb877c
https://play-lh.googleusercontent.com/SZ7vNaa9txw_JsYsiOOP4_4fOaKfJVMQ-_aM10MW7x93IPDYoqdIkHSw-ffCgBABFSM=s256-rw,ok,https://explorer.ooni.org/m/20260331093508.671344_KR_webconnectivity_b573e54118d2fb11
https://play.google.com/,ok,https://explorer.ooni.org/m/20260331093523.742025_KR_webconnectivity_e742e208468e0e69
https://play.googleapis.com/robots.txt,ok,https://explorer.ooni.org/m/20260331093527.053753_KR_webconnectivity_d8c6ef275d5da490
https://private.canadianshield.cira.ca/dns-query?dns=q80BAAABAAAAAAAAA3d3dwdleGFtcGxlA2NvbQAAAQAB,ok,https://explorer.ooni.org/m/20260331093530.312313_KR_webconnectivity_544f7defd7ad42be
https://prolife.com/,dns,https://explorer.ooni.org/m/20260331093535.130114_KR_webconnectivity_25cda4dea198b8fe
https://prq.se/,dns,https://explorer.ooni.org/m/20260331093536.407122_KR_webconnectivity_6491dd4120b22080
https://quran.com/,ok,https://explorer.ooni.org/m/20260331093553.628363_KR_webconnectivity_b15a783cc342c83b
https://raw.githubusercontent.com/ooni/spec/master/README.md,dns,https://explorer.ooni.org/m/20260331093555.022509_KR_webconnectivity_bde4fb76c62e52a4
https://rebellion.global/,ok,https://explorer.ooni.org/m/20260331093602.548078_KR_webconnectivity_bdf80f498d3efd31
https://redapes.org/,ok,https://explorer.ooni.org/m/20260331093615.359300_KR_webconnectivity_8a1eec8dcf27f3a5
https://replug.io/,ok,https://explorer.ooni.org/m/20260331093634.587508_KR_webconnectivity_dda38962708eb42d
http://ruliweb.daum.net/,http-failure,https://explorer.ooni.org/m/20260331093639.505721_KR_webconnectivity_7817773dd47f96ce
https://rutube.ru/,ok,https://explorer.ooni.org/m/20260331093652.633159_KR_webconnectivity_0337de08eea54c26
https://safe2choose.org/,dns,https://explorer.ooni.org/m/20260331093653.488371_KR_webconnectivity_4db6d68b1c17e331
http://sex.clinic.co.kr/,dns,https://explorer.ooni.org/m/20260331093700.955321_KR_webconnectivity_5bb3eb03afff30d1
https://sexetc.org/,dns,https://explorer.ooni.org/m/20260331093702.931448_KR_webconnectivity_52f1482718bfa91b
http://shamash.org/,error,https://explorer.ooni.org/m/20260331093706.578538_KR_webconnectivity_113fb5d09a755492
http://shia.org/,tcp_ip,https://explorer.ooni.org/m/20260331093737.637752_KR_webconnectivity_1097fd24c1050492
https://short.io/,ok,https://explorer.ooni.org/m/20260331093757.861670_KR_webconnectivity_61da6eedbe3230c8
https://sites.google.com/,ok,https://explorer.ooni.org/m/20260331093815.202946_KR_webconnectivity_d8808cbdca55ae45
https://sniply.io/,ok,https://explorer.ooni.org/m/20260331093830.817102_KR_webconnectivity_aa9410112097c845
https://solar-aid.org/,ok,https://explorer.ooni.org/m/20260331093840.393483_KR_webconnectivity_308064014fe51864
https://srhrforall.org/,ok,https://explorer.ooni.org/m/20260331093843.369145_KR_webconnectivity_bd0a345a1f67ca4a
https://stackexchange.com/,ok,https://explorer.ooni.org/m/20260331093845.448910_KR_webconnectivity_c2d28a052f90fa4f
https://stackoverflow.com/,ok,https://explorer.ooni.org/m/20260331093847.181821_KR_webconnectivity_9dc601e9a365940d
https://t2mio.com/,ok,https://explorer.ooni.org/m/20260331093900.530769_KR_webconnectivity_225a77cdeff1573f
http://tanzil.net/,ok,https://explorer.ooni.org/m/20260331093907.665695_KR_webconnectivity_1a817c684f82be6c
https://technorati.com/,ok,https://explorer.ooni.org/m/20260331093911.765350_KR_webconnectivity_03d6faf33ef1746d
https://thereisnoearthb.org/,ok,https://explorer.ooni.org/m/20260331093915.832461_KR_webconnectivity_39e6b5ecea564684
https://tiny.cc/,ok,https://explorer.ooni.org/m/20260331093920.299507_KR_webconnectivity_fe827b585e8109b0
https://tinyurl.com/,ok,https://explorer.ooni.org/m/20260331093924.486904_KR_webconnectivity_193fad1986aa640c
https://torah.org/,ok,https://explorer.ooni.org/m/20260331093927.464475_KR_webconnectivity_9556256c6f34b838
https://turbobit.net/,ok,https://explorer.ooni.org/m/20260331093931.522120_KR_webconnectivity_3f4c8bf64163076f
https://vesselthefilm.com/,ok,https://explorer.ooni.org/m/20260331093944.786168_KR_webconnectivity_fe62e0363c067bf7
https://we.riseup.net/,ok,https://explorer.ooni.org/m/20260331093949.017617_KR_webconnectivity_1bb9150d7e82a95d
http://web.humoruniv.com/main.html,ok,https://explorer.ooni.org/m/20260331094003.951519_KR_webconnectivity_a68d631cbc3348c0
http://web.khu.ac.kr/,ok,https://explorer.ooni.org/m/20260331094006.370843_KR_webconnectivity_8573f5fc2948fd17
http://weblogs.us/,ok,https://explorer.ooni.org/m/20260331094015.764283_KR_webconnectivity_1374372682ef6473
https://womenfirstdigital.org/,ok,https://explorer.ooni.org/m/20260331094027.381727_KR_webconnectivity_d88af99218355ccb
https://womenonweb.kr/,http-failure,https://explorer.ooni.org/m/20260331094029.954363_KR_webconnectivity_eabaabc4dc3bd513
https://wordpress.com/,ok,https://explorer.ooni.org/m/20260331094048.171496_KR_webconnectivity_118619d14597dfec
https://wordpress.org/,ok,https://explorer.ooni.org/m/20260331094102.846592_KR_webconnectivity_87ed9eb67c082dcc
https://write.as/,ok,https://explorer.ooni.org/m/20260331094108.724796_KR_webconnectivity_c635f40a547aea3f
https://wupj.org/,ok,https://explorer.ooni.org/m/20260331094115.541109_KR_webconnectivity_91de49031faebf66
https://wwf.panda.org/,ok,https://explorer.ooni.org/m/20260331094135.167789_KR_webconnectivity_38c3ae114dcdf84e
https://www.100webspace.com/,ok,https://explorer.ooni.org/m/20260331094157.223161_KR_webconnectivity_8d11eac00d887dc9
https://www.1800respect.org.au/languages/,ok,https://explorer.ooni.org/m/20260331094210.664197_KR_webconnectivity_d479c026465f58b1
https://www.abortionno.org/,dns,https://explorer.ooni.org/m/20260331094211.415283_KR_webconnectivity_9830673ed55dadc7
https://www.abortoinfosegura.com/,ok,https://explorer.ooni.org/m/20260331094215.471155_KR_webconnectivity_59e56fc38ea8bd4e
https://www.adl.org/,ok,https://explorer.ooni.org/m/20260331094229.346922_KR_webconnectivity_2312a2aa0e4a12c6
https://www.adventist.org/,ok,https://explorer.ooni.org/m/20260331094235.370578_KR_webconnectivity_ed631c6355abfb6f
https://www.advocatesforyouth.org/,ok,https://explorer.ooni.org/m/20260331094238.093997_KR_webconnectivity_1c5ef1d76237313c
http://www.afreeca.com/,ok,https://explorer.ooni.org/m/20260331094242.000715_KR_webconnectivity_d225d82fe9c0d130
http://www.ahsex.org/,error,https://explorer.ooni.org/m/20260331094258.137227_KR_webconnectivity_06fd34be90d110de
https://www.angelfire.lycos.com/,ok,https://explorer.ooni.org/m/20260331094327.788636_KR_webconnectivity_5cb591ca44c4ff5a
https://www.anglicancommunion.org/,ok,https://explorer.ooni.org/m/20260331094338.706425_KR_webconnectivity_0e7e23f3bc9f06b9
http://www.arder.co.kr/,dns,https://explorer.ooni.org/m/20260331094349.426344_KR_webconnectivity_d3d2f234a73802d6
http://www.asiatour.com/,ok,https://explorer.ooni.org/m/20260331094353.819036_KR_webconnectivity_ff9c711cc6e27c3f
https://www.atheistalliance.org/,ok,https://explorer.ooni.org/m/20260331094406.985027_KR_webconnectivity_4de11620668cce6d
https://www.atheists.org/,ok,https://explorer.ooni.org/m/20260331094417.943628_KR_webconnectivity_dc936ac33e79ff74
http://www.auduboninternational.org/,ok,https://explorer.ooni.org/m/20260331094433.405382_KR_webconnectivity_5b47ce29675d5e97
https://www.autistici.org/,ok,https://explorer.ooni.org/m/20260331094439.289432_KR_webconnectivity_1e0ab07edda911e0
http://www.bahai.org/,ok,https://explorer.ooni.org/m/20260331094451.084814_KR_webconnectivity_d9e65a397c8ecf14
https://www.bing-amp.com/v0/amp-iframe-0.1.js,error,https://explorer.ooni.org/m/20260331094452.630135_KR_webconnectivity_5945154383dd5f04
https://www.birthcontrol.com/,dns,https://explorer.ooni.org/m/20260331094455.694670_KR_webconnectivity_a05990d5d1192c82
http://www.biz.ly/,ok,https://explorer.ooni.org/m/20260331094504.319921_KR_webconnectivity_9a29b8cefa5a7200
https://www.bl.ink/,ok,https://explorer.ooni.org/m/20260331094515.749377_KR_webconnectivity_8e0e6b84359fd7b8
http://www.blogeasy.com/,ok,https://explorer.ooni.org/m/20260331094518.053315_KR_webconnectivity_ea5ea2b752737164
https://www.blogger.com/,ok,https://explorer.ooni.org/m/20260331094530.417484_KR_webconnectivity_efcd19700a2747d3
http://www.blogsome.com/,ok,https://explorer.ooni.org/m/20260331094536.035355_KR_webconnectivity_37326028fc8a6684
https://www.brinkster.com/,ok,https://explorer.ooni.org/m/20260331094544.123690_KR_webconnectivity_b385bb75ee9990b2
http://www.buddhanet.net/,ok,https://explorer.ooni.org/m/20260331094607.052623_KR_webconnectivity_6c472654b17bd817
http://www.cafe24.com/,dns,https://explorer.ooni.org/m/20260331094611.329352_KR_webconnectivity_895c970db8fdf1a6
https://www.carbonbrief.org/,ok,https://explorer.ooni.org/m/20260331094622.338621_KR_webconnectivity_cfce3e8e11fc3412
https://www.carbonmap.org/,ok,https://explorer.ooni.org/m/20260331094627.533830_KR_webconnectivity_f101caf5908ee800
https://www.catholic.org/,ok,https://explorer.ooni.org/m/20260331094643.859195_KR_webconnectivity_78712a7f389b8e3e
https://www.catholicsforchoice.org/,ok,https://explorer.ooni.org/m/20260331094653.422185_KR_webconnectivity_7141e1f281da829f
https://www.ccel.org/,ok,https://explorer.ooni.org/m/20260331094702.923828_KR_webconnectivity_a76af119795e71c7
https://www.ceceurope.org/,ok,https://explorer.ooni.org/m/20260331094712.481205_KR_webconnectivity_033434d3b3b63e92
https://www.christianity.com/,ok,https://explorer.ooni.org/m/20260331094727.444303_KR_webconnectivity_39b2dcab38257832
https://www.christianitytoday.com/,ok,https://explorer.ooni.org/m/20260331094741.773674_KR_webconnectivity_41ffc5c308409e1f
https://www.cleanwateraction.org/,ok,https://explorer.ooni.org/m/20260331094756.213647_KR_webconnectivity_2b2ed7ff40044afc
https://www.climaterealityproject.org/,ok,https://explorer.ooni.org/m/20260331094812.084187_KR_webconnectivity_87312c53cba2f797
https://www.coolearth.org/,ok,https://explorer.ooni.org/m/20260331094829.905102_KR_webconnectivity_a066c794ccc142be
https://www.copticchurch.net/,ok,https://explorer.ooni.org/m/20260331094837.783544_KR_webconnectivity_ae42ec1c63bbe4e2
https://www.cseindia.org/,ok,https://explorer.ooni.org/m/20260331094852.910924_KR_webconnectivity_6300dc623f3fd78f
http://www.dogdrip.net/,dns,https://explorer.ooni.org/m/20260331094855.702560_KR_webconnectivity_0890cb46024d2ea3
https://www.dotster.com/,dns,https://explorer.ooni.org/m/20260331094856.895756_KR_webconnectivity_da8d857900a8dc0d
https://www.dreamhost.com/,ok,https://explorer.ooni.org/m/20260331094913.468149_KR_webconnectivity_0fcf7f4c0560052c
https://www.earthaction.org/,ok,https://explorer.ooni.org/m/20260331094928.580766_KR_webconnectivity_8d002b1c9944522f
https://www.earthrights.org/,ok,https://explorer.ooni.org/m/20260331094939.858981_KR_webconnectivity_47f0b5c48f227f07
http://www.ebaumsworld.com/,dns,https://explorer.ooni.org/m/20260331094941.734034_KR_webconnectivity_1799cf4e13080008
http://www.eco.or.kr/,ok,https://explorer.ooni.org/m/20260331094946.962822_KR_webconnectivity_7ccfb7d2356c5d6e
https://www.edf.org/,ok,https://explorer.ooni.org/m/20260331094959.194738_KR_webconnectivity_ce5d619fe6854c46
https://www.eea.europa.eu/,ok,https://explorer.ooni.org/m/20260331095018.712503_KR_webconnectivity_c1ab95888fcdc2e7
https://www.emailaddresses.com/,ok,https://explorer.ooni.org/m/20260331095024.251502_KR_webconnectivity_542c2c9445b0b469
https://www.enom.com/,ok,https://explorer.ooni.org/m/20260331095036.684213_KR_webconnectivity_783a3331d2b3c970
https://www.epik.com/,ok,https://explorer.ooni.org/m/20260331095038.513129_KR_webconnectivity_c549addcd626740f
https://www.episcopalchurch.org/,ok,https://explorer.ooni.org/m/20260331095053.069638_KR_webconnectivity_8cbaec78b68c292a
https://www.ewg.org/,ok,https://explorer.ooni.org/m/20260331095104.646663_KR_webconnectivity_50ed668c3b4eb08a
https://www.exmormon.org/,tcp_ip,https://explorer.ooni.org/m/20260331095141.200863_KR_webconnectivity_84b804cde4d306f8
https://www.fandom.com/,dns,https://explorer.ooni.org/m/20260331095142.198194_KR_webconnectivity_cf717b4fb335f293
http://www.fark.com/,dns,https://explorer.ooni.org/m/20260331095143.679520_KR_webconnectivity_4fc85db44a35c31b
https://www.fhi360.org/,ok,https://explorer.ooni.org/m/20260331095155.822145_KR_webconnectivity_128636965760e286
http://www.fmkorea.com/,ok,https://explorer.ooni.org/m/20260331095204.930055_KR_webconnectivity_0b8598a3164c3df7
https://www.footprintnetwork.org/,ok,https://explorer.ooni.org/m/20260331095218.365014_KR_webconnectivity_bc51780239b04453
http://www.formercatholic.com/,ok,https://explorer.ooni.org/m/20260331095227.326939_KR_webconnectivity_2d680e9bc38cc143
https://www.frc.org/,ok,https://explorer.ooni.org/m/20260331095232.899723_KR_webconnectivity_43cbdf51710739e9
http://www.freehomepage.com/,ok,https://explorer.ooni.org/m/20260331095235.770816_KR_webconnectivity_8d255f0dfe7ece30
http://www.freeservers.com/,ok,https://explorer.ooni.org/m/20260331095239.517265_KR_webconnectivity_9b0db691307a1132
http://www.freewebspace.com/,ok,https://explorer.ooni.org/m/20260331095245.112183_KR_webconnectivity_4f7751161a85bc5c
http://www.gabia.com/,error,https://explorer.ooni.org/m/20260331095249.687210_KR_webconnectivity_362d66cf6e394b19
https://www.globalwitness.org/,ok,https://explorer.ooni.org/m/20260331095305.936266_KR_webconnectivity_d3d85fe67119ab66
https://www.goarch.org/,ok,https://explorer.ooni.org/m/20260331095309.130142_KR_webconnectivity_db08e5b3fd7a1ef4
https://www.godaddy.com/,dns,https://explorer.ooni.org/m/20260331095310.394888_KR_webconnectivity_218175b704dc469e
http://www.godalone.org/,ok,https://explorer.ooni.org/m/20260331095321.733539_KR_webconnectivity_aa6f3297afac0c26
https://www.googleapis.com/auth/cloud-platform,ok,https://explorer.ooni.org/m/20260331095330.342097_KR_webconnectivity_8b93bd7e20ac4f92
http://www.greenkorea.org/,ok,https://explorer.ooni.org/m/20260331095346.933821_KR_webconnectivity_1a106c7e84d9f931
http://www.greennet.org.uk/,ok,https://explorer.ooni.org/m/20260331095356.700907_KR_webconnectivity_d55976b96a488a08
https://www.greenpeace.org/,ok,https://explorer.ooni.org/m/20260331095400.700737_KR_webconnectivity_e12ba1605f72c755
https://www.gstatic.com/robots.txt,ok,https://explorer.ooni.org/m/20260331095404.389738_KR_webconnectivity_b5cfe0d9d8da9324
http://www.hostgator.com/,ok,https://explorer.ooni.org/m/20260331095406.230388_KR_webconnectivity_b69f8e2294a7af67
http://www.hotge.co.kr/,ok,https://explorer.ooni.org/m/20260331095412.189059_KR_webconnectivity_33e0f9c7d3068002
https://www.howtouseabortionpill.org/,ok,https://explorer.ooni.org/m/20260331095424.158671_KR_webconnectivity_d1d2c19b4d6e27d9
https://www.iaea.org/,ok,https://explorer.ooni.org/m/20260331095435.747075_KR_webconnectivity_c0302239cd774c7e
http://www.iavi.org/,ok,https://explorer.ooni.org/m/20260331095447.439003_KR_webconnectivity_dc08c3ccd77286fc
http://www.iico.org/,ok,https://explorer.ooni.org/m/20260331095502.381399_KR_webconnectivity_18d94a1be3945b61
https://www.internationalrivers.org/,ok,https://explorer.ooni.org/m/20260331095520.075320_KR_webconnectivity_e94883052660db36
https://www.ipcc.ch/,ok,https://explorer.ooni.org/m/20260331095533.745950_KR_webconnectivity_8581f4ee96a7e574
https://www.iskcon.org/,ok,https://explorer.ooni.org/m/20260331095537.753922_KR_webconnectivity_7d8a7e67275d9b3e
http://www.islameyat.com/,ok,https://explorer.ooni.org/m/20260331095555.295492_KR_webconnectivity_00dd714083ccc1de
http://www.islamicity.com/,ok,https://explorer.ooni.org/m/20260331095557.861239_KR_webconnectivity_176792ff49a90b36
https://www.islaminstitut.de/en/,ok,https://explorer.ooni.org/m/20260331095609.065551_KR_webconnectivity_0629aec46b204d87
https://www.iucn.org/,ok,https://explorer.ooni.org/m/20260331095648.373094_KR_webconnectivity_f816d933e5d13cb7
http://www.jesussaves.cc/,ok,https://explorer.ooni.org/m/20260331095704.530905_KR_webconnectivity_4e27acb9bfabae0b
http://www.jinbo.net/,ok,https://explorer.ooni.org/m/20260331095711.858948_KR_webconnectivity_6c3f1da6cd414000
http://www.judaism.com/,ok,https://explorer.ooni.org/m/20260331095717.608233_KR_webconnectivity_6551d0e7e611881d
http://www.judaismconversion.org/,ok,https://explorer.ooni.org/m/20260331095736.855631_KR_webconnectivity_aca8ca53c4c08518
https://www.jw.org/,error,https://explorer.ooni.org/m/20260331095738.845684_KR_webconnectivity_3a0234e681124597
http://www.kfem.or.kr/,ok,https://explorer.ooni.org/m/20260331095801.670934_KR_webconnectivity_f8f3e73fda41bf4e
http://www.kgreens.org/,ok,https://explorer.ooni.org/m/20260331095821.435460_KR_webconnectivity_4d5efdfd8b8bd594
http://www.krts.or.kr/,ok,https://explorer.ooni.org/m/20260331095831.708091_KR_webconnectivity_c979c20e16662b42
https://www.leaseweb.com/,ok,https://explorer.ooni.org/m/20260331095847.100548_KR_webconnectivity_ab5c7106bd53c7bb
https://www.livejournal.com/,dns,https://explorer.ooni.org/m/20260331095848.854578_KR_webconnectivity_9ce0b87e3708ba8e
http://www.mgoon.com/,error,https://explorer.ooni.org/m/20260331095906.953842_KR_webconnectivity_2351eb785f701876
http://www.muhammadanism.com/,ok,https://explorer.ooni.org/m/20260331095922.071677_KR_webconnectivity_8c1a3d61b4f20a40
https://www.namecheap.com/,ok,https://explorer.ooni.org/m/20260331095924.621157_KR_webconnectivity_e622bac346db3dfb
http://www.nate.com/,ok,https://explorer.ooni.org/m/20260331095926.798601_KR_webconnectivity_0588eac4b30df3d8
http://www.nate.com/?f=pann,ok,https://explorer.ooni.org/m/20260331095928.998215_KR_webconnectivity_bbc7456e0c3da3df
http://www.nature.org/,ok,https://explorer.ooni.org/m/20260331095940.541678_KR_webconnectivity_35989dda8edb01d2
http://www.no-ip.com/,ok,https://explorer.ooni.org/m/20260331095955.526974_KR_webconnectivity_c111fafcbf7c6bbc
https://www.oca.org/,ok,https://explorer.ooni.org/m/20260331095959.987305_KR_webconnectivity_b05f66e8c7d2b141
http://www.oicc.org/,ok,https://explorer.ooni.org/m/20260331100007.535582_KR_webconnectivity_f178032905a9c2a7
http://www.oikoumene.org/,ok,https://explorer.ooni.org/m/20260331100022.804516_KR_webconnectivity_f33131c09b2eee17
https://www.om.org/,ok,https://explorer.ooni.org/m/20260331100029.811412_KR_webconnectivity_9a1614595b5a83f2
https://www.orangewebsite.com/,ok,https://explorer.ooni.org/m/20260331100040.344870_KR_webconnectivity_c46af54dfd6e75d6
http://www.orthodoxconvert.info/,ok,https://explorer.ooni.org/m/20260331100044.318743_KR_webconnectivity_1c8fd8fbcab4d10b
https://www.paganpride.org/,ok,https://explorer.ooni.org/m/20260331100056.321363_KR_webconnectivity_fa485dfd97a1d44d
https://www.persecution.org/,ok,https://explorer.ooni.org/m/20260331100110.179563_KR_webconnectivity_e1c30c11c9b33bc9
https://www.peta.org/,dns,https://explorer.ooni.org/m/20260331100111.680444_KR_webconnectivity_df62c88c6b827e1e
https://www.petside.com/,ok,https://explorer.ooni.org/m/20260331100134.135222_KR_webconnectivity_5d4208757105728a
http://www.podbbang.com/,ok,https://explorer.ooni.org/m/20260331100147.152735_KR_webconnectivity_46020684c4727cf8
http://www.ppfk.or.kr/,ok,https://explorer.ooni.org/m/20260331100204.273031_KR_webconnectivity_ce4132c5c47b50e0
http://www.ppomppu.co.kr/zboard/zboard.php?id=freeboard,ok,https://explorer.ooni.org/m/20260331100206.155911_KR_webconnectivity_8f46326c2293d15a
http://www.ppomppu.co.kr/zboard/zboard.php?id=issue,ok,https://explorer.ooni.org/m/20260331100208.083005_KR_webconnectivity_00b8ffe3a4209246
https://www.privex.io/,ok,https://explorer.ooni.org/m/20260331100212.502844_KR_webconnectivity_d1e314a0982b7d1d
http://www.prolife.or.kr/,ok,https://explorer.ooni.org/m/20260331100224.991547_KR_webconnectivity_3f8d0dc94a7827c4
http://www.pullbbang.com/,dns,https://explorer.ooni.org/m/20260331100226.812379_KR_webconnectivity_16881edf27edea0a
https://www.rackspace.com/,ok,https://explorer.ooni.org/m/20260331100242.630369_KR_webconnectivity_18ef349762dd4f21
http://www.ran.org/,ok,https://explorer.ooni.org/m/20260331100254.956471_KR_webconnectivity_9381994ad77b9021
https://www.ran.org/,ok,https://explorer.ooni.org/m/20260331100306.586226_KR_webconnectivity_5752d009b590b034
https://www.rebrandly.com/,ok,https://explorer.ooni.org/m/20260331100322.870573_KR_webconnectivity_43e33514af20ae16
https://www.reprouncensored.org/,ok,https://explorer.ooni.org/m/20260331100341.473705_KR_webconnectivity_a6044e8ddb3b0bb1
https://www.resourcematters.org/,ok,https://explorer.ooni.org/m/20260331100347.885417_KR_webconnectivity_2595af35eda2435c
https://www.salvationarmy.org/,ok,https://explorer.ooni.org/m/20260331100401.710735_KR_webconnectivity_110982ed92eaa14a
http://www.sangsaeng.org/,dns,https://explorer.ooni.org/m/20260331100406.109483_KR_webconnectivity_b834218597be8081
https://www.sbc.net/,ok,https://explorer.ooni.org/m/20260331100422.907477_KR_webconnectivity_fad6504db60f3ec7
http://www.scarleteen.com/,dns,https://explorer.ooni.org/m/20260331100425.525004_KR_webconnectivity_c0baa079a498aa96
http://www.scientology.org/,ok,https://explorer.ooni.org/m/20260331100441.837962_KR_webconnectivity_00bee78b38261310
http://www.sex-academy.com/,dns,https://explorer.ooni.org/m/20260331100444.602366_KR_webconnectivity_e96ab2a17cc7bd09
http://www.sexandu.ca/,dns,https://explorer.ooni.org/m/20260331100448.574467_KR_webconnectivity_991cc2f0e55dc114
http://www.sexandu.ca/fr/,dns,https://explorer.ooni.org/m/20260331100458.197020_KR_webconnectivity_3fa108e35d996e20
https://www.sfsi.org/,dns,https://explorer.ooni.org/m/20260331100500.626115_KR_webconnectivity_1fec8f575e26bf98
http://www.shinto.org/,ok,https://explorer.ooni.org/m/20260331100511.666033_KR_webconnectivity_a667bf593644af72
http://www.siecus.org/,dns,https://explorer.ooni.org/m/20260331100512.831244_KR_webconnectivity_2b3c9b1806e52c1f
https://www.sierraclub.org/,ok,https://explorer.ooni.org/m/20260331100514.420642_KR_webconnectivity_56bee7f84d2ac1b1
http://www.submission.org/,ok,https://explorer.ooni.org/m/20260331100518.351286_KR_webconnectivity_fd70df549fbe547e
http://www.survive.org.uk/,ok,https://explorer.ooni.org/m/20260331100522.785148_KR_webconnectivity_67a53389c2af05c6
http://www.suyongso.com/,ok,https://explorer.ooni.org/m/20260331100524.025544_KR_webconnectivity_b1131e07a69bb623
http://www.tcloud.co.kr/,ok,https://explorer.ooni.org/m/20260331100541.567288_KR_webconnectivity_bd312630c7fa2cb5
http://www.teenhealthfx.com/,ok,https://explorer.ooni.org/m/20260331100556.803736_KR_webconnectivity_e597883b23dfc520
http://www.teensource.org/,dns,https://explorer.ooni.org/m/20260331100558.734285_KR_webconnectivity_eba1c3ae3642aa6b
http://www.themwl.org/,ok,https://explorer.ooni.org/m/20260331100619.381402_KR_webconnectivity_4287911bf4f3db71
http://www.tistory.com/,ok,https://explorer.ooni.org/m/20260331100630.049282_KR_webconnectivity_17db807039d1decc
http://www.todayhumor.co.kr/,ok,https://explorer.ooni.org/m/20260331100644.225027_KR_webconnectivity_4cfe1c3eaa519cc4
http://www.tripod.lycos.com/,ok,https://explorer.ooni.org/m/20260331100653.438079_KR_webconnectivity_5d53467d67565ec9
http://www.truthnet.org/,ok,https://explorer.ooni.org/m/20260331100702.370500_KR_webconnectivity_b952be98f152ad2b
http://www.typepad.com/,ok,https://explorer.ooni.org/m/20260331100705.019198_KR_webconnectivity_a3b54c85ede65b20
https://www.ucc.org/,ok,https://explorer.ooni.org/m/20260331100715.372135_KR_webconnectivity_de4521812c70b88c
https://www.ucsusa.org/,ok,https://explorer.ooni.org/m/20260331100732.191156_KR_webconnectivity_9de4329ab9b12889
http://www.ultimatebirthcontrol.com/,dns,https://explorer.ooni.org/m/20260331100734.424813_KR_webconnectivity_f42a6112e403117b
http://www.umc.org/,ok,https://explorer.ooni.org/m/20260331100748.724184_KR_webconnectivity_918eb0fe3501a66a
https://www.unep.org/,ok,https://explorer.ooni.org/m/20260331100800.680211_KR_webconnectivity_c899fea6e48f51c8
http://www.upci.org/,ok,https://explorer.ooni.org/m/20260331100817.160407_KR_webconnectivity_a64bdc694874593f
http://www.vatican.va/,ok,https://explorer.ooni.org/m/20260331100820.422309_KR_webconnectivity_94a4ea931c46dbd6
http://www.wcicc.org/,ok,https://explorer.ooni.org/m/20260331100823.486424_KR_webconnectivity_44f9a53850ec7d4f
https://www.weebly.com/,ok,https://explorer.ooni.org/m/20260331100836.191805_KR_webconnectivity_4e9e3491f68ebe4d
http://www.whois.co.kr/,ok,https://explorer.ooni.org/m/20260331100857.586025_KR_webconnectivity_a18bcd256bb96028
http://www.wix.com/,ok,https://explorer.ooni.org/m/20260331100911.435160_KR_webconnectivity_7a34b48c28585d56
http://www.worldjewishcongress.org/,ok,https://explorer.ooni.org/m/20260331100931.860555_KR_webconnectivity_a9bc4e00766deede
https://www.worldwildlife.org/,ok,https://explorer.ooni.org/m/20260331100945.643662_KR_webconnectivity_7e4cf771ba54cee7
https://www.xenu.net/,ok,https://explorer.ooni.org/m/20260331100954.557855_KR_webconnectivity_41cb86cb45d1fb16
http://www.xyinlove.co.kr/,error,https://explorer.ooni.org/m/20260331101013.398916_KR_webconnectivity_7a1aa8010e25986e
http://www.ymca.int/,dns,https://explorer.ooni.org/m/20260331101014.637500_KR_webconnectivity_c204999335e98a5f
https://www.yola.com/,ok,https://explorer.ooni.org/m/20260331101028.249736_KR_webconnectivity_940c7720127741e0
https://www.zanzu.nl/,dns,https://explorer.ooni.org/m/20260331101029.580733_KR_webconnectivity_922a1b43d19785b8
https://www.zoomshare.com/,dns,https://explorer.ooni.org/m/20260331101032.258024_KR_webconnectivity_2ebf63022f913726
http://xanga.com/,ok,https://explorer.ooni.org/m/20260331101037.066021_KR_webconnectivity_a2e4017072208af7
https://xda-developers.com/,ok,https://explorer.ooni.org/m/20260331101053.531224_KR_webconnectivity_d890a2cb4545eae3
https://yourls.org/,ok,https://explorer.ooni.org/m/20260331101101.547791_KR_webconnectivity_eb9b6df84e1fd14f
https://yt3.ggpht.com/a-/AOh14GhGCI1dxtHOY_TDQfmxDBK_S7CHTPJ3U6zOUw=s480-c-k-c0x00ffffff-no-rj-mo,ok,https://explorer.ooni.org/m/20260331101121.868119_KR_webconnectivity_169aa9718bfd4ccb
https://yt4.ggpht.com/a-/AOh14GhOiUxI-RcMC-Vfl2i15v3xewMr8bt2yNXTfw=s480-c-k-c0x00ffffff-no-rj-mo,ok,https://explorer.ooni.org/m/20260331101142.540407_KR_webconnectivity_8cae64983cc4a678
https://1.1.1.1/,tcp_ip,https://explorer.ooni.org/m/20260331101213.436387_KR_webconnectivity_b4e3872fb9b6bcce
http://2015peoplepower.tistory.com/,ok,https://explorer.ooni.org/m/20260331101215.717261_KR_webconnectivity_835623d759f3b759
https://4genderjustice.org/,ok,https://explorer.ooni.org/m/20260331101228.193104_KR_webconnectivity_c6e34ed1c7c0f01f
https://76crimes.com/,ok,https://explorer.ooni.org/m/20260331101241.552928_KR_webconnectivity_eaa9756b7c79a2e9
http://abc.go.com/,ok,https://explorer.ooni.org/m/20260331101259.542584_KR_webconnectivity_c29aaca91baa503a
http://act.jinbo.net/,ok,https://explorer.ooni.org/m/20260331101330.003598_KR_webconnectivity_ecf8a04a8ac1067b
https://actionaid.org/,ok,https://explorer.ooni.org/m/20260331101339.931389_KR_webconnectivity_bedd02e07bdc9719
https://advox.globalvoices.org/,error,https://explorer.ooni.org/m/20260331101343.897751_KR_webconnectivity_1e50a6a7188f9831
https://amnezia.org/,dns,https://explorer.ooni.org/m/20260331101345.554360_KR_webconnectivity_6152455692b27f8b
http://anonymouse.org/,dns,https://explorer.ooni.org/m/20260331101401.676065_KR_webconnectivity_f32a5f785ef4f33d
https://antivigilancia.org/,dns,https://explorer.ooni.org/m/20260331101404.391151_KR_webconnectivity_fce99abb41150481
https://arc-international.net/,ok,https://explorer.ooni.org/m/20260331101420.763082_KR_webconnectivity_3325b5d9430c13c2
https://asiatimes.com/,ok,https://explorer.ooni.org/m/20260331101436.011651_KR_webconnectivity_f67ddb7099377c99
https://atlasofsurveillance.org/,ok,https://explorer.ooni.org/m/20260331101443.988256_KR_webconnectivity_73951f818a22fdfd
http://base21.jinbo.net/,ok,https://explorer.ooni.org/m/20260331101459.662848_KR_webconnectivity_a986bd2bfc7c470e
https://blog.genderwatchdog.org/,ok,https://explorer.ooni.org/m/20260331101511.026821_KR_webconnectivity_fa4a66b8d1ff7035
http://blog.jinbo.net/,ok,https://explorer.ooni.org/m/20260331101524.145232_KR_webconnectivity_65edb7d10585e4aa
https://bouncer.ooni.io/,ok,https://explorer.ooni.org/m/20260331101528.618611_KR_webconnectivity_821b3888a0fdac14
https://brothersroad.org/,ok,https://explorer.ooni.org/m/20260331101537.673518_KR_webconnectivity_7376551f1ecab352
http://cafe.daum.net/,ok,https://explorer.ooni.org/m/20260331101542.140710_KR_webconnectivity_b944e7efb8e33e28
http://cafe.daum.net/antimb,ok,https://explorer.ooni.org/m/20260331101545.134160_KR_webconnectivity_2de3ff3ee7247599
http://cafe.daum.net/libertyofthepress,ok,https://explorer.ooni.org/m/20260331101548.265854_KR_webconnectivity_e35868fa616975a6
http://cafe.daum.net/pridecare,ok,https://explorer.ooni.org/m/20260331101551.211166_KR_webconnectivity_4ec9c273d6a821b6
http://cafe.daum.net/stopcjd,ok,https://explorer.ooni.org/m/20260331101553.924773_KR_webconnectivity_56531c5149919e48
http://cafe.naver.com/asunaro/,ok,https://explorer.ooni.org/m/20260331101608.912835_KR_webconnectivity_d4d338d78305a147
https://carnegieendowment.org/,ok,https://explorer.ooni.org/m/20260331101623.288085_KR_webconnectivity_8bb89ab99e4979fc
https://certbot.eff.org/,ok,https://explorer.ooni.org/m/20260331101629.430243_KR_webconnectivity_49b1e19bdc5d2f12
https://citizenlab.ca/,ok,https://explorer.ooni.org/m/20260331101642.490937_KR_webconnectivity_a5936be68401e251
https://cpj.org/,ok,https://explorer.ooni.org/m/20260331101655.806777_KR_webconnectivity_def1eb507a8be8ee
https://cryptpad.fr/,ok,https://explorer.ooni.org/m/20260331101659.723909_KR_webconnectivity_20546c5ef35360e5
https://cryptpad.org/instances/,ok,https://explorer.ooni.org/m/20260331101706.636216_KR_webconnectivity_ac0b0b097598a2de
https://csid-online.org/,ok,https://explorer.ooni.org/m/20260331101718.806258_KR_webconnectivity_edc26ef3609a060c
https://cyber.harvard.edu/,ok,https://explorer.ooni.org/m/20260331101738.107248_KR_webconnectivity_b071310d02f31004
https://ddosecrets.com/,ok,https://explorer.ooni.org/m/20260331101744.043093_KR_webconnectivity_f6fdbbb52de57825
https://disclose.ngo/,ok,https://explorer.ooni.org/m/20260331101749.458819_KR_webconnectivity_9cee3ee0770db2f6
https://dn42.dev/,ok,https://explorer.ooni.org/m/20260331101754.205181_KR_webconnectivity_1f14a8ed068f05b7
https://edition.cnn.com/,ok,https://explorer.ooni.org/m/20260331101807.879555_KR_webconnectivity_9376bfe379d460b9
http://english.eduhope.net/,ok,https://explorer.ooni.org/m/20260331101811.443901_KR_webconnectivity_9157ea73a4adf250
http://english.hani.co.kr/,ok,https://explorer.ooni.org/m/20260331101822.454454_KR_webconnectivity_b79579aa3c4f89aa
http://english.yna.co.kr/,error,https://explorer.ooni.org/m/20260331101824.562304_KR_webconnectivity_d9eb171b817bdff0
https://epic.org/,ok,https://explorer.ooni.org/m/20260331101836.396737_KR_webconnectivity_39260459b955b45e
https://feminist.org/,ok,https://explorer.ooni.org/m/20260331101851.719533_KR_webconnectivity_0662ba939e9a9dea
https://fleegle.mixmin.net/,ok,https://explorer.ooni.org/m/20260331101857.206263_KR_webconnectivity_a581401f9d9e6847
https://fondfbr.ru/,dns,https://explorer.ooni.org/m/20260331101859.518248_KR_webconnectivity_0b3ebd4b209a9cff
https://freedomhouse.org/,ok,https://explorer.ooni.org/m/20260331101911.582334_KR_webconnectivity_6c1a2065de4a0a2c
https://freemuse.org/,ok,https://explorer.ooni.org/m/20260331101927.906165_KR_webconnectivity_7b9ae8b07a8060d7
https://freespeechdebate.com/,tcp_ip,https://explorer.ooni.org/m/20260331101959.128977_KR_webconnectivity_e23c09f5a618dbb7
https://fronterafundrgv.org/,dns,https://explorer.ooni.org/m/20260331102002.795421_KR_webconnectivity_41f02da387d3f0bc
https://fundtexaschoice.org/,ok,https://explorer.ooni.org/m/20260331102017.171708_KR_webconnectivity_6a796dea3e83efe5
https://gaymenshealth.org/,ok,https://explorer.ooni.org/m/20260331102027.127995_KR_webconnectivity_3906a0d5a628d9b8
https://genderandaids.unwomen.org/,ok,https://explorer.ooni.org/m/20260331102030.433344_KR_webconnectivity_d85df31ccf2b5ac7
https://globalpressjournal.com/,ok,https://explorer.ooni.org/m/20260331102036.027384_KR_webconnectivity_ceee602d13b5d9a7
https://globalvoices.org/,error,https://explorer.ooni.org/m/20260331102136.673581_KR_webconnectivity_8969a5d6b4697cf8
http://go.jinbo.net/,ok,https://explorer.ooni.org/m/20260331102144.280793_KR_webconnectivity_2ad6aac81d684d87
https://gpgtools.org/,ok,https://explorer.ooni.org/m/20260331102150.062987_KR_webconnectivity_ff58c17f64402ff5
https://guardianproject.info/,ok,https://explorer.ooni.org/m/20260331102200.907855_KR_webconnectivity_2e93d2b4589fbb30
http://hbyd.org/,ok,https://explorer.ooni.org/m/20260331102229.810826_KR_webconnectivity_2dcf3432f47e3765
https://help.unhcr.org/,ok,https://explorer.ooni.org/m/20260331102238.863886_KR_webconnectivity_8ffbad7a86f6ff39
http://hotzone.yahoo.com/,ok,https://explorer.ooni.org/m/20260331102243.706471_KR_webconnectivity_e0a2ed66130f1051
http://hrights.or.kr/,ok,https://explorer.ooni.org/m/20260331102257.586501_KR_webconnectivity_df0c000f23f7e9fc
http://hrlibrary.umn.edu/iwraw/,ok,https://explorer.ooni.org/m/20260331102303.264550_KR_webconnectivity_80c23b28e8ea2668
http://humanmed.org/,dns,https://explorer.ooni.org/m/20260331102305.360586_KR_webconnectivity_a7b3bc94691844c9
https://i2p2.de/,error,https://explorer.ooni.org/m/20260331102308.455606_KR_webconnectivity_af6d3eef6770f9b2
https://i2pforum.net/,ok,https://explorer.ooni.org/m/20260331102323.081172_KR_webconnectivity_408201072e5203a2
https://i2pgit.org/,ok,https://explorer.ooni.org/m/20260331102329.070823_KR_webconnectivity_19c1844202f5be52
https://ifeminists.com/,ok,https://explorer.ooni.org/m/20260331102344.417591_KR_webconnectivity_31da78d30ac58dd6
https://ij.org/,ok,https://explorer.ooni.org/m/20260331102357.644069_KR_webconnectivity_8c98dea494eb6643
http://ijunnong.net/,ok,https://explorer.ooni.org/m/20260331102402.797674_KR_webconnectivity_640225f78dacaaed
https://ikhwanonline.com/,ok,https://explorer.ooni.org/m/20260331102415.210162_KR_webconnectivity_cd78c843a6fa1dd6
https://ilga.org/,ok,https://explorer.ooni.org/m/20260331102429.278064_KR_webconnectivity_eb2d9db3d9c45156
http://impeter.tistory.com/,ok,https://explorer.ooni.org/m/20260331102432.105491_KR_webconnectivity_172686cb5eb6559a
https://indymedia.org/,ok,https://explorer.ooni.org/m/20260331102437.122289_KR_webconnectivity_81e3db3ae08172b8
http://instinctmagazine.com/,ok,https://explorer.ooni.org/m/20260331102450.764806_KR_webconnectivity_fa7a71e75a6a3a9c
https://internationalfamilyequalityday.org/,ok,https://explorer.ooni.org/m/20260331102506.307400_KR_webconnectivity_e2de5583e3bc8874
https://ipi.media/,ok,https://explorer.ooni.org/m/20260331102517.158741_KR_webconnectivity_af052693bf1a150f
https://itgetsbetter.org/,ok,https://explorer.ooni.org/m/20260331102526.968183_KR_webconnectivity_898f50d99990020d
http://ivancity.com/,dns,https://explorer.ooni.org/m/20260331102530.959419_KR_webconnectivity_3013cf154f367da8
https://jezebel.com/,ok,https://explorer.ooni.org/m/20260331102542.593561_KR_webconnectivity_000609b14d9064ab
http://joins.com/,ok,https://explorer.ooni.org/m/20260331102558.685616_KR_webconnectivity_a6b2cf5b9e51b218
http://joongang.joins.com/,ok,https://explorer.ooni.org/m/20260331102601.724637_KR_webconnectivity_f50e33810b55a547
http://joongangdaily.joins.com/,ok,https://explorer.ooni.org/m/20260331102618.038276_KR_webconnectivity_df51a70d507d1d47
http://jtbc.joins.com/,ok,https://explorer.ooni.org/m/20260331102632.767048_KR_webconnectivity_b0420d8d31236a0a
https://justassociates.org/,ok,https://explorer.ooni.org/m/20260331102651.512235_KR_webconnectivity_28c26b442bdf5634
http://justicewomen.com/,ok,https://explorer.ooni.org/m/20260331102654.558761_KR_webconnectivity_9783e139cb062e70
https://kaleidoscopetrust.com/,ok,https://explorer.ooni.org/m/20260331102706.658946_KR_webconnectivity_03ffa3dec10e4827
https://keys.openpgp.org/,ok,https://explorer.ooni.org/m/20260331102709.989565_KR_webconnectivity_3ceaf271f958f051
http://kfcitu.org/,ok,https://explorer.ooni.org/m/20260331102712.323005_KR_webconnectivity_e5d5005faac1008e
http://khilafah.net/,ok,https://explorer.ooni.org/m/20260331102734.434897_KR_webconnectivity_5411e743c6e4c221
http://kieu.or.kr/,ok,https://explorer.ooni.org/m/20260331102738.400130_KR_webconnectivity_f1f5791d8db27b8f
http://koreapinkmap.com/,ok,https://explorer.ooni.org/m/20260331102742.735681_KR_webconnectivity_4a8c4d887982cebc
http://koredufund.org.kp/,dns,https://explorer.ooni.org/m/20260331102746.162381_KR_webconnectivity_5c42ebd9ab9fc2ba
http://korelcfund.org.kp/,dns,https://explorer.ooni.org/m/20260331102751.697371_KR_webconnectivity_cb98314932b72a33
http://ktu.or.kr/,tcp_ip,https://explorer.ooni.org/m/20260331102823.314444_KR_webconnectivity_4d728ea40cff1e11
https://laborrights.org/,ok,https://explorer.ooni.org/m/20260331102833.306909_KR_webconnectivity_034b6035c4d5c9ed
https://lgbt.foundation/,ok,https://explorer.ooni.org/m/20260331102847.838890_KR_webconnectivity_56905e2fda6250ee
http://lgbtact.org/,dns,https://explorer.ooni.org/m/20260331102903.823447_KR_webconnectivity_07d398864d875cfc
https://lgbtqia.space/,ok,https://explorer.ooni.org/m/20260331102910.215875_KR_webconnectivity_8e7ba68e75ac6d5b
https://liveuamap.com/,ok,https://explorer.ooni.org/m/20260331102930.155609_KR_webconnectivity_91e3f27f074a0508
https://lokinet.org/,ok,https://explorer.ooni.org/m/20260331102939.588166_KR_webconnectivity_bda5f72d945b97f1
https://makeamazonpay.com/,ok,https://explorer.ooni.org/m/20260331102955.626833_KR_webconnectivity_b1e29b0cb9b0d6e6
https://mask-api.icloud.com/,ok,https://explorer.ooni.org/m/20260331102959.169250_KR_webconnectivity_a3c3a8c07b8013f3
https://mask.icloud.com/,error,https://explorer.ooni.org/m/20260331103001.737684_KR_webconnectivity_867148d5119d96eb
https://massbrowser.cs.umass.edu/,ok,https://explorer.ooni.org/m/20260331103004.943532_KR_webconnectivity_926a66ec865aa518
http://media.daum.net/,ok,https://explorer.ooni.org/m/20260331103022.112208_KR_webconnectivity_5f5e988ac855a35a
http://media.nodong.org/,ok,https://explorer.ooni.org/m/20260331103032.907220_KR_webconnectivity_ef0342ac7740fa2f
https://mega.nz/,ok,https://explorer.ooni.org/m/20260331103037.883615_KR_webconnectivity_8fc9f196990423af
http://members.tripod.com/~INDIA_RESOURCE/savoice.html,dns,https://explorer.ooni.org/m/20260331103045.956286_KR_webconnectivity_86f4912b0c0826c1
https://messagevortex.net/,ok,https://explorer.ooni.org/m/20260331103054.207660_KR_webconnectivity_c37353f31a395a55
http://migrant.nodong.net/,ok,https://explorer.ooni.org/m/20260331103058.720799_KR_webconnectivity_45f1263759910165
http://minbyun.jinbo.net/,ok,https://explorer.ooni.org/m/20260331103115.068761_KR_webconnectivity_472c9fb0d72ac1c6
https://moscow.rtrs.ru/,ok,https://explorer.ooni.org/m/20260331103121.127662_KR_webconnectivity_970958f3928dc994
http://naenara.com.kp/,dns,https://explorer.ooni.org/m/20260331103124.365735_KR_webconnectivity_8691b07e6666a145
https://ncac.org/,ok,https://explorer.ooni.org/m/20260331103139.727628_KR_webconnectivity_e411606133281079
https://neilalexander.s3.dualstack.eu-west-2.amazonaws.com/deb/key.txt,ok,https://explorer.ooni.org/m/20260331103149.919095_KR_webconnectivity_dad64444a1f78efd
http://news.bbc.co.uk/2/hi/asia-pacific/,ok,https://explorer.ooni.org/m/20260331103200.863189_KR_webconnectivity_11de668430e5b64a
https://news.google.com/,ok,https://explorer.ooni.org/m/20260331103216.248952_KR_webconnectivity_8e65369db07b6583
http://news.naver.com/,ok,https://explorer.ooni.org/m/20260331103228.103446_KR_webconnectivity_187a7924efdc1032
http://newstapa.org/,ok,https://explorer.ooni.org/m/20260331103240.069104_KR_webconnectivity_226575f3f32d59f0
http://nodong.org/,ok,https://explorer.ooni.org/m/20260331103253.762444_KR_webconnectivity_4c881c9c332abc71
http://noneis.jinbo.net/,ok,https://explorer.ooni.org/m/20260331103258.651608_KR_webconnectivity_c64e46ad93813857
https://now.org/,ok,https://explorer.ooni.org/m/20260331103313.441712_KR_webconnectivity_10ae935ea7cd0fff
https://numun.fund/,ok,https://explorer.ooni.org/m/20260331103331.594364_KR_webconnectivity_b43afe6c1c22af05
http://4shared.com/,confirmed,https://explorer.ooni.org/m/20260331103334.783307_KR_webconnectivity_3599afb9db09f034
https://911truth.org/,ok,https://explorer.ooni.org/m/20260331103353.184219_KR_webconnectivity_0e671251b3290c3e
https://addons.mozilla.org/,ok,https://explorer.ooni.org/m/20260331103411.074490_KR_webconnectivity_ca3939b424bf7476
https://addons.opera.com/,ok,https://explorer.ooni.org/m/20260331103426.234241_KR_webconnectivity_e1e3f3dab5bf3846
https://addons.opera.com/en/extensions/,ok,https://explorer.ooni.org/m/20260331103436.821931_KR_webconnectivity_32db27c0f4b507a3
http://applefile.com/,dns,https://explorer.ooni.org/m/20260331103439.579499_KR_webconnectivity_5f347c110ee4c411
https://ar.m.wikipedia.org/,ok,https://explorer.ooni.org/m/20260331103458.948863_KR_webconnectivity_68ff71a03c3f8b7c
https://ar.wikipedia.org/,ok,https://explorer.ooni.org/m/20260331103517.869252_KR_webconnectivity_24e9146ed6ba06d3
https://archiveofourown.org/,ok,https://explorer.ooni.org/m/20260331103522.582623_KR_webconnectivity_e54c854c93462c18
https://arxiv.org/,ok,https://explorer.ooni.org/m/20260331103528.396613_KR_webconnectivity_e65ebc9a4565a120
https://asean.org/,ok,https://explorer.ooni.org/m/20260331103531.086865_KR_webconnectivity_1cf32988a01a726f
https://bintray.com/,ok,https://explorer.ooni.org/m/20260331103550.320747_KR_webconnectivity_dba0791f3631c8ac
http://bommin.net/,confirmed,https://explorer.ooni.org/m/20260331103553.134430_KR_webconnectivity_660de7cb83c3098a
https://ca.wikipedia.org/,ok,https://explorer.ooni.org/m/20260331103606.922938_KR_webconnectivity_0534bad4beed1a72
http://cafe.daum.net/seoulminart,ok,https://explorer.ooni.org/m/20260331103609.577592_KR_webconnectivity_8821c403655e20ce
http://cafe.naver.com/newartcafe,ok,https://explorer.ooni.org/m/20260331103631.414325_KR_webconnectivity_93c60763751b64f7
https://catbox.moe/,ok,https://explorer.ooni.org/m/20260331103635.064478_KR_webconnectivity_2ac8cc6a9602cede
https://chat.openai.com/,ok,https://explorer.ooni.org/m/20260331103638.603601_KR_webconnectivity_9dcb505a70011da2
http://chongryon.com/,confirmed,https://explorer.ooni.org/m/20260331103655.443465_KR_webconnectivity_c2b6b179a6ee44a2
https://chrome.google.com/webstore/category/extensions,ok,https://explorer.ooni.org/m/20260331103709.618841_KR_webconnectivity_cba4887a276eb6d5
https://chromewebstore.google.com/,ok,https://explorer.ooni.org/m/20260331103724.880550_KR_webconnectivity_46439cd78ce7c555
https://code.org/,ok,https://explorer.ooni.org/m/20260331103743.873033_KR_webconnectivity_71b6005378f86f3d
https://commons.wikimedia.org/,ok,https://explorer.ooni.org/m/20260331103802.030449_KR_webconnectivity_d55aaac081e808d5
https://credibilitycoalition.org/,ok,https://explorer.ooni.org/m/20260331103807.854699_KR_webconnectivity_7103a0e23568839e
https://crypt.ee/,ok,https://explorer.ooni.org/m/20260331103816.620196_KR_webconnectivity_0dd36ffa14cd5318
http://data.donkeyhote.co.kr/,dns,https://explorer.ooni.org/m/20260331103817.410268_KR_webconnectivity_0a17d53619daa485
https://de.wikipedia.org/,ok,https://explorer.ooni.org/m/20260331103831.829539_KR_webconnectivity_648ba2eca5a4f30e
https://dfiles.eu/,ok,https://explorer.ooni.org/m/20260331103838.933382_KR_webconnectivity_158f1c42726f20c5
https://digg.com/,ok,https://explorer.ooni.org/m/20260331103843.406069_KR_webconnectivity_4ec9e979a3b2294e
https://docs.google.com/,ok,https://explorer.ooni.org/m/20260331103901.320189_KR_webconnectivity_74e08d1df817dbe9
https://download.cnet.com/,dns,https://explorer.ooni.org/m/20260331103902.225506_KR_webconnectivity_0d76c69e6b852684
https://drive.google.com/,ok,https://explorer.ooni.org/m/20260331103919.405949_KR_webconnectivity_731d9513578b06cb
https://en.m.wikipedia.org/,ok,https://explorer.ooni.org/m/20260331103937.101864_KR_webconnectivity_72d324434531ae0b
https://en.wikipedia.org/,ok,https://explorer.ooni.org/m/20260331103954.441597_KR_webconnectivity_633a890b50e9a5ce
https://ente.io/,ok,https://explorer.ooni.org/m/20260331104010.850591_KR_webconnectivity_c560bab5f5b47287
https://es.m.wikipedia.org/,ok,https://explorer.ooni.org/m/20260331104025.535896_KR_webconnectivity_5248a18028ffb4ca
https://es.wikipedia.org/,ok,https://explorer.ooni.org/m/20260331104039.745837_KR_webconnectivity_fc9539ff920bc08a
https://f-droid.org/,ok,https://explorer.ooni.org/m/20260331104044.744984_KR_webconnectivity_9e0ba8ec51391287
https://fdroid.tetaneutral.net/fdroid/repo,ok,https://explorer.ooni.org/m/20260331104048.494922_KR_webconnectivity_7ee16ae9583d30a1
http://file.daum.net/,ok,https://explorer.ooni.org/m/20260331104049.754945_KR_webconnectivity_48da300424109afe
http://filecast.co.kr/,dns,https://explorer.ooni.org/m/20260331104052.968993_KR_webconnectivity_4225e79b473bebd8
https://filen.io/,ok,https://explorer.ooni.org/m/20260331104110.342893_KR_webconnectivity_43fc7367f5550957
https://files.pythonhosted.org/,ok,https://explorer.ooni.org/m/20260331104113.704622_KR_webconnectivity_9570ee639f9a93f1
https://fr.wikipedia.org/,ok,https://explorer.ooni.org/m/20260331104130.357282_KR_webconnectivity_82392ac8c72f8593
https://ftp.fau.de/fdroid/repo,ok,https://explorer.ooni.org/m/20260331104135.844026_KR_webconnectivity_14bee9ba63811c9d
http://gnu.rep.kp/,dns,https://explorer.ooni.org/m/20260331104139.478649_KR_webconnectivity_ef7a33cda3139a67
https://hackerspaces.org/,ok,https://explorer.ooni.org/m/20260331104144.818585_KR_webconnectivity_9a15a5db199e9708
http://historyedu.or.kr/,ok,https://explorer.ooni.org/m/20260331104204.224546_KR_webconnectivity_3940a608c4524ecb
https://i.gr-assets.com/robots.txt,ok,https://explorer.ooni.org/m/20260331104206.161071_KR_webconnectivity_5f3a1453c50f6758
https://infidels.org/,ok,https://explorer.ooni.org/m/20260331104213.720333_KR_webconnectivity_735b1ff728362875
https://int.soccerway.com/,http-failure,https://explorer.ooni.org/m/20260331104216.053570_KR_webconnectivity_63f65b7cc02fa4c5
https://intelligence.weforum.org/,ok,https://explorer.ooni.org/m/20260331104222.757717_KR_webconnectivity_733c2c3a94b5ab02
https://isa.gov.ly/,ok,https://explorer.ooni.org/m/20260331104225.235856_KR_webconnectivity_13d28353f7a7598d
https://it.wikipedia.org/,ok,https://explorer.ooni.org/m/20260331104244.007004_KR_webconnectivity_99b30b5f22c038e4
https://ja.wikipedia.org/,ok,https://explorer.ooni.org/m/20260331104302.016740_KR_webconnectivity_e2b4738bd52b6072
http://kancc.org/,dns,https://explorer.ooni.org/m/20260331104310.833842_KR_webconnectivity_b4ecc82fa25e3afc
http://kass.org.kp/,dns,https://explorer.ooni.org/m/20260331104326.818815_KR_webconnectivity_e73d6054d75c8791
http://kicc-dprk.org/,confirmed,https://explorer.ooni.org/m/20260331104328.696036_KR_webconnectivity_5ec27a7d2beab019
http://kiyctc.com.kp/,dns,https://explorer.ooni.org/m/20260331104334.448488_KR_webconnectivity_df82fa31fac84b2c
http://ko.internationalism.org/,ok,https://explorer.ooni.org/m/20260331104350.064931_KR_webconnectivity_0854711910cd8c06
https://ko.wiktionary.org/,ok,https://explorer.ooni.org/m/20260331104403.427355_KR_webconnectivity_0e669664cebeb5b8
http://korfilm.com.kp/,dns,https://explorer.ooni.org/m/20260331104420.223276_KR_webconnectivity_63531728f6e8a30d
http://kremlin.ru/,ok,https://explorer.ooni.org/m/20260331104456.212503_KR_webconnectivity_e5a9999a7a4bbb04
https://libgen.fun/,error,https://explorer.ooni.org/m/20260331104458.896924_KR_webconnectivity_4884587a2cb08a75
https://libgen.is/,dns,https://explorer.ooni.org/m/20260331104514.870957_KR_webconnectivity_a6101f9fa76687e4
http://libgen.lc/,ok,https://explorer.ooni.org/m/20260331104517.181766_KR_webconnectivity_fed3e5788e7ef00c
http://libgen.li/,dns,https://explorer.ooni.org/m/20260331104519.008748_KR_webconnectivity_f2a29005dd8fa7e0
https://libgen.life/,tcp_ip,https://explorer.ooni.org/m/20260331104550.125355_KR_webconnectivity_1bf0b721a849e96c
https://libgen.me/,error,https://explorer.ooni.org/m/20260331104552.771645_KR_webconnectivity_18ef9b322aea01c4
http://libgen.rs/,dns,https://explorer.ooni.org/m/20260331104608.716757_KR_webconnectivity_eb6a02d533c8e60d
https://libgen.space/,error,https://explorer.ooni.org/m/20260331104611.429856_KR_webconnectivity_66f7b7c4533cd8ea
http://libgen.st/,tcp_ip,https://explorer.ooni.org/m/20260331104658.916337_KR_webconnectivity_e85fd3eb999f0461
https://login.infomaniak.com/,ok,https://explorer.ooni.org/m/20260331104706.449034_KR_webconnectivity_bbf56fa913396b5e
https://login.tailscale.com/,ok,https://explorer.ooni.org/m/20260331104723.910489_KR_webconnectivity_c184a3d1285fa2f3
http://ma.gov.kp/,dns,https://explorer.ooni.org/m/20260331104728.683606_KR_webconnectivity_7d122d5cb2ae3ea1
https://mashable.com/,ok,https://explorer.ooni.org/m/20260331104743.784500_KR_webconnectivity_0278079e21a3949f
https://mirror.cyberbits.eu/fdroid/repo,ok,https://explorer.ooni.org/m/20260331104749.505125_KR_webconnectivity_d7368c66dc6d0db8
https://mymemory.translated.net/,ok,https://explorer.ooni.org/m/20260331104806.307306_KR_webconnectivity_e86b1515d829d36b
http://naenara.com/,ok,https://explorer.ooni.org/m/20260331104820.145501_KR_webconnectivity_827e7c53789c256c
https://notesnook.com/,ok,https://explorer.ooni.org/m/20260331104830.820405_KR_webconnectivity_6848570bf4f8650d
http://onekorea.org/,ok,https://explorer.ooni.org/m/20260331104837.704864_KR_webconnectivity_1b70fbc26413b9bb
https://openverse.org/,ok,https://explorer.ooni.org/m/20260331104840.082955_KR_webconnectivity_b17c6856f725c3e2
https://plug-mirror.rcac.purdue.edu/fdroid/repo,ok,https://explorer.ooni.org/m/20260331104844.811442_KR_webconnectivity_e82f784204a04240
https://pt.m.wikipedia.org/,ok,https://explorer.ooni.org/m/20260331104902.155729_KR_webconnectivity_11870eaa18673382
https://pulse.internetsociety.org/,ok,https://explorer.ooni.org/m/20260331104908.514411_KR_webconnectivity_1dd24b72f7413f4d
https://put.io/,ok,https://explorer.ooni.org/m/20260331104921.378840_KR_webconnectivity_51af13ccdaf15817
https://radiofreetexas.com/,ok,https://explorer.ooni.org/m/20260331104936.531112_KR_webconnectivity_4a5ccaeb9378eb5d
https://ru.wikipedia.org/,ok,https://explorer.ooni.org/m/20260331104953.852848_KR_webconnectivity_c0db84af5d28d022
https://s.gr-assets.com/robots.txt,ok,https://explorer.ooni.org/m/20260331104956.303111_KR_webconnectivity_6c4ce8ee0984e014
https://savefrom.net/,dns,https://explorer.ooni.org/m/20260331104957.804610_KR_webconnectivity_9f639a6e2df90d8e
http://sdprk.org.kp/,dns,https://explorer.ooni.org/m/20260331105003.314258_KR_webconnectivity_3fd37e42f4450d51
http://sfkuk.freeservers.com/,ok,https://explorer.ooni.org/m/20260331105006.618790_KR_webconnectivity_518bfd032166e5e5
http://simfile.uplusbox.co.kr/,dns,https://explorer.ooni.org/m/20260331105022.911605_KR_webconnectivity_866919de450da8f6
https://simple.wikipedia.org/,ok,https://explorer.ooni.org/m/20260331105041.664523_KR_webconnectivity_32c8d4bb9e46c63f
https://skiff.com/,ok,https://explorer.ooni.org/m/20260331105055.035275_KR_webconnectivity_ba795e5ee4441f87
https://soundcloud.com/,ok,https://explorer.ooni.org/m/20260331105106.084284_KR_webconnectivity_357919ad167ca02a
https://sourceforge.net/,ok,https://explorer.ooni.org/m/20260331105122.393604_KR_webconnectivity_4b4f9982be4a7cd9
https://standardnotes.com/,ok,https://explorer.ooni.org/m/20260331105133.158056_KR_webconnectivity_9ab491cfcccba7ae
http://torrentdada.com/,dns,https://explorer.ooni.org/m/20260331105133.857602_KR_webconnectivity_52b9f262e7ebfe1c
http://torrenters.com/,dns,https://explorer.ooni.org/m/20260331105135.172823_KR_webconnectivity_0f4d793c4d995070
http://torrentgogo.com/,ok,https://explorer.ooni.org/m/20260331105136.065767_KR_webconnectivity_c8dd6b1b1c7b6f8f
http://torters.com/,dns,https://explorer.ooni.org/m/20260331105136.818310_KR_webconnectivity_847200b47550f5f2
https://uea.org/,ok,https://explorer.ooni.org/m/20260331105143.151841_KR_webconnectivity_4832e3e360588c81
https://upload.wikimedia.org/wikipedia/commons/thumb/3/37/Generic_Camera_Icon.svg/100px-Generic_Camera_Icon.svg.png,ok,https://explorer.ooni.org/m/20260331105145.986619_KR_webconnectivity_7790a989ece8c88e
http://usacrime.or.kr/,ok,https://explorer.ooni.org/m/20260331105152.279973_KR_webconnectivity_77fbcad93fb1785e
https://w3schools.com/,ok,https://explorer.ooni.org/m/20260331105208.429344_KR_webconnectivity_542fa6844237816e
https://wikidata.org/,ok,https://explorer.ooni.org/m/20260331105228.970551_KR_webconnectivity_0284ba903680aace
https://wikihow.com/,ok,https://explorer.ooni.org/m/20260331105245.734267_KR_webconnectivity_9aa2175a0abfa6e3
https://wikimapia.org/,ok,https://explorer.ooni.org/m/20260331105252.462835_KR_webconnectivity_5a75ebc6d428b0ce
http://www.1koreannews.com/,ok,https://explorer.ooni.org/m/20260331105253.249252_KR_webconnectivity_3700e9a7e2b18b96
https://www.2shared.com/,ok,https://explorer.ooni.org/m/20260331105310.464182_KR_webconnectivity_a51d36ba3d0a61b2
https://www.4shared.com/,ok,https://explorer.ooni.org/m/20260331105326.766021_KR_webconnectivity_ef9c3b030c2cb39a
https://www.911memorial.org/,ok,https://explorer.ooni.org/m/20260331105337.235970_KR_webconnectivity_953e251d6094c460
http://www.acquisitionx.com/,ok,https://explorer.ooni.org/m/20260331105340.388573_KR_webconnectivity_fa77868cfd03462b
https://www.af.mil/,ok,https://explorer.ooni.org/m/20260331105344.501238_KR_webconnectivity_3d97d3f266f73ad7
http://www.aha.ru/,ok,https://explorer.ooni.org/m/20260331105404.800448_KR_webconnectivity_3ca42c9a3f15909a
http://www.aha.ru/~zentsov/korea.htm,ok,https://explorer.ooni.org/m/20260331105422.406629_KR_webconnectivity_0d6742976e4cdc29
http://www.arirang.dprkorea.com/,dns,https://explorer.ooni.org/m/20260331105433.707247_KR_webconnectivity_046822c7c0a21320
https://www.army.mil/,ok,https://explorer.ooni.org/m/20260331105447.550385_KR_webconnectivity_3c0f69990ac7fd95
https://www.auswaertiges-amt.de/,ok,https://explorer.ooni.org/m/20260331105508.401061_KR_webconnectivity_2b7a82f903d2c0c4
http://www.big.or.jp/,ok,https://explorer.ooni.org/m/20260331105511.305770_KR_webconnectivity_f9e4ee9d2ee57b23
http://www.bittornado.com/,dns,https://explorer.ooni.org/m/20260331105527.274327_KR_webconnectivity_8201558c659c5010
https://www.bme.com/,dns,https://explorer.ooni.org/m/20260331105529.584502_KR_webconnectivity_206d752302619653
http://www.bommin.net/,confirmed,https://explorer.ooni.org/m/20260331105532.382396_KR_webconnectivity_1cb11e88bd0bfde0
http://www.chongryon.com/,confirmed,https://explorer.ooni.org/m/20260331105549.397427_KR_webconnectivity_d14dc925ae9f3a21
https://www.cia.gov/,ok,https://explorer.ooni.org/m/20260331105606.187740_KR_webconnectivity_74694b1f3289a45c
http://www.cinetown.co.kr/,ok,https://explorer.ooni.org/m/20260331105624.885501_KR_webconnectivity_630be5830c226bf3
https://www.cis.minsk.by/,ok,https://explorer.ooni.org/m/20260331105643.470693_KR_webconnectivity_c4778258118e712e
http://www.cizel.co.kr/,dns,https://explorer.ooni.org/m/20260331105644.532483_KR_webconnectivity_7cd760d11eb86fde
http://www.cnet-ta.ne.jp/,ok,https://explorer.ooni.org/m/20260331105649.155495_KR_webconnectivity_de68238518bc4f6c
http://www.collegehumor.com/,dns,https://explorer.ooni.org/m/20260331105705.501155_KR_webconnectivity_1b88fc18ef871598
http://www.coreaone-news.com/,confirmed,https://explorer.ooni.org/m/20260331105714.360932_KR_webconnectivity_6889b1e93106d66a
https://www.darpa.mil/,ok,https://explorer.ooni.org/m/20260331105730.676516_KR_webconnectivity_7c040cd5a52fde35
https://www.dea.gov/,ok,https://explorer.ooni.org/m/20260331105733.870543_KR_webconnectivity_7dc473d2ae78e31f
https://www.deathmetal.org/,ok,https://explorer.ooni.org/m/20260331105743.194113_KR_webconnectivity_96720b781e2c980f
https://www.defense.gov/,ok,https://explorer.ooni.org/m/20260331105745.911089_KR_webconnectivity_fb2f7592c57213ed
https://www.dia.mil/,ok,https://explorer.ooni.org/m/20260331105750.071728_KR_webconnectivity_d5dd8485b58397e4
https://www.dictionary.com/,ok,https://explorer.ooni.org/m/20260331105754.662703_KR_webconnectivity_332b5b882f5f2e8d
http://www.dprk-book.com/,tcp_ip,https://explorer.ooni.org/m/20260331105841.311081_KR_webconnectivity_69d5b8e737c4d824
http://www.dprkorea.com/,dns,https://explorer.ooni.org/m/20260331105850.558665_KR_webconnectivity_229372538f7bb150
https://www.dropbox.com/,ok,https://explorer.ooni.org/m/20260331105903.999797_KR_webconnectivity_811b757b9e991f04
https://www.epa.gov/,ok,https://explorer.ooni.org/m/20260331105912.312237_KR_webconnectivity_9fc5ac69c8022c26
https://www.eventbrite.com/,ok,https://explorer.ooni.org/m/20260331105927.473707_KR_webconnectivity_586fdfbe00b0d4b3
http://www.fileguri.com/,http-failure,https://explorer.ooni.org/m/20260331105930.561488_KR_webconnectivity_69d32aa6978ca2ae
http://www.filenori.com/,ok,https://explorer.ooni.org/m/20260331105932.971978_KR_webconnectivity_afad85a14722ef50
http://www.foreignaffairs.org/,ok,https://explorer.ooni.org/m/20260331105942.904000_KR_webconnectivity_df8c753afbae8b61
http://www.fsb.ru/,ok,https://explorer.ooni.org/m/20260331105953.973017_KR_webconnectivity_764d1655dd1a80ab
https://www.fsf.org/,error,https://explorer.ooni.org/m/20260331105957.013271_KR_webconnectivity_72ebda39fb2328ad
https://www.gawker.com/,ok,https://explorer.ooni.org/m/20260331110003.966408_KR_webconnectivity_f495c6726a31faf6
https://www.globalpolicy.org/,ok,https://explorer.ooni.org/m/20260331110017.221963_KR_webconnectivity_f5e71c2b5274923f
https://www.goodreads.com/,ok,https://explorer.ooni.org/m/20260331110036.152245_KR_webconnectivity_e987bc756b610fca
https://www.gov.uk/,ok,https://explorer.ooni.org/m/20260331110048.898204_KR_webconnectivity_c22307ea8c647c10
https://www.gutenberg.org/,ok,https://explorer.ooni.org/m/20260331110105.729969_KR_webconnectivity_180aa4629a21c24c
http://www.hanguksa.org/,ok,https://explorer.ooni.org/m/20260331110114.375850_KR_webconnectivity_dd8d0a55951c1248
http://www.hisedu.or.kr/,ok,https://explorer.ooni.org/m/20260331110127.159203_KR_webconnectivity_a6442720211c60df
http://www.honamhistory.org/,ok,https://explorer.ooni.org/m/20260331110132.927359_KR_webconnectivity_fb126aae58e2c9ac
http://www.honduras.com/,ok,https://explorer.ooni.org/m/20260331110149.332993_KR_webconnectivity_cf657ae14e87e229
https://www.iaru.org/,ok,https://explorer.ooni.org/m/20260331110159.130524_KR_webconnectivity_c95717dcf03e9473
https://www.ibe.unesco.org/,ok,https://explorer.ooni.org/m/20260331110219.793795_KR_webconnectivity_62901585e73e91ac
https://www.icrc.org/,ok,https://explorer.ooni.org/m/20260331110231.214552_KR_webconnectivity_ef537c9bda158ad3
https://www.ideasbeyondborders.org/,ok,https://explorer.ooni.org/m/20260331110243.678159_KR_webconnectivity_808a027dbee9818f
http://www.iea.org/,ok,https://explorer.ooni.org/m/20260331110302.266155_KR_webconnectivity_dc0bc8b9a65d2bb2
https://www.ifrc.org/,ok,https://explorer.ooni.org/m/20260331110307.325675_KR_webconnectivity_7c88f7164320ca09
http://www.ihr.org/,ok,https://explorer.ooni.org/m/20260331110327.883410_KR_webconnectivity_ee467eec81389f9e
https://www.ilo.org/,ok,https://explorer.ooni.org/m/20260331110338.343710_KR_webconnectivity_ab12d52ae596b87a
http://www.inhard.com/,ok,https://explorer.ooni.org/m/20260331110345.204898_KR_webconnectivity_0ca17b8ccedc273b
https://www.interpol.int/,ok,https://explorer.ooni.org/m/20260331110353.248615_KR_webconnectivity_6a6ba0611ff09403
https://www.isa.org.jm/,ok,https://explorer.ooni.org/m/20260331110415.015066_KR_webconnectivity_e2193efd13631aa2
http://www.isj.org.uk/,ok,https://explorer.ooni.org/m/20260331110427.915214_KR_webconnectivity_6e0b205457b52d62
http://www.jjangfile.net/,dns,https://explorer.ooni.org/m/20260331110443.694657_KR_webconnectivity_77c1db90d65a0c8d
https://www.jsf.mil/,ok,https://explorer.ooni.org/m/20260331110452.006776_KR_webconnectivity_95d7d48200d49d3b
http://www.kancc.org/,confirmed,https://explorer.ooni.org/m/20260331110503.732910_KR_webconnectivity_1e04f48fa4694723
http://www.kcckp.net/,confirmed,https://explorer.ooni.org/m/20260331110514.381098_KR_webconnectivity_aefc5d697b5d5612
http://www.kdvr.de/,ok,https://explorer.ooni.org/m/20260331110523.014365_KR_webconnectivity_68aa45f805433b35
https://www.khanacademy.org/,ok,https://explorer.ooni.org/m/20260331110538.268698_KR_webconnectivity_014fe48338ba6d8c
http://www.kickassclassical.com/,dns,https://explorer.ooni.org/m/20260331110555.232465_KR_webconnectivity_5f6bf4f74bf25c4c
http://www.korea-dpr.com/,confirmed,https://explorer.ooni.org/m/20260331110601.641210_KR_webconnectivity_18788de03ea9d237
http://www.korea-dpr.com/menu.htm,confirmed,https://explorer.ooni.org/m/20260331110605.331504_KR_webconnectivity_c445e33e97f1325f
http://www.korea-dpr.com/users/jisge/,confirmed,https://explorer.ooni.org/m/20260331110608.670785_KR_webconnectivity_23ddca9e565a0fe9
http://www.korea-is-one.org/,tcp_ip,https://explorer.ooni.org/m/20260331110611.936490_KR_webconnectivity_df1b5cde8126e93f
http://www.korea-is-one.org/rubrique.php3?id_rubrique=5,tcp_ip,https://explorer.ooni.org/m/20260331110615.389647_KR_webconnectivity_e7e931794d478377
http://www.korea-np.co.jp/,tcp_ip,https://explorer.ooni.org/m/20260331110625.921720_KR_webconnectivity_fa5004a3148dcf64
http://www.koreanhistory.org/,ok,https://explorer.ooni.org/m/20260331110631.340642_KR_webconnectivity_245b584901e57ac7
https://www.marxists.org/,ok,https://explorer.ooni.org/m/20260331110637.300090_KR_webconnectivity_4498f7d0d59708d5
http://www.metal-archives.com/,ok,https://explorer.ooni.org/m/20260331110642.832441_KR_webconnectivity_1c0d5a08844bdb6d
http://www.minjok.com/,dns,https://explorer.ooni.org/m/20260331110646.140485_KR_webconnectivity_f3843f01a16b2a9c
http://www.mnr.gov.cn/,dns,https://explorer.ooni.org/m/20260331110656.823078_KR_webconnectivity_9c1009f0fb8f72c6
http://www.monkey3.co.kr/,dns,https://explorer.ooni.org/m/20260331110704.355399_KR_webconnectivity_2670f45e1ca892d3
https://www.mozilla.org/,ok,https://explorer.ooni.org/m/20260331110724.460722_KR_webconnectivity_3293aa77d3393fba
https://www.mp3.com/,dns,https://explorer.ooni.org/m/20260331110815.287684_KR_webconnectivity_0aa4f0a03d6a3315
https://www.musixmatch.com/,ok,https://explorer.ooni.org/m/20260331110820.346093_KR_webconnectivity_9503cee12b9281c1
http://www.nato.int/,ok,https://explorer.ooni.org/m/20260331110832.692323_KR_webconnectivity_0c66aef5c5e0165c
http://www.nzeen.com/,ok,https://explorer.ooni.org/m/20260331110849.161761_KR_webconnectivity_28837d47f3e5abc4
http://www.onekorea.org/,ok,https://explorer.ooni.org/m/20260331110901.648288_KR_webconnectivity_fc4d9d6709ffc68d
http://www.opec.org/,ok,https://explorer.ooni.org/m/20260331110911.122949_KR_webconnectivity_50ce70f90bfd6480
http://www.openart.or.kr/,ok,https://explorer.ooni.org/m/20260331110919.343218_KR_webconnectivity_c7201f524ebad5b6
http://www.orangefile.com/,dns,https://explorer.ooni.org/m/20260331110922.770838_KR_webconnectivity_4cc4a2dc737b459f
https://www.osce.org/,ok,https://explorer.ooni.org/m/20260331110938.140203_KR_webconnectivity_fe7b91c66c29623e
http://www.ournation-school.com/,confirmed,https://explorer.ooni.org/m/20260331110941.262682_KR_webconnectivity_d1061305498cdf5b
https://www.overdrive.com/,ok,https://explorer.ooni.org/m/20260331110945.508046_KR_webconnectivity_a6e85db3f79e693d
http://www.pacom.mil/,ok,https://explorer.ooni.org/m/20260331110952.638444_KR_webconnectivity_f4084df5f815420b
http://www.ryongnamsan.edu.kp/,dns,https://explorer.ooni.org/m/20260331110957.788755_KR_webconnectivity_9ce6468a3d195f3a
http://www.schwarzreport.org/,ok,https://explorer.ooni.org/m/20260331111002.967799_KR_webconnectivity_2ac9b365b2046c53
https://www.scribd.com/,ok,https://explorer.ooni.org/m/20260331111014.228626_KR_webconnectivity_9ef3a95f6ed868e4
https://www.shazam.com/,ok,https://explorer.ooni.org/m/20260331111027.466139_KR_webconnectivity_7857839b1eda84f0
http://www.slsknet.org/,ok,https://explorer.ooni.org/m/20260331111035.242145_KR_webconnectivity_b82a89b6f08f5f59
http://www.socom.mil/,tcp_ip,https://explorer.ooni.org/m/20260331111135.828807_KR_webconnectivity_ee580a3141ed3d43
http://www.soribada.com/,ok,https://explorer.ooni.org/m/20260331111142.352981_KR_webconnectivity_8631eaa919cd97c0
https://www.spotify.com/,ok,https://explorer.ooni.org/m/20260331111146.896403_KR_webconnectivity_2549bd2e84ff22ee
https://www.state.gov/,ok,https://explorer.ooni.org/m/20260331111201.775600_KR_webconnectivity_2257287e4985325c
http://www.stratcom.mil/,ok,https://explorer.ooni.org/m/20260331111204.292389_KR_webconnectivity_4b1a1f75c139034e
http://www.syccr.com/,ok,https://explorer.ooni.org/m/20260331111219.968850_KR_webconnectivity_6268ad23a5ea617e
https://www.timeout.com/,ok,https://explorer.ooni.org/m/20260331111240.568278_KR_webconnectivity_b246d5a3d382584f
http://www.tmz.com/,ok,https://explorer.ooni.org/m/20260331111256.222092_KR_webconnectivity_bf3a9ca74b19d8a6
https://www.un.int/,ok,https://explorer.ooni.org/m/20260331111316.171614_KR_webconnectivity_0764af4c145e6a40
https://www.un.org/,ok,https://explorer.ooni.org/m/20260331111322.778541_KR_webconnectivity_fc872fcac8a77d8b
https://www.undp.org/,ok,https://explorer.ooni.org/m/20260331111325.976543_KR_webconnectivity_62e63d15ee354e19
https://www.unwomen.org/,ok,https://explorer.ooni.org/m/20260331111341.509413_KR_webconnectivity_dfdf4a05347ef918
http://www.uriminzokkiri.com/,tcp_ip,https://explorer.ooni.org/m/20260331111429.356531_KR_webconnectivity_3dc32db580fee0e7
http://www.uscg.mil/,ok,https://explorer.ooni.org/m/20260331111431.867594_KR_webconnectivity_225aa9548a51e6a3
https://www.ushmm.org/,ok,https://explorer.ooni.org/m/20260331111456.303239_KR_webconnectivity_b38d674b5cc0c209
https://www.utorrent.com/,ok,https://explorer.ooni.org/m/20260331111515.664186_KR_webconnectivity_0fca80235f748d9f
http://www.vibe.com/,ok,https://explorer.ooni.org/m/20260331111526.663818_KR_webconnectivity_9a66ee755aba90de
https://www.videolan.org/,ok,https://explorer.ooni.org/m/20260331111538.045133_KR_webconnectivity_5085fe9e1da3e7b5
https://www.wfp.org/,ok,https://explorer.ooni.org/m/20260331111549.183016_KR_webconnectivity_2c41be416ce70395
https://www.wikipedia.org/,ok,https://explorer.ooni.org/m/20260331111603.995155_KR_webconnectivity_26382f59a9ef50e0
https://www.wiktionary.org/,ok,https://explorer.ooni.org/m/20260331111613.865173_KR_webconnectivity_9e614efcecc76697
https://www.xinjiang.gov.cn/,ok,https://explorer.ooni.org/m/20260331111624.486615_KR_webconnectivity_5eac1d25c45f1fe0
http://www.xxlmag.com/,ok,https://explorer.ooni.org/m/20260331111642.611405_KR_webconnectivity_a16d3ad83e601700
https://www.zoho.com/,ok,https://explorer.ooni.org/m/20260331111649.155007_KR_webconnectivity_bd49c7f84b671733
https://z-lib.org/,error,https://explorer.ooni.org/m/20260331111652.677825_KR_webconnectivity_9c487560c351142c
https://zh.wikipedia.org/,ok,https://explorer.ooni.org/m/20260331111708.519332_KR_webconnectivity_b0dd28324e863a37
https://www.reddit.com/,dns,https://explorer.ooni.org/m/20260331111709.538593_KR_webconnectivity_03cac19068c8d9b4
https://telegram.org/,dns,https://explorer.ooni.org/m/20260331111710.704571_KR_webconnectivity_0759ccd2b4ca6eb8
https://adultfriendfinder.com/,dns,https://explorer.ooni.org/m/20260331111713.183550_KR_webconnectivity_8c36e7c695f0d710
https://alt.com/,dns,https://explorer.ooni.org/m/20260331111714.960643_KR_webconnectivity_06d72729a49282a6
https://amphetamines.com/,ok,https://explorer.ooni.org/m/20260331111721.268369_KR_webconnectivity_324239e5d74ca159
http://asiafriendfinder.com/,dns,https://explorer.ooni.org/m/20260331111724.216514_KR_webconnectivity_3c56dd0f1205f137
http://asiansmaster.com/,dns,https://explorer.ooni.org/m/20260331111736.458233_KR_webconnectivity_4a973c18d67c77e9
http://betasia.com/,dns,https://explorer.ooni.org/m/20260331111737.744172_KR_webconnectivity_d798a9b78ddcded7
https://btggaming.com/,dns,https://explorer.ooni.org/m/20260331111739.900008_KR_webconnectivity_e90999499282119a
http://cafe.daum.net/amc21,ok,https://explorer.ooni.org/m/20260331111742.784745_KR_webconnectivity_eed8ffb2b4c3242b
http://cafe.daum.net/dacultureNO,ok,https://explorer.ooni.org/m/20260331111746.584015_KR_webconnectivity_347250956a4626c7
http://cafe.naver.com/mansdotcom,ok,https://explorer.ooni.org/m/20260331111750.209792_KR_webconnectivity_c1bbb7c5ae7ca1bf
http://cafe.naver.com/rtbnmm/,ok,https://explorer.ooni.org/m/20260331111813.119844_KR_webconnectivity_f1761d9beb216735
http://creamasia.com/,dns,https://explorer.ooni.org/m/20260331111815.744498_KR_webconnectivity_3438ac01c7011561
https://dailystormer.in/,dns,https://explorer.ooni.org/m/20260331111816.996217_KR_webconnectivity_013507c525770be5
https://drugs-forum.com/,dns,https://explorer.ooni.org/m/20260331111818.193736_KR_webconnectivity_209993b36a673756
https://eln-voces.net/,ok,https://explorer.ooni.org/m/20260331111840.177130_KR_webconnectivity_048063ad92497774
https://europedatingonline.com/,dns,https://explorer.ooni.org/m/20260331111841.470968_KR_webconnectivity_8a740e8ebba375fc
https://forum.grasscity.com/,dns,https://explorer.ooni.org/m/20260331111843.710855_KR_webconnectivity_6e5380ce16fce9ac
https://friendfinder.com/,dns,https://explorer.ooni.org/m/20260331111845.987914_KR_webconnectivity_b1a24ad8870985a0
https://godhatesfags.com/,dns,https://explorer.ooni.org/m/20260331111847.171835_KR_webconnectivity_b40db482d5ea8ea2
https://heroin.org/,dns,https://explorer.ooni.org/m/20260331111848.286431_KR_webconnectivity_054b1c24f75c700d
https://hightimes.com/,dns,https://explorer.ooni.org/m/20260331111849.952335_KR_webconnectivity_dd97a3c47429e953
https://hitomi.la/,dns,https://explorer.ooni.org/m/20260331111851.838329_KR_webconnectivity_4d322aa6790d2794
https://howtogrowmarijuana.com/,dns,https://explorer.ooni.org/m/20260331111907.892290_KR_webconnectivity_f4f669be06dc7e3d
http://indianfriendfinder.com/,dns,https://explorer.ooni.org/m/20260331111910.133402_KR_webconnectivity_f84d08b72690baa3
https://kiwifarms.net/,dns,https://explorer.ooni.org/m/20260331111926.472228_KR_webconnectivity_956843047a3319fa
http://koreanfriendfinder.com/,dns,https://explorer.ooni.org/m/20260331111929.121918_KR_webconnectivity_6734fadde810b29f
http://makemodel.net/,ok,https://explorer.ooni.org/m/20260331111939.756044_KR_webconnectivity_09a63999be83cfc7
https://maps.org/,ok,https://explorer.ooni.org/m/20260331111949.516111_KR_webconnectivity_778939a85ae00646
http://mingky.org/,dns,https://explorer.ooni.org/m/20260331111951.203378_KR_webconnectivity_2f97a577b13f10ec
http://ndfsk.dyndns.org/kuguk8/Title1.htm,ok,https://explorer.ooni.org/m/20260331111952.241804_KR_webconnectivity_a5e05d20af0c4e3b
https://norml.org/,dns,https://explorer.ooni.org/m/20260331111956.398103_KR_webconnectivity_550bddb1a5f836a3
https://nsdapao.info/,dns,https://explorer.ooni.org/m/20260331112012.407346_KR_webconnectivity_a9e57f8694ef135b
http://onlybingo.com/,dns,https://explorer.ooni.org/m/20260331112028.538056_KR_webconnectivity_a95088fd03b4d103
https://onlyfans.com/,dns,https://explorer.ooni.org/m/20260331112029.961111_KR_webconnectivity_8afda634e04a70d3
https://panties.com/,dns,https://explorer.ooni.org/m/20260331112031.490409_KR_webconnectivity_079845b66d135a6a
http://sexkorea.net/,dns,https://explorer.ooni.org/m/20260331112037.369872_KR_webconnectivity_c852e69a378c21a9
http://thaigirls.net/,dns,https://explorer.ooni.org/m/20260331112038.890779_KR_webconnectivity_f55bd7c37cc1c1d5
https://trashy.com/,dns,https://explorer.ooni.org/m/20260331112040.586461_KR_webconnectivity_f88a94dd3d9dcffa
http://user.chollian.net/,dns,https://explorer.ooni.org/m/20260331112043.594539_KR_webconnectivity_13498b42abb76209
http://user.chollian.net/~yesooj/mincho/deama.htm,dns,https://explorer.ooni.org/m/20260331112046.521280_KR_webconnectivity_15f452c8026763a7
http://via89.kr/,ok,https://explorer.ooni.org/m/20260331112047.359020_KR_webconnectivity_9b3fa66c3852e519
http://video.fc2.com/ko/a/,dns,https://explorer.ooni.org/m/20260331112049.682047_KR_webconnectivity_8842b2c6224cb882
https://weedmaps.com/,dns,https://explorer.ooni.org/m/20260331112050.972135_KR_webconnectivity_2d2a94808ca61b96
https://worldsingles.com/,dns,https://explorer.ooni.org/m/20260331112052.029622_KR_webconnectivity_7fb8f5fb9fb9316e
https://www.3wishes.com/,dns,https://explorer.ooni.org/m/20260331112053.325696_KR_webconnectivity_2a99e9ae55fcc357
http://www.4online-gambling.com/,dns,https://explorer.ooni.org/m/20260331112054.564693_KR_webconnectivity_7a38f56ac662f173
http://www.888casino.com/,dns,https://explorer.ooni.org/m/20260331112055.323310_KR_webconnectivity_348787a05da5eaa4
http://www.absinth.com/,ok,https://explorer.ooni.org/m/20260331112058.647774_KR_webconnectivity_16e3168bf7b8d327
http://www.absolut.com/,ok,https://explorer.ooni.org/m/20260331112100.712577_KR_webconnectivity_d67d31ef24f9f650
https://www.americannaziparty.com/,ok,https://explorer.ooni.org/m/20260331112108.174508_KR_webconnectivity_cdc28583c7837c92
https://www.ariannelingerie.com/,dns,https://explorer.ooni.org/m/20260331112110.126826_KR_webconnectivity_9994f6ebb6331938
https://www.ashleymadison.com/,dns,https://explorer.ooni.org/m/20260331112111.687456_KR_webconnectivity_3a1482db2ba6489f
http://www.asiabynight.com/,dns,https://explorer.ooni.org/m/20260331112127.390253_KR_webconnectivity_0e299e99090fab4f
https://www.bacardi.com/,ok,https://explorer.ooni.org/m/20260331112141.590562_KR_webconnectivity_ae6344f8ef45313b
http://www.barmeister.com/,ok,https://explorer.ooni.org/m/20260331112143.831018_KR_webconnectivity_5c0885429cd00dee
https://www.bat.com/,ok,https://explorer.ooni.org/m/20260331112159.768576_KR_webconnectivity_f793c073247caf81
http://www.beer.com/,ok,https://explorer.ooni.org/m/20260331112213.762915_KR_webconnectivity_c8feb95e09e91bf5
https://www.beerinfo.com/,ok,https://explorer.ooni.org/m/20260331112231.426968_KR_webconnectivity_c27a475e092c7f2b
http://www.bglad.com/,dns,https://explorer.ooni.org/m/20260331112234.371247_KR_webconnectivity_fa3640cf3187442e
http://www.blackjackinfo.com/,dns,https://explorer.ooni.org/m/20260331112236.882265_KR_webconnectivity_4e489e38dc7b920d
https://www.bravoporn.com/,dns,https://explorer.ooni.org/m/20260331112237.714615_KR_webconnectivity_f0c6cad71aa2d525
http://www.budweiser.com/,ok,https://explorer.ooni.org/m/20260331112248.883753_KR_webconnectivity_4c33208026993ded
https://www.buydutchseeds.com/,dns,https://explorer.ooni.org/m/20260331112250.023067_KR_webconnectivity_c7f302034096137f
https://www.casino.com/,dns,https://explorer.ooni.org/m/20260331112251.082876_KR_webconnectivity_423c8df5c455a4c4
http://www.casinotropez.com/,dns,https://explorer.ooni.org/m/20260331112252.567604_KR_webconnectivity_157ae027b5266659
http://www.chantelle.com/,dns,https://explorer.ooni.org/m/20260331112259.350948_KR_webconnectivity_cac8e358cead0511
https://www.churchofeuthanasia.org/,dns,https://explorer.ooni.org/m/20260331112301.176133_KR_webconnectivity_bde28063644a2391
http://www.columbus25.com/,ok,https://explorer.ooni.org/m/20260331112302.374308_KR_webconnectivity_9aaf26e56ab57eed
http://www.coquette.com/,dns,https://explorer.ooni.org/m/20260331112303.966318_KR_webconnectivity_93617560167c5efe
http://www.date.com/,dns,https://explorer.ooni.org/m/20260331112306.731351_KR_webconnectivity_074c4e13c5fb2182
https://www.dating.com/,dns,https://explorer.ooni.org/m/20260331112307.812718_KR_webconnectivity_d20195d6b65d76f1
http://www.dekaron.co.kr/,dns,https://explorer.ooni.org/m/20260331112311.074709_KR_webconnectivity_0e9ed3263ba065a5
http://www.delicates.co.uk/,ok,https://explorer.ooni.org/m/20260331112336.816445_KR_webconnectivity_c51b66b49c4534e2
https://www.dextroverse.org/,ok,https://explorer.ooni.org/m/20260331112343.247016_KR_webconnectivity_1d57ca1517dcd370
https://www.drugsdata.org/,dns,https://explorer.ooni.org/m/20260331112347.082988_KR_webconnectivity_f0e23cf311ed6914
http://www.drugsense.org/,ok,https://explorer.ooni.org/m/20260331112354.207633_KR_webconnectivity_ab76d2c2696830bd
http://www.dsnet.co.kr/,ok,https://explorer.ooni.org/m/20260331112410.556377_KR_webconnectivity_d748083f50f4f2c8
https://www.eharmony.com/,dns,https://explorer.ooni.org/m/20260331112412.529351_KR_webconnectivity_30bda82752f2a060
https://www.erowid.org/,tcp_ip,https://explorer.ooni.org/m/20260331112447.170005_KR_webconnectivity_ea77e71aff2cb79d
http://www.forbiddenasian.com/,dns,https://explorer.ooni.org/m/20260331112450.186701_KR_webconnectivity_83b1ffd443270cb6
http://www.freshpair.com/,dns,https://explorer.ooni.org/m/20260331112451.992831_KR_webconnectivity_bc248d9ded56f20d
http://www.fuckingfreemovies.com/,dns,https://explorer.ooni.org/m/20260331112453.881041_KR_webconnectivity_fe8e133bc81709aa
https://www.gambling.com/,dns,https://explorer.ooni.org/m/20260331112454.897740_KR_webconnectivity_18bfff3899e77786
http://www.gamemeca.com/,dns,https://explorer.ooni.org/m/20260331112458.493353_KR_webconnectivity_7a03a12ab8c0f4b9
http://www.gamespot.co.kr/,dns,https://explorer.ooni.org/m/20260331112501.839898_KR_webconnectivity_c726c90b73402620
http://www.gayapatal.com/,dns,https://explorer.ooni.org/m/20260331112503.138567_KR_webconnectivity_289e9e6e9fc45c1b
http://www.globalfire.tv/,ok,https://explorer.ooni.org/m/20260331112511.687826_KR_webconnectivity_c89a6e485e2d0c6e
https://www.goldenpalace.com/,dns,https://explorer.ooni.org/m/20260331112513.305606_KR_webconnectivity_bb179f6d4ff103db
http://www.goldenrivieracasino.com/,dns,https://explorer.ooni.org/m/20260331112515.267633_KR_webconnectivity_f4593d669938c70c
http://www.gotgayporn.com/,dns,https://explorer.ooni.org/m/20260331112517.527308_KR_webconnectivity_8107bcb1a067f7cb
http://www.hanes.com/,ok,https://explorer.ooni.org/m/20260331112519.677705_KR_webconnectivity_4068fdcb8769f44c
https://www.happn.com/,dns,https://explorer.ooni.org/m/20260331112520.873535_KR_webconnectivity_227db3d129d9e041
http://www.hiliq.net/,ok,https://explorer.ooni.org/m/20260331112539.754948_KR_webconnectivity_f3e7c006eda75ddf
http://www.i-um.com/,dns,https://explorer.ooni.org/m/20260331112541.757356_KR_webconnectivity_a9b0223448d8fd44
http://www.ilbe.com/,dns,https://explorer.ooni.org/m/20260331112544.297636_KR_webconnectivity_7940a17954711a02
http://www.indianporngirls.com/,dns,https://explorer.ooni.org/m/20260331112547.057031_KR_webconnectivity_19953658bbf9fbb8
https://www.ipair.com/,dns,https://explorer.ooni.org/m/20260331112548.879621_KR_webconnectivity_7588f13606c9cfaa
http://www.jackdaniels.com/,ok,https://explorer.ooni.org/m/20260331112605.155643_KR_webconnectivity_930b0c453ecbf308
https://www.jackpotcitycasino1.com/,dns,https://explorer.ooni.org/m/20260331112607.386414_KR_webconnectivity_fcd41687ebe43f74
https://www.jdate.com/,dns,https://explorer.ooni.org/m/20260331112608.496138_KR_webconnectivity_b19fa135d5509442
http://www.joyhunting.com/,dns,https://explorer.ooni.org/m/20260331112625.375086_KR_webconnectivity_fc77b2bc49602231
http://www.jupae.com/,ok,https://explorer.ooni.org/m/20260331112643.820500_KR_webconnectivity_e0a8d95f6d9196dc
http://www.lesbiansubmission.com/,dns,https://explorer.ooni.org/m/20260331112646.199353_KR_webconnectivity_0cd7f2c7cab4f01e
http://www.lineage.co.kr/,dns,https://explorer.ooni.org/m/20260331112650.649269_KR_webconnectivity_dfd0084f5ce15e33
https://www.lovoo.com/,dns,https://explorer.ooni.org/m/20260331112652.144556_KR_webconnectivity_6f2184b3044705cb
http://www.luckynugget.com/,dns,https://explorer.ooni.org/m/20260331112653.992627_KR_webconnectivity_de7c1ec993689747
http://www.marijuanatravels.com/,dns,https://explorer.ooni.org/m/20260331112709.823970_KR_webconnectivity_bbf5bf71ad7970ce
http://www.mgame.com/,dns,https://explorer.ooni.org/m/20260331112712.113221_KR_webconnectivity_60f4780be99e4624
http://www.moderndrunkardmagazine.com/,ok,https://explorer.ooni.org/m/20260331112746.028574_KR_webconnectivity_8d7057a529cc5f39
http://www.monacogoldcasino.com/,dns,https://explorer.ooni.org/m/20260331112748.066750_KR_webconnectivity_2a457716fbf35f04
http://www.mrchewsasianbeaver.com/,dns,https://explorer.ooni.org/m/20260331112751.784914_KR_webconnectivity_a31c2f8fad5461e4
https://www.onlinegambling.com/,dns,https://explorer.ooni.org/m/20260331112753.828552_KR_webconnectivity_20e214658b5f2b2b
http://www.originalelf.com/,error,https://explorer.ooni.org/m/20260331112801.079647_KR_webconnectivity_37cbe6ed50ee54c7
http://www.partypoker.com/,dns,https://explorer.ooni.org/m/20260331112802.999812_KR_webconnectivity_62f4ea552678f2b4
https://www.partypoker.net/,dns,https://explorer.ooni.org/m/20260331112804.282470_KR_webconnectivity_74d8bc502382f8d9
https://www.playboy.com/,dns,https://explorer.ooni.org/m/20260331112805.764997_KR_webconnectivity_25bf215d66c47506
https://www.pmi.com/,ok,https://explorer.ooni.org/m/20260331112820.671238_KR_webconnectivity_1af3cc32cd4a9dd8
http://www.pof.com/,dns,https://explorer.ooni.org/m/20260331112822.235050_KR_webconnectivity_76e9d3eee5774d49
http://www.poker.com/,dns,https://explorer.ooni.org/m/20260331112823.356418_KR_webconnectivity_3308fb368134d58e
http://www.ranking.co.kr/,dns,https://explorer.ooni.org/m/20260331112828.021678_KR_webconnectivity_872f31123f99e500
http://www.realbeer.com/,ok,https://explorer.ooni.org/m/20260331112831.597339_KR_webconnectivity_ffe98ee235d76909
http://www.riverbelle.com/,dns,https://explorer.ooni.org/m/20260331112833.524180_KR_webconnectivity_9fdfb5ae56d8c117
http://www.rollitup.org/,dns,https://explorer.ooni.org/m/20260331112835.357079_KR_webconnectivity_80f8c4decd0bf477
http://www.royalvegas-casino-kr.com/,dns,https://explorer.ooni.org/m/20260331112838.231482_KR_webconnectivity_40e5c4b6964b2985
http://www.royalvegas.com/,dns,https://explorer.ooni.org/m/20260331112840.553426_KR_webconnectivity_36cfabd5fec3820c
http://www.rxmarijuana.com/,dns,https://explorer.ooni.org/m/20260331112842.777689_KR_webconnectivity_65f9d860815c4989
http://www.satp.org/,ok,https://explorer.ooni.org/m/20260331112856.441312_KR_webconnectivity_0874b10bd42652a6
http://www.sex.com/,dns,https://explorer.ooni.org/m/20260331112858.120654_KR_webconnectivity_362c97140834936b
https://www.shroomery.org/,dns,https://explorer.ooni.org/m/20260331112900.193871_KR_webconnectivity_6594b6f055669769
http://www.slotland.com/,dns,https://explorer.ooni.org/m/20260331112901.744246_KR_webconnectivity_0619a5a4300174b8
http://www.soramall.kr/,dns,https://explorer.ooni.org/m/20260331112918.944646_KR_webconnectivity_aafcb3c7a8e93a54
https://www.spark.com/,dns,https://explorer.ooni.org/m/20260331112920.420288_KR_webconnectivity_e6fd2cd114885486
http://www.speeddater.co.uk/,ok,https://explorer.ooni.org/m/20260331112925.257329_KR_webconnectivity_698fe800fdd281ff
http://www.spinpalace.com/,dns,https://explorer.ooni.org/m/20260331112927.829450_KR_webconnectivity_f591ba1b4a6c3140
http://www.sportingbet.com/,dns,https://explorer.ooni.org/m/20260331112928.909346_KR_webconnectivity_831979fbab5cc1a3
http://www.sportsinteraction.com/,dns,https://explorer.ooni.org/m/20260331112930.940696_KR_webconnectivity_61e3004cd2f88b88
http://www.taima.org/,dns,https://explorer.ooni.org/m/20260331112934.115463_KR_webconnectivity_bbeabd9d73e2e038
http://www.tobacco.org/,ok,https://explorer.ooni.org/m/20260331112936.213243_KR_webconnectivity_ca86de43af65af3b
http://www.topdrawers.com/,dns,https://explorer.ooni.org/m/20260331112937.796959_KR_webconnectivity_6b547b892b10f7c8
http://www.vanguardnewsnetwork.com/,ok,https://explorer.ooni.org/m/20260331112940.694305_KR_webconnectivity_304cac84cd89a500
http://www.venus.com/,dns,https://explorer.ooni.org/m/20260331112941.813569_KR_webconnectivity_0135fdefcad57270
https://www.victoriassecret.com/,dns,https://explorer.ooni.org/m/20260331112943.845289_KR_webconnectivity_c598210fd064416a
http://www.wegames.net/,dns,https://explorer.ooni.org/m/20260331112945.724098_KR_webconnectivity_789f9f57f99ff2e1
http://www.winespectator.com/,ok,https://explorer.ooni.org/m/20260331113002.953338_KR_webconnectivity_5c6e59cef930f48e
http://www.xvideos.com/,dns,https://explorer.ooni.org/m/20260331113006.213424_KR_webconnectivity_7407a3816d2d6983
https://www.xvideos.com/,dns,https://explorer.ooni.org/m/20260331113008.285304_KR_webconnectivity_3eb64a490e071b2b
https://www.youporn.com/,dns,https://explorer.ooni.org/m/20260331113010.746250_KR_webconnectivity_fdec077e7d4bcb70
https://xhamster.com/,dns,https://explorer.ooni.org/m/20260331113012.207975_KR_webconnectivity_8d1a513f3feba301
http://ywoos.com/,dns,https://explorer.ooni.org/m/20260331113027.927499_KR_webconnectivity_7930641a3e4f4735
http://www.inetprivacy.com/,dns,https://explorer.ooni.org/m/20260331113028.701037_KR_webconnectivity_ac1fd00c1cb80c0b
http://www.mfasia.org/,error,https://explorer.ooni.org/m/20260331113045.641057_KR_webconnectivity_5868392c01e905ce
http://www.newsweekasia.com/,ok,https://explorer.ooni.org/m/20260331113113.582910_KR_webconnectivity_2c82e31145e50f1c
http://www.publiuspundit.com/,ok,https://explorer.ooni.org/m/20260331113127.469228_KR_webconnectivity_1e866fbc086e1ba5
http://www.seapa.org/,tcp_ip,https://explorer.ooni.org/m/20260331113129.004635_KR_webconnectivity_04188c14a0b8828c
http://www.seapabkk.org/,dns,https://explorer.ooni.org/m/20260331113133.224922_KR_webconnectivity_ac31039cc27e0803
http://www.taipeitimes.com/,ok,https://explorer.ooni.org/m/20260331113147.442139_KR_webconnectivity_fb7c038a0e0e1b10
http://www.zdnetasia.com/,ok,https://explorer.ooni.org/m/20260331113206.645588_KR_webconnectivity_8c2ef5a977d24a92
"http://www.zdnetasia.com/downloads/pc/swinfo/0,39043052,39222404s,00.htm",ok,https://explorer.ooni.org/m/20260331113222.011472_KR_webconnectivity_83b6f76c0bd304bc
https://www.wechat.com/,ok,https://explorer.ooni.org/m/20260331113223.688505_KR_webconnectivity_a91523367d570bd7
http://adb.org/,ok,https://explorer.ooni.org/m/20260331113244.219862_KR_webconnectivity_aacb7dc6e10d6cbb
https://alignpay.com/,dns,https://explorer.ooni.org/m/20260331113300.289463_KR_webconnectivity_c567a6690988d16a
https://api.revenuecat.com/,ok,https://explorer.ooni.org/m/20260331113320.474980_KR_webconnectivity_1ae34a86114dcbd6
https://apis.google.com/robots.txt,ok,https://explorer.ooni.org/m/20260331113335.559728_KR_webconnectivity_c2f348d843235a6c
http://archive.ubuntu.com/,ok,https://explorer.ooni.org/m/20260331113341.314838_KR_webconnectivity_35daf0c21e6aaf91
https://astalavista.box.sk/,dns,https://explorer.ooni.org/m/20260331113342.736721_KR_webconnectivity_1cab31dca2655744
https://attrition.org/,ok,https://explorer.ooni.org/m/20260331113346.920853_KR_webconnectivity_a391da33c2c3b8cd
https://beacondb.net/,ok,https://explorer.ooni.org/m/20260331113351.243753_KR_webconnectivity_27bce45821a70c13
https://bitcoin.org/,dns,https://explorer.ooni.org/m/20260331113352.656085_KR_webconnectivity_bd6432083a3792e9
https://bitcoin.sipa.be/,dns,https://explorer.ooni.org/m/20260331113353.886928_KR_webconnectivity_5a8e6ba8015f62c5
https://blockdx.co/,error,https://explorer.ooni.org/m/20260331113356.394712_KR_webconnectivity_d4978bf4fd2da6f0
https://blog.counter-strike.net/,dns,https://explorer.ooni.org/m/20260331113358.245713_KR_webconnectivity_910035038ae4ba11
https://blog.mozilla.org/,ok,https://explorer.ooni.org/m/20260331113408.669935_KR_webconnectivity_d09e52a5bd602280
https://bogus.d2a8n1.rootcanary.net/,ok,https://explorer.ooni.org/m/20260331113414.249006_KR_webconnectivity_89db47175824103b
https://brave.com/,ok,https://explorer.ooni.org/m/20260331113434.942800_KR_webconnectivity_c8143409106cb834
https://bughunters.google.com/,ok,https://explorer.ooni.org/m/20260331113438.525434_KR_webconnectivity_54760572c7a668a8
https://cdnjs.com/,ok,https://explorer.ooni.org/m/20260331113447.715956_KR_webconnectivity_2aac5ca44491f7f5
http://clients3.google.com/generate_204,ok,https://explorer.ooni.org/m/20260331113450.084389_KR_webconnectivity_f56237862887abf3
https://clients5.google.com/robots.txt,ok,https://explorer.ooni.org/m/20260331113453.863503_KR_webconnectivity_79700587dda621ef
https://company.wizards.com/,dns,https://explorer.ooni.org/m/20260331113456.121964_KR_webconnectivity_3b6a78a3cd333cad
http://connect.rom.miui.com/generate_204,ok,https://explorer.ooni.org/m/20260331113459.341681_KR_webconnectivity_a3215aac13fc2b89
http://connectivitycheck.android.com/generate_204,ok,https://explorer.ooni.org/m/20260331113501.872267_KR_webconnectivity_3f3e4e8643f5687e
http://connectivitycheck.gstatic.com/generate_204,ok,https://explorer.ooni.org/m/20260331113503.762291_KR_webconnectivity_cc7d24d6f82d3c9f
https://cultdeadcow.com/,dns,https://explorer.ooni.org/m/20260331113505.271246_KR_webconnectivity_2fd9c3bd8f0c4717
https://dashjr.org/,dns,https://explorer.ooni.org/m/20260331113506.969087_KR_webconnectivity_e2580f399a67b9e9
https://defcon.org/,ok,https://explorer.ooni.org/m/20260331113516.672301_KR_webconnectivity_64ffa862b170bbf1
https://dnsleaktest.com/,dns,https://explorer.ooni.org/m/20260331113518.568471_KR_webconnectivity_fff55efc3a79c052
https://dnsviz.net/,ok,https://explorer.ooni.org/m/20260331113522.850231_KR_webconnectivity_42a673dd1563c0db
https://doubleclick.net/,ok,https://explorer.ooni.org/m/20260331113536.798073_KR_webconnectivity_78ca68bfcf0b85ab
https://earth.google.com/web/,ok,https://explorer.ooni.org/m/20260331113541.308460_KR_webconnectivity_a279eb0a54089327
https://en.miui.com/,ok,https://explorer.ooni.org/m/20260331113606.317096_KR_webconnectivity_a251099b61458656
https://epicgames.com/,dns,https://explorer.ooni.org/m/20260331113608.157604_KR_webconnectivity_cb39a6ac6f0031ca
https://etherscan.io/,dns,https://explorer.ooni.org/m/20260331113609.124958_KR_webconnectivity_3b3a41e757f482cc
https://fedoramagazine.org/,ok,https://explorer.ooni.org/m/20260331113619.340464_KR_webconnectivity_326d4f79dc57e146
https://gamersclub.gg/,dns,https://explorer.ooni.org/m/20260331113620.445912_KR_webconnectivity_73c48d837455dbeb
https://giganews.com/,dns,https://explorer.ooni.org/m/20260331113622.000867_KR_webconnectivity_bfe112fd18c931e5
http://gmarket.co.kr/,ok,https://explorer.ooni.org/m/20260331113626.282705_KR_webconnectivity_7326726c093724b2
https://hodlhodl.com/,ok,https://explorer.ooni.org/m/20260331113637.888697_KR_webconnectivity_dbedbbe26f531254
https://insecure.org/,ok,https://explorer.ooni.org/m/20260331113645.285443_KR_webconnectivity_5d8f168a5ae727aa
https://kh.google.com/rt/earth/PlanetoidMetadata,ok,https://explorer.ooni.org/m/20260331113651.593282_KR_webconnectivity_b7cfd9b13ddf46cd
https://khms0.google.com/kh/v=908?x=81&y=103&z=8,ok,https://explorer.ooni.org/m/20260331113654.685298_KR_webconnectivity_c50647ceddc6c963
https://khms1.google.com/kh/v=908?x=327&y=414&z=10,ok,https://explorer.ooni.org/m/20260331113658.271422_KR_webconnectivity_4c3f80c6697a11b2
http://knic.com.kp/,dns,https://explorer.ooni.org/m/20260331113705.255109_KR_webconnectivity_f5e730bc55bb9ed8
https://krunker.io/,dns,https://explorer.ooni.org/m/20260331113707.212122_KR_webconnectivity_24ca3c273f28cadf
https://localmonero.co/,ok,https://explorer.ooni.org/m/20260331113723.734874_KR_webconnectivity_4458256d4bff520e
https://maps.gstatic.com/tactile/basepage/grid-image.png,ok,https://explorer.ooni.org/m/20260331113726.536781_KR_webconnectivity_6b2e13b5df8b27db
https://matcha.xyz/,dns,https://explorer.ooni.org/m/20260331113727.621882_KR_webconnectivity_bf21df6930c67152
https://metasploit.com/,ok,https://explorer.ooni.org/m/20260331113736.065259_KR_webconnectivity_dda8143379a1b26f
https://moodle.org/,ok,https://explorer.ooni.org/m/20260331113746.695553_KR_webconnectivity_0ca98be7e89d4eaa
https://nemtudo.me/,dns,https://explorer.ooni.org/m/20260331113749.279056_KR_webconnectivity_2ec34328f119ca6e
http://networkcheck.kde.org/,ok,https://explorer.ooni.org/m/20260331113750.817138_KR_webconnectivity_0772c2aaddbcf646
https://nmap.org/,ok,https://explorer.ooni.org/m/20260331113755.887799_KR_webconnectivity_0cd2ea3dc70c36e2
http://nmcheck.gnome.org/check_network_status.txt,ok,https://explorer.ooni.org/m/20260331113757.514252_KR_webconnectivity_ec1123a66e20428b
https://o0.ingest.sentry.io/api/0,ok,https://explorer.ooni.org/m/20260331113759.126260_KR_webconnectivity_c9fd43fb90ac7b60
http://opportunity.org/,ok,https://explorer.ooni.org/m/20260331113803.977033_KR_webconnectivity_fdd46071a1613996
https://packetstormsecurity.com/,ok,https://explorer.ooni.org/m/20260331113811.819143_KR_webconnectivity_0f7fb95f50d933f2
http://ping.archlinux.org/,ok,https://explorer.ooni.org/m/20260331113813.634592_KR_webconnectivity_77a09e2d5879b2b6
https://plan-uk.org/,ok,https://explorer.ooni.org/m/20260331113828.235962_KR_webconnectivity_7b53f1fa04644a21
https://repo1.maven.org/,ok,https://explorer.ooni.org/m/20260331113830.690568_KR_webconnectivity_41a9ccd5673227e6
https://root-key-sentinel-is-ta-20326.d2a8n3.rootcanary.net/,ok,https://explorer.ooni.org/m/20260331113835.924573_KR_webconnectivity_9d9fd20c18b1ca6f
https://root-key-sentinel-is-ta-38696.d2a8n3.rootcanary.net/,ok,https://explorer.ooni.org/m/20260331113842.017518_KR_webconnectivity_f625680c5dc2a5e5
https://root-key-sentinel-not-ta-20326.d2a8n3.rootcanary.net/,ok,https://explorer.ooni.org/m/20260331113846.620616_KR_webconnectivity_1a7cae2d86fc4415
https://root-key-sentinel-not-ta-38696.d2a8n3.rootcanary.net/,ok,https://explorer.ooni.org/m/20260331113851.801397_KR_webconnectivity_6b11aee5de6f816a
https://s3.amazonaws.com/ooni-data/archives-raw/yaml_tar_vault.json,ok,https://explorer.ooni.org/m/20260331113907.680480_KR_webconnectivity_3e0a419d65da7519
https://seclists.org/,ok,https://explorer.ooni.org/m/20260331113921.896359_KR_webconnectivity_84f30c7e9e3bf5e0
https://sentry.io/api/0/,ok,https://explorer.ooni.org/m/20260331113924.308712_KR_webconnectivity_8280868566e779cb
https://sourceforge.net/projects/loic/,ok,https://explorer.ooni.org/m/20260331113938.511585_KR_webconnectivity_bedaa0700f6dc770
http://start.ubuntu.com/connectivity-check.html,ok,https://explorer.ooni.org/m/20260331113941.863681_KR_webconnectivity_d775de869088eefb
https://store.epicgames.com/,dns,https://explorer.ooni.org/m/20260331113942.909099_KR_webconnectivity_a2327668fb6be08d
https://store.steampowered.com/,dns,https://explorer.ooni.org/m/20260331113944.196239_KR_webconnectivity_c6d4ce021be40386
https://swift.org/,ok,https://explorer.ooni.org/m/20260331113946.507554_KR_webconnectivity_4cc5644af25c5103
https://thehackernews.com/,ok,https://explorer.ooni.org/m/20260331114004.391487_KR_webconnectivity_abcb0055e8ed14e4
https://tigerweb.ru/,ok,https://explorer.ooni.org/m/20260331114020.475335_KR_webconnectivity_997dd7245c39dbe3
https://toolbox.googleapps.com/,ok,https://explorer.ooni.org/m/20260331114027.131567_KR_webconnectivity_0cf75a4c6e97c142
https://totaljerkface.com/,dns,https://explorer.ooni.org/m/20260331114031.688910_KR_webconnectivity_9ba7d699d459c19d
https://trisquel.info/,ok,https://explorer.ooni.org/m/20260331114040.396066_KR_webconnectivity_a44c0d37330a747d
https://use-application-dns.net/,ok,https://explorer.ooni.org/m/20260331114051.115535_KR_webconnectivity_79b5f0c54ef9762c
https://wasabiwallet.io/,ok,https://explorer.ooni.org/m/20260331114103.496538_KR_webconnectivity_068d58919f11605b
https://wkkf.org/,ok,https://explorer.ooni.org/m/20260331114112.171041_KR_webconnectivity_310f5185169714e8
https://worldofwarcraft.com/,dns,https://explorer.ooni.org/m/20260331114113.887213_KR_webconnectivity_9f7e97019dce6ed7
http://wowbogo.net/,ok,https://explorer.ooni.org/m/20260331114114.944789_KR_webconnectivity_a7ca12cd71ebe908
http://www.11st.co.kr/,ok,https://explorer.ooni.org/m/20260331114118.086882_KR_webconnectivity_dd7ce38dfa03dfe9
https://www.2600.com/,dns,https://explorer.ooni.org/m/20260331114121.912316_KR_webconnectivity_63eed25ce172e62c
https://www.airbnb.co.kr/,ok,https://explorer.ooni.org/m/20260331114134.480484_KR_webconnectivity_52658f267ff43e8c
https://www.akdn.org/,ok,https://explorer.ooni.org/m/20260331114152.260017_KR_webconnectivity_4d98e06db34aae11
https://www.amazon.com/,ok,https://explorer.ooni.org/m/20260331114156.153434_KR_webconnectivity_6a0ce5a07618567b
http://www.apple.com/library/test/success.html,ok,https://explorer.ooni.org/m/20260331114157.976550_KR_webconnectivity_422982281ff9fb2a
https://www.apple.com/,ok,https://explorer.ooni.org/m/20260331114208.326996_KR_webconnectivity_f946b68db46b3030
http://www.auction.co.kr/,ok,https://explorer.ooni.org/m/20260331114216.275135_KR_webconnectivity_ec00ddc1a3e6ecfa
https://www.babbel.com/,ok,https://explorer.ooni.org/m/20260331114231.632019_KR_webconnectivity_e5231fdca9a830c9
http://www.barnesandnoble.com/,error,https://explorer.ooni.org/m/20260331114332.016660_KR_webconnectivity_dc4aed0122a4406c
http://www.blackhat.be/,dns,https://explorer.ooni.org/m/20260331114333.163130_KR_webconnectivity_bd33cb449af74ad0
https://www.blizzard.com/,dns,https://explorer.ooni.org/m/20260331114334.043879_KR_webconnectivity_a677ca8852e6156a
https://www.blockchain.com/,dns,https://explorer.ooni.org/m/20260331114335.796659_KR_webconnectivity_fbfb06b38be9d581
http://www.bobaedream.co.kr/,ok,https://explorer.ooni.org/m/20260331114343.865747_KR_webconnectivity_a3acde150083cadc
https://www.care.org/,ok,https://explorer.ooni.org/m/20260331114405.215400_KR_webconnectivity_a50c8df3904f748d
https://www.ccc.de/,ok,https://explorer.ooni.org/m/20260331114410.684673_KR_webconnectivity_71ea853647eb7db3
http://www.ccej.or.kr/,ok,https://explorer.ooni.org/m/20260331114427.102864_KR_webconnectivity_642fdf7d4760b37c
https://www.chromium.org/,ok,https://explorer.ooni.org/m/20260331114428.890724_KR_webconnectivity_7488907592b37b8f
https://www.coinbase.com/,dns,https://explorer.ooni.org/m/20260331114429.881864_KR_webconnectivity_e386b998da87dfdc
https://www.coinex.com/,dns,https://explorer.ooni.org/m/20260331114432.232474_KR_webconnectivity_24476993b2e7d971
https://www.common-fund.org/,ok,https://explorer.ooni.org/m/20260331114446.163161_KR_webconnectivity_3702f13149f9e25d
https://www.concern.net/,ok,https://explorer.ooni.org/m/20260331114504.969768_KR_webconnectivity_38bc26f7368a81cd
https://www.craigslist.org/,dns,https://explorer.ooni.org/m/20260331114508.307704_KR_webconnectivity_de0077718849dffa
https://www.crs.org/,ok,https://explorer.ooni.org/m/20260331114510.719330_KR_webconnectivity_dc1a523580834b69
http://www.cyber-pirates.org/,ok,https://explorer.ooni.org/m/20260331114536.640014_KR_webconnectivity_ad624764b4a6dfc0
https://www.darknet.org.uk/,dns,https://explorer.ooni.org/m/20260331114538.439469_KR_webconnectivity_9fa9844437b2ec6a
https://www.ddo.com/,dns,https://explorer.ooni.org/m/20260331114541.162498_KR_webconnectivity_955afd88012db1f5
https://www.ea.com/,dns,https://explorer.ooni.org/m/20260331114543.770985_KR_webconnectivity_8f8deb971877a3dc
https://www.ebay.com/,ok,https://explorer.ooni.org/m/20260331114601.945746_KR_webconnectivity_d3ebc019c9128146
https://www.eccouncil.org/,ok,https://explorer.ooni.org/m/20260331114615.919138_KR_webconnectivity_1bb44e2af32b48a9
https://www.episcopalrelief.org/,ok,https://explorer.ooni.org/m/20260331114632.661281_KR_webconnectivity_6a99d771a621a810
https://www.eveonline.com/,dns,https://explorer.ooni.org/m/20260331114633.939694_KR_webconnectivity_6f756ffc305fe7e2
https://www.exploit-db.com/,dns,https://explorer.ooni.org/m/20260331114636.202246_KR_webconnectivity_b06e1b62a61456b2
https://www.f-list.net/,dns,https://explorer.ooni.org/m/20260331114638.330500_KR_webconnectivity_426e53bc715c4268
http://www.feedtheminds.org/,tcp_ip,https://explorer.ooni.org/m/20260331114639.754282_KR_webconnectivity_b64e8c84ddc87c95
http://www.fki.or.kr/,ok,https://explorer.ooni.org/m/20260331114642.577589_KR_webconnectivity_275b08c1d385f6a4
https://www.g5.com/,dns,https://explorer.ooni.org/m/20260331114645.341706_KR_webconnectivity_f6b3f2dd4830dc9c
https://www.gazprombank.ru/,ok,https://explorer.ooni.org/m/20260331114702.816285_KR_webconnectivity_df4bc97ecceef0c6
https://www.genymotion.com/,ok,https://explorer.ooni.org/m/20260331114711.666322_KR_webconnectivity_c81371f93c0b9a65
https://www.globalgiving.org/,ok,https://explorer.ooni.org/m/20260331114715.783024_KR_webconnectivity_0d2b357a5efd73c7
https://www.gofundme.com/,ok,https://explorer.ooni.org/m/20260331114735.235897_KR_webconnectivity_7d1d7bf87ebec928
https://www.gog.com/,dns,https://explorer.ooni.org/m/20260331114737.586994_KR_webconnectivity_30280480e4cd1377
https://www.groupon.com/,ok,https://explorer.ooni.org/m/20260331114753.852379_KR_webconnectivity_d042838c716f5249
https://www.guildwars.com/,dns,https://explorer.ooni.org/m/20260331114755.009685_KR_webconnectivity_fcc80d5996a08f9a
http://www.hackhull.com/,dns,https://explorer.ooni.org/m/20260331114755.915640_KR_webconnectivity_8e38f048a9c5a957
http://www.hackinthebox.org/,tcp_ip,https://explorer.ooni.org/m/20260331114804.635047_KR_webconnectivity_2cee347152a4382f
http://www.hacktivismo.com/,dns,https://explorer.ooni.org/m/20260331114806.676826_KR_webconnectivity_06159f3a775a26ea
https://www.helvetas.ch/,ok,https://explorer.ooni.org/m/20260331114828.939661_KR_webconnectivity_1965365ab7f79eba
https://www.idrc.ca/,ok,https://explorer.ooni.org/m/20260331114843.273588_KR_webconnectivity_a18fb02a96cde8c2
https://www.ifad.org/,ok,https://explorer.ooni.org/m/20260331114846.149247_KR_webconnectivity_94cabf4745cef7a4
https://www.ifc.org/,ok,https://explorer.ooni.org/m/20260331114859.784145_KR_webconnectivity_846765339b5c7fce
https://www.imf.org/,ok,https://explorer.ooni.org/m/20260331114903.341328_KR_webconnectivity_1efa3c9f563bd968
https://www.international.gc.ca/,ok,https://explorer.ooni.org/m/20260331114909.369422_KR_webconnectivity_6626b078b249b34d
https://www.internetsociety.org/,ok,https://explorer.ooni.org/m/20260331114954.149385_KR_webconnectivity_1ffbfb39e0310a70
http://www.inven.co.kr/,dns,https://explorer.ooni.org/m/20260331114958.543868_KR_webconnectivity_2bb5811cab872c21
https://www.kali.org/,ok,https://explorer.ooni.org/m/20260331115005.738839_KR_webconnectivity_9ff85b375784cd7d
https://www.kbs-frb.be/,ok,https://explorer.ooni.org/m/20260331115021.682690_KR_webconnectivity_4a3488ed860498eb
https://www.kucoin.com/,dns,https://explorer.ooni.org/m/20260331115023.682361_KR_webconnectivity_c43481042993900b
https://www.lastwar.com/,dns,https://explorer.ooni.org/m/20260331115024.698047_KR_webconnectivity_6a2620bf82fe62f0
https://www.macfound.org/,ok,https://explorer.ooni.org/m/20260331115036.993142_KR_webconnectivity_8a3900fe11c03384
https://www.malwares.com/,ok,https://explorer.ooni.org/m/20260331115040.799703_KR_webconnectivity_f76964b26665e881
http://www.msftconnecttest.com/connecttest.txt,ok,https://explorer.ooni.org/m/20260331115042.842918_KR_webconnectivity_f4679c0c045f2fc6
http://www.msftncsi.com/ncsi.txt,ok,https://explorer.ooni.org/m/20260331115045.049674_KR_webconnectivity_84798ab1c389f21c
http://www.netmarble.net/,dns,https://explorer.ooni.org/m/20260331115047.159676_KR_webconnectivity_f2de0eba4b2e78e0
http://www.nmrc.org/,dns,https://explorer.ooni.org/m/20260331115048.883310_KR_webconnectivity_1de2031b82972086
https://www.oxfam.org/,ok,https://explorer.ooni.org/m/20260331115105.468944_KR_webconnectivity_9f4422c653dbb1f4
https://www.paralleleconomy.com/,ok,https://explorer.ooni.org/m/20260331115121.226151_KR_webconnectivity_ca8c2c7bc2ef83e0
https://www.paypal.com/,ok,https://explorer.ooni.org/m/20260331115139.877432_KR_webconnectivity_b3088918e7c69192
http://www.pcgamer.com/,dns,https://explorer.ooni.org/m/20260331115141.496017_KR_webconnectivity_cce716e668bccfe0
https://www.playstation.com/,dns,https://explorer.ooni.org/m/20260331115142.691590_KR_webconnectivity_4070172dcd4f8f51
http://www.pmang.com/,dns,https://explorer.ooni.org/m/20260331115143.543422_KR_webconnectivity_a7f9618287997c2b
https://www.pogo.com/,dns,https://explorer.ooni.org/m/20260331115144.353183_KR_webconnectivity_0b35de22a8f31017
https://www.progressio.org.uk/,ok,https://explorer.ooni.org/m/20260331115148.132776_KR_webconnectivity_25aab4d824df2bbd
https://www.rbf.org/,ok,https://explorer.ooni.org/m/20260331115156.863296_KR_webconnectivity_ec6f938915592fb8
https://www.roblox.com/,dns,https://explorer.ooni.org/m/20260331115158.630204_KR_webconnectivity_8e4bd97c0b5667dd
http://www.rockstargames.com/,dns,https://explorer.ooni.org/m/20260331115159.826114_KR_webconnectivity_14a7ebcdc877f2fb
http://www.runescape.com/,dns,https://explorer.ooni.org/m/20260331115202.088391_KR_webconnectivity_6edbbe316fa8c215
http://www.sida.se/,ok,https://explorer.ooni.org/m/20260331115217.997303_KR_webconnectivity_63135bd698747f38
http://www.square-enix.com/,dns,https://explorer.ooni.org/m/20260331115220.135710_KR_webconnectivity_f70b35ac1c559bb4
https://www.thegeekdiary.com/,ok,https://explorer.ooni.org/m/20260331115221.038583_KR_webconnectivity_4e406a799d7eefbe
https://www.uber.com/,ok,https://explorer.ooni.org/m/20260331115236.434901_KR_webconnectivity_0eeeeb7f36d2875d
https://www.ubisoft.com/,dns,https://explorer.ooni.org/m/20260331115238.954125_KR_webconnectivity_a45b3df6ae5bdc54
http://www.unlockme.co.uk/,ok,https://explorer.ooni.org/m/20260331115241.256825_KR_webconnectivity_f28d438a271fd718
https://www.usaid.gov/,ok,https://explorer.ooni.org/m/20260331115245.026629_KR_webconnectivity_6b20f768f3602f09
https://www.walmart.com/,ok,https://explorer.ooni.org/m/20260331115257.561037_KR_webconnectivity_1e9616f7bf084955
https://www.weforum.org/,ok,https://explorer.ooni.org/m/20260331115300.070932_KR_webconnectivity_533256dc89e1abca
https://www.westernunion.com/,ok,https://explorer.ooni.org/m/20260331115311.118633_KR_webconnectivity_7b9458966302ff97
https://www.wmtransfer.com/,ok,https://explorer.ooni.org/m/20260331115341.169439_KR_webconnectivity_762bcc05940d4829
https://www.worldbank.org/,ok,https://explorer.ooni.org/m/20260331115347.372547_KR_webconnectivity_b98cdcf5dfe723e5
http://www.zone-h.org/,ok,https://explorer.ooni.org/m/20260331115348.850607_KR_webconnectivity_f2e02510130f5086
https://xe.com/,ok,https://explorer.ooni.org/m/20260331115413.902103_KR_webconnectivity_570555c173ab2a01
http://zipbogo.net/,confirmed,https://explorer.ooni.org/m/20260331115426.163172_KR_webconnectivity_c4383adfbfd53640
https://www.hyphanet.org/,dns,https://explorer.ooni.org/m/20260331115427.315414_KR_webconnectivity_9a6d0d2deca914d4
http://www.qhtyzx.com/,ok,https://explorer.ooni.org/m/20260331115428.107387_KR_webconnectivity_c138a4b6b32ce066
https://www.theatlantic.com/,dns,https://explorer.ooni.org/m/20260331115428.919728_KR_webconnectivity_72546e4874ccbc01
http://anonymizer.secuser.com/,dns,https://explorer.ooni.org/m/20260331115429.830457_KR_webconnectivity_db850511291719c8
http://inter.kdlp.org/,ok,https://explorer.ooni.org/m/20260331115430.780596_KR_webconnectivity_c56515d8d76c3dae
https://lantern.io/,dns,https://explorer.ooni.org/m/20260331115431.618591_KR_webconnectivity_6098fab34f90c227
https://safervpn.com/,dns,https://explorer.ooni.org/m/20260331115433.238332_KR_webconnectivity_0d176ec85df07f27
https://thunder.free-signal.com/,dns,https://explorer.ooni.org/m/20260331115435.089935_KR_webconnectivity_ceee025bf07dd01b
http://www.asiantribune.com/,dns,https://explorer.ooni.org/m/20260331115436.644842_KR_webconnectivity_181de979a47ce845
http://www.e-ju.net/,ok,https://explorer.ooni.org/m/20260331115437.453560_KR_webconnectivity_3360e563a5af694c
https://www.feministfrequency.com/,dns,https://explorer.ooni.org/m/20260331115439.230878_KR_webconnectivity_8336971a8250016b
http://www.gayrice.com/,dns,https://explorer.ooni.org/m/20260331115441.313289_KR_webconnectivity_90ae2e8d210c7f88
https://www.out.com/,dns,https://explorer.ooni.org/m/20260331115442.382179_KR_webconnectivity_ecedc52740c9abd8
https://www.planetromeo.com/,dns,https://explorer.ooni.org/m/20260331115443.765687_KR_webconnectivity_0744469c1f9f016c
https://www.purevpn.com/,dns,https://explorer.ooni.org/m/20260331115445.444533_KR_webconnectivity_e4d8d9f379b9bc3a
https://www.teafund.org/,dns,https://explorer.ooni.org/m/20260331115447.621911_KR_webconnectivity_90c0b49bdb54054f
http://www.theregister.co.uk/,dns,https://explorer.ooni.org/m/20260331115448.749239_KR_webconnectivity_ba95fc047f018f93
https://www.tunnelbear.com/,dns,https://explorer.ooni.org/m/20260331115450.383533_KR_webconnectivity_7f6c5f129ad31848
http://www.utopia-asia.com/,dns,https://explorer.ooni.org/m/20260331115452.336851_KR_webconnectivity_2722eb5e39229d3e
http://www.womenforpeaceandjustice.org/,ok,https://explorer.ooni.org/m/20260331115459.748743_KR_webconnectivity_0916c5eb17236969
https://www.womenonwaves.org/,dns,https://explorer.ooni.org/m/20260331115500.782454_KR_webconnectivity_dd7a828e018171de
https://yggdrasil-network.github.io/,dns,https://explorer.ooni.org/m/20260331115501.843145_KR_webconnectivity_442c49e6a81b6d74
https://ko.wikipedia.org/,ok,https://explorer.ooni.org/m/20260331115506.157088_KR_webconnectivity_907d45242ade0c37
https://theonion.com/,dns,https://explorer.ooni.org/m/20260331115506.870563_KR_webconnectivity_3053a433fb339a5a
https://www.douban.com/,ok,https://explorer.ooni.org/m/20260331115512.096574_KR_webconnectivity_a9cf5494360bcae5
https://yts.lt/,dns,https://explorer.ooni.org/m/20260331115512.931192_KR_webconnectivity_6b1daa840fccc69e
https://doh.centraleu.pi-dns.com/dns-query?dns=q80BAAABAAAAAAAAA3d3dwdleGFtcGxlA2NvbQAAAQAB,dns,https://explorer.ooni.org/m/20260331115513.684660_KR_webconnectivity_29516ac9fc684a78
https://www.plannedparenthood.org/,dns,https://explorer.ooni.org/m/20260331115514.978685_KR_webconnectivity_2e0866b1d321ea00
http://chakantv.co.kr/,ok,https://explorer.ooni.org/m/20260331115515.663985_KR_webconnectivity_7ffccaff59891cdf
https://cocaine.org/,dns,https://explorer.ooni.org/m/20260331115516.433596_KR_webconnectivity_227104c8980a80e1
https://deepseek.ai/,dns,https://explorer.ooni.org/m/20260331115517.341791_KR_webconnectivity_7e63756946a7a3f5
https://dweb.link/,dns,https://explorer.ooni.org/m/20260331115518.183018_KR_webconnectivity_1075baec42d29abc
http://www.ppca.co.kr/,ok,https://explorer.ooni.org/m/20260331115519.224068_KR_webconnectivity_aeb0fa330526d960
https://genderdysphoria.fyi/,dns,https://explorer.ooni.org/m/20260331115519.951434_KR_webconnectivity_46118c374396531d
https://hide.me/,dns,https://explorer.ooni.org/m/20260331115520.848086_KR_webconnectivity_89f03d782c1aac51
http://lgbt.kdlp.org/,ok,https://explorer.ooni.org/m/20260331115522.460826_KR_webconnectivity_230373cfeb172991
https://mega.io/,dns,https://explorer.ooni.org/m/20260331115523.277326_KR_webconnectivity_ba3726e10adec314
https://proxy.i2phides.me/,dns,https://explorer.ooni.org/m/20260331115523.995819_KR_webconnectivity_0313bb4b10312c1c
https://shadowsocks.org/,dns,https://explorer.ooni.org/m/20260331115525.112968_KR_webconnectivity_8c9d42fca2bd7f8c
https://www.betternet.co/,dns,https://explorer.ooni.org/m/20260331115526.047908_KR_webconnectivity_8562aaf3b37f8082
http://www.gayrice.com/gayplaces/country.php?cid=126,dns,https://explorer.ooni.org/m/20260331115526.787298_KR_webconnectivity_07207aea1e782d0e
http://www.goodasyou.net/,dns,https://explorer.ooni.org/m/20260331115528.188540_KR_webconnectivity_e89fc36e904ed180
https://www.ipredator.se/,dns,https://explorer.ooni.org/m/20260331115528.928745_KR_webconnectivity_d25b3e179adbd594
http://www.migrantsinkorea.net/,ok,https://explorer.ooni.org/m/20260331115529.797084_KR_webconnectivity_0cafa762d1f75017
https://www.msichoices.org/,dns,https://explorer.ooni.org/m/20260331115530.666752_KR_webconnectivity_c8180c0a42786573
http://www.naral.org/,ok,https://explorer.ooni.org/m/20260331115531.640547_KR_webconnectivity_1f69ec07e27dde49
http://www.oneworld.net/,ok,https://explorer.ooni.org/m/20260331115532.860596_KR_webconnectivity_e303f6b275c76cd9
https://www.opentech.fund/,dns,https://explorer.ooni.org/m/20260331115533.700233_KR_webconnectivity_1a81f414b182cb48
http://www.protest.net/,dns,https://explorer.ooni.org/m/20260331115534.616307_KR_webconnectivity_272a094ab314ccf3
https://www.queerty.com/,dns,https://explorer.ooni.org/m/20260331115535.534902_KR_webconnectivity_413c3019e6aa92f1
http://www.samesexmarriage.ca/,dns,https://explorer.ooni.org/m/20260331115536.471050_KR_webconnectivity_2933ddd6ff6dd964
https://www.shoe.org/,dns,https://explorer.ooni.org/m/20260331115537.430391_KR_webconnectivity_6ff7316e3c9e5d61
https://www.surfeasy.com/,dns,https://explorer.ooni.org/m/20260331115538.350883_KR_webconnectivity_3ffaddbe92a322fd
http://www.ultimate-anonymity.com/,dns,https://explorer.ooni.org/m/20260331115540.733540_KR_webconnectivity_27bf45eeffbeac33
https://www.washingtonpost.com/,dns,https://explorer.ooni.org/m/20260331115541.638469_KR_webconnectivity_dfd7944cd2bade35
https://www.womenonweb.org/,dns,https://explorer.ooni.org/m/20260331115542.485198_KR_webconnectivity_949ae6aa7db830f8
https://zenvpn.net/,dns,https://explorer.ooni.org/m/20260331115548.461833_KR_webconnectivity_2fef88c467cb9a5a
http://streetmeatasia.com/,dns,https://explorer.ooni.org/m/20260331115552.855195_KR_webconnectivity_b54a1966ecd4e23d
http://www.88square.com/,dns,https://explorer.ooni.org/m/20260331115608.838064_KR_webconnectivity_e9c045f5c7fe3efd
http://www.asiangirlsnextdoor.com/,dns,https://explorer.ooni.org/m/20260331115609.678348_KR_webconnectivity_88923b728641aa76
http://www.asianthumbs.org/,dns,https://explorer.ooni.org/m/20260331115611.675852_KR_webconnectivity_7c508fb3acebc2a8
http://www.bangkokstreetwhores.com/,dns,https://explorer.ooni.org/m/20260331115613.642005_KR_webconnectivity_e7557452fe955dce
http://www.dateinasia.com/,dns,https://explorer.ooni.org/m/20260331115614.388728_KR_webconnectivity_ad9820b9cdedc2cc
http://www.exploitedteensasia.com/,dns,https://explorer.ooni.org/m/20260331115617.123159_KR_webconnectivity_a9dcf18865f02cb4
http://www.gayasianamateurs.com/,dns,https://explorer.ooni.org/m/20260331115618.088960_KR_webconnectivity_0001d9f32bedb747
https://api.protonvpn.ch/tests/ping,dns,https://explorer.ooni.org/m/20260331115619.143408_KR_webconnectivity_995b2946373835b3
https://getlantern.org/,dns,https://explorer.ooni.org/m/20260331115620.114959_KR_webconnectivity_4a21ecb867b09df8
https://googleweblight.com/i?u=https%3A%2F%2Fexample.com%2F,dns,https://explorer.ooni.org/m/20260331115620.972283_KR_webconnectivity_cb44ab524ca6eb7f
http://guardster.com/,dns,https://explorer.ooni.org/m/20260331115621.799370_KR_webconnectivity_ef99dc6b0d5e16b1
https://hola.org/,dns,https://explorer.ooni.org/m/20260331115623.429164_KR_webconnectivity_e0c9eecb01b48dc5
https://justthepill.com/,dns,https://explorer.ooni.org/m/20260331115624.478946_KR_webconnectivity_f4d6d33daafa4769
https://leap.se/,dns,https://explorer.ooni.org/m/20260331115626.020268_KR_webconnectivity_76ad7a0093e028f0
http://nocensor.org/,ok,https://explorer.ooni.org/m/20260331115628.223784_KR_webconnectivity_b6b5755928b28978
https://mullvad.net/,dns,https://explorer.ooni.org/m/20260331115626.773310_KR_webconnectivity_8d79a8bb8ebeceec
http://nodongsarang.org/,ok,https://explorer.ooni.org/m/20260331115630.558444_KR_webconnectivity_39e8d97b385946f0
https://pflag.org/,dns,https://explorer.ooni.org/m/20260331115632.079493_KR_webconnectivity_aa949f89739a48c0
https://privatevpn.com/,dns,https://explorer.ooni.org/m/20260331115633.426066_KR_webconnectivity_a6430899442ba988
https://riseup.net/,dns,https://explorer.ooni.org/m/20260331115635.256091_KR_webconnectivity_9ca08844d087c8c1
https://securevpn.com/,dns,https://explorer.ooni.org/m/20260331115636.478615_KR_webconnectivity_094c66bebfdb8673
https://speedify.com/,dns,https://explorer.ooni.org/m/20260331115637.281678_KR_webconnectivity_9ec38f33bfacc1ae
https://sputnikglobe.com/,dns,https://explorer.ooni.org/m/20260331115638.797405_KR_webconnectivity_f94a8c7e5ff0086b
https://spys.one/,dns,https://explorer.ooni.org/m/20260331115639.754283_KR_webconnectivity_1b921bc4a32deeaa
https://tor.eff.org/,dns,https://explorer.ooni.org/m/20260331115641.518829_KR_webconnectivity_8d63430772e29e51
https://triplebit.org/,dns,https://explorer.ooni.org/m/20260331115643.554693_KR_webconnectivity_2040dd5b38fab047
https://trustvpn.me/,dns,https://explorer.ooni.org/m/20260331115644.532551_KR_webconnectivity_8741d8006f6d9848
https://ultravpn.com/,dns,https://explorer.ooni.org/m/20260331115645.733598_KR_webconnectivity_7113ea2b1d2997be
https://womenhelp.org/,dns,https://explorer.ooni.org/m/20260331115648.797116_KR_webconnectivity_fd27044cd3a77d26
https://www.advocate.com/,dns,https://explorer.ooni.org/m/20260331115649.597120_KR_webconnectivity_a72cf63f5b41e6fa
http://www.anonymizer.ru/,dns,https://explorer.ooni.org/m/20260331115650.673507_KR_webconnectivity_bbe3ad50a19430bc
http://www.anonymsurfen.com/,dns,https://explorer.ooni.org/m/20260331115651.511646_KR_webconnectivity_896a7b31fb5c6f58
https://www.cato.org/,ok,https://explorer.ooni.org/m/20260331115653.020806_KR_webconnectivity_29eacdedc435ad94
https://www.clintonfoundation.org/,ok,https://explorer.ooni.org/m/20260331115654.330884_KR_webconnectivity_cf00589cd5f80b0b
http://www.dit-inc.us/,dns,https://explorer.ooni.org/m/20260331115655.468751_KR_webconnectivity_5cee61f5a4d581e6
https://www.economist.com/,ok,https://explorer.ooni.org/m/20260331115657.007481_KR_webconnectivity_a47970e864a41f40
http://www.feer.com/,ok,https://explorer.ooni.org/m/20260331115658.124596_KR_webconnectivity_fbd9d3f4221ea517
https://www.freespeechcoalition.com/,dns,https://explorer.ooni.org/m/20260331115659.729877_KR_webconnectivity_14a10a9c77aa607c
http://www.fridae.com/,dns,https://explorer.ooni.org/m/20260331115701.031218_KR_webconnectivity_8cfe5090bf652a44
https://www.gaystarnews.com/,dns,https://explorer.ooni.org/m/20260331115701.897164_KR_webconnectivity_6569f03913f80426
https://www.grindr.com/,dns,https://explorer.ooni.org/m/20260331115702.778208_KR_webconnectivity_64c0970009f1c7f3
https://www.hidemyass.com/,dns,https://explorer.ooni.org/m/20260331115703.900679_KR_webconnectivity_870031f64adabfcf
http://www.http-tunnel.com/,dns,https://explorer.ooni.org/m/20260331115705.566664_KR_webconnectivity_eaf4a5874dfcd685
https://www.hotspotshield.com/,dns,https://explorer.ooni.org/m/20260331115704.668736_KR_webconnectivity_7681db531825e777
https://www.icj.org/,dns,https://explorer.ooni.org/m/20260331115706.400029_KR_webconnectivity_8c5ed9e6365c7b41
http://www.ifex.org/,ok,https://explorer.ooni.org/m/20260331115710.021084_KR_webconnectivity_c590773114848d07
http://www.ifge.org/,dns,https://explorer.ooni.org/m/20260331115711.405883_KR_webconnectivity_a165d1e4b23e19eb
https://www.ineedana.com/,dns,https://explorer.ooni.org/m/20260331115713.272024_KR_webconnectivity_cb353a426ca6944b
https://www.ipvanish.com/,dns,https://explorer.ooni.org/m/20260331115714.109365_KR_webconnectivity_1952a25198ad0269
https://www.ivpn.net/,dns,https://explorer.ooni.org/m/20260331115715.396045_KR_webconnectivity_8d2e1ac7e6bfa4a9
https://www.jihadwatch.org/,ok,https://explorer.ooni.org/m/20260331115716.715143_KR_webconnectivity_b84ae5a72b7f6f39
http://www.kcna.kp/,dns,https://explorer.ooni.org/m/20260331115718.861827_KR_webconnectivity_f5ba6836b8e37f09
https://www.knapsackforhope.org/,ok,https://explorer.ooni.org/m/20260331115720.058144_KR_webconnectivity_efcb180d07e8e8b0
http://www.korea-htr.com/chuo/,confirmed,https://explorer.ooni.org/m/20260331115721.149342_KR_webconnectivity_0c4b202cc58e9417
https://www.megaproxy.com/,dns,https://explorer.ooni.org/m/20260331115722.292079_KR_webconnectivity_361a117d302e5848
https://www.nifty.org/,dns,https://explorer.ooni.org/m/20260331115723.331859_KR_webconnectivity_449e8cda07c2a58b
https://www.ohchr.org/,ok,https://explorer.ooni.org/m/20260331115725.247159_KR_webconnectivity_3e4a1f06018c76cb
http://www.pangari.net/,ok,https://explorer.ooni.org/m/20260331115725.972991_KR_webconnectivity_7906b7a18718f1a3
http://www.peacefire.org/circumventor/simple-circumventor-instructions.html,dns,https://explorer.ooni.org/m/20260331115727.171556_KR_webconnectivity_9aa400a1ce9b4f3f
https://www.pinkcupid.com/,dns,https://explorer.ooni.org/m/20260331115728.043052_KR_webconnectivity_96954c5069308e6b
https://www.privateinternetaccess.com/,dns,https://explorer.ooni.org/m/20260331115729.158319_KR_webconnectivity_7da309d418a39b0d
https://www.reprolegalhelpline.org/,dns,https://explorer.ooni.org/m/20260331115729.962664_KR_webconnectivity_7a77db12f1487175
https://www.rfi.fr/,ok,https://explorer.ooni.org/m/20260331115732.015333_KR_webconnectivity_18e731fdad6b969c
https://www.scruff.com/,dns,https://explorer.ooni.org/m/20260331115733.024492_KR_webconnectivity_79b5901099225f45
http://www.sisainlive.com/,ok,https://explorer.ooni.org/m/20260331115738.844840_KR_webconnectivity_e02fdd7e621f5ee0
http://www.snumaum.org/,ok,https://explorer.ooni.org/m/20260331115739.595841_KR_webconnectivity_1bee7e14cb1c4a0b
https://www.telegraph.co.uk/,ok,https://explorer.ooni.org/m/20260331115741.317904_KR_webconnectivity_c5b472dc094bd37b
https://www.torproject.org/,dns,https://explorer.ooni.org/m/20260331115742.469391_KR_webconnectivity_96394cce6a37fffb
http://www.towleroad.com/,dns,https://explorer.ooni.org/m/20260331115743.961372_KR_webconnectivity_8284d4b1b71b160e
https://www.unfe.org/,ok,https://explorer.ooni.org/m/20260331115745.458525_KR_webconnectivity_fbf47d8885b235b4
https://www.unicef.org/,ok,https://explorer.ooni.org/m/20260331115746.678708_KR_webconnectivity_31767949e8200cda
https://www.uproxy.org/,dns,https://explorer.ooni.org/m/20260331115747.703353_KR_webconnectivity_034b481073afea3a
http://www.upschool.net/xe/,ok,https://explorer.ooni.org/m/20260331115754.385530_KR_webconnectivity_3afdc495f2521798
https://www.vpnunlimited.com/,dns,https://explorer.ooni.org/m/20260331115755.348234_KR_webconnectivity_acbe326b22b87ca3
http://baykoreans.net/,dns,https://explorer.ooni.org/m/20260331115756.124139_KR_webconnectivity_59b9c20ecc9db064
https://cc.bingj.com/cache.aspx?q=nothing,dns,https://explorer.ooni.org/m/20260331115756.894580_KR_webconnectivity_a187c66c386ba49e
https://coronavirus.app/,dns,https://explorer.ooni.org/m/20260331115758.061473_KR_webconnectivity_0b1ca72f65928182
http://cyworld.nate.com/club/clubsection/clubSection4_main.asp,ok,https://explorer.ooni.org/m/20260331115759.934330_KR_webconnectivity_a6968ab8b5a5f449
http://dongyoungsang.com/,confirmed,https://explorer.ooni.org/m/20260331115801.293719_KR_webconnectivity_5b9c5ca306cc69a7
http://h50030.www5.hp.com/,ok,https://explorer.ooni.org/m/20260331115802.463393_KR_webconnectivity_da67eb41720ced85
http://libgen.gs/,ok,https://explorer.ooni.org/m/20260331115803.276523_KR_webconnectivity_29338c397683213d
https://sci-hub.se/,dns,https://explorer.ooni.org/m/20260331115804.015110_KR_webconnectivity_76701ff285bce992
http://www.unescap.org/,ok,https://explorer.ooni.org/m/20260331115805.525787_KR_webconnectivity_9edf40ab7102a2de
https://geti2p.net/,dns,https://explorer.ooni.org/m/20260331115806.342707_KR_webconnectivity_22ed1ad7ebcf94f3
https://hornet.com/,dns,https://explorer.ooni.org/m/20260331115807.506920_KR_webconnectivity_e3990a5823ecc30d
https://i2pd.website/,dns,https://explorer.ooni.org/m/20260331115808.405198_KR_webconnectivity_fd1dbbde05b3dade
https://ooni.torproject.org/,dns,https://explorer.ooni.org/m/20260331115811.649745_KR_webconnectivity_199401e645540bee
https://psiphon.ca/,dns,https://explorer.ooni.org/m/20260331115812.613911_KR_webconnectivity_2a9601e7ed7bbd1d
https://securevpn.im/,dns,https://explorer.ooni.org/m/20260331115813.763923_KR_webconnectivity_1973d0b1ea8d6846
http://www.asiapacificnews.com/,ok,https://explorer.ooni.org/m/20260331115815.193309_KR_webconnectivity_7b5b33de259bceef
http://www.depdc.org/,ok,https://explorer.ooni.org/m/20260331115816.007637_KR_webconnectivity_09ac7bcacc530cf5
https://www.eurobicon.org/,dns,https://explorer.ooni.org/m/20260331115817.158247_KR_webconnectivity_2986c0aa656376a6
http://www.forum-asia.org/,ok,https://explorer.ooni.org/m/20260331115818.718838_KR_webconnectivity_7035a386e7657749
http://www.freedominfo.org/,ok,https://explorer.ooni.org/m/20260331115820.270703_KR_webconnectivity_0e5f3ba775bde78d
http://www.gayegypt.com/,dns,https://explorer.ooni.org/m/20260331115821.255312_KR_webconnectivity_391fc5e0742a86e7
https://www.guerrillagirls.com/,dns,https://explorer.ooni.org/m/20260331115823.038397_KR_webconnectivity_fa0cfe19bf3fabf0
http://www.pikicast.com/,tcp_ip,https://explorer.ooni.org/m/20260331115908.808397_KR_webconnectivity_c8a88a4879e8427a
https://www.plancpills.org/,dns,https://explorer.ooni.org/m/20260331115909.702261_KR_webconnectivity_a41b1cd9027fe5bf
https://www.securityinabox.org/,http-failure,https://explorer.ooni.org/m/20260331115924.237153_KR_webconnectivity_2d47e4818c873948
https://bcc.chat/,ok,https://explorer.ooni.org/m/20260331115930.267452_KR_webconnectivity_24256a7fc2475c7b
https://chika.aangat.lahat.computer/,dns,https://explorer.ooni.org/m/20260331115931.659229_KR_webconnectivity_3f3fe7289dd105ad
https://claude.ai/,ok,https://explorer.ooni.org/m/20260331115933.032091_KR_webconnectivity_7f5a50808d1e6c2c
https://dit.whatsapp.net/robots.txt,ok,https://explorer.ooni.org/m/20260331115934.610189_KR_webconnectivity_604f5ac8c775ba10
http://ndfsk.dyndns.org/,ok,https://explorer.ooni.org/m/20260331115935.315868_KR_webconnectivity_185d8c326c6e2ab4
https://9.9.9.9/dns-query?dns=q80BAAABAAAAAAAAA3d3dwdleGFtcGxlA2NvbQAAAQAB,tcp_ip,https://explorer.ooni.org/m/20260331115936.078203_KR_webconnectivity_3534ad7993c52a93
http://fteproxy.org/,dns,https://explorer.ooni.org/m/20260331115937.434499_KR_webconnectivity_91e58a4b905da661
https://janesdueprocess.org/,dns,https://explorer.ooni.org/m/20260331115938.888767_KR_webconnectivity_295c98c8306f1130
https://microsoftedge.microsoft.com/,dns,https://explorer.ooni.org/m/20260331115939.717928_KR_webconnectivity_30e015736b6f7dd4
https://microsoftedge.microsoft.com/addons/Microsoft-Edge-Extensions-Home,dns,https://explorer.ooni.org/m/20260331115940.759206_KR_webconnectivity_be1e273e1049cf28
http://osaka.korea-htr.com/,ok,https://explorer.ooni.org/m/20260331115946.848725_KR_webconnectivity_62516916d74ade31
https://rargb.to/,dns,https://explorer.ooni.org/m/20260331115947.766588_KR_webconnectivity_e1c47333e5d220aa
http://software.naver.com/,ok,https://explorer.ooni.org/m/20260331115948.471006_KR_webconnectivity_344ae1307df1844e
http://tongil-i.net/,ok,https://explorer.ooni.org/m/20260331115949.282807_KR_webconnectivity_6335e96882ca7ec2
http://www.0ubada.net/,ok,https://explorer.ooni.org/m/20260331115950.010864_KR_webconnectivity_e18f971ae63dd995
http://www.dprk-stamp.com/,ok,https://explorer.ooni.org/m/20260331115950.826501_KR_webconnectivity_7366a83160dbe6af
http://www.dprkstudies.org/documents/nkpics/picgal.html,dns,https://explorer.ooni.org/m/20260331115952.191657_KR_webconnectivity_7fae55a7907c9cca
http://www.globalgayz.com/,ok,https://explorer.ooni.org/m/20260331115956.868386_KR_webconnectivity_5eea1886ee9f103b
https://www.rollingstone.com/,dns,https://explorer.ooni.org/m/20260331115957.596535_KR_webconnectivity_d9c99e485bca4c3b
https://yts.mx/,dns,https://explorer.ooni.org/m/20260331115958.384365_KR_webconnectivity_8965bde638d5b447
http://bizLGU.com/,error,https://explorer.ooni.org/m/20260331120000.535433_KR_webconnectivity_296156ed95f05934
https://cinemata.org/,ok,https://explorer.ooni.org/m/20260331120002.943595_KR_webconnectivity_682f2828e06f29fd
http://www.ricefever.com/,dns,https://explorer.ooni.org/m/20260331120004.601449_KR_webconnectivity_7af7a3b52b58c2ba
https://www.okcupid.com/,dns,https://explorer.ooni.org/m/20260331120003.770524_KR_webconnectivity_48716f5bdc8442bb
http://www.thaichix.com/,dns,https://explorer.ooni.org/m/20260331120005.774155_KR_webconnectivity_a7f1a1165ab40b74
http://www.thaicuties.com/,dns,https://explorer.ooni.org/m/20260331120007.372079_KR_webconnectivity_178cc747dc37738d
http://hksh.koreanhistory.or.kr/,ok,https://explorer.ooni.org/m/20260331120008.698492_KR_webconnectivity_9fa64d67a2713f93
https://kat.am/,dns,https://explorer.ooni.org/m/20260331120010.016433_KR_webconnectivity_b4a4980c161f4640
https://katcr.to/,dns,https://explorer.ooni.org/m/20260331120012.178593_KR_webconnectivity_2df34c9c309f8588
http://kcnawatch.co/,confirmed,https://explorer.ooni.org/m/20260331120013.396018_KR_webconnectivity_e340e7cad9c804af
https://kickasstorrents.to/,dns,https://explorer.ooni.org/m/20260331120014.278577_KR_webconnectivity_36d0db08ab6c15b7
https://nsw2u.com/,dns,https://explorer.ooni.org/m/20260331120015.512419_KR_webconnectivity_27cddd02466e3422
https://rapidgator.net/,dns,https://explorer.ooni.org/m/20260331120016.651337_KR_webconnectivity_82d1e7681e7e842b
https://subscene.com/,dns,https://explorer.ooni.org/m/20260331120017.586248_KR_webconnectivity_44ac99842f318acd
http://www.bitcomet.com/,dns,https://explorer.ooni.org/m/20260331120018.514590_KR_webconnectivity_8532e0cafffacf09
http://www.cinewel.com/,dns,https://explorer.ooni.org/m/20260331120019.444488_KR_webconnectivity_48d02fbe263c7cf9
http://www.dprkstudies.org/,dns,https://explorer.ooni.org/m/20260331120020.951097_KR_webconnectivity_be7a4e609dca80ab
http://www.ez0u.co.kr/,ok,https://explorer.ooni.org/m/20260331120022.255377_KR_webconnectivity_0adeebc741ee39f8
https://www.fanfiction.net/,ok,https://explorer.ooni.org/m/20260331120028.609869_KR_webconnectivity_3c250a949b8519b6
http://www.imdb.com/,dns,https://explorer.ooni.org/m/20260331120029.508710_KR_webconnectivity_02536389b2543045
http://www.korea-dpr.com/library/entrance.htm,confirmed,https://explorer.ooni.org/m/20260331120037.616092_KR_webconnectivity_b8ee76eeca573f18
https://www.literotica.com/,dns,https://explorer.ooni.org/m/20260331120039.311989_KR_webconnectivity_4773b0d5d05c48bb
https://www.lushstories.com/,dns,https://explorer.ooni.org/m/20260331120040.643537_KR_webconnectivity_5be41f719532fe0e
http://www.navy.mil/,ok,https://explorer.ooni.org/m/20260331120042.550211_KR_webconnectivity_f4d46e57110b9f20
https://www.nsa.gov/,ok,https://explorer.ooni.org/m/20260331120044.487201_KR_webconnectivity_d3a856ffce42af1d
http://www.onfile.co.kr/,ok,https://explorer.ooni.org/m/20260331120045.250509_KR_webconnectivity_4eeb2940e8fec1b5
http://www.pic-international.com/,ok,https://explorer.ooni.org/m/20260331120046.860880_KR_webconnectivity_f0f29167ec777917
http://www.songunpoliticsstudygroup.org/,dns,https://explorer.ooni.org/m/20260331120048.712942_KR_webconnectivity_79efa7d5244cda58
http://yesfile.com/,dns,https://explorer.ooni.org/m/20260331120050.467298_KR_webconnectivity_8860fc35e5801bda
http://www.nexon.com/,dns,https://explorer.ooni.org/m/20260331120051.394099_KR_webconnectivity_09c0c6bf506a1295
https://hustler.com/,dns,https://explorer.ooni.org/m/20260331120052.214346_KR_webconnectivity_6a2a469563f45faf
http://www.abcunderwear.com/,dns,https://explorer.ooni.org/m/20260331120053.434318_KR_webconnectivity_33807cecc32eda59
https://libgen.xyz/,dns,https://explorer.ooni.org/m/20260331120054.472948_KR_webconnectivity_e7044c689bab8fbc
https://limetorrents.pro/,dns,https://explorer.ooni.org/m/20260331120055.616616_KR_webconnectivity_dbac441ac27e1cfd
https://thepiratebay.org/,dns,https://explorer.ooni.org/m/20260331120057.271591_KR_webconnectivity_ae765223e925302c
https://web.archive.org/,dns,https://explorer.ooni.org/m/20260331120058.913998_KR_webconnectivity_dbebf25a0ea2ccdf
http://www.centcom.mil/,ok,https://explorer.ooni.org/m/20260331120100.960916_KR_webconnectivity_dcdf41e09b2e6845
http://www.chaju.org/,ok,https://explorer.ooni.org/m/20260331120101.746323_KR_webconnectivity_1589d859e8f4b727
https://www.datpiff.com/,dns,https://explorer.ooni.org/m/20260331120102.636956_KR_webconnectivity_57eb66d9523c709d
http://www.dklotto.com/,dns,https://explorer.ooni.org/m/20260331120105.580545_KR_webconnectivity_5f44a0495c917c5e
http://www.elufa.net/,confirmed,https://explorer.ooni.org/m/20260331120124.798937_KR_webconnectivity_6c817559ae066d89
http://www.enppy.com/,dns,https://explorer.ooni.org/m/20260331120127.795614_KR_webconnectivity_aa47ad43fd33b8a7
http://www.filenara.co.kr/,dns,https://explorer.ooni.org/m/20260331120130.547184_KR_webconnectivity_f451c94c5d89ba8e
https://www.givesendgo.com/,ok,https://explorer.ooni.org/m/20260331120132.134976_KR_webconnectivity_9475c7eb9705ed95
http://www.iias.nl/,tcp_ip,https://explorer.ooni.org/m/20260331120134.091134_KR_webconnectivity_016c8e49173442c9
http://www.korea-dpr.com/cgi-bin/simpleforum.cgi,confirmed,https://explorer.ooni.org/m/20260331120135.425674_KR_webconnectivity_62b13e6591e9d1af
http://www.krbook.net/,dns,https://explorer.ooni.org/m/20260331120154.298138_KR_webconnectivity_7d90558ef1eed68d
https://www.libgen.tw/,ok,https://explorer.ooni.org/m/20260331120200.969418_KR_webconnectivity_cb5d0b1451f5ff1a
https://www.limetorrents.lol/,http-failure,https://explorer.ooni.org/m/20260331120203.676155_KR_webconnectivity_55e7280996746d5b
http://www.nkland.org/,ok,https://explorer.ooni.org/m/20260331120207.030890_KR_webconnectivity_61f2ff014a75fe87
http://www.pruna.com/,dns,https://explorer.ooni.org/m/20260331120210.924234_KR_webconnectivity_cf2e603cf7f3f655
http://www.quantico.marines.mil/,ok,https://explorer.ooni.org/m/20260331120213.433459_KR_webconnectivity_1a11c03cae27e713
https://www.researchgate.net/,ok,https://explorer.ooni.org/m/20260331120214.722834_KR_webconnectivity_edc64c2fbf954146
http://www.sealswcc.com/,ok,https://explorer.ooni.org/m/20260331120220.655597_KR_webconnectivity_a73db88893517a90
http://www.silibank.com/,ok,https://explorer.ooni.org/m/20260331120223.297496_KR_webconnectivity_e02f8f3cac6bd1ea
http://www.southcom.mil/,ok,https://explorer.ooni.org/m/20260331120225.498418_KR_webconnectivity_9a87d445b3eb253f
http://www.usafa.af.mil/,ok,https://explorer.ooni.org/m/20260331120228.602963_KR_webconnectivity_879f13e338fa8872
http://www.worldcorea.net/,confirmed,https://explorer.ooni.org/m/20260331120230.960740_KR_webconnectivity_353c9a9301314066
https://x1337x.eu/,ok,https://explorer.ooni.org/m/20260331120232.543474_KR_webconnectivity_fdd5f62a8cc97bdc
https://www.bitfinex.com/,dns,https://explorer.ooni.org/m/20260331120233.289653_KR_webconnectivity_add44ea0a8278f38
https://www.kraken.com/,dns,https://explorer.ooni.org/m/20260331120235.106611_KR_webconnectivity_431d7671449dedae
http://www.secularislam.org/,ok,https://explorer.ooni.org/m/20260331120238.537787_KR_webconnectivity_9549189b0c8bbb08
https://en.wiktionary.org/,ok,https://explorer.ooni.org/m/20260331120242.262876_KR_webconnectivity_c28628d9fb790062
ok,dns,tcp_ip,http-diff,http-failure,confirmed,error,no_data,http(legacy)
1537,559,35,1,26,24,39,0,0
2221/2221 (expected)
