https://twitter.com/,ok,https://explorer.ooni.org/m/20260409064741.245756_KR_webconnectivity_1976eb6956f6534b
https://www.facebook.com/,ok,https://explorer.ooni.org/m/20260409064743.427552_KR_webconnectivity_5d7ddc6fbc8cbf37
https://www.instagram.com/,ok,https://explorer.ooni.org/m/20260409064747.078030_KR_webconnectivity_13184613d958b29c
https://www.youtube.com/,ok,https://explorer.ooni.org/m/20260409064750.961722_KR_webconnectivity_1594456e0d713b11
https://safeabortionpills.org/,http-failure,https://explorer.ooni.org/m/20260409064753.434260_KR_webconnectivity_20bdcf5b51e291b2
https://www.tiktok.com/,ok,https://explorer.ooni.org/m/20260409064800.931846_KR_webconnectivity_ba033a1f32097863
https://x.com/,ok,https://explorer.ooni.org/m/20260409064803.383297_KR_webconnectivity_a1714df98fed8b80
https://discord.com/,ok,https://explorer.ooni.org/m/20260409064804.822485_KR_webconnectivity_023155eb104d4958
https://www.reddit.com/,ok,https://explorer.ooni.org/m/20260409064805.873720_KR_webconnectivity_9f9751a653f85e1c
https://freespeechdebate.com/,tcp_ip,https://explorer.ooni.org/m/20260409064851.584619_KR_webconnectivity_c0c947795338b684
https://fronterafundrgv.org/,ok,https://explorer.ooni.org/m/20260409064857.943601_KR_webconnectivity_49d94ee088d7be7a
http://fteproxy.org/,http-diff,https://explorer.ooni.org/m/20260409064859.399489_KR_webconnectivity_304e6d0de5de1c6e
https://fundtexaschoice.org/,ok,https://explorer.ooni.org/m/20260409064903.001159_KR_webconnectivity_07b9e980901e793b
https://gaymenshealth.org/,ok,https://explorer.ooni.org/m/20260409064907.908329_KR_webconnectivity_840f37b742573f9e
https://genderandaids.unwomen.org/,ok,https://explorer.ooni.org/m/20260409064909.743082_KR_webconnectivity_540417e31346adbb
https://globalpressjournal.com/,ok,https://explorer.ooni.org/m/20260409064912.201651_KR_webconnectivity_73c4a7f63343bab3
https://globalvoices.org/,error,https://explorer.ooni.org/m/20260409064930.877904_KR_webconnectivity_a4b3d4f78c4b0337
http://go.jinbo.net/,ok,https://explorer.ooni.org/m/20260409064934.475596_KR_webconnectivity_04804eacf5aa05f1
https://gpgtools.org/,ok,https://explorer.ooni.org/m/20260409064938.563740_KR_webconnectivity_4330862ff73b9dd1
https://guardianproject.info/,ok,https://explorer.ooni.org/m/20260409064941.854821_KR_webconnectivity_e5aca15ace27cfd0
http://hbyd.org/,ok,https://explorer.ooni.org/m/20260409064950.769351_KR_webconnectivity_7603f4f516e88ceb
https://help.unhcr.org/,ok,https://explorer.ooni.org/m/20260409064954.748671_KR_webconnectivity_35486fbe655e9412
http://hotzone.yahoo.com/,ok,https://explorer.ooni.org/m/20260409064959.377673_KR_webconnectivity_930f27e7513a3c97
http://hrights.or.kr/,ok,https://explorer.ooni.org/m/20260409065005.975484_KR_webconnectivity_888d4df31f12b576
http://hrlibrary.umn.edu/iwraw/,ok,https://explorer.ooni.org/m/20260409065010.237961_KR_webconnectivity_ce72c77962a89205
http://humanmed.org/,ok,https://explorer.ooni.org/m/20260409065014.563671_KR_webconnectivity_7d770c0b336d8b1b
https://i2p2.de/,error,https://explorer.ooni.org/m/20260409065017.510902_KR_webconnectivity_f8c66d73064879f1
https://i2pd.website/,ok,https://explorer.ooni.org/m/20260409065019.169026_KR_webconnectivity_8c0dafb6fcf4ef3a
https://i2pforum.net/,ok,https://explorer.ooni.org/m/20260409065046.694705_KR_webconnectivity_deccefcf2543683e
https://i2pgit.org/,ok,https://explorer.ooni.org/m/20260409065056.378775_KR_webconnectivity_33d6ec1a2b16b850
https://ifeminists.com/,ok,https://explorer.ooni.org/m/20260409065102.396258_KR_webconnectivity_7b0fab22b4e59d46
https://ij.org/,ok,https://explorer.ooni.org/m/20260409065103.543311_KR_webconnectivity_8a0413e007117e56
http://ijunnong.net/,ok,https://explorer.ooni.org/m/20260409065106.946638_KR_webconnectivity_4fc09ad623cf08e8
https://ikhwanonline.com/,ok,https://explorer.ooni.org/m/20260409065109.854692_KR_webconnectivity_f7fbc8c7f635f1c2
https://ilga.org/,ok,https://explorer.ooni.org/m/20260409065112.038953_KR_webconnectivity_95c6f31ae70a1fd8
http://impeter.tistory.com/,ok,https://explorer.ooni.org/m/20260409065114.438450_KR_webconnectivity_ef5d89e9a30283e1
https://indymedia.org/,ok,https://explorer.ooni.org/m/20260409065117.076157_KR_webconnectivity_48ab94eeef9f6c51
http://instinctmagazine.com/,ok,https://explorer.ooni.org/m/20260409065123.594917_KR_webconnectivity_0cf106ed8031511d
https://internationalfamilyequalityday.org/,ok,https://explorer.ooni.org/m/20260409065131.068346_KR_webconnectivity_eae84f76f9cc4e7e
https://ipi.media/,ok,https://explorer.ooni.org/m/20260409065134.765984_KR_webconnectivity_e22fd9325385ecfd
https://itgetsbetter.org/,ok,https://explorer.ooni.org/m/20260409065136.802777_KR_webconnectivity_57dfd14723b74c80
http://ivancity.com/,http-diff,https://explorer.ooni.org/m/20260409065140.025464_KR_webconnectivity_58304fd4974232d4
https://janesdueprocess.org/,ok,https://explorer.ooni.org/m/20260409065142.250654_KR_webconnectivity_f7a815dfe612fdad
https://jezebel.com/,ok,https://explorer.ooni.org/m/20260409065144.738655_KR_webconnectivity_40711b99f0afa6af
http://joins.com/,ok,https://explorer.ooni.org/m/20260409065146.169434_KR_webconnectivity_03095a1c7d3d5135
http://joongang.joins.com/,ok,https://explorer.ooni.org/m/20260409065148.883048_KR_webconnectivity_9ee4abc068c2c054
http://joongangdaily.joins.com/,ok,https://explorer.ooni.org/m/20260409065205.860078_KR_webconnectivity_086961da32344021
http://jtbc.joins.com/,ok,https://explorer.ooni.org/m/20260409065211.637062_KR_webconnectivity_bbbcb895a151251b
https://justassociates.org/,ok,https://explorer.ooni.org/m/20260409065223.910151_KR_webconnectivity_81c083b6f30bd058
http://justicewomen.com/,ok,https://explorer.ooni.org/m/20260409065226.513187_KR_webconnectivity_ecacebd56180256f
https://justthepill.com/,ok,https://explorer.ooni.org/m/20260409065228.399664_KR_webconnectivity_3c0f16a1aa0abfbb
https://kaleidoscopetrust.com/,ok,https://explorer.ooni.org/m/20260409065237.925983_KR_webconnectivity_cca7fb2531c1bd03
https://keys.openpgp.org/,ok,https://explorer.ooni.org/m/20260409065240.829278_KR_webconnectivity_ef2f0127eedfdb91
http://kfcitu.org/,ok,https://explorer.ooni.org/m/20260409065243.334517_KR_webconnectivity_7e82494ece844144
http://khilafah.net/,ok,https://explorer.ooni.org/m/20260409065253.377391_KR_webconnectivity_8690e895ff89bf6a
http://kieu.or.kr/,ok,https://explorer.ooni.org/m/20260409065256.457392_KR_webconnectivity_e49db875ac27cf91
http://koreapinkmap.com/,ok,https://explorer.ooni.org/m/20260409065302.501689_KR_webconnectivity_0172e84e9533e704
http://koredufund.org.kp/,tcp_ip,https://explorer.ooni.org/m/20260409065354.253956_KR_webconnectivity_ef0761d15dfa20cc
http://korelcfund.org.kp/,tcp_ip,https://explorer.ooni.org/m/20260409065445.273538_KR_webconnectivity_55be1275f9721216
http://ktu.or.kr/,tcp_ip,https://explorer.ooni.org/m/20260409065531.533873_KR_webconnectivity_a676b2d22577194f
https://laborrights.org/,ok,https://explorer.ooni.org/m/20260409065536.974567_KR_webconnectivity_3c02db7e3d461678
http://leftworkers.org/,ok,https://explorer.ooni.org/m/20260409065537.885864_KR_webconnectivity_f16ab75d8e572ffa
https://lgbt.foundation/,ok,https://explorer.ooni.org/m/20260409065540.725785_KR_webconnectivity_904b18dc31a57994
http://lgbtact.org/,error,https://explorer.ooni.org/m/20260409065557.762171_KR_webconnectivity_80e10bbb487d0c5c
https://lgbtqia.space/,ok,https://explorer.ooni.org/m/20260409065601.241134_KR_webconnectivity_d0a77853d40fb6aa
https://liveuamap.com/,ok,https://explorer.ooni.org/m/20260409065603.251616_KR_webconnectivity_dfb8bf57de1674f6
https://lokinet.org/,ok,https://explorer.ooni.org/m/20260409065608.054754_KR_webconnectivity_039e161380b05861
https://makeamazonpay.com/,ok,https://explorer.ooni.org/m/20260409065612.338505_KR_webconnectivity_6d8b618096efb089
https://mask-api.icloud.com/,ok,https://explorer.ooni.org/m/20260409065614.507294_KR_webconnectivity_ea8a39a7026fce25
https://mask.icloud.com/,error,https://explorer.ooni.org/m/20260409065617.788778_KR_webconnectivity_8303bfd2bb39a323
https://massbrowser.cs.umass.edu/,ok,https://explorer.ooni.org/m/20260409065620.285582_KR_webconnectivity_e7339517bd825878
http://media.daum.net/,ok,https://explorer.ooni.org/m/20260409065627.983386_KR_webconnectivity_fe8760a3cbfe1eb1
http://media.nodong.org/,ok,https://explorer.ooni.org/m/20260409065631.656502_KR_webconnectivity_36c5aa4271e61126
https://mega.nz/,ok,https://explorer.ooni.org/m/20260409065635.488316_KR_webconnectivity_dedd5f0a7da6343d
http://members.tripod.com/~INDIA_RESOURCE/savoice.html,ok,https://explorer.ooni.org/m/20260409065645.371404_KR_webconnectivity_1a9cf6fae1f55443
https://messagevortex.net/,ok,https://explorer.ooni.org/m/20260409065648.398918_KR_webconnectivity_4177392454b4e7a0
http://migrant.nodong.net/,ok,https://explorer.ooni.org/m/20260409065651.678581_KR_webconnectivity_e5c37bae1e39a0bd
http://minbyun.jinbo.net/,ok,https://explorer.ooni.org/m/20260409065657.930047_KR_webconnectivity_572fe8a3e355336c
https://moscow.rtrs.ru/,ok,https://explorer.ooni.org/m/20260409065703.042961_KR_webconnectivity_119c4eae3fe94442
http://naenara.com.kp/,tcp_ip,https://explorer.ooni.org/m/20260409065738.106789_KR_webconnectivity_ad9d3716d41f81ab
https://ncac.org/,ok,https://explorer.ooni.org/m/20260409065742.067503_KR_webconnectivity_fed4cf71f1a21e46
https://neilalexander.s3.dualstack.eu-west-2.amazonaws.com/deb/key.txt,ok,https://explorer.ooni.org/m/20260409065746.889745_KR_webconnectivity_14685bf35b764604
http://news.bbc.co.uk/2/hi/asia-pacific/,ok,https://explorer.ooni.org/m/20260409065750.660684_KR_webconnectivity_55b9869707c7ce95
https://news.google.com/,ok,https://explorer.ooni.org/m/20260409065756.153987_KR_webconnectivity_8d976d7d5277c6ef
http://news.naver.com/,ok,https://explorer.ooni.org/m/20260409065759.215842_KR_webconnectivity_119494cf10646d45
http://newstapa.org/,ok,https://explorer.ooni.org/m/20260409065803.778751_KR_webconnectivity_c3bfcd868b9c809c
http://nodong.org/,ok,https://explorer.ooni.org/m/20260409065809.052012_KR_webconnectivity_8b0fbbf1210264df
http://noneis.jinbo.net/,ok,https://explorer.ooni.org/m/20260409065816.462024_KR_webconnectivity_a00703ba66d8a39f
https://now.org/,ok,https://explorer.ooni.org/m/20260409065819.244275_KR_webconnectivity_c5f067ca281d4fc4
https://numun.fund/,ok,https://explorer.ooni.org/m/20260409065824.415255_KR_webconnectivity_de0fad25aa1a803f
https://nypost.com/,ok,https://explorer.ooni.org/m/20260409065830.609987_KR_webconnectivity_aba2c768bd30caf7
https://onionshare.org/,ok,https://explorer.ooni.org/m/20260409065832.990728_KR_webconnectivity_19a51bca0a739ae8
https://ooni.torproject.org/,ok,https://explorer.ooni.org/m/20260409065838.529287_KR_webconnectivity_46e14e833f43c731
https://opennet.net/,ok,https://explorer.ooni.org/m/20260409065846.566482_KR_webconnectivity_7ee7a36467842ecf
http://opennet.or.kr/,ok,https://explorer.ooni.org/m/20260409065855.484118_KR_webconnectivity_f36cda8649fb51cd
https://openvpn.net/,ok,https://explorer.ooni.org/m/20260409065857.281524_KR_webconnectivity_86d0df63e07d3025
https://otr.cypherpunks.ca/,ok,https://explorer.ooni.org/m/20260409065859.993145_KR_webconnectivity_3b7c34d18f7b5113
http://outpridekorea.com/,http-diff,https://explorer.ooni.org/m/20260409065917.127185_KR_webconnectivity_2c607bb722c40187
https://outrightinternational.org/,ok,https://explorer.ooni.org/m/20260409065920.942668_KR_webconnectivity_95f23c54e6356de1
http://peacekorea.org/,ok,https://explorer.ooni.org/m/20260409065926.142803_KR_webconnectivity_1dc25e3b4b2f53bd
https://pirateparty.org.au/,ok,https://explorer.ooni.org/m/20260409065929.572666_KR_webconnectivity_80a1625dd0c21525
http://poor.jinbo.net/,ok,https://explorer.ooni.org/m/20260409065933.213183_KR_webconnectivity_a4153193ee84a064
http://ppss.kr/,ok,https://explorer.ooni.org/m/20260409065939.424074_KR_webconnectivity_69a9666542b3c5d5
https://pridesource.com/,ok,https://explorer.ooni.org/m/20260409065942.489790_KR_webconnectivity_be10825208d0e9e1
https://proton.me/,ok,https://explorer.ooni.org/m/20260409065947.670309_KR_webconnectivity_4cb23e952633a8b1
https://protonvpn.com/,http-failure,https://explorer.ooni.org/m/20260409070009.346077_KR_webconnectivity_83436d6c51f6d4f0
http://proxy.org/,error,https://explorer.ooni.org/m/20260409070011.722268_KR_webconnectivity_c63d7a6d47b539d4
http://proxytools.sourceforge.net/,ok,https://explorer.ooni.org/m/20260409070013.466607_KR_webconnectivity_35056c298a699a41
https://psiphon.ca/,ok,https://explorer.ooni.org/m/20260409070015.295030_KR_webconnectivity_fd74b83b77a3b9ee
http://pssp.org/,ok,https://explorer.ooni.org/m/20260409070023.897081_KR_webconnectivity_1a4c9b66d9dd66e5
https://queernet-rlp.de/,ok,https://explorer.ooni.org/m/20260409070030.822114_KR_webconnectivity_269fed634b745290
https://radiofreel.github.io/,ok,https://explorer.ooni.org/m/20260409070033.732654_KR_webconnectivity_74e0607238b2d72d
https://radiofreel.gitlab.io/,ok,https://explorer.ooni.org/m/20260409070036.674520_KR_webconnectivity_d20d33cc18df04e5
https://reclaimthenet.org/,ok,https://explorer.ooni.org/m/20260409070039.743031_KR_webconnectivity_c57ab14c1b120547
https://reliefweb.int/,ok,https://explorer.ooni.org/m/20260409070044.353641_KR_webconnectivity_fcae294b672155bc
https://remailer.paranoici.org/,ok,https://explorer.ooni.org/m/20260409070048.326318_KR_webconnectivity_2e028b332c39aaf1
https://ren.tv/,ok,https://explorer.ooni.org/m/20260409070052.180809_KR_webconnectivity_302cff44a0fa882e
https://reproductiverights.org/,ok,https://explorer.ooni.org/m/20260409070055.302950_KR_webconnectivity_97bae034e2c6e3ac
https://ria.ru/,ok,https://explorer.ooni.org/m/20260409070101.546450_KR_webconnectivity_5651b1ca98608df1
http://rodong.rep.kp/,tcp_ip,https://explorer.ooni.org/m/20260409070149.440187_KR_webconnectivity_8f196002bcb9d29f
https://rsf.org/,ok,https://explorer.ooni.org/m/20260409070153.670214_KR_webconnectivity_771981968a8f7e89
https://rtr-planeta.com/,tcp_ip,https://explorer.ooni.org/m/20260409070225.214052_KR_webconnectivity_c1ca77198084391d
http://russia.tv/,ok,https://explorer.ooni.org/m/20260409070231.861431_KR_webconnectivity_b79b4bc9a3b87876
http://sadd.or.kr/,ok,https://explorer.ooni.org/m/20260409070236.161364_KR_webconnectivity_e5666695d9063a79
https://safeabortionpill.org/,ok,https://explorer.ooni.org/m/20260409070240.470521_KR_webconnectivity_5970c263c0737a9d
https://safeabortionpills.com/,ok,https://explorer.ooni.org/m/20260409070244.904512_KR_webconnectivity_7f61bddb0c81b651
http://samugol.net/,ok,https://explorer.ooni.org/m/20260409070247.082983_KR_webconnectivity_4e72e2386d5e3176
https://sandbox.cryptpad.info/,ok,https://explorer.ooni.org/m/20260409070250.314652_KR_webconnectivity_6a941b24bee7f54d
https://sea-watch.org/,ok,https://explorer.ooni.org/m/20260409070254.660901_KR_webconnectivity_674563a621800d01
https://secfirst.org/,error,https://explorer.ooni.org/m/20260409070257.362609_KR_webconnectivity_eb31ec56a5a2f943
https://securevpn.im/,ok,https://explorer.ooni.org/m/20260409070300.577194_KR_webconnectivity_6ae5e9554c77900c
http://seoul.nodong.org/,ok,https://explorer.ooni.org/m/20260409070304.866317_KR_webconnectivity_259b55bd38927de9
http://service.nodong.org/,ok,https://explorer.ooni.org/m/20260409070312.531449_KR_webconnectivity_1c51137559a9a07f
http://sewolho416.org/,ok,https://explorer.ooni.org/m/20260409070315.929840_KR_webconnectivity_d6cf67fd84b446eb
https://slate.com/,ok,https://explorer.ooni.org/m/20260409070318.767777_KR_webconnectivity_1ad308320123e902
https://southfeministfutures.org/,ok,https://explorer.ooni.org/m/20260409070322.692816_KR_webconnectivity_43699f1c89e81174
https://sputniknews.cn/,ok,https://explorer.ooni.org/m/20260409070325.938988_KR_webconnectivity_a68284446cb84477
http://surprise.or.kr/board/,ok,https://explorer.ooni.org/m/20260409070329.139644_KR_webconnectivity_dd793d950804519a
https://tacticaltech.org/,ok,https://explorer.ooni.org/m/20260409070342.064705_KR_webconnectivity_d1dcf7de293db405
https://tails.net/,ok,https://explorer.ooni.org/m/20260409070344.190387_KR_webconnectivity_e2da7c51caf49791
https://theglobalobservatory.org/,ok,https://explorer.ooni.org/m/20260409070347.024846_KR_webconnectivity_7fb537da9cb6b4c4
http://theimpeter.com/,error,https://explorer.ooni.org/m/20260409070409.126601_KR_webconnectivity_090a175eaabe95a1
https://threema.ch/,ok,https://explorer.ooni.org/m/20260409070417.852354_KR_webconnectivity_cfe8a5ee6b5d51fc
https://timcast.com/,ok,https://explorer.ooni.org/m/20260409070423.213880_KR_webconnectivity_881f91512720f8a2
http://times.hankooki.com/,http-diff,https://explorer.ooni.org/m/20260409070426.357271_KR_webconnectivity_bc48eead071b3749
https://timesofindia.indiatimes.com/,ok,https://explorer.ooni.org/m/20260409070431.569559_KR_webconnectivity_405f1f5d4853a9d7
https://transequality.org/,ok,https://explorer.ooni.org/m/20260409070436.486710_KR_webconnectivity_8712396c81626876
http://transparency.or.kr/,ok,https://explorer.ooni.org/m/20260409070440.876393_KR_webconnectivity_36114692da813d9d
http://twokoreas.blogspot.com/,ok,https://explorer.ooni.org/m/20260409070444.573862_KR_webconnectivity_b44c6eb4d164e9a3
https://tyt.com/,ok,https://explorer.ooni.org/m/20260409070448.886664_KR_webconnectivity_63545ddc5bbfe4d5
https://unpo.org/,ok,https://explorer.ooni.org/m/20260409070453.076916_KR_webconnectivity_87e6bc863862efef
https://urgentactionfund.org/,ok,https://explorer.ooni.org/m/20260409070458.820201_KR_webconnectivity_cebd1f7d0aa7c656
https://veracrypt.fr/,ok,https://explorer.ooni.org/m/20260409070503.064810_KR_webconnectivity_e681ff54f00c0278
https://vgtrk.ru/,ok,https://explorer.ooni.org/m/20260409070507.600577_KR_webconnectivity_f763e7a536f067af
http://viewsnnews.com/,ok,https://explorer.ooni.org/m/20260409070513.358222_KR_webconnectivity_24466bc081fd6482
http://vok.rep.kp/,tcp_ip,https://explorer.ooni.org/m/20260409070549.219105_KR_webconnectivity_ebfdad8846a9c567
https://vuejs.org/,ok,https://explorer.ooni.org/m/20260409070551.849889_KR_webconnectivity_0121ecea82dfb64a
http://wcollar.tistory.com/308,ok,https://explorer.ooni.org/m/20260409070554.544373_KR_webconnectivity_3f17a71cbe35fcff
https://wearechange.org/,ok,https://explorer.ooni.org/m/20260409070558.151668_KR_webconnectivity_4cb461fbdb32ac90
https://wedo.org/,ok,https://explorer.ooni.org/m/20260409070604.451174_KR_webconnectivity_a5bc84c88a2e03c0
https://wfrtds.org/,ok,https://explorer.ooni.org/m/20260409070607.820904_KR_webconnectivity_db4a35a5bcd3a568
https://whrdic.org/,ok,https://explorer.ooni.org/m/20260409070617.961985_KR_webconnectivity_b21a5e2e0159d26a
https://wickr.com/,ok,https://explorer.ooni.org/m/20260409070622.166339_KR_webconnectivity_2d00f11282b1ccda
https://wikileaks.org/,ok,https://explorer.ooni.org/m/20260409070630.766804_KR_webconnectivity_f9429d0e51c0fc0e
https://women-on-web.kr/,ok,https://explorer.ooni.org/m/20260409070635.306846_KR_webconnectivity_ad16d701939c9d78
https://womeninblack.org/,ok,https://explorer.ooni.org/m/20260409070640.993163_KR_webconnectivity_46bdf262dd8b89c1
http://workingvoice.net/,ok,https://explorer.ooni.org/m/20260409070646.074255_KR_webconnectivity_42933bddba393b74
https://world.internationalism.org/,ok,https://explorer.ooni.org/m/20260409070648.877408_KR_webconnectivity_3703eeb6025f45e8
https://www.1tv.ru/,ok,https://explorer.ooni.org/m/20260409070657.805788_KR_webconnectivity_4e03521644e0ab66
http://www.2016change.net/,ok,https://explorer.ooni.org/m/20260409070706.964546_KR_webconnectivity_96f7919d2df33a9d
https://www.access-unlocked.org/,ok,https://explorer.ooni.org/m/20260409070709.876405_KR_webconnectivity_7434b003eb0614b9
https://www.accessnow.org/,ok,https://explorer.ooni.org/m/20260409070713.565350_KR_webconnectivity_df2495a5fbc2dee4
https://www.afp.com/,ok,https://explorer.ooni.org/m/20260409070720.480196_KR_webconnectivity_9f3e26ad6d839966
https://www.ahram.org.eg/,ok,https://explorer.ooni.org/m/20260409070820.217491_KR_webconnectivity_e5a2f33c649e5c1d
https://www.alhurra.com/,ok,https://explorer.ooni.org/m/20260409070823.138487_KR_webconnectivity_c73ba21c7ae3c2ef
https://www.aljazeera.com/,ok,https://explorer.ooni.org/m/20260409070826.330944_KR_webconnectivity_8f7815d52cd53d10
https://www.aljazeera.net/,ok,https://explorer.ooni.org/m/20260409070834.971664_KR_webconnectivity_8672d5163b21cab7
https://www.almanar.com.lb/,ok,https://explorer.ooni.org/m/20260409070837.727819_KR_webconnectivity_1533b4ddc6f569b2
http://www.amnesty.or.kr/,ok,https://explorer.ooni.org/m/20260409070844.534828_KR_webconnectivity_9e0e8063e0526bfc
https://www.amnesty.org/,ok,https://explorer.ooni.org/m/20260409070847.722584_KR_webconnectivity_32ffff0f6591e9c0
https://www.amnestyusa.org/,ok,https://explorer.ooni.org/m/20260409070850.488571_KR_webconnectivity_00d9f3b5cc1eb82a
http://www.amrc.org.hk/,ok,https://explorer.ooni.org/m/20260409070855.439516_KR_webconnectivity_735f6cc50f908304
https://www.apt.ch/,ok,https://explorer.ooni.org/m/20260409070900.372432_KR_webconnectivity_8d181351865d0595
http://www.apwld.org/,ok,https://explorer.ooni.org/m/20260409070914.601014_KR_webconnectivity_62289ba6b7551e2d
http://www.arrc-hre.com/,ok,https://explorer.ooni.org/m/20260409070934.770132_KR_webconnectivity_2e1ac242d262e44e
http://www.asia-daily.com/,ok,https://explorer.ooni.org/m/20260409070938.600725_KR_webconnectivity_a94c9ea00b322917
http://www.asiamedia.ucla.edu/,tcp_ip,https://explorer.ooni.org/m/20260409071024.609881_KR_webconnectivity_81397d3360867693
http://www.asian-migrants.org/,ok,https://explorer.ooni.org/m/20260409071044.208037_KR_webconnectivity_423c7a2232655257
http://www.asiapacificnews.com/,ok,https://explorer.ooni.org/m/20260409071045.674800_KR_webconnectivity_4d40080fd69cce30
https://www.awid.org/,ok,https://explorer.ooni.org/m/20260409071048.132696_KR_webconnectivity_420e867125a51d1d
https://www.bbc.com/,ok,https://explorer.ooni.org/m/20260409071050.462618_KR_webconnectivity_215053a736b366c6
https://www.benarnews.org/,ok,https://explorer.ooni.org/m/20260409071058.132199_KR_webconnectivity_843eb34b15639902
https://www.benedelman.org/,ok,https://explorer.ooni.org/m/20260409071104.174486_KR_webconnectivity_eafdecd8fceaf6cf
http://www.bicommunitynews.co.uk/,ok,https://explorer.ooni.org/m/20260409071110.632702_KR_webconnectivity_b2a533ad7235f91b
https://www.bitmask.net/,ok,https://explorer.ooni.org/m/20260409071114.300766_KR_webconnectivity_f528c68efa7acecc
https://www.btselem.org/,ok,https://explorer.ooni.org/m/20260409071118.701867_KR_webconnectivity_3fc43a0b998dc24b
http://www.buddy79.com/,ok,https://explorer.ooni.org/m/20260409071122.292318_KR_webconnectivity_859e9383610ed03e
https://www.buzzfeed.com/,ok,https://explorer.ooni.org/m/20260409071124.762414_KR_webconnectivity_7730455d8f876381
https://www.caritas.org/,ok,https://explorer.ooni.org/m/20260409071128.398304_KR_webconnectivity_0a03947a554a331f
https://www.cartercenter.org/,ok,https://explorer.ooni.org/m/20260409071132.544039_KR_webconnectivity_a88327ba98938959
https://www.cbc.ca/,ok,https://explorer.ooni.org/m/20260409071136.738347_KR_webconnectivity_6875eb24b7438a83
https://www.cbsnews.com/,ok,https://explorer.ooni.org/m/20260409071141.290630_KR_webconnectivity_0575d257017bc047
http://www.ccdm.or.kr/,ok,https://explorer.ooni.org/m/20260409071144.733017_KR_webconnectivity_63201c8dc35754ba
http://www.cesr.org/,ok,https://explorer.ooni.org/m/20260409071148.986253_KR_webconnectivity_228d3b647b77bb38
https://www.cfr.org/,ok,https://explorer.ooni.org/m/20260409071152.654004_KR_webconnectivity_f650f72b25b672bf
https://www.cgtn.com/,ok,https://explorer.ooni.org/m/20260409071157.276273_KR_webconnectivity_ee2d9e816323d182
https://www.change.org/,ok,https://explorer.ooni.org/m/20260409071200.111077_KR_webconnectivity_be800edf4d089c66
http://www.channelnewsasia.com/,ok,https://explorer.ooni.org/m/20260409071203.116251_KR_webconnectivity_030e2923f0fd37b9
https://www.chinadaily.com.cn/,ok,https://explorer.ooni.org/m/20260409071209.920666_KR_webconnectivity_8ffe8c1a71632fba
http://www.chingusai.net/,ok,https://explorer.ooni.org/m/20260409071215.231626_KR_webconnectivity_256d9a48834d8582
http://www.chosun.com/,ok,https://explorer.ooni.org/m/20260409071219.431166_KR_webconnectivity_e47520731ebcdd2e
https://www.cnbc.com/,ok,https://explorer.ooni.org/m/20260409071223.228480_KR_webconnectivity_9ceabc3e59e256f3
http://www.cnnasiapacific.com/,tcp_ip,https://explorer.ooni.org/m/20260409071310.162786_KR_webconnectivity_7874afb21cbd7dc1
https://www.crisisgroup.org/,ok,https://explorer.ooni.org/m/20260409071314.073254_KR_webconnectivity_18dd270db7622f07
https://www.csmonitor.com/,ok,https://explorer.ooni.org/m/20260409071318.061923_KR_webconnectivity_deb1cad23d02e81d
https://www.currenttime.tv/,ok,https://explorer.ooni.org/m/20260409071330.971659_KR_webconnectivity_aa1120153981779a
http://www.cwgl.rutgers.edu/,ok,https://explorer.ooni.org/m/20260409071335.304763_KR_webconnectivity_f0d0b414c127dc37
https://www.dailymail.co.uk/,ok,https://explorer.ooni.org/m/20260409071341.270268_KR_webconnectivity_8052ef98efe61048
https://www.dailysabah.com/,ok,https://explorer.ooni.org/m/20260409071345.264010_KR_webconnectivity_80d4e3852e770629
https://www.dd-rd.ca/,ok,https://explorer.ooni.org/m/20260409071347.140153_KR_webconnectivity_4ff3659104b2d21d
http://www.ddanzi.com/,ok,https://explorer.ooni.org/m/20260409071350.982308_KR_webconnectivity_6d963319d994954c
https://www.democracycaucus.net/,error,https://explorer.ooni.org/m/20260409071412.876430_KR_webconnectivity_0a1c21c9c4435e7f
https://www.democracynow.org/,ok,https://explorer.ooni.org/m/20260409071416.796540_KR_webconnectivity_40c48457fe2e6670
http://www.depdc.org/,ok,https://explorer.ooni.org/m/20260409071417.650902_KR_webconnectivity_1683f4ce7f53f8ee
https://www.derechos.org/,ok,https://explorer.ooni.org/m/20260409071421.692394_KR_webconnectivity_320b8b5b1c21e56c
http://www.donga.com/,ok,https://explorer.ooni.org/m/20260409071438.705720_KR_webconnectivity_02a186b83cf0c68f
https://www.dopplr.com/,ok,https://explorer.ooni.org/m/20260409071441.916267_KR_webconnectivity_4b96b31ca4ba01cd
http://www.drudgereport.com/,ok,https://explorer.ooni.org/m/20260409071444.995028_KR_webconnectivity_d04e57a824f3e30c
https://www.dw.com/,ok,https://explorer.ooni.org/m/20260409071447.447658_KR_webconnectivity_ed7565602316320e
http://www.ebn.co.kr/,ok,https://explorer.ooni.org/m/20260409071452.689743_KR_webconnectivity_910feffc5e34f2ce
http://www.ecequality.org/,ok,https://explorer.ooni.org/m/20260409071455.807202_KR_webconnectivity_5d1b4ed053a2124e
http://www.eduhope.net/,ok,https://explorer.ooni.org/m/20260409071503.185298_KR_webconnectivity_58a598a21401d8f3
https://www.eff.org/,ok,https://explorer.ooni.org/m/20260409071504.962515_KR_webconnectivity_dfc1b3540613b645
https://www.eluniversal.com/,ok,https://explorer.ooni.org/m/20260409071510.556743_KR_webconnectivity_aa2cb3205822e233
https://www.endfgm.eu/,ok,https://explorer.ooni.org/m/20260409071514.947937_KR_webconnectivity_bd62997ffc3570e2
http://www.equaline.or.kr/,ok,https://explorer.ooni.org/m/20260409071521.658605_KR_webconnectivity_7d027bc8d1fa2477
https://www.eurobicon.org/,ok,https://explorer.ooni.org/m/20260409071528.676632_KR_webconnectivity_d6c7adc926627128
https://www.euronews.com/,ok,https://explorer.ooni.org/m/20260409071529.913010_KR_webconnectivity_4b396973322e4989
https://www.exitinternational.net/,ok,https://explorer.ooni.org/m/20260409071533.889271_KR_webconnectivity_46a9157267d4a0c5
https://www.expressvpn.com/,ok,https://explorer.ooni.org/m/20260409071538.065289_KR_webconnectivity_257b010e296895fc
https://www.f-secure.com/,http-failure,https://explorer.ooni.org/m/20260409071559.568797_KR_webconnectivity_2fcf6dd82279419a
https://www.familyequality.org/,ok,https://explorer.ooni.org/m/20260409071605.645954_KR_webconnectivity_05add1c40687a394
https://www.feminist.com/,ok,https://explorer.ooni.org/m/20260409071609.952271_KR_webconnectivity_d662234d58d9b955
https://www.fidh.org/,ok,https://explorer.ooni.org/m/20260409071614.082014_KR_webconnectivity_249b849134a4f751
http://www.fktu.or.kr/,ok,https://explorer.ooni.org/m/20260409071618.071240_KR_webconnectivity_a9e715884a10498f
https://www.fondationdefrance.org/,ok,https://explorer.ooni.org/m/20260409071622.129485_KR_webconnectivity_1b12ae9908250442
https://www.forbes.com/,ok,https://explorer.ooni.org/m/20260409071623.914812_KR_webconnectivity_ae1c255f0025c684
https://www.fordfoundation.org/,ok,https://explorer.ooni.org/m/20260409071625.814969_KR_webconnectivity_0b840b1ec9f5163d
http://www.forum-asia.org/,ok,https://explorer.ooni.org/m/20260409071627.229070_KR_webconnectivity_8ee548da5717b9df
https://www.forum18.org/,ok,https://explorer.ooni.org/m/20260409071631.859958_KR_webconnectivity_6bb42bb9b501cc2d
https://www.france24.com/,ok,https://explorer.ooni.org/m/20260409071633.784098_KR_webconnectivity_0802c509249612bf
https://www.francemediasmonde.com/,ok,https://explorer.ooni.org/m/20260409071639.685485_KR_webconnectivity_f27964c26cd6ba0c
http://www.freedominfo.org/,ok,https://explorer.ooni.org/m/20260409071640.848440_KR_webconnectivity_6d4d54e1974a06b9
http://www.freeexpression.org/,ok,https://explorer.ooni.org/m/20260409071645.171767_KR_webconnectivity_fbdeed80f4c90a54
https://www.freespeech.com/,ok,https://explorer.ooni.org/m/20260409071651.007590_KR_webconnectivity_a18d6ea8fa7fb607
https://www.frontlinedefenders.org/,ok,https://explorer.ooni.org/m/20260409071655.299485_KR_webconnectivity_8289b5881e0c0164
http://www.ftchinese.com/,ok,https://explorer.ooni.org/m/20260409071657.760218_KR_webconnectivity_a3f0c120def55181
http://www.gayegypt.com/,http-diff,https://explorer.ooni.org/m/20260409071659.643972_KR_webconnectivity_d671ed487a6a32c1
http://www.gayrice.com/,ok,https://explorer.ooni.org/m/20260409071700.500478_KR_webconnectivity_c48b3a97c10e3a27
http://www.gayrice.com/gayplaces/country.php?cid=126,ok,https://explorer.ooni.org/m/20260409071701.221759_KR_webconnectivity_873370e00ee12d00
http://www.gayscape.com/,http-diff,https://explorer.ooni.org/m/20260409071702.457776_KR_webconnectivity_c28b6486f2b3a013
https://www.gearthblog.com/,ok,https://explorer.ooni.org/m/20260409071706.657134_KR_webconnectivity_f5d8e2b320d0dcb3
https://www.genderit.org/,ok,https://explorer.ooni.org/m/20260409071710.300285_KR_webconnectivity_8ba3c4002231f80a
https://www.getoutline.org/,ok,https://explorer.ooni.org/m/20260409071713.060840_KR_webconnectivity_389203d0bba4f3ff
https://www.girlsnotbrides.org/,ok,https://explorer.ooni.org/m/20260409071718.044624_KR_webconnectivity_6c6172224ccbc286
http://www.glaad.org/,ok,https://explorer.ooni.org/m/20260409071723.984933_KR_webconnectivity_b70e2ce29cf8dda2
https://www.globaleaks.org/,ok,https://explorer.ooni.org/m/20260409071729.814249_KR_webconnectivity_09b76c0a6ce2d934
https://www.globalfundforwomen.org/,ok,https://explorer.ooni.org/m/20260409071733.660670_KR_webconnectivity_e3bf836bb3c995a0
http://www.globalgayz.com/g-korea.html,ok,https://explorer.ooni.org/m/20260409071740.103601_KR_webconnectivity_91c68cb14cefa188
http://www.globalr2p.org/,ok,https://explorer.ooni.org/m/20260409071743.952949_KR_webconnectivity_87f1e6120b72d721
https://www.glsen.org/,ok,https://explorer.ooni.org/m/20260409071747.531724_KR_webconnectivity_fdf7981ba8e01983
http://www.gmhc.org/,ok,https://explorer.ooni.org/m/20260409071752.707618_KR_webconnectivity_2281a6c3605b7acb
https://www.gnu.org/,ok,https://explorer.ooni.org/m/20260409071810.813877_KR_webconnectivity_e17354bed763f443
https://www.gnupg.org/,ok,https://explorer.ooni.org/m/20260409071814.958753_KR_webconnectivity_9bc9919080f5d791
http://www.gobalnews.com/,ok,https://explorer.ooni.org/m/20260409071820.041174_KR_webconnectivity_2593a25a4535919b
http://www.granma.cu/,ok,https://explorer.ooni.org/m/20260409071826.793548_KR_webconnectivity_e3b590cf30d4f65f
https://www.guerrillagirls.com/,ok,https://explorer.ooni.org/m/20260409071829.846096_KR_webconnectivity_327d91f0aeb13bf3
https://www.haaretz.com/,ok,https://explorer.ooni.org/m/20260409071832.626775_KR_webconnectivity_b508e0b74ee2b6c2
http://www.hani.co.kr/,ok,https://explorer.ooni.org/m/20260409071835.395787_KR_webconnectivity_f9977c9ab6696552
http://www.hankooki.com/,ok,https://explorer.ooni.org/m/20260409071841.597045_KR_webconnectivity_78b4e8dc9da77bd5
http://www.hellodd.com/,ok,https://explorer.ooni.org/m/20260409071848.468535_KR_webconnectivity_3ef5b0bb97a0e5ed
https://www.herdict.org/,ok,https://explorer.ooni.org/m/20260409071853.672349_KR_webconnectivity_0952641c12ed27a1
https://www.heritage.org/,ok,https://explorer.ooni.org/m/20260409071855.673188_KR_webconnectivity_49544d3faa7ec445
https://www.heyjane.com/,ok,https://explorer.ooni.org/m/20260409071857.666950_KR_webconnectivity_d8de8c6a10f5bb2d
http://www.hizb-ut-tahrir.org/,ok,https://explorer.ooni.org/m/20260409071859.190764_KR_webconnectivity_bd23555f69478fbd
http://www.hopeandlaw.org/,ok,https://explorer.ooni.org/m/20260409071904.440822_KR_webconnectivity_12617375d6259fff
http://www.hotline.or.kr/,ok,https://explorer.ooni.org/m/20260409071910.264486_KR_webconnectivity_2ed316943696b337
http://www.hrc.org/,ok,https://explorer.ooni.org/m/20260409071914.727942_KR_webconnectivity_b657834799dd539b
http://www.hrea.org/,ok,https://explorer.ooni.org/m/20260409071919.390610_KR_webconnectivity_28ea58ccf2e26833
https://www.huffpost.com/,ok,https://explorer.ooni.org/m/20260409071921.844189_KR_webconnectivity_f25ccdd78b9801bb
https://www.humanrightsconnected.org/,ok,https://explorer.ooni.org/m/20260409071924.914543_KR_webconnectivity_b87c7605c11b9f71
http://www.humanrightsfirst.org/,ok,https://explorer.ooni.org/m/20260409071930.436728_KR_webconnectivity_78e68c5d2edaeb9d
http://www.i615.net/,error,https://explorer.ooni.org/m/20260409071939.700309_KR_webconnectivity_462022b0ee2e1c67
http://www.iaffe.org/,ok,https://explorer.ooni.org/m/20260409071942.666648_KR_webconnectivity_6248dac4aec0f11c
https://www.icij.org/,ok,https://explorer.ooni.org/m/20260409071947.912347_KR_webconnectivity_ce19d21b46798ff9
http://www.icrw.org/,ok,https://explorer.ooni.org/m/20260409071950.209379_KR_webconnectivity_58d6be83e12e3bb1
https://www.ictj.org/,ok,https://explorer.ooni.org/m/20260409071952.873617_KR_webconnectivity_ba1a79347d6f3f87
http://www.idea.int/,ok,https://explorer.ooni.org/m/20260409071959.944322_KR_webconnectivity_1a66121a108576a4
http://www.ifj-asia.org/,tcp_ip,https://explorer.ooni.org/m/20260409072045.792571_KR_webconnectivity_2c25369bbf26d40a
http://www.ifj.org/,ok,https://explorer.ooni.org/m/20260409072050.873600_KR_webconnectivity_dd61ec344816b819
https://www.ihrc.org.uk/,ok,https://explorer.ooni.org/m/20260409072058.862123_KR_webconnectivity_6b9a9f0111fbc9ea
https://www.ijm.org/,ok,https://explorer.ooni.org/m/20260409072100.859039_KR_webconnectivity_1b6b2347a8f304e3
https://www.iknowpolitics.org/,ok,https://explorer.ooni.org/m/20260409072109.806693_KR_webconnectivity_0d9fdd6042ba28e0
https://www.ilga-europe.org/,ok,https://explorer.ooni.org/m/20260409072117.130045_KR_webconnectivity_1464ffce704cef47
http://www.ilga.info/,ok,https://explorer.ooni.org/m/20260409072122.575274_KR_webconnectivity_104c8eb75ea5c769
http://www.ilga.org/asia/,ok,https://explorer.ooni.org/m/20260409072126.258694_KR_webconnectivity_755865a4413e9753
http://www.ilo.org/public/english/region/asro/bangkok/child/trafficking/index.htm,ok,https://explorer.ooni.org/m/20260409072137.269332_KR_webconnectivity_1c602dfe8eaf4893
https://www.indiatimes.com/,ok,https://explorer.ooni.org/m/20260409072140.651950_KR_webconnectivity_5620c7415efb2e82
http://www.inetprivacy.com/,dns,https://explorer.ooni.org/m/20260409072141.603439_KR_webconnectivity_4214363a6db4d939
http://www.inews24.com/,ok,https://explorer.ooni.org/m/20260409072145.831745_KR_webconnectivity_4aca5380e2fffd1f
https://www.infowars.com/,ok,https://explorer.ooni.org/m/20260409072149.295879_KR_webconnectivity_83398e7634ed247a
http://www.inkwon.or.kr/,ok,https://explorer.ooni.org/m/20260409072156.762650_KR_webconnectivity_c2cc93123a4979e9
http://www.inminds.co.uk/,ok,https://explorer.ooni.org/m/20260409072200.664784_KR_webconnectivity_928a3785886e8a55
https://www.ipetitions.com/,ok,https://explorer.ooni.org/m/20260409072204.595254_KR_webconnectivity_7218cda751643105
http://www.irna.ir/,ok,https://explorer.ooni.org/m/20260409072207.772165_KR_webconnectivity_87e4ada0efb187c5
http://www.isiswomen.org/,ok,https://explorer.ooni.org/m/20260409072210.636122_KR_webconnectivity_c974a388e02d8851
http://www.islamawareness.net/,ok,https://explorer.ooni.org/m/20260409072215.093934_KR_webconnectivity_c773bf2dbd62d4d4
http://www.islamawareness.net/Asia/KoreaSouth/,ok,https://explorer.ooni.org/m/20260409072218.414592_KR_webconnectivity_d9297e046b69d4e8
http://www.islamkorea.com/,ok,https://explorer.ooni.org/m/20260409072226.725712_KR_webconnectivity_e0c2321e90236253
http://www.iwraw-ap.org/,ok,https://explorer.ooni.org/m/20260409072232.910749_KR_webconnectivity_84b657080487c97d
https://www.iwraw-ap.org/,ok,https://explorer.ooni.org/m/20260409072236.391070_KR_webconnectivity_ab5d1efe7f527e72
http://www.japantimes.co.jp/,ok,https://explorer.ooni.org/m/20260409072239.934345_KR_webconnectivity_93863ad524c982f5
http://www.jcmk.org/,ok,https://explorer.ooni.org/m/20260409072246.697964_KR_webconnectivity_f6bb549f7703ce09
http://www.jhr.ca/,ok,https://explorer.ooni.org/m/20260409072253.557057_KR_webconnectivity_dab560b0c98e015d
http://www.jinbocorea.org/,ok,https://explorer.ooni.org/m/20260409072258.722858_KR_webconnectivity_eba76a44d73f46d3
http://www.jmarshall.com/,ok,https://explorer.ooni.org/m/20260409072302.776282_KR_webconnectivity_5bb9556d7e7eafa8
https://www.jmarshall.com/,ok,https://explorer.ooni.org/m/20260409072305.031369_KR_webconnectivity_832a7b7beb4aa017
http://www.kcna.co.jp/,confirmed,https://explorer.ooni.org/m/20260409072307.438373_KR_webconnectivity_281e1d3b42770e14
http://www.kctu.org/,ok,https://explorer.ooni.org/m/20260409072311.560291_KR_webconnectivity_cb1ae1cdffdbbaf3
http://www.kdawu.org/,ok,https://explorer.ooni.org/m/20260409072316.020631_KR_webconnectivity_452b75d600156f44
http://www.kdlp.org/,ok,https://explorer.ooni.org/m/20260409072319.702416_KR_webconnectivity_4307a5365c07afce
http://www.khan.co.kr/,ok,https://explorer.ooni.org/m/20260409072324.176510_KR_webconnectivity_663eb6a580501e55
http://www.kita.net/,ok,https://explorer.ooni.org/m/20260409072331.079764_KR_webconnectivity_2771ee3119519e6f
http://www.kncc.or.kr/,dns,https://explorer.ooni.org/m/20260409072340.759022_KR_webconnectivity_5eb5ceb1fc4e1d6b
http://www.kngo.net/,http-failure,https://explorer.ooni.org/m/20260409072359.951993_KR_webconnectivity_741c62778b70778e
http://www.koreaherald.co.kr/,ok,https://explorer.ooni.org/m/20260409072405.029602_KR_webconnectivity_4d182c19b37e3aaf
http://www.korealiberator.org/,ok,https://explorer.ooni.org/m/20260409072410.547342_KR_webconnectivity_cd517c8e38a1289a
http://www.korva.or.kr/,ok,https://explorer.ooni.org/m/20260409072420.124562_KR_webconnectivity_de1a65eb1c091e04
http://www.kpil.org/,ok,https://explorer.ooni.org/m/20260409072424.985304_KR_webconnectivity_c2858c25893ff024
http://www.kwdi.re.kr/,ok,https://explorer.ooni.org/m/20260409072446.348799_KR_webconnectivity_d8eaf6b710b840df
http://www.kwpa.org/,ok,https://explorer.ooni.org/m/20260409072454.948355_KR_webconnectivity_0cf3dad8cec543ff
http://www.kwwnet.org/,ok,https://explorer.ooni.org/m/20260409072502.537597_KR_webconnectivity_ce0ec910690a86c6
http://www.laborrightsnow.org/,ok,https://explorer.ooni.org/m/20260409072505.388193_KR_webconnectivity_a0fb92df4ea50f1c
http://www.lanacion.com.ar/,ok,https://explorer.ooni.org/m/20260409072509.237875_KR_webconnectivity_e7fab177dee04460
https://www.laquadrature.net/,ok,https://explorer.ooni.org/m/20260409072513.684467_KR_webconnectivity_9ef25249153dd47e
http://www.latimes.com/,ok,https://explorer.ooni.org/m/20260409072516.143544_KR_webconnectivity_8c71385d04a708d0
https://www.lds.org/,ok,https://explorer.ooni.org/m/20260409072519.534761_KR_webconnectivity_8b29a6769c541e16
http://www.learningpartnership.org/,ok,https://explorer.ooni.org/m/20260409072523.671019_KR_webconnectivity_c325da20963390f1
https://www.lemonde.fr/,ok,https://explorer.ooni.org/m/20260409072526.192604_KR_webconnectivity_0c084eaf2ebadaa0
https://www.lgbtmap.org/,ok,https://explorer.ooni.org/m/20260409072529.881473_KR_webconnectivity_db8b83bf48141735
http://www.lgbtpride.or.kr/,ok,https://explorer.ooni.org/m/20260409072536.564949_KR_webconnectivity_e70bd22673cfc5f4
https://www.lgbtqnation.com/,ok,https://explorer.ooni.org/m/20260409072539.017505_KR_webconnectivity_b051199c87b0ed70
https://www.lilithfund.org/,ok,https://explorer.ooni.org/m/20260409072543.080526_KR_webconnectivity_bd733bfaf5910d0b
http://www.littlespeck.com/,ok,https://explorer.ooni.org/m/20260409072546.548684_KR_webconnectivity_b2d8b7263d00970f
https://www.logmein.com/,http-failure,https://explorer.ooni.org/m/20260409072608.047529_KR_webconnectivity_f2932da06ba148b2
https://www.madre.org/,ok,https://explorer.ooni.org/m/20260409072612.064227_KR_webconnectivity_5f28a9a5b989c043
http://www.mainichi.co.jp/,ok,https://explorer.ooni.org/m/20260409072614.409994_KR_webconnectivity_04063ba36dc73ce1
https://www.mamacash.org/,ok,https://explorer.ooni.org/m/20260409072619.024253_KR_webconnectivity_47864a548f331db1
https://www.martus.org/,ok,https://explorer.ooni.org/m/20260409072622.335796_KR_webconnectivity_737a98199729391c
https://www.mc-doualiya.com/,ok,https://explorer.ooni.org/m/20260409072624.354199_KR_webconnectivity_dcd738208ecf88df
http://www.mediareform.co.kr/,ok,https://explorer.ooni.org/m/20260409072629.191163_KR_webconnectivity_5b7af8aebbb6381b
http://www.mediatoday.co.kr/,ok,https://explorer.ooni.org/m/20260409072634.168643_KR_webconnectivity_7fbcfed2c20682b1
http://www.mediaus.co.kr/,ok,https://explorer.ooni.org/m/20260409072639.905360_KR_webconnectivity_2bb4f9b947bd801b
http://www.migrant114.org/,dns,https://explorer.ooni.org/m/20260409072644.293484_KR_webconnectivity_cfcdba39c923556d
http://www.mongu.net/,ok,https://explorer.ooni.org/m/20260409072647.185959_KR_webconnectivity_a69899d4d3fa0ae5
https://www.mormon.org/,ok,https://explorer.ooni.org/m/20260409072658.583573_KR_webconnectivity_3f3a90c808a57ca0
https://www.muckrock.com/,ok,https://explorer.ooni.org/m/20260409072701.984028_KR_webconnectivity_6ab4aa59e13fa014
https://www.musalaha.org/,ok,https://explorer.ooni.org/m/20260409072710.489218_KR_webconnectivity_659f9fc46c58a4b5
http://www.naeil.com/,ok,https://explorer.ooni.org/m/20260409072716.008032_KR_webconnectivity_efbaf0dccbe9a916
https://www.namecoin.org/,ok,https://explorer.ooni.org/m/20260409072721.165831_KR_webconnectivity_91b92d53fbcbae46
https://www.nbc.com/,ok,https://explorer.ooni.org/m/20260409072724.090986_KR_webconnectivity_76c15f013865cd2a
https://www.nbcnews.com/,ok,https://explorer.ooni.org/m/20260409072727.215628_KR_webconnectivity_ded62306a469f120
https://www.nbcnewyork.com/,ok,https://explorer.ooni.org/m/20260409072734.687262_KR_webconnectivity_6480ad9ad5f7853c
http://www.nclrights.org/,ok,https://explorer.ooni.org/m/20260409072737.764503_KR_webconnectivity_6b1fd92b12d5c8ec
https://www.ndi.org/,ok,https://explorer.ooni.org/m/20260409072741.037718_KR_webconnectivity_a4afdf816371c172
https://www.ned.org/,ok,https://explorer.ooni.org/m/20260409072742.530368_KR_webconnectivity_c5aea9dc866ec980
http://www.newnownext.com/,ok,https://explorer.ooni.org/m/20260409072747.460127_KR_webconnectivity_e394507494d76a56
http://www.newnownext.com/franchise/the-backlot/,ok,https://explorer.ooni.org/m/20260409072752.077499_KR_webconnectivity_744c665608c29302
http://www.newscham.net/,ok,https://explorer.ooni.org/m/20260409072755.294910_KR_webconnectivity_ea02d5ebd13ca96f
https://www.njal.la/,ok,https://explorer.ooni.org/m/20260409072800.104649_KR_webconnectivity_172409de2649af82
http://www.nkzone.org/,dns,https://explorer.ooni.org/m/20260409072850.213699_KR_webconnectivity_1d29651511a9f2af
http://www.nocutnews.co.kr/,ok,https://explorer.ooni.org/m/20260409072855.416024_KR_webconnectivity_705a432fedb7d756
http://www.nodong.org/,ok,https://explorer.ooni.org/m/20260409072901.228029_KR_webconnectivity_44d263c97c344525
http://www.nonghyup.com/,ok,https://explorer.ooni.org/m/20260409072904.818489_KR_webconnectivity_77cc0443541cc827
https://www.nostraightnews.com/,ok,https://explorer.ooni.org/m/20260409072909.775820_KR_webconnectivity_37f46a052e59006d
https://www.npr.org/,ok,https://explorer.ooni.org/m/20260409072912.682923_KR_webconnectivity_415300c79bd27066
https://www.ntv.ru/,ok,https://explorer.ooni.org/m/20260409072917.929743_KR_webconnectivity_3313d6fb8a21bd3d
https://www.nwci.ie/,ok,https://explorer.ooni.org/m/20260409072922.050719_KR_webconnectivity_f971487107dd5d34
https://www.oas.org/,ok,https://explorer.ooni.org/m/20260409072926.108636_KR_webconnectivity_afaf0aeb26a9c6f9
https://www.occrp.org/,ok,https://explorer.ooni.org/m/20260409072929.119032_KR_webconnectivity_dc741fa4926a8d3e
http://www.ohmynews.com/,ok,https://explorer.ooni.org/m/20260409072930.940449_KR_webconnectivity_601578155c787d27
http://www.omct.org/,ok,https://explorer.ooni.org/m/20260409072936.860227_KR_webconnectivity_ea62bc4cb851ad9f
https://www.omct.org/,ok,https://explorer.ooni.org/m/20260409072943.019089_KR_webconnectivity_b9bc0cf77c893afe
https://www.opendns.com/,ok,https://explorer.ooni.org/m/20260409072945.400022_KR_webconnectivity_58b301793a85fbe3
https://www.openpgp.org/,ok,https://explorer.ooni.org/m/20260409072948.467220_KR_webconnectivity_b51169a5ff124c1e
https://www.ou.org/,ok,https://explorer.ooni.org/m/20260409072952.231497_KR_webconnectivity_28c7af055ce74e17
http://www.pcusa.org/,ok,https://explorer.ooni.org/m/20260409072954.624862_KR_webconnectivity_bf042dd2871afb48
http://www.people.com.cn/,ok,https://explorer.ooni.org/m/20260409072957.239228_KR_webconnectivity_1aafd74e6792115f
http://www.peoplepower21.org/,ok,https://explorer.ooni.org/m/20260409073000.520570_KR_webconnectivity_f56aaa920781dd9b
https://www.phpmyadmin.net/,ok,https://explorer.ooni.org/m/20260409073002.978213_KR_webconnectivity_29c0f5fc295e3a58
http://www.pikicast.com/,tcp_ip,https://explorer.ooni.org/m/20260409073048.843223_KR_webconnectivity_d1825d21a7e7e8b6
https://www.pinknews.co.uk/,ok,https://explorer.ooni.org/m/20260409073051.619433_KR_webconnectivity_02c182524f13fc1d
https://www.piratenpartei.ch/,ok,https://explorer.ooni.org/m/20260409073055.594728_KR_webconnectivity_c6073e7e1b10afa1
http://www.piratpartiet.se/,ok,https://explorer.ooni.org/m/20260409073059.819372_KR_webconnectivity_92a6f1e684b3be6d
https://www.plancpills.org/,ok,https://explorer.ooni.org/m/20260409073102.987089_KR_webconnectivity_7eef604b49751e54
http://www.poweroftruth.net/,ok,https://explorer.ooni.org/m/20260409073107.120258_KR_webconnectivity_c7e6ded5a9a15963
https://www.pravda.ru/,ok,https://explorer.ooni.org/m/20260409073111.896094_KR_webconnectivity_c6a532d46b999463
http://www.pressian.com/,ok,https://explorer.ooni.org/m/20260409073116.653305_KR_webconnectivity_d83238e3dea39c1f
https://www.pridemedia.com/,ok,https://explorer.ooni.org/m/20260409073120.176760_KR_webconnectivity_6fae43708cca526f
https://www.privacidade.digital/,ok,https://explorer.ooni.org/m/20260409073123.455708_KR_webconnectivity_9c54f9cbe60d7988
https://www.privacyguides.org/,ok,https://explorer.ooni.org/m/20260409073127.246368_KR_webconnectivity_4d83c3005ab7c112
https://www.privacyinternational.org/,ok,https://explorer.ooni.org/m/20260409073130.308768_KR_webconnectivity_8d9a06590bca609d
https://www.privacytools.io/,ok,https://explorer.ooni.org/m/20260409073133.278750_KR_webconnectivity_754d3514f44bbf78
http://www.privaterra.org/,ok,https://explorer.ooni.org/m/20260409073137.545004_KR_webconnectivity_8d32d53ac3a3238f
https://www.projectveritas.com/,ok,https://explorer.ooni.org/m/20260409073143.381822_KR_webconnectivity_aa629333351eb677
https://www.propublica.org/,ok,https://explorer.ooni.org/m/20260409073145.067219_KR_webconnectivity_e282b8d5fe7dee1f
https://www.protectioninternational.org/,ok,https://explorer.ooni.org/m/20260409073150.756449_KR_webconnectivity_a5cb60723917e46e
http://www.qhnews.com/,ok,https://explorer.ooni.org/m/20260409073154.136553_KR_webconnectivity_9c32d36fb9bec60f
http://www.radicalparty.org/,ok,https://explorer.ooni.org/m/20260409073201.251757_KR_webconnectivity_5d39dc7380fb14e7
http://www.rainbowfoundation.co.kr/,ok,https://explorer.ooni.org/m/20260409073207.192086_KR_webconnectivity_dbda9171ffba2c5f
https://www.rambler.ru/,ok,https://explorer.ooni.org/m/20260409073211.386591_KR_webconnectivity_a6c8f0739ef03b38
https://www.rawa.org/,ok,https://explorer.ooni.org/m/20260409073214.510179_KR_webconnectivity_762b074086bbe38f
http://www.redian.org/,ok,https://explorer.ooni.org/m/20260409073219.765915_KR_webconnectivity_a42b872581a7793c
https://www.redstateaccess.com/,ok,https://explorer.ooni.org/m/20260409073222.786712_KR_webconnectivity_9d09c656989f0354
http://www.repubblica.com/,ok,https://explorer.ooni.org/m/20260409073226.384216_KR_webconnectivity_91a20a23be8d22e0
https://www.reuters.com/,ok,https://explorer.ooni.org/m/20260409073228.983138_KR_webconnectivity_18eb56170a31dc57
https://www.rfa.org/,ok,https://explorer.ooni.org/m/20260409073233.306598_KR_webconnectivity_218725f0fc58f8a7
https://www.rferl.org/,ok,https://explorer.ooni.org/m/20260409073237.813348_KR_webconnectivity_bee589c8071a1387
http://www.rights.or.kr/,ok,https://explorer.ooni.org/m/20260409073241.219261_KR_webconnectivity_989611ff638be309
http://www.righttodie.ca/,ok,https://explorer.ooni.org/m/20260409073243.762163_KR_webconnectivity_1c3b7e637f3ba1a2
http://www.rsf.org/article.php3?id_article=17361,ok,https://explorer.ooni.org/m/20260409073248.972011_KR_webconnectivity_cfbf2a742f3ea420
https://www.rt.com/,ok,https://explorer.ooni.org/m/20260409073259.256421_KR_webconnectivity_7275883d574e0688
https://www.rtarabic.com/,ok,https://explorer.ooni.org/m/20260409073305.251380_KR_webconnectivity_369233cf480835b5
https://www.savethechildren.net/,ok,https://explorer.ooni.org/m/20260409073309.397177_KR_webconnectivity_d69195cc476f3b2c
https://www.sbs.com.au/language/coronavirus?cid=infocus,ok,https://explorer.ooni.org/m/20260409073314.058908_KR_webconnectivity_0635f5cf0fa98093
https://www.scmp.com/,ok,https://explorer.ooni.org/m/20260409073320.190966_KR_webconnectivity_6070a7e90c137454
https://www.secfirst.org/,error,https://explorer.ooni.org/m/20260409073322.912798_KR_webconnectivity_05d68606d1527e85
https://www.securityinabox.org/,ok,https://explorer.ooni.org/m/20260409073326.752389_KR_webconnectivity_54a57905d54513ca
http://www.sisters.or.kr/,ok,https://explorer.ooni.org/m/20260409073336.880912_KR_webconnectivity_a122013582c20b0c
https://www.spiegel.de/,ok,https://explorer.ooni.org/m/20260409073347.489361_KR_webconnectivity_6b10437f48b7d61e
http://www.state.gov/g/drl/rls/hrrpt/2004/41647.htm,ok,https://explorer.ooni.org/m/20260409073352.766248_KR_webconnectivity_3ec21cf9c1731278
https://www.stonewall.org.uk/,ok,https://explorer.ooni.org/m/20260409073358.691097_KR_webconnectivity_c2e4a278c12c059d
http://www.stopstreetharassment.org/,ok,https://explorer.ooni.org/m/20260409073402.375887_KR_webconnectivity_a462b154a7fdb7ce
https://www.techlore.tech/,ok,https://explorer.ooni.org/m/20260409073407.814022_KR_webconnectivity_275a3d8fbca65ce6
https://www.terredeshommes.nl/,ok,https://explorer.ooni.org/m/20260409073412.680456_KR_webconnectivity_0b4b4add49fb79ec
https://www.theatlantic.com/,ok,https://explorer.ooni.org/m/20260409073415.135041_KR_webconnectivity_eca90b6b63401297
https://www.theguardian.com/,ok,https://explorer.ooni.org/m/20260409073417.749983_KR_webconnectivity_43e33a804e4638c1
https://www.thetrevorproject.org/,ok,https://explorer.ooni.org/m/20260409073425.115039_KR_webconnectivity_abd43789b531f9b4
http://www.tongilnews.com/,ok,https://explorer.ooni.org/m/20260409073429.565000_KR_webconnectivity_820126b07be9693b
https://www.tvc.ru/,ok,https://explorer.ooni.org/m/20260409073432.478546_KR_webconnectivity_9d455ed9cab3bc57
http://www.u4.no/,ok,https://explorer.ooni.org/m/20260409073436.179703_KR_webconnectivity_ba02b476c89ddf12
https://www.upi.com/Top_News/World-News/2019/07/11/Amnesty-International-LGBT-soldiers-face-abuse-in-South-Korea-military/1461562819145/,ok,https://explorer.ooni.org/m/20260409073440.331297_KR_webconnectivity_3f70ed9044fbf37e
https://www.urduvoa.com/,ok,https://explorer.ooni.org/m/20260409073443.753902_KR_webconnectivity_c1fa13330eefee70
https://www.usatoday.com/,ok,https://explorer.ooni.org/m/20260409073446.221426_KR_webconnectivity_f014017e1f36f4a8
https://www.vesti.ru/,ok,https://explorer.ooni.org/m/20260409073449.896951_KR_webconnectivity_0fecb4e5e13bdd0e
https://www.vice.com/,ok,https://explorer.ooni.org/m/20260409073453.074203_KR_webconnectivity_740054b04af7ca63
https://www.voanews.com/,ok,https://explorer.ooni.org/m/20260409073457.067845_KR_webconnectivity_d2e861b0504e438f
https://www.vpngate.net/,ok,https://explorer.ooni.org/m/20260409073500.352670_KR_webconnectivity_5a81b4ebe0a0ae34
https://www.warchild.net/,ok,https://explorer.ooni.org/m/20260409073505.504787_KR_webconnectivity_a1d6b445074651a2
https://www.washingtontimes.com/,ok,https://explorer.ooni.org/m/20260409073507.819552_KR_webconnectivity_3baa3e1c168fc2aa
http://www.well.com/,ok,https://explorer.ooni.org/m/20260409073511.709521_KR_webconnectivity_da4c1eca84ecc522
http://www.well.com/user/queerjhd/,ok,https://explorer.ooni.org/m/20260409073514.780059_KR_webconnectivity_1012fb9f3477e253
http://www.wftucentral.org/,ok,https://explorer.ooni.org/m/20260409073518.566150_KR_webconnectivity_17b80f09f7e59967
https://www.wiesenthal.com/,ok,https://explorer.ooni.org/m/20260409073522.725483_KR_webconnectivity_29836aba5b1e4ae5
https://www.wilpf.org/,ok,https://explorer.ooni.org/m/20260409073529.014543_KR_webconnectivity_a570905d3bd462a5
http://www.withoutwar.org/,ok,https://explorer.ooni.org/m/20260409073536.238020_KR_webconnectivity_44abf1c35f211af7
https://www.witness.org/,ok,https://explorer.ooni.org/m/20260409073542.989497_KR_webconnectivity_7508a871081c5b08
http://www.wluml.org/,ok,https://explorer.ooni.org/m/20260409073550.064376_KR_webconnectivity_2d4d7834ccce2892
http://www.wnd.com/,ok,https://explorer.ooni.org/m/20260409073552.211071_KR_webconnectivity_f4a45ef273403eeb
https://www.womankind.org.uk/,ok,https://explorer.ooni.org/m/20260409073554.106788_KR_webconnectivity_b1cb59ba37b1fa8c
http://www.women21.or.kr/,ok,https://explorer.ooni.org/m/20260409073557.725246_KR_webconnectivity_8bf88f8f63570d9f
https://www.womenforafghanwomen.org/,ok,https://explorer.ooni.org/m/20260409073602.357411_KR_webconnectivity_64cc5c30dd785ced
http://www.womenlink.or.kr/,ok,https://explorer.ooni.org/m/20260409073610.801972_KR_webconnectivity_897d4190615ab89f
http://www.womennews.co.kr/,ok,https://explorer.ooni.org/m/20260409073616.015352_KR_webconnectivity_547d181017b8c826
https://www.womenpeacemakersprogram.org/,ok,https://explorer.ooni.org/m/20260409073622.472220_KR_webconnectivity_6ef894602a264b3f
http://www.womensmediacenter.com/,ok,https://explorer.ooni.org/m/20260409073627.375413_KR_webconnectivity_ea8591e320e9d5e8
http://www.worldcoalition.org/,ok,https://explorer.ooni.org/m/20260409073633.576394_KR_webconnectivity_8940a306254e3efe
https://www.wsj.com/,ok,https://explorer.ooni.org/m/20260409073637.729938_KR_webconnectivity_d5ff2a1bff65b360
http://www.xinhuanet.com/,ok,https://explorer.ooni.org/m/20260409073642.601490_KR_webconnectivity_290512bd63392d4c
https://www.yellowhammerfund.org/,ok,https://explorer.ooni.org/m/20260409073645.409102_KR_webconnectivity_034c284878930922
http://www.yonhapnews.co.kr/,ok,https://explorer.ooni.org/m/20260409073651.350855_KR_webconnectivity_93cdc0afcfd92c61
http://www.zeit.de/,ok,https://explorer.ooni.org/m/20260409073654.874419_KR_webconnectivity_d7bf9a485e0815e2
http://xxx.lanl.gov/,tcp_ip,https://explorer.ooni.org/m/20260409073741.039163_KR_webconnectivity_706ddb25edfa172f
http://yolsa.org/,ok,https://explorer.ooni.org/m/20260409073744.325352_KR_webconnectivity_1f42b5f687f92f07
http://ytimes.org/,ok,https://explorer.ooni.org/m/20260409073748.786969_KR_webconnectivity_d4f030160c9aed94
https://signal.org/,ok,https://explorer.ooni.org/m/20260409073749.786787_KR_webconnectivity_f03fb97f0266c833
https://telegram.org/,ok,https://explorer.ooni.org/m/20260409073752.838393_KR_webconnectivity_d70dd2e2715cb455
https://vimeo.com/,ok,https://explorer.ooni.org/m/20260409073755.865550_KR_webconnectivity_88c3f8bb62cd47fd
https://www.dotster.com/,ok,https://explorer.ooni.org/m/20260409073757.675440_KR_webconnectivity_50c3140afbe538cf
http://www.eco.or.kr/,ok,https://explorer.ooni.org/m/20260409073804.055757_KR_webconnectivity_f02919eb649bf25c
https://www.edf.org/,ok,https://explorer.ooni.org/m/20260409073805.894501_KR_webconnectivity_737ee30c46c094e3
https://www.eea.europa.eu/,ok,https://explorer.ooni.org/m/20260409073818.645831_KR_webconnectivity_664d276f08ecd209
https://www.emailaddresses.com/,ok,https://explorer.ooni.org/m/20260409073822.038302_KR_webconnectivity_9ccb95193122f08b
https://www.enom.com/,ok,https://explorer.ooni.org/m/20260409073824.735990_KR_webconnectivity_5d460cee8c5e86b3
https://www.epik.com/,ok,https://explorer.ooni.org/m/20260409073828.321412_KR_webconnectivity_01e5f545f2949bd1
https://www.episcopalchurch.org/,ok,https://explorer.ooni.org/m/20260409073832.935462_KR_webconnectivity_abc8785fb8b7d716
https://www.ewg.org/,ok,https://explorer.ooni.org/m/20260409073836.257861_KR_webconnectivity_20871046361c583c
https://www.exmormon.org/,tcp_ip,https://explorer.ooni.org/m/20260409073907.049483_KR_webconnectivity_f179eade79536fba
https://www.fandom.com/,ok,https://explorer.ooni.org/m/20260409073908.240535_KR_webconnectivity_cb683fe238ddc6a8
http://www.fark.com/,http-diff,https://explorer.ooni.org/m/20260409073909.151120_KR_webconnectivity_e8de45c14cf948bb
https://www.fhi360.org/,ok,https://explorer.ooni.org/m/20260409073912.879126_KR_webconnectivity_0c257d8e131ceb45
http://www.fmkorea.com/,ok,https://explorer.ooni.org/m/20260409073915.876838_KR_webconnectivity_63aaa12e12ea23ee
https://www.footprintnetwork.org/,ok,https://explorer.ooni.org/m/20260409073919.721883_KR_webconnectivity_aad48c33684777ff
http://www.formercatholic.com/,ok,https://explorer.ooni.org/m/20260409073923.402899_KR_webconnectivity_38531345b199d91d
https://www.frc.org/,ok,https://explorer.ooni.org/m/20260409073927.292564_KR_webconnectivity_44b86c2ac5e358f3
http://www.freehomepage.com/,ok,https://explorer.ooni.org/m/20260409073929.041394_KR_webconnectivity_8e545055e6bf0898
http://www.freeservers.com/,ok,https://explorer.ooni.org/m/20260409073931.232685_KR_webconnectivity_ecbc99aa8d5982ef
http://www.freewebspace.com/,ok,https://explorer.ooni.org/m/20260409073934.609596_KR_webconnectivity_5cd656af440d4e4a
http://www.gabia.com/,error,https://explorer.ooni.org/m/20260409073938.688783_KR_webconnectivity_58b64cae60dabfe0
https://www.globalwitness.org/,ok,https://explorer.ooni.org/m/20260409073943.999698_KR_webconnectivity_db081a974ec418f0
https://www.goarch.org/,ok,https://explorer.ooni.org/m/20260409073945.169800_KR_webconnectivity_864d0d2eb28bd101
https://www.godaddy.com/,ok,https://explorer.ooni.org/m/20260409073947.254848_KR_webconnectivity_9a3ad40a67264d6c
http://www.godalone.org/,ok,https://explorer.ooni.org/m/20260409073951.217363_KR_webconnectivity_d180a6fc7e09ca29
https://www.googleapis.com/auth/cloud-platform,ok,https://explorer.ooni.org/m/20260409073953.813276_KR_webconnectivity_a81be28bf2c4f25e
http://www.greenkorea.org/,ok,https://explorer.ooni.org/m/20260409074002.583403_KR_webconnectivity_a3fd7bd5bc476387
http://www.greennet.org.uk/,ok,https://explorer.ooni.org/m/20260409074011.173470_KR_webconnectivity_c41e3455102d2340
https://www.greenpeace.org/,ok,https://explorer.ooni.org/m/20260409074012.905791_KR_webconnectivity_edea22096e725621
https://www.gstatic.com/robots.txt,ok,https://explorer.ooni.org/m/20260409074016.699552_KR_webconnectivity_7bc609436a37f30f
http://www.hostgator.com/,ok,https://explorer.ooni.org/m/20260409074018.385397_KR_webconnectivity_16574c222b211b58
http://www.hotge.co.kr/,ok,https://explorer.ooni.org/m/20260409074023.300435_KR_webconnectivity_274b7b3f8d6c7b57
https://www.howtouseabortionpill.org/,ok,https://explorer.ooni.org/m/20260409074026.907545_KR_webconnectivity_9ab5983d1bf99ba4
https://www.iaea.org/,ok,https://explorer.ooni.org/m/20260409074028.655948_KR_webconnectivity_fd56ac226c68fb71
http://www.iavi.org/,ok,https://explorer.ooni.org/m/20260409074030.284969_KR_webconnectivity_8e193059b19ae354
http://www.iico.org/,ok,https://explorer.ooni.org/m/20260409074032.069589_KR_webconnectivity_1dc0010c38b8f489
https://www.internationalrivers.org/,ok,https://explorer.ooni.org/m/20260409074036.991573_KR_webconnectivity_6a4408b0fd3ae2e3
https://www.ipcc.ch/,ok,https://explorer.ooni.org/m/20260409074040.553412_KR_webconnectivity_b93ac5f2576e8b8b
https://www.iskcon.org/,ok,https://explorer.ooni.org/m/20260409074044.097512_KR_webconnectivity_688cb272f2fb95fd
http://www.islameyat.com/,ok,https://explorer.ooni.org/m/20260409074050.048874_KR_webconnectivity_74506e06ec437798
http://www.islamicity.com/,ok,https://explorer.ooni.org/m/20260409074051.393312_KR_webconnectivity_98a999803b15fd6d
https://www.islaminstitut.de/en/,ok,https://explorer.ooni.org/m/20260409074055.610396_KR_webconnectivity_7966b0f7ba60f954
https://www.iucn.org/,ok,https://explorer.ooni.org/m/20260409074059.153757_KR_webconnectivity_b63576257b96d45f
http://www.jinbo.net/,ok,https://explorer.ooni.org/m/20260409074103.087795_KR_webconnectivity_407f644a30f84d01
http://www.judaism.com/,ok,https://explorer.ooni.org/m/20260409074106.159574_KR_webconnectivity_e9a52adc68471e29
http://www.judaismconversion.org/,ok,https://explorer.ooni.org/m/20260409074114.208017_KR_webconnectivity_82fd89767fab21ec
https://www.jw.org/,error,https://explorer.ooni.org/m/20260409074115.750762_KR_webconnectivity_dd3a2549146ee427
http://www.kfem.or.kr/,ok,https://explorer.ooni.org/m/20260409074126.138638_KR_webconnectivity_c77ac2b04e4e29ff
http://www.kgreens.org/,ok,https://explorer.ooni.org/m/20260409074134.583011_KR_webconnectivity_f3e96fbbe7f6ace1
http://www.krts.or.kr/,ok,https://explorer.ooni.org/m/20260409074139.489802_KR_webconnectivity_59ae8adb4f34136f
https://www.leaseweb.com/,ok,https://explorer.ooni.org/m/20260409074142.256918_KR_webconnectivity_3e53e1e9180f7598
https://www.livejournal.com/,dns,https://explorer.ooni.org/m/20260409074153.900119_KR_webconnectivity_6e934916541791e7
http://www.mgoon.com/,error,https://explorer.ooni.org/m/20260409074215.328043_KR_webconnectivity_3e5014b7b2352281
http://www.muhammadanism.com/,ok,https://explorer.ooni.org/m/20260409074222.098909_KR_webconnectivity_e0c2eabfd95d83f2
https://www.namecheap.com/,ok,https://explorer.ooni.org/m/20260409074223.065422_KR_webconnectivity_81d12fbb82e7345c
http://www.nate.com/,ok,https://explorer.ooni.org/m/20260409074224.920766_KR_webconnectivity_f48dfd6f51a8273e
http://www.nate.com/?f=pann,ok,https://explorer.ooni.org/m/20260409074227.682625_KR_webconnectivity_87c0dfbb69133715
http://www.nature.org/,ok,https://explorer.ooni.org/m/20260409074231.578607_KR_webconnectivity_499d30c4c0a6065d
http://www.no-ip.com/,ok,https://explorer.ooni.org/m/20260409074235.320146_KR_webconnectivity_49572a6134f67048
https://www.oca.org/,ok,https://explorer.ooni.org/m/20260409074238.750472_KR_webconnectivity_2da91b0a40ea735b
http://www.oicc.org/,ok,https://explorer.ooni.org/m/20260409074241.751649_KR_webconnectivity_5091c2b4e617321c
http://www.oikoumene.org/,ok,https://explorer.ooni.org/m/20260409074245.859346_KR_webconnectivity_a39fcd1a9476a3e1
https://www.om.org/,ok,https://explorer.ooni.org/m/20260409074246.967311_KR_webconnectivity_b7dc10d13c228e61
https://www.orangewebsite.com/,ok,https://explorer.ooni.org/m/20260409074253.417630_KR_webconnectivity_677fb5ba2e694e0e
http://www.orthodoxconvert.info/,ok,https://explorer.ooni.org/m/20260409074255.963651_KR_webconnectivity_1d3f0b6b3a2a90c5
https://www.paganpride.org/,ok,https://explorer.ooni.org/m/20260409074259.680157_KR_webconnectivity_a45aecd81390e28b
https://www.persecution.org/,ok,https://explorer.ooni.org/m/20260409074302.961453_KR_webconnectivity_a9ee0a09c848c6e1
https://www.peta.org/,ok,https://explorer.ooni.org/m/20260409074304.905106_KR_webconnectivity_dc4bc527ece698aa
https://www.petside.com/,ok,https://explorer.ooni.org/m/20260409074325.981085_KR_webconnectivity_4227af86c4338e97
http://www.podbbang.com/,ok,https://explorer.ooni.org/m/20260409074330.610093_KR_webconnectivity_58f82788979e0c21
http://www.ppfk.or.kr/,ok,https://explorer.ooni.org/m/20260409074338.847352_KR_webconnectivity_2bef574cc595affe
http://www.ppomppu.co.kr/zboard/zboard.php?id=freeboard,ok,https://explorer.ooni.org/m/20260409074340.425759_KR_webconnectivity_67429767cddc58de
http://www.ppomppu.co.kr/zboard/zboard.php?id=issue,ok,https://explorer.ooni.org/m/20260409074342.005673_KR_webconnectivity_8c3d6f8cdb20b9fb
https://www.privex.io/,ok,https://explorer.ooni.org/m/20260409074346.057082_KR_webconnectivity_b2b241328ecd7bee
http://www.prolife.or.kr/,ok,https://explorer.ooni.org/m/20260409074357.435018_KR_webconnectivity_267ff30fd4f8cda8
http://www.pullbbang.com/,http-diff,https://explorer.ooni.org/m/20260409074359.648128_KR_webconnectivity_79966f5dc03afe5c
https://www.rackspace.com/,ok,https://explorer.ooni.org/m/20260409074402.976731_KR_webconnectivity_9220316fb0e1c21b
http://www.ran.org/,ok,https://explorer.ooni.org/m/20260409074406.651842_KR_webconnectivity_9e3c022528539114
https://www.ran.org/,ok,https://explorer.ooni.org/m/20260409074408.456442_KR_webconnectivity_5e7dbfc0b4973205
https://www.rebrandly.com/,ok,https://explorer.ooni.org/m/20260409074410.850286_KR_webconnectivity_eb64349fa44cd877
https://www.reprouncensored.org/,ok,https://explorer.ooni.org/m/20260409074414.495817_KR_webconnectivity_c6a706824f804d5e
https://www.resourcematters.org/,ok,https://explorer.ooni.org/m/20260409074417.021037_KR_webconnectivity_b14d5b7ecc64f73e
https://www.salvationarmy.org/,ok,https://explorer.ooni.org/m/20260409074421.399039_KR_webconnectivity_8fe2e8b5257e021d
http://www.sangsaeng.org/,ok,https://explorer.ooni.org/m/20260409074426.589139_KR_webconnectivity_b11969acc0c7593b
https://www.sbc.net/,ok,https://explorer.ooni.org/m/20260409074431.587763_KR_webconnectivity_f65375012904a0df
http://www.scientology.org/,ok,https://explorer.ooni.org/m/20260409074434.460836_KR_webconnectivity_cdc60dfd31cd12ca
http://www.sex-academy.com/,ok,https://explorer.ooni.org/m/20260409074438.278824_KR_webconnectivity_1452136b5af9b4f0
http://www.sexandu.ca/,http-diff,https://explorer.ooni.org/m/20260409074439.503331_KR_webconnectivity_a27f45d4cf2462e0
http://www.sexandu.ca/fr/,http-diff,https://explorer.ooni.org/m/20260409074440.494951_KR_webconnectivity_0db2496d1f5f3017
https://www.sfsi.org/,ok,https://explorer.ooni.org/m/20260409074442.678767_KR_webconnectivity_e9989e2039434ddb
http://www.shinto.org/,ok,https://explorer.ooni.org/m/20260409074453.380213_KR_webconnectivity_930fbb6691895edc
https://www.sierraclub.org/,ok,https://explorer.ooni.org/m/20260409074455.202943_KR_webconnectivity_4053c521b287b5dc
https://www.snapchat.com/,ok,https://explorer.ooni.org/m/20260409074457.543054_KR_webconnectivity_0c87feb9f1a25ac3
http://www.submission.org/,ok,https://explorer.ooni.org/m/20260409074501.355979_KR_webconnectivity_7326b7701b3e5b0a
http://www.survive.org.uk/,ok,https://explorer.ooni.org/m/20260409074504.699492_KR_webconnectivity_e57e472b6f2750c4
http://www.suyongso.com/,ok,https://explorer.ooni.org/m/20260409074505.704838_KR_webconnectivity_924a23ea8e93cef2
http://www.tcloud.co.kr/,ok,https://explorer.ooni.org/m/20260409074522.875117_KR_webconnectivity_a213f2033433e162
http://www.teenhealthfx.com/,ok,https://explorer.ooni.org/m/20260409074526.731658_KR_webconnectivity_de9fcc8046007e3b
http://www.teensource.org/,ok,https://explorer.ooni.org/m/20260409074533.647246_KR_webconnectivity_daed058423f480fc
http://www.themwl.org/,ok,https://explorer.ooni.org/m/20260409074539.281456_KR_webconnectivity_18d864a06fd854b7
http://www.tistory.com/,ok,https://explorer.ooni.org/m/20260409074544.842274_KR_webconnectivity_bdd7ca6c0a4d7013
http://www.todayhumor.co.kr/,ok,https://explorer.ooni.org/m/20260409074548.483769_KR_webconnectivity_79e3c6895068038c
http://www.tripod.lycos.com/,ok,https://explorer.ooni.org/m/20260409074552.672304_KR_webconnectivity_ffdd0bfb91d851ce
http://www.truthnet.org/,ok,https://explorer.ooni.org/m/20260409074557.090814_KR_webconnectivity_1569ea04420829d1
http://www.typepad.com/,ok,https://explorer.ooni.org/m/20260409074558.378445_KR_webconnectivity_4ef2e7a01739de30
https://www.ucc.org/,ok,https://explorer.ooni.org/m/20260409074600.785145_KR_webconnectivity_ec73aa7c58af4db8
https://www.ucsusa.org/,ok,https://explorer.ooni.org/m/20260409074605.087800_KR_webconnectivity_aa2b86e0fedd05bf
http://www.ultimatebirthcontrol.com/,http-diff,https://explorer.ooni.org/m/20260409074606.078524_KR_webconnectivity_c6c54cc3e7fa9785
http://www.umc.org/,ok,https://explorer.ooni.org/m/20260409074609.126342_KR_webconnectivity_60cb697b6d1660ed
https://www.unep.org/,ok,https://explorer.ooni.org/m/20260409074613.216740_KR_webconnectivity_c4886c446c426f87
http://www.upci.org/,ok,https://explorer.ooni.org/m/20260409074618.266561_KR_webconnectivity_050534b5c16b38cc
http://www.vatican.va/,ok,https://explorer.ooni.org/m/20260409074621.086759_KR_webconnectivity_269c5dab70d62682
https://www.viber.com/,ok,https://explorer.ooni.org/m/20260409074623.467593_KR_webconnectivity_2dea2c3eac188c72
http://www.wcicc.org/,ok,https://explorer.ooni.org/m/20260409074625.539282_KR_webconnectivity_d4b4fec5454f8b13
https://www.wechat.com/,ok,https://explorer.ooni.org/m/20260409074627.043169_KR_webconnectivity_3b12fe37b35b864a
https://www.weebly.com/,ok,https://explorer.ooni.org/m/20260409074629.506306_KR_webconnectivity_3846c2c9bd871720
https://www.whatsapp.com/,ok,https://explorer.ooni.org/m/20260409074633.800219_KR_webconnectivity_29ff5f50a6faa969
http://www.whois.co.kr/,ok,https://explorer.ooni.org/m/20260409074640.875967_KR_webconnectivity_4a631abae1b6499d
http://www.wix.com/,ok,https://explorer.ooni.org/m/20260409074642.553136_KR_webconnectivity_e2287b30438f2ff1
http://www.worldjewishcongress.org/,ok,https://explorer.ooni.org/m/20260409074649.171484_KR_webconnectivity_e06a5e2d350a247e
https://www.xenu.net/,ok,https://explorer.ooni.org/m/20260409074654.889155_KR_webconnectivity_6d094d1e162fdb8e
http://www.xyinlove.co.kr/,error,https://explorer.ooni.org/m/20260409074711.291836_KR_webconnectivity_1fa40521ec409f27
http://www.ymca.int/,http-diff,https://explorer.ooni.org/m/20260409074713.485225_KR_webconnectivity_a0a47c4633c43ca6
https://www.yola.com/,ok,https://explorer.ooni.org/m/20260409074716.619007_KR_webconnectivity_50c7f00dc3420854
https://www.zanzu.nl/,ok,https://explorer.ooni.org/m/20260409074722.045429_KR_webconnectivity_d9e8d25ced5edfdd
https://www.zoomshare.com/,ok,https://explorer.ooni.org/m/20260409074725.403132_KR_webconnectivity_eb0332bdf871b391
http://xanga.com/,ok,https://explorer.ooni.org/m/20260409074727.403062_KR_webconnectivity_b9ae01182a08ecb0
https://xda-developers.com/,ok,https://explorer.ooni.org/m/20260409074732.687150_KR_webconnectivity_e9aefa35127d7348
https://yourls.org/,ok,https://explorer.ooni.org/m/20260409074734.920893_KR_webconnectivity_e440160e271641fd
https://yt3.ggpht.com/a-/AOh14GhGCI1dxtHOY_TDQfmxDBK_S7CHTPJ3U6zOUw=s480-c-k-c0x00ffffff-no-rj-mo,ok,https://explorer.ooni.org/m/20260409074738.317446_KR_webconnectivity_096499db3c2a0111
https://yt4.ggpht.com/a-/AOh14GhOiUxI-RcMC-Vfl2i15v3xewMr8bt2yNXTfw=s480-c-k-c0x00ffffff-no-rj-mo,ok,https://explorer.ooni.org/m/20260409074741.850213_KR_webconnectivity_be89230b91955f7f
https://www.bitfinex.com/,ok,https://explorer.ooni.org/m/20260409074744.906357_KR_webconnectivity_a119eb77cc584235
http://www.pmang.com/,http-diff,https://explorer.ooni.org/m/20260409074745.876008_KR_webconnectivity_f7a77e5ff72b8273
https://adium.im/,ok,https://explorer.ooni.org/m/20260409074748.742974_KR_webconnectivity_f4576d115f98798b
https://ebuddy.com/,ok,https://explorer.ooni.org/m/20260409074751.380748_KR_webconnectivity_e18354e0298aaecc
https://elpha.com/,error,https://explorer.ooni.org/m/20260409074753.196603_KR_webconnectivity_e5a778570bbaf96b
https://foursquare.com/,ok,https://explorer.ooni.org/m/20260409074756.037196_KR_webconnectivity_d3ccf90bc009df10
http://friend.com.kp/,tcp_ip,https://explorer.ooni.org/m/20260409074850.831930_KR_webconnectivity_2576999d78f9a1cd
https://gab.com/,ok,https://explorer.ooni.org/m/20260409074852.490166_KR_webconnectivity_652431099aad3fed
https://groups.google.com/,ok,https://explorer.ooni.org/m/20260409074857.257248_KR_webconnectivity_56d8be84e2bd9b07
https://instagram.fsaw1-13.fna.fbcdn.net/favicon.ico,ok,https://explorer.ooni.org/m/20260409074900.521848_KR_webconnectivity_c587035c4e3c2652
https://lookaside.facebook.com/robots.txt,ok,https://explorer.ooni.org/m/20260409074902.989326_KR_webconnectivity_3f4572726423a171
https://mastodon.sdf.org/,ok,https://explorer.ooni.org/m/20260409074906.619909_KR_webconnectivity_3e5bbfb378815826
https://mastodon.xyz/,ok,https://explorer.ooni.org/m/20260409074911.591489_KR_webconnectivity_330c5adf6052e44c
https://plus.im/,ok,https://explorer.ooni.org/m/20260409074914.454723_KR_webconnectivity_b703810560849747
https://scontent-ams4-1.cdninstagram.com/favicon.ico,ok,https://explorer.ooni.org/m/20260409074917.534769_KR_webconnectivity_5af5bedfc3d7b06a
https://secondlife.com/,ok,https://explorer.ooni.org/m/20260409074920.137972_KR_webconnectivity_2661eb34f23b17c5
https://static.xx.fbcdn.net/favicon.ico,ok,https://explorer.ooni.org/m/20260409074923.537643_KR_webconnectivity_7ac895768fbf9c5d
https://tinder.com/,ok,https://explorer.ooni.org/m/20260409074927.367917_KR_webconnectivity_5eb5929624c2b3aa
https://vk.com/,ok,https://explorer.ooni.org/m/20260409074932.807206_KR_webconnectivity_e63dd40c5f6440d1
https://weibo.com/,ok,https://explorer.ooni.org/m/20260409074935.958424_KR_webconnectivity_a86e267dce600a8b
https://www.4chan.org/,ok,https://explorer.ooni.org/m/20260409074937.494838_KR_webconnectivity_b92a33a1a73ff806
https://www.douyin.com/,ok,https://explorer.ooni.org/m/20260409074941.487283_KR_webconnectivity_922194b83dccc996
https://www.ning.com/,ok,https://explorer.ooni.org/m/20260409074945.963593_KR_webconnectivity_0f0e2e0ca2a8e681
https://www.yelp.com/,ok,https://explorer.ooni.org/m/20260409074949.705061_KR_webconnectivity_be772a33d417d929
https://a.slack-edge.com/f70ec/img/test_cdn_pixel.gif,ok,https://explorer.ooni.org/m/20260409074951.169639_KR_webconnectivity_da3852dcf0800f03
https://about.riot.im/,ok,https://explorer.ooni.org/m/20260409074956.717198_KR_webconnectivity_0218e80111ec5b40
http://abpr2.railfan.net/,ok,https://explorer.ooni.org/m/20260409075002.875256_KR_webconnectivity_d4da39f8607818de
https://account.proton.me/,ok,https://explorer.ooni.org/m/20260409075006.108156_KR_webconnectivity_1a02e5e2c8d5451d
https://app.developer.here.com/coronavirus/,ok,https://explorer.ooni.org/m/20260409075009.137776_KR_webconnectivity_18396a7ccf1fa69a
https://app.simplelogin.io/,ok,https://explorer.ooni.org/m/20260409075012.266170_KR_webconnectivity_72c81da526825f3a
https://app.slack.com/robots.txt,ok,https://explorer.ooni.org/m/20260409075014.391415_KR_webconnectivity_d2cbd56f9226bfbf
https://app.wire.com/,ok,https://explorer.ooni.org/m/20260409075018.254008_KR_webconnectivity_95aba48c42d839a2
https://archive.ph/,ok,https://explorer.ooni.org/m/20260409075025.452206_KR_webconnectivity_a00269eba0b8ee2c
https://avatars.mds.yandex.net/robots.txt,http-failure,https://explorer.ooni.org/m/20260409075047.019814_KR_webconnectivity_9f35e423720f3a00
http://bizLGU.com/,error,https://explorer.ooni.org/m/20260409075105.065627_KR_webconnectivity_62457cb1eef070de
http://bizmessage.kakao.com/,error,https://explorer.ooni.org/m/20260409075125.336309_KR_webconnectivity_eea81f4bb3e09ab8
https://briarproject.org/,error,https://explorer.ooni.org/m/20260409075140.991941_KR_webconnectivity_9673bcccf53b2c71
http://bric.postech.ac.kr/,ok,https://explorer.ooni.org/m/20260409075151.035987_KR_webconnectivity_7e3677291b273efe
http://cafe.daum.net/ahyoomee,ok,https://explorer.ooni.org/m/20260409075153.957514_KR_webconnectivity_dd2b419781d6fe3d
http://caramasia.gn.apc.org/,tcp_ip,https://explorer.ooni.org/m/20260409075241.350130_KR_webconnectivity_0bd69a0297d4df9a
https://censored.tv/,ok,https://explorer.ooni.org/m/20260409075245.221052_KR_webconnectivity_be2e4126c83257ab
https://chat-gpt.org/,ok,https://explorer.ooni.org/m/20260409075249.707592_KR_webconnectivity_2f92cd120988d0bb
https://cid.contact/,ok,https://explorer.ooni.org/m/20260409075251.955984_KR_webconnectivity_389faecc28a39e78
https://cinemata.org/,ok,https://explorer.ooni.org/m/20260409075254.660639_KR_webconnectivity_d207452fed8cd162
https://circumcision.org/,ok,https://explorer.ooni.org/m/20260409075258.183130_KR_webconnectivity_a05d74622fc5a285
https://covidtracking.com/,ok,https://explorer.ooni.org/m/20260409075300.915102_KR_webconnectivity_18c4c74f07df8d2e
https://cwtch.im/,ok,https://explorer.ooni.org/m/20260409075305.369876_KR_webconnectivity_4c8b302bdd18c0b9
https://delta.chat/,ok,https://explorer.ooni.org/m/20260409075307.665158_KR_webconnectivity_afc8a1708865ae4f
https://dl.acm.org/,ok,https://explorer.ooni.org/m/20260409075309.004662_KR_webconnectivity_259e00d01d731916
https://duckduckgo.com/,http-failure,https://explorer.ooni.org/m/20260409075330.392190_KR_webconnectivity_326fb5f33e4965b3
https://element.io/,ok,https://explorer.ooni.org/m/20260409075334.064788_KR_webconnectivity_8058ce901aae1b25
https://espiv.net/,ok,https://explorer.ooni.org/m/20260409075338.788427_KR_webconnectivity_a9b654dd536fd78c
https://evernote.com/,ok,https://explorer.ooni.org/m/20260409075341.258772_KR_webconnectivity_a7add306ee20af8f
https://external-content.duckduckgo.com/robots.txt,http-failure,https://explorer.ooni.org/m/20260409075403.696304_KR_webconnectivity_41ba05394c5cdf4d
http://gall.dcinside.com/board/lists/?id=disease,ok,https://explorer.ooni.org/m/20260409075407.392298_KR_webconnectivity_558a78812cf4a7b5
https://gemini.google.com/,ok,https://explorer.ooni.org/m/20260409075411.845506_KR_webconnectivity_cbc7110c81f2154e
https://getsession.org/,ok,https://explorer.ooni.org/m/20260409075415.222459_KR_webconnectivity_463b3d866bac2eea
https://gisanddata.maps.arcgis.com/apps/dashboards/bda7594740fd40299423467b48e9ecf6,ok,https://explorer.ooni.org/m/20260409075417.821969_KR_webconnectivity_5083267bc161629f
http://giveu.net/,ok,https://explorer.ooni.org/m/20260409075423.410409_KR_webconnectivity_d442c472d14bf8c2
https://go-text.me/,ok,https://explorer.ooni.org/m/20260409075426.729333_KR_webconnectivity_327bcf7673d273d9
https://icao.maps.arcgis.com/apps/opsdashboard/index.html#/977dde48256b489fb48fa98e724721e8,ok,https://explorer.ooni.org/m/20260409075429.319043_KR_webconnectivity_32f87f7c149c99cd
https://icao.maps.arcgis.com/apps/webappviewer3d/index.html?id=d9d3f8fa9a23425c8f0889baab626186,ok,https://explorer.ooni.org/m/20260409075431.703962_KR_webconnectivity_50651eff050e9c23
https://icq.com/,ok,https://explorer.ooni.org/m/20260409075437.325746_KR_webconnectivity_162f0064a567e01d
https://ifacetimeapp.com/,ok,https://explorer.ooni.org/m/20260409075441.846673_KR_webconnectivity_ca93c63e96e597b6
https://im0-tub-com.yandex.net/i?id=462f375c96139f1e41d919b44be2d780&n=13&exp=1,tcp_ip,https://explorer.ooni.org/m/20260409075542.200887_KR_webconnectivity_fa44f1ada5ef1f79
https://imageshack.com/,ok,https://explorer.ooni.org/m/20260409075544.829992_KR_webconnectivity_9aa648e5e89ecab8
https://imgur.com/,ok,https://explorer.ooni.org/m/20260409075547.927756_KR_webconnectivity_5a1ee9ba0d5c4a5a
https://imp.free.fr/,ok,https://explorer.ooni.org/m/20260409075552.985845_KR_webconnectivity_62ff053246f15b37
https://jami.net/,ok,https://explorer.ooni.org/m/20260409075557.721588_KR_webconnectivity_9b8fc9e36d17afab
https://kidshealth.org/,ok,https://explorer.ooni.org/m/20260409075601.096415_KR_webconnectivity_3075f516b1b23ee3
http://kr.yahoo.com/,ok,https://explorer.ooni.org/m/20260409075605.361946_KR_webconnectivity_d45e735a3c1c6fc0
https://lens.google.com/uploadbyurl?url=https%3A%2F%2Fwww.google.com%2Fimages%2Fbranding%2Fgooglelogo%2F1x%2Fgooglelogo_color_150x54dp.png&hl=en-US&ep=gisb,ok,https://explorer.ooni.org/m/20260409075610.269012_KR_webconnectivity_e2e3e61a208b6095
http://lifeline.or.kr/,error,https://explorer.ooni.org/m/20260409075616.144712_KR_webconnectivity_ba9b6e025a30c760
https://login.live.com/,ok,https://explorer.ooni.org/m/20260409075619.833854_KR_webconnectivity_0d86b04fdb2d8fd2
http://mail.daum.net/,ok,https://explorer.ooni.org/m/20260409075626.531083_KR_webconnectivity_4455d16f584e6fb2
https://mail.google.com/,ok,https://explorer.ooni.org/m/20260409075631.164565_KR_webconnectivity_515ac85e3611439c
http://mail.naver.com/,ok,https://explorer.ooni.org/m/20260409075636.056194_KR_webconnectivity_7473dd9052e6d8fb
https://mail.proton.me/,ok,https://explorer.ooni.org/m/20260409075638.877105_KR_webconnectivity_3d593f6701d4a90f
https://mail.ru/,ok,https://explorer.ooni.org/m/20260409075644.507002_KR_webconnectivity_28c3b9e373096e0a
https://mail.yahoo.com/,ok,https://explorer.ooni.org/m/20260409075647.785424_KR_webconnectivity_0a806e0bf1be3a3b
https://media.fevn1-1.fna.whatsapp.net/robots.txt,ok,https://explorer.ooni.org/m/20260409075650.581356_KR_webconnectivity_49d33baa3071ea63
https://messages.google.com/,ok,https://explorer.ooni.org/m/20260409075653.112155_KR_webconnectivity_7180cc981b2eb06c
https://mmg.whatsapp.net/robots.txt,ok,https://explorer.ooni.org/m/20260409075655.154930_KR_webconnectivity_b09260d002ef2545
https://mobile.element.io/,ok,https://explorer.ooni.org/m/20260409075656.488256_KR_webconnectivity_b3b2740e49448dcb
https://msh.org/,ok,https://explorer.ooni.org/m/20260409075659.303885_KR_webconnectivity_1ed80c70c452a85a
https://mytrans.com.tw/,ok,https://explorer.ooni.org/m/20260409075702.585162_KR_webconnectivity_b912cadcd4bd8b9c
https://nextstrain.org/ncov,ok,https://explorer.ooni.org/m/20260409075705.853992_KR_webconnectivity_c3efd830b045f64f
https://nostr.com/,ok,https://explorer.ooni.org/m/20260409075708.167602_KR_webconnectivity_a1b9018972edf14e
https://obsproject.com/,ok,https://explorer.ooni.org/m/20260409075711.415812_KR_webconnectivity_f69270dcf3e0ea2d
https://opera.com/,ok,https://explorer.ooni.org/m/20260409075718.320098_KR_webconnectivity_d69a8d80d5e1df7c
https://outlook.live.com/,ok,https://explorer.ooni.org/m/20260409075721.886016_KR_webconnectivity_f5e0ba6278f93730
https://photos.google.com/,ok,https://explorer.ooni.org/m/20260409075730.815222_KR_webconnectivity_4f77b04ac27268ce
https://posteo.de/,ok,https://explorer.ooni.org/m/20260409075736.298526_KR_webconnectivity_85600e9346f85d46
https://presearch.org/,ok,https://explorer.ooni.org/m/20260409075739.031431_KR_webconnectivity_3c7836d351d75567
https://rumble.com/,ok,https://explorer.ooni.org/m/20260409075743.397534_KR_webconnectivity_e3fbf4c1a44860ee
https://search.aol.com/,ok,https://explorer.ooni.org/m/20260409075746.261791_KR_webconnectivity_3119b8e1cd6b7293
https://search.brave.com/,ok,https://explorer.ooni.org/m/20260409075749.347302_KR_webconnectivity_7d2e4f46dc1cf38d
https://secure.hi5.com/,ok,https://explorer.ooni.org/m/20260409075754.501643_KR_webconnectivity_ebd0a5857020fb58
https://spideroak.com/,ok,https://explorer.ooni.org/m/20260409075759.686046_KR_webconnectivity_98bcff79ce967ea6
https://startpage.com/,ok,https://explorer.ooni.org/m/20260409075806.691232_KR_webconnectivity_af73347be3ac0fb0
https://status.im/,ok,https://explorer.ooni.org/m/20260409075809.928379_KR_webconnectivity_2208d2e6e5baeac8
https://storymaps.arcgis.com/,ok,https://explorer.ooni.org/m/20260409075813.823463_KR_webconnectivity_f2d37751f60b9097
https://support.delta.chat/,ok,https://explorer.ooni.org/m/20260409075818.842460_KR_webconnectivity_313e4b454226b568
https://tamtam.chat/,ok,https://explorer.ooni.org/m/20260409075836.837858_KR_webconnectivity_b27ce6ed16d951c8
http://tcafek.com/,confirmed,https://explorer.ooni.org/m/20260409075853.533937_KR_webconnectivity_0b40b9ab08ec9609
https://teams.microsoft.com/,ok,https://explorer.ooni.org/m/20260409075856.214673_KR_webconnectivity_7b52ff4f11d84f8f
https://test-ipv6.com/,ok,https://explorer.ooni.org/m/20260409075859.211790_KR_webconnectivity_3dcbda4456f1d42c
https://th.bing.com/th/id/OIP.YnpdokcN_OQYn3n41AlqZAHaEe?w=250&h=180&c=7&o=5&pid=1.7,ok,https://explorer.ooni.org/m/20260409075902.338891_KR_webconnectivity_c95baf6470d44fd3
https://translate.google.com/,ok,https://explorer.ooni.org/m/20260409075906.353369_KR_webconnectivity_fa1e78a2898ed662
https://translation2.paralink.com/,ok,https://explorer.ooni.org/m/20260409075909.405133_KR_webconnectivity_de27655d2eca884c
https://transparencyreport.google.com/,ok,https://explorer.ooni.org/m/20260409075913.041769_KR_webconnectivity_d59ec8dc56b6579b
https://tuta.com/,ok,https://explorer.ooni.org/m/20260409075919.813840_KR_webconnectivity_e06d9372f6602665
http://tvcast.naver.com/,ok,https://explorer.ooni.org/m/20260409075924.727588_KR_webconnectivity_e0ebbc0c40066db0
https://tx.me/,ok,https://explorer.ooni.org/m/20260409075927.786060_KR_webconnectivity_8e9999274ba5a78c
https://vector.im/_matrix/identity/api/v1,ok,https://explorer.ooni.org/m/20260409075929.370320_KR_webconnectivity_d62aa269a586c361
https://video-preview.s3.yandex.net/robots.txt,http-failure,https://explorer.ooni.org/m/20260409075951.033162_KR_webconnectivity_d2f529ff753e49c8
https://web.wechat.com/,ok,https://explorer.ooni.org/m/20260409075953.292107_KR_webconnectivity_a61da7b532950f14
https://worldhealth.net/,ok,https://explorer.ooni.org/m/20260409075956.122241_KR_webconnectivity_13cc6416e7fb1d78
http://www.aids.or.kr/,ok,https://explorer.ooni.org/m/20260409080000.095263_KR_webconnectivity_2dfd7d8ff1f97c1c
https://www.ananzi.co.za/,ok,https://explorer.ooni.org/m/20260409080003.896435_KR_webconnectivity_2d893d467b0dba3b
http://www.asiansexgazette.com/,http-diff,https://explorer.ooni.org/m/20260409080007.011538_KR_webconnectivity_db38e960bf14aa51
http://www.asiansexgazette.com/asg/asian_health.htm,http-diff,https://explorer.ooni.org/m/20260409080010.116910_KR_webconnectivity_e2958019227b26a8
https://www.baidu.com/,ok,https://explorer.ooni.org/m/20260409080015.241230_KR_webconnectivity_61915f6b17096bee
https://www.bbm.com/,ok,https://explorer.ooni.org/m/20260409080022.980477_KR_webconnectivity_c1a96c89f991cfed
https://www.bing.com/,tcp_ip,https://explorer.ooni.org/m/20260409080029.426833_KR_webconnectivity_9f020ed0a4ced24f
https://www.broadvoice.com/,ok,https://explorer.ooni.org/m/20260409080033.854589_KR_webconnectivity_09c4a5211e139b01
https://www.cdc.gov/,ok,https://explorer.ooni.org/m/20260409080037.532231_KR_webconnectivity_32a29c2f08f0a3a6
http://www.cirp.org/,ok,https://explorer.ooni.org/m/20260409080041.357326_KR_webconnectivity_163585c69c3540be
http://www.dailymotion.com/kr,ok,https://explorer.ooni.org/m/20260409080048.887710_KR_webconnectivity_78733760d952df28
http://www.daum.net/,ok,https://explorer.ooni.org/m/20260409080055.502177_KR_webconnectivity_56a6a7bbcd80fb43
https://www.doctorswithoutborders.org/,ok,https://explorer.ooni.org/m/20260409080059.096837_KR_webconnectivity_4395ae1da448f01b
http://www.dogpile.com/,ok,https://explorer.ooni.org/m/20260409080100.411222_KR_webconnectivity_dc1ee39fae2c3b6f
http://www.dreamwiz.com/,ok,https://explorer.ooni.org/m/20260409080105.361675_KR_webconnectivity_29ebe47b4ba2d366
https://www.ecdc.europa.eu/,ok,https://explorer.ooni.org/m/20260409080110.461715_KR_webconnectivity_bbefcd1252640505
https://www.engenderhealth.org/,ok,https://explorer.ooni.org/m/20260409080115.626113_KR_webconnectivity_675bb0b0b55dd1be
http://www.euthanasia.cc/,ok,https://explorer.ooni.org/m/20260409080119.167298_KR_webconnectivity_ebbad23ea63b1117
https://www.fotki.com/,ok,https://explorer.ooni.org/m/20260409080122.259336_KR_webconnectivity_3efc202830fcfbc2
http://www.fotolog.com/,ok,https://explorer.ooni.org/m/20260409080127.268084_KR_webconnectivity_3484f2a89ee168a1
https://www.freepik.com/,ok,https://explorer.ooni.org/m/20260409080130.715253_KR_webconnectivity_28b0dd9f71513a54
https://www.gatesfoundation.org/,ok,https://explorer.ooni.org/m/20260409080134.426572_KR_webconnectivity_f9fb8f08a3aaaafd
http://www.getdrupe.com/,ok,https://explorer.ooni.org/m/20260409080138.970355_KR_webconnectivity_4c1df3266b26e144
https://www.google.co.kr/,ok,https://explorer.ooni.org/m/20260409080142.504016_KR_webconnectivity_b5bed138622ea52b
https://www.google.com/,ok,https://explorer.ooni.org/m/20260409080145.795298_KR_webconnectivity_1df24d365e9c26cf
https://www.health.com/,ok,https://explorer.ooni.org/m/20260409080146.668240_KR_webconnectivity_263536bf1edef7fd
https://www.healthmap.org/covid-19/,ok,https://explorer.ooni.org/m/20260409080149.111806_KR_webconnectivity_36c114dc8d3be231
https://www.hightail.com/,ok,https://explorer.ooni.org/m/20260409080152.171451_KR_webconnectivity_2ab82ed2264a2454
https://www.hotbot.com/,ok,https://explorer.ooni.org/m/20260409080156.233475_KR_webconnectivity_a82810a4ed620a22
https://www.hushmail.com/,ok,https://explorer.ooni.org/m/20260409080158.701450_KR_webconnectivity_913388aa759a0cb4
https://www.iconnecthere.com/,ok,https://explorer.ooni.org/m/20260409080202.153570_KR_webconnectivity_75f60213f8f23750
http://www.implantinfo.com/,ok,https://explorer.ooni.org/m/20260409080208.314437_KR_webconnectivity_c50c68457933d965
http://www.inbox.com/,ok,https://explorer.ooni.org/m/20260409080212.449200_KR_webconnectivity_45fd2c571d90a44b
http://www.internet-phone.co.kr/,tcp_ip,https://explorer.ooni.org/m/20260409080258.858957_KR_webconnectivity_0b830832ea79441d
http://www.isscr.org/,ok,https://explorer.ooni.org/m/20260409080302.099875_KR_webconnectivity_dc246158a40aa716
https://www.jabber.ru/,ok,https://explorer.ooni.org/m/20260409080305.008611_KR_webconnectivity_2e35edcc444da96c
http://www.kakao.com/services/8,ok,https://explorer.ooni.org/m/20260409080311.492969_KR_webconnectivity_51bddf260359d5c3
http://www.keptprivate.com/,ok,https://explorer.ooni.org/m/20260409080314.614290_KR_webconnectivity_e7711b1f286225d6
https://www.kff.org/,ok,https://explorer.ooni.org/m/20260409080316.973556_KR_webconnectivity_d2bb9e7bebfba507
http://www.kftel.com/,ok,https://explorer.ooni.org/m/20260409080319.748173_KR_webconnectivity_ea9fd65a70898975
https://www.last.fm/,ok,https://explorer.ooni.org/m/20260409080323.120498_KR_webconnectivity_537c12f5776f21e9
http://www.lingo.com/,error,https://explorer.ooni.org/m/20260409080325.136072_KR_webconnectivity_03351fa0a513f58b
http://www.linphone.org/,ok,https://explorer.ooni.org/m/20260409080331.162325_KR_webconnectivity_cf3a95057ddb84fa
http://www.love4one.com/,ok,https://explorer.ooni.org/m/20260409080339.362853_KR_webconnectivity_f80c868d958c7d2e
http://www.lycos.com/,ok,https://explorer.ooni.org/m/20260409080342.336474_KR_webconnectivity_f00792ec298115ae
http://www.magicjack.com/,ok,https://explorer.ooni.org/m/20260409080348.040402_KR_webconnectivity_a5cdb20c3127cbbb
https://www.mail.com/,ok,https://explorer.ooni.org/m/20260409080357.067632_KR_webconnectivity_b2d66175615f79e0
http://www.mail.lycos.com/,ok,https://explorer.ooni.org/m/20260409080402.023809_KR_webconnectivity_3383dc08740e1c47
http://www.mail2web.com/,ok,https://explorer.ooni.org/m/20260409080415.789221_KR_webconnectivity_fc332767fbd5c7c6
http://www.mailinator.com/,ok,https://explorer.ooni.org/m/20260409080419.684373_KR_webconnectivity_ffda7fc0c02b7921
https://www.mamma.com/,ok,https://explorer.ooni.org/m/20260409080422.444920_KR_webconnectivity_237c0d513faa5d42
https://www.mariestopes.org.uk/,ok,https://explorer.ooni.org/m/20260409080426.860511_KR_webconnectivity_2cd12069cbce449e
http://www.medecinsdumonde.org/,ok,https://explorer.ooni.org/m/20260409080435.766181_KR_webconnectivity_a986a52659c834fe
https://www.mediafire.com/,ok,https://explorer.ooni.org/m/20260409080438.116861_KR_webconnectivity_d628679f9fda9d23
http://www.medicinenet.com/,ok,https://explorer.ooni.org/m/20260409080441.817481_KR_webconnectivity_7c567f2e879eb0e9
http://www.mersjido.com/,ok,https://explorer.ooni.org/m/20260409080443.672608_KR_webconnectivity_2c1df6dfe331016c
https://www.messenger.com/,ok,https://explorer.ooni.org/m/20260409080446.825229_KR_webconnectivity_162fa63b35efb048
http://www.metacrawler.com/,http-diff,https://explorer.ooni.org/m/20260409080447.593795_KR_webconnectivity_f49be04c1674cab3
https://www.microsoft.com/,ok,https://explorer.ooni.org/m/20260409080450.676573_KR_webconnectivity_e0ead95ad2aec889
http://www.microsofttranslator.com/,ok,https://explorer.ooni.org/m/20260409080454.821827_KR_webconnectivity_543f04143f61b94f
https://www.mojeek.com/,ok,https://explorer.ooni.org/m/20260409080457.747724_KR_webconnectivity_09391ccddb006939
http://www.moohan.net/,http-diff,https://explorer.ooni.org/m/20260409080506.783288_KR_webconnectivity_f2ebb3379a8c7c50
https://www.msf.org/,ok,https://explorer.ooni.org/m/20260409080508.163375_KR_webconnectivity_72931fbdb0e6f264
https://www.msn.com/,ok,https://explorer.ooni.org/m/20260409080510.932517_KR_webconnectivity_c7be4e3091574c29
http://www.munjanara.co.kr/,error,https://explorer.ooni.org/m/20260409080528.491552_KR_webconnectivity_b56e9d8fd116221f
http://www.naver.com/,ok,https://explorer.ooni.org/m/20260409080531.329281_KR_webconnectivity_1c6b0d649a6ddb3b
http://www.netaddress.com/,ok,https://explorer.ooni.org/m/20260409080534.329100_KR_webconnectivity_25f9e684f87619c5
https://www.netaddress.com/,ok,https://explorer.ooni.org/m/20260409080537.934047_KR_webconnectivity_f71446efc8d2fd3f
https://www.netflix.com/,ok,https://explorer.ooni.org/m/20260409080542.894357_KR_webconnectivity_b289d5487a7cb862
http://www.nicesms.co.kr/,ok,https://explorer.ooni.org/m/20260409080547.771742_KR_webconnectivity_9b3e689dc958d2e2
http://www.olleh-kt.kr/,ok,https://explorer.ooni.org/m/20260409080551.176148_KR_webconnectivity_1a37a81a18c05efc
http://www.online-translator.com/,ok,https://explorer.ooni.org/m/20260409080555.531696_KR_webconnectivity_bf7604f9b48732af
http://www.oovoo.com/,ok,https://explorer.ooni.org/m/20260409080559.544466_KR_webconnectivity_32875222b67d662a
https://www.openstreetmap.org/,ok,https://explorer.ooni.org/m/20260409080602.548962_KR_webconnectivity_41f79bce5c571293
http://www.orgio.com/,ok,https://explorer.ooni.org/m/20260409080605.396807_KR_webconnectivity_e050e12b69edced2
http://www.paltalk.com/,ok,https://explorer.ooni.org/m/20260409080607.816779_KR_webconnectivity_7c2a0f4d3464ec4c
http://www.pandora.com/,ok,https://explorer.ooni.org/m/20260409080610.528362_KR_webconnectivity_9fd7f9d6e9c97ba4
https://www.perplexity.ai/,ok,https://explorer.ooni.org/m/20260409080611.601776_KR_webconnectivity_2252c86f09b9de4e
https://www.pinterest.com/,ok,https://explorer.ooni.org/m/20260409080614.993466_KR_webconnectivity_c5129c6967e35d1f
https://www.postmaster.co.uk/,ok,https://explorer.ooni.org/m/20260409080617.791738_KR_webconnectivity_3456567814a09b2e
http://www.ppurio.com/,ok,https://explorer.ooni.org/m/20260409080624.225021_KR_webconnectivity_d84edf022e014b76
https://www.projectbaseline.com/studies/covid-research/,ok,https://explorer.ooni.org/m/20260409080629.326266_KR_webconnectivity_f07712b2d1163a1b
https://www.proton.me/,ok,https://explorer.ooni.org/m/20260409080636.806998_KR_webconnectivity_266b1c3ae0604bc8
https://www.rki.de/,ok,https://explorer.ooni.org/m/20260409080655.246489_KR_webconnectivity_633a5b7da4be4aa7
https://www.search.com/,ok,https://explorer.ooni.org/m/20260409080700.775924_KR_webconnectivity_c397cb285fb41b72
http://www.searchindia.com/,ok,https://explorer.ooni.org/m/20260409080705.523105_KR_webconnectivity_21b788820bfa3179
http://www.securenym.net/,ok,https://explorer.ooni.org/m/20260409080707.411243_KR_webconnectivity_c8ceee38daab869f
https://www.sendthisfile.com/,ok,https://explorer.ooni.org/m/20260409080711.670747_KR_webconnectivity_b2e1b1f034b2ca03
http://www.shinbiro.com/,tcp_ip,https://explorer.ooni.org/m/20260409080757.921558_KR_webconnectivity_b08b0180a1b32411
http://www.sina.com.cn/,ok,https://explorer.ooni.org/m/20260409080802.745273_KR_webconnectivity_d37809492666a27a
https://www.skype.com/,ok,https://explorer.ooni.org/m/20260409080804.966047_KR_webconnectivity_c2d3fd1131ba3f04
http://www.skysms.co.kr/,ok,https://explorer.ooni.org/m/20260409080807.169942_KR_webconnectivity_9aec0a6564bcda56
http://www.slideshare.net/,ok,https://explorer.ooni.org/m/20260409080809.734444_KR_webconnectivity_97f0b65bbd6abdbf
https://www.startmail.com/,ok,https://explorer.ooni.org/m/20260409080814.390355_KR_webconnectivity_54f700df88d2787a
https://www.subscribestar.com/,ok,https://explorer.ooni.org/m/20260409080817.460173_KR_webconnectivity_ae49dacb07b63652
http://www.talkyou.me/,ok,https://explorer.ooni.org/m/20260409080822.314240_KR_webconnectivity_14837b7cb94bcd99
http://www.tango.me/,ok,https://explorer.ooni.org/m/20260409080823.290916_KR_webconnectivity_201edd1a987d8005
https://www.tawk.to/,ok,https://explorer.ooni.org/m/20260409080826.323140_KR_webconnectivity_ba7315cf2b529721
https://www.ted.com/,ok,https://explorer.ooni.org/m/20260409080828.220288_KR_webconnectivity_74bf3c81183f40ce
https://www.textra.me/,ok,https://explorer.ooni.org/m/20260409080830.461798_KR_webconnectivity_b99cdf7ac6c321c9
https://www.theglobalfund.org/,ok,https://explorer.ooni.org/m/20260409080833.081835_KR_webconnectivity_79d5e90913047eff
http://www.tialsoft.com/download/,ok,https://explorer.ooni.org/m/20260409080836.622730_KR_webconnectivity_da46075bd678a6a6
http://www.tialsoft.com/multitranse/,ok,https://explorer.ooni.org/m/20260409080839.954173_KR_webconnectivity_b6b137c0985aee98
https://www.transferbigfiles.com/,ok,https://explorer.ooni.org/m/20260409080842.639012_KR_webconnectivity_53d340f9bf17edea
http://www.translate.ru/,ok,https://explorer.ooni.org/m/20260409080848.185402_KR_webconnectivity_3caf2f382b0fb5a7
http://www.transwhiz.com/,ok,https://explorer.ooni.org/m/20260409080851.961436_KR_webconnectivity_3740612cf6f61caa
https://www.truecaller.com/,ok,https://explorer.ooni.org/m/20260409080854.123893_KR_webconnectivity_f1c85bd8bb341583
https://www.unaids.org/,ok,https://explorer.ooni.org/m/20260409080858.132304_KR_webconnectivity_9967407bb68e971d
http://www.vtv.co.kr/,ok,https://explorer.ooni.org/m/20260409080905.730394_KR_webconnectivity_1401ebeb6493dbea
https://www.vyke.com/,ok,https://explorer.ooni.org/m/20260409080909.374812_KR_webconnectivity_46ce01ea64299c8b
http://www.wevo.co.kr/,error,https://explorer.ooni.org/m/20260409080926.052372_KR_webconnectivity_50d02a356555d363
http://www.whitepages.com/,ok,https://explorer.ooni.org/m/20260409080928.383018_KR_webconnectivity_d9f19fe33a9352f2
https://www.who.int/,ok,https://explorer.ooni.org/m/20260409080930.689153_KR_webconnectivity_cb1b3b35d8f22715
https://www.worldometers.info/coronavirus/,ok,https://explorer.ooni.org/m/20260409080932.826196_KR_webconnectivity_a93ab8dd98e56aa1
http://www.yahoo.co.kr/,ok,https://explorer.ooni.org/m/20260409080939.501408_KR_webconnectivity_3042939988f75a49
https://www.yahoo.com/,ok,https://explorer.ooni.org/m/20260409080949.637203_KR_webconnectivity_33f293550af68ced
https://yandex.com/,http-failure,https://explorer.ooni.org/m/20260409081011.265863_KR_webconnectivity_ff677211e9a3b043
https://yandexwebcache.net/robots.txt,ok,https://explorer.ooni.org/m/20260409081015.152527_KR_webconnectivity_a670821168c51c24
https://zoom.us/,ok,https://explorer.ooni.org/m/20260409081017.899928_KR_webconnectivity_cf6855960d412992
https://1.1.1.1/,tcp_ip,https://explorer.ooni.org/m/20260409081048.534373_KR_webconnectivity_1ae7dcebdcd86315
https://1337x.st/,ok,https://explorer.ooni.org/m/20260409081050.080429_KR_webconnectivity_6a947ec224e88da1
http://2015peoplepower.tistory.com/,ok,https://explorer.ooni.org/m/20260409081052.394565_KR_webconnectivity_cab0bcff3e8e7e93
https://4genderjustice.org/,ok,https://explorer.ooni.org/m/20260409081056.232987_KR_webconnectivity_4c1a4f993679f5f3
http://4shared.com/,confirmed,https://explorer.ooni.org/m/20260409081058.674318_KR_webconnectivity_7ea5e281937c6953
https://76crimes.com/,ok,https://explorer.ooni.org/m/20260409081103.048564_KR_webconnectivity_ad8b034d6b0751b1
https://911truth.org/,ok,https://explorer.ooni.org/m/20260409081109.200438_KR_webconnectivity_dec9a78f1f8c89f3
http://abc.go.com/,ok,https://explorer.ooni.org/m/20260409081111.957125_KR_webconnectivity_55aaee91ccdac4c6
http://act.jinbo.net/,ok,https://explorer.ooni.org/m/20260409081126.033568_KR_webconnectivity_52f69f930bdc2e9f
https://actionaid.org/,ok,https://explorer.ooni.org/m/20260409081130.020351_KR_webconnectivity_25ffa0bf0f01a11e
https://addons.mozilla.org/,ok,https://explorer.ooni.org/m/20260409081132.645350_KR_webconnectivity_9e8a5acbf44f1d01
https://addons.opera.com/,ok,https://explorer.ooni.org/m/20260409081137.402487_KR_webconnectivity_558dbd3e39f2405b
https://addons.opera.com/en/extensions/,ok,https://explorer.ooni.org/m/20260409081142.008075_KR_webconnectivity_758a3cba5e835f53
https://advox.globalvoices.org/,error,https://explorer.ooni.org/m/20260409081146.800835_KR_webconnectivity_332497fa1db7f30c
https://amnezia.org/,ok,https://explorer.ooni.org/m/20260409081151.093605_KR_webconnectivity_540b08e98f42d2c3
http://anonymizer.secuser.com/,http-diff,https://explorer.ooni.org/m/20260409081153.164974_KR_webconnectivity_6e9ecda4e174c323
http://anonymouse.org/,http-diff,https://explorer.ooni.org/m/20260409081209.472920_KR_webconnectivity_52c64834e8e34024
https://antivigilancia.org/,ok,https://explorer.ooni.org/m/20260409081213.709777_KR_webconnectivity_afe77b00b67024d7
http://applefile.com/,http-diff,https://explorer.ooni.org/m/20260409081216.010742_KR_webconnectivity_0d2b58140e7552dd
https://ar.m.wikipedia.org/,ok,https://explorer.ooni.org/m/20260409081219.725854_KR_webconnectivity_031408dac13847cb
https://ar.wikipedia.org/,ok,https://explorer.ooni.org/m/20260409081223.040888_KR_webconnectivity_f1a1c65f39a74915
https://arc-international.net/,ok,https://explorer.ooni.org/m/20260409081231.669549_KR_webconnectivity_53fcd03bed0acea1
https://archiveofourown.org/,ok,https://explorer.ooni.org/m/20260409081232.732599_KR_webconnectivity_52f34c3d91bc649e
https://arxiv.org/,ok,https://explorer.ooni.org/m/20260409081233.918666_KR_webconnectivity_d2a72af176ff91ba
https://asean.org/,ok,https://explorer.ooni.org/m/20260409081234.872853_KR_webconnectivity_13bd8b43958c75b6
https://asiatimes.com/,ok,https://explorer.ooni.org/m/20260409081238.084780_KR_webconnectivity_703b95b2aca8db29
https://atlasofsurveillance.org/,ok,https://explorer.ooni.org/m/20260409081241.035828_KR_webconnectivity_22e82377b5b98b41
https://banthis.tv/,ok,https://explorer.ooni.org/m/20260409081244.125247_KR_webconnectivity_aa34f687a6d1979e
http://base21.jinbo.net/,ok,https://explorer.ooni.org/m/20260409081257.896880_KR_webconnectivity_ae48fa08faaea95f
https://bintray.com/,ok,https://explorer.ooni.org/m/20260409081301.957810_KR_webconnectivity_839907bdf6348847
https://blog.genderwatchdog.org/,ok,https://explorer.ooni.org/m/20260409081303.771419_KR_webconnectivity_594ac11dfc0b8e51
http://blog.jinbo.net/,ok,https://explorer.ooni.org/m/20260409081311.552290_KR_webconnectivity_2be9e3de6a548712
http://bommin.net/,confirmed,https://explorer.ooni.org/m/20260409081314.935172_KR_webconnectivity_0cd7db250d0ced27
https://bouncer.ooni.io/,ok,https://explorer.ooni.org/m/20260409081318.630806_KR_webconnectivity_b943705c6a3cc7c0
https://bricspress.live/,ok,https://explorer.ooni.org/m/20260409081320.661803_KR_webconnectivity_e6468fe822363b04
https://brothersroad.org/,ok,https://explorer.ooni.org/m/20260409081322.935450_KR_webconnectivity_e7872eb97e2e8137
https://btguard.com/,ok,https://explorer.ooni.org/m/20260409081327.384873_KR_webconnectivity_d086e5cea3ee835e
https://ca.wikipedia.org/,ok,https://explorer.ooni.org/m/20260409081331.438756_KR_webconnectivity_e9835b8d8f09e407
http://cafe.daum.net/,ok,https://explorer.ooni.org/m/20260409081334.892906_KR_webconnectivity_73cdff10561c5052
http://cafe.daum.net/antimb,ok,https://explorer.ooni.org/m/20260409081337.784560_KR_webconnectivity_a0004a6c82b49a28
http://cafe.daum.net/libertyofthepress,ok,https://explorer.ooni.org/m/20260409081340.584998_KR_webconnectivity_655b7d5333452d59
http://cafe.daum.net/pridecare,ok,https://explorer.ooni.org/m/20260409081342.955749_KR_webconnectivity_c85826078d785f40
http://cafe.daum.net/seoulminart,ok,https://explorer.ooni.org/m/20260409081345.383521_KR_webconnectivity_81d01de50539ffbb
http://cafe.daum.net/stopcjd,ok,https://explorer.ooni.org/m/20260409081347.784860_KR_webconnectivity_2a1e585ea6494b1f
http://cafe.naver.com/asunaro/,ok,https://explorer.ooni.org/m/20260409081353.849957_KR_webconnectivity_7243dd6bfd3176de
http://cafe.naver.com/newartcafe,ok,https://explorer.ooni.org/m/20260409081359.806130_KR_webconnectivity_db8c9d145b724187
https://carafem.org/,ok,https://explorer.ooni.org/m/20260409081401.678325_KR_webconnectivity_344d2c83d5477d6a
https://carnegieendowment.org/,ok,https://explorer.ooni.org/m/20260409081404.098562_KR_webconnectivity_417fbe1c83bb561e
https://catbox.moe/,ok,https://explorer.ooni.org/m/20260409081406.247068_KR_webconnectivity_724f601f50e09f30
https://certbot.eff.org/,ok,https://explorer.ooni.org/m/20260409081408.594199_KR_webconnectivity_70b53a227600e5e7
https://chat.openai.com/,ok,https://explorer.ooni.org/m/20260409081410.121140_KR_webconnectivity_8f8c85711c9b622c
http://chongryon.com/,confirmed,https://explorer.ooni.org/m/20260409081426.327643_KR_webconnectivity_dc6f89cac248e52e
https://chrome.google.com/webstore/category/extensions,ok,https://explorer.ooni.org/m/20260409081430.882551_KR_webconnectivity_881f17eb374f17b0
https://chromewebstore.google.com/,ok,https://explorer.ooni.org/m/20260409081435.017020_KR_webconnectivity_a2e89cef00e3a6ce
https://citizenlab.ca/,ok,https://explorer.ooni.org/m/20260409081438.092066_KR_webconnectivity_d7dd935e7cf6fdcc
https://code.org/,ok,https://explorer.ooni.org/m/20260409081441.464279_KR_webconnectivity_b225130d251169b4
https://commons.wikimedia.org/,ok,https://explorer.ooni.org/m/20260409081445.166926_KR_webconnectivity_402f67bc74a072f4
https://cpj.org/,ok,https://explorer.ooni.org/m/20260409081447.303485_KR_webconnectivity_1bbf9f5546f81fb1
https://credibilitycoalition.org/,ok,https://explorer.ooni.org/m/20260409081449.697345_KR_webconnectivity_9700b8c96d47f671
https://crypt.ee/,ok,https://explorer.ooni.org/m/20260409081451.699459_KR_webconnectivity_e853140b4e6e1dfd
https://cryptpad.fr/,ok,https://explorer.ooni.org/m/20260409081454.777538_KR_webconnectivity_fe00c5601ce1ca6d
https://cryptpad.org/instances/,ok,https://explorer.ooni.org/m/20260409081458.590527_KR_webconnectivity_5c8aa3e220c52be8
https://csid-online.org/,ok,https://explorer.ooni.org/m/20260409081502.065600_KR_webconnectivity_c17238891f468b36
https://cyber.harvard.edu/,ok,https://explorer.ooni.org/m/20260409081505.355722_KR_webconnectivity_33741058d27b92db
http://data.donkeyhote.co.kr/,ok,https://explorer.ooni.org/m/20260409081506.163403_KR_webconnectivity_f921af2c90f94c2b
https://ddosecrets.com/,ok,https://explorer.ooni.org/m/20260409081511.265016_KR_webconnectivity_0cbc6c43e26afb1e
https://de.wikipedia.org/,ok,https://explorer.ooni.org/m/20260409081516.193076_KR_webconnectivity_b589ee0bb482e8b1
https://dfiles.eu/,ok,https://explorer.ooni.org/m/20260409081522.314290_KR_webconnectivity_34122b6f3487becb
https://digg.com/,ok,https://explorer.ooni.org/m/20260409081523.954062_KR_webconnectivity_86f568986884729f
https://disclose.ngo/,ok,https://explorer.ooni.org/m/20260409081526.256515_KR_webconnectivity_c58fa88d17baafd8
https://dn42.dev/,ok,https://explorer.ooni.org/m/20260409081528.711848_KR_webconnectivity_530721ee6d84a43a
https://docs.google.com/,ok,https://explorer.ooni.org/m/20260409081533.394542_KR_webconnectivity_4e38b254cef5877c
https://docs.mvt.re/,ok,https://explorer.ooni.org/m/20260409081535.476067_KR_webconnectivity_53d5b03dcfd1dcea
https://download.cnet.com/,ok,https://explorer.ooni.org/m/20260409081537.638518_KR_webconnectivity_55ccf1dd148fe5fa
https://drive.google.com/,ok,https://explorer.ooni.org/m/20260409081542.869603_KR_webconnectivity_4338c174f9ddccb1
https://edition.cnn.com/,ok,https://explorer.ooni.org/m/20260409081544.444804_KR_webconnectivity_c63222c15bae5c61
https://en.m.wikipedia.org/,ok,https://explorer.ooni.org/m/20260409081548.699146_KR_webconnectivity_2ad9625dae9457cb
https://en.wikipedia.org/,ok,https://explorer.ooni.org/m/20260409081552.086389_KR_webconnectivity_eccdaad673719102
http://english.eduhope.net/,ok,https://explorer.ooni.org/m/20260409081555.460634_KR_webconnectivity_565ba49d7db6556b
http://english.hani.co.kr/,ok,https://explorer.ooni.org/m/20260409081559.144532_KR_webconnectivity_3b6c08279f460c66
http://english.yna.co.kr/,error,https://explorer.ooni.org/m/20260409081601.222879_KR_webconnectivity_87eddd529e5abe77
https://ente.io/,ok,https://explorer.ooni.org/m/20260409081604.117076_KR_webconnectivity_26079d94f7e4b8df
https://epic.org/,ok,https://explorer.ooni.org/m/20260409081606.205907_KR_webconnectivity_61da7f067c45e250
https://es.m.wikipedia.org/,ok,https://explorer.ooni.org/m/20260409081610.256291_KR_webconnectivity_e6f1bb56ef520149
https://es.wikipedia.org/,ok,https://explorer.ooni.org/m/20260409081613.581856_KR_webconnectivity_ec102aa6f951a983
https://eztv.re/,ok,https://explorer.ooni.org/m/20260409081614.998797_KR_webconnectivity_25674bf1c5287963
https://f-droid.org/,ok,https://explorer.ooni.org/m/20260409081618.946478_KR_webconnectivity_5140cb0c45f2e019
https://fdroid.tetaneutral.net/fdroid/repo,ok,https://explorer.ooni.org/m/20260409081622.001379_KR_webconnectivity_f468c9ff67645246
https://feminist.org/,ok,https://explorer.ooni.org/m/20260409081624.947055_KR_webconnectivity_43f9650e7ba7d899
http://file.daum.net/,ok,https://explorer.ooni.org/m/20260409081626.329882_KR_webconnectivity_3225f1e14dda10ba
http://filecast.co.kr/,ok,https://explorer.ooni.org/m/20260409081630.838368_KR_webconnectivity_7a15813080ddd34e
https://filen.io/,ok,https://explorer.ooni.org/m/20260409081636.785596_KR_webconnectivity_98544c3be2e78eef
https://files.pythonhosted.org/,ok,https://explorer.ooni.org/m/20260409081637.764806_KR_webconnectivity_af0545ab6e996d6d
https://fleegle.mixmin.net/,ok,https://explorer.ooni.org/m/20260409081640.793508_KR_webconnectivity_c7cb15f381905ecb
https://fondfbr.ru/,ok,https://explorer.ooni.org/m/20260409081647.112897_KR_webconnectivity_7c0798c63e1c2f4e
https://fr.wikipedia.org/,ok,https://explorer.ooni.org/m/20260409081650.915197_KR_webconnectivity_308b8d4a7729df19
https://freedomhouse.org/,ok,https://explorer.ooni.org/m/20260409081652.436024_KR_webconnectivity_a216504d058cb458
https://freemuse.org/,ok,https://explorer.ooni.org/m/20260409081701.191974_KR_webconnectivity_c9302f8c3dc57cfa
https://ftp.fau.de/fdroid/repo,ok,https://explorer.ooni.org/m/20260409081704.763120_KR_webconnectivity_92d44ff4c54288fd
http://gnu.rep.kp/,dns,https://explorer.ooni.org/m/20260409081709.225969_KR_webconnectivity_07d76b5d1456b3a7
https://googleweblight.com/i?u=https%3A%2F%2Fexample.com%2F,ok,https://explorer.ooni.org/m/20260409081711.222790_KR_webconnectivity_0536ff504c9b9c2f
http://guardster.com/,http-diff,https://explorer.ooni.org/m/20260409081712.164940_KR_webconnectivity_4bb5cc0eb6cc3b20
https://hackerspaces.org/,ok,https://explorer.ooni.org/m/20260409081715.770414_KR_webconnectivity_bd7844624acf08f1
http://historyedu.or.kr/,ok,https://explorer.ooni.org/m/20260409081723.368324_KR_webconnectivity_71bfbcac2ce7da1a
http://hksh.koreanhistory.or.kr/,ok,https://explorer.ooni.org/m/20260409081725.764958_KR_webconnectivity_7b0b7bfeaa71fd0b
https://i.gr-assets.com/robots.txt,ok,https://explorer.ooni.org/m/20260409081727.335563_KR_webconnectivity_149bb1041da9ad7f
https://infidels.org/,ok,https://explorer.ooni.org/m/20260409081731.756255_KR_webconnectivity_a7822a1d4b772ca2
https://int.soccerway.com/,ok,https://explorer.ooni.org/m/20260409081736.378901_KR_webconnectivity_83261e05c15aa31b
https://intelligence.weforum.org/,ok,https://explorer.ooni.org/m/20260409081740.197358_KR_webconnectivity_cb28791b0bf82b74
https://isa.gov.ly/,ok,https://explorer.ooni.org/m/20260409081742.345123_KR_webconnectivity_3367b89151dde1dc
https://it.wikipedia.org/,ok,https://explorer.ooni.org/m/20260409081746.055658_KR_webconnectivity_99ec47048c80d810
https://ja.wikipedia.org/,ok,https://explorer.ooni.org/m/20260409081749.587163_KR_webconnectivity_c065d02e5ad6af51
http://kancc.org/,confirmed,https://explorer.ooni.org/m/20260409081809.293111_KR_webconnectivity_cd270f0d918efefb
http://kass.org.kp/,tcp_ip,https://explorer.ooni.org/m/20260409081844.708159_KR_webconnectivity_d4c661d8d34ca71a
https://kat.am/,ok,https://explorer.ooni.org/m/20260409081847.456056_KR_webconnectivity_b6e1a2a4fa523da7
https://katcr.to/,ok,https://explorer.ooni.org/m/20260409081848.852311_KR_webconnectivity_40435c74125a6b9d
http://kcnawatch.co/,confirmed,https://explorer.ooni.org/m/20260409081849.925326_KR_webconnectivity_daf31f7d743795ff
http://kicc-dprk.org/,confirmed,https://explorer.ooni.org/m/20260409081851.680306_KR_webconnectivity_ba4120a47ad48961
http://kiyctc.com.kp/,tcp_ip,https://explorer.ooni.org/m/20260409081940.918045_KR_webconnectivity_63d37d788fb27063
http://ko.internationalism.org/,ok,https://explorer.ooni.org/m/20260409081945.094773_KR_webconnectivity_2cad0e1e3ea2a45c
https://ko.wiktionary.org/,ok,https://explorer.ooni.org/m/20260409081948.471330_KR_webconnectivity_2a18ec7be74ac0cf
http://korfilm.com.kp/,tcp_ip,https://explorer.ooni.org/m/20260409082048.814377_KR_webconnectivity_261ad9bf08088f4a
http://kremlin.ru/,ok,https://explorer.ooni.org/m/20260409082106.487643_KR_webconnectivity_7b082328d4557211
http://lgbt.kdlp.org/,ok,https://explorer.ooni.org/m/20260409082107.640869_KR_webconnectivity_89ab915072882a52
https://libgen.fun/,error,https://explorer.ooni.org/m/20260409082109.477700_KR_webconnectivity_f1f8818057d0f7cb
https://libgen.is/,tcp_ip,https://explorer.ooni.org/m/20260409082155.181455_KR_webconnectivity_b27b307396be3f4a
http://libgen.lc/,ok,https://explorer.ooni.org/m/20260409082156.478217_KR_webconnectivity_4536d680259ddd6d
http://libgen.li/,http-diff,https://explorer.ooni.org/m/20260409082157.837482_KR_webconnectivity_63697a468d078eab
https://libgen.life/,tcp_ip,https://explorer.ooni.org/m/20260409082228.525059_KR_webconnectivity_8979a9c64f3d67ab
https://libgen.me/,error,https://explorer.ooni.org/m/20260409082230.829886_KR_webconnectivity_ea82f7190b18bc69
http://libgen.rs/,tcp_ip,https://explorer.ooni.org/m/20260409082301.639712_KR_webconnectivity_1cf6b78fcee41d5f
https://libgen.space/,error,https://explorer.ooni.org/m/20260409082303.274848_KR_webconnectivity_71b2ed31bac4eb01
http://libgen.st/,tcp_ip,https://explorer.ooni.org/m/20260409082349.137475_KR_webconnectivity_226673a96d1d1545
https://limetorrents.pro/,ok,https://explorer.ooni.org/m/20260409082354.114517_KR_webconnectivity_e6b504d875f2e1c7
https://login.infomaniak.com/,ok,https://explorer.ooni.org/m/20260409082357.685143_KR_webconnectivity_58981482f3c75180
https://login.tailscale.com/,ok,https://explorer.ooni.org/m/20260409082406.311215_KR_webconnectivity_8fecfbd369b1e4ee
http://ma.gov.kp/,dns,https://explorer.ooni.org/m/20260409082412.968529_KR_webconnectivity_ceba7f31a6f2da01
https://mashable.com/,ok,https://explorer.ooni.org/m/20260409082414.962747_KR_webconnectivity_efb18dc509a2e7f3
https://microsoftedge.microsoft.com/,error,https://explorer.ooni.org/m/20260409082416.166257_KR_webconnectivity_f35bff2f51916920
https://mirror.cyberbits.eu/fdroid/repo,ok,https://explorer.ooni.org/m/20260409082419.713078_KR_webconnectivity_0fc599e10ee435a4
https://mullvad.net/,ok,https://explorer.ooni.org/m/20260409082424.172567_KR_webconnectivity_fdf358149eb0c359
https://mymemory.translated.net/,ok,https://explorer.ooni.org/m/20260409082430.023037_KR_webconnectivity_c27b4170d340c949
http://naenara.com/,ok,https://explorer.ooni.org/m/20260409082433.704733_KR_webconnectivity_f2fe7ff0786edef2
https://newalbumreleases.net/,ok,https://explorer.ooni.org/m/20260409082436.456008_KR_webconnectivity_1f0450a442ec3e96
https://notesnook.com/,ok,https://explorer.ooni.org/m/20260409082439.912630_KR_webconnectivity_dad03f4058e4314f
https://nsw2u.com/,ok,https://explorer.ooni.org/m/20260409082442.619871_KR_webconnectivity_847489a749d467b5
http://onekorea.org/,ok,https://explorer.ooni.org/m/20260409082445.114745_KR_webconnectivity_9a9c3facb3b798aa
https://openverse.org/,ok,https://explorer.ooni.org/m/20260409082446.476136_KR_webconnectivity_d31cadd11c7f6328
http://osaka.korea-htr.com/,ok,https://explorer.ooni.org/m/20260409082447.397825_KR_webconnectivity_098476b57f2fb24e
https://plug-mirror.rcac.purdue.edu/fdroid/repo,ok,https://explorer.ooni.org/m/20260409082450.386590_KR_webconnectivity_7c3796f626e43a7a
https://proxy.i2phides.me/,error,https://explorer.ooni.org/m/20260409082452.826280_KR_webconnectivity_48f29e2b908d6faa
https://pt.m.wikipedia.org/,ok,https://explorer.ooni.org/m/20260409082457.068668_KR_webconnectivity_457bbcbe6e107ac5
https://pulse.internetsociety.org/,ok,https://explorer.ooni.org/m/20260409082459.513059_KR_webconnectivity_9fb1794b84b60cdc
https://put.io/,ok,https://explorer.ooni.org/m/20260409082502.392035_KR_webconnectivity_01dacc69c87e61df
https://radiofreetexas.com/,ok,https://explorer.ooni.org/m/20260409082506.027294_KR_webconnectivity_655972c4b67ce51f
https://rapidgator.net/,ok,https://explorer.ooni.org/m/20260409082511.637692_KR_webconnectivity_0919b359da7936c2
https://ru.wikipedia.org/,ok,https://explorer.ooni.org/m/20260409082515.495909_KR_webconnectivity_ac311d8788471cc4
https://s.gr-assets.com/robots.txt,ok,https://explorer.ooni.org/m/20260409082518.095176_KR_webconnectivity_b501e3a462fdf2dc
https://savefrom.net/,ok,https://explorer.ooni.org/m/20260409082523.161525_KR_webconnectivity_6342727caba6cbcb
http://sdprk.org.kp/,tcp_ip,https://explorer.ooni.org/m/20260409082612.305480_KR_webconnectivity_aaf7d07a7e39738c
http://sfkuk.freeservers.com/,ok,https://explorer.ooni.org/m/20260409082614.940890_KR_webconnectivity_ae08de4a04305c7c
http://simfile.uplusbox.co.kr/,dns,https://explorer.ooni.org/m/20260409082633.672657_KR_webconnectivity_babe1f61c5ab74bf
https://simple.wikipedia.org/,ok,https://explorer.ooni.org/m/20260409082637.259628_KR_webconnectivity_03899ca587f34db3
https://skiff.com/,ok,https://explorer.ooni.org/m/20260409082639.193743_KR_webconnectivity_96d68ba3562097fe
https://soundcloud.com/,ok,https://explorer.ooni.org/m/20260409082641.579073_KR_webconnectivity_46b547a3cf050542
https://sourceforge.net/,ok,https://explorer.ooni.org/m/20260409082644.328072_KR_webconnectivity_80a5fc009faaefdf
https://spys.one/,ok,https://explorer.ooni.org/m/20260409082647.640612_KR_webconnectivity_9b48ebdc4169c2d2
https://standardnotes.com/,ok,https://explorer.ooni.org/m/20260409082650.261133_KR_webconnectivity_a383c236848585d3
https://subscene.com/,ok,https://explorer.ooni.org/m/20260409082651.548008_KR_webconnectivity_41449ea5ab314b1b
https://thepiratebay.org/,http-diff,https://explorer.ooni.org/m/20260409082653.861308_KR_webconnectivity_f00f84d0c27ae01f
http://torrentdada.com/,ok,https://explorer.ooni.org/m/20260409082654.705189_KR_webconnectivity_20c2234840f6f892
http://torrenters.com/,confirmed,https://explorer.ooni.org/m/20260409082656.852598_KR_webconnectivity_2fadb2551c7e020c
http://torrentgogo.com/,ok,https://explorer.ooni.org/m/20260409082657.579517_KR_webconnectivity_b69e311060691145
http://torters.com/,ok,https://explorer.ooni.org/m/20260409082658.437932_KR_webconnectivity_1a69f23bf879bc07
https://uea.org/,ok,https://explorer.ooni.org/m/20260409082704.011477_KR_webconnectivity_6014e9f984d27a24
https://upload.wikimedia.org/wikipedia/commons/thumb/3/37/Generic_Camera_Icon.svg/100px-Generic_Camera_Icon.svg.png,ok,https://explorer.ooni.org/m/20260409082706.213501_KR_webconnectivity_10759aaa9d6c8b68
http://usacrime.or.kr/,ok,https://explorer.ooni.org/m/20260409082710.981361_KR_webconnectivity_2d617c16a70c55c4
https://w3schools.com/,ok,https://explorer.ooni.org/m/20260409082715.293432_KR_webconnectivity_b61abc1e33896cd4
https://web.archive.org/,ok,https://explorer.ooni.org/m/20260409082719.588347_KR_webconnectivity_0044a830918f64a2
https://wikidata.org/,ok,https://explorer.ooni.org/m/20260409082725.119722_KR_webconnectivity_9238142d28c83e5b
https://wikihow.com/,ok,https://explorer.ooni.org/m/20260409082727.745668_KR_webconnectivity_024b43dd535903a7
https://wikimapia.org/,ok,https://explorer.ooni.org/m/20260409082730.732916_KR_webconnectivity_e7310ecf7560e321
http://www.0ubada.net/,ok,https://explorer.ooni.org/m/20260409082731.665590_KR_webconnectivity_9395ad2a7617f43e
http://www.1koreannews.com/,ok,https://explorer.ooni.org/m/20260409082732.504624_KR_webconnectivity_8a82dac248689d60
https://www.2shared.com/,ok,https://explorer.ooni.org/m/20260409082736.032044_KR_webconnectivity_8fa1bae97c4389b4
https://www.4shared.com/,ok,https://explorer.ooni.org/m/20260409082741.774968_KR_webconnectivity_c16d790ba0e7880b
https://www.911memorial.org/,ok,https://explorer.ooni.org/m/20260409082745.394755_KR_webconnectivity_0c1f6a54ffd223c0
http://www.acquisitionx.com/,ok,https://explorer.ooni.org/m/20260409082747.920392_KR_webconnectivity_a37330eb21bcb3bd
https://www.af.mil/,ok,https://explorer.ooni.org/m/20260409082755.035096_KR_webconnectivity_998ed4bf96775e22
http://www.aha.ru/,ok,https://explorer.ooni.org/m/20260409082815.005329_KR_webconnectivity_550e4c9226fc9989
http://www.aha.ru/~zentsov/korea.htm,ok,https://explorer.ooni.org/m/20260409082831.878293_KR_webconnectivity_bb1113f3ea81bfbc
http://www.arirang.dprkorea.com/,dns,https://explorer.ooni.org/m/20260409082839.210571_KR_webconnectivity_7ba954d10545bdd4
https://www.army.mil/,ok,https://explorer.ooni.org/m/20260409082842.224410_KR_webconnectivity_1250a58d210ccddf
https://www.auswaertiges-amt.de/,ok,https://explorer.ooni.org/m/20260409082846.596214_KR_webconnectivity_9672a97593490a0b
http://www.big.or.jp/,ok,https://explorer.ooni.org/m/20260409082848.722378_KR_webconnectivity_b8a1c996dd268a7f
http://www.bitcomet.com/,http-diff,https://explorer.ooni.org/m/20260409082850.221983_KR_webconnectivity_9164730c87c2d453
http://www.bittornado.com/,tcp_ip,https://explorer.ooni.org/m/20260409082936.176252_KR_webconnectivity_d93316cf2a037aa9
https://www.bme.com/,ok,https://explorer.ooni.org/m/20260409082938.910042_KR_webconnectivity_f7647fa1c004977a
http://www.bommin.net/,confirmed,https://explorer.ooni.org/m/20260409082941.665878_KR_webconnectivity_e9749d3c23b19ca2
http://www.centcom.mil/,ok,https://explorer.ooni.org/m/20260409082943.621146_KR_webconnectivity_c39d0b9d85f85d5e
http://www.chaju.org/,ok,https://explorer.ooni.org/m/20260409082949.348805_KR_webconnectivity_11565c6ca0de8ee6
http://www.chongryon.com/,confirmed,https://explorer.ooni.org/m/20260409083005.590861_KR_webconnectivity_2d67991dbee7eeb6
https://www.cia.gov/,ok,https://explorer.ooni.org/m/20260409083009.839542_KR_webconnectivity_c832b556fc8c189e
http://www.cinetown.co.kr/,ok,https://explorer.ooni.org/m/20260409083026.862786_KR_webconnectivity_326b373e81db9069
http://www.cinewel.com/,http-diff,https://explorer.ooni.org/m/20260409083029.541766_KR_webconnectivity_260f64a2d4cff0ef
https://www.cis.minsk.by/,ok,https://explorer.ooni.org/m/20260409083047.877242_KR_webconnectivity_49634e13a25a134f
http://www.cizel.co.kr/,ok,https://explorer.ooni.org/m/20260409083049.757661_KR_webconnectivity_6980aef2c9007a55
http://www.cnet-ta.ne.jp/,ok,https://explorer.ooni.org/m/20260409083053.394237_KR_webconnectivity_0ce88c21d4d8f865
http://www.collegehumor.com/,http-diff,https://explorer.ooni.org/m/20260409083054.217739_KR_webconnectivity_3b6c83a1450e8f79
http://www.coreaone-news.com/,confirmed,https://explorer.ooni.org/m/20260409083056.806702_KR_webconnectivity_eaa5d25f97f65f38
https://www.cyberghostvpn.com/,ok,https://explorer.ooni.org/m/20260409083100.705175_KR_webconnectivity_389cd9e4367b3134
https://www.darpa.mil/,ok,https://explorer.ooni.org/m/20260409083106.622942_KR_webconnectivity_49d7fe366b2ae4f8
https://www.datpiff.com/,ok,https://explorer.ooni.org/m/20260409083108.958861_KR_webconnectivity_40483d9195aa8c87
https://www.dea.gov/,ok,https://explorer.ooni.org/m/20260409083110.896947_KR_webconnectivity_55b174c820c76df2
https://www.deathmetal.org/,ok,https://explorer.ooni.org/m/20260409083116.320959_KR_webconnectivity_4e3e0e1c30393f62
https://www.defense.gov/,ok,https://explorer.ooni.org/m/20260409083118.534775_KR_webconnectivity_88e62668c5e3c2f0
https://www.dia.mil/,ok,https://explorer.ooni.org/m/20260409083126.265169_KR_webconnectivity_130e27cb76914770
https://www.dictionary.com/,ok,https://explorer.ooni.org/m/20260409083127.959821_KR_webconnectivity_fd74a1c05b1da008
http://www.dklotto.com/,http-diff,https://explorer.ooni.org/m/20260409083132.523251_KR_webconnectivity_ea4a3c6b2beec1dd
http://www.dprk-book.com/,tcp_ip,https://explorer.ooni.org/m/20260409083219.046830_KR_webconnectivity_b5b30eb1f70bfd98
http://www.dprk-stamp.com/,ok,https://explorer.ooni.org/m/20260409083219.919617_KR_webconnectivity_8d4c4e0a6bf8d0c8
http://www.dprkorea.com/,dns,https://explorer.ooni.org/m/20260409083227.841169_KR_webconnectivity_088348ded5a8f6ac
http://www.dprkstudies.org/,dns,https://explorer.ooni.org/m/20260409083229.413326_KR_webconnectivity_d5c5e321ae6e58f8
https://www.dropbox.com/,ok,https://explorer.ooni.org/m/20260409083233.919688_KR_webconnectivity_6295472e9c440ce9
http://www.elufa.net/,confirmed,https://explorer.ooni.org/m/20260409083235.886009_KR_webconnectivity_729a12697428296e
http://www.enppy.com/,http-diff,https://explorer.ooni.org/m/20260409083238.988945_KR_webconnectivity_e301c10a69d63682
https://www.epa.gov/,ok,https://explorer.ooni.org/m/20260409083242.457959_KR_webconnectivity_9fd072a7458b4a46
https://www.eventbrite.com/,ok,https://explorer.ooni.org/m/20260409083245.233061_KR_webconnectivity_d79c9950f2443d10
http://www.ez0u.co.kr/,ok,https://explorer.ooni.org/m/20260409083247.221840_KR_webconnectivity_d1b44e9e8bdb0485
https://www.fanfiction.net/,ok,https://explorer.ooni.org/m/20260409083248.470729_KR_webconnectivity_d6a0011f5049c289
http://www.fileguri.com/,http-diff,https://explorer.ooni.org/m/20260409083251.570459_KR_webconnectivity_8426b9eb1ebfc960
http://www.filenara.co.kr/,ok,https://explorer.ooni.org/m/20260409083253.247620_KR_webconnectivity_b353ee2562712df0
http://www.filenori.com/,ok,https://explorer.ooni.org/m/20260409083255.502231_KR_webconnectivity_4a084d1597d1b52e
http://www.foreignaffairs.org/,ok,https://explorer.ooni.org/m/20260409083257.824080_KR_webconnectivity_be1517de586b60e6
http://www.fsb.ru/,ok,https://explorer.ooni.org/m/20260409083300.433495_KR_webconnectivity_481ba806c456d7ee
https://www.fsf.org/,error,https://explorer.ooni.org/m/20260409083302.025331_KR_webconnectivity_e42d8da1e0a0f8bf
https://www.gawker.com/,ok,https://explorer.ooni.org/m/20260409083306.114520_KR_webconnectivity_c59b8d221f948502
https://www.gaystarnews.com/,ok,https://explorer.ooni.org/m/20260409083307.573134_KR_webconnectivity_3d003de4dc228163
https://www.givesendgo.com/,ok,https://explorer.ooni.org/m/20260409083309.230814_KR_webconnectivity_b17375ef0713d5d7
https://www.globalpolicy.org/,ok,https://explorer.ooni.org/m/20260409083313.798258_KR_webconnectivity_5350c0a40ca7ef4f
https://www.goodreads.com/,ok,https://explorer.ooni.org/m/20260409083317.637851_KR_webconnectivity_4ece99b22f58c692
https://www.gov.uk/,ok,https://explorer.ooni.org/m/20260409083320.258197_KR_webconnectivity_19ff3d651350045f
https://www.gutenberg.org/,ok,https://explorer.ooni.org/m/20260409083325.208289_KR_webconnectivity_576afe4bf84083a4
http://www.hanguksa.org/,ok,https://explorer.ooni.org/m/20260409083334.830995_KR_webconnectivity_401c1e039a583465
http://www.hisedu.or.kr/,ok,https://explorer.ooni.org/m/20260409083340.226655_KR_webconnectivity_b44b6e53dc9f2384
http://www.honamhistory.org/,ok,https://explorer.ooni.org/m/20260409083343.739778_KR_webconnectivity_8753685aa44b902c
http://www.honduras.com/,ok,https://explorer.ooni.org/m/20260409083348.062276_KR_webconnectivity_04e0c01d69a1f8eb
https://www.hotspotshield.com/,ok,https://explorer.ooni.org/m/20260409083349.897936_KR_webconnectivity_77c801f251d5c6d5
https://www.iaru.org/,ok,https://explorer.ooni.org/m/20260409083354.964178_KR_webconnectivity_c0d886b1bd09d13f
https://www.ibe.unesco.org/,ok,https://explorer.ooni.org/m/20260409083402.049480_KR_webconnectivity_ca927d0102cdaf6d
https://www.icrc.org/,ok,https://explorer.ooni.org/m/20260409083405.156686_KR_webconnectivity_1e7581559203d60a
https://www.ideasbeyondborders.org/,ok,https://explorer.ooni.org/m/20260409083408.229873_KR_webconnectivity_ca59e069d1d7e577
http://www.iea.org/,ok,https://explorer.ooni.org/m/20260409083411.412484_KR_webconnectivity_6d76229171780f1c
https://www.ifrc.org/,ok,https://explorer.ooni.org/m/20260409083412.552988_KR_webconnectivity_e37bb5bbf41f2633
http://www.ihr.org/,ok,https://explorer.ooni.org/m/20260409083417.405264_KR_webconnectivity_304fd4c3d70004bb
http://www.iias.nl/,tcp_ip,https://explorer.ooni.org/m/20260409083419.244332_KR_webconnectivity_b013556a85cb0929
https://www.ilo.org/,ok,https://explorer.ooni.org/m/20260409083422.673118_KR_webconnectivity_9563d1827a92a06a
http://www.imdb.com/,ok,https://explorer.ooni.org/m/20260409083424.366596_KR_webconnectivity_fe15cf66d29ce91f
http://www.inhard.com/,ok,https://explorer.ooni.org/m/20260409083429.668073_KR_webconnectivity_78e6222daa92a3dc
https://www.interpol.int/,ok,https://explorer.ooni.org/m/20260409083433.514943_KR_webconnectivity_dd6feb5f11313bb4
https://www.ipredator.se/,ok,https://explorer.ooni.org/m/20260409083434.323008_KR_webconnectivity_e3f014397504988b
https://www.isa.org.jm/,ok,https://explorer.ooni.org/m/20260409083448.123908_KR_webconnectivity_5ee85404fe9d0f5b
http://www.isj.org.uk/,ok,https://explorer.ooni.org/m/20260409083453.939370_KR_webconnectivity_c96bbfd7a2b5c1b7
http://www.jjangfile.net/,error,https://explorer.ooni.org/m/20260409083510.607569_KR_webconnectivity_4f5dd6de0117e454
https://www.jsf.mil/,ok,https://explorer.ooni.org/m/20260409083519.486630_KR_webconnectivity_2bcfe40a40d5a794
http://www.kancc.org/,confirmed,https://explorer.ooni.org/m/20260409083536.090786_KR_webconnectivity_57a87aa1d2112f17
http://www.kcckp.net/,confirmed,https://explorer.ooni.org/m/20260409083540.117474_KR_webconnectivity_c1c93b58d0833b72
http://www.kdvr.de/,ok,https://explorer.ooni.org/m/20260409083541.903356_KR_webconnectivity_688e593d241bff75
https://www.khanacademy.org/,ok,https://explorer.ooni.org/m/20260409083544.392729_KR_webconnectivity_1d04305224a1d3cc
http://www.kickassclassical.com/,tcp_ip,https://explorer.ooni.org/m/20260409083630.331820_KR_webconnectivity_65c3d624c725db90
http://www.korea-dpr.com/,confirmed,https://explorer.ooni.org/m/20260409083633.850515_KR_webconnectivity_5fa1e4d0b01f9535
http://www.korea-dpr.com/cgi-bin/simpleforum.cgi,confirmed,https://explorer.ooni.org/m/20260409083635.189677_KR_webconnectivity_c958cb793d3ca276
http://www.korea-dpr.com/library/entrance.htm,confirmed,https://explorer.ooni.org/m/20260409083637.652889_KR_webconnectivity_dab52f239b2cbbee
http://www.korea-dpr.com/menu.htm,confirmed,https://explorer.ooni.org/m/20260409083639.682096_KR_webconnectivity_69c4a2d61ca3e5af
http://www.korea-dpr.com/users/jisge/,confirmed,https://explorer.ooni.org/m/20260409083641.655629_KR_webconnectivity_46a110f6ec6b2eb9
http://www.korea-htr.com/,confirmed,https://explorer.ooni.org/m/20260409083642.894059_KR_webconnectivity_4c699a9955ad9c82
http://www.korea-is-one.org/,http-diff,https://explorer.ooni.org/m/20260409083645.732999_KR_webconnectivity_047b7736378df971
http://www.korea-is-one.org/rubrique.php3?id_rubrique=5,http-diff,https://explorer.ooni.org/m/20260409083648.126909_KR_webconnectivity_d0a76d3c74a54897
http://www.korea-np.co.jp/,tcp_ip,https://explorer.ooni.org/m/20260409083658.482731_KR_webconnectivity_4f4f99fd5f4a3057
http://www.koreanhistory.org/,ok,https://explorer.ooni.org/m/20260409083703.939249_KR_webconnectivity_f33de48b24b68a19
http://www.krbook.net/,ok,https://explorer.ooni.org/m/20260409083706.060052_KR_webconnectivity_89f86d1ab3b298fd
https://www.libgen.tw/,ok,https://explorer.ooni.org/m/20260409083709.182879_KR_webconnectivity_a3aa37afe85519b4
https://www.limetorrents.lol/,ok,https://explorer.ooni.org/m/20260409083712.184250_KR_webconnectivity_31a3a311f1fe2a9a
https://www.literotica.com/,ok,https://explorer.ooni.org/m/20260409083717.075826_KR_webconnectivity_cd1a3664f0d3334e
https://www.lushstories.com/,http-failure,https://explorer.ooni.org/m/20260409083717.882484_KR_webconnectivity_8c15f17c6a928899
https://www.marxists.org/,ok,https://explorer.ooni.org/m/20260409083720.958689_KR_webconnectivity_2edcbaee741be055
http://www.metal-archives.com/,ok,https://explorer.ooni.org/m/20260409083723.081376_KR_webconnectivity_2e3fff0307c66d61
http://www.minjok.com/,confirmed,https://explorer.ooni.org/m/20260409083727.013259_KR_webconnectivity_60a615063ef331b0
http://www.mnr.gov.cn/,ok,https://explorer.ooni.org/m/20260409083737.543718_KR_webconnectivity_64684f908efeec68
http://www.monkey3.co.kr/,ok,https://explorer.ooni.org/m/20260409083754.526751_KR_webconnectivity_2a79d6903ac7b443
https://www.mozilla.org/,ok,https://explorer.ooni.org/m/20260409083757.499204_KR_webconnectivity_fa95d92d1df769d6
https://www.mp3.com/,tcp_ip,https://explorer.ooni.org/m/20260409083843.347841_KR_webconnectivity_4829176dc8e2c608
https://www.musixmatch.com/,ok,https://explorer.ooni.org/m/20260409083845.314939_KR_webconnectivity_1977923aee8bed0f
http://www.nato.int/,ok,https://explorer.ooni.org/m/20260409083848.502330_KR_webconnectivity_5f7a4dd25d5fdec0
http://www.navy.mil/,ok,https://explorer.ooni.org/m/20260409083850.244320_KR_webconnectivity_f517b2cbd50d9fc8
http://www.nkland.org/,ok,https://explorer.ooni.org/m/20260409083855.762349_KR_webconnectivity_22d4b616771c5254
https://www.nsa.gov/,ok,https://explorer.ooni.org/m/20260409083857.601009_KR_webconnectivity_1397e1b6e4debc19
http://www.nzeen.com/,ok,https://explorer.ooni.org/m/20260409083902.219977_KR_webconnectivity_54ac1e6b5b044615
http://www.onekorea.org/,ok,https://explorer.ooni.org/m/20260409083904.667975_KR_webconnectivity_ef426f8eb769b10b
http://www.onfile.co.kr/,ok,https://explorer.ooni.org/m/20260409083906.323215_KR_webconnectivity_90a8ab334d32888c
http://www.opec.org/,ok,https://explorer.ooni.org/m/20260409083909.895400_KR_webconnectivity_b023df10be7a608d
http://www.openart.or.kr/,ok,https://explorer.ooni.org/m/20260409083916.325375_KR_webconnectivity_ebdec57e879227b4
http://www.orangefile.com/,http-diff,https://explorer.ooni.org/m/20260409083924.697698_KR_webconnectivity_e4602123b786b885
https://www.osce.org/,ok,https://explorer.ooni.org/m/20260409083928.651553_KR_webconnectivity_8e5f05e93a2e5dbc
http://www.ournation-school.com/,confirmed,https://explorer.ooni.org/m/20260409083930.493329_KR_webconnectivity_5651e83671d29080
https://www.out.com/,ok,https://explorer.ooni.org/m/20260409083933.252925_KR_webconnectivity_d11ceb49339cdf13
https://www.overdrive.com/,ok,https://explorer.ooni.org/m/20260409083936.617094_KR_webconnectivity_06f7503169f171f0
http://www.pacom.mil/,ok,https://explorer.ooni.org/m/20260409083943.223555_KR_webconnectivity_aae62df1fe4dec89
http://www.pic-international.com/,ok,https://explorer.ooni.org/m/20260409083944.572548_KR_webconnectivity_1f07b87541d2d11e
https://www.planetromeo.com/,ok,https://explorer.ooni.org/m/20260409083947.777542_KR_webconnectivity_ca91868026f6c9fb
http://www.protest.net/,http-diff,https://explorer.ooni.org/m/20260409083948.590774_KR_webconnectivity_223dde94685ea1f5
http://www.pruna.com/,http-diff,https://explorer.ooni.org/m/20260409083951.383685_KR_webconnectivity_c808f8a6c9af0487
https://www.purevpn.com/,http-failure,https://explorer.ooni.org/m/20260409084012.248887_KR_webconnectivity_2b2bf1b792f1b0ea
http://www.quantico.marines.mil/,ok,https://explorer.ooni.org/m/20260409084017.357592_KR_webconnectivity_b3e937daea88626e
https://www.reprolegalhelpline.org/,ok,https://explorer.ooni.org/m/20260409084021.435884_KR_webconnectivity_eee5c73725cbb272
https://www.researchgate.net/,ok,https://explorer.ooni.org/m/20260409084026.688986_KR_webconnectivity_bf37b9b492d3a93d
http://www.ryongnamsan.edu.kp/,tcp_ip,https://explorer.ooni.org/m/20260409084108.377420_KR_webconnectivity_bf04fbbab618fb77
http://www.samesexmarriage.ca/,http-diff,https://explorer.ooni.org/m/20260409084110.350740_KR_webconnectivity_28eba55393a0c054
http://www.schwarzreport.org/,ok,https://explorer.ooni.org/m/20260409084113.829929_KR_webconnectivity_00edf8c4338e4ef9
https://www.scribd.com/,ok,https://explorer.ooni.org/m/20260409084116.772966_KR_webconnectivity_335a5c7a2a4786da
https://www.scruff.com/,ok,https://explorer.ooni.org/m/20260409084117.885507_KR_webconnectivity_24662dba41726c57
http://www.sealswcc.com/,ok,https://explorer.ooni.org/m/20260409084120.752584_KR_webconnectivity_440b323be61dab76
https://www.shazam.com/,ok,https://explorer.ooni.org/m/20260409084123.648064_KR_webconnectivity_4e24474fe83f3693
http://www.silibank.com/,ok,https://explorer.ooni.org/m/20260409084130.071134_KR_webconnectivity_f4cc403797bd5d7c
http://www.sisainlive.com/,ok,https://explorer.ooni.org/m/20260409084131.017003_KR_webconnectivity_6ff8db18f5b47e1e
http://www.slsknet.org/,ok,https://explorer.ooni.org/m/20260409084133.117341_KR_webconnectivity_a98f23efa9902e87
http://www.socom.mil/,tcp_ip,https://explorer.ooni.org/m/20260409084233.417736_KR_webconnectivity_5f5356d922292a6f
http://www.songunpoliticsstudygroup.org/,dns,https://explorer.ooni.org/m/20260409084234.451275_KR_webconnectivity_9ceab06920986a95
http://www.soribada.com/,ok,https://explorer.ooni.org/m/20260409084239.178891_KR_webconnectivity_648980506681e528
http://www.southcom.mil/,ok,https://explorer.ooni.org/m/20260409084242.637891_KR_webconnectivity_b22b33978a6cb800
https://www.spotify.com/,ok,https://explorer.ooni.org/m/20260409084244.724483_KR_webconnectivity_d79a81271163dbf6
https://www.state.gov/,ok,https://explorer.ooni.org/m/20260409084247.967367_KR_webconnectivity_712da97c3c0aae7a
http://www.stratcom.mil/,ok,https://explorer.ooni.org/m/20260409084249.703669_KR_webconnectivity_2328e8482f16d6ff
https://www.surfeasy.com/,ok,https://explorer.ooni.org/m/20260409084253.031592_KR_webconnectivity_44d93e048f842c56
http://www.syccr.com/,tcp_ip,https://explorer.ooni.org/m/20260409084313.828196_KR_webconnectivity_1cf8b6a6d42112ba
https://www.timeout.com/,ok,https://explorer.ooni.org/m/20260409084316.577244_KR_webconnectivity_8e0f58b7c0f67259
http://www.tmz.com/,ok,https://explorer.ooni.org/m/20260409084319.455139_KR_webconnectivity_31575e64f1067ece
https://www.tunnelbear.com/,http-failure,https://explorer.ooni.org/m/20260409084340.270798_KR_webconnectivity_3098bb7da83f0140
https://www.un.int/,ok,https://explorer.ooni.org/m/20260409084345.878446_KR_webconnectivity_4f39b3aa5297f778
https://www.un.org/,ok,https://explorer.ooni.org/m/20260409084349.361701_KR_webconnectivity_f39d83e8ac82de1d
https://www.undp.org/,ok,https://explorer.ooni.org/m/20260409084351.229232_KR_webconnectivity_52042880d698c9aa
https://www.unwomen.org/,ok,https://explorer.ooni.org/m/20260409084353.766829_KR_webconnectivity_3093147165418a00
https://www.uproxy.org/,ok,https://explorer.ooni.org/m/20260409084355.581246_KR_webconnectivity_1c2ef45949590341
http://www.uriminzokkiri.com/,tcp_ip,https://explorer.ooni.org/m/20260409084441.360488_KR_webconnectivity_11e2d7976574ab17
http://www.usafa.af.mil/,ok,https://explorer.ooni.org/m/20260409084447.716821_KR_webconnectivity_83fe6442d7603e92
http://www.uscg.mil/,ok,https://explorer.ooni.org/m/20260409084452.196413_KR_webconnectivity_c6acdf326c023904
https://www.ushmm.org/,ok,https://explorer.ooni.org/m/20260409084455.196993_KR_webconnectivity_9511ee36b87fa0e3
https://www.utorrent.com/,ok,https://explorer.ooni.org/m/20260409084457.524648_KR_webconnectivity_385b10ed2beaa7fb
http://www.vibe.com/,ok,https://explorer.ooni.org/m/20260409084501.141693_KR_webconnectivity_c122c0b534e5fe88
https://www.videolan.org/,ok,https://explorer.ooni.org/m/20260409084506.039465_KR_webconnectivity_5cedb47b49aa185c
https://www.vpnunlimited.com/,ok,https://explorer.ooni.org/m/20260409084509.438097_KR_webconnectivity_fc1d32437420eb43
https://www.wfp.org/,ok,https://explorer.ooni.org/m/20260409084514.196160_KR_webconnectivity_2432c813a51b5b9c
https://www.wikipedia.org/,ok,https://explorer.ooni.org/m/20260409084517.412202_KR_webconnectivity_2c887105dd3f5e9f
https://www.wiktionary.org/,ok,https://explorer.ooni.org/m/20260409084520.694947_KR_webconnectivity_bc05ca29f0b33437
https://www.womenonwaves.org/,ok,https://explorer.ooni.org/m/20260409084525.086632_KR_webconnectivity_d63cb03c98a77ab4
http://www.worldcorea.net/,confirmed,https://explorer.ooni.org/m/20260409084527.831390_KR_webconnectivity_24963243acccab9d
https://www.xinjiang.gov.cn/,ok,https://explorer.ooni.org/m/20260409084533.602389_KR_webconnectivity_60f932fc74e1183c
http://www.xxlmag.com/,ok,https://explorer.ooni.org/m/20260409084538.215326_KR_webconnectivity_f2b570d8acf3b23e
https://www.zoho.com/,ok,https://explorer.ooni.org/m/20260409084541.672821_KR_webconnectivity_751b7d37d5027d50
https://x1337x.eu/,ok,https://explorer.ooni.org/m/20260409084543.116449_KR_webconnectivity_e18dcf341c0a8fd1
http://yesfile.com/,http-diff,https://explorer.ooni.org/m/20260409084544.943313_KR_webconnectivity_cc65364462c9b6e8
https://yggdrasil-network.github.io/,ok,https://explorer.ooni.org/m/20260409084546.346630_KR_webconnectivity_5f4b0326b59d3cfc
https://z-lib.org/,error,https://explorer.ooni.org/m/20260409084548.360646_KR_webconnectivity_04238eeaaaa30029
https://zh.wikipedia.org/,ok,https://explorer.ooni.org/m/20260409084551.987769_KR_webconnectivity_22adc1bcc441bd5d
https://cdn.fbsbx.com/favicon.ico,ok,https://explorer.ooni.org/m/20260409084553.485069_KR_webconnectivity_29023686372fbe2c
https://myspace.com/,error,https://explorer.ooni.org/m/20260409084554.332669_KR_webconnectivity_aa44ecc3bbac6bb1
https://upload.twitter.com/robots.txt,ok,https://explorer.ooni.org/m/20260409084555.357813_KR_webconnectivity_0864bbddcfc79447
https://www.meetup.com/,ok,https://explorer.ooni.org/m/20260409084558.741414_KR_webconnectivity_56480f3b2ee94f0b
https://www.quora.com/,ok,https://explorer.ooni.org/m/20260409084559.598958_KR_webconnectivity_76ec8611e330e4af
https://www.trendsmap.com/,tcp_ip,https://explorer.ooni.org/m/20260409084600.723458_KR_webconnectivity_b88ac4e62a9a6400
https://1.0.0.1/dns-query?dns=q80BAAABAAAAAAAAA3d3dwdleGFtcGxlA2NvbQAAAQAB,ok,https://explorer.ooni.org/m/20260409084601.488439_KR_webconnectivity_8bc2d3ccbb35e2ac
https://1.0.0.3/dns-query?dns=q80BAAABAAAAAAAAA3d3dwdleGFtcGxlA2NvbQAAAQAB,ok,https://explorer.ooni.org/m/20260409084602.241097_KR_webconnectivity_ccbc120583f736af
https://1.1.1.1/dns-query?dns=q80BAAABAAAAAAAAA3d3dwdleGFtcGxlA2NvbQAAAQAB,tcp_ip,https://explorer.ooni.org/m/20260409084632.909636_KR_webconnectivity_f932ba65d5a0740f
https://1.1.1.3/dns-query?dns=q80BAAABAAAAAAAAA3d3dwdleGFtcGxlA2NvbQAAAQAB,tcp_ip,https://explorer.ooni.org/m/20260409084703.553405_KR_webconnectivity_8a67c43b874eddd9
https://149.112.112.9/dns-query?dns=q80BAAABAAAAAAAAA3d3dwdleGFtcGxlA2NvbQAAAQAB,ok,https://explorer.ooni.org/m/20260409084704.475424_KR_webconnectivity_21914c6c00dff1e0
https://350.org/,ok,https://explorer.ooni.org/m/20260409084708.479586_KR_webconnectivity_336b1650d6391607
https://8.8.4.4/dns-query?dns=q80BAAABAAAAAAAAA3d3dwdleGFtcGxlA2NvbQAAAQAB,ok,https://explorer.ooni.org/m/20260409084709.616883_KR_webconnectivity_c1a70e729f0a1a6b
https://8.8.8.8/dns-query?dns=q80BAAABAAAAAAAAA3d3dwdleGFtcGxlA2NvbQAAAQAB,ok,https://explorer.ooni.org/m/20260409084710.688156_KR_webconnectivity_315a27ac3699f60d
https://8kun.top/,http-diff,https://explorer.ooni.org/m/20260409084714.798518_KR_webconnectivity_f60953c76fba6212
https://9.9.9.9/dns-query?dns=q80BAAABAAAAAAAAA3d3dwdleGFtcGxlA2NvbQAAAQAB,tcp_ip,https://explorer.ooni.org/m/20260409084715.392283_KR_webconnectivity_9f05daec7b4f75fa
https://abortion-korea.org/,http-failure,https://explorer.ooni.org/m/20260409084718.057365_KR_webconnectivity_08b7f709c8084a7a
https://abortion.eu/,ok,https://explorer.ooni.org/m/20260409084721.684514_KR_webconnectivity_77e506edd0458e44
https://abortion.kr/,http-failure,https://explorer.ooni.org/m/20260409084724.076559_KR_webconnectivity_b0252f0d8ceffc17
https://abortionfunds.org/,ok,https://explorer.ooni.org/m/20260409084729.103628_KR_webconnectivity_392b23314ad41ef1
https://abortionnetwork.amsterdam/,error,https://explorer.ooni.org/m/20260409084733.032345_KR_webconnectivity_f332d7a7b3affa41
https://abortionpillinfo.org/,ok,https://explorer.ooni.org/m/20260409084738.304799_KR_webconnectivity_97f28225429b868e
https://aidaccess.org/,ok,https://explorer.ooni.org/m/20260409084743.171415_KR_webconnectivity_a31292d0288341c9
https://ajax.aspnetcdn.com/ajax/4.5.2/1/MicrosoftAjax.js,ok,https://explorer.ooni.org/m/20260409084746.257211_KR_webconnectivity_29e44a41fb81e8f4
https://amp.cloudflare.com/v0/amp-iframe-0.1.js,ok,https://explorer.ooni.org/m/20260409084748.854896_KR_webconnectivity_390d139d0bc35bd9
https://android.apis.google.com/robots.txt,ok,https://explorer.ooni.org/m/20260409084751.628611_KR_webconnectivity_7a97af104e1d4f56
https://android.googleapis.com/robots.txt,ok,https://explorer.ooni.org/m/20260409084753.629376_KR_webconnectivity_5bf3dcd295f93d71
https://api.github.com/,ok,https://explorer.ooni.org/m/20260409084755.813152_KR_webconnectivity_9b4b24a9284cd9db
https://apps.apple.com/us/developer/apple/id284417353/,ok,https://explorer.ooni.org/m/20260409084800.243951_KR_webconnectivity_8fc03754084b0326
https://archive.is/,ok,https://explorer.ooni.org/m/20260409084803.909959_KR_webconnectivity_052d0c86bbe12533
https://archive.org/,ok,https://explorer.ooni.org/m/20260409084805.716751_KR_webconnectivity_d4840f7160b3cab0
http://bestiz.net/,ok,https://explorer.ooni.org/m/20260409084807.865110_KR_webconnectivity_b1f7882a5721f8a0
https://bit.ly/,ok,https://explorer.ooni.org/m/20260409084811.460590_KR_webconnectivity_e6abcc9c6f90ffd3
https://bitbucket.org/,ok,https://explorer.ooni.org/m/20260409084815.199155_KR_webconnectivity_3fac687dac30ed8d
https://bitly.com/,ok,https://explorer.ooni.org/m/20260409084817.592972_KR_webconnectivity_155493b948f38409
http://blog.naver.com/,ok,https://explorer.ooni.org/m/20260409084821.932245_KR_webconnectivity_6c745ed19bcc5ef1
http://cafe.daum.net/Kgreens,ok,https://explorer.ooni.org/m/20260409084825.271748_KR_webconnectivity_7337f7be53877f39
http://cafe.daum.net/chiwoo/,ok,https://explorer.ooni.org/m/20260409084827.947435_KR_webconnectivity_bc939d33a5e71428
http://cafe.daum.net/ok1221,ok,https://explorer.ooni.org/m/20260409084830.801947_KR_webconnectivity_2bef252a84a6751d
http://cafe.daum.net/ssaumjil,ok,https://explorer.ooni.org/m/20260409084833.231513_KR_webconnectivity_b37e7becae251451
http://cafe.daum.net/subdued20club/,ok,https://explorer.ooni.org/m/20260409084835.849594_KR_webconnectivity_e13e01e7ec4f9dae
http://cafe.daum.net/truepicture/,ok,https://explorer.ooni.org/m/20260409084838.632342_KR_webconnectivity_2af84d1619f8af91
http://cafe.naver.com/imsanbu,ok,https://explorer.ooni.org/m/20260409084844.074464_KR_webconnectivity_00ee67b4b454edde
https://cdn-client.medium.com/lite/static/js/manifest.ef5f44d2.js,ok,https://explorer.ooni.org/m/20260409084845.201186_KR_webconnectivity_54ad8f88921afcda
https://cdn.ampproject.org/v0/amp-iframe-0.1.js,ok,https://explorer.ooni.org/m/20260409084847.634533_KR_webconnectivity_8b8b11689e4482ab
https://cdn.jsdelivr.net/favicon.ico,ok,https://explorer.ooni.org/m/20260409084848.675029_KR_webconnectivity_943737e527fa2b0a
https://cdn.sstatic.net/Img/home/open-source.svg,ok,https://explorer.ooni.org/m/20260409084849.857802_KR_webconnectivity_276bc4ca73afce45
https://cdnjs.cloudflare.com/,ok,https://explorer.ooni.org/m/20260409084851.117953_KR_webconnectivity_bb9c018b9448670a
https://churchofgodinchristmennonite.net/,ok,https://explorer.ooni.org/m/20260409084853.390216_KR_webconnectivity_e87d602b55ca12dc
https://cites.org/,ok,https://explorer.ooni.org/m/20260409084854.445653_KR_webconnectivity_1920f9e24c33faa0
https://citizensclimatelobby.org/,ok,https://explorer.ooni.org/m/20260409084857.225584_KR_webconnectivity_7870745af3917bef
http://cloud.naver.com/,ok,https://explorer.ooni.org/m/20260409084901.508679_KR_webconnectivity_054b96b22bdd2928
https://cloudflare-dns.com/dns-query?dns=q80BAAABAAAAAAAAA3d3dwdleGFtcGxlA2NvbQAAAQAB,tcp_ip,https://explorer.ooni.org/m/20260409084902.304664_KR_webconnectivity_603af22ae593da1a
https://cloudflare-ech.com/,ok,https://explorer.ooni.org/m/20260409084905.354685_KR_webconnectivity_ab5be4d8cf3ddf80
http://clparty.kr/,error,https://explorer.ooni.org/m/20260409084922.896761_KR_webconnectivity_1171a88787e0b25f
https://code.jquery.com/,ok,https://explorer.ooni.org/m/20260409084925.781096_KR_webconnectivity_74bf61b22be355cc
https://codeberg.org/,ok,https://explorer.ooni.org/m/20260409084929.159595_KR_webconnectivity_ffc22d21d89ab037
https://codeload.github.com/github/rally/tar.gz/v1.0.1,ok,https://explorer.ooni.org/m/20260409084936.092876_KR_webconnectivity_a2d929717013b933
http://cyworld.nate.com/,ok,https://explorer.ooni.org/m/20260409084937.500574_KR_webconnectivity_613e6d7b850fba65
https://data.worldbank.org/topic/environment,ok,https://explorer.ooni.org/m/20260409084939.610984_KR_webconnectivity_43afa193497f7b39
http://debate.org.uk/,ok,https://explorer.ooni.org/m/20260409084942.672634_KR_webconnectivity_2a02c050933275d9
https://dharmanet.org/,ok,https://explorer.ooni.org/m/20260409084948.211814_KR_webconnectivity_6d6b6d330fc2c942
https://digital.globalclimatestrike.net/,ok,https://explorer.ooni.org/m/20260409084951.036723_KR_webconnectivity_5ed0e8726bd5c1d8
https://dl.bintray.com/jfrog/xray/,ok,https://explorer.ooni.org/m/20260409084957.424954_KR_webconnectivity_ef330a3c0af160a8
https://dl.google.com/robots.txt,ok,https://explorer.ooni.org/m/20260409084959.422034_KR_webconnectivity_d5b2a4f9e21a6e3f
https://dlive.tv/,ok,https://explorer.ooni.org/m/20260409085002.025136_KR_webconnectivity_58cb2ae04df6a2a9
https://dns.google/,ok,https://explorer.ooni.org/m/20260409085003.415342_KR_webconnectivity_859e2b666d876674
https://dns.quad9.net/dns-query?dns=q80BAAABAAAAAAAAA3d3dwdleGFtcGxlA2NvbQAAAQAB,tcp_ip,https://explorer.ooni.org/m/20260409085004.208252_KR_webconnectivity_5a2a15a0bffabdad
https://docs.github.com/,ok,https://explorer.ooni.org/m/20260409085008.795852_KR_webconnectivity_e186e68d96afd751
https://doh-fi.blahdns.com/dns-query?dns=q80BAAABAAAAAAAAA3d3dwdleGFtcGxlA2NvbQAAAQAB,dns,https://explorer.ooni.org/m/20260409085009.554403_KR_webconnectivity_900d49223e1d979a
https://doh.dns.sb/dns-query?dns=q80BAAABAAAAAAAAA3d3dwdleGFtcGxlA2NvbQAAAQAB,dns,https://explorer.ooni.org/m/20260409085025.383654_KR_webconnectivity_762502f8f9b22c47
https://doh.opendns.com/dns-query?dns=q80BAAABAAAAAAAAA3d3dwdleGFtcGxlA2NvbQAAAQAB,tcp_ip,https://explorer.ooni.org/m/20260409085026.163517_KR_webconnectivity_ab87b8af45375d3d
https://download-installer.cdn.mozilla.net/,ok,https://explorer.ooni.org/m/20260409085027.521837_KR_webconnectivity_69f52f34f36cdee8
https://dzen.ru/,http-failure,https://explorer.ooni.org/m/20260409085040.734417_KR_webconnectivity_1fe55f4aafbe68d5
https://earthobservatory.nasa.gov/global-maps,ok,https://explorer.ooni.org/m/20260409085044.744194_KR_webconnectivity_6c619317bbc35028
https://earthwatch.org/,ok,https://explorer.ooni.org/m/20260409085046.320452_KR_webconnectivity_2dc8d82932770b18
https://emchurch.org/,ok,https://explorer.ooni.org/m/20260409085049.390788_KR_webconnectivity_a97e6e1f73e1b047
https://espivblogs.net/,ok,https://explorer.ooni.org/m/20260409085056.650703_KR_webconnectivity_477e2335f8e3bffe
https://family.cloudflare-dns.com/dns-query?dns=q80BAAABAAAAAAAAA3d3dwdleGFtcGxlA2NvbQAAAQAB,ok,https://explorer.ooni.org/m/20260409085112.545162_KR_webconnectivity_36ee48a22cd397e4
https://fcm.googleapis.com/$discovery/rest?version=v1,ok,https://explorer.ooni.org/m/20260409085114.841273_KR_webconnectivity_36f48f634b7608e8
https://findmymethod.org/,ok,https://explorer.ooni.org/m/20260409085117.463748_KR_webconnectivity_62c8a3b8e8b2d13b
https://firebaseinstallations.googleapis.com/robots.txt,ok,https://explorer.ooni.org/m/20260409085120.112135_KR_webconnectivity_34b7397a7cf17f12
https://fosfeminista.org/,ok,https://explorer.ooni.org/m/20260409085122.928273_KR_webconnectivity_de39bc708922f2ae
https://freedns.afraid.org/,ok,https://explorer.ooni.org/m/20260409085125.209015_KR_webconnectivity_5411c9229bae73d7
https://fridaysforfuture.org/,ok,https://explorer.ooni.org/m/20260409085132.959037_KR_webconnectivity_43c5e18af80945e5
https://friendsoftheearth.uk/,ok,https://explorer.ooni.org/m/20260409085136.200809_KR_webconnectivity_1eb5072dcacb64ed
https://frontlineaids.org/,ok,https://explorer.ooni.org/m/20260409085143.419046_KR_webconnectivity_b9957e559c25523d
https://gaggaalliance.org/,ok,https://explorer.ooni.org/m/20260409085147.466386_KR_webconnectivity_d87c217a5d7ff47f
http://gall.dcinside.com/,ok,https://explorer.ooni.org/m/20260409085152.798068_KR_webconnectivity_0dacf80698b1e7df
http://gesomoon.com/Ver2/,ok,https://explorer.ooni.org/m/20260409085155.075844_KR_webconnectivity_90ecf0f30b4e0cac
https://ghost.org/,ok,https://explorer.ooni.org/m/20260409085158.223702_KR_webconnectivity_609bd66b1c6ef633
https://gist.github.com/,ok,https://explorer.ooni.org/m/20260409085202.622698_KR_webconnectivity_f1d63ab9193cc8c2
https://git.io/,ok,https://explorer.ooni.org/m/20260409085205.323031_KR_webconnectivity_4df990364f28d687
https://github.com/,ok,https://explorer.ooni.org/m/20260409085208.309926_KR_webconnectivity_d083a1095507b79e
https://github.com/twbs/bootstrap/releases/download/v4.5.3/bootstrap-4.5.3-examples.zip,ok,https://explorer.ooni.org/m/20260409085211.740973_KR_webconnectivity_cb39f12c165ba9db
https://github.githubassets.com/images/modules/open_graph/github-logo.png,ok,https://explorer.ooni.org/m/20260409085213.019531_KR_webconnectivity_682ebf3e6da84e5e
https://globalconservation.org/,ok,https://explorer.ooni.org/m/20260409085217.713901_KR_webconnectivity_a0df631bd27362e2
https://goaskalice.columbia.edu/,ok,https://explorer.ooni.org/m/20260409085219.717452_KR_webconnectivity_040fd4083e70f25b
https://greenhost.net/,ok,https://explorer.ooni.org/m/20260409085223.664209_KR_webconnectivity_d004c0059db8eb05
https://i.ytimg.com/vi/JBRf3nEqfZ8/hq720.jpg,ok,https://explorer.ooni.org/m/20260409085226.153744_KR_webconnectivity_80e02fb525c69e20
https://iarf.net/,ok,https://explorer.ooni.org/m/20260409085230.425515_KR_webconnectivity_9ac1d1af07159013
https://impactlab.org/,ok,https://explorer.ooni.org/m/20260409085233.948885_KR_webconnectivity_e87c5d7a3851cdf0
https://isaalmasih.net/,ok,https://explorer.ooni.org/m/20260409085236.906281_KR_webconnectivity_62235d3970549032
https://islamic-relief.org/,ok,https://explorer.ooni.org/m/20260409085241.329515_KR_webconnectivity_b67e88c4f3927ea0
https://islamonline.net/,ok,https://explorer.ooni.org/m/20260409085245.319046_KR_webconnectivity_84f1711bb806d2a5
https://jainworld.com/,ok,https://explorer.ooni.org/m/20260409085247.082723_KR_webconnectivity_477a5ce5fe4a6cfc
https://joturl.com/,ok,https://explorer.ooni.org/m/20260409085251.040534_KR_webconnectivity_7481fd56cafd13d2
https://krishna.com/,ok,https://explorer.ooni.org/m/20260409085256.230644_KR_webconnectivity_d3cff54ea0436d53
https://letsencrypt.org/,ok,https://explorer.ooni.org/m/20260409085258.835887_KR_webconnectivity_bece443d414f2621
https://lh3.ggpht.com/_mm3cDcdhxkc/SzkPLt_zDUI/AAAAAAAAAZM/UplZlTSCVQc/s800/DSC_5305.jpg,ok,https://explorer.ooni.org/m/20260409085302.231988_KR_webconnectivity_2729ad45aecaa7ca
https://lh3.googleusercontent.com/favicon.ico,ok,https://explorer.ooni.org/m/20260409085304.068708_KR_webconnectivity_4c8e2f8c6c65bf42
https://lh4.ggpht.com/_PvLDsC2pRvk/ShwiscZujVI/AAAAAAAAFIQ/4q-TYiQ13-k/s512/DSC01330.jpg,ok,https://explorer.ooni.org/m/20260409085307.431793_KR_webconnectivity_34faaf7f08cff6af
https://media0.giphy.com/robots.txt,ok,https://explorer.ooni.org/m/20260409085308.940338_KR_webconnectivity_97d3c2110fe85d19
https://media3.giphy.com/robots.txt,ok,https://explorer.ooni.org/m/20260409085310.574932_KR_webconnectivity_d907eb469d777d80
https://medium.com/,ok,https://explorer.ooni.org/m/20260409085311.727114_KR_webconnectivity_1caee2c127ed9bcb
https://miro.medium.com/robots.txt,ok,https://explorer.ooni.org/m/20260409085313.261627_KR_webconnectivity_dbd50d51f1185302
http://mlbpark.donga.com/,ok,https://explorer.ooni.org/m/20260409085328.527864_KR_webconnectivity_1c2f7ff2d62f0084
https://moodle.com/,ok,https://explorer.ooni.org/m/20260409085331.323125_KR_webconnectivity_e9c89159f0d535b9
https://movabletype.com/,ok,https://explorer.ooni.org/m/20260409085332.481017_KR_webconnectivity_9beba98ceede370f
https://mozilla.cloudflare-dns.com/dns-query?dns=q80BAAABAAAAAAAAA3d3dwdleGFtcGxlA2NvbQAAAQAB,ok,https://explorer.ooni.org/m/20260409085333.383180_KR_webconnectivity_ba3b3ccfd857f58e
https://myabortionstory.tumblr.com/,ok,https://explorer.ooni.org/m/20260409085337.229861_KR_webconnectivity_1da6b32f8e27b73c
https://nazarene.org/,ok,https://explorer.ooni.org/m/20260409085345.227921_KR_webconnectivity_510af37c5bd6fb18
http://ndrive.naver.com/,ok,https://explorer.ooni.org/m/20260409085349.206657_KR_webconnectivity_5b9d3810e6892ab4
https://noblogs.org/,ok,https://explorer.ooni.org/m/20260409085354.022646_KR_webconnectivity_df6fffcd0a65a2a9
https://notifications-pa.googleapis.com/robots.txt,ok,https://explorer.ooni.org/m/20260409085356.100546_KR_webconnectivity_ecb41f766351415f
https://oceanconservancy.org/,ok,https://explorer.ooni.org/m/20260409085358.643630_KR_webconnectivity_a5f69d65f89f95d4
https://ooni.github.io/,ok,https://explorer.ooni.org/m/20260409085400.418013_KR_webconnectivity_43e363ddcf69f785
https://ow.ly/,ok,https://explorer.ooni.org/m/20260409085403.014074_KR_webconnectivity_4fe7c18654fc6820
https://pastebin.com/,ok,https://explorer.ooni.org/m/20260409085405.077122_KR_webconnectivity_a171cd9a7c40b471
http://peta.xxx/,ok,https://explorer.ooni.org/m/20260409085408.050903_KR_webconnectivity_72b59cd796815fdc
https://pingomatic.com/,ok,https://explorer.ooni.org/m/20260409085410.010938_KR_webconnectivity_461fe8b30ebce081
https://play-lh.googleusercontent.com/SZ7vNaa9txw_JsYsiOOP4_4fOaKfJVMQ-_aM10MW7x93IPDYoqdIkHSw-ffCgBABFSM=s256-rw,ok,https://explorer.ooni.org/m/20260409085412.396575_KR_webconnectivity_13db9c7e31714f89
https://play.google.com/,ok,https://explorer.ooni.org/m/20260409085417.075954_KR_webconnectivity_3f4da443145639b8
https://play.googleapis.com/robots.txt,ok,https://explorer.ooni.org/m/20260409085419.002163_KR_webconnectivity_2005e46b164e794e
https://private.canadianshield.cira.ca/dns-query?dns=q80BAAABAAAAAAAAA3d3dwdleGFtcGxlA2NvbQAAAQAB,ok,https://explorer.ooni.org/m/20260409085420.958445_KR_webconnectivity_6ae77c6f3192df46
https://prolife.com/,ok,https://explorer.ooni.org/m/20260409085427.152290_KR_webconnectivity_73c5fbbfd0c7877e
https://prq.se/,ok,https://explorer.ooni.org/m/20260409085431.754367_KR_webconnectivity_25c58c1466f6d1e8
https://quran.com/,ok,https://explorer.ooni.org/m/20260409085434.227431_KR_webconnectivity_95dda505a9ed7cf6
http://r3.o.lencr.org/,ok,https://explorer.ooni.org/m/20260409085434.969341_KR_webconnectivity_8a6d34c74cfb5687
https://raw.githubusercontent.com/ooni/spec/master/README.md,ok,https://explorer.ooni.org/m/20260409085436.514409_KR_webconnectivity_415dc1c230263a2f
https://rebellion.global/,ok,https://explorer.ooni.org/m/20260409085440.356194_KR_webconnectivity_3fa80a4890ff41de
https://redapes.org/,ok,https://explorer.ooni.org/m/20260409085445.649492_KR_webconnectivity_34bf77d18151e69b
https://replug.io/,ok,https://explorer.ooni.org/m/20260409085450.550426_KR_webconnectivity_85bdf16290a7122a
http://ruliweb.daum.net/,ok,https://explorer.ooni.org/m/20260409085456.403567_KR_webconnectivity_7780377dbddb86ab
https://rutube.ru/,ok,https://explorer.ooni.org/m/20260409085502.787242_KR_webconnectivity_b375b2b76fda804a
https://safe2choose.org/,ok,https://explorer.ooni.org/m/20260409085506.025592_KR_webconnectivity_39f28163cf03a9be
http://sex.clinic.co.kr/,dns,https://explorer.ooni.org/m/20260409085512.463330_KR_webconnectivity_24625a4a0e07b735
https://sexetc.org/,ok,https://explorer.ooni.org/m/20260409085517.275065_KR_webconnectivity_f442443004f76c25
http://shamash.org/,error,https://explorer.ooni.org/m/20260409085519.858284_KR_webconnectivity_ccca5d9df3fadc60
http://shia.org/,tcp_ip,https://explorer.ooni.org/m/20260409085606.050517_KR_webconnectivity_f05dd13c72f7fb45
https://short.io/,ok,https://explorer.ooni.org/m/20260409085608.904888_KR_webconnectivity_d149a389aada935e
https://sites.google.com/,ok,https://explorer.ooni.org/m/20260409085615.048162_KR_webconnectivity_9f7fc14a50e458eb
https://sniply.io/,ok,https://explorer.ooni.org/m/20260409085617.290565_KR_webconnectivity_3b95cb9ed31718c2
https://solar-aid.org/,ok,https://explorer.ooni.org/m/20260409085620.260964_KR_webconnectivity_b1256d37f7800e7b
https://srhrforall.org/,ok,https://explorer.ooni.org/m/20260409085622.903031_KR_webconnectivity_59eb4262206ade6d
https://stackexchange.com/,ok,https://explorer.ooni.org/m/20260409085624.187818_KR_webconnectivity_8bc7b57fbf68e506
https://stackoverflow.com/,ok,https://explorer.ooni.org/m/20260409085625.875128_KR_webconnectivity_b1c87b92592c2d66
https://t2mio.com/,ok,https://explorer.ooni.org/m/20260409085629.432857_KR_webconnectivity_9c67cbb2a877346d
http://tanzil.net/,ok,https://explorer.ooni.org/m/20260409085634.785997_KR_webconnectivity_fd26c31dc3ce853d
https://technorati.com/,ok,https://explorer.ooni.org/m/20260409085637.590964_KR_webconnectivity_c3bc17a88bbc40bd
https://telegra.ph/,ok,https://explorer.ooni.org/m/20260409085640.226167_KR_webconnectivity_90a4b0ead3c40c9f
https://thereisnoearthb.org/,ok,https://explorer.ooni.org/m/20260409085642.466385_KR_webconnectivity_c1d7eace8ed118d3
https://tiny.cc/,ok,https://explorer.ooni.org/m/20260409085645.493138_KR_webconnectivity_569654c35703e41a
https://tinyurl.com/,ok,https://explorer.ooni.org/m/20260409085647.083275_KR_webconnectivity_f69504c7fbeb44d7
https://torah.org/,ok,https://explorer.ooni.org/m/20260409085648.917015_KR_webconnectivity_3f121a559bebfd6b
https://turbobit.net/,ok,https://explorer.ooni.org/m/20260409085652.825196_KR_webconnectivity_72899d768cf09bf7
https://vesselthefilm.com/,ok,https://explorer.ooni.org/m/20260409085658.600899_KR_webconnectivity_888f9c812fa7f75e
https://we.riseup.net/,ok,https://explorer.ooni.org/m/20260409085700.622794_KR_webconnectivity_32624170d8d0afc9
http://web.humoruniv.com/main.html,ok,https://explorer.ooni.org/m/20260409085705.414211_KR_webconnectivity_1459920b04fd8a4b
http://web.khu.ac.kr/,ok,https://explorer.ooni.org/m/20260409085707.332271_KR_webconnectivity_1322b4684e170d5b
http://weblogs.us/,ok,https://explorer.ooni.org/m/20260409085715.258946_KR_webconnectivity_ec967b72b07ed488
https://womenfirstdigital.org/,ok,https://explorer.ooni.org/m/20260409085719.341356_KR_webconnectivity_3e293a44ba099276
https://womenonweb.kr/,http-failure,https://explorer.ooni.org/m/20260409085722.653039_KR_webconnectivity_d20acd80b9a69968
https://wordpress.com/,ok,https://explorer.ooni.org/m/20260409085726.103610_KR_webconnectivity_18022314feace856
https://wordpress.org/,ok,https://explorer.ooni.org/m/20260409085730.409577_KR_webconnectivity_52bef9f00e605b36
https://write.as/,ok,https://explorer.ooni.org/m/20260409085733.263109_KR_webconnectivity_7175f46f47c1c7bc
https://wupj.org/,ok,https://explorer.ooni.org/m/20260409085735.820823_KR_webconnectivity_06beeb15bb10fd91
https://wwf.panda.org/,ok,https://explorer.ooni.org/m/20260409085742.292133_KR_webconnectivity_8b4963d2a332b23a
https://www.100webspace.com/,ok,https://explorer.ooni.org/m/20260409085750.271923_KR_webconnectivity_addf4159af44d3ff
https://www.1800respect.org.au/languages/,ok,https://explorer.ooni.org/m/20260409085757.891871_KR_webconnectivity_52454241d03d8ddc
https://www.abortionno.org/,ok,https://explorer.ooni.org/m/20260409085800.976403_KR_webconnectivity_ed20f938671feaba
https://www.abortoinfosegura.com/,ok,https://explorer.ooni.org/m/20260409085803.410391_KR_webconnectivity_66cae258a1d6a964
https://www.adl.org/,ok,https://explorer.ooni.org/m/20260409085805.625160_KR_webconnectivity_4fc29a70207be04d
https://www.adventist.org/,ok,https://explorer.ooni.org/m/20260409085807.253819_KR_webconnectivity_442559f315d0ec27
https://www.advocatesforyouth.org/,ok,https://explorer.ooni.org/m/20260409085809.005821_KR_webconnectivity_86074d25427363e0
http://www.afreeca.com/,ok,https://explorer.ooni.org/m/20260409085817.499785_KR_webconnectivity_fd12b7a46fcec6dd
http://www.ahsex.org/,error,https://explorer.ooni.org/m/20260409085833.884874_KR_webconnectivity_101e94d146e6747f
https://www.angelfire.lycos.com/,ok,https://explorer.ooni.org/m/20260409085917.160677_KR_webconnectivity_48733ad06753e49b
https://www.anglicancommunion.org/,ok,https://explorer.ooni.org/m/20260409085922.730420_KR_webconnectivity_020d53347265bef6
http://www.arder.co.kr/,dns,https://explorer.ooni.org/m/20260409085937.571649_KR_webconnectivity_100c59b391d0be32
http://www.asiatour.com/,ok,https://explorer.ooni.org/m/20260409085941.324346_KR_webconnectivity_7b6c80da9f352c02
https://www.atheistalliance.org/,ok,https://explorer.ooni.org/m/20260409085947.423236_KR_webconnectivity_9890dad6c875ec0e
https://www.atheists.org/,ok,https://explorer.ooni.org/m/20260409085951.311343_KR_webconnectivity_de561e1c014426ee
http://www.auduboninternational.org/,ok,https://explorer.ooni.org/m/20260409085954.646161_KR_webconnectivity_5ca16d30ab09300b
https://www.autistici.org/,ok,https://explorer.ooni.org/m/20260409085958.439020_KR_webconnectivity_8ff1a928405933bf
http://www.bahai.org/,ok,https://explorer.ooni.org/m/20260409090001.891399_KR_webconnectivity_fe1935a8c3196fb9
https://www.bing-amp.com/v0/amp-iframe-0.1.js,error,https://explorer.ooni.org/m/20260409090002.881859_KR_webconnectivity_261fe87a1096d4e4
https://www.birthcontrol.com/,error,https://explorer.ooni.org/m/20260409090006.782062_KR_webconnectivity_e3763873a14b6430
http://www.biz.ly/,ok,https://explorer.ooni.org/m/20260409090011.319846_KR_webconnectivity_67bc6f6d3605464e
https://www.bl.ink/,ok,https://explorer.ooni.org/m/20260409090018.758200_KR_webconnectivity_df152e7949741fc1
http://www.blogeasy.com/,ok,https://explorer.ooni.org/m/20260409090023.994160_KR_webconnectivity_1a91a15ec1fc8ddf
https://www.blogger.com/,ok,https://explorer.ooni.org/m/20260409090028.729941_KR_webconnectivity_0c8ddf3ea9a39197
http://www.blogsome.com/,ok,https://explorer.ooni.org/m/20260409090044.659184_KR_webconnectivity_3251fed4def223f5
https://www.brinkster.com/,ok,https://explorer.ooni.org/m/20260409090048.437582_KR_webconnectivity_edc2d7e67619fe8c
http://www.buddhanet.net/,ok,https://explorer.ooni.org/m/20260409090057.914513_KR_webconnectivity_f9bd7ab11d36f4a9
http://www.cafe24.com/,ok,https://explorer.ooni.org/m/20260409090100.552504_KR_webconnectivity_5fcaa9e523043b29
https://www.carbonbrief.org/,ok,https://explorer.ooni.org/m/20260409090102.837974_KR_webconnectivity_7ef991726c92ec49
https://www.carbonmap.org/,ok,https://explorer.ooni.org/m/20260409090106.251910_KR_webconnectivity_5a59b3944ecf21ed
https://www.catholic.org/,ok,https://explorer.ooni.org/m/20260409090111.491732_KR_webconnectivity_29dab50362c02162
https://www.catholicsforchoice.org/,ok,https://explorer.ooni.org/m/20260409090113.581406_KR_webconnectivity_b4957874033e4497
https://www.ccel.org/,ok,https://explorer.ooni.org/m/20260409090119.871882_KR_webconnectivity_9ca10277d08aa27b
https://www.ceceurope.org/,ok,https://explorer.ooni.org/m/20260409090126.202899_KR_webconnectivity_f49d701c00590179
https://www.christianity.com/,ok,https://explorer.ooni.org/m/20260409090129.405298_KR_webconnectivity_48c9134cf66a59d2
https://www.christianitytoday.com/,ok,https://explorer.ooni.org/m/20260409090132.015813_KR_webconnectivity_1802fd0d31af87e2
https://www.cleanwateraction.org/,ok,https://explorer.ooni.org/m/20260409090135.094500_KR_webconnectivity_5c04481f4e287c5f
https://www.climaterealityproject.org/,ok,https://explorer.ooni.org/m/20260409090139.443517_KR_webconnectivity_96bdef7473fd7c44
https://www.coolearth.org/,ok,https://explorer.ooni.org/m/20260409090143.381142_KR_webconnectivity_0eb5a28b7432a290
https://www.copticchurch.net/,ok,https://explorer.ooni.org/m/20260409090147.059677_KR_webconnectivity_cb9a6bff90a51f66
https://www.cseindia.org/,ok,https://explorer.ooni.org/m/20260409090151.121091_KR_webconnectivity_4c1165a5346ce803
http://www.dogdrip.net/,http-diff,https://explorer.ooni.org/m/20260409090152.496160_KR_webconnectivity_38434f0aaee3c644
https://www.dreamhost.com/,ok,https://explorer.ooni.org/m/20260409090155.377706_KR_webconnectivity_705780104238a6d8
https://www.earthaction.org/,ok,https://explorer.ooni.org/m/20260409090158.603262_KR_webconnectivity_9342f647d27443c8
https://www.earthrights.org/,ok,https://explorer.ooni.org/m/20260409090200.329046_KR_webconnectivity_eda170a55bf327a8
http://www.ebaumsworld.com/,ok,https://explorer.ooni.org/m/20260409090204.889919_KR_webconnectivity_deba53fa8d494312
https://www.premaritalsex.info/,dns,https://explorer.ooni.org/m/20260409090205.796160_KR_webconnectivity_36bed0ba29db7c1e
https://adultfriendfinder.com/,http-failure,https://explorer.ooni.org/m/20260409090207.353129_KR_webconnectivity_b6e6eee7801b3d61
https://alt.com/,ok,https://explorer.ooni.org/m/20260409090211.479893_KR_webconnectivity_ba5776820cfe6c3c
https://amphetamines.com/,ok,https://explorer.ooni.org/m/20260409090213.225579_KR_webconnectivity_f2c8fcfc450ea935
http://asiafriendfinder.com/,http-diff,https://explorer.ooni.org/m/20260409090216.750695_KR_webconnectivity_c5e513e85ae3e1bf
http://asiansmaster.com/,confirmed,https://explorer.ooni.org/m/20260409090248.358038_KR_webconnectivity_663d4c31414d2195
https://beeg.com/,http-failure,https://explorer.ooni.org/m/20260409090249.255289_KR_webconnectivity_e80db422389cad19
http://betasia.com/,http-diff,https://explorer.ooni.org/m/20260409090250.697756_KR_webconnectivity_a840a1b325d0bea8
https://btggaming.com/,ok,https://explorer.ooni.org/m/20260409090255.169094_KR_webconnectivity_1fba070c0189cd95
http://cafe.daum.net/amc21,ok,https://explorer.ooni.org/m/20260409090258.158732_KR_webconnectivity_7c0620ed2d8df6ba
http://cafe.daum.net/dacultureNO,ok,https://explorer.ooni.org/m/20260409090301.110305_KR_webconnectivity_87dc8b152bcb4cda
http://cafe.naver.com/mansdotcom,ok,https://explorer.ooni.org/m/20260409090304.064658_KR_webconnectivity_84fe152601fffb34
http://cafe.naver.com/rtbnmm/,ok,https://explorer.ooni.org/m/20260409090309.565812_KR_webconnectivity_7ea4c125e6f4b181
http://creamasia.com/,confirmed,https://explorer.ooni.org/m/20260409090311.720188_KR_webconnectivity_0427657daad0af8e
https://dailystormer.in/,ok,https://explorer.ooni.org/m/20260409090312.508582_KR_webconnectivity_1d6f1f6c93711f3c
https://drugs-forum.com/,ok,https://explorer.ooni.org/m/20260409090314.988821_KR_webconnectivity_9e588d3404444636
https://eln-voces.net/,ok,https://explorer.ooni.org/m/20260409090319.594739_KR_webconnectivity_9cf87a8d0d138551
https://forum.grasscity.com/,ok,https://explorer.ooni.org/m/20260409090323.282160_KR_webconnectivity_e88a5e13200b641d
https://friendfinder.com/,ok,https://explorer.ooni.org/m/20260409090327.865052_KR_webconnectivity_48b4f9bcbcc6ad24
https://godhatesfags.com/,ok,https://explorer.ooni.org/m/20260409090329.098113_KR_webconnectivity_f56c2da65e50876d
https://heroin.org/,ok,https://explorer.ooni.org/m/20260409090331.866148_KR_webconnectivity_7a2fff208cf75508
https://hightimes.com/,error,https://explorer.ooni.org/m/20260409090333.408406_KR_webconnectivity_0b7b5eb637eace3e
https://hitomi.la/,http-failure,https://explorer.ooni.org/m/20260409090335.052082_KR_webconnectivity_9c4fc62c8419c220
http://hotgaylist.com/,http-diff,https://explorer.ooni.org/m/20260409090337.088429_KR_webconnectivity_2f9f94970f334b2e
https://howtogrowmarijuana.com/,error,https://explorer.ooni.org/m/20260409090437.716366_KR_webconnectivity_5a2deeba2a94b4ce
https://hustler.com/,ok,https://explorer.ooni.org/m/20260409090441.004206_KR_webconnectivity_83f17fc47b915334
http://indianfriendfinder.com/,http-diff,https://explorer.ooni.org/m/20260409090448.036614_KR_webconnectivity_ac7d0773b6455c00
https://kiwifarms.net/,error,https://explorer.ooni.org/m/20260409090548.818002_KR_webconnectivity_a9cd824c2d6a6fbc
http://koreanfriendfinder.com/,http-diff,https://explorer.ooni.org/m/20260409090553.855239_KR_webconnectivity_69f06332c59318a3
http://makemodel.net/,ok,https://explorer.ooni.org/m/20260409090557.810008_KR_webconnectivity_d1fcfea303276e9b
https://maps.org/,ok,https://explorer.ooni.org/m/20260409090600.563362_KR_webconnectivity_7de9b3989a4576c9
http://mingky.org/,confirmed,https://explorer.ooni.org/m/20260409090602.286438_KR_webconnectivity_4fc5f19c153fca06
http://ndfsk.dyndns.org/,ok,https://explorer.ooni.org/m/20260409090603.120802_KR_webconnectivity_b198510e063362ae
http://ndfsk.dyndns.org/kuguk8/Title1.htm,ok,https://explorer.ooni.org/m/20260409090603.873074_KR_webconnectivity_384c1bcfc1e5b2aa
https://norml.org/,ok,https://explorer.ooni.org/m/20260409090607.741343_KR_webconnectivity_c8e6308418f53492
https://nsdapao.info/,ok,https://explorer.ooni.org/m/20260409090610.549094_KR_webconnectivity_9c47a26a5bdfc87f
http://onlybingo.com/,http-diff,https://explorer.ooni.org/m/20260409090611.955279_KR_webconnectivity_ab72ea5101488938
https://onlyfans.com/,ok,https://explorer.ooni.org/m/20260409090613.243961_KR_webconnectivity_6807c69f9addffd4
https://panties.com/,error,https://explorer.ooni.org/m/20260409090615.403226_KR_webconnectivity_6cc233cb9a298d5f
http://sexkorea.net/,confirmed,https://explorer.ooni.org/m/20260409090621.530333_KR_webconnectivity_484fccb0a6c106be
http://thaigirls.net/,http-diff,https://explorer.ooni.org/m/20260409090623.149338_KR_webconnectivity_4c49b7c6509e4586
https://trashy.com/,ok,https://explorer.ooni.org/m/20260409090625.708601_KR_webconnectivity_4efd8116eee0c733
http://user.chollian.net/,dns,https://explorer.ooni.org/m/20260409090629.693422_KR_webconnectivity_5ff8b6c9357548e1
http://user.chollian.net/~yesooj/mincho/deama.htm,dns,https://explorer.ooni.org/m/20260409090633.124845_KR_webconnectivity_8c97161a8b3998f4
http://via89.kr/,ok,https://explorer.ooni.org/m/20260409090635.580931_KR_webconnectivity_63e3d682d0a6c00d
http://video.fc2.com/ko/a/,http-diff,https://explorer.ooni.org/m/20260409090638.639770_KR_webconnectivity_3ce0bb017291f918
https://weedmaps.com/,ok,https://explorer.ooni.org/m/20260409090639.816137_KR_webconnectivity_f7d419bdb21c8a72
https://worldsingles.com/,ok,https://explorer.ooni.org/m/20260409090643.212239_KR_webconnectivity_f052b4f505125853
https://www.3wishes.com/,ok,https://explorer.ooni.org/m/20260409090646.898905_KR_webconnectivity_c8d15d4cdb07a769
http://www.4online-gambling.com/,http-diff,https://explorer.ooni.org/m/20260409090648.222471_KR_webconnectivity_66dfe8a17ecbc473
http://www.888casino.com/,ok,https://explorer.ooni.org/m/20260409090653.027146_KR_webconnectivity_fb5b22277f44e795
http://www.abcunderwear.com/,http-diff,https://explorer.ooni.org/m/20260409090654.049552_KR_webconnectivity_f4ce0f920c76c7b3
http://www.absinth.com/,ok,https://explorer.ooni.org/m/20260409090656.846268_KR_webconnectivity_5a169a96ab7ae044
http://www.absolut.com/,ok,https://explorer.ooni.org/m/20260409090659.530672_KR_webconnectivity_71306c3eb9946ab4
https://www.agentprovocateur.com/,ok,https://explorer.ooni.org/m/20260409090701.068736_KR_webconnectivity_ada284603a07c2df
https://www.americannaziparty.com/,ok,https://explorer.ooni.org/m/20260409090703.224921_KR_webconnectivity_d12660b74c523c01
https://www.ariannelingerie.com/,ok,https://explorer.ooni.org/m/20260409090708.383176_KR_webconnectivity_28ed9db29a2e3f8d
https://www.ashleymadison.com/,ok,https://explorer.ooni.org/m/20260409090709.418592_KR_webconnectivity_34fdcdf2514b708b
http://www.asiabynight.com/,tcp_ip,https://explorer.ooni.org/m/20260409090755.316251_KR_webconnectivity_c8703fe49018a661
https://www.bacardi.com/,ok,https://explorer.ooni.org/m/20260409090758.634891_KR_webconnectivity_3f04ab5677acfa1a
http://www.barmeister.com/,ok,https://explorer.ooni.org/m/20260409090759.736316_KR_webconnectivity_1884d40873343f66
https://www.bat.com/,ok,https://explorer.ooni.org/m/20260409090804.019179_KR_webconnectivity_2b58acd347ff8016
http://www.beer.com/,ok,https://explorer.ooni.org/m/20260409090808.964579_KR_webconnectivity_22ea323ae0673cde
https://www.beerinfo.com/,ok,https://explorer.ooni.org/m/20260409090814.813716_KR_webconnectivity_fc3660e486f07939
http://www.betfair.com/,http-diff,https://explorer.ooni.org/m/20260409090815.780362_KR_webconnectivity_dc148324c1d0fa9e
http://www.bglad.com/,http-diff,https://explorer.ooni.org/m/20260409090816.756868_KR_webconnectivity_d40a28f3339b52a8
http://www.blackjackinfo.com/,http-diff,https://explorer.ooni.org/m/20260409090819.584983_KR_webconnectivity_1a97f35a3d73164d
https://www.bravoporn.com/,http-failure,https://explorer.ooni.org/m/20260409090821.896125_KR_webconnectivity_14d735db0939a68e
http://www.budweiser.com/,ok,https://explorer.ooni.org/m/20260409090826.184665_KR_webconnectivity_88daec6d55693aa7
https://www.buydutchseeds.com/,ok,https://explorer.ooni.org/m/20260409090830.266159_KR_webconnectivity_069adccb2cac2d9f
https://www.cannaweed.com/,ok,https://explorer.ooni.org/m/20260409090831.695375_KR_webconnectivity_3a4fdcdfa6929c22
https://www.casino.com/,ok,https://explorer.ooni.org/m/20260409090834.267777_KR_webconnectivity_a80afaed9f29e421
http://www.casinotropez.com/,http-diff,https://explorer.ooni.org/m/20260409090835.387240_KR_webconnectivity_4dc6d294e2592b65
http://www.chantelle.com/,http-diff,https://explorer.ooni.org/m/20260409090839.119181_KR_webconnectivity_16e2d53c9fa61cef
https://www.churchofeuthanasia.org/,ok,https://explorer.ooni.org/m/20260409090841.861397_KR_webconnectivity_b603f92d4ec01bfe
http://www.columbus25.com/,ok,https://explorer.ooni.org/m/20260409090842.643896_KR_webconnectivity_ac41540b3ae07bbf
http://www.coquette.com/,ok,https://explorer.ooni.org/m/20260409090846.166855_KR_webconnectivity_2576d29db564b8c3
http://www.date.com/,http-diff,https://explorer.ooni.org/m/20260409090850.110521_KR_webconnectivity_372c4fff3ef17d39
https://www.dating.com/,ok,https://explorer.ooni.org/m/20260409090852.603090_KR_webconnectivity_59d1acb411c6553f
http://www.dekaron.co.kr/,http-diff,https://explorer.ooni.org/m/20260409090857.047688_KR_webconnectivity_0607104f023cb1e3
http://www.delicates.co.uk/,ok,https://explorer.ooni.org/m/20260409090903.030032_KR_webconnectivity_47234bc40a0bd8a2
https://www.dextroverse.org/,ok,https://explorer.ooni.org/m/20260409090906.669452_KR_webconnectivity_b2e7259fd0b3acbd
https://www.drugsdata.org/,tcp_ip,https://explorer.ooni.org/m/20260409090945.061239_KR_webconnectivity_932e0b2478b8da4d
http://www.drugsense.org/,ok,https://explorer.ooni.org/m/20260409090951.568101_KR_webconnectivity_ecafa31181b68317
http://www.dsnet.co.kr/,ok,https://explorer.ooni.org/m/20260409091007.629133_KR_webconnectivity_018f472f25d197c4
https://www.eharmony.com/,ok,https://explorer.ooni.org/m/20260409091009.657390_KR_webconnectivity_141fec28b558ca85
https://www.erowid.org/,tcp_ip,https://explorer.ooni.org/m/20260409091047.217551_KR_webconnectivity_964d59b98dcf9797
http://www.forbiddenasian.com/,http-diff,https://explorer.ooni.org/m/20260409091050.206967_KR_webconnectivity_e5ce9990961e7e6a
http://www.freshpair.com/,ok,https://explorer.ooni.org/m/20260409091053.342645_KR_webconnectivity_741bde6f6df21e6d
http://www.fuckingfreemovies.com/,confirmed,https://explorer.ooni.org/m/20260409091054.656456_KR_webconnectivity_802a773a1e691a87
https://www.gambling.com/,ok,https://explorer.ooni.org/m/20260409091058.772456_KR_webconnectivity_dfe3ce41ff59714e
http://www.gamemeca.com/,http-diff,https://explorer.ooni.org/m/20260409091102.435403_KR_webconnectivity_2f99e53da35f0d85
http://www.gamespot.co.kr/,http-diff,https://explorer.ooni.org/m/20260409091104.705520_KR_webconnectivity_23f92e07e4a75b0a
http://www.gayapatal.com/,http-diff,https://explorer.ooni.org/m/20260409091106.290616_KR_webconnectivity_9edbe28cb975a40d
http://www.globalfire.tv/,ok,https://explorer.ooni.org/m/20260409091109.596238_KR_webconnectivity_e2ecf242f28859a9
https://www.goldenpalace.com/,ok,https://explorer.ooni.org/m/20260409091114.133605_KR_webconnectivity_ca5496529c0f8872
http://www.goldenrivieracasino.com/,http-diff,https://explorer.ooni.org/m/20260409091115.870364_KR_webconnectivity_81916684cc1a5fe4
http://www.gotgayporn.com/,http-diff,https://explorer.ooni.org/m/20260409091116.682171_KR_webconnectivity_9a53888298c4cdef
http://www.hanes.com/,ok,https://explorer.ooni.org/m/20260409091117.493076_KR_webconnectivity_22d7f42e20dc1728
https://www.happn.com/,ok,https://explorer.ooni.org/m/20260409091119.756307_KR_webconnectivity_359cae1b23e6cd09
http://www.hiliq.net/,ok,https://explorer.ooni.org/m/20260409091126.652216_KR_webconnectivity_e1c7909390dd5c73
http://www.i-um.com/,http-diff,https://explorer.ooni.org/m/20260409091128.171489_KR_webconnectivity_f100ef99a95706c1
http://www.ilbe.com/,dns,https://explorer.ooni.org/m/20260409091130.433477_KR_webconnectivity_c2d88ee6b7c2ab8b
http://www.indianporngirls.com/,http-diff,https://explorer.ooni.org/m/20260409091133.736946_KR_webconnectivity_ddc1ba3e9850a366
https://www.ipair.com/,ok,https://explorer.ooni.org/m/20260409091136.011538_KR_webconnectivity_822f4c3c7f24c9c9
http://www.jackdaniels.com/,ok,https://explorer.ooni.org/m/20260409091138.893926_KR_webconnectivity_767325664743ff12
https://www.jackpotcitycasino1.com/,ok,https://explorer.ooni.org/m/20260409091143.051310_KR_webconnectivity_d36626d1b1308f58
https://www.jdate.com/,ok,https://explorer.ooni.org/m/20260409091144.724330_KR_webconnectivity_244bdc8cacab3025
http://www.joyhunting.com/,http-diff,https://explorer.ooni.org/m/20260409091200.961457_KR_webconnectivity_5b15920adf08363f
http://www.jupae.com/,ok,https://explorer.ooni.org/m/20260409091217.178674_KR_webconnectivity_57ae13863a0af140
http://www.lesbiansubmission.com/,http-diff,https://explorer.ooni.org/m/20260409091219.363003_KR_webconnectivity_6e67e7b29ee386b2
http://www.lineage.co.kr/,error,https://explorer.ooni.org/m/20260409091223.019869_KR_webconnectivity_bcef67568baebab3
https://www.lovoo.com/,ok,https://explorer.ooni.org/m/20260409091225.391337_KR_webconnectivity_cb4cc81df6c8663e
http://www.luckynugget.com/,http-diff,https://explorer.ooni.org/m/20260409091226.212088_KR_webconnectivity_7b06382d4d1f0623
http://www.marijuanatravels.com/,confirmed,https://explorer.ooni.org/m/20260409091242.117666_KR_webconnectivity_301e21828a2a4a34
http://www.mgame.com/,http-diff,https://explorer.ooni.org/m/20260409091243.984722_KR_webconnectivity_2b8e27530dab8bbd
http://www.moderndrunkardmagazine.com/,ok,https://explorer.ooni.org/m/20260409091301.220389_KR_webconnectivity_22ec0ca13266a451
http://www.monacogoldcasino.com/,http-diff,https://explorer.ooni.org/m/20260409091303.374484_KR_webconnectivity_4a61216770126697
http://www.mrchewsasianbeaver.com/,confirmed,https://explorer.ooni.org/m/20260409091307.284428_KR_webconnectivity_269274f560c9bcbf
http://www.neonjoint.com/,error,https://explorer.ooni.org/m/20260409091311.968442_KR_webconnectivity_9dd75ec6b0d75ac5
https://www.okcupid.com/,ok,https://explorer.ooni.org/m/20260409091313.122523_KR_webconnectivity_f11f338d2d8d0234
http://www.online-dating.org/,http-diff,https://explorer.ooni.org/m/20260409091314.131513_KR_webconnectivity_4216ff37e06ab62d
https://www.onlinegambling.com/,ok,https://explorer.ooni.org/m/20260409091319.417118_KR_webconnectivity_9f790f7f618eae89
http://www.originalelf.com/,error,https://explorer.ooni.org/m/20260409091324.680136_KR_webconnectivity_1e2e789e5382938a
http://www.partypoker.com/,http-diff,https://explorer.ooni.org/m/20260409091325.459429_KR_webconnectivity_48b6ef6df120b864
https://www.partypoker.net/,ok,https://explorer.ooni.org/m/20260409091328.398560_KR_webconnectivity_9366d9e69677cb97
https://www.playboy.com/,ok,https://explorer.ooni.org/m/20260409091331.647783_KR_webconnectivity_389078c8be8bb35e
https://www.pmi.com/,ok,https://explorer.ooni.org/m/20260409091335.027992_KR_webconnectivity_2b61580459f4463c
http://www.pof.com/,http-diff,https://explorer.ooni.org/m/20260409091335.813439_KR_webconnectivity_fcb794c1480d334f
http://www.poker.com/,http-diff,https://explorer.ooni.org/m/20260409091336.583065_KR_webconnectivity_990506d1411eccd4
http://www.pokerstars.com/,http-diff,https://explorer.ooni.org/m/20260409091337.967860_KR_webconnectivity_b66d2be8056e9d26
http://www.ranking.co.kr/,http-diff,https://explorer.ooni.org/m/20260409091342.606871_KR_webconnectivity_fa1591ef609c9a82
http://www.realbeer.com/,ok,https://explorer.ooni.org/m/20260409091344.119819_KR_webconnectivity_4cb41d3f01ebbff3
http://www.ricefever.com/,dns,https://explorer.ooni.org/m/20260409091346.623443_KR_webconnectivity_3bacc8f8dd7119c7
http://www.riverbelle.com/,http-diff,https://explorer.ooni.org/m/20260409091348.109936_KR_webconnectivity_8bfe9c38c620210a
http://www.rollitup.org/,http-diff,https://explorer.ooni.org/m/20260409091348.936855_KR_webconnectivity_9d37de27a6877846
http://www.royalvegas-casino-kr.com/,dns,https://explorer.ooni.org/m/20260409091350.824915_KR_webconnectivity_1fff1aca4bface8b
http://www.royalvegas.com/,http-diff,https://explorer.ooni.org/m/20260409091351.620914_KR_webconnectivity_a989ba2c3f2e08ea
http://www.rxmarijuana.com/,ok,https://explorer.ooni.org/m/20260409091353.534407_KR_webconnectivity_dd0a0340063b2317
http://www.satp.org/,ok,https://explorer.ooni.org/m/20260409091356.775327_KR_webconnectivity_7c44010305b33e04
https://www.shroomery.org/,ok,https://explorer.ooni.org/m/20260409091358.253905_KR_webconnectivity_be757756debeae32
http://www.slotland.com/,http-diff,https://explorer.ooni.org/m/20260409091400.390482_KR_webconnectivity_4d156beda6450bea
http://www.soramall.kr/,error,https://explorer.ooni.org/m/20260409091417.629089_KR_webconnectivity_361af648f8094f31
https://www.spark.com/,ok,https://explorer.ooni.org/m/20260409091419.397087_KR_webconnectivity_13c812dddf3cd747
http://www.speeddater.co.uk/,ok,https://explorer.ooni.org/m/20260409091422.102377_KR_webconnectivity_0e23f775413ed3aa
http://www.spinpalace.com/,http-diff,https://explorer.ooni.org/m/20260409091422.841416_KR_webconnectivity_4b2ff654dd62f03c
http://www.sportingbet.com/,http-diff,https://explorer.ooni.org/m/20260409091423.764296_KR_webconnectivity_5fbffd8d3325085d
http://www.sportsinteraction.com/,http-diff,https://explorer.ooni.org/m/20260409091424.495757_KR_webconnectivity_5cc8ff08af5335db
http://www.taima.org/,ok,https://explorer.ooni.org/m/20260409091426.915196_KR_webconnectivity_b891f27ee954a271
http://www.tobacco.org/,ok,https://explorer.ooni.org/m/20260409091428.369899_KR_webconnectivity_9014754ff50aa3fc
http://www.topdrawers.com/,http-diff,https://explorer.ooni.org/m/20260409091429.661337_KR_webconnectivity_c559202b32c59346
http://www.vanguardnewsnetwork.com/,ok,https://explorer.ooni.org/m/20260409091432.096502_KR_webconnectivity_d4dd1bc9cac0247e
http://www.venus.com/,http-diff,https://explorer.ooni.org/m/20260409091432.973221_KR_webconnectivity_3a0f2eb49e49007f
https://www.victoriassecret.com/,ok,https://explorer.ooni.org/m/20260409091435.120884_KR_webconnectivity_7a5fea25030cff92
http://www.wegames.net/,http-diff,https://explorer.ooni.org/m/20260409091437.101684_KR_webconnectivity_6a0ab10e24a097b2
http://www.winespectator.com/,ok,https://explorer.ooni.org/m/20260409091440.146034_KR_webconnectivity_5865d6472356a9c2
https://www.xnxx.com/,http-failure,https://explorer.ooni.org/m/20260409091443.100692_KR_webconnectivity_a6fb961a5901d18c
http://www.xvideos.com/,http-diff,https://explorer.ooni.org/m/20260409091445.968246_KR_webconnectivity_70ce88bab21ad485
https://www.xvideos.com/,http-failure,https://explorer.ooni.org/m/20260409091448.730908_KR_webconnectivity_d78a4d235e19c45d
https://www.youporn.com/,http-failure,https://explorer.ooni.org/m/20260409091449.625665_KR_webconnectivity_8b7a486beaf1ee88
https://xhamster.com/,ok,https://explorer.ooni.org/m/20260409091452.949232_KR_webconnectivity_fbc23dafc19d5168
http://ywoos.com/,confirmed,https://explorer.ooni.org/m/20260409091509.623829_KR_webconnectivity_0c13144473799a8f
https://cc.bingj.com/cache.aspx?q=nothing,ok,https://explorer.ooni.org/m/20260409091510.387757_KR_webconnectivity_a851825d4562df4c
http://chakantv.co.kr/,ok,https://explorer.ooni.org/m/20260409091516.909804_KR_webconnectivity_65459af7ceb3b06e
http://imagebingo.naver.com/,ok,https://explorer.ooni.org/m/20260409091520.615261_KR_webconnectivity_3f5a6805c4272dc1
https://t.me/,ok,https://explorer.ooni.org/m/20260409091525.586461_KR_webconnectivity_10ab626728033952
https://www.doctissimo.fr/,ok,https://explorer.ooni.org/m/20260409091528.992447_KR_webconnectivity_10b520d8eb8c2b17
https://www.gmx.com/,ok,https://explorer.ooni.org/m/20260409091537.485457_KR_webconnectivity_bf8d117f223a241b
http://www.ppca.co.kr/,ok,https://explorer.ooni.org/m/20260409091538.391139_KR_webconnectivity_20e080cef6ed619f
https://www.twitch.tv/,ok,https://explorer.ooni.org/m/20260409091540.352745_KR_webconnectivity_db2f63c9c21a8cc3
http://www.webbox.com/index.php,ok,https://explorer.ooni.org/m/20260409091541.430383_KR_webconnectivity_2a10bb9aa9d5c0e6
https://www.y2mate.com/,ok,https://explorer.ooni.org/m/20260409091542.338780_KR_webconnectivity_8ffc3991d1b35e17
https://allthefallen.moe/,ok,https://explorer.ooni.org/m/20260409091545.713534_KR_webconnectivity_58d4b42b01ea4958
https://anon.inf.tu-dresden.de/,ok,https://explorer.ooni.org/m/20260409091550.178045_KR_webconnectivity_8a0ad76b6f7db076
https://bridges.torproject.org/,ok,https://explorer.ooni.org/m/20260409091552.984929_KR_webconnectivity_fc72e01401726761
https://cdns.grindr.com/,ok,https://explorer.ooni.org/m/20260409091555.598508_KR_webconnectivity_b0ee20a3e005fcf5
https://freenetproject.org/,ok,https://explorer.ooni.org/m/20260409091600.172814_KR_webconnectivity_448bb59a11cccebe
https://freespeech.org/,ok,https://explorer.ooni.org/m/20260409091602.477555_KR_webconnectivity_7366ce8009190f03
https://genderdysphoria.fyi/,ok,https://explorer.ooni.org/m/20260409091605.843218_KR_webconnectivity_fda54e3489b3f9ac
https://geti2p.net/,ok,https://explorer.ooni.org/m/20260409091611.061564_KR_webconnectivity_85b824a88ad1ff59
https://getlantern.org/,ok,https://explorer.ooni.org/m/20260409091613.386345_KR_webconnectivity_07ad8e35c1c8598d
https://hide.me/,ok,https://explorer.ooni.org/m/20260409091618.140316_KR_webconnectivity_fb3d2c8b11404cea
https://hornet.com/,ok,https://explorer.ooni.org/m/20260409091621.986257_KR_webconnectivity_08e4e2ded332ed7a
https://mega.io/,ok,https://explorer.ooni.org/m/20260409091627.976475_KR_webconnectivity_c24d8a11a43c83d6
http://northkoreatech.org/,ok,https://explorer.ooni.org/m/20260409091629.124342_KR_webconnectivity_ca423a6f0358b779
https://privatevpn.com/,http-failure,https://explorer.ooni.org/m/20260409091650.078891_KR_webconnectivity_b2875c62d9e3d121
https://proxify.com/,ok,https://explorer.ooni.org/m/20260409091652.811089_KR_webconnectivity_dd96f28dce505d2e
https://resurj.org/,ok,https://explorer.ooni.org/m/20260409091655.520811_KR_webconnectivity_ece2e88a68ede71a
https://safervpn.com/,ok,https://explorer.ooni.org/m/20260409091656.456016_KR_webconnectivity_ef0014d9e90d42a9
https://shadowsocks.org/,ok,https://explorer.ooni.org/m/20260409091659.140828_KR_webconnectivity_3d26b8ed10828dbc
https://smotrim.ru/,ok,https://explorer.ooni.org/m/20260409091704.743461_KR_webconnectivity_14246c0151a6e3b8
https://speedify.com/,ok,https://explorer.ooni.org/m/20260409091707.363202_KR_webconnectivity_5c5dc552ae45a596
https://strongvpn.com/,ok,https://explorer.ooni.org/m/20260409091710.582913_KR_webconnectivity_bc8903f27721a8f3
https://surfshark.com/,ok,https://explorer.ooni.org/m/20260409091712.978689_KR_webconnectivity_75232794e7fac0b4
https://thegailygrind.com/,ok,https://explorer.ooni.org/m/20260409091715.571700_KR_webconnectivity_fef819e0c0339256
http://transsexual.org/,http-diff,https://explorer.ooni.org/m/20260409091718.035690_KR_webconnectivity_713692fc7297f0a5
https://trustvpn.me/,ok,https://explorer.ooni.org/m/20260409091720.028639_KR_webconnectivity_b9fd0a0845ce4adc
https://ultrasurf.us/,ok,https://explorer.ooni.org/m/20260409091722.185563_KR_webconnectivity_f199bb5105e72294
https://www.advocate.com/,ok,https://explorer.ooni.org/m/20260409091725.427848_KR_webconnectivity_a9c4b66b52075b61
http://www.anonymsurfen.com/,http-diff,https://explorer.ooni.org/m/20260409091726.893699_KR_webconnectivity_d85ba72297954c12
http://www.e-ju.net/,ok,https://explorer.ooni.org/m/20260409091727.707044_KR_webconnectivity_9c78a1e064d93aa8
http://www.feer.com/,ok,https://explorer.ooni.org/m/20260409091728.553744_KR_webconnectivity_b99ed6047cfa8017
https://www.feministfrequency.com/,ok,https://explorer.ooni.org/m/20260409091731.689167_KR_webconnectivity_fde5f3bafbf477dd
https://www.grindr.com/,ok,https://explorer.ooni.org/m/20260409091733.290286_KR_webconnectivity_30026f04cae98c0b
http://www.mfasia.org/,ok,https://explorer.ooni.org/m/20260409091741.600525_KR_webconnectivity_6f6b78f2a2b3e180
http://www.migrantsinkorea.net/,ok,https://explorer.ooni.org/m/20260409091742.513361_KR_webconnectivity_034da6f835145a11
https://www.msichoices.org/,ok,https://explorer.ooni.org/m/20260409091744.980764_KR_webconnectivity_98e14f1b0daca464
http://www.naral.org/,ok,https://explorer.ooni.org/m/20260409091745.839641_KR_webconnectivity_2622f83f3af4efff
http://www.newsweekasia.com/,ok,https://explorer.ooni.org/m/20260409091804.337984_KR_webconnectivity_904a16018467fc39
https://www.opentech.fund/,ok,https://explorer.ooni.org/m/20260409091807.053242_KR_webconnectivity_e8523603a337fbfd
http://www.pangari.net/,ok,https://explorer.ooni.org/m/20260409091807.945361_KR_webconnectivity_d2bc2891b5e709f2
http://www.publiuspundit.com/,ok,https://explorer.ooni.org/m/20260409091809.026079_KR_webconnectivity_5e08971692337bc3
http://www.qhtyzx.com/,ok,https://explorer.ooni.org/m/20260409091810.150972_KR_webconnectivity_e398e62ae0e68864
https://www.queerty.com/,ok,https://explorer.ooni.org/m/20260409091812.424171_KR_webconnectivity_9e4d1db633a6e478
http://www.seapa.org/,tcp_ip,https://explorer.ooni.org/m/20260409091813.737834_KR_webconnectivity_2a46c375bb5d5c05
http://www.seapabkk.org/,http-diff,https://explorer.ooni.org/m/20260409091816.876806_KR_webconnectivity_71ad3e756bc6d0de
https://www.shoe.org/,ok,https://explorer.ooni.org/m/20260409091823.161309_KR_webconnectivity_ef25a1b4d2580999
http://www.taipeitimes.com/,ok,https://explorer.ooni.org/m/20260409091827.168735_KR_webconnectivity_1fbf41338908f410
http://www.theregister.co.uk/,ok,https://explorer.ooni.org/m/20260409091829.630326_KR_webconnectivity_a0f3c5e7be159086
http://www.ultimate-anonymity.com/,http-diff,https://explorer.ooni.org/m/20260409091830.725055_KR_webconnectivity_44259a067795b3dc
https://www.washingtonpost.com/,error,https://explorer.ooni.org/m/20260409091832.170848_KR_webconnectivity_c9a4eeb7819935f7
http://www.zdnetasia.com/,ok,https://explorer.ooni.org/m/20260409091838.129547_KR_webconnectivity_d48d607c1f24ff3c
"http://www.zdnetasia.com/downloads/pc/swinfo/0,39043052,39222404s,00.htm",ok,https://explorer.ooni.org/m/20260409091843.290504_KR_webconnectivity_8db343675da98774
https://9gag.com/,ok,https://explorer.ooni.org/m/20260409091845.602928_KR_webconnectivity_ed5af571580bfc18
https://abs.twimg.com/sticky/default_profile_images/default_profile_normal.png,ok,https://explorer.ooni.org/m/20260409091847.125796_KR_webconnectivity_4f734f3de9e4fdd0
https://badoo.com/,ok,https://explorer.ooni.org/m/20260409091851.029684_KR_webconnectivity_da85842d28756927
http://blogmarks.net/,http-diff,https://explorer.ooni.org/m/20260409091852.012887_KR_webconnectivity_00d45563342335ab
https://edge-chat.instagram.com/robots.txt,ok,https://explorer.ooni.org/m/20260409091853.880766_KR_webconnectivity_618e83f7c5e2c8ce
https://edge-mqtt.facebook.com/favicon.ico,ok,https://explorer.ooni.org/m/20260409091855.193643_KR_webconnectivity_43cb4f820dcba313
https://fbcdn.net/robots.txt,ok,https://explorer.ooni.org/m/20260409091857.155160_KR_webconnectivity_960137062ba2f843
https://ntc.party/,tcp_ip,https://explorer.ooni.org/m/20260409091857.881114_KR_webconnectivity_f3f844a2708829a9
https://qph.fs.quoracdn.net/main-thumb-1117688072-200-uijiqfjcmlvaxczdrlawbgyaomfocdnt.jpeg,ok,https://explorer.ooni.org/m/20260409091859.304728_KR_webconnectivity_91d049b7d95e0230
https://qsbr.fs.quoracdn.net/-4-web.entry.js.out-34-8f7d03da0b7a24ae.webpack,ok,https://explorer.ooni.org/m/20260409091901.156599_KR_webconnectivity_2c4961273520e00e
https://scontent-frt3-2.cdninstagram.com/favicon.ico,ok,https://explorer.ooni.org/m/20260409091901.921452_KR_webconnectivity_f9428f722e322e16
https://scontent.cdninstagram.com/robots.txt,ok,https://explorer.ooni.org/m/20260409091903.552533_KR_webconnectivity_7e56ce4e077761dd
https://styles.redditmedia.com/robots.txt,ok,https://explorer.ooni.org/m/20260409091904.781872_KR_webconnectivity_4fd1a5890bf778d5
https://triller.co/,error,https://explorer.ooni.org/m/20260409091906.017913_KR_webconnectivity_80b7b7fe286b2b68
https://video.cdninstagram.com/favicon.ico,ok,https://explorer.ooni.org/m/20260409091908.778864_KR_webconnectivity_aaa407158d625fba
https://www.clubhouseapi.com/,ok,https://explorer.ooni.org/m/20260409091910.059903_KR_webconnectivity_9f9c08e5df4c90c7
https://www.meetme.com/,ok,https://explorer.ooni.org/m/20260409091912.522476_KR_webconnectivity_4b94f6840c4750df
https://www.redditstatic.com/robots.txt,ok,https://explorer.ooni.org/m/20260409091913.694812_KR_webconnectivity_075b4f8fb3002a60
https://www.yubo.live/,ok,https://explorer.ooni.org/m/20260409091915.693030_KR_webconnectivity_f76dd9baedbd9fb6
http://adb.org/,ok,https://explorer.ooni.org/m/20260409091921.702123_KR_webconnectivity_dd17c8330d305553
https://albiononline.com/,ok,https://explorer.ooni.org/m/20260409091922.592700_KR_webconnectivity_72916c2c2b0942bb
https://alignpay.com/,ok,https://explorer.ooni.org/m/20260409091959.158505_KR_webconnectivity_194c41e0b307356e
https://api.revenuecat.com/,ok,https://explorer.ooni.org/m/20260409092003.494220_KR_webconnectivity_7a348a764c004105
https://apis.google.com/robots.txt,ok,https://explorer.ooni.org/m/20260409092008.755718_KR_webconnectivity_53c7a70110c52774
http://archive.ubuntu.com/,ok,https://explorer.ooni.org/m/20260409092011.808373_KR_webconnectivity_580dad1bcd03b305
https://astalavista.box.sk/,ok,https://explorer.ooni.org/m/20260409092018.823266_KR_webconnectivity_a7f70f461ebed23a
https://attrition.org/,ok,https://explorer.ooni.org/m/20260409092022.561412_KR_webconnectivity_9f559717401ec685
https://beacondb.net/,ok,https://explorer.ooni.org/m/20260409092025.886814_KR_webconnectivity_89c0d9bd87952f18
https://bitcoin.org/,ok,https://explorer.ooni.org/m/20260409092028.501562_KR_webconnectivity_8120c2b5710b2101
https://bitcoin.sipa.be/,ok,https://explorer.ooni.org/m/20260409092031.840123_KR_webconnectivity_0b84c61055224240
https://blockdx.co/,error,https://explorer.ooni.org/m/20260409092033.952431_KR_webconnectivity_1ea4ba315340390b
https://blog.counter-strike.net/,ok,https://explorer.ooni.org/m/20260409092036.187791_KR_webconnectivity_2f5bedc557089283
https://blog.mozilla.org/,ok,https://explorer.ooni.org/m/20260409092038.797430_KR_webconnectivity_d42f15f08da2105f
https://bogus.d2a8n1.rootcanary.net/,dns,https://explorer.ooni.org/m/20260409092040.440330_KR_webconnectivity_1da3c36cedb14627
https://brave.com/,ok,https://explorer.ooni.org/m/20260409092044.085761_KR_webconnectivity_1ac816c172f8a754
https://bughunters.google.com/,ok,https://explorer.ooni.org/m/20260409092047.080957_KR_webconnectivity_21ee597ba463a3c8
https://cdnjs.com/,ok,https://explorer.ooni.org/m/20260409092049.238165_KR_webconnectivity_e975fd03f7a3e575
http://clients3.google.com/generate_204,ok,https://explorer.ooni.org/m/20260409092050.798886_KR_webconnectivity_05d7b06bf704df29
https://clients5.google.com/robots.txt,ok,https://explorer.ooni.org/m/20260409092053.517944_KR_webconnectivity_f05d0d04728ea4c4
https://coinmarketcap.com/,ok,https://explorer.ooni.org/m/20260409092055.775024_KR_webconnectivity_ed3850898159b242
https://company.wizards.com/,ok,https://explorer.ooni.org/m/20260409092059.390193_KR_webconnectivity_6a49f12941ae8a39
http://connect.rom.miui.com/generate_204,ok,https://explorer.ooni.org/m/20260409092101.200184_KR_webconnectivity_dff029484ac6bd5e
http://connectivitycheck.android.com/generate_204,ok,https://explorer.ooni.org/m/20260409092102.715432_KR_webconnectivity_bd57dd2a80d0427d
http://connectivitycheck.gstatic.com/generate_204,ok,https://explorer.ooni.org/m/20260409092104.236207_KR_webconnectivity_fa52568806bd18ee
https://cultdeadcow.com/,ok,https://explorer.ooni.org/m/20260409092106.901980_KR_webconnectivity_fa306c2b2a140d0f
https://dashjr.org/,ok,https://explorer.ooni.org/m/20260409092110.168490_KR_webconnectivity_8848e5811a3ffb1c
https://defcon.org/,ok,https://explorer.ooni.org/m/20260409092114.890734_KR_webconnectivity_a7094e89dc14ea07
https://dnsleaktest.com/,ok,https://explorer.ooni.org/m/20260409092117.823085_KR_webconnectivity_775492ec25902f97
https://dnsviz.net/,ok,https://explorer.ooni.org/m/20260409092120.472743_KR_webconnectivity_290d4a1db7ff5843
https://doubleclick.net/,ok,https://explorer.ooni.org/m/20260409092124.628731_KR_webconnectivity_465945fc534f0bd9
https://earth.google.com/web/,ok,https://explorer.ooni.org/m/20260409092127.381849_KR_webconnectivity_266250d8f766f2ec
https://en.miui.com/,ok,https://explorer.ooni.org/m/20260409092134.876889_KR_webconnectivity_682a17ac7e2be4ae
https://epicgames.com/,ok,https://explorer.ooni.org/m/20260409092137.835648_KR_webconnectivity_64896eef9ab2f75d
https://etherscan.io/,ok,https://explorer.ooni.org/m/20260409092140.554126_KR_webconnectivity_f290e2f5ce5245e2
https://fedoramagazine.org/,ok,https://explorer.ooni.org/m/20260409092144.075523_KR_webconnectivity_fc286d82eae417c5
https://gamersclub.gg/,ok,https://explorer.ooni.org/m/20260409092145.239826_KR_webconnectivity_6c6e99b68c819e4a
https://giganews.com/,ok,https://explorer.ooni.org/m/20260409092148.589079_KR_webconnectivity_c1085dc06a35b9eb
http://gmarket.co.kr/,ok,https://explorer.ooni.org/m/20260409092150.728827_KR_webconnectivity_31497842b5671de0
https://hodlhodl.com/,ok,https://explorer.ooni.org/m/20260409092154.528707_KR_webconnectivity_a934df64d4b4915a
https://insecure.org/,ok,https://explorer.ooni.org/m/20260409092158.820099_KR_webconnectivity_8835af269cde06ce
https://kh.google.com/rt/earth/PlanetoidMetadata,ok,https://explorer.ooni.org/m/20260409092201.425524_KR_webconnectivity_c928c3bedbb20e3e
https://khms0.google.com/kh/v=908?x=81&y=103&z=8,ok,https://explorer.ooni.org/m/20260409092204.039910_KR_webconnectivity_df28be991f8ec551
https://khms1.google.com/kh/v=908?x=327&y=414&z=10,ok,https://explorer.ooni.org/m/20260409092206.660126_KR_webconnectivity_156f3c01bf934486
http://knic.com.kp/,tcp_ip,https://explorer.ooni.org/m/20260409092256.924410_KR_webconnectivity_daf7139eb1af66af
https://krunker.io/,ok,https://explorer.ooni.org/m/20260409092259.546130_KR_webconnectivity_85c0cf7cd2ae1b4e
https://localmonero.co/,ok,https://explorer.ooni.org/m/20260409092303.807737_KR_webconnectivity_f4a30dc4479a0ffb
https://maps.gstatic.com/tactile/basepage/grid-image.png,ok,https://explorer.ooni.org/m/20260409092305.935822_KR_webconnectivity_a9c9316763592501
https://matcha.xyz/,ok,https://explorer.ooni.org/m/20260409092307.217809_KR_webconnectivity_80790d335b4d0a6e
https://metasploit.com/,ok,https://explorer.ooni.org/m/20260409092310.600520_KR_webconnectivity_e0b831e9c8c58208
https://moodle.org/,ok,https://explorer.ooni.org/m/20260409092313.942788_KR_webconnectivity_2954375d2cd430fb
https://nemtudo.me/,ok,https://explorer.ooni.org/m/20260409092316.232168_KR_webconnectivity_42b49be5292cfb44
http://networkcheck.kde.org/,ok,https://explorer.ooni.org/m/20260409092317.090072_KR_webconnectivity_2795ea09079ce039
https://nmap.org/,ok,https://explorer.ooni.org/m/20260409092319.610076_KR_webconnectivity_b47b6bd83f925f0b
http://nmcheck.gnome.org/check_network_status.txt,ok,https://explorer.ooni.org/m/20260409092320.475015_KR_webconnectivity_e8ad49797fed460f
https://o0.ingest.sentry.io/api/0,ok,https://explorer.ooni.org/m/20260409092321.588604_KR_webconnectivity_0347db997b0b41df
http://opportunity.org/,ok,https://explorer.ooni.org/m/20260409092324.113564_KR_webconnectivity_7ed5674b83380e1e
https://packetstormsecurity.com/,ok,https://explorer.ooni.org/m/20260409092327.754404_KR_webconnectivity_c656b459c02ac3d6
http://phrack.org/,http-diff,https://explorer.ooni.org/m/20260409092328.670563_KR_webconnectivity_dc05c077dfb24079
http://ping.archlinux.org/,ok,https://explorer.ooni.org/m/20260409092330.391342_KR_webconnectivity_21d921942bb1b1d6
https://plan-uk.org/,ok,https://explorer.ooni.org/m/20260409092334.581602_KR_webconnectivity_e84acf8ca945506c
https://poki.com/,ok,https://explorer.ooni.org/m/20260409092336.369958_KR_webconnectivity_73a228431c64a3e1
https://repo1.maven.org/,ok,https://explorer.ooni.org/m/20260409092337.306060_KR_webconnectivity_2084caa2166e18ae
https://root-key-sentinel-is-ta-20326.d2a8n3.rootcanary.net/,ok,https://explorer.ooni.org/m/20260409092341.989940_KR_webconnectivity_b30afca5855688f0
https://root-key-sentinel-is-ta-38696.d2a8n3.rootcanary.net/,ok,https://explorer.ooni.org/m/20260409092345.663602_KR_webconnectivity_0b734f78642d9ca4
https://root-key-sentinel-not-ta-20326.d2a8n3.rootcanary.net/,ok,https://explorer.ooni.org/m/20260409092350.238645_KR_webconnectivity_562a46b7975607e1
https://root-key-sentinel-not-ta-38696.d2a8n3.rootcanary.net/,ok,https://explorer.ooni.org/m/20260409092354.837467_KR_webconnectivity_9e5b73b7fd0fd859
https://s3.amazonaws.com/ooni-data/archives-raw/yaml_tar_vault.json,ok,https://explorer.ooni.org/m/20260409092400.104732_KR_webconnectivity_dcf8bf349f5cb4ce
https://seclists.org/,ok,https://explorer.ooni.org/m/20260409092405.084599_KR_webconnectivity_2882985e29b68b7a
https://sentry.io/api/0/,ok,https://explorer.ooni.org/m/20260409092406.356354_KR_webconnectivity_ea8aa780aed9caa8
https://sourceforge.net/projects/loic/,ok,https://explorer.ooni.org/m/20260409092409.610988_KR_webconnectivity_fe4255c2623238f5
http://start.ubuntu.com/connectivity-check.html,ok,https://explorer.ooni.org/m/20260409092411.566915_KR_webconnectivity_a739df9f7905dd2b
https://store.steampowered.com/,ok,https://explorer.ooni.org/m/20260409092414.762984_KR_webconnectivity_388464a3b66fa135
https://swift.org/,ok,https://explorer.ooni.org/m/20260409092417.214456_KR_webconnectivity_903d3f7e4a70ab46
https://thehackernews.com/,ok,https://explorer.ooni.org/m/20260409092419.737288_KR_webconnectivity_beb859ef364ee3b0
https://tigerweb.ru/,ok,https://explorer.ooni.org/m/20260409092423.987642_KR_webconnectivity_9b273ea3ff33781c
https://toolbox.googleapps.com/,ok,https://explorer.ooni.org/m/20260409092427.654489_KR_webconnectivity_cd2bba2c6a7f7b41
https://totaljerkface.com/,ok,https://explorer.ooni.org/m/20260409092429.248005_KR_webconnectivity_0f8525598c5193db
https://trisquel.info/,ok,https://explorer.ooni.org/m/20260409092433.490178_KR_webconnectivity_e47e9280129a706e
https://use-application-dns.net/,ok,https://explorer.ooni.org/m/20260409092437.043669_KR_webconnectivity_31f64356224da679
https://wasabiwallet.io/,ok,https://explorer.ooni.org/m/20260409092441.644648_KR_webconnectivity_87b38371bb7654b4
https://wkkf.org/,ok,https://explorer.ooni.org/m/20260409092445.638140_KR_webconnectivity_d5c7d30219c8d33d
https://worldofwarcraft.com/,ok,https://explorer.ooni.org/m/20260409092450.136251_KR_webconnectivity_3de6904df991e9bc
http://wowbogo.net/,ok,https://explorer.ooni.org/m/20260409092451.356889_KR_webconnectivity_32760d8dae1d9e82
http://www.11st.co.kr/,ok,https://explorer.ooni.org/m/20260409092453.151449_KR_webconnectivity_0be4ff8bce64c382
https://www.2600.com/,ok,https://explorer.ooni.org/m/20260409092458.440952_KR_webconnectivity_7f9f89ddca942a18
https://www.airbnb.co.kr/,ok,https://explorer.ooni.org/m/20260409092502.086897_KR_webconnectivity_d7b78a08908f1713
https://www.akdn.org/,ok,https://explorer.ooni.org/m/20260409092507.756933_KR_webconnectivity_d77dd88b7824363b
https://www.amazon.com/,ok,https://explorer.ooni.org/m/20260409092509.091252_KR_webconnectivity_01527e2e715e7aee
http://www.apple.com/library/test/success.html,ok,https://explorer.ooni.org/m/20260409092510.733421_KR_webconnectivity_0cb59cfb37a194d2
https://www.apple.com/,ok,https://explorer.ooni.org/m/20260409092513.902533_KR_webconnectivity_1f88d2c0d70d4b80
http://www.auction.co.kr/,ok,https://explorer.ooni.org/m/20260409092514.970024_KR_webconnectivity_01a6a22d6e117b99
https://www.babbel.com/,ok,https://explorer.ooni.org/m/20260409092517.908317_KR_webconnectivity_df562a0633f82799
http://www.barnesandnoble.com/,error,https://explorer.ooni.org/m/20260409092618.240253_KR_webconnectivity_d777f5df799288f0
http://www.blackhat.be/,http-diff,https://explorer.ooni.org/m/20260409092620.467377_KR_webconnectivity_d3086adad3e26315
https://www.blizzard.com/,ok,https://explorer.ooni.org/m/20260409092623.843777_KR_webconnectivity_224ecbdf735f64ec
http://www.bobaedream.co.kr/,ok,https://explorer.ooni.org/m/20260409092629.773607_KR_webconnectivity_7f59a645c2f5ca95
https://www.blockchain.com/,ok,https://explorer.ooni.org/m/20260409092624.625473_KR_webconnectivity_e05a244b006644ba
https://www.care.org/,ok,https://explorer.ooni.org/m/20260409092636.126985_KR_webconnectivity_fd87dc5800fbc3e1
https://www.ccc.de/,ok,https://explorer.ooni.org/m/20260409092639.282145_KR_webconnectivity_b08df508bf8ee580
http://www.ccej.or.kr/,ok,https://explorer.ooni.org/m/20260409092644.732613_KR_webconnectivity_a9079d960bca2466
https://www.chess.com/,ok,https://explorer.ooni.org/m/20260409092647.291666_KR_webconnectivity_390d57a6cf6d9c1a
https://www.chromium.org/,ok,https://explorer.ooni.org/m/20260409092648.219748_KR_webconnectivity_75e95c961a60c8a7
https://www.coinbase.com/,ok,https://explorer.ooni.org/m/20260409092649.242472_KR_webconnectivity_ac438001fa00c63c
https://www.coinex.com/,ok,https://explorer.ooni.org/m/20260409092651.798762_KR_webconnectivity_193b62a08a6065d2
https://www.common-fund.org/,ok,https://explorer.ooni.org/m/20260409092656.203694_KR_webconnectivity_c8c19128c93de26f
https://www.concern.net/,ok,https://explorer.ooni.org/m/20260409092659.182695_KR_webconnectivity_96bda466f6dfbfe9
https://www.craigslist.org/,ok,https://explorer.ooni.org/m/20260409092707.775074_KR_webconnectivity_3488553b97520620
https://www.crs.org/,ok,https://explorer.ooni.org/m/20260409092708.985171_KR_webconnectivity_431a92e57df817c4
http://www.cyber-pirates.org/,ok,https://explorer.ooni.org/m/20260409092728.156395_KR_webconnectivity_f4d08806c99ce07e
https://www.darknet.org.uk/,ok,https://explorer.ooni.org/m/20260409092732.461039_KR_webconnectivity_b405931363796a87
https://www.ddo.com/,ok,https://explorer.ooni.org/m/20260409092738.913595_KR_webconnectivity_e28861c090960c72
https://www.ea.com/,ok,https://explorer.ooni.org/m/20260409092742.133718_KR_webconnectivity_d5ffac0cc1c9a154
https://www.ebay.com/,ok,https://explorer.ooni.org/m/20260409092747.414161_KR_webconnectivity_2a4b3b8367120805
https://www.eccouncil.org/,ok,https://explorer.ooni.org/m/20260409092751.198124_KR_webconnectivity_5dda50ba8e6ede10
https://www.episcopalrelief.org/,ok,https://explorer.ooni.org/m/20260409092753.927895_KR_webconnectivity_0f3391137d0d8e4c
https://www.eveonline.com/,ok,https://explorer.ooni.org/m/20260409092756.712778_KR_webconnectivity_771f576fe6d4d1db
https://www.exploit-db.com/,ok,https://explorer.ooni.org/m/20260409092800.319849_KR_webconnectivity_13ebd00aead54f07
https://www.f-list.net/,ok,https://explorer.ooni.org/m/20260409092803.401378_KR_webconnectivity_60f990ccfc0bc2db
http://www.feedtheminds.org/,tcp_ip,https://explorer.ooni.org/m/20260409092804.631134_KR_webconnectivity_7cb101b846f91ac3
http://www.fki.or.kr/,ok,https://explorer.ooni.org/m/20260409092807.208626_KR_webconnectivity_74288abd97c79ba4
https://www.g5.com/,ok,https://explorer.ooni.org/m/20260409092812.234865_KR_webconnectivity_ad5632c79f162fb1
https://www.gamespot.com/,ok,https://explorer.ooni.org/m/20260409092813.135252_KR_webconnectivity_b754a4cce0a70c39
https://www.gazprombank.ru/,ok,https://explorer.ooni.org/m/20260409092820.273690_KR_webconnectivity_836beffb38090254
https://www.genymotion.com/,ok,https://explorer.ooni.org/m/20260409092823.143124_KR_webconnectivity_0f09732ac268769d
https://www.globalgiving.org/,ok,https://explorer.ooni.org/m/20260409092826.506285_KR_webconnectivity_6adc8ccb2cfb49bb
https://www.gofundme.com/,ok,https://explorer.ooni.org/m/20260409092829.181848_KR_webconnectivity_369a9a9dca6a9fd9
https://www.gog.com/,ok,https://explorer.ooni.org/m/20260409092834.361037_KR_webconnectivity_54c47e5c2953b24a
https://www.groupon.com/,ok,https://explorer.ooni.org/m/20260409092838.803370_KR_webconnectivity_beb9e21a3d77ed7a
https://www.guildwars.com/,ok,https://explorer.ooni.org/m/20260409092844.508490_KR_webconnectivity_b31c2ecbb4fea0e0
https://www.habbo.com/,ok,https://explorer.ooni.org/m/20260409092846.781210_KR_webconnectivity_e7c7f5ed7e3d3ea0
http://www.hackforums.net/,http-diff,https://explorer.ooni.org/m/20260409092848.043418_KR_webconnectivity_a4fcdd957e3e7e2e
http://www.hackhull.com/,http-diff,https://explorer.ooni.org/m/20260409092851.792485_KR_webconnectivity_92acebe8241a3b78
http://www.hackinthebox.org/,tcp_ip,https://explorer.ooni.org/m/20260409092900.520878_KR_webconnectivity_3d60d6489e7a0e17
http://www.hacktivismo.com/,http-diff,https://explorer.ooni.org/m/20260409092902.191249_KR_webconnectivity_6725ca32d9dc66ba
https://www.helvetas.ch/,ok,https://explorer.ooni.org/m/20260409092911.805722_KR_webconnectivity_8fcddc8e70b8e657
https://www.idrc.ca/,ok,https://explorer.ooni.org/m/20260409092918.640746_KR_webconnectivity_b16797869fac96c9
http://www.idsoftware.com/,ok,https://explorer.ooni.org/m/20260409092919.718166_KR_webconnectivity_14949136b16b2df6
https://www.ifad.org/,ok,https://explorer.ooni.org/m/20260409092921.187448_KR_webconnectivity_3e4dc24e562138a4
https://www.ifc.org/,ok,https://explorer.ooni.org/m/20260409092923.386422_KR_webconnectivity_b44d44e46ea48222
https://www.imf.org/,ok,https://explorer.ooni.org/m/20260409092924.841673_KR_webconnectivity_34adbec423537f59
https://www.international.gc.ca/,ok,https://explorer.ooni.org/m/20260409092930.922281_KR_webconnectivity_87bd722919fdfc36
https://www.internetsociety.org/,ok,https://explorer.ooni.org/m/20260409092934.924967_KR_webconnectivity_d1545f067b777e64
http://www.inven.co.kr/,http-diff,https://explorer.ooni.org/m/20260409092938.650346_KR_webconnectivity_3b877df60f580a9d
https://www.kali.org/,ok,https://explorer.ooni.org/m/20260409092942.305419_KR_webconnectivity_3aa25ddb7155d74f
https://www.kbs-frb.be/,ok,https://explorer.ooni.org/m/20260409092948.441489_KR_webconnectivity_9b0739d46f27c8e2
https://www.kraken.com/,ok,https://explorer.ooni.org/m/20260409092951.004130_KR_webconnectivity_02b6954585c8b30d
https://www.kucoin.com/,ok,https://explorer.ooni.org/m/20260409092954.690197_KR_webconnectivity_cd25729c09a19610
https://www.lastwar.com/,ok,https://explorer.ooni.org/m/20260409092956.382596_KR_webconnectivity_56ab991f0852cc6c
https://www.macfound.org/,ok,https://explorer.ooni.org/m/20260409092959.755515_KR_webconnectivity_1c317f8e8bb56270
https://www.malwares.com/,ok,https://explorer.ooni.org/m/20260409093003.345781_KR_webconnectivity_d57fd1d7630e636d
https://www.minecraft.net/,ok,https://explorer.ooni.org/m/20260409093006.886046_KR_webconnectivity_a465fbe5b2cdf1f5
http://www.msftconnecttest.com/connecttest.txt,ok,https://explorer.ooni.org/m/20260409093009.877130_KR_webconnectivity_50de68a5ce31e5de
http://www.msftncsi.com/ncsi.txt,ok,https://explorer.ooni.org/m/20260409093011.801759_KR_webconnectivity_92ec0a4641fa801f
http://www.netmarble.net/,http-diff,https://explorer.ooni.org/m/20260409093015.790608_KR_webconnectivity_ab30b9129185d003
http://www.nexon.com/,http-diff,https://explorer.ooni.org/m/20260409093021.607576_KR_webconnectivity_80d20f416aad26bf
http://www.nmrc.org/,http-diff,https://explorer.ooni.org/m/20260409093025.074746_KR_webconnectivity_417a899541b8e6cd
https://www.oxfam.org/,ok,https://explorer.ooni.org/m/20260409093030.479592_KR_webconnectivity_b512ca287d077359
https://www.paralleleconomy.com/,ok,https://explorer.ooni.org/m/20260409093035.744746_KR_webconnectivity_37f252fe706538f2
https://www.paypal.com/,ok,https://explorer.ooni.org/m/20260409093038.144568_KR_webconnectivity_bf634b6621c26630
http://www.pcgamer.com/,http-diff,https://explorer.ooni.org/m/20260409093039.009965_KR_webconnectivity_bff6e9d2e66f6e3d
https://www.playstation.com/,ok,https://explorer.ooni.org/m/20260409093042.373459_KR_webconnectivity_7e8dc40145bfc10c
https://www.pogo.com/,ok,https://explorer.ooni.org/m/20260409093044.378108_KR_webconnectivity_267f4c3fbd08c056
https://www.progressio.org.uk/,ok,https://explorer.ooni.org/m/20260409093049.106654_KR_webconnectivity_f5fdb9a2b1f56f43
https://www.rbf.org/,ok,https://explorer.ooni.org/m/20260409093050.902301_KR_webconnectivity_fca066396fbdf22a
https://www.roblox.com/,ok,https://explorer.ooni.org/m/20260409093053.557494_KR_webconnectivity_145942d45b2dfc9e
http://www.rockstargames.com/,http-diff,https://explorer.ooni.org/m/20260409093055.010386_KR_webconnectivity_0b8f52e0b64db02e
http://www.runescape.com/,http-diff,https://explorer.ooni.org/m/20260409093057.430272_KR_webconnectivity_179bb97d73edfb9e
http://www.sida.se/,ok,https://explorer.ooni.org/m/20260409093104.320799_KR_webconnectivity_aab9c404e926ba20
http://www.square-enix.com/,http-diff,https://explorer.ooni.org/m/20260409093106.218588_KR_webconnectivity_b63688cc6bba5e49
https://www.thegeekdiary.com/,ok,https://explorer.ooni.org/m/20260409093107.990306_KR_webconnectivity_6500a63f072e3407
https://www.uber.com/,ok,https://explorer.ooni.org/m/20260409093111.187162_KR_webconnectivity_732576acd91437da
https://www.ubisoft.com/,ok,https://explorer.ooni.org/m/20260409093118.434337_KR_webconnectivity_f6e33b63e10f7df7
http://www.unlockme.co.uk/,ok,https://explorer.ooni.org/m/20260409093120.444551_KR_webconnectivity_65db7b91760a7ef4
https://www.usaid.gov/,ok,https://explorer.ooni.org/m/20260409093123.970455_KR_webconnectivity_6981ab3d3ac5965b
https://www.walmart.com/,ok,https://explorer.ooni.org/m/20260409093126.536837_KR_webconnectivity_80ffb2180dbff688
https://www.weforum.org/,ok,https://explorer.ooni.org/m/20260409093129.294819_KR_webconnectivity_2b82b41409a184b6
https://www.westernunion.com/,ok,https://explorer.ooni.org/m/20260409093132.579216_KR_webconnectivity_a722905ef56df11f
https://www.wmtransfer.com/,ok,https://explorer.ooni.org/m/20260409093152.459661_KR_webconnectivity_0937544440246430
https://www.worldbank.org/,ok,https://explorer.ooni.org/m/20260409093155.870136_KR_webconnectivity_cbbd6e6fe0abd06b
http://www.zone-h.org/,ok,https://explorer.ooni.org/m/20260409093157.844023_KR_webconnectivity_f94540c99aed304d
https://xe.com/,ok,https://explorer.ooni.org/m/20260409093202.216852_KR_webconnectivity_10db060c5e18e213
http://zipbogo.net/,confirmed,https://explorer.ooni.org/m/20260409093214.125384_KR_webconnectivity_bbbcfb816ea2327f
https://kickasstorrents.to/,ok,https://explorer.ooni.org/m/20260409093215.829404_KR_webconnectivity_ad7aa157860a3120
https://theonion.com/,ok,https://explorer.ooni.org/m/20260409093219.844704_KR_webconnectivity_cfe159214d47684c
http://tongil-i.net/,ok,https://explorer.ooni.org/m/20260409093220.629056_KR_webconnectivity_c9589f5852e602e9
https://www.rollingstone.com/,ok,https://explorer.ooni.org/m/20260409093225.120397_KR_webconnectivity_148427e4ea88eee7
https://assets.gitlab-static.net/robots.txt,dns,https://explorer.ooni.org/m/20260409093230.026888_KR_webconnectivity_6f3f361a867a4517
https://dns.adguard.com/dns-query?dns=q80BAAABAAAAAAAAA3d3dwdleGFtcGxlA2NvbQAAAQAB,tcp_ip,https://explorer.ooni.org/m/20260409093230.752171_KR_webconnectivity_1b998a458615df69
https://doh.centraleu.pi-dns.com/dns-query?dns=q80BAAABAAAAAAAAA3d3dwdleGFtcGxlA2NvbQAAAQAB,dns,https://explorer.ooni.org/m/20260409093231.557296_KR_webconnectivity_3bc88b44268e1d82
https://gitlab.com/,ok,https://explorer.ooni.org/m/20260409093234.334523_KR_webconnectivity_ee56b106727991e4
https://cocaine.org/,ok,https://explorer.ooni.org/m/20260409093236.571359_KR_webconnectivity_43f48df50ed24b54
https://coronavirus.app/,ok,https://explorer.ooni.org/m/20260409093238.103235_KR_webconnectivity_7bd2ca148a602951
https://deepseek.ai/,ok,https://explorer.ooni.org/m/20260409093248.392301_KR_webconnectivity_1771a4ac94154809
https://dweb.link/,ok,https://explorer.ooni.org/m/20260409093250.240628_KR_webconnectivity_5453d1dad6a7b0ed
http://h50030.www5.hp.com/,ok,https://explorer.ooni.org/m/20260409093251.047893_KR_webconnectivity_cf8884f2a5e00b3b
http://internetphone114.com/,ok,https://explorer.ooni.org/m/20260409093251.787745_KR_webconnectivity_564548608709b583
https://ipfs.io/,ok,https://explorer.ooni.org/m/20260409093258.025300_KR_webconnectivity_24776d570f4763e0
https://pps.whatsapp.net/robots.txt,ok,https://explorer.ooni.org/m/20260409093259.597980_KR_webconnectivity_9711ca1b159eff41
https://support.therapytribe.com/hivaids-support-group/,ok,https://explorer.ooni.org/m/20260409093300.839116_KR_webconnectivity_82afba12382240a0
https://tse1.explicit.bing.net/robots.txt,ok,https://explorer.ooni.org/m/20260409093301.783018_KR_webconnectivity_47e9da487cc16606
http://tvpot.media.daum.net/,ok,https://explorer.ooni.org/m/20260409093303.713977_KR_webconnectivity_637dbbd024c43daf
https://www.bittorrent.com/,ok,https://explorer.ooni.org/m/20260409093306.046491_KR_webconnectivity_f0c1b8dbe20c016a
https://www.ectaco.com/,ok,https://explorer.ooni.org/m/20260409093307.674003_KR_webconnectivity_6af14e65e0073ac9
http://www.lsinc.co.kr/,ok,https://explorer.ooni.org/m/20260409093308.556939_KR_webconnectivity_7fa13fec655521b1
http://www.photobucket.com/,http-diff,https://explorer.ooni.org/m/20260409093310.090826_KR_webconnectivity_f1a5501f18fce478
https://www.sendspace.com/,error,https://explorer.ooni.org/m/20260409093311.891351_KR_webconnectivity_1d3ecb916765fe2a
https://www.tumblr.com/,ok,https://explorer.ooni.org/m/20260409093315.294729_KR_webconnectivity_81fb9524ae0851b3
http://www.veoh.com/,ok,https://explorer.ooni.org/m/20260409093318.510595_KR_webconnectivity_1465c435b0b32667
https://www.vonage.com/,ok,https://explorer.ooni.org/m/20260409093319.729037_KR_webconnectivity_18bf01219b80f6ac
https://ya.ru/,ok,https://explorer.ooni.org/m/20260409093326.818271_KR_webconnectivity_55098b4b5f599e69
https://airvpn.org/,error,https://explorer.ooni.org/m/20260409093328.810055_KR_webconnectivity_c4caeffd19047026
https://allout.org/,ok,https://explorer.ooni.org/m/20260409093332.993311_KR_webconnectivity_d4a46c663d6370c7
https://api.protonvpn.ch/tests/ping,http-failure,https://explorer.ooni.org/m/20260409093354.400845_KR_webconnectivity_0ce555ec80ada177
http://beyondexgay.com/,http-diff,https://explorer.ooni.org/m/20260409093356.181183_KR_webconnectivity_a21f155bdff4584b
https://bi.org/,ok,https://explorer.ooni.org/m/20260409093358.921110_KR_webconnectivity_109235dcf55fb0be
https://boingboing.net/,ok,https://explorer.ooni.org/m/20260409093400.054728_KR_webconnectivity_d2064651ad376eba
https://ccrjustice.org/,ok,https://explorer.ooni.org/m/20260409093401.657289_KR_webconnectivity_815148cc26a8f0aa
https://censorship.no/,ok,https://explorer.ooni.org/m/20260409093404.236078_KR_webconnectivity_96e0f50d520cc558
http://comingout.narun.net/,ok,https://explorer.ooni.org/m/20260409093408.751799_KR_webconnectivity_1bb83d9431835523
https://creativecommons.org/,ok,https://explorer.ooni.org/m/20260409093410.733277_KR_webconnectivity_6d88473328923129
https://dartcenter.org/,ok,https://explorer.ooni.org/m/20260409093412.261503_KR_webconnectivity_587363c419973e0a
http://english.chosun.com/,ok,https://explorer.ooni.org/m/20260409093413.680039_KR_webconnectivity_2fbf167ff39ae4c5
https://explorer.ooni.org/,ok,https://explorer.ooni.org/m/20260409093416.541454_KR_webconnectivity_5c52be0fa570573c
https://freesocks.org/,ok,https://explorer.ooni.org/m/20260409093418.561234_KR_webconnectivity_a6a0158bf94a2214
http://gaytoday.com/,http-diff,https://explorer.ooni.org/m/20260409093420.242643_KR_webconnectivity_25c9b07d6f286c30
https://gijn.org/,ok,https://explorer.ooni.org/m/20260409093421.650824_KR_webconnectivity_bdabcc01033e9484
https://grindr.mobi/,ok,https://explorer.ooni.org/m/20260409093422.864025_KR_webconnectivity_37628bc209b27067
http://inter.kdlp.org/,ok,https://explorer.ooni.org/m/20260409093424.239388_KR_webconnectivity_e12d7c4341ac0069
https://lantern.io/,ok,https://explorer.ooni.org/m/20260409093426.454723_KR_webconnectivity_67b7ddc24790496f
https://multiproxy.org/,ok,https://explorer.ooni.org/m/20260409093429.311486_KR_webconnectivity_7e799f36938c59bb
http://nkhumanrights.or.kr/,ok,https://explorer.ooni.org/m/20260409093431.676121_KR_webconnectivity_2961ff6017f5b4bb
https://nordvpn.com/,ok,https://explorer.ooni.org/m/20260409093433.595622_KR_webconnectivity_948f505afeab92e2
https://ooni.org/,ok,https://explorer.ooni.org/m/20260409093435.053097_KR_webconnectivity_aabb764cea90e14e
https://securevpn.com/,ok,https://explorer.ooni.org/m/20260409093437.914940_KR_webconnectivity_9e18c8762103bb04
https://thunder.free-signal.com/,ok,https://explorer.ooni.org/m/20260409093441.716028_KR_webconnectivity_b2d5d1579a6c9141
https://ultravpn.com/,ok,https://explorer.ooni.org/m/20260409093444.378612_KR_webconnectivity_7995fa55bbc7088a
http://www.anonymizer.ru/,http-diff,https://explorer.ooni.org/m/20260409093446.086577_KR_webconnectivity_449284c9f295f004
https://www.arabnews.com/,ok,https://explorer.ooni.org/m/20260409093447.269024_KR_webconnectivity_c63bd716b96a397f
https://www.article19.org/,ok,https://explorer.ooni.org/m/20260409093448.663459_KR_webconnectivity_776787141dc04e25
https://www.betternet.co/,ok,https://explorer.ooni.org/m/20260409093450.945376_KR_webconnectivity_9415bc49842efc7c
https://www.business-humanrights.org/,ok,https://explorer.ooni.org/m/20260409093451.973797_KR_webconnectivity_a717d9e2939bc1c3
http://www.cawinfo.org/,ok,https://explorer.ooni.org/m/20260409093528.762282_KR_webconnectivity_7bf5c7068234d32d
https://www.clintonfoundation.org/,ok,https://explorer.ooni.org/m/20260409093529.860687_KR_webconnectivity_ca035667c572cf5a
http://www.dit-inc.us/,http-diff,https://explorer.ooni.org/m/20260409093530.964935_KR_webconnectivity_9ec1f983fa0128f4
https://www.echr.coe.int/,ok,https://explorer.ooni.org/m/20260409093532.181865_KR_webconnectivity_a14eae21a2c2a55f
https://www.freespeechcoalition.com/,ok,https://explorer.ooni.org/m/20260409093534.920765_KR_webconnectivity_efcc0fb0c10a83a8
https://www.hidemyass.com/,ok,https://explorer.ooni.org/m/20260409093538.759084_KR_webconnectivity_3d3b95bee75d86e7
https://www.hyphanet.org/,ok,https://explorer.ooni.org/m/20260409093540.028041_KR_webconnectivity_0bb1aea81bfbb9e5
https://www.icj.org/,ok,https://explorer.ooni.org/m/20260409093542.752067_KR_webconnectivity_5d004fa0affc6a26
https://www.ipvanish.com/,ok,https://explorer.ooni.org/m/20260409093549.098512_KR_webconnectivity_7c021bc401686206
https://www.ivpn.net/,ok,https://explorer.ooni.org/m/20260409093551.661076_KR_webconnectivity_1b37393beb7f8072
https://www.jihadwatch.org/,ok,https://explorer.ooni.org/m/20260409093553.167030_KR_webconnectivity_fd805dc9def3d999
https://www.knapsackforhope.org/,ok,https://explorer.ooni.org/m/20260409093554.448296_KR_webconnectivity_6d1cb7b2e4a9f6c9
http://www.korea-htr.com/chuo/,confirmed,https://explorer.ooni.org/m/20260409093559.643244_KR_webconnectivity_435ddf80ca7cb7c8
https://www.megaproxy.com/,http-failure,https://explorer.ooni.org/m/20260409093620.929859_KR_webconnectivity_706abab855ddaca9
https://www.nifty.org/,ok,https://explorer.ooni.org/m/20260409093623.638159_KR_webconnectivity_481631d0343c91f3
http://www.peacefire.org/circumventor/simple-circumventor-instructions.html,http-diff,https://explorer.ooni.org/m/20260409093624.882246_KR_webconnectivity_13462c96bbd0d9fa
https://www.pinkcupid.com/,ok,https://explorer.ooni.org/m/20260409093628.109548_KR_webconnectivity_f6d3b0872468d553
https://www.privateinternetaccess.com/,ok,https://explorer.ooni.org/m/20260409093636.716116_KR_webconnectivity_e45bca0bf21dec7f
https://www.teafund.org/,ok,https://explorer.ooni.org/m/20260409093640.042753_KR_webconnectivity_6d2bbb28c97ba580
https://www.torproject.org/,ok,https://explorer.ooni.org/m/20260409093643.776728_KR_webconnectivity_75dcd6390664adf9
https://www.unfe.org/,ok,https://explorer.ooni.org/m/20260409093644.773212_KR_webconnectivity_26fe0a8137f70a30
https://www.unicef.org/,ok,https://explorer.ooni.org/m/20260409093645.915364_KR_webconnectivity_51d8acba7b80181c
https://www.womenonweb.org/,http-failure,https://explorer.ooni.org/m/20260409093647.474125_KR_webconnectivity_bb7c6fb1f13d6a3e
https://zenvpn.net/,http-failure,https://explorer.ooni.org/m/20260409093708.522671_KR_webconnectivity_bd57ea80361b9ff4
https://bsky.app/,ok,https://explorer.ooni.org/m/20260409093711.151247_KR_webconnectivity_64c697a861be2865
https://clubhouse.pubnub.com/,ok,https://explorer.ooni.org/m/20260409093713.563139_KR_webconnectivity_056bb91d1ffc15f1
https://external.xx.fbcdn.net/robots.txt,ok,https://explorer.ooni.org/m/20260409093715.509613_KR_webconnectivity_e5817246b76f84f6
https://gettr.com/,ok,https://explorer.ooni.org/m/20260409093717.553172_KR_webconnectivity_a45713644f0f9253
https://i.instagram.com/robots.txt,ok,https://explorer.ooni.org/m/20260409093720.092737_KR_webconnectivity_90082ddd35623f11
https://mastodon.social/,ok,https://explorer.ooni.org/m/20260409093722.167177_KR_webconnectivity_50d4277447ca5c70
https://preview.redd.it/robots.txt,ok,https://explorer.ooni.org/m/20260409093723.039485_KR_webconnectivity_976dbd5edf10aecc
https://scontent.xx.fbcdn.net/robots.txt,ok,https://explorer.ooni.org/m/20260409093724.874146_KR_webconnectivity_e8ce5fd5ad3326d5
https://static.cdninstagram.com/robots.txt,ok,https://explorer.ooni.org/m/20260409093728.717802_KR_webconnectivity_0f2012dede05437f
https://staticxx.facebook.com/robots.txt,ok,https://explorer.ooni.org/m/20260409093730.404498_KR_webconnectivity_c48e17b5e40fcc6c
https://valence.community/,ok,https://explorer.ooni.org/m/20260409093732.607035_KR_webconnectivity_fe0104d470b6c905
https://web.facebook.com/robots.txt,ok,https://explorer.ooni.org/m/20260409093735.015938_KR_webconnectivity_ffe8f089089a87e2
https://www.clubhouse.com/,ok,https://explorer.ooni.org/m/20260409093737.166331_KR_webconnectivity_2f593cc4e51384f1
https://www.imqq.com/,ok,https://explorer.ooni.org/m/20260409093739.315888_KR_webconnectivity_0dff86cf04080bf9
https://www.joinclubhouse.com/,ok,https://explorer.ooni.org/m/20260409093740.701574_KR_webconnectivity_31d5ec6987f1b1de
https://www.worldpulse.com/,ok,https://explorer.ooni.org/m/20260409093742.132201_KR_webconnectivity_42f1fcbb12112231
https://i.pinimg.com/236x/78/6e/00/786e00eab219eca59803d118fbe0feb3.jpg,ok,https://explorer.ooni.org/m/20260409093744.139856_KR_webconnectivity_033f26d8ea7f6ed5
https://joinmastodon.org/,ok,https://explorer.ooni.org/m/20260409093746.561377_KR_webconnectivity_fae9b67285899ec2
https://locals.com/,ok,https://explorer.ooni.org/m/20260409093749.632536_KR_webconnectivity_63f77c764658b110
https://mastodon.cloud/,ok,https://explorer.ooni.org/m/20260409093751.761127_KR_webconnectivity_a02e0c9f13162e4b
https://mstdn.io/,ok,https://explorer.ooni.org/m/20260409093754.512005_KR_webconnectivity_e38639e6f7a82ee3
https://mstdn.jp/,ok,https://explorer.ooni.org/m/20260409093756.828914_KR_webconnectivity_9d0f5bc264a951b2
https://pbs.twimg.com/profile_images/941658150889054208/lFeD3554_200x200.jpg,ok,https://explorer.ooni.org/m/20260409093758.750161_KR_webconnectivity_a0207e3507be0d5e
https://pixelfed.social/,ok,https://explorer.ooni.org/m/20260409093800.360009_KR_webconnectivity_6d90e99f74119a10
https://s.pinimg.com/robots.txt,ok,https://explorer.ooni.org/m/20260409093802.503347_KR_webconnectivity_fe92c3c8eab13d69
https://scontent-vie1-1.cdninstagram.com/favicon.ico,ok,https://explorer.ooni.org/m/20260409093805.577196_KR_webconnectivity_b094ea31b5484f6b
https://untappd.com/,ok,https://explorer.ooni.org/m/20260409093808.210085_KR_webconnectivity_64a7404bfce154fb
https://video.twimg.com/tweet_video/EC6DSXDXsAEhHAa.mp4,ok,https://explorer.ooni.org/m/20260409093810.502474_KR_webconnectivity_2b220a021ab65cf0
https://www.hootsuite.com/,ok,https://explorer.ooni.org/m/20260409093812.360547_KR_webconnectivity_15345408e166104a
https://www.linkedin.com/,ok,https://explorer.ooni.org/m/20260409093815.739387_KR_webconnectivity_c9b338623c4a67e8
https://www.minds.com/,ok,https://explorer.ooni.org/m/20260409093821.146485_KR_webconnectivity_8b7a5bb6e8a7fbf2
https://www.patreon.com/,ok,https://explorer.ooni.org/m/20260409093823.422335_KR_webconnectivity_741040a16664a8a5
https://afterellen.com/,ok,https://explorer.ooni.org/m/20260409093824.544370_KR_webconnectivity_cab95c4478661b6a
https://cdt.org/,ok,https://explorer.ooni.org/m/20260409093826.162602_KR_webconnectivity_25cd03ba320890cb
https://cryptome.org/,error,https://explorer.ooni.org/m/20260409093829.978447_KR_webconnectivity_2cd74d8f2fde16d9
http://freedom.jinbo.net/,ok,https://explorer.ooni.org/m/20260409093831.995331_KR_webconnectivity_1c43a1e33ea0d71f
https://getintra.org/,ok,https://explorer.ooni.org/m/20260409093833.745387_KR_webconnectivity_b8d2916252635c62
https://getoutline.org/,ok,https://explorer.ooni.org/m/20260409093836.000307_KR_webconnectivity_d6d502772fd8fd65
https://hola.org/,ok,https://explorer.ooni.org/m/20260409093840.509721_KR_webconnectivity_c8c187d8dff20980
http://hrnet.jinbo.net/,ok,https://explorer.ooni.org/m/20260409093842.517365_KR_webconnectivity_f9a1f929ede839ba
https://iyfglobal.org/,ok,https://explorer.ooni.org/m/20260409093844.134782_KR_webconnectivity_17794436bf9aa34b
http://kscrc.org/,ok,https://explorer.ooni.org/m/20260409093846.564308_KR_webconnectivity_c5b4a78232026444
https://lalgbtcenter.org/,ok,https://explorer.ooni.org/m/20260409093848.126442_KR_webconnectivity_805871e4df7bb60e
https://leap.se/,ok,https://explorer.ooni.org/m/20260409093850.640368_KR_webconnectivity_48e0b1ee890dcceb
https://lgbtnewsnow.org/,ok,https://explorer.ooni.org/m/20260409093854.908091_KR_webconnectivity_353ee6ad3e834b6b
https://mask-h2.icloud.com/,error,https://explorer.ooni.org/m/20260409093856.352238_KR_webconnectivity_7b1cd9b66d6cc3cc
https://minorityrights.org/,ok,https://explorer.ooni.org/m/20260409093858.909574_KR_webconnectivity_63bf6ca0b9311b0a
http://nocensor.org/,ok,https://explorer.ooni.org/m/20260409093900.595118_KR_webconnectivity_7a7e306b5ca875f3
http://nodongsarang.org/,ok,https://explorer.ooni.org/m/20260409093902.580761_KR_webconnectivity_7d1adaf4d7e4daaa
https://orbot.app/,ok,https://explorer.ooni.org/m/20260409093904.689616_KR_webconnectivity_f7810059e46c91a5
https://pflag.org/,ok,https://explorer.ooni.org/m/20260409093908.173715_KR_webconnectivity_be8f7a9e8400b0aa
https://riseup.net/,error,https://explorer.ooni.org/m/20260409093910.521925_KR_webconnectivity_6740fef221221da2
https://sputnikglobe.com/,ok,https://explorer.ooni.org/m/20260409093917.951035_KR_webconnectivity_cdd94fa171c067c3
https://tor.eff.org/,ok,https://explorer.ooni.org/m/20260409093920.752864_KR_webconnectivity_849ee7e5906f4092
https://transfemscience.org/,ok,https://explorer.ooni.org/m/20260409093922.998228_KR_webconnectivity_7ac25e87d7ad3f6d
https://triplebit.org/,ok,https://explorer.ooni.org/m/20260409093928.119780_KR_webconnectivity_c79917ec4e8c91dc
https://unredacted.org/,ok,https://explorer.ooni.org/m/20260409093929.451117_KR_webconnectivity_6cf6af765191791f
https://womenhelp.org/,http-failure,https://explorer.ooni.org/m/20260409093931.623228_KR_webconnectivity_c9628e15911d423e
https://www.bnaibrith.org/,ok,https://explorer.ooni.org/m/20260409093933.132445_KR_webconnectivity_c4605752403a3354
https://www.cato.org/,ok,https://explorer.ooni.org/m/20260409093934.360268_KR_webconnectivity_2e77f07ef54fa904
https://www.economist.com/,ok,https://explorer.ooni.org/m/20260409093935.589157_KR_webconnectivity_905c9b3d65bf3bb4
https://www.exgay.com/,ok,https://explorer.ooni.org/m/20260409093937.023447_KR_webconnectivity_7c349d805fde4360
http://www.fridae.com/,http-diff,https://explorer.ooni.org/m/20260409093939.325154_KR_webconnectivity_f073f23e7d337930
https://www.ft.com/,ok,https://explorer.ooni.org/m/20260409093941.294912_KR_webconnectivity_c5c28d2b9f54e916
http://www.glbtqarchive.com/,ok,https://explorer.ooni.org/m/20260409093943.124750_KR_webconnectivity_4e24e295dc723bbb
http://www.goodasyou.net/,ok,https://explorer.ooni.org/m/20260409093945.774705_KR_webconnectivity_f1deb6a1107b8107
http://www.http-tunnel.com/,http-diff,https://explorer.ooni.org/m/20260409093946.641352_KR_webconnectivity_d8c1ad9c91f2132c
http://www.ifex.org/,ok,https://explorer.ooni.org/m/20260409093950.201081_KR_webconnectivity_fc95988a33957477
http://www.ifge.org/,http-diff,https://explorer.ooni.org/m/20260409093951.491648_KR_webconnectivity_580c0b570ab8b40c
https://www.ineedana.com/,ok,https://explorer.ooni.org/m/20260409093955.736748_KR_webconnectivity_b4990c305cd7ea0f
https://www.infomigrants.net/,ok,https://explorer.ooni.org/m/20260409093957.660161_KR_webconnectivity_86e352792be7f042
http://www.inochong.org/,ok,https://explorer.ooni.org/m/20260409093959.618775_KR_webconnectivity_ad5208147a2e3ff3
http://www.kcna.kp/,tcp_ip,https://explorer.ooni.org/m/20260409094045.378520_KR_webconnectivity_63fa36ee6feb377d
http://www.kqcf.org/,ok,https://explorer.ooni.org/m/20260409094051.384640_KR_webconnectivity_1aeeb03b15926353
http://www.mizzima.com/,ok,https://explorer.ooni.org/m/20260409094052.852282_KR_webconnectivity_8ab89da01d799940
https://www.ohchr.org/,ok,https://explorer.ooni.org/m/20260409094054.387457_KR_webconnectivity_b4be679c695a0542
http://www.oneworld.net/,ok,https://explorer.ooni.org/m/20260409094103.167708_KR_webconnectivity_ebb775378a7fc720
https://www.rfi.fr/,ok,https://explorer.ooni.org/m/20260409094106.412601_KR_webconnectivity_bace8a25d467063b
http://www.snumaum.org/,ok,https://explorer.ooni.org/m/20260409094110.683986_KR_webconnectivity_b152c85abbbcb5b3
http://www.sp.or.kr/,dns,https://explorer.ooni.org/m/20260409094111.783453_KR_webconnectivity_db45da144426f42d
https://www.telegraph.co.uk/,ok,https://explorer.ooni.org/m/20260409094113.560509_KR_webconnectivity_3630da30d394bf46
http://www.towleroad.com/,http-diff,https://explorer.ooni.org/m/20260409094114.403228_KR_webconnectivity_56664def04db8953
https://www.unhcr.org/,ok,https://explorer.ooni.org/m/20260409094115.640007_KR_webconnectivity_862acfe72ad1a1a7
http://www.upschool.net/xe/,ok,https://explorer.ooni.org/m/20260409094117.380527_KR_webconnectivity_1ca3d6379439ed43
http://www.vop.co.kr/,error,https://explorer.ooni.org/m/20260409094133.446981_KR_webconnectivity_a50066c1b3ddba42
http://baykoreans.net/,confirmed,https://explorer.ooni.org/m/20260409094135.129082_KR_webconnectivity_f31c498b4454a6e5
https://chika.aangat.lahat.computer/,ok,https://explorer.ooni.org/m/20260409094137.527900_KR_webconnectivity_e17899a535bc46f8
https://kick.com/,ok,https://explorer.ooni.org/m/20260409094138.779531_KR_webconnectivity_4bc254a430460528
https://mail.yandex.ru/,http-failure,https://explorer.ooni.org/m/20260409094200.683915_KR_webconnectivity_78be34f2c02b8e62
https://presearch.com/,ok,https://explorer.ooni.org/m/20260409094202.341324_KR_webconnectivity_44a00bae323719e4
http://www.kissphoto.net/,ok,https://explorer.ooni.org/m/20260409094204.798687_KR_webconnectivity_6f7ee8e28ffc85fa
https://t.co/,ok,https://explorer.ooni.org/m/20260409094206.119117_KR_webconnectivity_21dd347d48ee77e7
https://www.beintheknow.org/,ok,https://explorer.ooni.org/m/20260409094209.059301_KR_webconnectivity_f1e466bf52c18aea
http://www.pandora.tv/,ok,https://explorer.ooni.org/m/20260409094210.008264_KR_webconnectivity_0616b05500c27acc
http://www.scarleteen.com/,http-diff,https://explorer.ooni.org/m/20260409094213.451803_KR_webconnectivity_b25fb2ec0a09fab5
http://bitsnoop.com/,confirmed,https://explorer.ooni.org/m/20260409094214.350652_KR_webconnectivity_7b47c3a20085ef4a
https://forum.mhut.org/,error,https://explorer.ooni.org/m/20260409094217.088151_KR_webconnectivity_92d4ee4f95754ff5
https://sci-hub.se/,ok,https://explorer.ooni.org/m/20260409094217.815652_KR_webconnectivity_ed13e134eb4f99cc
http://software.naver.com/,ok,https://explorer.ooni.org/m/20260409094218.726530_KR_webconnectivity_0a833768b7736f23
http://torrent82.com/,ok,https://explorer.ooni.org/m/20260409094219.658414_KR_webconnectivity_a8bce7be7222e7ea
http://detectportal.firefox.com/success.txt,ok,https://explorer.ooni.org/m/20260409094220.445376_KR_webconnectivity_540503ec67f0a9c8
https://www.pubg.com/,ok,https://explorer.ooni.org/m/20260409094224.260887_KR_webconnectivity_792544386f154057
http://416family.org/,ok,https://explorer.ooni.org/m/20260409094226.474094_KR_webconnectivity_35545f2ab28bfeb6
https://abortion-pills.org/,http-failure,https://explorer.ooni.org/m/20260409094228.293352_KR_webconnectivity_08cb66e32f8da89e
https://defenddefenders.org/,ok,https://explorer.ooni.org/m/20260409094230.901427_KR_webconnectivity_50cf9a3c7489a2a1
https://equal-eyes.org/,ok,https://explorer.ooni.org/m/20260409094233.827971_KR_webconnectivity_9250e447349187b3
https://foreignpolicy.com/,ok,https://explorer.ooni.org/m/20260409094236.391809_KR_webconnectivity_4d42ec504e932054
http://hcy.jinbo.net/,ok,https://explorer.ooni.org/m/20260409094238.483281_KR_webconnectivity_044619aa798597a4
http://lambdalegal.org/,ok,https://explorer.ooni.org/m/20260409094240.745498_KR_webconnectivity_d69918027121fc9a
https://lgbtvacationplanners.com/,error,https://explorer.ooni.org/m/20260409094243.461006_KR_webconnectivity_c301e4b0db722f73
http://napo.jinbo.net/,ok,https://explorer.ooni.org/m/20260409094245.998920_KR_webconnectivity_7f1224d4a409d6d5
https://ourworldindata.org/,ok,https://explorer.ooni.org/m/20260409094248.375616_KR_webconnectivity_e488ce878a691dc2
https://prism-break.org/,ok,https://explorer.ooni.org/m/20260409094250.816019_KR_webconnectivity_d8d364cdb67d2e9d
http://seapa.wordpress.com/,ok,https://explorer.ooni.org/m/20260409094253.142274_KR_webconnectivity_4cb0ad1576dc5907
https://secure.avaaz.org/,ok,https://explorer.ooni.org/m/20260409094255.032695_KR_webconnectivity_5184489716252ada
https://slashdot.org/,ok,https://explorer.ooni.org/m/20260409094258.219499_KR_webconnectivity_23364187b0efeb8e
http://slownews.kr/,ok,https://explorer.ooni.org/m/20260409094259.738099_KR_webconnectivity_84a75b4209eb2e4c
https://sputniknews.com/,ok,https://explorer.ooni.org/m/20260409094308.095108_KR_webconnectivity_fd1307c915e9dc29
https://ssd.eff.org/,ok,https://explorer.ooni.org/m/20260409094310.216927_KR_webconnectivity_3d972329074b413d
https://substack.com/,ok,https://explorer.ooni.org/m/20260409094312.642329_KR_webconnectivity_904ce626099eb19f
https://tdov.org/,ok,https://explorer.ooni.org/m/20260409094315.246038_KR_webconnectivity_528de52ea982a43b
https://theintercept.com/,ok,https://explorer.ooni.org/m/20260409094318.939938_KR_webconnectivity_4e7d75beb8c3cddc
https://unwatch.org/,ok,https://explorer.ooni.org/m/20260409094325.244731_KR_webconnectivity_d3d052f198cac909
https://www.404media.co/,ok,https://explorer.ooni.org/m/20260409094326.772951_KR_webconnectivity_dfb25f09e71b3180
https://www.alarabiya.net/,ok,https://explorer.ooni.org/m/20260409094329.905120_KR_webconnectivity_302af5fa3c5be932
http://www.anarclan.net/,ok,https://explorer.ooni.org/m/20260409094332.109625_KR_webconnectivity_22d69e4d198003a8
http://www.asiafoundation.org/,ok,https://explorer.ooni.org/m/20260409094334.508301_KR_webconnectivity_641ef0419a147e36
http://www.asiantribune.com/,dns,https://explorer.ooni.org/m/20260409094335.361102_KR_webconnectivity_eb3a0077e0f16fdc
https://www.bbc.co.uk/,ok,https://explorer.ooni.org/m/20260409094337.525907_KR_webconnectivity_867815383bdfbd18
https://www.brookings.edu/,ok,https://explorer.ooni.org/m/20260409094340.039178_KR_webconnectivity_61000ee52cd791b2
https://www.childrensdefense.org/,ok,https://explorer.ooni.org/m/20260409094342.800385_KR_webconnectivity_9c5e97aab523efb1
https://www.chinatimes.com/,ok,https://explorer.ooni.org/m/20260409094344.746002_KR_webconnectivity_a6ea3a03c51f3904
https://www.cpj.org/,ok,https://explorer.ooni.org/m/20260409094349.211046_KR_webconnectivity_ab2d6cb74055f72e
https://www.dailywire.com/,ok,https://explorer.ooni.org/m/20260409094352.008836_KR_webconnectivity_f095ac5054ffaefc
https://www.disabilityrightsfund.org/,ok,https://explorer.ooni.org/m/20260409094356.119272_KR_webconnectivity_c86170660b5efb44
https://www.doriafeministfund.org/,ok,https://explorer.ooni.org/m/20260409094358.251835_KR_webconnectivity_67f9c48b12dc23eb
https://www.foxnews.com/,ok,https://explorer.ooni.org/m/20260409094400.561294_KR_webconnectivity_f9b632dfa96eb471
https://www.hrw.org/,ok,https://explorer.ooni.org/m/20260409094405.645834_KR_webconnectivity_06b301fb535e7a00
https://www.hrw.org/asia/south-korea,ok,https://explorer.ooni.org/m/20260409094408.601976_KR_webconnectivity_f47109f023c956a1
https://www.icc-cpi.int/,ok,https://explorer.ooni.org/m/20260409094410.674896_KR_webconnectivity_85610bc47b369d98
http://www.khrp.org/,ok,https://explorer.ooni.org/m/20260409094412.996508_KR_webconnectivity_a9d11116e1116924
https://www.mideastyouth.com/,ok,https://explorer.ooni.org/m/20260409094415.671858_KR_webconnectivity_df9e56ab6867caab
https://www.mombian.com/,ok,https://explorer.ooni.org/m/20260409094416.640690_KR_webconnectivity_017dd80eea5f589c
http://www.nkhumanrights.or.kr/,ok,https://explorer.ooni.org/m/20260409094419.508905_KR_webconnectivity_cf3f43b9a8a1c0fb
https://www.nytimes.com/,ok,https://explorer.ooni.org/m/20260409094422.071335_KR_webconnectivity_6e7b6c2094b66203
https://www.opensocietyfoundations.org/,ok,https://explorer.ooni.org/m/20260409094426.735628_KR_webconnectivity_ceb18da3f1c8af63
https://www.refugeesinternational.org/,ok,https://explorer.ooni.org/m/20260409094429.810984_KR_webconnectivity_229843f18aec3052
https://www.rescue.org/,ok,https://explorer.ooni.org/m/20260409094431.744967_KR_webconnectivity_4b01cbc9c55e8df7
http://www.sarangbang.or.kr/,ok,https://explorer.ooni.org/m/20260409094436.652549_KR_webconnectivity_bfe5a6779ad372f8
http://www.scmp.com/,ok,https://explorer.ooni.org/m/20260409094439.114187_KR_webconnectivity_49fac04c4cf73fac
https://www.starlink.com/,ok,https://explorer.ooni.org/m/20260409094440.953671_KR_webconnectivity_0ffd8d02dc3c9eab
http://www.theepochtimes.com/,ok,https://explorer.ooni.org/m/20260409094444.040037_KR_webconnectivity_4b810ec3bb1a1069
https://www.transgendermap.com/,ok,https://explorer.ooni.org/m/20260409094447.316455_KR_webconnectivity_51dcef6304bc72c2
https://www.transparency.org/,ok,https://explorer.ooni.org/m/20260409094449.413637_KR_webconnectivity_c4363b3ed54c4818
https://www.unfpa.org/,ok,https://explorer.ooni.org/m/20260409094451.310352_KR_webconnectivity_b44326a6966b7f32
http://www.utopia-asia.com/,http-diff,https://explorer.ooni.org/m/20260409094501.809097_KR_webconnectivity_c6f1c9f36fa84d8f
http://www.womenforpeaceandjustice.org/,ok,https://explorer.ooni.org/m/20260409094509.065413_KR_webconnectivity_cfe29ae7e4f380ea
https://www.womenforwomen.org/,ok,https://explorer.ooni.org/m/20260409094511.212964_KR_webconnectivity_6c9f4d1f6b0cc76b
http://www.womenvoters.or.kr/,ok,https://explorer.ooni.org/m/20260409094515.816198_KR_webconnectivity_cd404fdec9110304
https://app.element.io/,tcp_ip,https://explorer.ooni.org/m/20260409094523.396166_KR_webconnectivity_3548455b982fdda0
https://bcc.chat/,ok,https://explorer.ooni.org/m/20260409094526.110619_KR_webconnectivity_be97c1828411eab6
https://chatgpt.com/,ok,https://explorer.ooni.org/m/20260409094528.362396_KR_webconnectivity_9630d6f715c0e3e0
https://claude.ai/,ok,https://explorer.ooni.org/m/20260409094529.946518_KR_webconnectivity_4fcd4b190925aca2
http://cyworld.nate.com/club/clubsection/clubSection4_main.asp,ok,https://explorer.ooni.org/m/20260409094531.615302_KR_webconnectivity_05b0423b244f1c5c
https://dit.whatsapp.net/robots.txt,ok,https://explorer.ooni.org/m/20260409094533.244156_KR_webconnectivity_5119877b579b0a2d
http://dongyoungsang.com/,dns,https://explorer.ooni.org/m/20260409094534.439216_KR_webconnectivity_0c8fb4a894832736
https://journals.lww.com/,ok,https://explorer.ooni.org/m/20260409094536.244341_KR_webconnectivity_06e812e365288bbe
https://matrix-client.matrix.org/_matrix/client/versions,ok,https://explorer.ooni.org/m/20260409094537.654541_KR_webconnectivity_f698e24282f47d0c
https://odysee.com/,ok,https://explorer.ooni.org/m/20260409094539.163822_KR_webconnectivity_a684d80fd834ff6a
http://onairkorean.tv/,http-diff,https://explorer.ooni.org/m/20260409094544.834068_KR_webconnectivity_2b793e72a51411a4
https://openai.com/,ok,https://explorer.ooni.org/m/20260409094546.076145_KR_webconnectivity_75e329ac4626cbaa
https://st1.zoom.us/zoom.ico,ok,https://explorer.ooni.org/m/20260409094547.458720_KR_webconnectivity_a7b424ca69a1a9e6
https://www.bitchute.com/,ok,https://explorer.ooni.org/m/20260409094548.738919_KR_webconnectivity_9224f778cb28b661
https://www.deepseek.com/,ok,https://explorer.ooni.org/m/20260409094553.468868_KR_webconnectivity_f364213ec8533193
http://www.zzn.com/,ok,https://explorer.ooni.org/m/20260409094554.958790_KR_webconnectivity_9ee198528b07e9ae
https://uk.match.com/,ok,https://explorer.ooni.org/m/20260409094557.289454_KR_webconnectivity_7d0f58e1aeba389b
https://www.blueskyswimwear.com/,ok,https://explorer.ooni.org/m/20260409094601.648946_KR_webconnectivity_a3b45a6633b832aa
https://www.plannedparenthood.org/,ok,https://explorer.ooni.org/m/20260409094605.766899_KR_webconnectivity_af25f92cfcb196f4
https://1337x.to/,ok,https://explorer.ooni.org/m/20260409094606.881140_KR_webconnectivity_efe181b6d2b5efeb
http://canna.to/,http-diff,https://explorer.ooni.org/m/20260409094608.720521_KR_webconnectivity_928b6be4dfe6188d
https://annas-archive.org/,ok,https://explorer.ooni.org/m/20260409094607.575937_KR_webconnectivity_a85022842af4f47c
https://eztv.ag/,ok,https://explorer.ooni.org/m/20260409094610.336485_KR_webconnectivity_27caaff22bfcf76f
https://ko.wikipedia.org/,ok,https://explorer.ooni.org/m/20260409094613.903972_KR_webconnectivity_40f34065ae4f2015
https://libgen.xyz/,ok,https://explorer.ooni.org/m/20260409094617.070740_KR_webconnectivity_8a90b30a08a795d0
https://microsoftedge.microsoft.com/addons/Microsoft-Edge-Extensions-Home,error,https://explorer.ooni.org/m/20260409094622.170551_KR_webconnectivity_4a7704ba40160a82
https://rargb.to/,ok,https://explorer.ooni.org/m/20260409094624.332422_KR_webconnectivity_0d9474a1af946f13
https://www.douban.com/,ok,https://explorer.ooni.org/m/20260409094634.483395_KR_webconnectivity_bec76875dbe5d45b
https://yts.lt/,ok,https://explorer.ooni.org/m/20260409094636.147057_KR_webconnectivity_2dbab697eeab595e
http://cafe.naver.com/gjhlk,ok,https://explorer.ooni.org/m/20260409094639.277130_KR_webconnectivity_1c679c85636b80f7
https://coronavirus.jhu.edu/map.html,ok,https://explorer.ooni.org/m/20260409094642.202721_KR_webconnectivity_fcaf5de171d95894
https://disqus.com/,ok,https://explorer.ooni.org/m/20260409094643.986313_KR_webconnectivity_8ce26b40972866d1
https://encrypted-tbn0.gstatic.com/robots.txt,ok,https://explorer.ooni.org/m/20260409094647.054538_KR_webconnectivity_59be2a8179031d60
https://experience.arcgis.com/experience/685d0ace521648f8a5beeeee1b9125cd,ok,https://explorer.ooni.org/m/20260409094649.264670_KR_webconnectivity_d8c8c73a8bf5af1e
https://hgis.uw.edu/virus/,ok,https://explorer.ooni.org/m/20260409094652.646541_KR_webconnectivity_e1a02a490a5f1ba9
http://imo.im/,ok,https://explorer.ooni.org/m/20260409094654.480068_KR_webconnectivity_82c26dd32dda3fcd
https://lbry.com/,ok,https://explorer.ooni.org/m/20260409094657.201283_KR_webconnectivity_bbb512bdcba3205e
https://lbry.org/,ok,https://explorer.ooni.org/m/20260409094659.197904_KR_webconnectivity_fd2026e0e70b0ccd
https://line.me/,ok,https://explorer.ooni.org/m/20260409094701.526853_KR_webconnectivity_e1f65065528a272e
https://livestream.com/,ok,https://explorer.ooni.org/m/20260409094703.666158_KR_webconnectivity_47f5aca62131aadd
https://matrix.org/,ok,https://explorer.ooni.org/m/20260409094705.036037_KR_webconnectivity_011c139bf5c4c2b4
https://matrix.to/,ok,https://explorer.ooni.org/m/20260409094706.557073_KR_webconnectivity_ff881142369a9c94
https://mattermost.com/,ok,https://explorer.ooni.org/m/20260409094708.946059_KR_webconnectivity_a3344f7c91571c25
https://media-arn2-1.cdn.whatsapp.net/robots.txt,ok,https://explorer.ooni.org/m/20260409094711.838945_KR_webconnectivity_107507fe978ec904
https://meet.jit.si/,ok,https://explorer.ooni.org/m/20260409094713.784614_KR_webconnectivity_242545181eba7fdd
https://openobservatory.slack.com/,ok,https://explorer.ooni.org/m/20260409094716.569583_KR_webconnectivity_2ca15ea8cb52d18e
https://pinboard.in/,ok,https://explorer.ooni.org/m/20260409094718.879227_KR_webconnectivity_c6e9c1e007f258b3
https://postimage.io/,ok,https://explorer.ooni.org/m/20260409094723.772807_KR_webconnectivity_6f13ff0708f9fa57
http://sakhr.com/,ok,https://explorer.ooni.org/m/20260409094725.467344_KR_webconnectivity_aa6a6ed4e81d9fed
https://simplex.chat/,ok,https://explorer.ooni.org/m/20260409094727.929005_KR_webconnectivity_40c02bb1d1289c1a
https://slack-imgs.com/,ok,https://explorer.ooni.org/m/20260409094729.606680_KR_webconnectivity_1277c896ce78d7cb
https://slack.com/,ok,https://explorer.ooni.org/m/20260409094733.307126_KR_webconnectivity_0d73f0bf5b2397a7
https://telegram.me/,ok,https://explorer.ooni.org/m/20260409094737.454328_KR_webconnectivity_96a508e15edf265a
https://trello.com/,ok,https://explorer.ooni.org/m/20260409094739.970120_KR_webconnectivity_fb5efd50e1bae5f1
http://tvpot.daum.net/,dns,https://explorer.ooni.org/m/20260409094741.427842_KR_webconnectivity_e84e8c33bdaad814
https://tvzil.com/,ok,https://explorer.ooni.org/m/20260409094745.584085_KR_webconnectivity_48e200b7a1ff0ca8
https://webcache.googleusercontent.com/robots.txt,ok,https://explorer.ooni.org/m/20260409094748.283842_KR_webconnectivity_1d3da8c51d17a5b2
https://wire.com/,ok,https://explorer.ooni.org/m/20260409094751.025522_KR_webconnectivity_f8b60c7d13e1b96c
http://www.ask.com/,ok,https://explorer.ooni.org/m/20260409094752.957807_KR_webconnectivity_55fa9fa81d3a240d
https://www.asterisk.org/,ok,https://explorer.ooni.org/m/20260409094754.566106_KR_webconnectivity_ae3d7e173bae1ed1
https://www.blackberry.com/,ok,https://explorer.ooni.org/m/20260409094758.335060_KR_webconnectivity_764cec2f3fb28b58
https://www.cdc.go.kr/board/board.es?mid=&bid=0030,error,https://explorer.ooni.org/m/20260409094801.539349_KR_webconnectivity_36320dd8e4f5d832
http://www.chol.com/,dns,https://explorer.ooni.org/m/20260409094809.392477_KR_webconnectivity_9a44af01079cca27
https://www.dailymotion.com/,ok,https://explorer.ooni.org/m/20260409094813.997116_KR_webconnectivity_76c174cf05de54e2
http://www.empas.com/,ok,https://explorer.ooni.org/m/20260409094815.936693_KR_webconnectivity_6b5e08f7bac604ba
https://www.excite.com/,ok,https://explorer.ooni.org/m/20260409094818.352194_KR_webconnectivity_9785771a3ea3efac
https://www.fastmail.com/,ok,https://explorer.ooni.org/m/20260409094820.507799_KR_webconnectivity_8ce6ef86d9bb6924
https://www.flickr.com/,ok,https://explorer.ooni.org/m/20260409094823.883141_KR_webconnectivity_f96553e91d87a9f6
http://www.lets070.net/,ok,https://explorer.ooni.org/m/20260409094826.178513_KR_webconnectivity_227fedeb2f29f60a
https://www.liveleak.com/,error,https://explorer.ooni.org/m/20260409094828.928981_KR_webconnectivity_6a33faa7416e9663
http://www.lxnetworks.co.kr/,error,https://explorer.ooni.org/m/20260409094832.407132_KR_webconnectivity_88881f271bdf3715
https://www.ushareit.com/,ok,https://explorer.ooni.org/m/20260409094835.514216_KR_webconnectivity_1a1bc0dafbbd3ead
https://www.wordreference.com/,ok,https://explorer.ooni.org/m/20260409094837.748273_KR_webconnectivity_45a6621830a03cd2
https://electrum.org/,ok,https://explorer.ooni.org/m/20260409094839.650079_KR_webconnectivity_a2dc11dcfe1adc91
https://uphold.com/,ok,https://explorer.ooni.org/m/20260409094841.815844_KR_webconnectivity_0bfbf1eec5752154
https://www.coolmathgames.com/,ok,https://explorer.ooni.org/m/20260409094843.556548_KR_webconnectivity_e9c7a5b1e773563c
https://www.xbox.com/,ok,https://explorer.ooni.org/m/20260409094850.730075_KR_webconnectivity_1d4692d9af623d5e
http://www.siecus.org/,ok,https://explorer.ooni.org/m/20260409094851.724555_KR_webconnectivity_dcbad6e0c73d500c
http://streetmeatasia.com/,http-diff,https://explorer.ooni.org/m/20260409094857.889671_KR_webconnectivity_30cf5dc935f72c3a
https://europedatingonline.com/,ok,https://explorer.ooni.org/m/20260409094852.699881_KR_webconnectivity_06fe4f60150215b9
http://www.88square.com/,tcp_ip,https://explorer.ooni.org/m/20260409094943.725086_KR_webconnectivity_adf0c7abe6ea2efc
http://www.asiangirlsnextdoor.com/,http-diff,https://explorer.ooni.org/m/20260409094944.928750_KR_webconnectivity_fa212a42af6afb59
http://www.asianthumbs.org/,http-diff,https://explorer.ooni.org/m/20260409094947.903477_KR_webconnectivity_b8f39f36c1366720
http://www.bangkokstreetwhores.com/,http-diff,https://explorer.ooni.org/m/20260409094950.469088_KR_webconnectivity_256af71df5363b66
http://www.dateinasia.com/,http-diff,https://explorer.ooni.org/m/20260409094951.858965_KR_webconnectivity_248653f4fb2d967e
http://www.exploitedteensasia.com/,confirmed,https://explorer.ooni.org/m/20260409094955.880226_KR_webconnectivity_7a9b7512a2a2aa8e
http://www.gayasianamateurs.com/,ok,https://explorer.ooni.org/m/20260409094958.156205_KR_webconnectivity_12095a400a0db427
http://www.koreancupid.com/,dns,https://explorer.ooni.org/m/20260409094959.719169_KR_webconnectivity_4f2cc72aecfc650e
http://www.lasenza.com/,ok,https://explorer.ooni.org/m/20260409095002.434717_KR_webconnectivity_6c06e1feed5a4050
https://www.match.com/,ok,https://explorer.ooni.org/m/20260409095003.434783_KR_webconnectivity_4ee0d1caec3fe9e2
https://www.pornhub.com/,http-failure,https://explorer.ooni.org/m/20260409095004.233963_KR_webconnectivity_4a6adf815941480d
http://www.sex.com/,http-diff,https://explorer.ooni.org/m/20260409095005.598215_KR_webconnectivity_349bf3606920e42c
http://www.thegooddrugsguide.com/,http-diff,https://explorer.ooni.org/m/20260409095006.589125_KR_webconnectivity_5cdd6e128e12eaa5
http://libgen.gs/,ok,https://explorer.ooni.org/m/20260409095007.258758_KR_webconnectivity_1ff8dacd0a4ac9f4
http://www.jesussaves.cc/,ok,https://explorer.ooni.org/m/20260409095012.441301_KR_webconnectivity_7a4b21fc6abb386a
https://www.worldwildlife.org/,ok,https://explorer.ooni.org/m/20260409095016.640956_KR_webconnectivity_328b0e875628f6e5
https://www.binance.com/,ok,https://explorer.ooni.org/m/20260409095018.187732_KR_webconnectivity_552d172ac95f320f
http://www.riftgame.com/,ok,https://explorer.ooni.org/m/20260409095022.170677_KR_webconnectivity_070ab51c00dd0ffc
http://www.unescap.org/,ok,https://explorer.ooni.org/m/20260409095023.423881_KR_webconnectivity_feb0b44784b9e0d6
http://www.dprkstudies.org/documents/nkpics/picgal.html,dns,https://explorer.ooni.org/m/20260409095024.699329_KR_webconnectivity_5361a9b8a7fef96e
https://yts.mx/,ok,https://explorer.ooni.org/m/20260409095025.493177_KR_webconnectivity_f8adfd2c50f3e681
https://alqassam.ps/,ok,https://explorer.ooni.org/m/20260409095028.391533_KR_webconnectivity_3281ae2a784ea4bd
https://store.epicgames.com/,ok,https://explorer.ooni.org/m/20260409095029.656369_KR_webconnectivity_9a77ec1801e10936
https://tlauncher.org/,ok,https://explorer.ooni.org/m/20260409095033.525313_KR_webconnectivity_d99f03bf51f1037b
http://www.globalgayz.com/,ok,https://explorer.ooni.org/m/20260409095038.130524_KR_webconnectivity_fc7bb619f0ab6843
https://www.origin.com/,ok,https://explorer.ooni.org/m/20260409095043.312934_KR_webconnectivity_d30f0b1d30a8e3e8
http://www.thaichix.com/,confirmed,https://explorer.ooni.org/m/20260409095044.996635_KR_webconnectivity_d77fe501ac718ddb
http://www.thaicuties.com/,http-diff,https://explorer.ooni.org/m/20260409095047.291599_KR_webconnectivity_be8819d1a1aace13
http://www.secularislam.org/,ok,https://explorer.ooni.org/m/20260409095051.065733_KR_webconnectivity_616865354597ab9d
https://en.wiktionary.org/,ok,https://explorer.ooni.org/m/20260409095054.432413_KR_webconnectivity_cf408c0828838a57
ok,dns,tcp_ip,http-diff,http-failure,confirmed,error,no_data,http(legacy)
1871,32,59,125,33,38,63,0,0
2221/2221 (expected)
