https://twitter.com/,tcp_ip,https://explorer.ooni.org/m/20260514065124.409879_KR_webconnectivity_7997ea88158eb244
https://www.facebook.com/,ok,https://explorer.ooni.org/m/20260514065138.663358_KR_webconnectivity_fc7de8605d2574ea
https://www.instagram.com/,ok,https://explorer.ooni.org/m/20260514065146.509562_KR_webconnectivity_299828f77f1c94de
https://www.youtube.com/,ok,https://explorer.ooni.org/m/20260514065150.429305_KR_webconnectivity_f751d3a4406acdb9
https://www.tiktok.com/,ok,https://explorer.ooni.org/m/20260514065152.907060_KR_webconnectivity_a58fdf8881c752ab
https://x.com/,ok,https://explorer.ooni.org/m/20260514065157.671365_KR_webconnectivity_cb8b49eddbe3531c
https://safeabortionpills.org/,http-failure,https://explorer.ooni.org/m/20260514065159.519679_KR_webconnectivity_d1967ead7e3b1892
https://discord.com/,ok,https://explorer.ooni.org/m/20260514065201.626094_KR_webconnectivity_3a33ad00dfa6c015
https://www.reddit.com/,ok,https://explorer.ooni.org/m/20260514065202.545497_KR_webconnectivity_01032137b230726a
https://signal.org/,ok,https://explorer.ooni.org/m/20260514065203.666060_KR_webconnectivity_686db1bb6eb38570
https://telegram.org/,ok,https://explorer.ooni.org/m/20260514065206.473271_KR_webconnectivity_fdb7ffa9e53d4d2a
https://vimeo.com/,ok,https://explorer.ooni.org/m/20260514065208.782822_KR_webconnectivity_eac4e0057b4bb629
https://www.snapchat.com/,ok,https://explorer.ooni.org/m/20260514065209.872560_KR_webconnectivity_917897db85944ec0
https://www.viber.com/,ok,https://explorer.ooni.org/m/20260514065214.383803_KR_webconnectivity_4d8bb2b487f6ee3e
https://www.wechat.com/,ok,https://explorer.ooni.org/m/20260514065216.015422_KR_webconnectivity_e6acd65b0f2f16ad
https://www.whatsapp.com/,ok,https://explorer.ooni.org/m/20260514065219.233907_KR_webconnectivity_a4d7dd3686af4bfb
https://9gag.com/,ok,https://explorer.ooni.org/m/20260514065221.803204_KR_webconnectivity_6c47fd57ea9ac22e
https://abs.twimg.com/sticky/default_profile_images/default_profile_normal.png,ok,https://explorer.ooni.org/m/20260514065223.307392_KR_webconnectivity_71c3e6a1e4d8af78
https://adium.im/,ok,https://explorer.ooni.org/m/20260514065226.216550_KR_webconnectivity_b4ced83df30b5e7f
https://badoo.com/,ok,https://explorer.ooni.org/m/20260514065229.904464_KR_webconnectivity_62e43547bf2d6c19
http://blogmarks.net/,http-diff,https://explorer.ooni.org/m/20260514065230.705767_KR_webconnectivity_29a824e962f84f94
https://bsky.app/,ok,https://explorer.ooni.org/m/20260514065233.164582_KR_webconnectivity_75a4fbec939900a6
https://cdn.fbsbx.com/favicon.ico,ok,https://explorer.ooni.org/m/20260514065234.652606_KR_webconnectivity_d2a53e73bfecd426
https://clubhouse.pubnub.com/,ok,https://explorer.ooni.org/m/20260514065235.746654_KR_webconnectivity_6435146998b73df2
https://ebuddy.com/,ok,https://explorer.ooni.org/m/20260514065238.567420_KR_webconnectivity_c44b6ce1894aadc6
https://edge-chat.instagram.com/robots.txt,ok,https://explorer.ooni.org/m/20260514065240.239083_KR_webconnectivity_bcefbd29258e39cc
https://edge-mqtt.facebook.com/favicon.ico,ok,https://explorer.ooni.org/m/20260514065241.632361_KR_webconnectivity_230e0c5e08c01fa4
https://elpha.com/,error,https://explorer.ooni.org/m/20260514065244.066289_KR_webconnectivity_dc62220f9f327b6c
https://external.xx.fbcdn.net/robots.txt,ok,https://explorer.ooni.org/m/20260514065245.549647_KR_webconnectivity_c2052d0af634c7c9
https://fbcdn.net/robots.txt,ok,https://explorer.ooni.org/m/20260514065247.371951_KR_webconnectivity_a3d366ccb5cb3132
https://foursquare.com/,ok,https://explorer.ooni.org/m/20260514065249.183852_KR_webconnectivity_e2c8a35c4a77dfff
http://friend.com.kp/,tcp_ip,https://explorer.ooni.org/m/20260514065345.223588_KR_webconnectivity_9ef38e9b8351261b
https://gab.com/,ok,https://explorer.ooni.org/m/20260514065346.998511_KR_webconnectivity_cda7e59caa7bae0b
https://gettr.com/,ok,https://explorer.ooni.org/m/20260514065349.096763_KR_webconnectivity_07b9420989870d5d
https://groups.google.com/,ok,https://explorer.ooni.org/m/20260514065354.018041_KR_webconnectivity_9d25572b2e7567c0
https://i.instagram.com/robots.txt,ok,https://explorer.ooni.org/m/20260514065356.242776_KR_webconnectivity_45df94ba26c045fd
https://i.pinimg.com/236x/78/6e/00/786e00eab219eca59803d118fbe0feb3.jpg,ok,https://explorer.ooni.org/m/20260514065359.185573_KR_webconnectivity_6576783dda7d7d49
https://instagram.fsaw1-13.fna.fbcdn.net/favicon.ico,ok,https://explorer.ooni.org/m/20260514065401.752794_KR_webconnectivity_ddf143c4644b8cf2
https://joinmastodon.org/,ok,https://explorer.ooni.org/m/20260514065403.378781_KR_webconnectivity_2df13367af5c77f5
https://locals.com/,ok,https://explorer.ooni.org/m/20260514065406.117343_KR_webconnectivity_676b70745f142d8c
https://lookaside.facebook.com/robots.txt,ok,https://explorer.ooni.org/m/20260514065408.491333_KR_webconnectivity_864ea8cde9fe7193
https://mastodon.cloud/,ok,https://explorer.ooni.org/m/20260514065411.233773_KR_webconnectivity_b9564d27298826a7
https://mastodon.sdf.org/,ok,https://explorer.ooni.org/m/20260514065413.882680_KR_webconnectivity_bf02a396f69e4ba6
https://mastodon.social/,ok,https://explorer.ooni.org/m/20260514065415.594784_KR_webconnectivity_d0aaf9c2e5a449fd
https://mastodon.xyz/,ok,https://explorer.ooni.org/m/20260514065419.034193_KR_webconnectivity_43a9853d837209f8
https://mstdn.io/,ok,https://explorer.ooni.org/m/20260514065421.437395_KR_webconnectivity_9bf2fac10543a3cb
https://mstdn.jp/,ok,https://explorer.ooni.org/m/20260514065423.476412_KR_webconnectivity_a6f44e7d9cf53550
https://myspace.com/,error,https://explorer.ooni.org/m/20260514065424.163884_KR_webconnectivity_1a34663252e96c40
https://ntc.party/,tcp_ip,https://explorer.ooni.org/m/20260514065424.805412_KR_webconnectivity_db92c71d9f3a5013
https://pbs.twimg.com/profile_images/941658150889054208/lFeD3554_200x200.jpg,ok,https://explorer.ooni.org/m/20260514065426.776585_KR_webconnectivity_f78cf4c149e724de
https://pixelfed.social/,ok,https://explorer.ooni.org/m/20260514065456.601043_KR_webconnectivity_c5c6d2fb072da7cd
https://plus.im/,ok,https://explorer.ooni.org/m/20260514065458.962483_KR_webconnectivity_63889bf9ab263d4b
https://preview.redd.it/robots.txt,ok,https://explorer.ooni.org/m/20260514065459.963489_KR_webconnectivity_0309d2acfd219a64
https://qph.fs.quoracdn.net/main-thumb-1117688072-200-uijiqfjcmlvaxczdrlawbgyaomfocdnt.jpeg,ok,https://explorer.ooni.org/m/20260514065501.216224_KR_webconnectivity_df2aafe8b1da1985
https://qsbr.fs.quoracdn.net/-4-web.entry.js.out-34-8f7d03da0b7a24ae.webpack,ok,https://explorer.ooni.org/m/20260514065502.611901_KR_webconnectivity_03f78f2751a1b4b8
https://s.pinimg.com/robots.txt,ok,https://explorer.ooni.org/m/20260514065505.821650_KR_webconnectivity_d5df354389f2fdbd
https://scontent-ams4-1.cdninstagram.com/favicon.ico,ok,https://explorer.ooni.org/m/20260514065508.324380_KR_webconnectivity_032f3d0e1bf75ae0
https://scontent-frt3-2.cdninstagram.com/favicon.ico,ok,https://explorer.ooni.org/m/20260514065508.991311_KR_webconnectivity_e2dcfe91a59d3d17
https://scontent-vie1-1.cdninstagram.com/favicon.ico,ok,https://explorer.ooni.org/m/20260514065511.490361_KR_webconnectivity_572fd8ed955f43e4
https://scontent.cdninstagram.com/robots.txt,ok,https://explorer.ooni.org/m/20260514065513.290990_KR_webconnectivity_18d35846aaac9308
https://scontent.xx.fbcdn.net/robots.txt,ok,https://explorer.ooni.org/m/20260514065515.393609_KR_webconnectivity_a6137dd03e8f6e5f
https://secondlife.com/,ok,https://explorer.ooni.org/m/20260514065517.738649_KR_webconnectivity_f30c122a5d5a96cf
https://static.cdninstagram.com/robots.txt,ok,https://explorer.ooni.org/m/20260514065519.350491_KR_webconnectivity_31c7f920a66a97c7
https://static.xx.fbcdn.net/favicon.ico,ok,https://explorer.ooni.org/m/20260514065522.436582_KR_webconnectivity_6f11d750a591dd17
https://staticxx.facebook.com/robots.txt,ok,https://explorer.ooni.org/m/20260514065524.245980_KR_webconnectivity_1b45a083bf80b268
https://styles.redditmedia.com/robots.txt,ok,https://explorer.ooni.org/m/20260514065525.274715_KR_webconnectivity_0c6a4c7dfa640325
https://tinder.com/,ok,https://explorer.ooni.org/m/20260514065528.396143_KR_webconnectivity_eeeb7fc8ebe7fd8e
https://triller.co/,ok,https://explorer.ooni.org/m/20260514065530.503365_KR_webconnectivity_bab3154529bbf062
https://untappd.com/,ok,https://explorer.ooni.org/m/20260514065532.689489_KR_webconnectivity_8865a74765100546
https://upload.twitter.com/robots.txt,ok,https://explorer.ooni.org/m/20260514065533.569148_KR_webconnectivity_ef47d8f9ff29a671
https://valence.community/,ok,https://explorer.ooni.org/m/20260514065536.686106_KR_webconnectivity_c1ffd76153a11cf2
https://video.cdninstagram.com/favicon.ico,ok,https://explorer.ooni.org/m/20260514065538.301997_KR_webconnectivity_9bca7287d37dd07f
https://video.twimg.com/tweet_video/EC6DSXDXsAEhHAa.mp4,ok,https://explorer.ooni.org/m/20260514065540.474615_KR_webconnectivity_52680f7004acc3b0
https://vk.com/,ok,https://explorer.ooni.org/m/20260514065544.848127_KR_webconnectivity_3b254c4caff5c7d4
https://web.facebook.com/robots.txt,ok,https://explorer.ooni.org/m/20260514065545.849025_KR_webconnectivity_c3c71065372aafc8
https://weibo.com/,ok,https://explorer.ooni.org/m/20260514065548.664750_KR_webconnectivity_923ca79294a6287d
https://www.4chan.org/,ok,https://explorer.ooni.org/m/20260514065550.282707_KR_webconnectivity_340bebdf22810733
https://www.clubhouse.com/,ok,https://explorer.ooni.org/m/20260514065551.430632_KR_webconnectivity_fd8dd3858e8b469d
https://www.clubhouseapi.com/,ok,https://explorer.ooni.org/m/20260514065552.256036_KR_webconnectivity_39a14d1bc2dd2869
https://www.douyin.com/,ok,https://explorer.ooni.org/m/20260514065555.230735_KR_webconnectivity_398ebca8daa71f58
https://www.hootsuite.com/,ok,https://explorer.ooni.org/m/20260514065557.094336_KR_webconnectivity_e0a4b12949053e1f
https://www.imqq.com/,ok,https://explorer.ooni.org/m/20260514065558.287261_KR_webconnectivity_e7ddee9ec77ea9c6
https://www.joinclubhouse.com/,ok,https://explorer.ooni.org/m/20260514065559.636319_KR_webconnectivity_8a8800ddf762e474
https://www.linkedin.com/,ok,https://explorer.ooni.org/m/20260514065601.719526_KR_webconnectivity_2cc8d873a9cef377
https://www.meetme.com/,ok,https://explorer.ooni.org/m/20260514065602.914308_KR_webconnectivity_40315321052f32ea
https://www.meetup.com/,ok,https://explorer.ooni.org/m/20260514065606.526158_KR_webconnectivity_29f88777a912f882
https://www.minds.com/,ok,https://explorer.ooni.org/m/20260514065608.909148_KR_webconnectivity_8a3b93010261587b
https://www.ning.com/,ok,https://explorer.ooni.org/m/20260514065612.809241_KR_webconnectivity_365092a73148f86b
https://www.patreon.com/,ok,https://explorer.ooni.org/m/20260514065614.464977_KR_webconnectivity_b525db835b418d25
https://www.quora.com/,ok,https://explorer.ooni.org/m/20260514065615.332273_KR_webconnectivity_54f03d1081061383
https://www.redditstatic.com/robots.txt,ok,https://explorer.ooni.org/m/20260514065616.620876_KR_webconnectivity_6d5847b4da5cbbc4
https://www.trendsmap.com/,tcp_ip,https://explorer.ooni.org/m/20260514065617.638779_KR_webconnectivity_6aa431bd92511cf2
https://www.worldpulse.com/,ok,https://explorer.ooni.org/m/20260514065619.071872_KR_webconnectivity_ce0a60d940bb9e17
https://www.yelp.com/,ok,https://explorer.ooni.org/m/20260514065620.101070_KR_webconnectivity_68646a581725edcd
https://www.yubo.live/,ok,https://explorer.ooni.org/m/20260514065621.656522_KR_webconnectivity_7cd5e76532e025a3
https://1.1.1.1/,tcp_ip,https://explorer.ooni.org/m/20260514065652.476596_KR_webconnectivity_3a28238169ba3197
http://2015peoplepower.tistory.com/,ok,https://explorer.ooni.org/m/20260514065654.524662_KR_webconnectivity_be98eba8b95b8739
http://416family.org/,ok,https://explorer.ooni.org/m/20260514065656.515645_KR_webconnectivity_f58cc56806dde040
https://4genderjustice.org/,ok,https://explorer.ooni.org/m/20260514065659.539296_KR_webconnectivity_b461e015467048c2
https://76crimes.com/,ok,https://explorer.ooni.org/m/20260514065702.541971_KR_webconnectivity_8b95ab96e9eb05b4
http://abc.go.com/,ok,https://explorer.ooni.org/m/20260514065704.694449_KR_webconnectivity_706b9114cfa8e48a
https://abortion-pills.org/,http-failure,https://explorer.ooni.org/m/20260514065706.399881_KR_webconnectivity_f2b33aa15eb5f320
http://act.jinbo.net/,ok,https://explorer.ooni.org/m/20260514065708.933172_KR_webconnectivity_f6d2d53b683cb16b
https://actionaid.org/,ok,https://explorer.ooni.org/m/20260514065712.317243_KR_webconnectivity_469be5c6f538b725
https://advox.globalvoices.org/,error,https://explorer.ooni.org/m/20260514065715.294920_KR_webconnectivity_2dc3120a370f085e
https://afterellen.com/,ok,https://explorer.ooni.org/m/20260514065717.291478_KR_webconnectivity_02825194b0d0977a
https://airvpn.org/,error,https://explorer.ooni.org/m/20260514065719.240896_KR_webconnectivity_d946399d269972ad
https://allout.org/,ok,https://explorer.ooni.org/m/20260514065722.698019_KR_webconnectivity_848eb406bb6260d4
https://allthefallen.moe/,ok,https://explorer.ooni.org/m/20260514065726.008736_KR_webconnectivity_a772ff5f40ccfd8c
https://amnezia.org/,ok,https://explorer.ooni.org/m/20260514065729.214150_KR_webconnectivity_d5714784e5628cf8
https://anon.inf.tu-dresden.de/,ok,https://explorer.ooni.org/m/20260514065732.372059_KR_webconnectivity_efd5e7bc206b5f80
http://anonymizer.secuser.com/,http-diff,https://explorer.ooni.org/m/20260514065734.321580_KR_webconnectivity_57d65f0dc5879039
http://anonymouse.org/,http-diff,https://explorer.ooni.org/m/20260514065735.596910_KR_webconnectivity_f6bf272180096c3f
https://antivigilancia.org/,ok,https://explorer.ooni.org/m/20260514065739.378458_KR_webconnectivity_1b78ef074d1356d3
https://api.protonvpn.ch/tests/ping,http-failure,https://explorer.ooni.org/m/20260514065800.686451_KR_webconnectivity_edd9a44a2f382188
https://arc-international.net/,ok,https://explorer.ooni.org/m/20260514065804.013939_KR_webconnectivity_1650ebccfc64f0ce
https://asiatimes.com/,ok,https://explorer.ooni.org/m/20260514065806.268807_KR_webconnectivity_b478ac4f3bbfceeb
https://atlasofsurveillance.org/,ok,https://explorer.ooni.org/m/20260514065808.661657_KR_webconnectivity_e63bd35542f2f5a0
https://banthis.tv/,ok,https://explorer.ooni.org/m/20260514065809.926331_KR_webconnectivity_8ae927319f85654f
http://base21.jinbo.net/,ok,https://explorer.ooni.org/m/20260514065812.077383_KR_webconnectivity_c9c0cff338d86228
http://beyondexgay.com/,http-diff,https://explorer.ooni.org/m/20260514065813.763450_KR_webconnectivity_07d2d3fd8bdc717f
https://bi.org/,http-diff,https://explorer.ooni.org/m/20260514065815.116887_KR_webconnectivity_91afc1b98ce77514
https://blog.genderwatchdog.org/,ok,https://explorer.ooni.org/m/20260514065816.854085_KR_webconnectivity_52ad03059ccf150d
http://blog.jinbo.net/,ok,https://explorer.ooni.org/m/20260514065823.615301_KR_webconnectivity_c6f1093d222c61a3
https://boingboing.net/,ok,https://explorer.ooni.org/m/20260514065824.886711_KR_webconnectivity_a6dcdd4d3de03933
https://bouncer.ooni.io/,ok,https://explorer.ooni.org/m/20260514065828.044355_KR_webconnectivity_45293f76b231774e
https://bricspress.live/,ok,https://explorer.ooni.org/m/20260514065829.846894_KR_webconnectivity_c71c93b7f88ec248
https://bridges.torproject.org/,ok,https://explorer.ooni.org/m/20260514065832.303712_KR_webconnectivity_ee21f5979700556c
https://brothersroad.org/,ok,https://explorer.ooni.org/m/20260514065834.905523_KR_webconnectivity_41c85681875da0e9
https://btguard.com/,ok,https://explorer.ooni.org/m/20260514065839.022024_KR_webconnectivity_b42347fc6ecc6166
http://cafe.daum.net/,ok,https://explorer.ooni.org/m/20260514065843.145032_KR_webconnectivity_34f5eb17437050f8
http://cafe.daum.net/antimb,ok,https://explorer.ooni.org/m/20260514065845.470557_KR_webconnectivity_dd146deaaf97e599
http://cafe.daum.net/libertyofthepress,ok,https://explorer.ooni.org/m/20260514065847.936747_KR_webconnectivity_f425a9a4f39725ec
http://cafe.daum.net/pridecare,ok,https://explorer.ooni.org/m/20260514065850.213368_KR_webconnectivity_47269b2186531d3a
http://cafe.daum.net/stopcjd,ok,https://explorer.ooni.org/m/20260514065852.520707_KR_webconnectivity_f8346b8be9be3018
http://cafe.naver.com/asunaro/,ok,https://explorer.ooni.org/m/20260514065858.013264_KR_webconnectivity_e2aa8a09f0f9a4eb
https://carafem.org/,ok,https://explorer.ooni.org/m/20260514065859.653211_KR_webconnectivity_8a4ed7dd15d13781
https://carnegieendowment.org/,ok,https://explorer.ooni.org/m/20260514065901.697193_KR_webconnectivity_41b17f1e4483210f
https://ccrjustice.org/,ok,https://explorer.ooni.org/m/20260514065902.701581_KR_webconnectivity_4bc139a104365549
https://cdns.grindr.com/,ok,https://explorer.ooni.org/m/20260514065904.984270_KR_webconnectivity_e087721a3a37b7fc
https://cdt.org/,ok,https://explorer.ooni.org/m/20260514065906.435116_KR_webconnectivity_ed3c67f4e3b51503
https://censorship.no/,ok,https://explorer.ooni.org/m/20260514065909.294756_KR_webconnectivity_d9ad9a3193f2ccad
https://certbot.eff.org/,ok,https://explorer.ooni.org/m/20260514065911.237498_KR_webconnectivity_5aef21ce6a976a2a
https://citizenlab.ca/,ok,https://explorer.ooni.org/m/20260514065914.755110_KR_webconnectivity_d5895d71d2bd3f9c
http://comingout.narun.net/,ok,https://explorer.ooni.org/m/20260514065916.116292_KR_webconnectivity_c18fc3dc6b276b0c
https://cpj.org/,ok,https://explorer.ooni.org/m/20260514065918.157942_KR_webconnectivity_e7b7136be2442779
https://creativecommons.org/,ok,https://explorer.ooni.org/m/20260514065919.412793_KR_webconnectivity_3c364ca2ca42630a
https://cryptome.org/,error,https://explorer.ooni.org/m/20260514065920.885871_KR_webconnectivity_cfddb24c3e9e6c53
https://cryptpad.fr/,ok,https://explorer.ooni.org/m/20260514065923.534874_KR_webconnectivity_aba51348413ad0b1
https://cryptpad.org/instances/,ok,https://explorer.ooni.org/m/20260514065927.249139_KR_webconnectivity_ed3da3dc8c159302
https://csid-online.org/,ok,https://explorer.ooni.org/m/20260514065930.002759_KR_webconnectivity_63d402819edf530e
https://cyber.harvard.edu/,ok,https://explorer.ooni.org/m/20260514065933.492012_KR_webconnectivity_6a51b27a111addca
https://dartcenter.org/,ok,https://explorer.ooni.org/m/20260514065934.805977_KR_webconnectivity_f74624f619d52918
https://ddosecrets.com/,ok,https://explorer.ooni.org/m/20260514065954.789947_KR_webconnectivity_064c4e243fdc39b4
https://defenddefenders.org/,ok,https://explorer.ooni.org/m/20260514065956.147750_KR_webconnectivity_cafbdc9c937dae3c
https://disclose.ngo/,ok,https://explorer.ooni.org/m/20260514065958.401097_KR_webconnectivity_61a2ecaae36087d7
https://dn42.dev/,ok,https://explorer.ooni.org/m/20260514070000.417193_KR_webconnectivity_c1700ff06c2d3d02
https://docs.mvt.re/,ok,https://explorer.ooni.org/m/20260514070002.575099_KR_webconnectivity_7097a100b2d95ad4
https://edition.cnn.com/,ok,https://explorer.ooni.org/m/20260514070004.375684_KR_webconnectivity_cdf81f160b825b63
http://english.chosun.com/,ok,https://explorer.ooni.org/m/20260514070005.743797_KR_webconnectivity_de98f9d690448d61
http://english.eduhope.net/,ok,https://explorer.ooni.org/m/20260514070009.277929_KR_webconnectivity_35cec04fb2ece09b
http://english.hani.co.kr/,ok,https://explorer.ooni.org/m/20260514070012.697502_KR_webconnectivity_d6caf5bb22d9f890
http://english.yna.co.kr/,error,https://explorer.ooni.org/m/20260514070014.676510_KR_webconnectivity_aaa3aac8c7345f7a
https://epic.org/,ok,https://explorer.ooni.org/m/20260514070015.992599_KR_webconnectivity_89457b5eedfdda4b
https://equal-eyes.org/,http-failure,https://explorer.ooni.org/m/20260514070030.036660_KR_webconnectivity_409d95f19b7e6b33
https://explorer.ooni.org/,ok,https://explorer.ooni.org/m/20260514070031.631003_KR_webconnectivity_877fcdc3670e936b
https://feminist.org/,ok,https://explorer.ooni.org/m/20260514070034.037813_KR_webconnectivity_6dd6de58bc3eb51d
https://fleegle.mixmin.net/,ok,https://explorer.ooni.org/m/20260514070036.997157_KR_webconnectivity_e2cd3c9607214a6c
https://fondfbr.ru/,ok,https://explorer.ooni.org/m/20260514070041.958532_KR_webconnectivity_5caeb89a223f734f
https://foreignpolicy.com/,ok,https://explorer.ooni.org/m/20260514070043.768500_KR_webconnectivity_aba0318df8429c0d
http://freedom.jinbo.net/,ok,https://explorer.ooni.org/m/20260514070048.330605_KR_webconnectivity_0171877748a3164f
https://freedomhouse.org/,ok,https://explorer.ooni.org/m/20260514070050.622817_KR_webconnectivity_7c79d4e87cde80bd
https://freemuse.org/,ok,https://explorer.ooni.org/m/20260514070058.966991_KR_webconnectivity_e7748b8f30249a70
https://freenetproject.org/,ok,https://explorer.ooni.org/m/20260514070102.930504_KR_webconnectivity_4c02ce160d00a84e
https://freesocks.org/,ok,https://explorer.ooni.org/m/20260514070105.675933_KR_webconnectivity_5fdf1020cc80ab53
https://freespeech.org/,ok,https://explorer.ooni.org/m/20260514070109.623062_KR_webconnectivity_12daf3fec704b7c7
https://freespeechdebate.com/,tcp_ip,https://explorer.ooni.org/m/20260514070144.611901_KR_webconnectivity_ea6dff8f1377b57b
https://fronterafundrgv.org/,ok,https://explorer.ooni.org/m/20260514070151.664271_KR_webconnectivity_46240f97267e4fe6
http://fteproxy.org/,http-diff,https://explorer.ooni.org/m/20260514070153.157770_KR_webconnectivity_9f75003c9e0d3167
https://fundtexaschoice.org/,ok,https://explorer.ooni.org/m/20260514070157.399536_KR_webconnectivity_e82d179808cb807c
https://gaymenshealth.org/,error,https://explorer.ooni.org/m/20260514070158.919770_KR_webconnectivity_955164dcf2026f98
http://gaytoday.com/,http-diff,https://explorer.ooni.org/m/20260514070200.396414_KR_webconnectivity_72723c7e987c8109
https://genderandaids.unwomen.org/,ok,https://explorer.ooni.org/m/20260514070202.601923_KR_webconnectivity_ff86bbc455403459
https://genderdysphoria.fyi/,ok,https://explorer.ooni.org/m/20260514070205.341312_KR_webconnectivity_8bbfb7d1dfb30ca5
https://geti2p.net/,ok,https://explorer.ooni.org/m/20260514070209.556560_KR_webconnectivity_ceca87628b780293
https://getintra.org/,ok,https://explorer.ooni.org/m/20260514070211.248200_KR_webconnectivity_7c4d8ea51c91d96a
https://getlantern.org/,ok,https://explorer.ooni.org/m/20260514070213.399669_KR_webconnectivity_263cffed4f052cc5
https://getoutline.org/,ok,https://explorer.ooni.org/m/20260514070215.065892_KR_webconnectivity_7cc343d2303731a4
https://gijn.org/,ok,https://explorer.ooni.org/m/20260514070216.039350_KR_webconnectivity_aaaed7aa518353a9
https://globalpressjournal.com/,ok,https://explorer.ooni.org/m/20260514070217.970738_KR_webconnectivity_a3f2ccb12075c730
https://globalvoices.org/,error,https://explorer.ooni.org/m/20260514070237.144606_KR_webconnectivity_660a585e3b7bd4c0
http://go.jinbo.net/,ok,https://explorer.ooni.org/m/20260514070240.495442_KR_webconnectivity_c54554bfad3e2a92
https://googleweblight.com/i?u=https%3A%2F%2Fexample.com%2F,ok,https://explorer.ooni.org/m/20260514070242.523625_KR_webconnectivity_2ea7fc7131f9e5e9
https://gpgtools.org/,ok,https://explorer.ooni.org/m/20260514070245.771573_KR_webconnectivity_e25fdd291acfd515
https://grindr.mobi/,ok,https://explorer.ooni.org/m/20260514070246.943924_KR_webconnectivity_db886b526b7027d3
https://guardianproject.info/,ok,https://explorer.ooni.org/m/20260514070250.150740_KR_webconnectivity_bd0c350a59802d9e
http://guardster.com/,http-diff,https://explorer.ooni.org/m/20260514070250.941086_KR_webconnectivity_32038df9480943ad
http://hbyd.org/,ok,https://explorer.ooni.org/m/20260514070258.667124_KR_webconnectivity_c62e16d1ea2cc8ee
http://hcy.jinbo.net/,ok,https://explorer.ooni.org/m/20260514070300.618477_KR_webconnectivity_adcf24a4a128b51c
https://help.unhcr.org/,ok,https://explorer.ooni.org/m/20260514070304.342662_KR_webconnectivity_b45ca53268212bf3
https://hide.me/,ok,https://explorer.ooni.org/m/20260514070308.193449_KR_webconnectivity_51b8d79d7fb2ea87
https://hola.org/,ok,https://explorer.ooni.org/m/20260514070311.821303_KR_webconnectivity_e628665135e1d5b4
https://hornet.com/,ok,https://explorer.ooni.org/m/20260514070315.189504_KR_webconnectivity_b789b77d1df1fd54
http://hotzone.yahoo.com/,ok,https://explorer.ooni.org/m/20260514070319.720128_KR_webconnectivity_ec30f1c0e88fbacb
http://hrights.or.kr/,ok,https://explorer.ooni.org/m/20260514070325.318098_KR_webconnectivity_98791878a29f3c68
http://hrlibrary.umn.edu/iwraw/,ok,https://explorer.ooni.org/m/20260514070327.779489_KR_webconnectivity_17cad745720cc006
http://hrnet.jinbo.net/,ok,https://explorer.ooni.org/m/20260514070329.746317_KR_webconnectivity_113d65c7b5dc254e
http://humanmed.org/,ok,https://explorer.ooni.org/m/20260514070336.876630_KR_webconnectivity_d5b8cd592a4d1a0a
https://i2p2.de/,error,https://explorer.ooni.org/m/20260514070339.121585_KR_webconnectivity_2974c77be53daaa7
https://i2pd.website/,ok,https://explorer.ooni.org/m/20260514070340.478275_KR_webconnectivity_0de27ef197e8baa4
https://i2pforum.net/,ok,https://explorer.ooni.org/m/20260514070344.468568_KR_webconnectivity_e59f8c864c75af3b
https://i2pgit.org/,ok,https://explorer.ooni.org/m/20260514070346.808169_KR_webconnectivity_f291cf2757b6632f
https://ifeminists.com/,ok,https://explorer.ooni.org/m/20260514070351.064839_KR_webconnectivity_8e7b767ebd022eab
https://ij.org/,ok,https://explorer.ooni.org/m/20260514070353.065358_KR_webconnectivity_a281f3160b8e4208
http://ijunnong.net/,ok,https://explorer.ooni.org/m/20260514070356.573225_KR_webconnectivity_afbc2039978910bb
https://ikhwanonline.com/,ok,https://explorer.ooni.org/m/20260514070359.859819_KR_webconnectivity_8bf74bfa6efc2d67
https://ilga.org/,ok,https://explorer.ooni.org/m/20260514070402.043849_KR_webconnectivity_b89c31ec1307e9de
http://impeter.tistory.com/,ok,https://explorer.ooni.org/m/20260514070404.354248_KR_webconnectivity_688533a21bbb67bf
https://indymedia.org/,ok,https://explorer.ooni.org/m/20260514070406.241840_KR_webconnectivity_a46c0dd09e3db195
http://instinctmagazine.com/,ok,https://explorer.ooni.org/m/20260514070409.472656_KR_webconnectivity_894eeadb85b92710
http://inter.kdlp.org/,ok,https://explorer.ooni.org/m/20260514070410.365365_KR_webconnectivity_54fd5b193b0a4caf
https://internationalfamilyequalityday.org/,ok,https://explorer.ooni.org/m/20260514070415.719159_KR_webconnectivity_961019b1649e669e
https://ipi.media/,ok,https://explorer.ooni.org/m/20260514070419.069637_KR_webconnectivity_9afdbabeebd5a125
https://itgetsbetter.org/,ok,https://explorer.ooni.org/m/20260514070421.614699_KR_webconnectivity_8670d7c1695e8642
http://ivancity.com/,http-diff,https://explorer.ooni.org/m/20260514070425.475046_KR_webconnectivity_652e66f11aed2a14
https://iyfglobal.org/,ok,https://explorer.ooni.org/m/20260514070427.004205_KR_webconnectivity_d0bebaacd81fe25b
https://janesdueprocess.org/,ok,https://explorer.ooni.org/m/20260514070429.660825_KR_webconnectivity_de40cb3ff318a3fa
https://jezebel.com/,ok,https://explorer.ooni.org/m/20260514070432.389798_KR_webconnectivity_d7fea2014f2620b9
http://joins.com/,ok,https://explorer.ooni.org/m/20260514070448.166739_KR_webconnectivity_ff574294487fda90
http://joongang.joins.com/,ok,https://explorer.ooni.org/m/20260514070504.215999_KR_webconnectivity_e71d28d2294449d3
http://joongangdaily.joins.com/,ok,https://explorer.ooni.org/m/20260514070521.348643_KR_webconnectivity_7ead4573bb07e4ad
http://jtbc.joins.com/,ok,https://explorer.ooni.org/m/20260514070527.369884_KR_webconnectivity_c39b18f8ddfb6a44
https://justassociates.org/,ok,https://explorer.ooni.org/m/20260514070533.547011_KR_webconnectivity_a08402d4e33bdaa9
http://justicewomen.com/,ok,https://explorer.ooni.org/m/20260514070535.188792_KR_webconnectivity_2b9e3a325ad25949
https://justthepill.com/,ok,https://explorer.ooni.org/m/20260514070536.816999_KR_webconnectivity_903d261f384bbdcc
https://kaleidoscopetrust.com/,ok,https://explorer.ooni.org/m/20260514070542.356404_KR_webconnectivity_732d58e1638528f3
https://keys.openpgp.org/,ok,https://explorer.ooni.org/m/20260514070544.575715_KR_webconnectivity_f6981d6c084443d8
http://kfcitu.org/,ok,https://explorer.ooni.org/m/20260514070547.910189_KR_webconnectivity_92689b0fa2a1984f
http://khilafah.net/,ok,https://explorer.ooni.org/m/20260514070554.650043_KR_webconnectivity_2c2dcb3517e470f9
http://kieu.or.kr/,ok,https://explorer.ooni.org/m/20260514070557.334140_KR_webconnectivity_d44d344eb34adeac
http://koreapinkmap.com/,ok,https://explorer.ooni.org/m/20260514070602.494806_KR_webconnectivity_cf853edb05ee7bf9
http://koredufund.org.kp/,tcp_ip,https://explorer.ooni.org/m/20260514070652.888263_KR_webconnectivity_48bab055a8ae9e7a
http://korelcfund.org.kp/,tcp_ip,https://explorer.ooni.org/m/20260514070744.171084_KR_webconnectivity_ca01d9f374563caa
http://kscrc.org/,ok,https://explorer.ooni.org/m/20260514070746.182216_KR_webconnectivity_af5e83110c617527
http://ktu.or.kr/,tcp_ip,https://explorer.ooni.org/m/20260514070832.896941_KR_webconnectivity_c5dbff91552ed506
https://laborrights.org/,ok,https://explorer.ooni.org/m/20260514070837.439367_KR_webconnectivity_3cd9a61e247fa1ba
https://lalgbtcenter.org/,ok,https://explorer.ooni.org/m/20260514070838.796350_KR_webconnectivity_a4f836848edf6aff
http://lambdalegal.org/,ok,https://explorer.ooni.org/m/20260514070840.758161_KR_webconnectivity_013b75f2351fe1be
https://lantern.io/,ok,https://explorer.ooni.org/m/20260514070842.351171_KR_webconnectivity_b045c5f335439b82
https://leap.se/,ok,https://explorer.ooni.org/m/20260514070844.564163_KR_webconnectivity_02928fea70733cd1
http://leftworkers.org/,ok,https://explorer.ooni.org/m/20260514070846.440764_KR_webconnectivity_ca6afedd92d02686
https://lgbt.foundation/,ok,https://explorer.ooni.org/m/20260514070848.764937_KR_webconnectivity_354cabe574d1f662
http://lgbt.kdlp.org/,ok,https://explorer.ooni.org/m/20260514070849.629699_KR_webconnectivity_a55b5e410158bf2f
http://lgbtact.org/,http-diff,https://explorer.ooni.org/m/20260514070850.968440_KR_webconnectivity_bbd4174099a1ae47
https://lgbtnewsnow.org/,ok,https://explorer.ooni.org/m/20260514070854.960075_KR_webconnectivity_47872ef440a50724
https://lgbtqia.space/,ok,https://explorer.ooni.org/m/20260514070857.885917_KR_webconnectivity_f01ec6aecbcf7376
https://lgbtvacationplanners.com/,error,https://explorer.ooni.org/m/20260514070859.898689_KR_webconnectivity_8c2db045f5164ffa
https://liveuamap.com/,ok,https://explorer.ooni.org/m/20260514070902.768225_KR_webconnectivity_3a47d931c49454cd
https://lokinet.org/,ok,https://explorer.ooni.org/m/20260514070905.831058_KR_webconnectivity_2b6fee3c0e0fa761
https://makeamazonpay.com/,ok,https://explorer.ooni.org/m/20260514070909.346429_KR_webconnectivity_d0bc764b7df83b93
https://mask-api.icloud.com/,ok,https://explorer.ooni.org/m/20260514070912.756133_KR_webconnectivity_fbf6a0682dfc0d51
https://mask-h2.icloud.com/,error,https://explorer.ooni.org/m/20260514070914.367237_KR_webconnectivity_8ba10ac8a7aa8dbd
https://mask.icloud.com/,error,https://explorer.ooni.org/m/20260514070915.970248_KR_webconnectivity_3de9126745dedb83
https://massbrowser.cs.umass.edu/,ok,https://explorer.ooni.org/m/20260514070917.783135_KR_webconnectivity_4df05232ed059c1d
http://media.daum.net/,ok,https://explorer.ooni.org/m/20260514070925.680602_KR_webconnectivity_d667a49471043c72
http://media.nodong.org/,ok,https://explorer.ooni.org/m/20260514070929.667228_KR_webconnectivity_d88f2dc2025f1fe2
https://mega.io/,ok,https://explorer.ooni.org/m/20260514070934.362049_KR_webconnectivity_ff53fb2d4ea771f1
https://mega.nz/,ok,https://explorer.ooni.org/m/20260514070936.868300_KR_webconnectivity_53d33668fcedff8c
http://members.tripod.com/~INDIA_RESOURCE/savoice.html,ok,https://explorer.ooni.org/m/20260514070938.160826_KR_webconnectivity_4c68f539bcda2d96
https://messagevortex.net/,ok,https://explorer.ooni.org/m/20260514070940.604118_KR_webconnectivity_b092b8e4baf69add
http://migrant.nodong.net/,ok,https://explorer.ooni.org/m/20260514070943.340416_KR_webconnectivity_d8e5866859409360
http://minbyun.jinbo.net/,ok,https://explorer.ooni.org/m/20260514070948.807983_KR_webconnectivity_9d6d9db34592c656
https://minorityrights.org/,ok,https://explorer.ooni.org/m/20260514070950.060468_KR_webconnectivity_be793108def670ce
https://moscow.rtrs.ru/,ok,https://explorer.ooni.org/m/20260514070953.218896_KR_webconnectivity_6595df204d6b55fc
https://mullvad.net/,ok,https://explorer.ooni.org/m/20260514070956.580249_KR_webconnectivity_2df27d7931ebeda4
https://multiproxy.org/,ok,https://explorer.ooni.org/m/20260514070958.302678_KR_webconnectivity_c34fd844bf294321
http://naenara.com.kp/,tcp_ip,https://explorer.ooni.org/m/20260514071031.674792_KR_webconnectivity_74bda59a4476c5f5
http://napo.jinbo.net/,ok,https://explorer.ooni.org/m/20260514071033.629803_KR_webconnectivity_3c2a3d4f27d03234
https://ncac.org/,ok,https://explorer.ooni.org/m/20260514071037.643460_KR_webconnectivity_dcb0946dd71ba007
https://neilalexander.s3.dualstack.eu-west-2.amazonaws.com/deb/key.txt,ok,https://explorer.ooni.org/m/20260514071041.741117_KR_webconnectivity_10ee428e6ad76a05
http://news.bbc.co.uk/2/hi/asia-pacific/,ok,https://explorer.ooni.org/m/20260514071045.930145_KR_webconnectivity_abffff4dbdec3c8d
https://news.google.com/,ok,https://explorer.ooni.org/m/20260514071050.019978_KR_webconnectivity_10b515b554421d08
http://news.naver.com/,ok,https://explorer.ooni.org/m/20260514071052.919937_KR_webconnectivity_e9e5a40c465b7736
http://newstapa.org/,ok,https://explorer.ooni.org/m/20260514071057.138720_KR_webconnectivity_1fde5f013ef5b940
http://nkhumanrights.or.kr/,ok,https://explorer.ooni.org/m/20260514071100.074966_KR_webconnectivity_73057f573e137020
http://nocensor.org/,ok,https://explorer.ooni.org/m/20260514071101.931772_KR_webconnectivity_8cae7be225f342c5
http://nodong.org/,ok,https://explorer.ooni.org/m/20260514071107.581928_KR_webconnectivity_8c5eaf91f2c255c5
http://nodongsarang.org/,ok,https://explorer.ooni.org/m/20260514071109.210810_KR_webconnectivity_d06db7a29937137b
http://noneis.jinbo.net/,ok,https://explorer.ooni.org/m/20260514071116.258654_KR_webconnectivity_916d27cc47349bea
https://nordvpn.com/,ok,https://explorer.ooni.org/m/20260514071117.589344_KR_webconnectivity_c920314b32f19640
http://northkoreatech.org/,ok,https://explorer.ooni.org/m/20260514071118.612083_KR_webconnectivity_0adce04a3844edf4
https://now.org/,ok,https://explorer.ooni.org/m/20260514071121.152174_KR_webconnectivity_99ee5dcf84ee1a0b
https://numun.fund/,ok,https://explorer.ooni.org/m/20260514071125.553917_KR_webconnectivity_3ba77413cfb2320e
https://nypost.com/,ok,https://explorer.ooni.org/m/20260514071129.739376_KR_webconnectivity_25d454a4ff207904
https://onionshare.org/,ok,https://explorer.ooni.org/m/20260514071132.217891_KR_webconnectivity_da3e17ad97ae9f90
https://ooni.org/,ok,https://explorer.ooni.org/m/20260514071133.520902_KR_webconnectivity_63f8d2bc42110eb9
https://ooni.torproject.org/,ok,https://explorer.ooni.org/m/20260514071136.982415_KR_webconnectivity_25530832d5aee6ad
https://opennet.net/,ok,https://explorer.ooni.org/m/20260514071144.233777_KR_webconnectivity_118f514c091820b1
http://opennet.or.kr/,ok,https://explorer.ooni.org/m/20260514071152.521018_KR_webconnectivity_750bdba65f1fc99d
https://openvpn.net/,ok,https://explorer.ooni.org/m/20260514071154.319854_KR_webconnectivity_200c41568de23117
https://orbot.app/,ok,https://explorer.ooni.org/m/20260514071156.303830_KR_webconnectivity_a280a3cb9500ec9b
https://otr.cypherpunks.ca/,ok,https://explorer.ooni.org/m/20260514071158.963962_KR_webconnectivity_bad676feb1a2af16
https://ourworldindata.org/,ok,https://explorer.ooni.org/m/20260514071200.878903_KR_webconnectivity_7c915b38acd37f8f
http://outpridekorea.com/,http-diff,https://explorer.ooni.org/m/20260514071217.524599_KR_webconnectivity_74a2d32768abc49f
https://outrightinternational.org/,ok,https://explorer.ooni.org/m/20260514071221.033628_KR_webconnectivity_2860151ea20bb157
http://peacekorea.org/,ok,https://explorer.ooni.org/m/20260514071224.047182_KR_webconnectivity_b8b7861ba0c81e2b
https://pflag.org/,ok,https://explorer.ooni.org/m/20260514071226.966517_KR_webconnectivity_73f4bfd1a464e177
https://pirateparty.org.au/,ok,https://explorer.ooni.org/m/20260514071228.604457_KR_webconnectivity_f1c6c2070cf195de
http://poor.jinbo.net/,ok,https://explorer.ooni.org/m/20260514071231.724618_KR_webconnectivity_af138f61347e983f
http://ppss.kr/,ok,https://explorer.ooni.org/m/20260514071237.621011_KR_webconnectivity_0d3286763e6391fa
https://pridesource.com/,ok,https://explorer.ooni.org/m/20260514071240.036887_KR_webconnectivity_26906de0ccf1c880
https://prism-break.org/,ok,https://explorer.ooni.org/m/20260514071241.879048_KR_webconnectivity_62070e1eb495efa9
https://privatevpn.com/,http-failure,https://explorer.ooni.org/m/20260514071302.653521_KR_webconnectivity_cd012022fd027c0e
https://proton.me/,ok,https://explorer.ooni.org/m/20260514071307.163851_KR_webconnectivity_8f0e3c6161b8b6ee
https://protonvpn.com/,http-failure,https://explorer.ooni.org/m/20260514071328.370152_KR_webconnectivity_dcc60bd0bdc94aca
https://proxify.com/,ok,https://explorer.ooni.org/m/20260514071330.699445_KR_webconnectivity_b425576837aed389
https://proxy.i2phides.me/,error,https://explorer.ooni.org/m/20260514071332.623601_KR_webconnectivity_9b26e4257a4c1fee
http://proxy.org/,error,https://explorer.ooni.org/m/20260514071348.704645_KR_webconnectivity_ac607933ec6de4d9
http://proxytools.sourceforge.net/,ok,https://explorer.ooni.org/m/20260514071349.767774_KR_webconnectivity_ef79a48f625c8a57
https://psiphon.ca/,ok,https://explorer.ooni.org/m/20260514071351.241339_KR_webconnectivity_353fc17ebe5ea0c6
http://pssp.org/,ok,https://explorer.ooni.org/m/20260514071355.385880_KR_webconnectivity_a8aff94bd2eff906
https://queernet-rlp.de/,ok,https://explorer.ooni.org/m/20260514071400.154008_KR_webconnectivity_97bd60e5722f8cc8
https://radiofreel.github.io/,ok,https://explorer.ooni.org/m/20260514071401.637691_KR_webconnectivity_f51ff5c7876b3c57
https://radiofreel.gitlab.io/,ok,https://explorer.ooni.org/m/20260514071404.414374_KR_webconnectivity_505a9c9ebbbbc552
https://reclaimthenet.org/,ok,https://explorer.ooni.org/m/20260514071406.372478_KR_webconnectivity_138bdc42c74e5ec5
https://reliefweb.int/,ok,https://explorer.ooni.org/m/20260514071409.761522_KR_webconnectivity_6c8eb1a35d528d3b
https://remailer.paranoici.org/,ok,https://explorer.ooni.org/m/20260514071413.179213_KR_webconnectivity_ee0df1b2ab3f2f7c
https://ren.tv/,ok,https://explorer.ooni.org/m/20260514071416.244642_KR_webconnectivity_71cc1a0c59bcc8c4
https://reproductiverights.org/,ok,https://explorer.ooni.org/m/20260514071418.862790_KR_webconnectivity_b656a3c9b4a19753
https://resurj.org/,ok,https://explorer.ooni.org/m/20260514071421.129422_KR_webconnectivity_d5caa16e92e1e217
https://ria.ru/,ok,https://explorer.ooni.org/m/20260514071427.031867_KR_webconnectivity_2ba7b5f8503ba665
https://riseup.net/,error,https://explorer.ooni.org/m/20260514071429.325860_KR_webconnectivity_32b49d8f083c15f7
http://rodong.rep.kp/,tcp_ip,https://explorer.ooni.org/m/20260514071515.004864_KR_webconnectivity_babc79d92832a3b6
https://rsf.org/,ok,https://explorer.ooni.org/m/20260514071518.514993_KR_webconnectivity_1e2a2342e9b73538
https://rtr-planeta.com/,ok,https://explorer.ooni.org/m/20260514071523.036847_KR_webconnectivity_2aa2061992957f15
http://russia.tv/,ok,https://explorer.ooni.org/m/20260514071527.278147_KR_webconnectivity_2459204ad7b952fa
http://sadd.or.kr/,ok,https://explorer.ooni.org/m/20260514071530.780836_KR_webconnectivity_5c93345513c9315e
https://safeabortionpill.org/,ok,https://explorer.ooni.org/m/20260514071534.002170_KR_webconnectivity_51da3d405f44fc8c
https://safeabortionpills.com/,ok,https://explorer.ooni.org/m/20260514071537.247695_KR_webconnectivity_cba6b1be14d91bde
https://safervpn.com/,ok,https://explorer.ooni.org/m/20260514071538.294185_KR_webconnectivity_212f59666c089b59
http://samugol.net/,ok,https://explorer.ooni.org/m/20260514071539.139364_KR_webconnectivity_ce362737c7865a10
https://sandbox.cryptpad.info/,ok,https://explorer.ooni.org/m/20260514071541.666393_KR_webconnectivity_c9e78251d9583471
https://sea-watch.org/,ok,https://explorer.ooni.org/m/20260514071545.409180_KR_webconnectivity_a059619fe7f0f4b4
http://seapa.wordpress.com/,ok,https://explorer.ooni.org/m/20260514071547.172923_KR_webconnectivity_82f2ccb771ec00e9
https://secfirst.org/,tcp_ip,https://explorer.ooni.org/m/20260514071618.156732_KR_webconnectivity_9d3d694911de97de
https://secure.avaaz.org/,ok,https://explorer.ooni.org/m/20260514071619.844398_KR_webconnectivity_dc71773e796f84d2
https://securevpn.com/,ok,https://explorer.ooni.org/m/20260514071622.507416_KR_webconnectivity_7631c245c02c779c
https://securevpn.im/,ok,https://explorer.ooni.org/m/20260514071625.632497_KR_webconnectivity_fac365f151c79d02
http://seoul.nodong.org/,ok,https://explorer.ooni.org/m/20260514071628.857800_KR_webconnectivity_b13e7a49475ab3eb
http://service.nodong.org/,ok,https://explorer.ooni.org/m/20260514071635.149024_KR_webconnectivity_70d2d2c936f56f53
http://sewolho416.org/,ok,https://explorer.ooni.org/m/20260514071638.118371_KR_webconnectivity_d0f27e0e5d6b2f75
https://shadowsocks.org/,ok,https://explorer.ooni.org/m/20260514071639.929903_KR_webconnectivity_04eec9f3532f584a
https://slashdot.org/,ok,https://explorer.ooni.org/m/20260514071642.428246_KR_webconnectivity_8599c4a9559e73b9
https://slate.com/,ok,https://explorer.ooni.org/m/20260514071644.384045_KR_webconnectivity_d750b8b9b4468584
http://slownews.kr/,ok,https://explorer.ooni.org/m/20260514071646.078412_KR_webconnectivity_64928a95e933a7a0
https://smotrim.ru/,ok,https://explorer.ooni.org/m/20260514071651.220374_KR_webconnectivity_5dc5c5efc3f801ca
https://southfeministfutures.org/,ok,https://explorer.ooni.org/m/20260514071654.298114_KR_webconnectivity_5b9957937ea127c0
https://speedify.com/,ok,https://explorer.ooni.org/m/20260514071656.252632_KR_webconnectivity_3ebbdd0c9778b0aa
https://sputnikglobe.com/,ok,https://explorer.ooni.org/m/20260514071701.995267_KR_webconnectivity_eee0d373dce5e0cf
https://sputniknews.cn/,ok,https://explorer.ooni.org/m/20260514071704.208879_KR_webconnectivity_7c60f6240048fbc3
https://sputniknews.com/,ok,https://explorer.ooni.org/m/20260514071709.754256_KR_webconnectivity_997f66a9607985bb
https://spys.one/,ok,https://explorer.ooni.org/m/20260514071712.734468_KR_webconnectivity_81dd6085df4046fa
https://ssd.eff.org/,ok,https://explorer.ooni.org/m/20260514071714.575286_KR_webconnectivity_760af3f7981ba6ad
https://strongvpn.com/,ok,https://explorer.ooni.org/m/20260514071717.642949_KR_webconnectivity_5f2b69445528b4e8
https://substack.com/,ok,https://explorer.ooni.org/m/20260514071719.912481_KR_webconnectivity_2ac918779f92801a
https://surfshark.com/,ok,https://explorer.ooni.org/m/20260514071721.909303_KR_webconnectivity_d91f71747c700672
http://surprise.or.kr/board/,ok,https://explorer.ooni.org/m/20260514071724.889527_KR_webconnectivity_4809bfb5079d7a4c
https://tacticaltech.org/,ok,https://explorer.ooni.org/m/20260514071731.620289_KR_webconnectivity_43868ae560932ae9
https://tails.net/,ok,https://explorer.ooni.org/m/20260514071734.064972_KR_webconnectivity_260f176a3d77553f
https://tdov.org/,ok,https://explorer.ooni.org/m/20260514071736.096859_KR_webconnectivity_bba4e1dd9693bfb7
https://thegailygrind.com/,ok,https://explorer.ooni.org/m/20260514071738.636195_KR_webconnectivity_7ebec57eaf8f5f02
https://theglobalobservatory.org/,ok,https://explorer.ooni.org/m/20260514071740.907722_KR_webconnectivity_0b4daad3c907f8cd
http://theimpeter.com/,error,https://explorer.ooni.org/m/20260514071758.167587_KR_webconnectivity_895d0857dff14354
https://theintercept.com/,ok,https://explorer.ooni.org/m/20260514071800.259567_KR_webconnectivity_220b1e6a15c84820
https://threema.ch/,ok,https://explorer.ooni.org/m/20260514071806.299124_KR_webconnectivity_e05612dd3f5b7d29
https://thunder.free-signal.com/,ok,https://explorer.ooni.org/m/20260514071808.899942_KR_webconnectivity_b7e3fae1477c5c61
https://timcast.com/,ok,https://explorer.ooni.org/m/20260514071812.920309_KR_webconnectivity_58f5f974f0939dae
http://times.hankooki.com/,http-diff,https://explorer.ooni.org/m/20260514071814.773894_KR_webconnectivity_e17179a1fd87ee84
https://timesofindia.indiatimes.com/,ok,https://explorer.ooni.org/m/20260514071817.819887_KR_webconnectivity_8b7b58da98122d6b
https://tor.eff.org/,ok,https://explorer.ooni.org/m/20260514071821.429149_KR_webconnectivity_44118f50d1ed185b
https://transequality.org/,ok,https://explorer.ooni.org/m/20260514071825.951901_KR_webconnectivity_8e2823c17e292562
https://transfemscience.org/,ok,https://explorer.ooni.org/m/20260514071827.410111_KR_webconnectivity_def8455426a50b45
http://transparency.or.kr/,ok,https://explorer.ooni.org/m/20260514071831.304213_KR_webconnectivity_5124ada131d66467
http://transsexual.org/,http-diff,https://explorer.ooni.org/m/20260514071832.607319_KR_webconnectivity_ea55d7b8082a79a4
https://triplebit.org/,ok,https://explorer.ooni.org/m/20260514071837.960293_KR_webconnectivity_5b527fcb87e7423c
https://trustvpn.me/,ok,https://explorer.ooni.org/m/20260514071839.795175_KR_webconnectivity_7c29ba9cfe8a12c6
http://twokoreas.blogspot.com/,ok,https://explorer.ooni.org/m/20260514071843.310073_KR_webconnectivity_ad20cf8ac97c3dea
https://tyt.com/,ok,https://explorer.ooni.org/m/20260514071847.492006_KR_webconnectivity_169e159ad1852fcf
https://ultrasurf.us/,ok,https://explorer.ooni.org/m/20260514071849.596508_KR_webconnectivity_c9816ddc74056a16
https://ultravpn.com/,ok,https://explorer.ooni.org/m/20260514071852.594826_KR_webconnectivity_05abf55b42bc0604
https://unpo.org/,ok,https://explorer.ooni.org/m/20260514071856.884276_KR_webconnectivity_4df665348b6389d5
https://unredacted.org/,ok,https://explorer.ooni.org/m/20260514071859.150550_KR_webconnectivity_19f4a41e8bc40bb1
https://unwatch.org/,ok,https://explorer.ooni.org/m/20260514071904.776586_KR_webconnectivity_32feb42751f70cd4
https://urgentactionfund.org/,ok,https://explorer.ooni.org/m/20260514071911.045099_KR_webconnectivity_a1e7845e3af461fe
https://veracrypt.fr/,ok,https://explorer.ooni.org/m/20260514071915.262766_KR_webconnectivity_bd380552a69b430d
https://vgtrk.ru/,ok,https://explorer.ooni.org/m/20260514071917.841395_KR_webconnectivity_8c29330ca8060584
http://viewsnnews.com/,ok,https://explorer.ooni.org/m/20260514071923.382944_KR_webconnectivity_32f160ee755c8f69
http://vok.rep.kp/,tcp_ip,https://explorer.ooni.org/m/20260514072010.757692_KR_webconnectivity_fc20436b79d358f0
https://vuejs.org/,ok,https://explorer.ooni.org/m/20260514072013.020438_KR_webconnectivity_189c0b33afe2bede
http://wcollar.tistory.com/308,ok,https://explorer.ooni.org/m/20260514072015.269047_KR_webconnectivity_da02911f64dd1e04
https://wearechange.org/,ok,https://explorer.ooni.org/m/20260514072017.716019_KR_webconnectivity_2b759388d4bf1cc8
https://wedo.org/,ok,https://explorer.ooni.org/m/20260514072024.180170_KR_webconnectivity_e38d5878b54bd1d1
https://wfrtds.org/,ok,https://explorer.ooni.org/m/20260514072027.562340_KR_webconnectivity_7b0203d6a86bb1dc
https://whrdic.org/,ok,https://explorer.ooni.org/m/20260514072032.000599_KR_webconnectivity_0e224f5eff1d7bc2
https://wickr.com/,ok,https://explorer.ooni.org/m/20260514072034.798623_KR_webconnectivity_2ea9d9d9c36e258e
https://wikileaks.org/,ok,https://explorer.ooni.org/m/20260514072037.821849_KR_webconnectivity_5d70641d8f0d5a60
https://women-on-web.kr/,ok,https://explorer.ooni.org/m/20260514072041.351885_KR_webconnectivity_f769f9108e0a8fdd
https://womenhelp.org/,http-failure,https://explorer.ooni.org/m/20260514072042.534169_KR_webconnectivity_1f744a0cbc302efa
https://womeninblack.org/,ok,https://explorer.ooni.org/m/20260514072046.658198_KR_webconnectivity_0008566c9688f5e6
http://workingvoice.net/,ok,https://explorer.ooni.org/m/20260514072050.903643_KR_webconnectivity_a1f9c90a3e666d94
https://world.internationalism.org/,ok,https://explorer.ooni.org/m/20260514072054.201501_KR_webconnectivity_ea4fff158fd48c25
https://www.1tv.ru/,ok,https://explorer.ooni.org/m/20260514072058.672329_KR_webconnectivity_cb94d097d1cc6ece
http://www.2016change.net/,ok,https://explorer.ooni.org/m/20260514072100.304347_KR_webconnectivity_e1721efe1ca92fd0
https://www.404media.co/,ok,https://explorer.ooni.org/m/20260514072102.001474_KR_webconnectivity_c1d48a986431aca0
https://www.access-unlocked.org/,ok,https://explorer.ooni.org/m/20260514072104.550129_KR_webconnectivity_f4fc838cc92b437c
https://www.accessnow.org/,ok,https://explorer.ooni.org/m/20260514072107.997815_KR_webconnectivity_0fa6bfffe76204aa
https://www.advocate.com/,ok,https://explorer.ooni.org/m/20260514072109.623203_KR_webconnectivity_eddcd8b0c756e209
https://www.afp.com/,ok,https://explorer.ooni.org/m/20260514072116.579612_KR_webconnectivity_9efa4952115ce6af
https://www.ahram.org.eg/,ok,https://explorer.ooni.org/m/20260514072152.466961_KR_webconnectivity_1daf9f49f8301809
https://www.alarabiya.net/,ok,https://explorer.ooni.org/m/20260514072154.650172_KR_webconnectivity_3548c399fce695be
https://www.alhurra.com/,ok,https://explorer.ooni.org/m/20260514072157.566159_KR_webconnectivity_851cd33d45da3c35
https://www.aljazeera.com/,ok,https://explorer.ooni.org/m/20260514072200.568731_KR_webconnectivity_8fb17ee1099b3cc6
https://www.aljazeera.net/,ok,https://explorer.ooni.org/m/20260514072217.500096_KR_webconnectivity_ab52d74fe1ac9415
https://www.almanar.com.lb/,ok,https://explorer.ooni.org/m/20260514072219.915479_KR_webconnectivity_83425b7850379696
http://www.amnesty.or.kr/,ok,https://explorer.ooni.org/m/20260514072226.098952_KR_webconnectivity_2169a14fb3fff9e2
https://www.amnesty.org/,ok,https://explorer.ooni.org/m/20260514072228.571883_KR_webconnectivity_894565ba53ea446f
https://www.amnestyusa.org/,ok,https://explorer.ooni.org/m/20260514072229.609140_KR_webconnectivity_be58222166e61fe6
http://www.amrc.org.hk/,ok,https://explorer.ooni.org/m/20260514072232.435253_KR_webconnectivity_0b88bba54280718b
http://www.anarclan.net/,ok,https://explorer.ooni.org/m/20260514072234.421361_KR_webconnectivity_cbb222c3b7f89764
http://www.anonymizer.ru/,http-diff,https://explorer.ooni.org/m/20260514072236.038687_KR_webconnectivity_63fd4f5c58b4422a
http://www.anonymsurfen.com/,http-diff,https://explorer.ooni.org/m/20260514072237.408875_KR_webconnectivity_15b1b1a444f1f36f
https://www.apt.ch/,ok,https://explorer.ooni.org/m/20260514072241.287057_KR_webconnectivity_997196764f3ec553
http://www.apwld.org/,ok,https://explorer.ooni.org/m/20260514072253.876200_KR_webconnectivity_26a00098b65d860b
https://www.arabnews.com/,ok,https://explorer.ooni.org/m/20260514072255.570088_KR_webconnectivity_14ea20a32cf168d0
http://www.arrc-hre.com/,ok,https://explorer.ooni.org/m/20260514072314.897591_KR_webconnectivity_360a00e6c3afede4
https://www.article19.org/,ok,https://explorer.ooni.org/m/20260514072315.983357_KR_webconnectivity_aa6c7c7fe9b1b04c
http://www.asia-daily.com/,ok,https://explorer.ooni.org/m/20260514072334.462154_KR_webconnectivity_95fc39ae33a0487f
http://www.asiafoundation.org/,ok,https://explorer.ooni.org/m/20260514072335.954795_KR_webconnectivity_86be936c59a23595
http://www.asiamedia.ucla.edu/,tcp_ip,https://explorer.ooni.org/m/20260514072421.926784_KR_webconnectivity_9702cb101c8b951c
http://www.asian-migrants.org/,ok,https://explorer.ooni.org/m/20260514072427.915859_KR_webconnectivity_3e6d25df2d14dfd8
http://www.asiantribune.com/,dns,https://explorer.ooni.org/m/20260514072428.748725_KR_webconnectivity_dd400d10edc7ed45
http://www.asiapacificnews.com/,ok,https://explorer.ooni.org/m/20260514072430.103638_KR_webconnectivity_89566740e769acfc
https://www.awid.org/,ok,https://explorer.ooni.org/m/20260514072431.797022_KR_webconnectivity_4c7a084ddde54126
https://www.bbc.co.uk/,ok,https://explorer.ooni.org/m/20260514072433.631827_KR_webconnectivity_1242b4ccab5a2d8a
https://www.bbc.com/,ok,https://explorer.ooni.org/m/20260514072435.152510_KR_webconnectivity_a90d5149b5af8b2b
https://www.benarnews.org/,ok,https://explorer.ooni.org/m/20260514072438.330067_KR_webconnectivity_d75abbf79693bcab
https://www.benedelman.org/,ok,https://explorer.ooni.org/m/20260514072442.174832_KR_webconnectivity_94be66a69b324377
https://www.betternet.co/,ok,https://explorer.ooni.org/m/20260514072444.655743_KR_webconnectivity_f5ce197257bd3aa6
http://www.bicommunitynews.co.uk/,dns,https://explorer.ooni.org/m/20260514072447.709265_KR_webconnectivity_e31a84304ee47cc8
https://www.bitmask.net/,ok,https://explorer.ooni.org/m/20260514072450.683747_KR_webconnectivity_2d9b163f857af320
https://www.bnaibrith.org/,ok,https://explorer.ooni.org/m/20260514072451.942109_KR_webconnectivity_47adfd69a72f61eb
https://www.brookings.edu/,ok,https://explorer.ooni.org/m/20260514072454.004109_KR_webconnectivity_ef5e8fe19cfeeaca
https://www.btselem.org/,ok,https://explorer.ooni.org/m/20260514072456.979928_KR_webconnectivity_50f120c59275b25e
http://www.buddy79.com/,ok,https://explorer.ooni.org/m/20260514072500.257557_KR_webconnectivity_477c8015101f19a4
https://www.business-humanrights.org/,ok,https://explorer.ooni.org/m/20260514072501.599426_KR_webconnectivity_ba52096feb27bb54
https://www.buzzfeed.com/,ok,https://explorer.ooni.org/m/20260514072503.390696_KR_webconnectivity_51ccdb33b471b691
https://www.caritas.org/,ok,https://explorer.ooni.org/m/20260514072507.177964_KR_webconnectivity_4a102f645b60e62d
https://www.cartercenter.org/,ok,https://explorer.ooni.org/m/20260514072511.496810_KR_webconnectivity_ddd1d564529803f7
https://www.cato.org/,ok,https://explorer.ooni.org/m/20260514072512.604475_KR_webconnectivity_ec5697b286bf263a
http://www.cawinfo.org/,ok,https://explorer.ooni.org/m/20260514072549.371823_KR_webconnectivity_d01d64150a0d6e3c
https://www.cbc.ca/,ok,https://explorer.ooni.org/m/20260514072552.117455_KR_webconnectivity_741219853fa29658
https://www.cbsnews.com/,ok,https://explorer.ooni.org/m/20260514072555.600879_KR_webconnectivity_b73fce073aada89a
http://www.ccdm.or.kr/,ok,https://explorer.ooni.org/m/20260514072600.153153_KR_webconnectivity_fea38f58310e8aa5
http://www.cesr.org/,ok,https://explorer.ooni.org/m/20260514072603.016826_KR_webconnectivity_cb60648ed6f03011
https://www.cfr.org/,ok,https://explorer.ooni.org/m/20260514072605.302125_KR_webconnectivity_837c768b566f7538
https://www.cgtn.com/,ok,https://explorer.ooni.org/m/20260514072608.673878_KR_webconnectivity_4832497decc210d3
https://www.change.org/,ok,https://explorer.ooni.org/m/20260514072612.406440_KR_webconnectivity_3f5cc95ddfdd6bd2
http://www.channelnewsasia.com/,ok,https://explorer.ooni.org/m/20260514072616.996485_KR_webconnectivity_916b1502f3eaa789
https://www.childrensdefense.org/,ok,https://explorer.ooni.org/m/20260514072619.044487_KR_webconnectivity_18ae0d891595e91b
https://www.chinadaily.com.cn/,ok,https://explorer.ooni.org/m/20260514072621.661582_KR_webconnectivity_c24f5d93376bce76
https://www.chinatimes.com/,ok,https://explorer.ooni.org/m/20260514072624.322591_KR_webconnectivity_8bc3f663b8b17975
http://www.chingusai.net/,ok,https://explorer.ooni.org/m/20260514072629.528768_KR_webconnectivity_a717b4ea19eb5e58
http://www.chosun.com/,ok,https://explorer.ooni.org/m/20260514072632.357195_KR_webconnectivity_286882c212724d36
https://www.clintonfoundation.org/,ok,https://explorer.ooni.org/m/20260514072634.447013_KR_webconnectivity_fcc0efd3e5d941fa
https://www.cnbc.com/,ok,https://explorer.ooni.org/m/20260514072637.441933_KR_webconnectivity_9511bcbacc62eed7
http://www.cnnasiapacific.com/,tcp_ip,https://explorer.ooni.org/m/20260514072723.341685_KR_webconnectivity_ecb809b1518915e5
https://www.cpj.org/,ok,https://explorer.ooni.org/m/20260514072726.358509_KR_webconnectivity_b80c3a4b1a328da8
https://www.crisisgroup.org/,ok,https://explorer.ooni.org/m/20260514072729.561337_KR_webconnectivity_fb5bf3de697ff353
https://www.csmonitor.com/,ok,https://explorer.ooni.org/m/20260514072733.162072_KR_webconnectivity_accc8f38b2556537
https://www.currenttime.tv/,ok,https://explorer.ooni.org/m/20260514072737.632665_KR_webconnectivity_360ebb9a245cb9cb
http://www.cwgl.rutgers.edu/,ok,https://explorer.ooni.org/m/20260514072744.142309_KR_webconnectivity_a7239eada872efff
https://www.cyberghostvpn.com/,ok,https://explorer.ooni.org/m/20260514072746.701659_KR_webconnectivity_3cfba837b05b53da
https://www.dailymail.co.uk/,ok,https://explorer.ooni.org/m/20260514072750.670918_KR_webconnectivity_4fc5d5a8377d0ff6
https://www.dailysabah.com/,ok,https://explorer.ooni.org/m/20260514072754.468124_KR_webconnectivity_2203a2a4d1f10300
https://www.dailywire.com/,ok,https://explorer.ooni.org/m/20260514072756.866975_KR_webconnectivity_afed30cd456181e2
https://www.dd-rd.ca/,ok,https://explorer.ooni.org/m/20260514072758.062676_KR_webconnectivity_f1669d785eba95d2
http://www.ddanzi.com/,ok,https://explorer.ooni.org/m/20260514072801.189188_KR_webconnectivity_365be9d062d552c0
https://www.democracycaucus.net/,ok,https://explorer.ooni.org/m/20260514072804.354254_KR_webconnectivity_59f96c35e69864eb
https://www.democracynow.org/,ok,https://explorer.ooni.org/m/20260514072807.884245_KR_webconnectivity_b6b5e4e342ff7516
http://www.depdc.org/,ok,https://explorer.ooni.org/m/20260514072808.842903_KR_webconnectivity_c1f0ce6ff0be5faf
https://www.derechos.org/,ok,https://explorer.ooni.org/m/20260514072813.400112_KR_webconnectivity_016afeae810022d4
https://www.disabilityrightsfund.org/,ok,https://explorer.ooni.org/m/20260514072815.433115_KR_webconnectivity_81fbbaaecc1523db
http://www.dit-inc.us/,http-diff,https://explorer.ooni.org/m/20260514072816.955935_KR_webconnectivity_816e05bf2fecc6ec
http://www.donga.com/,ok,https://explorer.ooni.org/m/20260514072833.857707_KR_webconnectivity_fc59036d5796fcfb
https://www.dopplr.com/,ok,https://explorer.ooni.org/m/20260514072836.545824_KR_webconnectivity_e1a0315d1c98ecff
https://www.doriafeministfund.org/,ok,https://explorer.ooni.org/m/20260514072838.046580_KR_webconnectivity_020943860de9f8f5
http://www.drudgereport.com/,ok,https://explorer.ooni.org/m/20260514072841.368930_KR_webconnectivity_67c513832e34e9ee
https://www.dw.com/,ok,https://explorer.ooni.org/m/20260514072842.954168_KR_webconnectivity_f6e524377bee7a2c
http://www.e-ju.net/,ok,https://explorer.ooni.org/m/20260514072843.781858_KR_webconnectivity_a2d886a74dc77506
http://www.ebn.co.kr/,ok,https://explorer.ooni.org/m/20260514072847.590878_KR_webconnectivity_e23a044c023ea34d
http://www.ecequality.org/,ok,https://explorer.ooni.org/m/20260514072850.031023_KR_webconnectivity_f44270db70c96eb4
https://www.echr.coe.int/,ok,https://explorer.ooni.org/m/20260514072850.803730_KR_webconnectivity_34e162874a1c7baa
http://www.eduhope.net/,ok,https://explorer.ooni.org/m/20260514072857.219061_KR_webconnectivity_f6206a53540c179f
https://www.eff.org/,ok,https://explorer.ooni.org/m/20260514072858.738817_KR_webconnectivity_ca4573a459d5b418
https://www.eluniversal.com/,ok,https://explorer.ooni.org/m/20260514072902.489262_KR_webconnectivity_8e928c2afe5a9a25
https://www.endfgm.eu/,ok,https://explorer.ooni.org/m/20260514072906.156646_KR_webconnectivity_a8d5b1eedb403640
http://www.equaline.or.kr/,ok,https://explorer.ooni.org/m/20260514072912.443544_KR_webconnectivity_35971cabc008d944
https://www.eurobicon.org/,ok,https://explorer.ooni.org/m/20260514072916.569030_KR_webconnectivity_67ca7fd1711f3b13
https://www.euronews.com/,ok,https://explorer.ooni.org/m/20260514072917.804054_KR_webconnectivity_57d17b248e670677
https://www.exgay.com/,ok,https://explorer.ooni.org/m/20260514072918.816188_KR_webconnectivity_b80dcccc62bd8a80
https://www.exitinternational.net/,ok,https://explorer.ooni.org/m/20260514072924.018055_KR_webconnectivity_179d7d7071edc76a
https://www.expressvpn.com/,ok,https://explorer.ooni.org/m/20260514072926.120263_KR_webconnectivity_e42eca953693602f
https://www.f-secure.com/,http-failure,https://explorer.ooni.org/m/20260514072947.456962_KR_webconnectivity_7660bdf333b227c7
https://www.familyequality.org/,ok,https://explorer.ooni.org/m/20260514072950.010302_KR_webconnectivity_e16771bc6cc4b4e3
http://www.feer.com/,ok,https://explorer.ooni.org/m/20260514072950.842599_KR_webconnectivity_ca50074d6544c8df
https://www.feminist.com/,ok,https://explorer.ooni.org/m/20260514072955.246564_KR_webconnectivity_f8e38cd7d9ba8b78
https://www.feministfrequency.com/,ok,https://explorer.ooni.org/m/20260514072957.719057_KR_webconnectivity_ea722f98e30e0aac
https://www.fidh.org/,ok,https://explorer.ooni.org/m/20260514073001.303015_KR_webconnectivity_2efcc47801cde257
http://www.fktu.or.kr/,ok,https://explorer.ooni.org/m/20260514073004.785420_KR_webconnectivity_7b4ce000f912b7e1
https://www.fondationdefrance.org/,ok,https://explorer.ooni.org/m/20260514073008.048643_KR_webconnectivity_f123081bcdf956da
https://www.forbes.com/,ok,https://explorer.ooni.org/m/20260514073010.901559_KR_webconnectivity_3ec9698522efd0d3
https://www.fordfoundation.org/,ok,https://explorer.ooni.org/m/20260514073012.503940_KR_webconnectivity_27378e452f5fc524
http://www.forum-asia.org/,ok,https://explorer.ooni.org/m/20260514073013.671628_KR_webconnectivity_ca4204fbeacd12bd
https://www.forum18.org/,ok,https://explorer.ooni.org/m/20260514073017.888090_KR_webconnectivity_01a55e962024c917
https://www.foxnews.com/,ok,https://explorer.ooni.org/m/20260514073019.816317_KR_webconnectivity_c0a81f6d4b2c4276
https://www.france24.com/,ok,https://explorer.ooni.org/m/20260514073022.866389_KR_webconnectivity_45674602d5071ada
https://www.francemediasmonde.com/,ok,https://explorer.ooni.org/m/20260514073027.745219_KR_webconnectivity_326e3e2ea2ef3c8f
http://www.freedominfo.org/,ok,https://explorer.ooni.org/m/20260514073028.869812_KR_webconnectivity_7586ad375829fd95
http://www.freeexpression.org/,ok,https://explorer.ooni.org/m/20260514073033.285779_KR_webconnectivity_2293de0ef70f21ed
https://www.freespeech.com/,ok,https://explorer.ooni.org/m/20260514073048.337927_KR_webconnectivity_090cfbe98b425970
https://www.freespeechcoalition.com/,ok,https://explorer.ooni.org/m/20260514073050.693862_KR_webconnectivity_40bd218bc29b5e63
http://www.fridae.com/,http-diff,https://explorer.ooni.org/m/20260514073052.501531_KR_webconnectivity_b2dd14000e36d11e
https://www.frontlinedefenders.org/,ok,https://explorer.ooni.org/m/20260514073055.773294_KR_webconnectivity_6804c5814b95ba0d
https://www.ft.com/,ok,https://explorer.ooni.org/m/20260514073056.807965_KR_webconnectivity_b4fab305e86205cc
http://www.ftchinese.com/,ok,https://explorer.ooni.org/m/20260514073059.712533_KR_webconnectivity_952548ff15e8d1df
http://www.gayegypt.com/,http-diff,https://explorer.ooni.org/m/20260514073101.918965_KR_webconnectivity_d421d6e4de55e459
http://www.gayrice.com/,ok,https://explorer.ooni.org/m/20260514073102.730960_KR_webconnectivity_473d725fa450287f
http://www.gayrice.com/gayplaces/country.php?cid=126,ok,https://explorer.ooni.org/m/20260514073103.344283_KR_webconnectivity_e7b58ef9377989bc
http://www.gayscape.com/,http-diff,https://explorer.ooni.org/m/20260514073104.483748_KR_webconnectivity_acbaa7d940926c96
https://www.gaystarnews.com/,ok,https://explorer.ooni.org/m/20260514073105.797149_KR_webconnectivity_f51e7e903201a3d6
https://www.gearthblog.com/,ok,https://explorer.ooni.org/m/20260514073108.780878_KR_webconnectivity_8001902c75030d4e
https://www.genderit.org/,ok,https://explorer.ooni.org/m/20260514073111.687173_KR_webconnectivity_bd24da12ac73e176
https://www.getoutline.org/,ok,https://explorer.ooni.org/m/20260514073114.202124_KR_webconnectivity_892f6ee623910bfb
https://www.girlsnotbrides.org/,ok,https://explorer.ooni.org/m/20260514073120.266069_KR_webconnectivity_89521e2a990ca537
http://www.glaad.org/,ok,https://explorer.ooni.org/m/20260514073126.070844_KR_webconnectivity_5711a06e15a5c2e4
http://www.glbtqarchive.com/,ok,https://explorer.ooni.org/m/20260514073127.608839_KR_webconnectivity_a87111ce68fff7d6
https://www.globaleaks.org/,ok,https://explorer.ooni.org/m/20260514073133.448147_KR_webconnectivity_a7f4cd79d8968561
https://www.globalfundforwomen.org/,ok,https://explorer.ooni.org/m/20260514073136.576411_KR_webconnectivity_c7c42a7667a4e440
http://www.globalgayz.com/,ok,https://explorer.ooni.org/m/20260514073140.559531_KR_webconnectivity_2e72b9128031ef3d
http://www.globalgayz.com/g-korea.html,ok,https://explorer.ooni.org/m/20260514073146.553431_KR_webconnectivity_8c0aab2b65d4dc75
http://www.globalr2p.org/,ok,https://explorer.ooni.org/m/20260514073150.320661_KR_webconnectivity_db7205c2e8b75b0a
https://www.glsen.org/,ok,https://explorer.ooni.org/m/20260514073153.044426_KR_webconnectivity_968a3f50405bf1a3
http://www.gmhc.org/,ok,https://explorer.ooni.org/m/20260514073157.045342_KR_webconnectivity_a3460468bb9f55e8
https://www.gnu.org/,ok,https://explorer.ooni.org/m/20260514073215.015067_KR_webconnectivity_d2ca811dd43ed94c
https://www.gnupg.org/,ok,https://explorer.ooni.org/m/20260514073218.308408_KR_webconnectivity_4639ff9f9b12dd4e
http://www.gobalnews.com/,ok,https://explorer.ooni.org/m/20260514073223.467495_KR_webconnectivity_2e50b14dcc207dea
http://www.goodasyou.net/,ok,https://explorer.ooni.org/m/20260514073224.993506_KR_webconnectivity_6c062d022e6d59ce
http://www.granma.cu/,ok,https://explorer.ooni.org/m/20260514073230.692730_KR_webconnectivity_e650eaeccd840ba2
https://www.grindr.com/,ok,https://explorer.ooni.org/m/20260514073231.922383_KR_webconnectivity_cd36bcab5cc787fb
https://www.guerrillagirls.com/,ok,https://explorer.ooni.org/m/20260514073235.187948_KR_webconnectivity_426e4462ca7e1f31
https://www.haaretz.com/,ok,https://explorer.ooni.org/m/20260514073237.565123_KR_webconnectivity_369fd714b976031a
http://www.hani.co.kr/,ok,https://explorer.ooni.org/m/20260514073240.196665_KR_webconnectivity_9b10d6cb4a7ce4eb
http://www.hankooki.com/,ok,https://explorer.ooni.org/m/20260514073244.664914_KR_webconnectivity_f72d19708f5bd78c
http://www.hellodd.com/,ok,https://explorer.ooni.org/m/20260514073251.272710_KR_webconnectivity_974bf845f8faf9d3
https://www.herdict.org/,ok,https://explorer.ooni.org/m/20260514073256.212075_KR_webconnectivity_9d406ca031f0caa1
https://www.heritage.org/,ok,https://explorer.ooni.org/m/20260514073258.410315_KR_webconnectivity_fb1ff89fd47522be
https://www.heyjane.com/,ok,https://explorer.ooni.org/m/20260514073300.725829_KR_webconnectivity_a82eb5cf9e9d395d
https://www.hidemyass.com/,ok,https://explorer.ooni.org/m/20260514073304.324582_KR_webconnectivity_422801391b9b4f24
http://www.hizb-ut-tahrir.org/,ok,https://explorer.ooni.org/m/20260514073305.191030_KR_webconnectivity_40794ea5652ddb5f
http://www.hopeandlaw.org/,ok,https://explorer.ooni.org/m/20260514073309.946667_KR_webconnectivity_a329875408400606
http://www.hotline.or.kr/,ok,https://explorer.ooni.org/m/20260514073319.269960_KR_webconnectivity_a7fa372280e308e7
https://www.hotspotshield.com/,ok,https://explorer.ooni.org/m/20260514073323.794177_KR_webconnectivity_83fd0d3c504783cc
http://www.hrc.org/,ok,https://explorer.ooni.org/m/20260514073329.890209_KR_webconnectivity_326b427af6244d70
http://www.hrea.org/,ok,https://explorer.ooni.org/m/20260514073334.245031_KR_webconnectivity_d8e34b7a947a6fe1
https://www.hrw.org/,ok,https://explorer.ooni.org/m/20260514073336.379344_KR_webconnectivity_d6f8a3d49e6a9e08
https://www.hrw.org/asia/south-korea,ok,https://explorer.ooni.org/m/20260514073338.782425_KR_webconnectivity_ea6ee517d689dc46
http://www.http-tunnel.com/,http-diff,https://explorer.ooni.org/m/20260514073339.641168_KR_webconnectivity_5c1221269b4c7cf6
https://www.huffpost.com/,ok,https://explorer.ooni.org/m/20260514073341.718224_KR_webconnectivity_379190d1c50662fa
https://www.humanrightsconnected.org/,ok,https://explorer.ooni.org/m/20260514073344.801150_KR_webconnectivity_ed9a96abc9a3748d
http://www.humanrightsfirst.org/,ok,https://explorer.ooni.org/m/20260514073348.368549_KR_webconnectivity_af86bfc98aa0e44a
https://www.hyphanet.org/,ok,https://explorer.ooni.org/m/20260514073349.629040_KR_webconnectivity_3dc60ba95b4c027d
http://www.i615.net/,error,https://explorer.ooni.org/m/20260514073354.731776_KR_webconnectivity_a44bd0725e5943b4
http://www.iaffe.org/,ok,https://explorer.ooni.org/m/20260514073358.635769_KR_webconnectivity_785e4304319741f0
https://www.icc-cpi.int/,ok,https://explorer.ooni.org/m/20260514073359.827497_KR_webconnectivity_c74553a68d869b9f
https://www.icij.org/,ok,https://explorer.ooni.org/m/20260514073405.070830_KR_webconnectivity_3d4ac08caa58de33
https://www.icj.org/,ok,https://explorer.ooni.org/m/20260514073407.102100_KR_webconnectivity_e7ec431d836d7d58
http://www.icrw.org/,ok,https://explorer.ooni.org/m/20260514073409.176797_KR_webconnectivity_dae6669d61e09a32
https://www.ictj.org/,ok,https://explorer.ooni.org/m/20260514073410.630931_KR_webconnectivity_c27f0089def998ae
http://www.idea.int/,ok,https://explorer.ooni.org/m/20260514073417.909019_KR_webconnectivity_b3149386806f44c3
http://www.ifex.org/,ok,https://explorer.ooni.org/m/20260514073418.761940_KR_webconnectivity_d57af9fb89b185b5
http://www.ifge.org/,http-diff,https://explorer.ooni.org/m/20260514073420.399565_KR_webconnectivity_18e4a3c937176141
http://www.ifj-asia.org/,tcp_ip,https://explorer.ooni.org/m/20260514073506.228691_KR_webconnectivity_2e8c95d4c988ae7f
http://www.ifj.org/,ok,https://explorer.ooni.org/m/20260514073511.018590_KR_webconnectivity_ba24e238ae82a8f8
https://www.ihrc.org.uk/,ok,https://explorer.ooni.org/m/20260514073518.150244_KR_webconnectivity_edb47c51f0bc418b
https://www.ijm.org/,ok,https://explorer.ooni.org/m/20260514073519.792964_KR_webconnectivity_62582c41c2718f50
https://www.iknowpolitics.org/,ok,https://explorer.ooni.org/m/20260514073526.522439_KR_webconnectivity_a953a03a942c6bf4
https://www.ilga-europe.org/,ok,https://explorer.ooni.org/m/20260514073531.795685_KR_webconnectivity_f408bb31afe6523a
http://www.ilga.info/,ok,https://explorer.ooni.org/m/20260514073536.616046_KR_webconnectivity_437f406528ca948b
http://www.ilga.org/asia/,ok,https://explorer.ooni.org/m/20260514073540.105135_KR_webconnectivity_4b866c7d4e975835
http://www.ilo.org/public/english/region/asro/bangkok/child/trafficking/index.htm,ok,https://explorer.ooni.org/m/20260514073544.428693_KR_webconnectivity_18c93832dcf19d51
https://www.indiatimes.com/,ok,https://explorer.ooni.org/m/20260514073547.457298_KR_webconnectivity_f88bcfe04d887431
https://www.ineedana.com/,ok,https://explorer.ooni.org/m/20260514073551.386938_KR_webconnectivity_8335217914247296
http://www.inetprivacy.com/,dns,https://explorer.ooni.org/m/20260514073552.265250_KR_webconnectivity_cdd414db1aa21749
http://www.inews24.com/,ok,https://explorer.ooni.org/m/20260514073556.011437_KR_webconnectivity_549e4ad8b7f966a1
https://www.infomigrants.net/,ok,https://explorer.ooni.org/m/20260514073557.725449_KR_webconnectivity_6014bd6fff916e1a
https://www.infowars.com/,ok,https://explorer.ooni.org/m/20260514073558.995670_KR_webconnectivity_3f2a3e09e743ea3b
http://www.inkwon.or.kr/,ok,https://explorer.ooni.org/m/20260514073605.350068_KR_webconnectivity_252577bcaccea545
http://www.inminds.co.uk/,ok,https://explorer.ooni.org/m/20260514073608.749371_KR_webconnectivity_9292ba6742df0c7c
http://www.inochong.org/,ok,https://explorer.ooni.org/m/20260514073612.429394_KR_webconnectivity_fc259866d95f0c74
https://www.ipetitions.com/,ok,https://explorer.ooni.org/m/20260514073616.094043_KR_webconnectivity_5e3f167c43cd9319
https://www.ipvanish.com/,ok,https://explorer.ooni.org/m/20260514073617.761016_KR_webconnectivity_27570ddbe28b2a96
http://www.irna.ir/,ok,https://explorer.ooni.org/m/20260514073622.074122_KR_webconnectivity_8f489eb70f1159bd
http://www.isiswomen.org/,ok,https://explorer.ooni.org/m/20260514073624.020078_KR_webconnectivity_212b1566d7669a47
http://www.islamawareness.net/,ok,https://explorer.ooni.org/m/20260514073627.924621_KR_webconnectivity_fa2848796d8538f0
http://www.islamawareness.net/Asia/KoreaSouth/,ok,https://explorer.ooni.org/m/20260514073630.912676_KR_webconnectivity_db1bc47b945e1b2a
http://www.islamkorea.com/,ok,https://explorer.ooni.org/m/20260514073640.529187_KR_webconnectivity_48d64f6e55b719d1
https://www.ivpn.net/,ok,https://explorer.ooni.org/m/20260514073642.980382_KR_webconnectivity_9437f7a9eb7a50af
http://www.iwraw-ap.org/,ok,https://explorer.ooni.org/m/20260514073648.919104_KR_webconnectivity_e52e5d4c6ce02bfa
https://www.iwraw-ap.org/,ok,https://explorer.ooni.org/m/20260514073652.115882_KR_webconnectivity_70c629e2917ba9c9
http://www.japantimes.co.jp/,ok,https://explorer.ooni.org/m/20260514073654.913470_KR_webconnectivity_36e0a12587d0a71f
http://www.jcmk.org/,ok,https://explorer.ooni.org/m/20260514073657.265642_KR_webconnectivity_584a20269ee2299f
http://www.jhr.ca/,ok,https://explorer.ooni.org/m/20260514073702.793488_KR_webconnectivity_f687b4ec3d920447
https://www.jihadwatch.org/,ok,https://explorer.ooni.org/m/20260514073703.729895_KR_webconnectivity_cf08004049e3419d
http://www.jinbocorea.org/,ok,https://explorer.ooni.org/m/20260514073707.968746_KR_webconnectivity_c68d3e3b4e88ebfe
http://www.jmarshall.com/,ok,https://explorer.ooni.org/m/20260514073711.208759_KR_webconnectivity_e5941610f2671ccb
https://www.jmarshall.com/,ok,https://explorer.ooni.org/m/20260514073713.259240_KR_webconnectivity_b94d66c6b3180372
http://www.kcna.co.jp/,confirmed,https://explorer.ooni.org/m/20260514073715.709314_KR_webconnectivity_542fd458e9b07937
http://www.kcna.kp/,tcp_ip,https://explorer.ooni.org/m/20260514073801.427704_KR_webconnectivity_9a159227fea1e96d
http://www.kctu.org/,ok,https://explorer.ooni.org/m/20260514073804.912956_KR_webconnectivity_a4cb1678fa000af7
http://www.kdawu.org/,ok,https://explorer.ooni.org/m/20260514073809.073008_KR_webconnectivity_e2bec57d4c2b6fb3
http://www.kdlp.org/,ok,https://explorer.ooni.org/m/20260514073812.586020_KR_webconnectivity_a9615df01c23dcb5
http://www.khan.co.kr/,ok,https://explorer.ooni.org/m/20260514073815.204370_KR_webconnectivity_cc7a3a30a7e5e4f3
http://www.khrp.org/,ok,https://explorer.ooni.org/m/20260514073816.971556_KR_webconnectivity_0e9c30a1ceed9d4f
http://www.kita.net/,ok,https://explorer.ooni.org/m/20260514073824.283963_KR_webconnectivity_c78558468d280681
https://www.knapsackforhope.org/,ok,https://explorer.ooni.org/m/20260514073826.624864_KR_webconnectivity_081caa66fe394d10
http://www.kncc.or.kr/,dns,https://explorer.ooni.org/m/20260514073833.831826_KR_webconnectivity_450d94c88169b774
http://www.kngo.net/,ok,https://explorer.ooni.org/m/20260514073853.674728_KR_webconnectivity_fcf924fecf41b962
http://www.korea-htr.com/,confirmed,https://explorer.ooni.org/m/20260514073854.765875_KR_webconnectivity_8ca2de33e865f448
http://www.korea-htr.com/chuo/,confirmed,https://explorer.ooni.org/m/20260514073855.592090_KR_webconnectivity_a776e0c9310415f2
http://www.koreaherald.co.kr/,ok,https://explorer.ooni.org/m/20260514073859.925193_KR_webconnectivity_8a23a62bb258e196
http://www.korealiberator.org/,ok,https://explorer.ooni.org/m/20260514073902.342003_KR_webconnectivity_20a45ad9d92482aa
http://www.korva.or.kr/,ok,https://explorer.ooni.org/m/20260514073912.621140_KR_webconnectivity_bf4250d8125b1006
http://www.kpil.org/,ok,https://explorer.ooni.org/m/20260514073917.042991_KR_webconnectivity_af65f8f21c344e73
http://www.kqcf.org/,ok,https://explorer.ooni.org/m/20260514073921.320869_KR_webconnectivity_738cf9fed431ec37
http://www.kwdi.re.kr/,ok,https://explorer.ooni.org/m/20260514073942.984873_KR_webconnectivity_80e62a274257b8f4
http://www.kwpa.org/,ok,https://explorer.ooni.org/m/20260514073946.884208_KR_webconnectivity_d5237030e178bd49
http://www.kwwnet.org/,ok,https://explorer.ooni.org/m/20260514073953.605193_KR_webconnectivity_a865cdc6d335ea43
http://www.laborrightsnow.org/,ok,https://explorer.ooni.org/m/20260514073956.183600_KR_webconnectivity_bd609921e68df1b8
http://www.lanacion.com.ar/,ok,https://explorer.ooni.org/m/20260514074000.387605_KR_webconnectivity_a94e9ae2a8614bd5
https://www.laquadrature.net/,ok,https://explorer.ooni.org/m/20260514074004.856106_KR_webconnectivity_8a79f1130d8affd3
http://www.latimes.com/,ok,https://explorer.ooni.org/m/20260514074007.165970_KR_webconnectivity_e7101b6c6dfd5437
https://www.lds.org/,ok,https://explorer.ooni.org/m/20260514074011.523707_KR_webconnectivity_5c547918d359bb66
http://www.learningpartnership.org/,ok,https://explorer.ooni.org/m/20260514074013.975253_KR_webconnectivity_428dc220c379e912
https://www.lemonde.fr/,ok,https://explorer.ooni.org/m/20260514074016.836982_KR_webconnectivity_2f651576a8a54952
https://www.lgbtmap.org/,ok,https://explorer.ooni.org/m/20260514074021.026379_KR_webconnectivity_852aaf83b0579ad5
http://www.lgbtpride.or.kr/,ok,https://explorer.ooni.org/m/20260514074029.311215_KR_webconnectivity_2b912e27751a9a6d
https://www.lgbtqnation.com/,ok,https://explorer.ooni.org/m/20260514074031.674872_KR_webconnectivity_c9d2ab4501805cdd
https://www.lilithfund.org/,ok,https://explorer.ooni.org/m/20260514074037.639622_KR_webconnectivity_03cb12cefa6d5c67
http://www.littlespeck.com/,http-diff,https://explorer.ooni.org/m/20260514074039.858500_KR_webconnectivity_fa91efb82eb0635f
https://www.logmein.com/,ok,https://explorer.ooni.org/m/20260514074042.254784_KR_webconnectivity_8fa3be78f69c4be5
https://www.madre.org/,ok,https://explorer.ooni.org/m/20260514074046.561792_KR_webconnectivity_f9d599715116263a
http://www.mainichi.co.jp/,ok,https://explorer.ooni.org/m/20260514074048.408264_KR_webconnectivity_1b98644c3292374b
https://www.mamacash.org/,ok,https://explorer.ooni.org/m/20260514074051.004649_KR_webconnectivity_bdb3882a920f43e5
https://www.martus.org/,ok,https://explorer.ooni.org/m/20260514074052.727144_KR_webconnectivity_0f354eabb8f219d7
https://www.mc-doualiya.com/,ok,https://explorer.ooni.org/m/20260514074054.657721_KR_webconnectivity_30347098849c065b
http://www.mediareform.co.kr/,ok,https://explorer.ooni.org/m/20260514074059.294161_KR_webconnectivity_eb6d63415f5b505c
http://www.mediatoday.co.kr/,ok,https://explorer.ooni.org/m/20260514074104.187554_KR_webconnectivity_eff645f5a50c8fdb
http://www.mediaus.co.kr/,ok,https://explorer.ooni.org/m/20260514074109.603409_KR_webconnectivity_08b68ecadc1e84ed
https://www.megaproxy.com/,http-failure,https://explorer.ooni.org/m/20260514074131.251452_KR_webconnectivity_bc79c9ac4173f721
http://www.mfasia.org/,ok,https://explorer.ooni.org/m/20260514074228.132735_KR_webconnectivity_d442f8f867e4a7bf
https://www.mideastyouth.com/,ok,https://explorer.ooni.org/m/20260514074229.976265_KR_webconnectivity_b225f79694770bdb
http://www.migrant114.org/,ok,https://explorer.ooni.org/m/20260514074236.044298_KR_webconnectivity_3e3810c4e7e141e6
http://www.migrantsinkorea.net/,ok,https://explorer.ooni.org/m/20260514074236.819271_KR_webconnectivity_e8eeee13f88992c8
http://www.mizzima.com/,ok,https://explorer.ooni.org/m/20260514074238.343617_KR_webconnectivity_32a249c78d6f1eda
https://www.mombian.com/,ok,https://explorer.ooni.org/m/20260514074239.605322_KR_webconnectivity_16ae23545bcc0466
http://www.mongu.net/,ok,https://explorer.ooni.org/m/20260514074242.634838_KR_webconnectivity_0cb786e9acdb2445
https://www.mormon.org/,ok,https://explorer.ooni.org/m/20260514074248.896938_KR_webconnectivity_d1edde540c4225fc
https://www.msichoices.org/,ok,https://explorer.ooni.org/m/20260514074251.306412_KR_webconnectivity_99707d4b138c04dc
https://www.muckrock.com/,ok,https://explorer.ooni.org/m/20260514074254.531531_KR_webconnectivity_2a0558926a9e3cc1
https://www.musalaha.org/,ok,https://explorer.ooni.org/m/20260514074301.814081_KR_webconnectivity_96290dc63cdfc0a9
http://www.naeil.com/,ok,https://explorer.ooni.org/m/20260514074307.306135_KR_webconnectivity_f231aa6b69073505
https://www.namecoin.org/,ok,https://explorer.ooni.org/m/20260514074311.922970_KR_webconnectivity_8fa820bb4a065e98
http://www.naral.org/,ok,https://explorer.ooni.org/m/20260514074312.648296_KR_webconnectivity_03090eabeaad48a8
https://www.nbc.com/,ok,https://explorer.ooni.org/m/20260514074315.436874_KR_webconnectivity_b0cd5bfccd820ede
https://www.nbcnews.com/,ok,https://explorer.ooni.org/m/20260514074319.363920_KR_webconnectivity_0d27b497e813ba68
https://www.nbcnewyork.com/,ok,https://explorer.ooni.org/m/20260514074323.135981_KR_webconnectivity_b812326d3f34451d
http://www.nclrights.org/,ok,https://explorer.ooni.org/m/20260514074326.110640_KR_webconnectivity_3d2d1feb504144ef
https://www.ndi.org/,ok,https://explorer.ooni.org/m/20260514074329.082848_KR_webconnectivity_bf60e5b0a629b908
https://www.ned.org/,ok,https://explorer.ooni.org/m/20260514074330.580687_KR_webconnectivity_571f5ec1b564525a
http://www.newnownext.com/,ok,https://explorer.ooni.org/m/20260514074333.707065_KR_webconnectivity_2f0fe74feaacb49f
http://www.newnownext.com/franchise/the-backlot/,ok,https://explorer.ooni.org/m/20260514074336.637515_KR_webconnectivity_aed4c5cdc4877a68
http://www.newscham.net/,ok,https://explorer.ooni.org/m/20260514074340.140761_KR_webconnectivity_0a0ba13b2ee9519b
http://www.newsweekasia.com/,ok,https://explorer.ooni.org/m/20260514074358.160397_KR_webconnectivity_728f36c639018a77
https://www.nifty.org/,ok,https://explorer.ooni.org/m/20260514074400.429231_KR_webconnectivity_152423bd138c75cf
https://www.njal.la/,ok,https://explorer.ooni.org/m/20260514074404.823057_KR_webconnectivity_034bb5b4dde7a99c
http://www.nkhumanrights.or.kr/,ok,https://explorer.ooni.org/m/20260514074408.962205_KR_webconnectivity_01f3be5b59e1e1a6
http://www.nkzone.org/,tcp_ip,https://explorer.ooni.org/m/20260514074454.980103_KR_webconnectivity_330955a8e96e4926
http://www.nocutnews.co.kr/,ok,https://explorer.ooni.org/m/20260514074500.268105_KR_webconnectivity_c76f841a7199114d
http://www.nodong.org/,ok,https://explorer.ooni.org/m/20260514074506.045306_KR_webconnectivity_d7b687a440725ed4
http://www.nonghyup.com/,ok,https://explorer.ooni.org/m/20260514074509.583195_KR_webconnectivity_a216b975f1afdc52
https://www.nostraightnews.com/,ok,https://explorer.ooni.org/m/20260514074516.589992_KR_webconnectivity_6d78877e7c4cce6e
https://www.npr.org/,ok,https://explorer.ooni.org/m/20260514074520.211870_KR_webconnectivity_770bd13ba353450e
https://www.ntv.ru/,ok,https://explorer.ooni.org/m/20260514074525.062241_KR_webconnectivity_5c7f1d3cc4333db5
https://www.nwci.ie/,ok,https://explorer.ooni.org/m/20260514074528.751753_KR_webconnectivity_d1b1acbb05c45ed2
https://www.nytimes.com/,ok,https://explorer.ooni.org/m/20260514074530.755119_KR_webconnectivity_68838d06f171fa87
https://www.oas.org/,ok,https://explorer.ooni.org/m/20260514074534.209274_KR_webconnectivity_ab3fe68c0cff8da7
https://www.occrp.org/,ok,https://explorer.ooni.org/m/20260514074536.724252_KR_webconnectivity_09f248e0f12ebcad
https://www.ohchr.org/,ok,https://explorer.ooni.org/m/20260514074537.759424_KR_webconnectivity_07b3ed4ebdb3c6f8
http://www.ohmynews.com/,ok,https://explorer.ooni.org/m/20260514074542.776616_KR_webconnectivity_14abd7851b09250f
http://www.omct.org/,ok,https://explorer.ooni.org/m/20260514074547.489275_KR_webconnectivity_23e3cf5976ff8cee
https://www.omct.org/,ok,https://explorer.ooni.org/m/20260514074551.905468_KR_webconnectivity_da3da813f6462c66
http://www.oneworld.net/,ok,https://explorer.ooni.org/m/20260514074554.608111_KR_webconnectivity_8a407a350d96302d
https://www.opendns.com/,ok,https://explorer.ooni.org/m/20260514074557.915219_KR_webconnectivity_6e2ed22913b658a4
https://www.openpgp.org/,ok,https://explorer.ooni.org/m/20260514074600.245635_KR_webconnectivity_3c1b9cb2bd6e9f01
https://www.opensocietyfoundations.org/,ok,https://explorer.ooni.org/m/20260514074602.252135_KR_webconnectivity_84f65cc8b9558871
https://www.opentech.fund/,ok,https://explorer.ooni.org/m/20260514074604.628109_KR_webconnectivity_99c3db48436f706a
https://www.ou.org/,ok,https://explorer.ooni.org/m/20260514074608.033567_KR_webconnectivity_282e7d6272403636
https://www.out.com/,ok,https://explorer.ooni.org/m/20260514074609.657803_KR_webconnectivity_1018175076e9aa92
http://www.pangari.net/,ok,https://explorer.ooni.org/m/20260514074610.510687_KR_webconnectivity_23400dee966630d6
http://www.pcusa.org/,ok,https://explorer.ooni.org/m/20260514074612.615262_KR_webconnectivity_17a2cb1a3988832e
http://www.peacefire.org/circumventor/simple-circumventor-instructions.html,http-diff,https://explorer.ooni.org/m/20260514074614.630502_KR_webconnectivity_35b7d96c597fe6d9
http://www.people.com.cn/,ok,https://explorer.ooni.org/m/20260514074617.021494_KR_webconnectivity_8a9032412c8ba871
http://www.peoplepower21.org/,ok,https://explorer.ooni.org/m/20260514074621.863404_KR_webconnectivity_c48628e44a1ae32b
https://www.phpmyadmin.net/,ok,https://explorer.ooni.org/m/20260514074624.199765_KR_webconnectivity_f26560d2141db8c9
http://www.pikicast.com/,tcp_ip,https://explorer.ooni.org/m/20260514074709.956251_KR_webconnectivity_ed6ab9f8d0487b1a
https://www.pinkcupid.com/,ok,https://explorer.ooni.org/m/20260514074712.803099_KR_webconnectivity_7b5d32e9730df38d
https://www.pinknews.co.uk/,ok,https://explorer.ooni.org/m/20260514074715.243301_KR_webconnectivity_106531ef0e5c32e3
https://www.piratenpartei.ch/,ok,https://explorer.ooni.org/m/20260514074718.695161_KR_webconnectivity_c7c822597d8096fe
http://www.piratpartiet.se/,ok,https://explorer.ooni.org/m/20260514074723.332976_KR_webconnectivity_1c3e8ac519d7b929
https://www.plancpills.org/,ok,https://explorer.ooni.org/m/20260514074726.096148_KR_webconnectivity_876a78e0bf6a7e1e
https://www.planetromeo.com/,ok,https://explorer.ooni.org/m/20260514074729.163179_KR_webconnectivity_1c656ad76bb8873a
http://www.poweroftruth.net/,ok,https://explorer.ooni.org/m/20260514074733.161926_KR_webconnectivity_e39135ea426a6b61
https://www.pravda.ru/,ok,https://explorer.ooni.org/m/20260514074736.681759_KR_webconnectivity_ce1658d4c5ac7400
http://www.pressian.com/,ok,https://explorer.ooni.org/m/20260514074740.893616_KR_webconnectivity_ee9e4b975c0ccdd3
https://www.pridemedia.com/,ok,https://explorer.ooni.org/m/20260514074744.434996_KR_webconnectivity_cdedef9359ea2058
https://www.privacidade.digital/,ok,https://explorer.ooni.org/m/20260514074747.104843_KR_webconnectivity_27929c202ee2570f
https://www.privacyguides.org/,ok,https://explorer.ooni.org/m/20260514074750.354499_KR_webconnectivity_173e007ce2e67f4e
https://www.privacyinternational.org/,ok,https://explorer.ooni.org/m/20260514074753.260350_KR_webconnectivity_217a14b9e6ee2ab4
https://www.privacytools.io/,ok,https://explorer.ooni.org/m/20260514074756.116687_KR_webconnectivity_3cf5cb948ca5b201
https://www.privateinternetaccess.com/,ok,https://explorer.ooni.org/m/20260514074759.392260_KR_webconnectivity_b0612e17200f328d
http://www.privaterra.org/,ok,https://explorer.ooni.org/m/20260514074803.043305_KR_webconnectivity_939a54b99e40b214
https://www.projectveritas.com/,ok,https://explorer.ooni.org/m/20260514074805.743781_KR_webconnectivity_8e92e5b53c768d8f
https://www.propublica.org/,ok,https://explorer.ooni.org/m/20260514074807.815500_KR_webconnectivity_f6d61d8db0b4166b
https://www.protectioninternational.org/,ok,https://explorer.ooni.org/m/20260514074812.817340_KR_webconnectivity_8b59b755cd9a61f0
http://www.protest.net/,http-diff,https://explorer.ooni.org/m/20260514074813.615566_KR_webconnectivity_395192771a052bc6
http://www.publiuspundit.com/,ok,https://explorer.ooni.org/m/20260514074814.877529_KR_webconnectivity_6c283d12f2e39ea0
https://www.purevpn.com/,http-failure,https://explorer.ooni.org/m/20260514074835.777516_KR_webconnectivity_b68291577e1ee9c0
http://www.qhnews.com/,ok,https://explorer.ooni.org/m/20260514074844.544907_KR_webconnectivity_5fc481caf96845cc
http://www.qhtyzx.com/,ok,https://explorer.ooni.org/m/20260514074845.571535_KR_webconnectivity_40de9223f7c5ec9b
https://www.queerty.com/,ok,https://explorer.ooni.org/m/20260514074847.809475_KR_webconnectivity_dc3b78c475a665cf
http://www.radicalparty.org/,ok,https://explorer.ooni.org/m/20260514074853.261923_KR_webconnectivity_a387fb62f2e6791d
http://www.rainbowfoundation.co.kr/,ok,https://explorer.ooni.org/m/20260514074859.288827_KR_webconnectivity_0befedb31b89f0d0
https://www.rambler.ru/,ok,https://explorer.ooni.org/m/20260514074903.180384_KR_webconnectivity_4fa755154c39cff5
https://www.rawa.org/,ok,https://explorer.ooni.org/m/20260514074906.419648_KR_webconnectivity_4e259264e9b70495
http://www.redian.org/,ok,https://explorer.ooni.org/m/20260514074910.237059_KR_webconnectivity_9cfdd219e20498ce
https://www.redstateaccess.com/,ok,https://explorer.ooni.org/m/20260514074912.686002_KR_webconnectivity_db337afd87772b9e
https://www.refugeesinternational.org/,ok,https://explorer.ooni.org/m/20260514074915.186933_KR_webconnectivity_c453fbe2699bc93c
https://www.reprolegalhelpline.org/,ok,https://explorer.ooni.org/m/20260514074917.752504_KR_webconnectivity_7a96f9e06567cdcc
http://www.repubblica.com/,ok,https://explorer.ooni.org/m/20260514074921.992923_KR_webconnectivity_f4e3abeabdadea76
https://www.rescue.org/,ok,https://explorer.ooni.org/m/20260514074923.552973_KR_webconnectivity_240a37604dd5f9d4
https://www.reuters.com/,ok,https://explorer.ooni.org/m/20260514074925.803663_KR_webconnectivity_6e814f3942f712fb
https://www.rfa.org/,ok,https://explorer.ooni.org/m/20260514074928.832554_KR_webconnectivity_a5b999ce19fa7632
https://www.rferl.org/,ok,https://explorer.ooni.org/m/20260514074931.768051_KR_webconnectivity_fd51cb931048a684
https://www.rfi.fr/,ok,https://explorer.ooni.org/m/20260514074933.354899_KR_webconnectivity_2067ce31e127c2fe
http://www.rights.or.kr/,ok,https://explorer.ooni.org/m/20260514074937.254306_KR_webconnectivity_688cdb3ba3c620cb
http://www.righttodie.ca/,ok,https://explorer.ooni.org/m/20260514074939.091493_KR_webconnectivity_277b77332f010fe4
http://www.rsf.org/article.php3?id_article=17361,ok,https://explorer.ooni.org/m/20260514074942.865320_KR_webconnectivity_52568af95da25059
https://www.rt.com/,ok,https://explorer.ooni.org/m/20260514074946.434913_KR_webconnectivity_5d5da884d2e5864f
https://www.rtarabic.com/,ok,https://explorer.ooni.org/m/20260514074952.772914_KR_webconnectivity_fb9c9adee7e5e5b3
http://www.samesexmarriage.ca/,tcp_ip,https://explorer.ooni.org/m/20260514075024.871764_KR_webconnectivity_9dbf9fa65594c443
http://www.sarangbang.or.kr/,ok,https://explorer.ooni.org/m/20260514075031.268607_KR_webconnectivity_bd24b05e97bc072f
https://www.savethechildren.net/,ok,https://explorer.ooni.org/m/20260514075034.768507_KR_webconnectivity_22efae736298c93a
https://www.sbs.com.au/language/coronavirus?cid=infocus,ok,https://explorer.ooni.org/m/20260514075038.868935_KR_webconnectivity_ea061663a02d6157
http://www.scmp.com/,ok,https://explorer.ooni.org/m/20260514075041.284299_KR_webconnectivity_a7ca76a58e3a5d51
https://www.scmp.com/,ok,https://explorer.ooni.org/m/20260514075043.275502_KR_webconnectivity_75265ea92e0ca8a7
http://www.seapa.org/,tcp_ip,https://explorer.ooni.org/m/20260514075044.316730_KR_webconnectivity_cf13717ce6db26c8
http://www.seapabkk.org/,http-diff,https://explorer.ooni.org/m/20260514075046.775603_KR_webconnectivity_9205e0ff4e779348
https://www.secfirst.org/,tcp_ip,https://explorer.ooni.org/m/20260514075118.182745_KR_webconnectivity_352f3f32b4d7d396
https://www.securityinabox.org/,ok,https://explorer.ooni.org/m/20260514075120.376062_KR_webconnectivity_8c22e1287d47eaab
https://www.shoe.org/,ok,https://explorer.ooni.org/m/20260514075126.746307_KR_webconnectivity_e4db0833bd250adf
http://www.sisainlive.com/,ok,https://explorer.ooni.org/m/20260514075127.641599_KR_webconnectivity_4d5ff48c391f09e5
http://www.sisters.or.kr/,ok,https://explorer.ooni.org/m/20260514075136.299531_KR_webconnectivity_1020a2e48632d9a8
http://www.snumaum.org/,ok,https://explorer.ooni.org/m/20260514075137.095827_KR_webconnectivity_61598a8b9c61f37e
http://www.sp.or.kr/,dns,https://explorer.ooni.org/m/20260514075138.266414_KR_webconnectivity_1762245906105b1c
https://www.spiegel.de/,ok,https://explorer.ooni.org/m/20260514075143.246974_KR_webconnectivity_5c9cb0059844182e
https://www.starlink.com/,ok,https://explorer.ooni.org/m/20260514075145.442807_KR_webconnectivity_e80de592a8e4e483
http://www.state.gov/g/drl/rls/hrrpt/2004/41647.htm,ok,https://explorer.ooni.org/m/20260514075149.395571_KR_webconnectivity_1fc0643455dfe4d3
https://www.stonewall.org.uk/,ok,https://explorer.ooni.org/m/20260514075154.340634_KR_webconnectivity_56fe0a715fd47e74
http://www.stopstreetharassment.org/,ok,https://explorer.ooni.org/m/20260514075157.750863_KR_webconnectivity_048eae972ce29155
https://www.surfeasy.com/,ok,https://explorer.ooni.org/m/20260514075201.165802_KR_webconnectivity_b9dfb9f201284fa1
http://www.taipeitimes.com/,ok,https://explorer.ooni.org/m/20260514075205.791181_KR_webconnectivity_a59f3169a31f3c2c
https://www.teafund.org/,ok,https://explorer.ooni.org/m/20260514075209.174476_KR_webconnectivity_606cb64f791a775a
https://www.techlore.tech/,ok,https://explorer.ooni.org/m/20260514075212.695665_KR_webconnectivity_e75dedff99d3de62
https://www.telegraph.co.uk/,ok,https://explorer.ooni.org/m/20260514075217.537259_KR_webconnectivity_fc2dda176f55cfcf
https://www.terredeshommes.nl/,ok,https://explorer.ooni.org/m/20260514075223.079589_KR_webconnectivity_1e048aee032e1d3e
https://www.theatlantic.com/,ok,https://explorer.ooni.org/m/20260514075225.347182_KR_webconnectivity_a31eb74d2c98b552
http://www.theepochtimes.com/,ok,https://explorer.ooni.org/m/20260514075227.079829_KR_webconnectivity_9fdf8402e147aa42
https://www.theguardian.com/,ok,https://explorer.ooni.org/m/20260514075229.144634_KR_webconnectivity_38a7b42cec44e175
http://www.theregister.co.uk/,ok,https://explorer.ooni.org/m/20260514075233.243101_KR_webconnectivity_20fbb2ae4ef0e942
https://www.thetrevorproject.org/,ok,https://explorer.ooni.org/m/20260514075238.652810_KR_webconnectivity_d08b9d69ee77bf75
http://www.tongilnews.com/,ok,https://explorer.ooni.org/m/20260514075242.608065_KR_webconnectivity_813f504b8b92202c
https://www.torproject.org/,ok,https://explorer.ooni.org/m/20260514075245.976735_KR_webconnectivity_fc6b7e3fd03e1581
http://www.towleroad.com/,http-diff,https://explorer.ooni.org/m/20260514075246.812428_KR_webconnectivity_fef4f5ba99e9e12d
https://www.transgendermap.com/,ok,https://explorer.ooni.org/m/20260514075249.453266_KR_webconnectivity_cd5220f698882e82
https://www.transparency.org/,ok,https://explorer.ooni.org/m/20260514075251.587558_KR_webconnectivity_b3165be1082adfa2
https://www.tunnelbear.com/,http-failure,https://explorer.ooni.org/m/20260514075312.297955_KR_webconnectivity_668b958f6f010e00
https://www.tvc.ru/,ok,https://explorer.ooni.org/m/20260514075314.844436_KR_webconnectivity_acea7d26b7373ea1
http://www.u4.no/,ok,https://explorer.ooni.org/m/20260514075318.382020_KR_webconnectivity_fa4168cd96a9fb3d
http://www.ultimate-anonymity.com/,http-diff,https://explorer.ooni.org/m/20260514075319.414899_KR_webconnectivity_b8cbb9a45070a84b
https://www.unfe.org/,ok,https://explorer.ooni.org/m/20260514075320.627992_KR_webconnectivity_38ef4ec1b1ae0067
https://www.unfpa.org/,ok,https://explorer.ooni.org/m/20260514075322.388168_KR_webconnectivity_0d8155f7619468ad
https://www.unhcr.org/,ok,https://explorer.ooni.org/m/20260514075323.253368_KR_webconnectivity_a0f74e1dadca6a1d
https://www.unicef.org/,ok,https://explorer.ooni.org/m/20260514075324.360778_KR_webconnectivity_a242e7c6c680462d
https://www.upi.com/Top_News/World-News/2019/07/11/Amnesty-International-LGBT-soldiers-face-abuse-in-South-Korea-military/1461562819145/,ok,https://explorer.ooni.org/m/20260514075329.662073_KR_webconnectivity_001cfff039d160aa
https://www.uproxy.org/,ok,https://explorer.ooni.org/m/20260514075331.306731_KR_webconnectivity_617303d2fc0e4f06
http://www.upschool.net/xe/,ok,https://explorer.ooni.org/m/20260514075332.705500_KR_webconnectivity_52e580e04f095b98
https://www.urduvoa.com/,ok,https://explorer.ooni.org/m/20260514075336.500638_KR_webconnectivity_2bea69dcaa1e74f0
https://www.usatoday.com/,ok,https://explorer.ooni.org/m/20260514075337.946559_KR_webconnectivity_0cbf06736e1ffe20
http://www.utopia-asia.com/,http-diff,https://explorer.ooni.org/m/20260514075340.600406_KR_webconnectivity_87f1cb000eda1cf5
https://www.vesti.ru/,ok,https://explorer.ooni.org/m/20260514075344.079029_KR_webconnectivity_51e10a479d68b7b0
https://www.vice.com/,ok,https://explorer.ooni.org/m/20260514075347.399018_KR_webconnectivity_7f949953e44430c1
https://www.voanews.com/,ok,https://explorer.ooni.org/m/20260514075349.515536_KR_webconnectivity_62d465abf934dea0
http://www.vop.co.kr/,error,https://explorer.ooni.org/m/20260514075405.708403_KR_webconnectivity_cad6f3351785908a
https://www.vpngate.net/,ok,https://explorer.ooni.org/m/20260514075408.842808_KR_webconnectivity_2f8ad5d35d3da761
https://www.vpnunlimited.com/,ok,https://explorer.ooni.org/m/20260514075412.289393_KR_webconnectivity_a18f58d7ba431367
https://www.warchild.net/,ok,https://explorer.ooni.org/m/20260514075416.494903_KR_webconnectivity_91e86dfc691ea8dd
https://www.washingtonpost.com/,error,https://explorer.ooni.org/m/20260514075417.921838_KR_webconnectivity_c90244267ccbd851
https://www.washingtontimes.com/,ok,https://explorer.ooni.org/m/20260514075420.067900_KR_webconnectivity_7fd58b1717bbb6d1
http://www.well.com/,ok,https://explorer.ooni.org/m/20260514075423.653265_KR_webconnectivity_e6251f2730298591
http://www.well.com/user/queerjhd/,ok,https://explorer.ooni.org/m/20260514075426.089780_KR_webconnectivity_163251679afeb24b
http://www.wftucentral.org/,ok,https://explorer.ooni.org/m/20260514075430.423243_KR_webconnectivity_81e62a9c3a1d3b07
https://www.wiesenthal.com/,ok,https://explorer.ooni.org/m/20260514075433.961860_KR_webconnectivity_3263907aa83bf5ec
https://www.wilpf.org/,ok,https://explorer.ooni.org/m/20260514075438.329771_KR_webconnectivity_4bb61e81d3fbf4af
http://www.withoutwar.org/,ok,https://explorer.ooni.org/m/20260514075446.035172_KR_webconnectivity_e4e8bb9654e98583
https://www.witness.org/,ok,https://explorer.ooni.org/m/20260514075451.660652_KR_webconnectivity_eaf89dd15e942d3c
http://www.wluml.org/,ok,https://explorer.ooni.org/m/20260514075454.328653_KR_webconnectivity_bfe4083328efb5cf
http://www.wnd.com/,ok,https://explorer.ooni.org/m/20260514075456.480053_KR_webconnectivity_6a11ef9e078fe737
https://www.womankind.org.uk/,ok,https://explorer.ooni.org/m/20260514075458.394946_KR_webconnectivity_e1f1d3ad28751946
http://www.women21.or.kr/,ok,https://explorer.ooni.org/m/20260514075501.652105_KR_webconnectivity_b9a40dbf99f3daa4
https://www.womenforafghanwomen.org/,ok,https://explorer.ooni.org/m/20260514075507.767048_KR_webconnectivity_938f425fdfd5bcdc
http://www.womenforpeaceandjustice.org/,ok,https://explorer.ooni.org/m/20260514075514.285110_KR_webconnectivity_bf91fd87439cb6f0
https://www.womenforwomen.org/,ok,https://explorer.ooni.org/m/20260514075516.518085_KR_webconnectivity_36f98a4e7f860b3b
http://www.womenlink.or.kr/,ok,https://explorer.ooni.org/m/20260514075523.852116_KR_webconnectivity_ca2c93ce65d5f4a7
http://www.womennews.co.kr/,ok,https://explorer.ooni.org/m/20260514075529.765349_KR_webconnectivity_8ddef7c0ef5d6f01
https://www.womenonwaves.org/,ok,https://explorer.ooni.org/m/20260514075533.295634_KR_webconnectivity_ea662a89b6fa42c6
https://www.womenonweb.org/,http-failure,https://explorer.ooni.org/m/20260514075534.561336_KR_webconnectivity_4a03051531a3137b
https://www.womenpeacemakersprogram.org/,ok,https://explorer.ooni.org/m/20260514075539.277616_KR_webconnectivity_cecb524700326de3
http://www.womensmediacenter.com/,ok,https://explorer.ooni.org/m/20260514075544.767141_KR_webconnectivity_8d8d859835a8019a
http://www.womenvoters.or.kr/,ok,https://explorer.ooni.org/m/20260514075548.058577_KR_webconnectivity_cec5ecc0cc1ca151
http://www.worldcoalition.org/,ok,https://explorer.ooni.org/m/20260514075553.330952_KR_webconnectivity_643e80ef53d551fd
https://www.wsj.com/,ok,https://explorer.ooni.org/m/20260514075555.211376_KR_webconnectivity_9a6bd6bc5d088809
http://www.xinhuanet.com/,ok,https://explorer.ooni.org/m/20260514075559.909214_KR_webconnectivity_eaf32c7250c65dca
https://www.yellowhammerfund.org/,ok,https://explorer.ooni.org/m/20260514075602.523996_KR_webconnectivity_4fc19b210c451cb5
http://www.yonhapnews.co.kr/,ok,https://explorer.ooni.org/m/20260514075608.300696_KR_webconnectivity_43c7e118c041346e
http://www.zdnetasia.com/,ok,https://explorer.ooni.org/m/20260514075613.437695_KR_webconnectivity_3c132bc2ff73dfe2
"http://www.zdnetasia.com/downloads/pc/swinfo/0,39043052,39222404s,00.htm",ok,https://explorer.ooni.org/m/20260514075618.459480_KR_webconnectivity_ba978bfdf29851ac
http://www.zeit.de/,ok,https://explorer.ooni.org/m/20260514075621.791110_KR_webconnectivity_9eba7c45cd00cbc5
http://xxx.lanl.gov/,tcp_ip,https://explorer.ooni.org/m/20260514075708.152686_KR_webconnectivity_8de7e371a6c5e138
https://yggdrasil-network.github.io/,ok,https://explorer.ooni.org/m/20260514075709.645520_KR_webconnectivity_79afb9d6343fa35c
http://yolsa.org/,ok,https://explorer.ooni.org/m/20260514075712.506725_KR_webconnectivity_8f16bf8711d40730
http://ytimes.org/,ok,https://explorer.ooni.org/m/20260514075716.219001_KR_webconnectivity_f19d3b317ebfdef3
https://zenvpn.net/,http-failure,https://explorer.ooni.org/m/20260514075737.036033_KR_webconnectivity_0542d1416c600553
https://a.slack-edge.com/f70ec/img/test_cdn_pixel.gif,ok,https://explorer.ooni.org/m/20260514075738.516540_KR_webconnectivity_e7c90e7b80a4a7bb
https://about.riot.im/,ok,https://explorer.ooni.org/m/20260514075743.012096_KR_webconnectivity_3b7476e7197b0096
http://abpr2.railfan.net/,error,https://explorer.ooni.org/m/20260514075747.904221_KR_webconnectivity_7734bb9882f049ac
https://account.proton.me/,ok,https://explorer.ooni.org/m/20260514075750.329956_KR_webconnectivity_ef17d4d1a5377cac
https://app.developer.here.com/coronavirus/,ok,https://explorer.ooni.org/m/20260514075753.214958_KR_webconnectivity_54c6f19c46b527b2
https://app.element.io/,ok,https://explorer.ooni.org/m/20260514075754.593190_KR_webconnectivity_5220d006557cf539
https://app.simplelogin.io/,ok,https://explorer.ooni.org/m/20260514075757.247601_KR_webconnectivity_513bfa8ed22df973
https://app.slack.com/robots.txt,ok,https://explorer.ooni.org/m/20260514075759.187865_KR_webconnectivity_ee4d3a0e7ef0078a
https://app.wire.com/,ok,https://explorer.ooni.org/m/20260514075801.754310_KR_webconnectivity_a46613acdf63b56c
https://archive.ph/,ok,https://explorer.ooni.org/m/20260514075807.118394_KR_webconnectivity_aa1288901745bc89
https://avatars.mds.yandex.net/robots.txt,http-failure,https://explorer.ooni.org/m/20260514075828.770902_KR_webconnectivity_23365389eb1fde8e
http://baykoreans.net/,confirmed,https://explorer.ooni.org/m/20260514075830.395600_KR_webconnectivity_5c8d820ea9a4f2ec
https://bcc.chat/,ok,https://explorer.ooni.org/m/20260514075832.559852_KR_webconnectivity_4c4daf4c1f688fe8
http://bizLGU.com/,error,https://explorer.ooni.org/m/20260514075834.469406_KR_webconnectivity_6b81ce07bda98959
http://bizmessage.kakao.com/,ok,https://explorer.ooni.org/m/20260514075840.372497_KR_webconnectivity_175035e8ae96e37c
https://briarproject.org/,ok,https://explorer.ooni.org/m/20260514075842.775874_KR_webconnectivity_a66c0ee2667a5ca6
http://bric.postech.ac.kr/,ok,https://explorer.ooni.org/m/20260514075900.682823_KR_webconnectivity_acff93a4206dab77
http://cafe.daum.net/ahyoomee,ok,https://explorer.ooni.org/m/20260514075903.332309_KR_webconnectivity_d535725a803e81cf
http://cafe.naver.com/gjhlk,ok,https://explorer.ooni.org/m/20260514075906.308812_KR_webconnectivity_7efb90bf0a1157d2
http://caramasia.gn.apc.org/,tcp_ip,https://explorer.ooni.org/m/20260514075952.611833_KR_webconnectivity_7b0ab1a8353c9d97
https://censored.tv/,ok,https://explorer.ooni.org/m/20260514075955.920222_KR_webconnectivity_bb666d7fd4081ef7
http://chakantv.co.kr/,ok,https://explorer.ooni.org/m/20260514075956.780949_KR_webconnectivity_1a62a03cb1ff12ef
https://chat-gpt.org/,ok,https://explorer.ooni.org/m/20260514080001.057240_KR_webconnectivity_1be1e73e4236a701
https://chatgpt.com/,ok,https://explorer.ooni.org/m/20260514080002.243313_KR_webconnectivity_881fcb0f32ec80d1
https://chika.aangat.lahat.computer/,ok,https://explorer.ooni.org/m/20260514080004.332773_KR_webconnectivity_67aa114eb9e2ab8a
https://cid.contact/,ok,https://explorer.ooni.org/m/20260514080006.360226_KR_webconnectivity_cbb31dd7036f048a
https://cinemata.org/,ok,https://explorer.ooni.org/m/20260514080009.178452_KR_webconnectivity_679710a6002a5bc7
https://circumcision.org/,ok,https://explorer.ooni.org/m/20260514080012.933055_KR_webconnectivity_c65ac77c7b601128
https://claude.ai/,ok,https://explorer.ooni.org/m/20260514080014.046150_KR_webconnectivity_3cca936014445053
https://cocaine.org/,ok,https://explorer.ooni.org/m/20260514080016.153105_KR_webconnectivity_558066e11ab78c07
https://coronavirus.app/,ok,https://explorer.ooni.org/m/20260514080017.581321_KR_webconnectivity_ca6db40daaf77d53
https://coronavirus.jhu.edu/map.html,ok,https://explorer.ooni.org/m/20260514080021.258096_KR_webconnectivity_54b255f014d581de
https://covidtracking.com/,ok,https://explorer.ooni.org/m/20260514080023.892191_KR_webconnectivity_3939f0a07df3f214
https://cwtch.im/,ok,https://explorer.ooni.org/m/20260514080028.435847_KR_webconnectivity_eb5cbc3c5e595589
http://cyworld.nate.com/club/clubsection/clubSection4_main.asp,ok,https://explorer.ooni.org/m/20260514080029.722875_KR_webconnectivity_610caff140a29073
https://deepseek.ai/,ok,https://explorer.ooni.org/m/20260514080031.731955_KR_webconnectivity_e7c3309e8613a5ea
https://delta.chat/,ok,https://explorer.ooni.org/m/20260514080034.307095_KR_webconnectivity_c84fb0cfa1e1aaa8
https://disqus.com/,ok,https://explorer.ooni.org/m/20260514080035.663268_KR_webconnectivity_4ca4c1e23002fda1
https://dit.whatsapp.net/robots.txt,ok,https://explorer.ooni.org/m/20260514080037.278391_KR_webconnectivity_fe30bd6b3e9b4b7f
https://dl.acm.org/,ok,https://explorer.ooni.org/m/20260514080038.344925_KR_webconnectivity_77c97dc920c113bf
http://dongyoungsang.com/,dns,https://explorer.ooni.org/m/20260514080039.555517_KR_webconnectivity_acd1996ce7314242
https://duckduckgo.com/,http-failure,https://explorer.ooni.org/m/20260514080100.853995_KR_webconnectivity_5f791f274517fc45
https://dweb.link/,ok,https://explorer.ooni.org/m/20260514080104.315182_KR_webconnectivity_21b8037f70ad1540
https://element.io/,ok,https://explorer.ooni.org/m/20260514080108.366331_KR_webconnectivity_1a1bf5178be8602d
https://encrypted-tbn0.gstatic.com/robots.txt,ok,https://explorer.ooni.org/m/20260514080110.720207_KR_webconnectivity_1a96fedf3bbb7835
https://espiv.net/,ok,https://explorer.ooni.org/m/20260514080115.197854_KR_webconnectivity_c48b9c75c80c08fe
https://evernote.com/,ok,https://explorer.ooni.org/m/20260514080117.983075_KR_webconnectivity_1a56f1f0fcd35b79
https://experience.arcgis.com/experience/685d0ace521648f8a5beeeee1b9125cd,ok,https://explorer.ooni.org/m/20260514080119.885607_KR_webconnectivity_acef3d5e87ab11b9
https://external-content.duckduckgo.com/robots.txt,http-failure,https://explorer.ooni.org/m/20260514080141.161205_KR_webconnectivity_29d45d76d19cbdd7
http://gall.dcinside.com/board/lists/?id=disease,ok,https://explorer.ooni.org/m/20260514080154.926473_KR_webconnectivity_881c9b4bb853084b
https://gemini.google.com/,ok,https://explorer.ooni.org/m/20260514080158.004609_KR_webconnectivity_25e03043f2a2f42e
https://getsession.org/,ok,https://explorer.ooni.org/m/20260514080201.208848_KR_webconnectivity_29e906345311e4cf
https://gisanddata.maps.arcgis.com/apps/dashboards/bda7594740fd40299423467b48e9ecf6,ok,https://explorer.ooni.org/m/20260514080203.471667_KR_webconnectivity_6ed4fee8d2163143
http://giveu.net/,ok,https://explorer.ooni.org/m/20260514080209.554886_KR_webconnectivity_98a3bb66b8259970
https://go-text.me/,ok,https://explorer.ooni.org/m/20260514080213.080840_KR_webconnectivity_b19d9c79355e8fc1
http://h50030.www5.hp.com/,ok,https://explorer.ooni.org/m/20260514080214.253613_KR_webconnectivity_875f16350f16a804
https://hgis.uw.edu/virus/,ok,https://explorer.ooni.org/m/20260514080218.447362_KR_webconnectivity_9b5d2ff9e75cd0ea
https://icao.maps.arcgis.com/apps/opsdashboard/index.html#/977dde48256b489fb48fa98e724721e8,ok,https://explorer.ooni.org/m/20260514080221.223421_KR_webconnectivity_e619b177aad71250
https://icao.maps.arcgis.com/apps/webappviewer3d/index.html?id=d9d3f8fa9a23425c8f0889baab626186,ok,https://explorer.ooni.org/m/20260514080223.744631_KR_webconnectivity_a5f8e65f1975f4b3
https://icq.com/,ok,https://explorer.ooni.org/m/20260514080228.882232_KR_webconnectivity_9e4d1b39079ce2a6
https://ifacetimeapp.com/,ok,https://explorer.ooni.org/m/20260514080232.974706_KR_webconnectivity_2cd38f44462ec1ad
https://im0-tub-com.yandex.net/i?id=462f375c96139f1e41d919b44be2d780&n=13&exp=1,tcp_ip,https://explorer.ooni.org/m/20260514080333.264062_KR_webconnectivity_385131a73ce6606a
http://imagebingo.naver.com/,ok,https://explorer.ooni.org/m/20260514080334.308917_KR_webconnectivity_793cc649cbdef48d
https://imageshack.com/,ok,https://explorer.ooni.org/m/20260514080336.724194_KR_webconnectivity_f0a0c0ebeb8c0438
https://imgur.com/,ok,https://explorer.ooni.org/m/20260514080339.645276_KR_webconnectivity_71d9073c370a5cb5
http://imo.im/,ok,https://explorer.ooni.org/m/20260514080342.010367_KR_webconnectivity_9bbc4fc3a6b5b029
https://imp.free.fr/,ok,https://explorer.ooni.org/m/20260514080346.674129_KR_webconnectivity_5fb07734d1570367
http://internetphone114.com/,ok,https://explorer.ooni.org/m/20260514080347.518152_KR_webconnectivity_abb590c7ef4d9e3c
https://ipfs.io/,ok,https://explorer.ooni.org/m/20260514080348.898916_KR_webconnectivity_8b6de737e7f5b444
https://jami.net/,ok,https://explorer.ooni.org/m/20260514080352.964883_KR_webconnectivity_c0723b28f95ba1cf
https://journals.lww.com/,ok,https://explorer.ooni.org/m/20260514080354.096770_KR_webconnectivity_5c4d063ab9f3b2f9
https://kick.com/,ok,https://explorer.ooni.org/m/20260514080355.187014_KR_webconnectivity_38a23e29c3893887
https://kidshealth.org/,ok,https://explorer.ooni.org/m/20260514080359.005049_KR_webconnectivity_629c3847274d1db8
http://kr.yahoo.com/,ok,https://explorer.ooni.org/m/20260514080402.405949_KR_webconnectivity_6d4ac7de46aab4ef
https://lbry.com/,ok,https://explorer.ooni.org/m/20260514080405.361372_KR_webconnectivity_48505314b6eb0b61
https://lbry.org/,ok,https://explorer.ooni.org/m/20260514080407.172244_KR_webconnectivity_a4c74b6dc0493099
https://lens.google.com/uploadbyurl?url=https%3A%2F%2Fwww.google.com%2Fimages%2Fbranding%2Fgooglelogo%2F1x%2Fgooglelogo_color_150x54dp.png&hl=en-US&ep=gisb,ok,https://explorer.ooni.org/m/20260514080410.621095_KR_webconnectivity_aeb9fb89a2fcdbc4
http://lifeline.or.kr/,error,https://explorer.ooni.org/m/20260514080423.923200_KR_webconnectivity_be3b7a89ee1300f8
https://line.me/,ok,https://explorer.ooni.org/m/20260514080427.988877_KR_webconnectivity_44c176581b48ffed
https://livestream.com/,ok,https://explorer.ooni.org/m/20260514080430.156008_KR_webconnectivity_b4c2c73789f94fc0
https://login.live.com/,ok,https://explorer.ooni.org/m/20260514080433.644459_KR_webconnectivity_bc624aae2aff1739
http://mail.daum.net/,ok,https://explorer.ooni.org/m/20260514080440.114865_KR_webconnectivity_fa5ec00e6810ea02
https://mail.google.com/,ok,https://explorer.ooni.org/m/20260514080445.985541_KR_webconnectivity_ab53781114709246
http://mail.naver.com/,ok,https://explorer.ooni.org/m/20260514080502.420033_KR_webconnectivity_44ad2d3cac9e25d8
https://mail.proton.me/,ok,https://explorer.ooni.org/m/20260514080504.961009_KR_webconnectivity_bf6f946c1028dcd5
https://mail.ru/,ok,https://explorer.ooni.org/m/20260514080510.576165_KR_webconnectivity_a5d8b457b8a31dbb
https://mail.yahoo.com/,ok,https://explorer.ooni.org/m/20260514080513.504641_KR_webconnectivity_599a0c64364a8544
https://mail.yandex.ru/,http-failure,https://explorer.ooni.org/m/20260514080535.385623_KR_webconnectivity_1d22d6aff586b274
https://matrix-client.matrix.org/_matrix/client/versions,ok,https://explorer.ooni.org/m/20260514080536.661882_KR_webconnectivity_b17380e88c1bebb1
https://matrix.org/,ok,https://explorer.ooni.org/m/20260514080539.082005_KR_webconnectivity_25df18d1dcb75659
https://matrix.to/,ok,https://explorer.ooni.org/m/20260514080540.509333_KR_webconnectivity_52acbad6701080de
https://mattermost.com/,ok,https://explorer.ooni.org/m/20260514080543.171111_KR_webconnectivity_2c632f2589b0e40e
https://media-arn2-1.cdn.whatsapp.net/robots.txt,ok,https://explorer.ooni.org/m/20260514080545.633713_KR_webconnectivity_4929b791566b7e68
https://media.fevn1-1.fna.whatsapp.net/robots.txt,http-failure,https://explorer.ooni.org/m/20260514080629.767986_KR_webconnectivity_1ff7ee19ca3b5dd0
https://meet.jit.si/,ok,https://explorer.ooni.org/m/20260514080631.233635_KR_webconnectivity_8d222af9579d1535
https://messages.google.com/,ok,https://explorer.ooni.org/m/20260514080633.978461_KR_webconnectivity_5b1e6a86e14bbc5a
https://mmg.whatsapp.net/robots.txt,ok,https://explorer.ooni.org/m/20260514080635.882608_KR_webconnectivity_598f2ba4b575e12f
https://mobile.element.io/,ok,https://explorer.ooni.org/m/20260514080637.336315_KR_webconnectivity_41b46a0ecabb8559
https://msh.org/,ok,https://explorer.ooni.org/m/20260514080639.832323_KR_webconnectivity_106c8135b64a0c40
https://mytrans.com.tw/,ok,https://explorer.ooni.org/m/20260514080642.023213_KR_webconnectivity_2f3f23b98ecf5e13
https://nextstrain.org/ncov,ok,https://explorer.ooni.org/m/20260514080645.745269_KR_webconnectivity_b898a6a3272bc85c
https://nostr.com/,ok,https://explorer.ooni.org/m/20260514080647.765295_KR_webconnectivity_7d08e11abbd7453e
https://obsproject.com/,ok,https://explorer.ooni.org/m/20260514080650.905689_KR_webconnectivity_ea7bde26bd7bc6de
https://odysee.com/,ok,https://explorer.ooni.org/m/20260514080652.526045_KR_webconnectivity_c335879748bab734
http://onairkorean.tv/,http-diff,https://explorer.ooni.org/m/20260514080654.720346_KR_webconnectivity_c11bea61d42f716a
https://openai.com/,ok,https://explorer.ooni.org/m/20260514080655.901856_KR_webconnectivity_d74e699d3a7b8029
https://openobservatory.slack.com/,ok,https://explorer.ooni.org/m/20260514080658.643177_KR_webconnectivity_ca7ce67fdc9436dc
https://opera.com/,ok,https://explorer.ooni.org/m/20260514080704.507849_KR_webconnectivity_764c26ede94a9ca0
https://outlook.live.com/,ok,https://explorer.ooni.org/m/20260514080706.843701_KR_webconnectivity_e5aec3e8ce954075
https://photos.google.com/,ok,https://explorer.ooni.org/m/20260514080710.521884_KR_webconnectivity_39478fcb4872a1a5
https://pinboard.in/,ok,https://explorer.ooni.org/m/20260514080713.289618_KR_webconnectivity_be17304b85fbd291
https://posteo.de/,ok,https://explorer.ooni.org/m/20260514080718.379970_KR_webconnectivity_e28907448b56635f
https://postimage.io/,ok,https://explorer.ooni.org/m/20260514080723.002619_KR_webconnectivity_cf993a695e9d9b0e
https://pps.whatsapp.net/robots.txt,ok,https://explorer.ooni.org/m/20260514080724.799856_KR_webconnectivity_6df9cdfbf349248c
https://presearch.com/,ok,https://explorer.ooni.org/m/20260514080726.698928_KR_webconnectivity_5b0cde28393a129d
https://presearch.org/,ok,https://explorer.ooni.org/m/20260514080729.313864_KR_webconnectivity_13c9ed5ceb15a78b
https://rumble.com/,ok,https://explorer.ooni.org/m/20260514080733.844840_KR_webconnectivity_7e597708d61103e0
http://sakhr.com/,ok,https://explorer.ooni.org/m/20260514080735.868196_KR_webconnectivity_ddc982662037839d
https://search.aol.com/,ok,https://explorer.ooni.org/m/20260514080738.609585_KR_webconnectivity_5d414225c2f1f7c2
https://search.brave.com/,ok,https://explorer.ooni.org/m/20260514080741.036374_KR_webconnectivity_20829c0714afaab9
https://secure.hi5.com/,ok,https://explorer.ooni.org/m/20260514080745.926336_KR_webconnectivity_a4c62256b5103010
https://simplex.chat/,ok,https://explorer.ooni.org/m/20260514080747.735942_KR_webconnectivity_594d2e2a9df22f4a
https://slack-imgs.com/,ok,https://explorer.ooni.org/m/20260514080749.376693_KR_webconnectivity_f4d5885626430b6a
https://slack.com/,ok,https://explorer.ooni.org/m/20260514080752.736081_KR_webconnectivity_e2e46e03109e9f73
https://spideroak.com/,ok,https://explorer.ooni.org/m/20260514080756.593477_KR_webconnectivity_d0b990e5ca84141e
https://st1.zoom.us/zoom.ico,ok,https://explorer.ooni.org/m/20260514080757.680107_KR_webconnectivity_83eaa395adf89c00
https://startpage.com/,ok,https://explorer.ooni.org/m/20260514080803.439161_KR_webconnectivity_26c22478721fb800
https://status.im/,ok,https://explorer.ooni.org/m/20260514080807.542782_KR_webconnectivity_b3374bfc5c651f77
https://storymaps.arcgis.com/,ok,https://explorer.ooni.org/m/20260514080811.145110_KR_webconnectivity_0fb914afb9e03ef2
https://support.delta.chat/,ok,https://explorer.ooni.org/m/20260514080815.668974_KR_webconnectivity_935ebbd6082b6347
https://support.therapytribe.com/hivaids-support-group/,ok,https://explorer.ooni.org/m/20260514080818.950306_KR_webconnectivity_3fb6f2ccb7ba70ee
https://t.me/,ok,https://explorer.ooni.org/m/20260514080822.530508_KR_webconnectivity_075f0cf1871cb6af
https://tamtam.chat/,ok,https://explorer.ooni.org/m/20260514080825.962127_KR_webconnectivity_3aab203a257db2e9
http://tcafek.com/,confirmed,https://explorer.ooni.org/m/20260514080842.838400_KR_webconnectivity_efd5746dc9fe1a5f
https://teams.microsoft.com/,ok,https://explorer.ooni.org/m/20260514080845.731983_KR_webconnectivity_8cf0638af3eb917c
https://telegram.me/,ok,https://explorer.ooni.org/m/20260514080849.533963_KR_webconnectivity_a3bd043fdd508769
https://test-ipv6.com/,ok,https://explorer.ooni.org/m/20260514080908.155677_KR_webconnectivity_21991498d46e9539
https://th.bing.com/th/id/OIP.YnpdokcN_OQYn3n41AlqZAHaEe?w=250&h=180&c=7&o=5&pid=1.7,ok,https://explorer.ooni.org/m/20260514080910.185732_KR_webconnectivity_d120ffb626b0b443
https://translate.google.com/,ok,https://explorer.ooni.org/m/20260514080914.060533_KR_webconnectivity_e8bcc4317be8cf60
https://translation2.paralink.com/,ok,https://explorer.ooni.org/m/20260514080917.068060_KR_webconnectivity_fd6316d393e6835a
https://transparencyreport.google.com/,ok,https://explorer.ooni.org/m/20260514080920.701902_KR_webconnectivity_7d6ac607d2f2a897
https://trello.com/,ok,https://explorer.ooni.org/m/20260514080925.268867_KR_webconnectivity_4d7117b6860dc814
https://tse1.explicit.bing.net/robots.txt,ok,https://explorer.ooni.org/m/20260514080926.132281_KR_webconnectivity_04973fd830ef2b26
https://tuta.com/,ok,https://explorer.ooni.org/m/20260514080931.348154_KR_webconnectivity_fa0bf62d4ce058f9
http://tvcast.naver.com/,ok,https://explorer.ooni.org/m/20260514080936.010807_KR_webconnectivity_046cafa66e0ee405
http://tvpot.daum.net/,dns,https://explorer.ooni.org/m/20260514080937.412553_KR_webconnectivity_7fc63458abf98bb7
http://tvpot.media.daum.net/,ok,https://explorer.ooni.org/m/20260514080938.724183_KR_webconnectivity_53460a2900bdc167
https://tvzil.com/,ok,https://explorer.ooni.org/m/20260514080942.909639_KR_webconnectivity_21d036a3b29f8217
https://tx.me/,ok,https://explorer.ooni.org/m/20260514080945.950613_KR_webconnectivity_6acbccc979bcc29d
https://vector.im/_matrix/identity/api/v1,ok,https://explorer.ooni.org/m/20260514080947.975460_KR_webconnectivity_d2a35ac99a622c5c
https://video-preview.s3.yandex.net/robots.txt,http-failure,https://explorer.ooni.org/m/20260514081009.519506_KR_webconnectivity_169145c479bf0cd1
https://web.wechat.com/,ok,https://explorer.ooni.org/m/20260514081013.904024_KR_webconnectivity_19ef7168a3d5ceb3
https://webcache.googleusercontent.com/robots.txt,ok,https://explorer.ooni.org/m/20260514081015.933042_KR_webconnectivity_4b4a6aa1bb884ff6
https://wire.com/,ok,https://explorer.ooni.org/m/20260514081018.261980_KR_webconnectivity_4c901e0572ba93a2
https://worldhealth.net/,ok,https://explorer.ooni.org/m/20260514081020.917155_KR_webconnectivity_c84fa558cc822820
http://www.aids.or.kr/,ok,https://explorer.ooni.org/m/20260514081023.875522_KR_webconnectivity_8f42a8dcc809cd76
https://www.ananzi.co.za/,ok,https://explorer.ooni.org/m/20260514081028.058980_KR_webconnectivity_162e000072d3f4ab
http://www.asiansexgazette.com/,http-diff,https://explorer.ooni.org/m/20260514081031.345445_KR_webconnectivity_8b3b1b27584d017e
http://www.asiansexgazette.com/asg/asian_health.htm,http-diff,https://explorer.ooni.org/m/20260514081033.448584_KR_webconnectivity_1cecbcdef93eabb9
http://www.ask.com/,ok,https://explorer.ooni.org/m/20260514081034.568570_KR_webconnectivity_980796221bd80ea9
https://www.asterisk.org/,ok,https://explorer.ooni.org/m/20260514081036.053650_KR_webconnectivity_4ab52124c484cbb4
https://www.baidu.com/,ok,https://explorer.ooni.org/m/20260514081038.433650_KR_webconnectivity_1d32b261c667d2c6
https://www.bbm.com/,ok,https://explorer.ooni.org/m/20260514081042.940862_KR_webconnectivity_2b1b7b67998d5618
https://www.bing.com/,ok,https://explorer.ooni.org/m/20260514081046.644026_KR_webconnectivity_41610f6ed38209e7
https://www.bitchute.com/,ok,https://explorer.ooni.org/m/20260514081047.871105_KR_webconnectivity_9a8136f71fdffc16
https://www.bittorrent.com/,ok,https://explorer.ooni.org/m/20260514081050.198452_KR_webconnectivity_ea06cb85efae082f
https://www.blackberry.com/,ok,https://explorer.ooni.org/m/20260514081101.359063_KR_webconnectivity_050d0268dfca6331
https://www.broadvoice.com/,ok,https://explorer.ooni.org/m/20260514081104.130820_KR_webconnectivity_70f31da2eb3abbc4
https://www.cdc.go.kr/board/board.es?mid=&bid=0030,error,https://explorer.ooni.org/m/20260514081106.480806_KR_webconnectivity_e7595983e48f82b4
https://www.cdc.gov/,ok,https://explorer.ooni.org/m/20260514081108.833273_KR_webconnectivity_d5ad11be8d73903d
http://www.chol.com/,dns,https://explorer.ooni.org/m/20260514081111.722260_KR_webconnectivity_e49925bf15eef8d5
http://www.cirp.org/,ok,https://explorer.ooni.org/m/20260514081114.948675_KR_webconnectivity_abcc30953a173030
http://www.dailymotion.com/kr,ok,https://explorer.ooni.org/m/20260514081120.192633_KR_webconnectivity_f74595e38def9228
https://www.dailymotion.com/,ok,https://explorer.ooni.org/m/20260514081122.651591_KR_webconnectivity_37ec4395fa6cf64d
http://www.daum.net/,ok,https://explorer.ooni.org/m/20260514081128.256573_KR_webconnectivity_6115ba092217af14
https://www.deepseek.com/,ok,https://explorer.ooni.org/m/20260514081129.906225_KR_webconnectivity_2c17e5952a82a322
https://www.doctissimo.fr/,ok,https://explorer.ooni.org/m/20260514081132.963646_KR_webconnectivity_958f597589213edb
https://www.doctorswithoutborders.org/,ok,https://explorer.ooni.org/m/20260514081135.497018_KR_webconnectivity_db3296331b79e3f0
http://www.dogpile.com/,ok,https://explorer.ooni.org/m/20260514081138.500981_KR_webconnectivity_a6c7313c480d8d96
http://www.dreamwiz.com/,ok,https://explorer.ooni.org/m/20260514081143.703699_KR_webconnectivity_de0d2605d3b0c5ff
https://www.ecdc.europa.eu/,ok,https://explorer.ooni.org/m/20260514081148.542710_KR_webconnectivity_61a8b566be4aee6f
https://www.ectaco.com/,ok,https://explorer.ooni.org/m/20260514081151.306100_KR_webconnectivity_5dd1d222430ea18c
http://www.empas.com/,ok,https://explorer.ooni.org/m/20260514081153.388491_KR_webconnectivity_fab6aad5e46d0bad
https://www.engenderhealth.org/,ok,https://explorer.ooni.org/m/20260514081158.103153_KR_webconnectivity_890c2f785ce205c9
http://www.euthanasia.cc/,error,https://explorer.ooni.org/m/20260514081220.504337_KR_webconnectivity_5392708db526aec5
https://www.excite.com/,ok,https://explorer.ooni.org/m/20260514081222.769721_KR_webconnectivity_2c12dd1e452b4309
https://www.fastmail.com/,ok,https://explorer.ooni.org/m/20260514081224.263403_KR_webconnectivity_f84731d5c95bed6c
https://www.flickr.com/,ok,https://explorer.ooni.org/m/20260514081226.312878_KR_webconnectivity_bc3defc21a48eaf6
https://www.fotki.com/,ok,https://explorer.ooni.org/m/20260514081229.132967_KR_webconnectivity_198d12f8c9ba0954
http://www.fotolog.com/,ok,https://explorer.ooni.org/m/20260514081234.158608_KR_webconnectivity_55bdc0da1e9e9002
https://www.freepik.com/,ok,https://explorer.ooni.org/m/20260514081237.768653_KR_webconnectivity_3b905aa74322c15a
https://www.gatesfoundation.org/,ok,https://explorer.ooni.org/m/20260514081242.615784_KR_webconnectivity_cf46fd8f8806b932
http://www.getdrupe.com/,ok,https://explorer.ooni.org/m/20260514081246.347124_KR_webconnectivity_8274025e19442735
https://www.gmx.com/,ok,https://explorer.ooni.org/m/20260514081252.842732_KR_webconnectivity_20fe38415dbbc69b
https://www.google.co.kr/,ok,https://explorer.ooni.org/m/20260514081256.344793_KR_webconnectivity_3f37bb09df069db8
https://www.google.com/,ok,https://explorer.ooni.org/m/20260514081258.882051_KR_webconnectivity_8bdf1292ebf0a2ce
https://www.health.com/,ok,https://explorer.ooni.org/m/20260514081259.805971_KR_webconnectivity_0def4eebb6c9a6e6
https://www.healthmap.org/covid-19/,ok,https://explorer.ooni.org/m/20260514081301.920061_KR_webconnectivity_96585201a45536ba
https://www.hightail.com/,ok,https://explorer.ooni.org/m/20260514081304.488301_KR_webconnectivity_2f3f1c8a5041c666
https://www.hotbot.com/,ok,https://explorer.ooni.org/m/20260514081308.119231_KR_webconnectivity_6b966079b8c0348a
https://www.hushmail.com/,ok,https://explorer.ooni.org/m/20260514081310.356440_KR_webconnectivity_71daf4d73f1b1dc1
https://www.iconnecthere.com/,ok,https://explorer.ooni.org/m/20260514081313.109044_KR_webconnectivity_caa27908193bca4c
http://www.implantinfo.com/,ok,https://explorer.ooni.org/m/20260514081317.582780_KR_webconnectivity_ee852ba04d0a6b65
http://www.inbox.com/,ok,https://explorer.ooni.org/m/20260514081320.813220_KR_webconnectivity_235f5017b0378770
http://www.internet-phone.co.kr/,tcp_ip,https://explorer.ooni.org/m/20260514081406.875875_KR_webconnectivity_7c293276639de09d
http://www.isscr.org/,ok,https://explorer.ooni.org/m/20260514081410.017645_KR_webconnectivity_82fb906fffde30c5
https://www.jabber.ru/,ok,https://explorer.ooni.org/m/20260514081413.959118_KR_webconnectivity_ae7acd18ca33795f
http://www.kakao.com/services/8,ok,https://explorer.ooni.org/m/20260514081419.836084_KR_webconnectivity_8f651c28601bfd0a
http://www.keptprivate.com/,ok,https://explorer.ooni.org/m/20260514081422.912167_KR_webconnectivity_fb2e36825b1bc538
https://www.kff.org/,ok,https://explorer.ooni.org/m/20260514081424.975753_KR_webconnectivity_60a9f80cbe017c7c
http://www.kftel.com/,ok,https://explorer.ooni.org/m/20260514081427.817576_KR_webconnectivity_62804fddff2e8903
http://www.kissphoto.net/,ok,https://explorer.ooni.org/m/20260514081429.117617_KR_webconnectivity_4f4bfc24f22512c7
https://www.last.fm/,ok,https://explorer.ooni.org/m/20260514081431.901920_KR_webconnectivity_9be742823d135bb5
http://www.lets070.net/,ok,https://explorer.ooni.org/m/20260514081434.090000_KR_webconnectivity_7cff1df2f56312aa
http://www.lingo.com/,error,https://explorer.ooni.org/m/20260514081436.240528_KR_webconnectivity_b282a081c0cbf980
http://www.linphone.org/,ok,https://explorer.ooni.org/m/20260514081440.420244_KR_webconnectivity_0359c9857820cfa6
https://www.liveleak.com/,error,https://explorer.ooni.org/m/20260514081442.969819_KR_webconnectivity_2b93d1e5f5181f60
http://www.love4one.com/,ok,https://explorer.ooni.org/m/20260514081449.302099_KR_webconnectivity_bb6164b6f9921b71
http://www.lsinc.co.kr/,ok,https://explorer.ooni.org/m/20260514081450.129786_KR_webconnectivity_e644c2507adf2dd4
http://www.lxnetworks.co.kr/,error,https://explorer.ooni.org/m/20260514081452.583312_KR_webconnectivity_56566f83959cc54d
http://www.lycos.com/,ok,https://explorer.ooni.org/m/20260514081455.367641_KR_webconnectivity_765939fa5f464746
http://www.magicjack.com/,ok,https://explorer.ooni.org/m/20260514081500.422235_KR_webconnectivity_3792bd7163769149
https://www.mail.com/,ok,https://explorer.ooni.org/m/20260514081507.540159_KR_webconnectivity_d026ec3b241147c8
http://www.mail.lycos.com/,dns,https://explorer.ooni.org/m/20260514081509.676253_KR_webconnectivity_b959480816365e9a
http://www.mail2web.com/,ok,https://explorer.ooni.org/m/20260514081516.172429_KR_webconnectivity_20cde8e391793081
http://www.mailinator.com/,ok,https://explorer.ooni.org/m/20260514081519.041677_KR_webconnectivity_b05a0ce56a82ee11
https://www.mamma.com/,ok,https://explorer.ooni.org/m/20260514081523.118226_KR_webconnectivity_4b21fcd8064cfa67
https://www.mariestopes.org.uk/,ok,https://explorer.ooni.org/m/20260514081527.169667_KR_webconnectivity_a1c1e12af10f2bcb
http://www.medecinsdumonde.org/,ok,https://explorer.ooni.org/m/20260514081536.077003_KR_webconnectivity_d9b416d426a2a054
https://www.mediafire.com/,ok,https://explorer.ooni.org/m/20260514081537.280895_KR_webconnectivity_b711a7def70c9911
http://www.medicinenet.com/,ok,https://explorer.ooni.org/m/20260514081540.833024_KR_webconnectivity_64cd55a0924bcb3a
http://www.mersjido.com/,ok,https://explorer.ooni.org/m/20260514081542.229111_KR_webconnectivity_a9c66a6a43e1a411
https://www.messenger.com/,ok,https://explorer.ooni.org/m/20260514081544.878339_KR_webconnectivity_0b3c6117b2b82c6a
http://www.metacrawler.com/,ok,https://explorer.ooni.org/m/20260514081547.066167_KR_webconnectivity_03e8381f5569d53d
https://www.microsoft.com/,ok,https://explorer.ooni.org/m/20260514081549.934857_KR_webconnectivity_beae482870ba664b
http://www.microsofttranslator.com/,ok,https://explorer.ooni.org/m/20260514081554.767193_KR_webconnectivity_67efce6ee157de5a
https://www.mojeek.com/,ok,https://explorer.ooni.org/m/20260514081557.394721_KR_webconnectivity_ca7017375d489be4
http://www.moohan.net/,ok,https://explorer.ooni.org/m/20260514081600.098654_KR_webconnectivity_d58e0a383dc0dc98
https://www.msf.org/,ok,https://explorer.ooni.org/m/20260514081602.824210_KR_webconnectivity_51419118808d47f1
https://www.msn.com/,ok,https://explorer.ooni.org/m/20260514081605.283041_KR_webconnectivity_9709cb6d1bc236e9
http://www.munjanara.co.kr/,error,https://explorer.ooni.org/m/20260514081622.498559_KR_webconnectivity_30d399b2c5b81876
http://www.naver.com/,ok,https://explorer.ooni.org/m/20260514081625.489802_KR_webconnectivity_ea43acd3e907b106
http://www.netaddress.com/,ok,https://explorer.ooni.org/m/20260514081628.130521_KR_webconnectivity_86ba061d5caf2d94
https://www.netaddress.com/,ok,https://explorer.ooni.org/m/20260514081631.373374_KR_webconnectivity_d458591e1df91f7b
https://www.netflix.com/,ok,https://explorer.ooni.org/m/20260514081637.442453_KR_webconnectivity_f9924939dff06428
http://www.nicesms.co.kr/,ok,https://explorer.ooni.org/m/20260514081641.377992_KR_webconnectivity_70350cd1b721bde9
http://www.olleh-kt.kr/,ok,https://explorer.ooni.org/m/20260514081644.247914_KR_webconnectivity_550dd245debf9934
http://www.online-translator.com/,ok,https://explorer.ooni.org/m/20260514081648.211957_KR_webconnectivity_486ad2a5defca1d8
http://www.oovoo.com/,ok,https://explorer.ooni.org/m/20260514081651.453509_KR_webconnectivity_6baefd16e037acb9
https://www.openstreetmap.org/,ok,https://explorer.ooni.org/m/20260514081654.671489_KR_webconnectivity_3322e6348238215c
http://www.orgio.com/,ok,https://explorer.ooni.org/m/20260514081657.004947_KR_webconnectivity_cb9891d1339ee12e
http://www.paltalk.com/,ok,https://explorer.ooni.org/m/20260514081659.718816_KR_webconnectivity_4d1339256562f0c9
http://www.pandora.com/,ok,https://explorer.ooni.org/m/20260514081702.209125_KR_webconnectivity_1cfebcf752023ff1
https://www.perplexity.ai/,ok,https://explorer.ooni.org/m/20260514081703.334337_KR_webconnectivity_0ddca3e3debfe768
http://www.photobucket.com/,http-diff,https://explorer.ooni.org/m/20260514081704.886076_KR_webconnectivity_80f2e9e7e88e8030
https://www.pinterest.com/,ok,https://explorer.ooni.org/m/20260514081708.601332_KR_webconnectivity_779a5b1170e58091
https://www.postmaster.co.uk/,ok,https://explorer.ooni.org/m/20260514081711.466587_KR_webconnectivity_79a47a9580c9c02c
http://www.ppurio.com/,ok,https://explorer.ooni.org/m/20260514081717.646653_KR_webconnectivity_a40f5b57bc096cde
https://www.projectbaseline.com/studies/covid-research/,ok,https://explorer.ooni.org/m/20260514081719.906729_KR_webconnectivity_eea4cdd6324c0da9
https://www.proton.me/,ok,https://explorer.ooni.org/m/20260514081725.556055_KR_webconnectivity_9676a529739ce8c8
https://www.rki.de/,ok,https://explorer.ooni.org/m/20260514081735.805671_KR_webconnectivity_cc74ba7f26b7dc4d
https://www.search.com/,ok,https://explorer.ooni.org/m/20260514081740.917718_KR_webconnectivity_4582a459c26bc467
http://www.searchindia.com/,ok,https://explorer.ooni.org/m/20260514081744.958787_KR_webconnectivity_81cff0fd2ee53e0a
http://www.securenym.net/,ok,https://explorer.ooni.org/m/20260514081747.448121_KR_webconnectivity_d8a034bd929c04b5
https://www.sendspace.com/,error,https://explorer.ooni.org/m/20260514081748.902959_KR_webconnectivity_f6f0c69fe1dfa07c
https://www.sendthisfile.com/,ok,https://explorer.ooni.org/m/20260514081753.100064_KR_webconnectivity_e996e2f7768c2a20
http://www.shinbiro.com/,tcp_ip,https://explorer.ooni.org/m/20260514081839.304476_KR_webconnectivity_dec32f7602a65b12
http://www.sina.com.cn/,ok,https://explorer.ooni.org/m/20260514081843.759837_KR_webconnectivity_75a5e9fd03bfde52
https://www.skype.com/,ok,https://explorer.ooni.org/m/20260514081845.854225_KR_webconnectivity_36b6d45d7bbeee00
http://www.skysms.co.kr/,ok,https://explorer.ooni.org/m/20260514081847.849504_KR_webconnectivity_e5785d129efed26c
http://www.slideshare.net/,ok,https://explorer.ooni.org/m/20260514081850.337628_KR_webconnectivity_7507d4f9d3120f4f
https://www.startmail.com/,ok,https://explorer.ooni.org/m/20260514081854.341120_KR_webconnectivity_ea2ac2cc06d5a052
https://www.subscribestar.com/,ok,https://explorer.ooni.org/m/20260514081857.144870_KR_webconnectivity_b65225656106387e
http://www.talkyou.me/,ok,https://explorer.ooni.org/m/20260514081859.528994_KR_webconnectivity_5be6047ae97ac8fa
http://www.tango.me/,ok,https://explorer.ooni.org/m/20260514081901.736116_KR_webconnectivity_eee8b49b0977e200
https://www.tawk.to/,ok,https://explorer.ooni.org/m/20260514081904.622566_KR_webconnectivity_67e234d4a9cbf3f1
https://www.ted.com/,ok,https://explorer.ooni.org/m/20260514081906.927996_KR_webconnectivity_6955881907af1ad3
https://www.textra.me/,ok,https://explorer.ooni.org/m/20260514081911.115589_KR_webconnectivity_b5a63726b591105f
https://www.theglobalfund.org/,ok,https://explorer.ooni.org/m/20260514081913.488774_KR_webconnectivity_84b5fd2b96ca9c59
http://www.tialsoft.com/download/,ok,https://explorer.ooni.org/m/20260514081916.206690_KR_webconnectivity_1e44d6449e79451c
http://www.tialsoft.com/multitranse/,ok,https://explorer.ooni.org/m/20260514081919.539725_KR_webconnectivity_e30f8fa06e0f99d4
https://www.transferbigfiles.com/,ok,https://explorer.ooni.org/m/20260514081921.960903_KR_webconnectivity_f359ccac90ffbf67
http://www.translate.ru/,ok,https://explorer.ooni.org/m/20260514081925.936890_KR_webconnectivity_e2a49345b28721a0
http://www.transwhiz.com/,ok,https://explorer.ooni.org/m/20260514081928.501955_KR_webconnectivity_b574af844db30a9f
https://www.truecaller.com/,ok,https://explorer.ooni.org/m/20260514081930.417600_KR_webconnectivity_4235627873bcc367
https://www.tumblr.com/,ok,https://explorer.ooni.org/m/20260514081933.848439_KR_webconnectivity_bb99d72e989d454f
https://www.twitch.tv/,ok,https://explorer.ooni.org/m/20260514081935.468712_KR_webconnectivity_2dca861bdb473a57
https://www.unaids.org/,ok,https://explorer.ooni.org/m/20260514081939.268264_KR_webconnectivity_06cec173f39adf68
https://www.ushareit.com/,ok,https://explorer.ooni.org/m/20260514081943.185730_KR_webconnectivity_2181be9e2d4768ba
http://www.veoh.com/,ok,https://explorer.ooni.org/m/20260514081943.828173_KR_webconnectivity_91b1facf3861dc5f
https://www.vonage.com/,ok,https://explorer.ooni.org/m/20260514081944.956494_KR_webconnectivity_cae5e84747201eb9
http://www.vtv.co.kr/,ok,https://explorer.ooni.org/m/20260514082002.058797_KR_webconnectivity_157243b35c5d4110
https://www.vyke.com/,ok,https://explorer.ooni.org/m/20260514082005.772104_KR_webconnectivity_82fc24e8e8db60d9
http://www.webbox.com/index.php,ok,https://explorer.ooni.org/m/20260514082006.853201_KR_webconnectivity_0cbe9ae3490febc4
http://www.wevo.co.kr/,ok,https://explorer.ooni.org/m/20260514082007.646410_KR_webconnectivity_69bd5ab1c004f7f7
http://www.whitepages.com/,ok,https://explorer.ooni.org/m/20260514082010.552784_KR_webconnectivity_4085a844f3c6f195
https://www.who.int/,ok,https://explorer.ooni.org/m/20260514082012.613974_KR_webconnectivity_6438b3a3b3e7d996
https://www.wordreference.com/,ok,https://explorer.ooni.org/m/20260514082013.998804_KR_webconnectivity_5a76a1b270b52ad3
https://www.worldometers.info/coronavirus/,ok,https://explorer.ooni.org/m/20260514082016.195433_KR_webconnectivity_b239e14e7fbc1e6a
http://www.yahoo.co.kr/,ok,https://explorer.ooni.org/m/20260514082021.542236_KR_webconnectivity_2f0c6346ba1c0acf
https://www.y2mate.com/,ok,https://explorer.ooni.org/m/20260514082016.969576_KR_webconnectivity_504fae81b9fe556a
https://www.yahoo.com/,ok,https://explorer.ooni.org/m/20260514082025.138150_KR_webconnectivity_06ab8e570a942918
http://www.zzn.com/,ok,https://explorer.ooni.org/m/20260514082027.455557_KR_webconnectivity_df541543498d2df3
https://ya.ru/,ok,https://explorer.ooni.org/m/20260514082033.148687_KR_webconnectivity_bd9759482d8610e3
https://yandex.com/,http-failure,https://explorer.ooni.org/m/20260514082055.149256_KR_webconnectivity_0eb0c1001916bb3e
https://yandexwebcache.net/robots.txt,ok,https://explorer.ooni.org/m/20260514082058.938700_KR_webconnectivity_021e7c7b81d48dd9
https://zoom.us/,ok,https://explorer.ooni.org/m/20260514082101.614114_KR_webconnectivity_d7ec9ab7ad40cbaf
https://1.0.0.1/dns-query?dns=q80BAAABAAAAAAAAA3d3dwdleGFtcGxlA2NvbQAAAQAB,ok,https://explorer.ooni.org/m/20260514082102.336409_KR_webconnectivity_8a12e429bdbb1d55
https://1.1.1.1/dns-query?dns=q80BAAABAAAAAAAAA3d3dwdleGFtcGxlA2NvbQAAAQAB,tcp_ip,https://explorer.ooni.org/m/20260514082132.949391_KR_webconnectivity_0377d1765c2c793c
https://1.1.1.3/dns-query?dns=q80BAAABAAAAAAAAA3d3dwdleGFtcGxlA2NvbQAAAQAB,tcp_ip,https://explorer.ooni.org/m/20260514082203.667145_KR_webconnectivity_c15313ebef6b3d41
https://149.112.112.9/dns-query?dns=q80BAAABAAAAAAAAA3d3dwdleGFtcGxlA2NvbQAAAQAB,ok,https://explorer.ooni.org/m/20260514082204.784276_KR_webconnectivity_f6e8d05d87974099
https://350.org/,ok,https://explorer.ooni.org/m/20260514082210.934807_KR_webconnectivity_165f05f18648656e
https://8.8.4.4/dns-query?dns=q80BAAABAAAAAAAAA3d3dwdleGFtcGxlA2NvbQAAAQAB,ok,https://explorer.ooni.org/m/20260514082211.926625_KR_webconnectivity_a8b20c4b963b9907
https://8.8.8.8/dns-query?dns=q80BAAABAAAAAAAAA3d3dwdleGFtcGxlA2NvbQAAAQAB,ok,https://explorer.ooni.org/m/20260514082212.915118_KR_webconnectivity_68a301bcdbbea3b4
https://8kun.top/,http-diff,https://explorer.ooni.org/m/20260514082215.075071_KR_webconnectivity_e134b25c0f18c146
https://9.9.9.9/dns-query?dns=q80BAAABAAAAAAAAA3d3dwdleGFtcGxlA2NvbQAAAQAB,tcp_ip,https://explorer.ooni.org/m/20260514082215.688822_KR_webconnectivity_f6af3087afd99d0b
https://abortion-korea.org/,http-failure,https://explorer.ooni.org/m/20260514082218.946887_KR_webconnectivity_ddb544140f2156f1
https://abortion.eu/,ok,https://explorer.ooni.org/m/20260514082222.290607_KR_webconnectivity_bf80681e377b2382
https://abortion.kr/,http-failure,https://explorer.ooni.org/m/20260514082224.943353_KR_webconnectivity_8ee305bf84569a06
https://abortionfunds.org/,ok,https://explorer.ooni.org/m/20260514082227.793799_KR_webconnectivity_010e7872560cfad2
https://abortionnetwork.amsterdam/,error,https://explorer.ooni.org/m/20260514082229.470347_KR_webconnectivity_528ae7c68c7def0c
https://abortionpillinfo.org/,ok,https://explorer.ooni.org/m/20260514082234.363751_KR_webconnectivity_4b4774f91a0bbb6d
https://aidaccess.org/,ok,https://explorer.ooni.org/m/20260514082238.718871_KR_webconnectivity_27fc25f0630c0961
https://ajax.aspnetcdn.com/ajax/4.5.2/1/MicrosoftAjax.js,ok,https://explorer.ooni.org/m/20260514082241.207862_KR_webconnectivity_692c6e071ca35da5
https://amp.cloudflare.com/v0/amp-iframe-0.1.js,ok,https://explorer.ooni.org/m/20260514082242.219616_KR_webconnectivity_d2828f5845120bd4
https://android.apis.google.com/robots.txt,ok,https://explorer.ooni.org/m/20260514082244.936888_KR_webconnectivity_7d8f5276efafcfca
https://android.googleapis.com/robots.txt,ok,https://explorer.ooni.org/m/20260514082246.878676_KR_webconnectivity_d21244451e9fd29f
https://api.github.com/,ok,https://explorer.ooni.org/m/20260514082248.939831_KR_webconnectivity_6fc2e6d2eaf09eae
https://apps.apple.com/us/developer/apple/id284417353/,ok,https://explorer.ooni.org/m/20260514082252.911001_KR_webconnectivity_6b3c51ffedd711e2
https://archive.is/,ok,https://explorer.ooni.org/m/20260514082301.011912_KR_webconnectivity_b354ee2f54a2285c
https://archive.org/,ok,https://explorer.ooni.org/m/20260514082302.926610_KR_webconnectivity_c9d4fdf90ae71e42
https://assets.gitlab-static.net/robots.txt,ok,https://explorer.ooni.org/m/20260514082303.805984_KR_webconnectivity_7e8abcc780f7dc0c
http://bestiz.net/,ok,https://explorer.ooni.org/m/20260514082305.736273_KR_webconnectivity_d514d42af6f755ad
https://bit.ly/,ok,https://explorer.ooni.org/m/20260514082308.433419_KR_webconnectivity_b898c36169760822
https://bitbucket.org/,ok,https://explorer.ooni.org/m/20260514082311.828430_KR_webconnectivity_b418d8f609a2e820
https://bitly.com/,ok,https://explorer.ooni.org/m/20260514082314.263187_KR_webconnectivity_7e0ffbe210062850
http://blog.naver.com/,ok,https://explorer.ooni.org/m/20260514082318.119126_KR_webconnectivity_bb54c3c935820958
http://cafe.daum.net/Kgreens,ok,https://explorer.ooni.org/m/20260514082321.047149_KR_webconnectivity_f523ff606b0bb36b
http://cafe.daum.net/chiwoo/,ok,https://explorer.ooni.org/m/20260514082323.439019_KR_webconnectivity_60fe568a26364d37
http://cafe.daum.net/ok1221,ok,https://explorer.ooni.org/m/20260514082326.279569_KR_webconnectivity_36446f747c11c2eb
http://cafe.daum.net/ssaumjil,ok,https://explorer.ooni.org/m/20260514082328.739859_KR_webconnectivity_fcd4d1a2bcf498fa
http://cafe.daum.net/subdued20club/,ok,https://explorer.ooni.org/m/20260514082331.080566_KR_webconnectivity_f5c062247c25879d
http://cafe.daum.net/truepicture/,ok,https://explorer.ooni.org/m/20260514082333.611937_KR_webconnectivity_de62659d9c9aa356
http://cafe.naver.com/imsanbu,ok,https://explorer.ooni.org/m/20260514082338.876745_KR_webconnectivity_75b0552f1655565a
https://cdn-client.medium.com/lite/static/js/manifest.ef5f44d2.js,ok,https://explorer.ooni.org/m/20260514082339.784977_KR_webconnectivity_ad0d40a2bcf2c238
https://cdn.ampproject.org/v0/amp-iframe-0.1.js,ok,https://explorer.ooni.org/m/20260514082342.277316_KR_webconnectivity_f09f586785346ea5
https://cdn.jsdelivr.net/favicon.ico,ok,https://explorer.ooni.org/m/20260514082343.601249_KR_webconnectivity_1cbfb4e79d8b64e7
https://cdn.sstatic.net/Img/home/open-source.svg,ok,https://explorer.ooni.org/m/20260514082345.156440_KR_webconnectivity_a72422503cec2cfd
https://cdnjs.cloudflare.com/,ok,https://explorer.ooni.org/m/20260514082346.597744_KR_webconnectivity_cfe0361fd957b789
https://churchofgodinchristmennonite.net/,ok,https://explorer.ooni.org/m/20260514082349.456096_KR_webconnectivity_299dbf04c97d89e3
https://cites.org/,ok,https://explorer.ooni.org/m/20260514082350.432744_KR_webconnectivity_52af9c701bf7ccb4
https://citizensclimatelobby.org/,ok,https://explorer.ooni.org/m/20260514082352.976129_KR_webconnectivity_a87105dbd5d167bb
http://cloud.naver.com/,ok,https://explorer.ooni.org/m/20260514082357.196137_KR_webconnectivity_ea09ee7fd299d63f
https://cloudflare-dns.com/dns-query?dns=q80BAAABAAAAAAAAA3d3dwdleGFtcGxlA2NvbQAAAQAB,tcp_ip,https://explorer.ooni.org/m/20260514082358.450361_KR_webconnectivity_2e5849025f913b9c
https://cloudflare-ech.com/,ok,https://explorer.ooni.org/m/20260514082400.998407_KR_webconnectivity_8a6b1335886405ff
http://clparty.kr/,error,https://explorer.ooni.org/m/20260514082418.589338_KR_webconnectivity_17984742cd87b159
https://code.jquery.com/,ok,https://explorer.ooni.org/m/20260514082421.324268_KR_webconnectivity_50601852981fa055
https://codeberg.org/,ok,https://explorer.ooni.org/m/20260514082424.104318_KR_webconnectivity_73db45557982f25a
https://codeload.github.com/github/rally/tar.gz/v1.0.1,ok,https://explorer.ooni.org/m/20260514082426.876604_KR_webconnectivity_acf0e22ca10a54e3
http://cyworld.nate.com/,ok,https://explorer.ooni.org/m/20260514082428.430658_KR_webconnectivity_8f50b5741f9f04a3
https://data.worldbank.org/topic/environment,ok,https://explorer.ooni.org/m/20260514082430.348055_KR_webconnectivity_d2d5a03feb9b55d3
http://debate.org.uk/,ok,https://explorer.ooni.org/m/20260514082432.690310_KR_webconnectivity_57f1ad218302b1fa
https://dharmanet.org/,ok,https://explorer.ooni.org/m/20260514082437.954116_KR_webconnectivity_7842f7858ece3ba8
https://digital.globalclimatestrike.net/,ok,https://explorer.ooni.org/m/20260514082440.662274_KR_webconnectivity_5f23fbba11265c4e
https://dl.bintray.com/jfrog/xray/,ok,https://explorer.ooni.org/m/20260514082444.911789_KR_webconnectivity_f2ee0c6ad2c75203
https://dl.google.com/robots.txt,ok,https://explorer.ooni.org/m/20260514082447.444428_KR_webconnectivity_ecb062b91ff3b129
https://dlive.tv/,ok,https://explorer.ooni.org/m/20260514082450.022044_KR_webconnectivity_89c5f0228dbb190c
https://dns.adguard.com/dns-query?dns=q80BAAABAAAAAAAAA3d3dwdleGFtcGxlA2NvbQAAAQAB,tcp_ip,https://explorer.ooni.org/m/20260514082450.868494_KR_webconnectivity_4a74a50d02eff02e
https://dns.google/,ok,https://explorer.ooni.org/m/20260514082452.557281_KR_webconnectivity_b65aa0ad29743205
https://dns.quad9.net/dns-query?dns=q80BAAABAAAAAAAAA3d3dwdleGFtcGxlA2NvbQAAAQAB,tcp_ip,https://explorer.ooni.org/m/20260514082453.361804_KR_webconnectivity_1ed815e78b8fcbfa
https://docs.github.com/,ok,https://explorer.ooni.org/m/20260514082456.048997_KR_webconnectivity_8107b2872af11fd7
https://doh-fi.blahdns.com/dns-query?dns=q80BAAABAAAAAAAAA3d3dwdleGFtcGxlA2NvbQAAAQAB,dns,https://explorer.ooni.org/m/20260514082456.993163_KR_webconnectivity_b40b412ca816a059
https://doh.centraleu.pi-dns.com/dns-query?dns=q80BAAABAAAAAAAAA3d3dwdleGFtcGxlA2NvbQAAAQAB,dns,https://explorer.ooni.org/m/20260514082457.758347_KR_webconnectivity_362cf363d118ebfb
https://doh.dns.sb/dns-query?dns=q80BAAABAAAAAAAAA3d3dwdleGFtcGxlA2NvbQAAAQAB,dns,https://explorer.ooni.org/m/20260514082513.520015_KR_webconnectivity_b7b8a2b92febb557
https://doh.opendns.com/dns-query?dns=q80BAAABAAAAAAAAA3d3dwdleGFtcGxlA2NvbQAAAQAB,tcp_ip,https://explorer.ooni.org/m/20260514082514.223243_KR_webconnectivity_bd7a2e4529ebb054
https://download-installer.cdn.mozilla.net/,ok,https://explorer.ooni.org/m/20260514082515.537811_KR_webconnectivity_f7388577699aad27
https://dzen.ru/,http-failure,https://explorer.ooni.org/m/20260514082528.359547_KR_webconnectivity_5efc5213bb161c04
https://earthobservatory.nasa.gov/global-maps,ok,https://explorer.ooni.org/m/20260514082531.729023_KR_webconnectivity_0e98a0bf152fa198
https://earthwatch.org/,ok,https://explorer.ooni.org/m/20260514082532.898667_KR_webconnectivity_fc53be03bc9955f3
https://emchurch.org/,ok,https://explorer.ooni.org/m/20260514082535.597582_KR_webconnectivity_303c2fcf474c36b0
https://espivblogs.net/,ok,https://explorer.ooni.org/m/20260514082542.618424_KR_webconnectivity_4129c033b49ad663
https://fcm.googleapis.com/$discovery/rest?version=v1,ok,https://explorer.ooni.org/m/20260514082544.770289_KR_webconnectivity_7b602a4c3f428eb5
https://findmymethod.org/,ok,https://explorer.ooni.org/m/20260514082547.512660_KR_webconnectivity_167b5a61781e09f6
https://firebaseinstallations.googleapis.com/robots.txt,ok,https://explorer.ooni.org/m/20260514082550.452354_KR_webconnectivity_1267ec9d57034844
https://fosfeminista.org/,ok,https://explorer.ooni.org/m/20260514082552.335295_KR_webconnectivity_ae0f5edc220ecaa0
https://freedns.afraid.org/,ok,https://explorer.ooni.org/m/20260514082555.098100_KR_webconnectivity_0355d2675091e3b4
https://fridaysforfuture.org/,ok,https://explorer.ooni.org/m/20260514082557.788959_KR_webconnectivity_83274a0c562da1a4
https://friendsoftheearth.uk/,ok,https://explorer.ooni.org/m/20260514082559.917823_KR_webconnectivity_fc57b4b8c9ccaaed
https://frontlineaids.org/,ok,https://explorer.ooni.org/m/20260514082605.941357_KR_webconnectivity_abb3a8fabc84b1d4
https://gaggaalliance.org/,ok,https://explorer.ooni.org/m/20260514082609.740145_KR_webconnectivity_52eb15caeb484f14
http://gall.dcinside.com/,ok,https://explorer.ooni.org/m/20260514082617.920938_KR_webconnectivity_0ca04fc36efc04a1
http://gesomoon.com/Ver2/,ok,https://explorer.ooni.org/m/20260514082620.005821_KR_webconnectivity_41a0e7cf40c74370
https://ghost.org/,ok,https://explorer.ooni.org/m/20260514082622.820866_KR_webconnectivity_a0e8115879c12023
https://gist.github.com/,ok,https://explorer.ooni.org/m/20260514082626.611129_KR_webconnectivity_78bce12a51ae44fc
https://git.io/,ok,https://explorer.ooni.org/m/20260514082629.043974_KR_webconnectivity_085f215d84a236f5
https://github.com/,ok,https://explorer.ooni.org/m/20260514082631.359022_KR_webconnectivity_54cd2aa2392347ce
https://github.com/twbs/bootstrap/releases/download/v4.5.3/bootstrap-4.5.3-examples.zip,ok,https://explorer.ooni.org/m/20260514082634.596533_KR_webconnectivity_6bcb5ba7abb2cdf4
https://github.githubassets.com/images/modules/open_graph/github-logo.png,ok,https://explorer.ooni.org/m/20260514082635.834979_KR_webconnectivity_7c4fee44217ffe86
https://gitlab.com/,ok,https://explorer.ooni.org/m/20260514082638.446984_KR_webconnectivity_b3a99278aa38a7c9
https://globalconservation.org/,ok,https://explorer.ooni.org/m/20260514082641.689440_KR_webconnectivity_a42a14aa6b5dd6e0
https://goaskalice.columbia.edu/,ok,https://explorer.ooni.org/m/20260514082642.742722_KR_webconnectivity_5a36c9d36d44ef27
https://greenhost.net/,ok,https://explorer.ooni.org/m/20260514082645.968150_KR_webconnectivity_5d2eea3404f1947f
https://i.ytimg.com/vi/JBRf3nEqfZ8/hq720.jpg,ok,https://explorer.ooni.org/m/20260514082649.142481_KR_webconnectivity_efba13bb6a2247d9
https://iarf.net/,ok,https://explorer.ooni.org/m/20260514082653.140525_KR_webconnectivity_eff72c00be07f537
https://impactlab.org/,ok,https://explorer.ooni.org/m/20260514082656.540270_KR_webconnectivity_9d1a2792ff49a88a
https://isaalmasih.net/,ok,https://explorer.ooni.org/m/20260514082658.669525_KR_webconnectivity_a2c7db5be5e7c78d
https://islamic-relief.org/,ok,https://explorer.ooni.org/m/20260514082702.593328_KR_webconnectivity_b522fd18e050ad6a
https://islamonline.net/,ok,https://explorer.ooni.org/m/20260514082706.518257_KR_webconnectivity_7ab74377c3aefa16
https://jainworld.com/,ok,https://explorer.ooni.org/m/20260514082708.023848_KR_webconnectivity_bc17aa68238dcd4e
https://joturl.com/,ok,https://explorer.ooni.org/m/20260514082711.568576_KR_webconnectivity_6ec6ebf5e0138e08
https://krishna.com/,ok,https://explorer.ooni.org/m/20260514082715.383665_KR_webconnectivity_7c31137fe436357d
https://letsencrypt.org/,ok,https://explorer.ooni.org/m/20260514082718.517074_KR_webconnectivity_477410d9c23676bc
https://lh3.ggpht.com/_mm3cDcdhxkc/SzkPLt_zDUI/AAAAAAAAAZM/UplZlTSCVQc/s800/DSC_5305.jpg,ok,https://explorer.ooni.org/m/20260514082721.674817_KR_webconnectivity_5c16658f6641cf8b
https://lh3.googleusercontent.com/favicon.ico,ok,https://explorer.ooni.org/m/20260514082723.823283_KR_webconnectivity_ba78046860b9e8e0
https://lh4.ggpht.com/_PvLDsC2pRvk/ShwiscZujVI/AAAAAAAAFIQ/4q-TYiQ13-k/s512/DSC01330.jpg,ok,https://explorer.ooni.org/m/20260514082726.990486_KR_webconnectivity_bbb94a15ee9d2d10
https://media0.giphy.com/robots.txt,ok,https://explorer.ooni.org/m/20260514082728.863930_KR_webconnectivity_b0b341cb6505a7b6
https://media3.giphy.com/robots.txt,ok,https://explorer.ooni.org/m/20260514082731.174079_KR_webconnectivity_6da61ec1e7507105
https://medium.com/,ok,https://explorer.ooni.org/m/20260514082732.268790_KR_webconnectivity_ef72ec3ee587ce05
https://miro.medium.com/robots.txt,ok,https://explorer.ooni.org/m/20260514082734.045174_KR_webconnectivity_435a714d8a20628d
http://mlbpark.donga.com/,ok,https://explorer.ooni.org/m/20260514082748.582569_KR_webconnectivity_79e883dba91b82ce
https://moodle.com/,ok,https://explorer.ooni.org/m/20260514082751.364209_KR_webconnectivity_24ead2565a3abeaf
https://movabletype.com/,ok,https://explorer.ooni.org/m/20260514082752.414121_KR_webconnectivity_c82da32dd3f73a9a
https://mozilla.cloudflare-dns.com/dns-query?dns=q80BAAABAAAAAAAAA3d3dwdleGFtcGxlA2NvbQAAAQAB,ok,https://explorer.ooni.org/m/20260514082753.174036_KR_webconnectivity_854cabf2e5a06c18
https://myabortionstory.tumblr.com/,ok,https://explorer.ooni.org/m/20260514082756.621654_KR_webconnectivity_a288c1818d17ed39
https://nazarene.org/,ok,https://explorer.ooni.org/m/20260514082803.547021_KR_webconnectivity_127e4026a631a04f
http://ndrive.naver.com/,ok,https://explorer.ooni.org/m/20260514082807.230327_KR_webconnectivity_c5ff46e0e3437827
https://noblogs.org/,ok,https://explorer.ooni.org/m/20260514082811.567303_KR_webconnectivity_ad14742d328e0751
https://notifications-pa.googleapis.com/robots.txt,ok,https://explorer.ooni.org/m/20260514082813.646014_KR_webconnectivity_237a7a6025aba975
https://oceanconservancy.org/,ok,https://explorer.ooni.org/m/20260514082815.648145_KR_webconnectivity_ef2c764b026eef80
https://ooni.github.io/,ok,https://explorer.ooni.org/m/20260514082817.249693_KR_webconnectivity_16d5db6a90f118c1
https://ow.ly/,ok,https://explorer.ooni.org/m/20260514082819.724604_KR_webconnectivity_4f1b9e39ff3ca81e
https://pastebin.com/,ok,https://explorer.ooni.org/m/20260514082821.719761_KR_webconnectivity_cbe75e4c74c715f7
http://peta.xxx/,http-diff,https://explorer.ooni.org/m/20260514082822.549464_KR_webconnectivity_17e665c69efbac00
https://pingomatic.com/,ok,https://explorer.ooni.org/m/20260514082825.060563_KR_webconnectivity_3a14ed3d0ce6a967
https://play-lh.googleusercontent.com/SZ7vNaa9txw_JsYsiOOP4_4fOaKfJVMQ-_aM10MW7x93IPDYoqdIkHSw-ffCgBABFSM=s256-rw,ok,https://explorer.ooni.org/m/20260514082827.397136_KR_webconnectivity_fa6017b03afdcd6e
https://play.google.com/,ok,https://explorer.ooni.org/m/20260514082831.432011_KR_webconnectivity_346601f5417e6e1d
https://play.googleapis.com/robots.txt,ok,https://explorer.ooni.org/m/20260514082833.418083_KR_webconnectivity_070bac297c48411e
https://private.canadianshield.cira.ca/dns-query?dns=q80BAAABAAAAAAAAA3d3dwdleGFtcGxlA2NvbQAAAQAB,ok,https://explorer.ooni.org/m/20260514082835.202163_KR_webconnectivity_d06bc80f0fa4d8df
https://prolife.com/,tcp_ip,https://explorer.ooni.org/m/20260514082921.194825_KR_webconnectivity_1e65219f27c4df7c
https://prq.se/,ok,https://explorer.ooni.org/m/20260514082925.290705_KR_webconnectivity_ed54a57684c3aa57
https://quran.com/,ok,https://explorer.ooni.org/m/20260514082927.454576_KR_webconnectivity_830af0cb2d2b2b7b
http://r3.o.lencr.org/,ok,https://explorer.ooni.org/m/20260514082928.125549_KR_webconnectivity_fd497e8824d4cde2
https://raw.githubusercontent.com/ooni/spec/master/README.md,ok,https://explorer.ooni.org/m/20260514082929.526105_KR_webconnectivity_f5c146ea19078911
https://rebellion.global/,ok,https://explorer.ooni.org/m/20260514082932.475297_KR_webconnectivity_77b9056c293754ff
https://redapes.org/,ok,https://explorer.ooni.org/m/20260514082936.371322_KR_webconnectivity_2543379027d8795b
https://replug.io/,ok,https://explorer.ooni.org/m/20260514082940.926933_KR_webconnectivity_0a96e9928a825244
http://ruliweb.daum.net/,ok,https://explorer.ooni.org/m/20260514082958.204419_KR_webconnectivity_e7e65ff662c35cb2
https://rutube.ru/,ok,https://explorer.ooni.org/m/20260514083002.645398_KR_webconnectivity_82b492507abdc8dd
https://safe2choose.org/,ok,https://explorer.ooni.org/m/20260514083005.551704_KR_webconnectivity_6a58c3438f7b9d94
http://sex.clinic.co.kr/,dns,https://explorer.ooni.org/m/20260514083010.538207_KR_webconnectivity_df041d25117e10e3
https://sexetc.org/,ok,https://explorer.ooni.org/m/20260514083014.181691_KR_webconnectivity_95bab7bb911dd4a7
http://shamash.org/,error,https://explorer.ooni.org/m/20260514083017.088371_KR_webconnectivity_94e0a3ad4dc2bd77
http://shia.org/,tcp_ip,https://explorer.ooni.org/m/20260514083103.213181_KR_webconnectivity_7dc964d816363c9a
https://short.io/,ok,https://explorer.ooni.org/m/20260514083105.680603_KR_webconnectivity_84ebac12fd2900be
https://sites.google.com/,ok,https://explorer.ooni.org/m/20260514083111.162027_KR_webconnectivity_c5921eecd034a42f
https://sniply.io/,ok,https://explorer.ooni.org/m/20260514083113.313598_KR_webconnectivity_68747bc8ff2c390a
https://solar-aid.org/,ok,https://explorer.ooni.org/m/20260514083116.265319_KR_webconnectivity_925856103846e8ff
https://srhrforall.org/,ok,https://explorer.ooni.org/m/20260514083118.795659_KR_webconnectivity_8b9b32f293e65547
https://stackexchange.com/,ok,https://explorer.ooni.org/m/20260514083120.098410_KR_webconnectivity_ddfc54ce7c208eda
https://stackoverflow.com/,ok,https://explorer.ooni.org/m/20260514083121.183784_KR_webconnectivity_7256a826fd159795
https://t.co/,ok,https://explorer.ooni.org/m/20260514083122.527931_KR_webconnectivity_c9655d0805000290
https://t2mio.com/,ok,https://explorer.ooni.org/m/20260514083126.249898_KR_webconnectivity_1ee7001612fe3eaf
http://tanzil.net/,ok,https://explorer.ooni.org/m/20260514083130.202406_KR_webconnectivity_4f47726a503ea775
https://technorati.com/,ok,https://explorer.ooni.org/m/20260514083133.090946_KR_webconnectivity_c0f0392dce8197a0
https://telegra.ph/,ok,https://explorer.ooni.org/m/20260514083135.608784_KR_webconnectivity_66e611668cb94529
https://thereisnoearthb.org/,ok,https://explorer.ooni.org/m/20260514083137.149163_KR_webconnectivity_bad517961c1994ea
https://tiny.cc/,ok,https://explorer.ooni.org/m/20260514083139.989853_KR_webconnectivity_8d9c7942f4b07112
https://tinyurl.com/,ok,https://explorer.ooni.org/m/20260514083141.913552_KR_webconnectivity_31165a0c92e9d8f3
https://torah.org/,ok,https://explorer.ooni.org/m/20260514083143.272440_KR_webconnectivity_e4b1f49e44a3f52c
https://turbobit.net/,ok,https://explorer.ooni.org/m/20260514083146.678932_KR_webconnectivity_38a354782c660195
https://vesselthefilm.com/,ok,https://explorer.ooni.org/m/20260514083150.530254_KR_webconnectivity_e844aae99cc459f9
https://we.riseup.net/,ok,https://explorer.ooni.org/m/20260514083152.463046_KR_webconnectivity_f8256bc88fc495c6
http://web.humoruniv.com/main.html,ok,https://explorer.ooni.org/m/20260514083156.633785_KR_webconnectivity_88091b2c2f379350
http://web.khu.ac.kr/,ok,https://explorer.ooni.org/m/20260514083158.606298_KR_webconnectivity_c5ba1f75899933f7
http://weblogs.us/,ok,https://explorer.ooni.org/m/20260514083205.301343_KR_webconnectivity_ecf3c07ed6613b28
https://womenfirstdigital.org/,ok,https://explorer.ooni.org/m/20260514083208.515318_KR_webconnectivity_2b42daeccc1cce79
https://womenonweb.kr/,http-failure,https://explorer.ooni.org/m/20260514083211.564364_KR_webconnectivity_45d5c7e37a7ffa31
https://wordpress.com/,ok,https://explorer.ooni.org/m/20260514083214.715177_KR_webconnectivity_b158101a14555c8d
https://wordpress.org/,ok,https://explorer.ooni.org/m/20260514083218.845682_KR_webconnectivity_088411ff87e87442
https://write.as/,ok,https://explorer.ooni.org/m/20260514083221.696254_KR_webconnectivity_1607502986948425
https://wupj.org/,ok,https://explorer.ooni.org/m/20260514083224.414427_KR_webconnectivity_977e6ac0dd25eaa5
https://wwf.panda.org/,ok,https://explorer.ooni.org/m/20260514083229.432443_KR_webconnectivity_bc16240e4a16f66f
https://www.100webspace.com/,ok,https://explorer.ooni.org/m/20260514083236.993718_KR_webconnectivity_d03316d831aab141
https://www.1800respect.org.au/languages/,ok,https://explorer.ooni.org/m/20260514083244.550315_KR_webconnectivity_8cce3161b57e9570
https://www.abortionno.org/,ok,https://explorer.ooni.org/m/20260514083247.655643_KR_webconnectivity_f32c9a021d120aa8
https://www.abortoinfosegura.com/,ok,https://explorer.ooni.org/m/20260514083250.916514_KR_webconnectivity_47f0f3e8ad4fecfe
https://www.adl.org/,ok,https://explorer.ooni.org/m/20260514083252.758776_KR_webconnectivity_b78d1656c9031b41
https://www.adventist.org/,ok,https://explorer.ooni.org/m/20260514083253.898441_KR_webconnectivity_fa89441a7c85438a
https://www.advocatesforyouth.org/,ok,https://explorer.ooni.org/m/20260514083255.511492_KR_webconnectivity_6ff4d10071c7b0e5
http://www.afreeca.com/,ok,https://explorer.ooni.org/m/20260514083259.884168_KR_webconnectivity_0d9449dbbd3114b6
http://www.ahsex.org/,error,https://explorer.ooni.org/m/20260514083316.095298_KR_webconnectivity_dbcf80631484a15f
https://www.angelfire.lycos.com/,ok,https://explorer.ooni.org/m/20260514083317.080995_KR_webconnectivity_f8e93f4626d0b301
https://www.anglicancommunion.org/,ok,https://explorer.ooni.org/m/20260514083322.072222_KR_webconnectivity_e506fb174080fcb9
http://www.arder.co.kr/,dns,https://explorer.ooni.org/m/20260514083336.949649_KR_webconnectivity_52e7d142ad7efdc9
http://www.asiatour.com/,ok,https://explorer.ooni.org/m/20260514083340.365947_KR_webconnectivity_c27780783787988a
https://www.atheistalliance.org/,ok,https://explorer.ooni.org/m/20260514083346.047958_KR_webconnectivity_f922eb6c8cbaa1d4
https://www.atheists.org/,ok,https://explorer.ooni.org/m/20260514083350.581653_KR_webconnectivity_aae8659b59f2bb47
http://www.auduboninternational.org/,ok,https://explorer.ooni.org/m/20260514083353.633305_KR_webconnectivity_4b772ce706d68984
https://www.autistici.org/,ok,https://explorer.ooni.org/m/20260514083357.775329_KR_webconnectivity_b55a4bccd8c98c15
http://www.bahai.org/,ok,https://explorer.ooni.org/m/20260514083401.170406_KR_webconnectivity_a140c71084c05b73
https://www.beintheknow.org/,ok,https://explorer.ooni.org/m/20260514083403.678525_KR_webconnectivity_2bba4bea42e08a46
https://www.bing-amp.com/v0/amp-iframe-0.1.js,error,https://explorer.ooni.org/m/20260514083404.550924_KR_webconnectivity_0e31f7d8d132c0d0
https://www.birthcontrol.com/,error,https://explorer.ooni.org/m/20260514083406.108662_KR_webconnectivity_affac6b9ef9ef0ef
http://www.biz.ly/,ok,https://explorer.ooni.org/m/20260514083408.357057_KR_webconnectivity_42ebfbcecbca935a
https://www.bl.ink/,ok,https://explorer.ooni.org/m/20260514083410.909165_KR_webconnectivity_9e3366238ac99112
http://www.blogeasy.com/,ok,https://explorer.ooni.org/m/20260514083412.923427_KR_webconnectivity_ee8dbcb6bdd0274f
https://www.blogger.com/,ok,https://explorer.ooni.org/m/20260514083417.518229_KR_webconnectivity_1250cdb973a09e91
http://www.blogsome.com/,ok,https://explorer.ooni.org/m/20260514083420.644597_KR_webconnectivity_b9d81a3f67a33192
https://www.brinkster.com/,ok,https://explorer.ooni.org/m/20260514083424.613425_KR_webconnectivity_26b349cdcb91c88f
http://www.buddhanet.net/,ok,https://explorer.ooni.org/m/20260514083432.803346_KR_webconnectivity_3be97e7fd3a2e057
http://www.cafe24.com/,ok,https://explorer.ooni.org/m/20260514083435.078704_KR_webconnectivity_af0afcc243113226
https://www.carbonbrief.org/,ok,https://explorer.ooni.org/m/20260514083437.369738_KR_webconnectivity_d925544a7b7395db
https://www.carbonmap.org/,ok,https://explorer.ooni.org/m/20260514083439.699511_KR_webconnectivity_638e19b5f5e6933c
https://www.catholic.org/,ok,https://explorer.ooni.org/m/20260514083444.036041_KR_webconnectivity_cfc52a1e4ce4f38e
https://www.catholicsforchoice.org/,ok,https://explorer.ooni.org/m/20260514083446.079495_KR_webconnectivity_70938755f1a34fe7
https://www.ccel.org/,ok,https://explorer.ooni.org/m/20260514083451.397245_KR_webconnectivity_739713647f4d0a40
https://www.ceceurope.org/,ok,https://explorer.ooni.org/m/20260514083457.165146_KR_webconnectivity_d6bf217a8ba44186
https://www.christianity.com/,ok,https://explorer.ooni.org/m/20260514083500.444669_KR_webconnectivity_8ab20774c9739c4e
https://www.christianitytoday.com/,ok,https://explorer.ooni.org/m/20260514083502.766549_KR_webconnectivity_96e18c25d11d2d69
https://www.cleanwateraction.org/,ok,https://explorer.ooni.org/m/20260514083506.004118_KR_webconnectivity_90df748294cd99a6
https://www.climaterealityproject.org/,ok,https://explorer.ooni.org/m/20260514083511.236657_KR_webconnectivity_509a06251c6632c1
https://www.coolearth.org/,ok,https://explorer.ooni.org/m/20260514083514.785746_KR_webconnectivity_52e58104577456e0
https://www.copticchurch.net/,ok,https://explorer.ooni.org/m/20260514083522.130494_KR_webconnectivity_c5f7b30d8422758d
https://www.cseindia.org/,ok,https://explorer.ooni.org/m/20260514083526.578521_KR_webconnectivity_16b75e2d745312a1
http://www.dogdrip.net/,http-diff,https://explorer.ooni.org/m/20260514083527.929034_KR_webconnectivity_1c580f92a1637b18
https://www.dotster.com/,ok,https://explorer.ooni.org/m/20260514083530.345291_KR_webconnectivity_802000aa3e444603
https://www.dreamhost.com/,ok,https://explorer.ooni.org/m/20260514083532.924639_KR_webconnectivity_1a181822731770a2
https://www.earthaction.org/,ok,https://explorer.ooni.org/m/20260514083536.310836_KR_webconnectivity_ae0fa8b66338f4c6
https://www.earthrights.org/,ok,https://explorer.ooni.org/m/20260514083539.472247_KR_webconnectivity_2da5897cea73cd8c
http://www.ebaumsworld.com/,ok,https://explorer.ooni.org/m/20260514083542.772589_KR_webconnectivity_4eccd262496b3be8
http://www.eco.or.kr/,ok,https://explorer.ooni.org/m/20260514083548.494134_KR_webconnectivity_b214b2dda6ffe32b
https://www.edf.org/,ok,https://explorer.ooni.org/m/20260514083550.127763_KR_webconnectivity_deea72de0f670d1e
https://www.eea.europa.eu/,ok,https://explorer.ooni.org/m/20260514083557.417897_KR_webconnectivity_a4609170ae3dc3fa
https://www.emailaddresses.com/,ok,https://explorer.ooni.org/m/20260514083559.799689_KR_webconnectivity_2dc6ea79868a0c3c
https://www.enom.com/,ok,https://explorer.ooni.org/m/20260514083602.291221_KR_webconnectivity_0847d0ba61dc4a75
https://www.epik.com/,ok,https://explorer.ooni.org/m/20260514083606.370111_KR_webconnectivity_8399d47c5bc9c227
https://www.episcopalchurch.org/,ok,https://explorer.ooni.org/m/20260514083610.055315_KR_webconnectivity_b6eedd600e59d2f7
https://www.ewg.org/,ok,https://explorer.ooni.org/m/20260514083617.241778_KR_webconnectivity_2a74e00d12d46aee
https://www.exmormon.org/,tcp_ip,https://explorer.ooni.org/m/20260514083648.459672_KR_webconnectivity_870daac3de1b2b4d
https://www.fandom.com/,ok,https://explorer.ooni.org/m/20260514083649.652667_KR_webconnectivity_5bd793aa3adce730
http://www.fark.com/,http-diff,https://explorer.ooni.org/m/20260514083650.928712_KR_webconnectivity_d66a1684ba87379c
https://www.fhi360.org/,ok,https://explorer.ooni.org/m/20260514083654.976850_KR_webconnectivity_5f21eb65382f994b
http://www.fmkorea.com/,ok,https://explorer.ooni.org/m/20260514083657.096358_KR_webconnectivity_e79904bf927e77d0
https://www.footprintnetwork.org/,ok,https://explorer.ooni.org/m/20260514083700.632941_KR_webconnectivity_6a54a93007657946
http://www.formercatholic.com/,ok,https://explorer.ooni.org/m/20260514083703.107966_KR_webconnectivity_126cd00b7a51e7f4
https://www.frc.org/,ok,https://explorer.ooni.org/m/20260514083705.880719_KR_webconnectivity_594e1b06c4068733
http://www.freehomepage.com/,ok,https://explorer.ooni.org/m/20260514083708.025873_KR_webconnectivity_95c6771b7550e443
http://www.freeservers.com/,ok,https://explorer.ooni.org/m/20260514083711.016402_KR_webconnectivity_f2b9f19f9ddaae9e
http://www.freewebspace.com/,ok,https://explorer.ooni.org/m/20260514083715.040382_KR_webconnectivity_b352ba7a06629356
http://www.gabia.com/,error,https://explorer.ooni.org/m/20260514083719.610649_KR_webconnectivity_f28659ca5f4b8b45
https://www.globalwitness.org/,ok,https://explorer.ooni.org/m/20260514083725.320819_KR_webconnectivity_f702b451407ef7e9
https://www.goarch.org/,ok,https://explorer.ooni.org/m/20260514083726.403247_KR_webconnectivity_f286152e2459ee8b
https://www.godaddy.com/,ok,https://explorer.ooni.org/m/20260514083728.496391_KR_webconnectivity_db9ebf33b6823662
http://www.godalone.org/,ok,https://explorer.ooni.org/m/20260514083732.138141_KR_webconnectivity_dbbd3e53298a9a4e
https://www.googleapis.com/auth/cloud-platform,ok,https://explorer.ooni.org/m/20260514083734.949892_KR_webconnectivity_bcf9d2d834725523
http://www.greenkorea.org/,ok,https://explorer.ooni.org/m/20260514083739.055665_KR_webconnectivity_1687d93f1032fed3
http://www.greennet.org.uk/,ok,https://explorer.ooni.org/m/20260514083744.165409_KR_webconnectivity_94fde680c7a5950d
https://www.greenpeace.org/,ok,https://explorer.ooni.org/m/20260514083745.734648_KR_webconnectivity_92c935e7b80f1717
https://www.gstatic.com/robots.txt,ok,https://explorer.ooni.org/m/20260514083747.974757_KR_webconnectivity_3293f6dd3dc790c4
http://www.hostgator.com/,ok,https://explorer.ooni.org/m/20260514083749.946890_KR_webconnectivity_c5f431119fd4db2e
http://www.hotge.co.kr/,ok,https://explorer.ooni.org/m/20260514083755.920368_KR_webconnectivity_f4389a1165fc28db
https://www.howtouseabortionpill.org/,ok,https://explorer.ooni.org/m/20260514083759.732001_KR_webconnectivity_e8d41213d3d4c3d0
https://www.iaea.org/,ok,https://explorer.ooni.org/m/20260514083800.996492_KR_webconnectivity_4d159bd7104ce27a
http://www.iavi.org/,ok,https://explorer.ooni.org/m/20260514083802.758680_KR_webconnectivity_e58fed19ef5ffdfa
http://www.iico.org/,ok,https://explorer.ooni.org/m/20260514083808.970978_KR_webconnectivity_dff6ff42763926aa
https://www.inaturalist.org/,ok,https://explorer.ooni.org/m/20260514083810.879758_KR_webconnectivity_58b3aaabf0da05a5
https://www.internationalrivers.org/,ok,https://explorer.ooni.org/m/20260514083814.152148_KR_webconnectivity_94c2d9d10fd7b0eb
https://www.ipcc.ch/,ok,https://explorer.ooni.org/m/20260514083818.271998_KR_webconnectivity_aa1f1714dd5aac80
https://www.iskcon.org/,ok,https://explorer.ooni.org/m/20260514083819.244604_KR_webconnectivity_3b1a0c0d9763cb7c
http://www.islameyat.com/,ok,https://explorer.ooni.org/m/20260514083826.425888_KR_webconnectivity_009cea4f7b1ecaf7
http://www.islamicity.com/,ok,https://explorer.ooni.org/m/20260514083827.871827_KR_webconnectivity_c7d133ce3836ae42
https://www.islaminstitut.de/en/,ok,https://explorer.ooni.org/m/20260514083831.882549_KR_webconnectivity_26d2550c87725d81
https://www.iucn.org/,ok,https://explorer.ooni.org/m/20260514083834.631647_KR_webconnectivity_97145215532b983a
http://www.jesussaves.cc/,ok,https://explorer.ooni.org/m/20260514083839.240361_KR_webconnectivity_e69d7ec2b2611de8
http://www.jinbo.net/,ok,https://explorer.ooni.org/m/20260514083842.313641_KR_webconnectivity_f087d3c4ab4e57aa
http://www.judaism.com/,ok,https://explorer.ooni.org/m/20260514083844.519843_KR_webconnectivity_22161f6e2edc0822
http://www.judaismconversion.org/,ok,https://explorer.ooni.org/m/20260514083855.476174_KR_webconnectivity_fc37c359354e892f
https://www.jw.org/,ok,https://explorer.ooni.org/m/20260514083857.794975_KR_webconnectivity_95f3b94d88e28e61
http://www.kfem.or.kr/,ok,https://explorer.ooni.org/m/20260514083907.616769_KR_webconnectivity_bf42eb9cba1cf65d
http://www.kgreens.org/,ok,https://explorer.ooni.org/m/20260514083913.677270_KR_webconnectivity_4d8c86071b434303
http://www.krts.or.kr/,ok,https://explorer.ooni.org/m/20260514083921.962690_KR_webconnectivity_ea7959b138c2436b
https://www.leaseweb.com/,ok,https://explorer.ooni.org/m/20260514083924.410790_KR_webconnectivity_525c9781edec32e5
https://www.livejournal.com/,ok,https://explorer.ooni.org/m/20260514083930.105974_KR_webconnectivity_c2541a12f80a5bfc
http://www.mgoon.com/,error,https://explorer.ooni.org/m/20260514083947.419175_KR_webconnectivity_babdc81421ed1b77
http://www.muhammadanism.com/,ok,https://explorer.ooni.org/m/20260514083957.689376_KR_webconnectivity_f23219726f7e53fe
https://www.namecheap.com/,ok,https://explorer.ooni.org/m/20260514083958.677392_KR_webconnectivity_e679c1af0dd99e38
http://www.nate.com/,ok,https://explorer.ooni.org/m/20260514084000.686624_KR_webconnectivity_3f86be87929b1bd0
http://www.nate.com/?f=pann,ok,https://explorer.ooni.org/m/20260514084002.220834_KR_webconnectivity_2005409550681f2a
http://www.nature.org/,ok,https://explorer.ooni.org/m/20260514084006.411520_KR_webconnectivity_7fe84c23170d5e77
http://www.no-ip.com/,ok,https://explorer.ooni.org/m/20260514084011.713608_KR_webconnectivity_ed4463103eb9ec45
https://www.oca.org/,ok,https://explorer.ooni.org/m/20260514084015.002712_KR_webconnectivity_b6e69e861a0bcc21
http://www.oicc.org/,ok,https://explorer.ooni.org/m/20260514084017.941252_KR_webconnectivity_01636c25cfc568fd
http://www.oikoumene.org/,ok,https://explorer.ooni.org/m/20260514084021.718275_KR_webconnectivity_29ceea705998bd78
https://www.om.org/,ok,https://explorer.ooni.org/m/20260514084022.705865_KR_webconnectivity_3fd771b59405eb22
https://www.orangewebsite.com/,ok,https://explorer.ooni.org/m/20260514084028.059905_KR_webconnectivity_3f0d604afeefc967
http://www.orthodoxconvert.info/,ok,https://explorer.ooni.org/m/20260514084031.570573_KR_webconnectivity_981a0c0e9df64817
https://www.paganpride.org/,ok,https://explorer.ooni.org/m/20260514084035.367199_KR_webconnectivity_c2babf1cb150d384
http://www.pandora.tv/,ok,https://explorer.ooni.org/m/20260514084036.187148_KR_webconnectivity_733bcc14c3711640
https://www.persecution.org/,ok,https://explorer.ooni.org/m/20260514084039.466620_KR_webconnectivity_25ed4430a88b94bd
https://www.peta.org/,ok,https://explorer.ooni.org/m/20260514084041.204318_KR_webconnectivity_1b34649b6afed7dd
https://www.petside.com/,ok,https://explorer.ooni.org/m/20260514084102.671193_KR_webconnectivity_24631919ed8e400a
https://www.plannedparenthood.org/,ok,https://explorer.ooni.org/m/20260514084104.668335_KR_webconnectivity_31629b030b60d10b
http://www.podbbang.com/,ok,https://explorer.ooni.org/m/20260514084109.026827_KR_webconnectivity_0b368a46e7225ace
http://www.ppfk.or.kr/,ok,https://explorer.ooni.org/m/20260514084116.030240_KR_webconnectivity_d3b7b3f9c8040f65
http://www.ppomppu.co.kr/zboard/zboard.php?id=freeboard,ok,https://explorer.ooni.org/m/20260514084117.489821_KR_webconnectivity_5044e6276e7673d5
http://www.ppomppu.co.kr/zboard/zboard.php?id=issue,ok,https://explorer.ooni.org/m/20260514084118.863713_KR_webconnectivity_c5106a27057f810a
https://www.privex.io/,ok,https://explorer.ooni.org/m/20260514084122.415676_KR_webconnectivity_e572f330e2496805
http://www.prolife.or.kr/,ok,https://explorer.ooni.org/m/20260514084129.563930_KR_webconnectivity_12b82e331a37ecee
http://www.pullbbang.com/,http-diff,https://explorer.ooni.org/m/20260514084131.888019_KR_webconnectivity_e0444b9e2c48ed3b
https://www.rackspace.com/,ok,https://explorer.ooni.org/m/20260514084136.051298_KR_webconnectivity_2f39bb5ebca0311a
http://www.ran.org/,ok,https://explorer.ooni.org/m/20260514084139.003383_KR_webconnectivity_b830c1f5bc2028fb
https://www.ran.org/,ok,https://explorer.ooni.org/m/20260514084140.556629_KR_webconnectivity_6e280e0d80e97bca
https://www.rebrandly.com/,ok,https://explorer.ooni.org/m/20260514084142.547235_KR_webconnectivity_e815ba26d9ddb11c
https://www.reprouncensored.org/,ok,https://explorer.ooni.org/m/20260514084146.089356_KR_webconnectivity_43f4220f63b91b15
https://www.resourcematters.org/,ok,https://explorer.ooni.org/m/20260514084151.233164_KR_webconnectivity_ec4e8e1711660b73
https://www.salvationarmy.org/,ok,https://explorer.ooni.org/m/20260514084155.213650_KR_webconnectivity_fbbb62ced794904c
http://www.sangsaeng.org/,ok,https://explorer.ooni.org/m/20260514084158.639290_KR_webconnectivity_5c433b6a72a56c29
https://www.sbc.net/,ok,https://explorer.ooni.org/m/20260514084202.178543_KR_webconnectivity_0e46dae5a281ec26
http://www.scarleteen.com/,http-diff,https://explorer.ooni.org/m/20260514084204.366196_KR_webconnectivity_ee0fe450c1bff2f8
http://www.scientology.org/,ok,https://explorer.ooni.org/m/20260514084206.663320_KR_webconnectivity_1d3c67b0ff81f5b9
http://www.secularislam.org/,ok,https://explorer.ooni.org/m/20260514084211.710258_KR_webconnectivity_0b4a72018b020691
http://www.sex-academy.com/,ok,https://explorer.ooni.org/m/20260514084215.366421_KR_webconnectivity_c64e3518ba745206
http://www.sexandu.ca/,http-diff,https://explorer.ooni.org/m/20260514084216.573189_KR_webconnectivity_3730222239e10a8c
http://www.sexandu.ca/fr/,http-diff,https://explorer.ooni.org/m/20260514084217.648933_KR_webconnectivity_4b52195bb5b09bb1
https://www.sfsi.org/,ok,https://explorer.ooni.org/m/20260514084220.938396_KR_webconnectivity_6f33245f8770a53c
http://www.shinto.org/,ok,https://explorer.ooni.org/m/20260514084225.981126_KR_webconnectivity_0306a180dd6823ec
http://www.siecus.org/,http-diff,https://explorer.ooni.org/m/20260514084226.818673_KR_webconnectivity_92d3f6f0d32adb91
https://www.sierraclub.org/,ok,https://explorer.ooni.org/m/20260514084227.693100_KR_webconnectivity_4aa0f3b5679c6da6
http://www.submission.org/,ok,https://explorer.ooni.org/m/20260514084230.662623_KR_webconnectivity_33e63ac69b38a751
http://www.survive.org.uk/,ok,https://explorer.ooni.org/m/20260514084233.732312_KR_webconnectivity_69621c31d4e4cf5e
http://www.suyongso.com/,ok,https://explorer.ooni.org/m/20260514084234.700886_KR_webconnectivity_3df5483745f54eb1
http://www.tcloud.co.kr/,ok,https://explorer.ooni.org/m/20260514084252.287561_KR_webconnectivity_da608bf5e05a582a
http://www.teenhealthfx.com/,ok,https://explorer.ooni.org/m/20260514084254.697375_KR_webconnectivity_c14e2e60ae003643
http://www.teensource.org/,http-diff,https://explorer.ooni.org/m/20260514084256.411689_KR_webconnectivity_2a18cb0a648ae40d
http://www.themwl.org/,ok,https://explorer.ooni.org/m/20260514084302.317884_KR_webconnectivity_954296bd047ecee5
http://www.tistory.com/,ok,https://explorer.ooni.org/m/20260514084307.580166_KR_webconnectivity_dc5196562ec7d462
http://www.todayhumor.co.kr/,ok,https://explorer.ooni.org/m/20260514084309.952826_KR_webconnectivity_05a3f8e8ede862a3
http://www.tripod.lycos.com/,ok,https://explorer.ooni.org/m/20260514084310.894033_KR_webconnectivity_c93aa83dccae7936
http://www.truthnet.org/,ok,https://explorer.ooni.org/m/20260514084315.125641_KR_webconnectivity_ecaec120604ecf9c
http://www.typepad.com/,ok,https://explorer.ooni.org/m/20260514084316.923939_KR_webconnectivity_81be5337c4372d1e
https://www.ucc.org/,ok,https://explorer.ooni.org/m/20260514084407.837816_KR_webconnectivity_73011a406189c2b4
https://www.ucsusa.org/,ok,https://explorer.ooni.org/m/20260514084412.246720_KR_webconnectivity_ff52e32a01b892c4
http://www.ultimatebirthcontrol.com/,http-diff,https://explorer.ooni.org/m/20260514084415.082319_KR_webconnectivity_a9c6646201c8bc4c
http://www.umc.org/,ok,https://explorer.ooni.org/m/20260514084418.891927_KR_webconnectivity_b4603c700337eeb5
https://www.unep.org/,ok,https://explorer.ooni.org/m/20260514084422.560679_KR_webconnectivity_69195226a874f767
http://www.upci.org/,ok,https://explorer.ooni.org/m/20260514084428.634640_KR_webconnectivity_cfb84b2fa5846b74
http://www.vatican.va/,ok,https://explorer.ooni.org/m/20260514084430.949719_KR_webconnectivity_83819c4665f84c84
http://www.wcicc.org/,ok,https://explorer.ooni.org/m/20260514084434.422349_KR_webconnectivity_c595d21eef396253
https://www.weebly.com/,ok,https://explorer.ooni.org/m/20260514084436.640558_KR_webconnectivity_36169190f8d5360a
http://www.whois.co.kr/,ok,https://explorer.ooni.org/m/20260514084442.845220_KR_webconnectivity_c394a27d8dda729d
http://www.wix.com/,ok,https://explorer.ooni.org/m/20260514084444.764428_KR_webconnectivity_527de6ffe12d4565
http://www.worldjewishcongress.org/,ok,https://explorer.ooni.org/m/20260514084451.102790_KR_webconnectivity_a1fbd862b910975e
https://www.worldwildlife.org/,ok,https://explorer.ooni.org/m/20260514084451.935272_KR_webconnectivity_230ffab1a17e0244
https://www.xenu.net/,ok,https://explorer.ooni.org/m/20260514084457.068582_KR_webconnectivity_6f39c1f42857c0b7
http://www.xyinlove.co.kr/,error,https://explorer.ooni.org/m/20260514084513.656295_KR_webconnectivity_dd7c219addbd6e55
http://www.ymca.int/,http-diff,https://explorer.ooni.org/m/20260514084515.796658_KR_webconnectivity_2c69f1513173303c
https://www.yola.com/,ok,https://explorer.ooni.org/m/20260514084518.725153_KR_webconnectivity_69352b96e6378c22
https://www.zanzu.nl/,ok,https://explorer.ooni.org/m/20260514084523.222518_KR_webconnectivity_1e827aabd37fb8b3
https://www.zoomshare.com/,ok,https://explorer.ooni.org/m/20260514084526.800022_KR_webconnectivity_154bc5e9cf1edde0
http://xanga.com/,ok,https://explorer.ooni.org/m/20260514084528.738546_KR_webconnectivity_94c8d1626e7ed02e
https://xda-developers.com/,ok,https://explorer.ooni.org/m/20260514084534.717015_KR_webconnectivity_0ffd38a56593594a
https://yourls.org/,ok,https://explorer.ooni.org/m/20260514084536.311006_KR_webconnectivity_6f6a40617644fd73
https://yt3.ggpht.com/a-/AOh14GhGCI1dxtHOY_TDQfmxDBK_S7CHTPJ3U6zOUw=s480-c-k-c0x00ffffff-no-rj-mo,ok,https://explorer.ooni.org/m/20260514084540.056390_KR_webconnectivity_fd1686972cfb1abe
https://yt4.ggpht.com/a-/AOh14GhOiUxI-RcMC-Vfl2i15v3xewMr8bt2yNXTfw=s480-c-k-c0x00ffffff-no-rj-mo,ok,https://explorer.ooni.org/m/20260514084543.753965_KR_webconnectivity_2b213a48d282f9f6
https://1337x.st/,ok,https://explorer.ooni.org/m/20260514084545.001826_KR_webconnectivity_903db1038faeff4d
https://1337x.to/,ok,https://explorer.ooni.org/m/20260514084546.363606_KR_webconnectivity_68d58898cdeac44b
http://4shared.com/,confirmed,https://explorer.ooni.org/m/20260514084548.985554_KR_webconnectivity_866b75e7fab987df
https://911truth.org/,ok,https://explorer.ooni.org/m/20260514084553.475120_KR_webconnectivity_4faf876b5a225148
https://addons.mozilla.org/,ok,https://explorer.ooni.org/m/20260514084555.182597_KR_webconnectivity_ba0a98401133fc4b
https://addons.opera.com/,ok,https://explorer.ooni.org/m/20260514084559.301412_KR_webconnectivity_c7550fa0290f558e
https://addons.opera.com/en/extensions/,ok,https://explorer.ooni.org/m/20260514084603.131088_KR_webconnectivity_0e19cfa15323ec38
http://applefile.com/,http-diff,https://explorer.ooni.org/m/20260514084606.175458_KR_webconnectivity_b3deb543cd3e9b5c
https://annas-archive.org/,ok,https://explorer.ooni.org/m/20260514084603.859004_KR_webconnectivity_453b15580fc74ec7
https://ar.m.wikipedia.org/,ok,https://explorer.ooni.org/m/20260514084610.380714_KR_webconnectivity_cdd8e9d84d5474ca
https://ar.wikipedia.org/,ok,https://explorer.ooni.org/m/20260514084614.768500_KR_webconnectivity_8e6e869be2fab453
https://archiveofourown.org/,ok,https://explorer.ooni.org/m/20260514084616.214073_KR_webconnectivity_325715891812530e
https://arxiv.org/,ok,https://explorer.ooni.org/m/20260514084617.460194_KR_webconnectivity_825286d9d391cfc5
https://asean.org/,ok,https://explorer.ooni.org/m/20260514084619.607336_KR_webconnectivity_ac634900a7a14fcd
https://bintray.com/,ok,https://explorer.ooni.org/m/20260514084624.379794_KR_webconnectivity_99d2fe719438de63
http://bitsnoop.com/,confirmed,https://explorer.ooni.org/m/20260514084625.352892_KR_webconnectivity_005fbd45df20a81a
http://bommin.net/,confirmed,https://explorer.ooni.org/m/20260514084627.977902_KR_webconnectivity_420450ea9c257b67
https://ca.wikipedia.org/,ok,https://explorer.ooni.org/m/20260514084631.309254_KR_webconnectivity_4107d77055347f78
http://cafe.daum.net/seoulminart,ok,https://explorer.ooni.org/m/20260514084633.845599_KR_webconnectivity_e2775c1cd6d7dbae
http://cafe.naver.com/newartcafe,ok,https://explorer.ooni.org/m/20260514084639.379090_KR_webconnectivity_b5854343e7d2eda9
http://canna.to/,http-diff,https://explorer.ooni.org/m/20260514084640.677570_KR_webconnectivity_d06c455f1fe67f6f
https://catbox.moe/,ok,https://explorer.ooni.org/m/20260514084643.568750_KR_webconnectivity_9cf6c5dc3bd25022
https://chat.openai.com/,ok,https://explorer.ooni.org/m/20260514084644.928075_KR_webconnectivity_b7e76040c62fc49a
http://chongryon.com/,confirmed,https://explorer.ooni.org/m/20260514084701.371470_KR_webconnectivity_5e7678499678b60a
https://chrome.google.com/webstore/category/extensions,ok,https://explorer.ooni.org/m/20260514084705.869712_KR_webconnectivity_ed74de8fc1c6d1d1
https://chromewebstore.google.com/,ok,https://explorer.ooni.org/m/20260514084709.234787_KR_webconnectivity_3bc858189d9e1b4b
https://code.org/,ok,https://explorer.ooni.org/m/20260514084712.461976_KR_webconnectivity_e532d419183ec2cc
https://commons.wikimedia.org/,ok,https://explorer.ooni.org/m/20260514084715.934686_KR_webconnectivity_5b8f3e91e9d79dd3
https://credibilitycoalition.org/,ok,https://explorer.ooni.org/m/20260514084717.576116_KR_webconnectivity_39726518b6727a1d
https://crypt.ee/,ok,https://explorer.ooni.org/m/20260514084719.362385_KR_webconnectivity_65736aeefca9c6f2
http://data.donkeyhote.co.kr/,ok,https://explorer.ooni.org/m/20260514084720.764407_KR_webconnectivity_a117c67b9fcb3095
https://de.wikipedia.org/,ok,https://explorer.ooni.org/m/20260514084725.213284_KR_webconnectivity_628b9f503f8ce033
https://dfiles.eu/,ok,https://explorer.ooni.org/m/20260514084730.417709_KR_webconnectivity_cabf56592a685e0e
https://digg.com/,ok,https://explorer.ooni.org/m/20260514084732.177879_KR_webconnectivity_daa07a7d1b21c3c4
https://docs.google.com/,ok,https://explorer.ooni.org/m/20260514084736.523062_KR_webconnectivity_bfb61f02f2fde82c
https://download.cnet.com/,ok,https://explorer.ooni.org/m/20260514084737.452251_KR_webconnectivity_dc0d09e2ec4a086e
https://drive.google.com/,ok,https://explorer.ooni.org/m/20260514084742.306004_KR_webconnectivity_7bbc4ef435dbc1a7
https://en.m.wikipedia.org/,ok,https://explorer.ooni.org/m/20260514084746.528205_KR_webconnectivity_7de32899a1f63b32
https://en.wikipedia.org/,ok,https://explorer.ooni.org/m/20260514084749.587239_KR_webconnectivity_e463f7e56148eae2
https://en.wiktionary.org/,ok,https://explorer.ooni.org/m/20260514084752.976933_KR_webconnectivity_2d54bb2d5513688b
https://ente.io/,ok,https://explorer.ooni.org/m/20260514084755.924282_KR_webconnectivity_ca49ccce2c6f01ed
https://es.m.wikipedia.org/,ok,https://explorer.ooni.org/m/20260514084759.772349_KR_webconnectivity_57922267eb43ad13
https://es.wikipedia.org/,ok,https://explorer.ooni.org/m/20260514084802.837608_KR_webconnectivity_2a5f948b694f98ea
https://eztv.ag/,ok,https://explorer.ooni.org/m/20260514084806.457889_KR_webconnectivity_6e936c3f55889272
https://eztv.re/,ok,https://explorer.ooni.org/m/20260514084809.546802_KR_webconnectivity_b3d54e95a28cca73
https://f-droid.org/,ok,https://explorer.ooni.org/m/20260514084812.548287_KR_webconnectivity_2f5d2e81403f0ab3
https://fdroid.tetaneutral.net/fdroid/repo,ok,https://explorer.ooni.org/m/20260514084815.548124_KR_webconnectivity_6a8de93332ea9826
http://file.daum.net/,ok,https://explorer.ooni.org/m/20260514084816.924510_KR_webconnectivity_66992a101397c143
http://filecast.co.kr/,ok,https://explorer.ooni.org/m/20260514084821.570455_KR_webconnectivity_f23122f1278ee3f2
https://filen.io/,ok,https://explorer.ooni.org/m/20260514084826.999158_KR_webconnectivity_42c7a0acc8ca6274
https://files.pythonhosted.org/,ok,https://explorer.ooni.org/m/20260514084829.002420_KR_webconnectivity_2315ddc7f00ecca6
https://forum.mhut.org/,error,https://explorer.ooni.org/m/20260514084831.571856_KR_webconnectivity_dca8ae18675fbab6
https://fr.wikipedia.org/,ok,https://explorer.ooni.org/m/20260514084834.692989_KR_webconnectivity_2daa8bde398c21e1
https://ftp.fau.de/fdroid/repo,ok,https://explorer.ooni.org/m/20260514084837.588728_KR_webconnectivity_b615f8e80aa847de
http://gnu.rep.kp/,dns,https://explorer.ooni.org/m/20260514084841.976719_KR_webconnectivity_dbc2c2be96b94f83
https://hackerspaces.org/,ok,https://explorer.ooni.org/m/20260514084845.259291_KR_webconnectivity_e38492554198236b
http://historyedu.or.kr/,ok,https://explorer.ooni.org/m/20260514084853.789897_KR_webconnectivity_c8a361a6f382201a
http://hksh.koreanhistory.or.kr/,ok,https://explorer.ooni.org/m/20260514084855.300746_KR_webconnectivity_0dae4e8f4e97600e
https://i.gr-assets.com/robots.txt,ok,https://explorer.ooni.org/m/20260514084856.767564_KR_webconnectivity_35ec46cca99871a9
https://infidels.org/,ok,https://explorer.ooni.org/m/20260514084900.651238_KR_webconnectivity_972f49f182ed0dc6
https://int.soccerway.com/,ok,https://explorer.ooni.org/m/20260514084904.009003_KR_webconnectivity_89d8da54a9a4ddb2
https://intelligence.weforum.org/,ok,https://explorer.ooni.org/m/20260514084907.557715_KR_webconnectivity_540c8dc76ede9de4
https://isa.gov.ly/,ok,https://explorer.ooni.org/m/20260514084909.056113_KR_webconnectivity_0477dc08edd90898
https://it.wikipedia.org/,ok,https://explorer.ooni.org/m/20260514084912.783064_KR_webconnectivity_0e96491fe86a4750
https://ja.wikipedia.org/,ok,https://explorer.ooni.org/m/20260514084915.801959_KR_webconnectivity_4c0e2f3241e8b394
http://kancc.org/,confirmed,https://explorer.ooni.org/m/20260514084921.208058_KR_webconnectivity_e663cd506fac83c1
http://kass.org.kp/,tcp_ip,https://explorer.ooni.org/m/20260514084956.258587_KR_webconnectivity_6cf7297c7f46bba4
https://kat.am/,ok,https://explorer.ooni.org/m/20260514085013.905807_KR_webconnectivity_d3a346c7706c9160
https://katcr.to/,ok,https://explorer.ooni.org/m/20260514085015.317519_KR_webconnectivity_6f460359d76c8ff9
http://kcnawatch.co/,confirmed,https://explorer.ooni.org/m/20260514085016.589929_KR_webconnectivity_32f59ff1ab7a4832
http://kicc-dprk.org/,confirmed,https://explorer.ooni.org/m/20260514085018.378908_KR_webconnectivity_e9e2b1916b15adcf
https://kickasstorrents.to/,ok,https://explorer.ooni.org/m/20260514085019.821559_KR_webconnectivity_8daa887088a06658
http://kiyctc.com.kp/,tcp_ip,https://explorer.ooni.org/m/20260514085107.012755_KR_webconnectivity_c603c44cdb8d6246
http://ko.internationalism.org/,ok,https://explorer.ooni.org/m/20260514085111.407857_KR_webconnectivity_04876a9dc00d05e5
https://ko.wikipedia.org/,ok,https://explorer.ooni.org/m/20260514085114.872053_KR_webconnectivity_befa4287f92585bd
https://ko.wiktionary.org/,ok,https://explorer.ooni.org/m/20260514085118.445449_KR_webconnectivity_106c71c801e070ba
http://korfilm.com.kp/,dns,https://explorer.ooni.org/m/20260514085218.732596_KR_webconnectivity_494bc9f3c1a2f510
http://kremlin.ru/,ok,https://explorer.ooni.org/m/20260514085235.995327_KR_webconnectivity_500e1c86fbbdb538
https://libgen.fun/,error,https://explorer.ooni.org/m/20260514085239.977811_KR_webconnectivity_d2077b45cc811370
http://libgen.gs/,ok,https://explorer.ooni.org/m/20260514085240.663400_KR_webconnectivity_ada19cdd53c9ba14
https://libgen.is/,tcp_ip,https://explorer.ooni.org/m/20260514085326.414360_KR_webconnectivity_f3f322b37893f96b
http://libgen.lc/,ok,https://explorer.ooni.org/m/20260514085328.796700_KR_webconnectivity_28be3161046ab377
http://libgen.li/,http-diff,https://explorer.ooni.org/m/20260514085330.526030_KR_webconnectivity_bef2a7c52b46b63f
https://libgen.life/,tcp_ip,https://explorer.ooni.org/m/20260514085416.205049_KR_webconnectivity_9242baa51a9be0e2
https://libgen.me/,error,https://explorer.ooni.org/m/20260514085418.124107_KR_webconnectivity_d38df2dbc9c18a6b
http://libgen.rs/,tcp_ip,https://explorer.ooni.org/m/20260514085450.184863_KR_webconnectivity_3b7f187d5fc107f1
https://libgen.space/,error,https://explorer.ooni.org/m/20260514085452.415677_KR_webconnectivity_b4b1e54607830d28
http://libgen.st/,tcp_ip,https://explorer.ooni.org/m/20260514085539.139378_KR_webconnectivity_5cb9850951750cd6
https://libgen.xyz/,ok,https://explorer.ooni.org/m/20260514085541.203865_KR_webconnectivity_aedfe1f89c60c12f
https://limetorrents.pro/,ok,https://explorer.ooni.org/m/20260514085546.012169_KR_webconnectivity_e9d00c58cf3da591
https://login.infomaniak.com/,ok,https://explorer.ooni.org/m/20260514085550.450981_KR_webconnectivity_3ea46814aae9a98b
https://login.tailscale.com/,ok,https://explorer.ooni.org/m/20260514085558.180461_KR_webconnectivity_541a21b03192d7ef
http://ma.gov.kp/,tcp_ip,https://explorer.ooni.org/m/20260514085633.312143_KR_webconnectivity_85015ff460a2576b
https://mashable.com/,ok,https://explorer.ooni.org/m/20260514085635.520435_KR_webconnectivity_2c9314a8c2859efc
https://microsoftedge.microsoft.com/,error,https://explorer.ooni.org/m/20260514085636.504696_KR_webconnectivity_9c1917592be1eadf
https://microsoftedge.microsoft.com/addons/Microsoft-Edge-Extensions-Home,error,https://explorer.ooni.org/m/20260514085637.427749_KR_webconnectivity_4a5b104ed1ae8fd3
https://mirror.cyberbits.eu/fdroid/repo,ok,https://explorer.ooni.org/m/20260514085641.333889_KR_webconnectivity_2dfdfbd68937511d
https://mymemory.translated.net/,ok,https://explorer.ooni.org/m/20260514085646.019276_KR_webconnectivity_5270c6acbbee7c94
http://naenara.com/,error,https://explorer.ooni.org/m/20260514085703.218355_KR_webconnectivity_c64924a42686ea23
https://newalbumreleases.net/,ok,https://explorer.ooni.org/m/20260514085704.772087_KR_webconnectivity_469fb48fb8375d06
https://notesnook.com/,ok,https://explorer.ooni.org/m/20260514085707.812996_KR_webconnectivity_0d0b8e86ee553e1a
https://nsw2u.com/,ok,https://explorer.ooni.org/m/20260514085709.774324_KR_webconnectivity_476d5ef221aaa0de
http://onekorea.org/,ok,https://explorer.ooni.org/m/20260514085711.960357_KR_webconnectivity_72b33e364b73d518
https://openverse.org/,ok,https://explorer.ooni.org/m/20260514085713.371855_KR_webconnectivity_d09a65be53807333
http://osaka.korea-htr.com/,ok,https://explorer.ooni.org/m/20260514085714.894462_KR_webconnectivity_e5d531739fa7496b
https://plug-mirror.rcac.purdue.edu/fdroid/repo,ok,https://explorer.ooni.org/m/20260514085717.651716_KR_webconnectivity_702863cb25c35462
https://pt.m.wikipedia.org/,ok,https://explorer.ooni.org/m/20260514085721.737656_KR_webconnectivity_a53d4e029e84c175
https://pulse.internetsociety.org/,ok,https://explorer.ooni.org/m/20260514085724.423077_KR_webconnectivity_5730268edb1430b0
https://put.io/,ok,https://explorer.ooni.org/m/20260514085727.420547_KR_webconnectivity_60e25e84ed1281d2
https://radiofreetexas.com/,ok,https://explorer.ooni.org/m/20260514085734.267037_KR_webconnectivity_61422d647a7da31a
https://rapidgator.net/,ok,https://explorer.ooni.org/m/20260514085744.796190_KR_webconnectivity_a410ef27475d029f
https://rargb.to/,ok,https://explorer.ooni.org/m/20260514085746.973114_KR_webconnectivity_b7a84b3f8092cc27
https://ru.wikipedia.org/,ok,https://explorer.ooni.org/m/20260514085750.397114_KR_webconnectivity_45432291c0eb359d
https://s.gr-assets.com/robots.txt,ok,https://explorer.ooni.org/m/20260514085751.665330_KR_webconnectivity_ec01427bc9385739
https://savefrom.net/,ok,https://explorer.ooni.org/m/20260514085754.953279_KR_webconnectivity_940741325033c14f
https://sci-hub.se/,ok,https://explorer.ooni.org/m/20260514085755.658887_KR_webconnectivity_6bba97cf22af9494
http://sdprk.org.kp/,tcp_ip,https://explorer.ooni.org/m/20260514085829.108439_KR_webconnectivity_fc1b92c0152cd6e3
http://sfkuk.freeservers.com/,ok,https://explorer.ooni.org/m/20260514085832.452163_KR_webconnectivity_5e4b745bc2b4ad55
http://simfile.uplusbox.co.kr/,tcp_ip,https://explorer.ooni.org/m/20260514085932.771487_KR_webconnectivity_c99c23a717633e01
https://simple.wikipedia.org/,ok,https://explorer.ooni.org/m/20260514085936.000866_KR_webconnectivity_531ffc920a6411ad
https://skiff.com/,ok,https://explorer.ooni.org/m/20260514085937.847059_KR_webconnectivity_9ea08cc5761610e6
http://software.naver.com/,ok,https://explorer.ooni.org/m/20260514085938.756859_KR_webconnectivity_c72716771ef7ad82
https://soundcloud.com/,ok,https://explorer.ooni.org/m/20260514085941.764589_KR_webconnectivity_7d906d65d99eb274
https://sourceforge.net/,ok,https://explorer.ooni.org/m/20260514085943.133849_KR_webconnectivity_4545c61f14f060a7
https://standardnotes.com/,ok,https://explorer.ooni.org/m/20260514085946.067734_KR_webconnectivity_48f661f16d2dabf1
https://subscene.com/,ok,https://explorer.ooni.org/m/20260514085947.269118_KR_webconnectivity_d968d2e4549bdbe5
https://theonion.com/,ok,https://explorer.ooni.org/m/20260514085949.562569_KR_webconnectivity_f7abe7f26c7bcefd
https://thepiratebay.org/,http-diff,https://explorer.ooni.org/m/20260514085951.557406_KR_webconnectivity_04b705f30d0f1873
http://tongil-i.net/,ok,https://explorer.ooni.org/m/20260514085952.286860_KR_webconnectivity_3d5b4d81d32a0eff
http://torrent82.com/,ok,https://explorer.ooni.org/m/20260514085953.165225_KR_webconnectivity_0a748a940b4fb343
http://torrentdada.com/,ok,https://explorer.ooni.org/m/20260514085953.908086_KR_webconnectivity_58a79c35d4408d94
http://torrenters.com/,confirmed,https://explorer.ooni.org/m/20260514085955.838529_KR_webconnectivity_707194df90f26489
http://torrentgogo.com/,ok,https://explorer.ooni.org/m/20260514085956.559842_KR_webconnectivity_372540f85647b115
http://torters.com/,ok,https://explorer.ooni.org/m/20260514085957.301910_KR_webconnectivity_d1cceaf2ded3953b
https://uea.org/,ok,https://explorer.ooni.org/m/20260514090002.950469_KR_webconnectivity_2f80cac69a717b43
https://upload.wikimedia.org/wikipedia/commons/thumb/3/37/Generic_Camera_Icon.svg/100px-Generic_Camera_Icon.svg.png,ok,https://explorer.ooni.org/m/20260514090005.129331_KR_webconnectivity_1b889336f5b3dd0b
http://usacrime.or.kr/,ok,https://explorer.ooni.org/m/20260514090009.374106_KR_webconnectivity_f5785403804a22f4
https://w3schools.com/,ok,https://explorer.ooni.org/m/20260514090013.572183_KR_webconnectivity_3f542d8e9647c209
https://web.archive.org/,ok,https://explorer.ooni.org/m/20260514090017.612374_KR_webconnectivity_d992f14ae26642f9
https://wikidata.org/,ok,https://explorer.ooni.org/m/20260514090021.347916_KR_webconnectivity_f2aa7df6b1131606
https://wikihow.com/,ok,https://explorer.ooni.org/m/20260514090029.613430_KR_webconnectivity_de9106fe9d955d4d
https://wikimapia.org/,ok,https://explorer.ooni.org/m/20260514090032.106775_KR_webconnectivity_e4f8b5b63a3c7fad
http://www.1koreannews.com/,ok,https://explorer.ooni.org/m/20260514090033.431805_KR_webconnectivity_819866f9e045ef8f
https://www.2shared.com/,ok,https://explorer.ooni.org/m/20260514090036.736369_KR_webconnectivity_b75eb2064cec0827
https://www.4shared.com/,ok,https://explorer.ooni.org/m/20260514090042.151537_KR_webconnectivity_8104bd4065953fa9
https://www.911memorial.org/,ok,https://explorer.ooni.org/m/20260514090045.968360_KR_webconnectivity_dc4107fb5bd62c88
http://www.acquisitionx.com/,ok,https://explorer.ooni.org/m/20260514090047.918718_KR_webconnectivity_681fbbee086e8074
https://www.af.mil/,ok,https://explorer.ooni.org/m/20260514090054.379150_KR_webconnectivity_a39f6541167aebb5
http://www.aha.ru/,ok,https://explorer.ooni.org/m/20260514090113.701868_KR_webconnectivity_d5488aa5fbd84b93
http://www.aha.ru/~zentsov/korea.htm,ok,https://explorer.ooni.org/m/20260514090130.065302_KR_webconnectivity_92592b0e1d7d87f0
http://www.arirang.dprkorea.com/,dns,https://explorer.ooni.org/m/20260514090139.506256_KR_webconnectivity_5986d2082eb9eda7
https://www.army.mil/,ok,https://explorer.ooni.org/m/20260514090156.430976_KR_webconnectivity_8a027b4c56c025a0
https://www.auswaertiges-amt.de/,ok,https://explorer.ooni.org/m/20260514090159.961536_KR_webconnectivity_992406ba09bffc14
http://www.big.or.jp/,ok,https://explorer.ooni.org/m/20260514090201.973905_KR_webconnectivity_032cb080b70b7813
http://www.bitcomet.com/,http-diff,https://explorer.ooni.org/m/20260514090203.091420_KR_webconnectivity_e9971dad5bd3dd31
http://www.bittornado.com/,tcp_ip,https://explorer.ooni.org/m/20260514090234.156676_KR_webconnectivity_11be38677623afd3
https://www.bme.com/,ok,https://explorer.ooni.org/m/20260514090237.205904_KR_webconnectivity_37246f4b4de0b58d
http://www.bommin.net/,confirmed,https://explorer.ooni.org/m/20260514090239.774639_KR_webconnectivity_4d18af128d68b93b
http://www.centcom.mil/,dns,https://explorer.ooni.org/m/20260514090243.857427_KR_webconnectivity_2cca5cd151e18d4a
http://www.chaju.org/,ok,https://explorer.ooni.org/m/20260514090247.414449_KR_webconnectivity_b3f72c162c9da1be
http://www.chongryon.com/,confirmed,https://explorer.ooni.org/m/20260514090303.864082_KR_webconnectivity_22aa92dc167ba321
https://www.cia.gov/,ok,https://explorer.ooni.org/m/20260514090309.089939_KR_webconnectivity_5058ac1b3d2ca680
http://www.cinetown.co.kr/,ok,https://explorer.ooni.org/m/20260514090325.227653_KR_webconnectivity_343e1a185a9a6a2f
http://www.cinewel.com/,http-diff,https://explorer.ooni.org/m/20260514090327.658969_KR_webconnectivity_40157d15e91b51ea
https://www.cis.minsk.by/,ok,https://explorer.ooni.org/m/20260514090335.077671_KR_webconnectivity_8052fd50df080ca0
http://www.cizel.co.kr/,ok,https://explorer.ooni.org/m/20260514090336.437699_KR_webconnectivity_0be46025cdab6c40
http://www.cnet-ta.ne.jp/,ok,https://explorer.ooni.org/m/20260514090339.820063_KR_webconnectivity_2f49a3904aa8190c
http://www.collegehumor.com/,http-diff,https://explorer.ooni.org/m/20260514090355.557942_KR_webconnectivity_058a98e043f684c4
http://www.coreaone-news.com/,confirmed,https://explorer.ooni.org/m/20260514090403.046812_KR_webconnectivity_1fb2336698c5d919
https://www.darpa.mil/,dns,https://explorer.ooni.org/m/20260514090407.001484_KR_webconnectivity_06de948053fe2ad5
https://www.datpiff.com/,ok,https://explorer.ooni.org/m/20260514090409.003184_KR_webconnectivity_f670ea8733cb68ed
https://www.dea.gov/,ok,https://explorer.ooni.org/m/20260514090412.561746_KR_webconnectivity_c3d4e2744974c56b
https://www.deathmetal.org/,ok,https://explorer.ooni.org/m/20260514090416.009202_KR_webconnectivity_67ed7e299e55b59b
https://www.defense.gov/,ok,https://explorer.ooni.org/m/20260514090417.915886_KR_webconnectivity_db2686bb3236e73d
https://www.dia.mil/,ok,https://explorer.ooni.org/m/20260514090424.661170_KR_webconnectivity_4af949ed29591e71
https://www.dictionary.com/,ok,https://explorer.ooni.org/m/20260514090426.156375_KR_webconnectivity_fdf7750d30c7c2aa
http://www.dklotto.com/,http-diff,https://explorer.ooni.org/m/20260514090429.314382_KR_webconnectivity_5a35e30b53fd66b5
https://www.douban.com/,ok,https://explorer.ooni.org/m/20260514090435.505519_KR_webconnectivity_612bd1e99a5e11be
http://www.dprk-book.com/,tcp_ip,https://explorer.ooni.org/m/20260514090521.509298_KR_webconnectivity_eb824074734c7d99
http://www.dprkorea.com/,dns,https://explorer.ooni.org/m/20260514090529.493578_KR_webconnectivity_63e04cb659841d9c
http://www.dprkstudies.org/,ok,https://explorer.ooni.org/m/20260514090530.621814_KR_webconnectivity_eb0cdd8f058b98aa
http://www.dprkstudies.org/documents/nkpics/picgal.html,ok,https://explorer.ooni.org/m/20260514090531.347314_KR_webconnectivity_285fcb856d2ba42d
https://www.dropbox.com/,ok,https://explorer.ooni.org/m/20260514090534.911143_KR_webconnectivity_e773def42182c748
http://www.elufa.net/,confirmed,https://explorer.ooni.org/m/20260514090537.131151_KR_webconnectivity_3fd8bc02cdc52778
http://www.enppy.com/,http-diff,https://explorer.ooni.org/m/20260514090539.783850_KR_webconnectivity_e5c9899f92daadb2
https://www.epa.gov/,ok,https://explorer.ooni.org/m/20260514090543.219973_KR_webconnectivity_be987a4c243ac3f1
https://www.eventbrite.com/,ok,https://explorer.ooni.org/m/20260514090547.309310_KR_webconnectivity_2c89fa31e69dc95c
http://www.ez0u.co.kr/,ok,https://explorer.ooni.org/m/20260514090548.897388_KR_webconnectivity_db3cefd0e3a34a18
https://www.fanfiction.net/,ok,https://explorer.ooni.org/m/20260514090550.067586_KR_webconnectivity_ff049e98d93f991c
http://www.fileguri.com/,ok,https://explorer.ooni.org/m/20260514090552.022555_KR_webconnectivity_820fa1aba28e5fbe
http://www.filenara.co.kr/,ok,https://explorer.ooni.org/m/20260514090554.686193_KR_webconnectivity_15879d37db34ad3e
http://www.filenori.com/,ok,https://explorer.ooni.org/m/20260514090556.864342_KR_webconnectivity_f17ca089294bb710
http://www.foreignaffairs.org/,ok,https://explorer.ooni.org/m/20260514090559.027343_KR_webconnectivity_8004872dfb59c1f2
http://www.fsb.ru/,ok,https://explorer.ooni.org/m/20260514090616.539136_KR_webconnectivity_5e0e834a3e3bf766
https://www.fsf.org/,error,https://explorer.ooni.org/m/20260514090618.947626_KR_webconnectivity_fade3a601db702be
https://www.gawker.com/,ok,https://explorer.ooni.org/m/20260514090622.967856_KR_webconnectivity_1dea6c67cde62a53
https://www.givesendgo.com/,ok,https://explorer.ooni.org/m/20260514090626.023519_KR_webconnectivity_94c07da590b0aa86
https://www.globalpolicy.org/,ok,https://explorer.ooni.org/m/20260514090630.427092_KR_webconnectivity_56c54044a7aaeffb
https://www.goodreads.com/,ok,https://explorer.ooni.org/m/20260514090634.005896_KR_webconnectivity_08934fdc262759d8
https://www.gov.uk/,ok,https://explorer.ooni.org/m/20260514090635.751162_KR_webconnectivity_6e3f89a43d9fc3c7
https://www.gutenberg.org/,ok,https://explorer.ooni.org/m/20260514090701.914073_KR_webconnectivity_30a4cf7550962947
http://www.hanguksa.org/,ok,https://explorer.ooni.org/m/20260514090710.573743_KR_webconnectivity_e16385f296708407
http://www.hisedu.or.kr/,ok,https://explorer.ooni.org/m/20260514090715.578011_KR_webconnectivity_9a53649b6a405c69
http://www.honamhistory.org/,ok,https://explorer.ooni.org/m/20260514090719.068210_KR_webconnectivity_11ab53fe7a55a189
http://www.honduras.com/,ok,https://explorer.ooni.org/m/20260514090723.223500_KR_webconnectivity_cc0d613832d03420
https://www.iaru.org/,ok,https://explorer.ooni.org/m/20260514090727.852107_KR_webconnectivity_e71b5d9c52573536
https://www.ibe.unesco.org/,ok,https://explorer.ooni.org/m/20260514090733.434939_KR_webconnectivity_0bbeb3e41f3366a8
https://www.icrc.org/,ok,https://explorer.ooni.org/m/20260514090737.269699_KR_webconnectivity_1296b6334ca26ac5
https://www.ideasbeyondborders.org/,ok,https://explorer.ooni.org/m/20260514090740.189730_KR_webconnectivity_129b504631f18afb
http://www.iea.org/,ok,https://explorer.ooni.org/m/20260514090742.483223_KR_webconnectivity_2c3cdf7d40a213ad
https://www.ifrc.org/,ok,https://explorer.ooni.org/m/20260514090744.649081_KR_webconnectivity_8fbbe6e589c84593
http://www.ihr.org/,ok,https://explorer.ooni.org/m/20260514090749.869863_KR_webconnectivity_3a9a7e39737fb8e4
http://www.iias.nl/,tcp_ip,https://explorer.ooni.org/m/20260514090751.922328_KR_webconnectivity_ff9245fb4fd85277
https://www.ilo.org/,ok,https://explorer.ooni.org/m/20260514090754.846594_KR_webconnectivity_01facfa60b48849e
http://www.imdb.com/,ok,https://explorer.ooni.org/m/20260514090756.317303_KR_webconnectivity_6522216ceec40726
http://www.inhard.com/,ok,https://explorer.ooni.org/m/20260514090758.328610_KR_webconnectivity_075072924518831d
https://www.interpol.int/,ok,https://explorer.ooni.org/m/20260514090800.630648_KR_webconnectivity_1334f0740252a220
https://www.isa.org.jm/,ok,https://explorer.ooni.org/m/20260514090811.922009_KR_webconnectivity_6b6232f37fa730e0
http://www.isj.org.uk/,ok,https://explorer.ooni.org/m/20260514090817.005224_KR_webconnectivity_a3b441d721d899b8
http://www.jjangfile.net/,error,https://explorer.ooni.org/m/20260514090833.413095_KR_webconnectivity_65e34c33c11314a2
https://www.jsf.mil/,dns,https://explorer.ooni.org/m/20260514090841.458072_KR_webconnectivity_cd37c0a4af51db1e
http://www.kancc.org/,confirmed,https://explorer.ooni.org/m/20260514090847.536124_KR_webconnectivity_92b926b6d4051590
http://www.kcckp.net/,confirmed,https://explorer.ooni.org/m/20260514090851.734673_KR_webconnectivity_bc7e560d654c6bc3
http://www.kdvr.de/,ok,https://explorer.ooni.org/m/20260514090853.321063_KR_webconnectivity_97ff2bb275f2b8d8
https://www.khanacademy.org/,ok,https://explorer.ooni.org/m/20260514090855.478157_KR_webconnectivity_8f5a3ec993e7afd5
http://www.kickassclassical.com/,tcp_ip,https://explorer.ooni.org/m/20260514090941.386680_KR_webconnectivity_03853f46320c2fc0
http://www.korea-dpr.com/,confirmed,https://explorer.ooni.org/m/20260514090944.818966_KR_webconnectivity_93e9740bb88b92a2
http://www.korea-dpr.com/cgi-bin/simpleforum.cgi,confirmed,https://explorer.ooni.org/m/20260514090946.206566_KR_webconnectivity_bf654f60cfe25335
http://www.korea-dpr.com/library/entrance.htm,confirmed,https://explorer.ooni.org/m/20260514090947.983448_KR_webconnectivity_c987ff88f40dfeba
http://www.korea-dpr.com/menu.htm,confirmed,https://explorer.ooni.org/m/20260514090949.875000_KR_webconnectivity_ab8456b3ae19d38d
http://www.korea-dpr.com/users/jisge/,confirmed,https://explorer.ooni.org/m/20260514090951.722810_KR_webconnectivity_2dfb7625b7c0278c
http://www.korea-is-one.org/,ok,https://explorer.ooni.org/m/20260514090958.343636_KR_webconnectivity_1abb6e424be22177
http://www.korea-is-one.org/rubrique.php3?id_rubrique=5,ok,https://explorer.ooni.org/m/20260514091004.244505_KR_webconnectivity_569ba283d2b50d48
http://www.korea-np.co.jp/,tcp_ip,https://explorer.ooni.org/m/20260514091014.896527_KR_webconnectivity_3fb48dd93ee8c580
http://www.koreanhistory.org/,ok,https://explorer.ooni.org/m/20260514091018.256350_KR_webconnectivity_4fcc1f5749f1c61a
http://www.krbook.net/,ok,https://explorer.ooni.org/m/20260514091021.242347_KR_webconnectivity_cd18709aa751bac1
https://www.libgen.tw/,ok,https://explorer.ooni.org/m/20260514091024.045814_KR_webconnectivity_e67392e100ca10ce
https://www.limetorrents.lol/,ok,https://explorer.ooni.org/m/20260514091026.275364_KR_webconnectivity_2e7e33c4b4d749ee
https://www.literotica.com/,ok,https://explorer.ooni.org/m/20260514091031.070369_KR_webconnectivity_5b5051be5e872b54
https://www.lushstories.com/,http-failure,https://explorer.ooni.org/m/20260514091032.805048_KR_webconnectivity_0101927c27f4c49e
https://www.marxists.org/,ok,https://explorer.ooni.org/m/20260514091035.593123_KR_webconnectivity_67ea4b54d818e3dd
http://www.metal-archives.com/,ok,https://explorer.ooni.org/m/20260514091037.346782_KR_webconnectivity_46ac42a683c69df0
http://www.minjok.com/,confirmed,https://explorer.ooni.org/m/20260514091041.116580_KR_webconnectivity_90d10665ba5f8c37
http://www.mnr.gov.cn/,ok,https://explorer.ooni.org/m/20260514091053.469050_KR_webconnectivity_005eaf4ebbafdb0b
http://www.monkey3.co.kr/,ok,https://explorer.ooni.org/m/20260514091110.284389_KR_webconnectivity_374d922939c8d525
https://www.mozilla.org/,ok,https://explorer.ooni.org/m/20260514091113.049861_KR_webconnectivity_e8de84170ef903c9
https://www.mp3.com/,tcp_ip,https://explorer.ooni.org/m/20260514091158.826402_KR_webconnectivity_4c53c1a826d97711
https://www.musixmatch.com/,ok,https://explorer.ooni.org/m/20260514091200.316864_KR_webconnectivity_703d0687a6548ece
http://www.nato.int/,ok,https://explorer.ooni.org/m/20260514091204.331299_KR_webconnectivity_e534e4b31ae9c3da
http://www.navy.mil/,dns,https://explorer.ooni.org/m/20260514091210.513612_KR_webconnectivity_61e74905c2fc86fd
http://www.nkland.org/,ok,https://explorer.ooni.org/m/20260514091211.528155_KR_webconnectivity_4e673c55de8b101d
https://www.nsa.gov/,ok,https://explorer.ooni.org/m/20260514091213.224008_KR_webconnectivity_2ffa40463aecfd25
http://www.nzeen.com/,ok,https://explorer.ooni.org/m/20260514091217.856373_KR_webconnectivity_e8c9d64e372dcb2a
http://www.onekorea.org/,ok,https://explorer.ooni.org/m/20260514091220.252028_KR_webconnectivity_df42589415951df0
http://www.onfile.co.kr/,ok,https://explorer.ooni.org/m/20260514091222.785756_KR_webconnectivity_e11662aaad3b5485
http://www.opec.org/,ok,https://explorer.ooni.org/m/20260514091226.365127_KR_webconnectivity_f964146317bcaa4a
http://www.openart.or.kr/,ok,https://explorer.ooni.org/m/20260514091231.725307_KR_webconnectivity_f500eebc62fef683
http://www.orangefile.com/,http-diff,https://explorer.ooni.org/m/20260514091236.946557_KR_webconnectivity_120f6b5d438a102e
https://www.osce.org/,ok,https://explorer.ooni.org/m/20260514091240.308717_KR_webconnectivity_c193484212f53205
http://www.ournation-school.com/,confirmed,https://explorer.ooni.org/m/20260514091242.074138_KR_webconnectivity_7bfb5c2cefa24dfd
https://www.overdrive.com/,ok,https://explorer.ooni.org/m/20260514091244.960269_KR_webconnectivity_52a092419921ef01
http://www.pacom.mil/,dns,https://explorer.ooni.org/m/20260514091251.246169_KR_webconnectivity_729d45d1e8dac894
http://www.pic-international.com/,ok,https://explorer.ooni.org/m/20260514091252.709377_KR_webconnectivity_f52d0f7e2c1601db
http://www.pruna.com/,http-diff,https://explorer.ooni.org/m/20260514091255.406733_KR_webconnectivity_bc9e94f03ff52abc
http://www.quantico.marines.mil/,dns,https://explorer.ooni.org/m/20260514091301.233336_KR_webconnectivity_990a1980f9b1d0c0
https://www.researchgate.net/,ok,https://explorer.ooni.org/m/20260514091302.316385_KR_webconnectivity_e01cb3403cfb0361
https://www.rollingstone.com/,ok,https://explorer.ooni.org/m/20260514091306.313872_KR_webconnectivity_6fd550bd884b150a
http://www.ryongnamsan.edu.kp/,tcp_ip,https://explorer.ooni.org/m/20260514091340.432997_KR_webconnectivity_e0cec9d8a80719a2
http://www.schwarzreport.org/,ok,https://explorer.ooni.org/m/20260514091343.183712_KR_webconnectivity_2dbb1e3a8f5d4724
https://www.scribd.com/,ok,https://explorer.ooni.org/m/20260514091345.215545_KR_webconnectivity_8da678dff7e8d3c0
http://www.sealswcc.com/,ok,https://explorer.ooni.org/m/20260514091350.306278_KR_webconnectivity_e168c3772193fae2
https://www.shazam.com/,ok,https://explorer.ooni.org/m/20260514091352.566602_KR_webconnectivity_d423203b75c74b43
http://www.silibank.com/,ok,https://explorer.ooni.org/m/20260514091359.820124_KR_webconnectivity_3f899ec780f22cd3
http://www.slsknet.org/,ok,https://explorer.ooni.org/m/20260514091401.100692_KR_webconnectivity_44f20f8442379358
http://www.socom.mil/,dns,https://explorer.ooni.org/m/20260514091421.968814_KR_webconnectivity_b8d01fb1d83897ce
http://www.songunpoliticsstudygroup.org/,dns,https://explorer.ooni.org/m/20260514091422.988698_KR_webconnectivity_b5a483482d716e5b
http://www.soribada.com/,ok,https://explorer.ooni.org/m/20260514091427.172797_KR_webconnectivity_aa7551fae7f489a8
http://www.southcom.mil/,dns,https://explorer.ooni.org/m/20260514091430.054673_KR_webconnectivity_0f344a14c8e22980
https://www.spotify.com/,ok,https://explorer.ooni.org/m/20260514091432.209107_KR_webconnectivity_925b6d86f8fff225
https://www.state.gov/,ok,https://explorer.ooni.org/m/20260514091435.535335_KR_webconnectivity_b841e4134be45a0a
http://www.stratcom.mil/,dns,https://explorer.ooni.org/m/20260514091442.730497_KR_webconnectivity_6703658aee914520
http://www.syccr.com/,ok,https://explorer.ooni.org/m/20260514091447.707733_KR_webconnectivity_2f47040617591fe3
https://www.timeout.com/,ok,https://explorer.ooni.org/m/20260514091452.747639_KR_webconnectivity_2ad7d8c6a0d8cda0
http://www.tmz.com/,ok,https://explorer.ooni.org/m/20260514091455.830189_KR_webconnectivity_614b7d812c458894
https://www.un.int/,ok,https://explorer.ooni.org/m/20260514091500.875130_KR_webconnectivity_0aa26b83863a7435
https://www.un.org/,ok,https://explorer.ooni.org/m/20260514091503.746087_KR_webconnectivity_8a8923d3e9e8fc0d
https://www.undp.org/,ok,https://explorer.ooni.org/m/20260514091509.463243_KR_webconnectivity_45eb27dd5284e1a8
https://www.unwomen.org/,ok,https://explorer.ooni.org/m/20260514091512.054244_KR_webconnectivity_3aa512f723fcd61c
http://www.uriminzokkiri.com/,tcp_ip,https://explorer.ooni.org/m/20260514091557.937923_KR_webconnectivity_a0d9a292118c0042
http://www.usafa.af.mil/,ok,https://explorer.ooni.org/m/20260514091604.661696_KR_webconnectivity_3c89f20562cc5e1c
http://www.uscg.mil/,tcp_ip,https://explorer.ooni.org/m/20260514091610.927894_KR_webconnectivity_fad630eacf14cfe4
https://www.ushmm.org/,ok,https://explorer.ooni.org/m/20260514091617.182183_KR_webconnectivity_3a7c9da476fb0bed
https://www.utorrent.com/,ok,https://explorer.ooni.org/m/20260514091619.795230_KR_webconnectivity_dd466b4d6e0e6741
http://www.vibe.com/,ok,https://explorer.ooni.org/m/20260514091622.412341_KR_webconnectivity_c1b541693513c91b
https://www.videolan.org/,ok,https://explorer.ooni.org/m/20260514091626.235513_KR_webconnectivity_f55d645c5b3cea45
https://www.wfp.org/,ok,https://explorer.ooni.org/m/20260514091630.716975_KR_webconnectivity_c70ef21471b7169b
https://www.wikipedia.org/,ok,https://explorer.ooni.org/m/20260514091633.971110_KR_webconnectivity_b9886ee81c50af46
https://www.wiktionary.org/,ok,https://explorer.ooni.org/m/20260514091636.907275_KR_webconnectivity_582b8ee18f601d13
http://www.worldcorea.net/,confirmed,https://explorer.ooni.org/m/20260514091639.613636_KR_webconnectivity_54125c12e92269e8
https://www.xinjiang.gov.cn/,ok,https://explorer.ooni.org/m/20260514091642.892592_KR_webconnectivity_0c01ef3fca51af8a
http://www.xxlmag.com/,ok,https://explorer.ooni.org/m/20260514091648.275872_KR_webconnectivity_15db0097a94639ba
https://www.zoho.com/,ok,https://explorer.ooni.org/m/20260514091651.652942_KR_webconnectivity_372de1d3b6104ffe
https://x1337x.eu/,ok,https://explorer.ooni.org/m/20260514091653.016174_KR_webconnectivity_8b7fb3ac90f7de35
http://yesfile.com/,http-diff,https://explorer.ooni.org/m/20260514091654.683999_KR_webconnectivity_8da2ee90b833092b
https://yts.lt/,ok,https://explorer.ooni.org/m/20260514091658.691905_KR_webconnectivity_81df59d3ac65714b
https://yts.mx/,ok,https://explorer.ooni.org/m/20260514091659.654486_KR_webconnectivity_7bb88a6f33251e86
https://z-lib.org/,error,https://explorer.ooni.org/m/20260514091701.928023_KR_webconnectivity_b68d37203b8831c5
https://zh.wikipedia.org/,ok,https://explorer.ooni.org/m/20260514091705.415984_KR_webconnectivity_4e4a056d6b5460ef
https://adultfriendfinder.com/,http-failure,https://explorer.ooni.org/m/20260514091708.414708_KR_webconnectivity_56eaf9999b9513ec
https://alqassam.ps/,ok,https://explorer.ooni.org/m/20260514091711.915733_KR_webconnectivity_0541bcacec4500a3
https://alt.com/,ok,https://explorer.ooni.org/m/20260514091715.392158_KR_webconnectivity_bddb5e2a999d5e7d
https://amphetamines.com/,ok,https://explorer.ooni.org/m/20260514091717.269217_KR_webconnectivity_6f8d24e423446cc3
http://asiafriendfinder.com/,http-diff,https://explorer.ooni.org/m/20260514091720.378845_KR_webconnectivity_fd025819b19d4729
http://asiansmaster.com/,confirmed,https://explorer.ooni.org/m/20260514091737.054668_KR_webconnectivity_ead9a838df6c6711
http://betasia.com/,http-diff,https://explorer.ooni.org/m/20260514091739.242202_KR_webconnectivity_21ba77d07c551084
https://beeg.com/,http-failure,https://explorer.ooni.org/m/20260514091737.967922_KR_webconnectivity_5d944c8e1f19532b
https://btggaming.com/,ok,https://explorer.ooni.org/m/20260514091745.066777_KR_webconnectivity_5c78cfa94e69a3e3
http://cafe.daum.net/amc21,ok,https://explorer.ooni.org/m/20260514091747.971212_KR_webconnectivity_6823ac11e31963ef
http://cafe.daum.net/dacultureNO,ok,https://explorer.ooni.org/m/20260514091750.268755_KR_webconnectivity_500589850bea3fbf
http://cafe.naver.com/mansdotcom,ok,https://explorer.ooni.org/m/20260514091752.957115_KR_webconnectivity_24a68d02eb8c5cba
http://cafe.naver.com/rtbnmm/,ok,https://explorer.ooni.org/m/20260514091757.964438_KR_webconnectivity_610801971593ed1f
http://creamasia.com/,confirmed,https://explorer.ooni.org/m/20260514091800.118452_KR_webconnectivity_b6bf52fcd31c3d29
https://dailystormer.in/,ok,https://explorer.ooni.org/m/20260514091800.949280_KR_webconnectivity_6b6b1a461115e1ef
https://drugs-forum.com/,ok,https://explorer.ooni.org/m/20260514091803.277916_KR_webconnectivity_38d61017cdc3387e
https://eln-voces.net/,ok,https://explorer.ooni.org/m/20260514091809.408171_KR_webconnectivity_44d17c47b2a4d97b
https://europedatingonline.com/,ok,https://explorer.ooni.org/m/20260514091810.080237_KR_webconnectivity_e6b77679e540a4e1
https://forum.grasscity.com/,http-failure,https://explorer.ooni.org/m/20260514091813.403270_KR_webconnectivity_2ed69b871b3b270f
https://friendfinder.com/,ok,https://explorer.ooni.org/m/20260514091817.335146_KR_webconnectivity_4a5000aea513487e
https://godhatesfags.com/,ok,https://explorer.ooni.org/m/20260514091818.433688_KR_webconnectivity_2f774a0c60f2d6d0
https://heroin.org/,ok,https://explorer.ooni.org/m/20260514091821.024277_KR_webconnectivity_bdda8d26c9bf0e06
https://hightimes.com/,error,https://explorer.ooni.org/m/20260514091822.569966_KR_webconnectivity_d321cfd0e85bb3f5
https://hitomi.la/,http-failure,https://explorer.ooni.org/m/20260514091824.178596_KR_webconnectivity_d117e6fa9fec7013
http://hotgaylist.com/,http-diff,https://explorer.ooni.org/m/20260514091825.904056_KR_webconnectivity_680f521d71c3cb2f
https://howtogrowmarijuana.com/,ok,https://explorer.ooni.org/m/20260514091830.977464_KR_webconnectivity_9079a122f6eda441
https://hustler.com/,ok,https://explorer.ooni.org/m/20260514091833.106133_KR_webconnectivity_fcf841fc321dc522
http://indianfriendfinder.com/,http-diff,https://explorer.ooni.org/m/20260514091837.450816_KR_webconnectivity_56749b695ed6edaf
https://kiwifarms.net/,ok,https://explorer.ooni.org/m/20260514091842.265242_KR_webconnectivity_b1b47ff978b3f993
http://koreanfriendfinder.com/,http-diff,https://explorer.ooni.org/m/20260514091845.195992_KR_webconnectivity_32cbedfb8773013f
http://makemodel.net/,ok,https://explorer.ooni.org/m/20260514091848.298424_KR_webconnectivity_216d90bbc34797f9
https://maps.org/,ok,https://explorer.ooni.org/m/20260514091850.423373_KR_webconnectivity_7221cdf89d361760
http://mingky.org/,confirmed,https://explorer.ooni.org/m/20260514091851.538929_KR_webconnectivity_c30f8267b93aed88
http://ndfsk.dyndns.org/,ok,https://explorer.ooni.org/m/20260514091852.268077_KR_webconnectivity_148cd41b2ec89314
http://ndfsk.dyndns.org/kuguk8/Title1.htm,ok,https://explorer.ooni.org/m/20260514091852.884342_KR_webconnectivity_4c6604983f13618e
https://norml.org/,ok,https://explorer.ooni.org/m/20260514091856.909912_KR_webconnectivity_a7b06089ed4a1ac7
https://nsdapao.info/,ok,https://explorer.ooni.org/m/20260514091914.976704_KR_webconnectivity_fb8e44481f4959f3
http://onlybingo.com/,http-diff,https://explorer.ooni.org/m/20260514091931.118823_KR_webconnectivity_6a07e26a1109a2b8
https://onlyfans.com/,ok,https://explorer.ooni.org/m/20260514091932.216373_KR_webconnectivity_d553535c0b2b67d1
https://panties.com/,error,https://explorer.ooni.org/m/20260514091933.918291_KR_webconnectivity_2de69fc2367d4c60
http://sexkorea.net/,confirmed,https://explorer.ooni.org/m/20260514091939.945026_KR_webconnectivity_5bca60eac1e2eb24
http://streetmeatasia.com/,http-diff,https://explorer.ooni.org/m/20260514091945.811282_KR_webconnectivity_52eb4c03a11b286b
http://thaigirls.net/,http-diff,https://explorer.ooni.org/m/20260514091949.128625_KR_webconnectivity_3c95683eb59a63a2
https://trashy.com/,ok,https://explorer.ooni.org/m/20260514091951.447925_KR_webconnectivity_6f9834414b52962f
https://uk.match.com/,ok,https://explorer.ooni.org/m/20260514091952.226659_KR_webconnectivity_c88b3fd14513f4d9
http://user.chollian.net/,dns,https://explorer.ooni.org/m/20260514091954.372001_KR_webconnectivity_9278834f0848e886
http://user.chollian.net/~yesooj/mincho/deama.htm,dns,https://explorer.ooni.org/m/20260514091956.672043_KR_webconnectivity_85efc52729e4ea62
http://via89.kr/,ok,https://explorer.ooni.org/m/20260514091957.700833_KR_webconnectivity_c5aa87d3a96ba58a
http://video.fc2.com/ko/a/,http-diff,https://explorer.ooni.org/m/20260514092000.321394_KR_webconnectivity_012f2f090109fb01
https://weedmaps.com/,ok,https://explorer.ooni.org/m/20260514092001.320621_KR_webconnectivity_93afff861b0be64b
https://worldsingles.com/,ok,https://explorer.ooni.org/m/20260514092005.057369_KR_webconnectivity_ee25a47f6cc6a6f7
https://www.3wishes.com/,ok,https://explorer.ooni.org/m/20260514092008.260869_KR_webconnectivity_af354a22c7c3fee4
http://www.4online-gambling.com/,http-diff,https://explorer.ooni.org/m/20260514092009.406657_KR_webconnectivity_0f953abadd9e218b
http://www.888casino.com/,ok,https://explorer.ooni.org/m/20260514092013.093905_KR_webconnectivity_c2a5ef0be3742700
http://www.88square.com/,tcp_ip,https://explorer.ooni.org/m/20260514092059.060479_KR_webconnectivity_e67015cecd1fb733
http://www.abcunderwear.com/,ok,https://explorer.ooni.org/m/20260514092101.569053_KR_webconnectivity_802fb2be503424df
http://www.absinth.com/,ok,https://explorer.ooni.org/m/20260514092104.023363_KR_webconnectivity_d6cc7ef237c306a3
http://www.absolut.com/,ok,https://explorer.ooni.org/m/20260514092105.229100_KR_webconnectivity_907d81df260ecd49
https://www.agentprovocateur.com/,ok,https://explorer.ooni.org/m/20260514092106.577507_KR_webconnectivity_f993bf7b92251dea
https://www.americannaziparty.com/,ok,https://explorer.ooni.org/m/20260514092108.740706_KR_webconnectivity_5aa9edf401e023a9
https://www.ariannelingerie.com/,ok,https://explorer.ooni.org/m/20260514092111.489063_KR_webconnectivity_e341596465831d17
https://www.ashleymadison.com/,ok,https://explorer.ooni.org/m/20260514092112.968455_KR_webconnectivity_ebea19616e98afd5
http://www.asiabynight.com/,tcp_ip,https://explorer.ooni.org/m/20260514092158.914262_KR_webconnectivity_bf821c40878bcb79
http://www.asiangirlsnextdoor.com/,http-diff,https://explorer.ooni.org/m/20260514092200.060383_KR_webconnectivity_5af1922b5c186b4b
http://www.asianthumbs.org/,http-diff,https://explorer.ooni.org/m/20260514092203.021633_KR_webconnectivity_b742ca5ed2acbc89
https://www.bacardi.com/,ok,https://explorer.ooni.org/m/20260514092205.883486_KR_webconnectivity_8ef49e9625c54c2f
http://www.bangkokstreetwhores.com/,http-diff,https://explorer.ooni.org/m/20260514092208.448638_KR_webconnectivity_ddd549cd10e7cbf5
http://www.barmeister.com/,ok,https://explorer.ooni.org/m/20260514092209.293989_KR_webconnectivity_a0f0c4effddb22ea
https://www.bat.com/,ok,https://explorer.ooni.org/m/20260514092213.912970_KR_webconnectivity_0752ef7a17a46c85
http://www.beer.com/,ok,https://explorer.ooni.org/m/20260514092219.688471_KR_webconnectivity_e68e669671255db0
https://www.beerinfo.com/,ok,https://explorer.ooni.org/m/20260514092225.504422_KR_webconnectivity_7d9f86f53f9c6a30
http://www.betfair.com/,http-diff,https://explorer.ooni.org/m/20260514092226.181934_KR_webconnectivity_2644dcadeb34ca14
http://www.bglad.com/,http-diff,https://explorer.ooni.org/m/20260514092227.283025_KR_webconnectivity_6aec37271259fb4c
http://www.blackjackinfo.com/,http-diff,https://explorer.ooni.org/m/20260514092229.748529_KR_webconnectivity_3ca5ab257c3b5a52
https://www.blueskyswimwear.com/,ok,https://explorer.ooni.org/m/20260514092232.109917_KR_webconnectivity_b6d854703bc8d658
https://www.bravoporn.com/,http-failure,https://explorer.ooni.org/m/20260514092233.511028_KR_webconnectivity_0c1ea5f863fd71c5
http://www.budweiser.com/,ok,https://explorer.ooni.org/m/20260514092238.338600_KR_webconnectivity_5c1c663a49d273a1
https://www.buydutchseeds.com/,ok,https://explorer.ooni.org/m/20260514092242.342012_KR_webconnectivity_1f0e5d2face55d08
https://www.cannaweed.com/,ok,https://explorer.ooni.org/m/20260514092243.598773_KR_webconnectivity_c3b2ccbacd3468ef
https://www.casino.com/,ok,https://explorer.ooni.org/m/20260514092245.885089_KR_webconnectivity_e0b449c280516059
http://www.casinotropez.com/,http-diff,https://explorer.ooni.org/m/20260514092247.102945_KR_webconnectivity_983ebb529af2c578
http://www.chantelle.com/,http-diff,https://explorer.ooni.org/m/20260514092249.049808_KR_webconnectivity_d8443c91081c9c52
https://www.churchofeuthanasia.org/,ok,https://explorer.ooni.org/m/20260514092251.489074_KR_webconnectivity_a93c1a2e21975914
http://www.columbus25.com/,ok,https://explorer.ooni.org/m/20260514092252.242643_KR_webconnectivity_817e3a3acb197178
http://www.coquette.com/,ok,https://explorer.ooni.org/m/20260514092255.497560_KR_webconnectivity_548546297badabd1
http://www.date.com/,http-diff,https://explorer.ooni.org/m/20260514092258.861894_KR_webconnectivity_ad44f06bfd06ebaf
http://www.dateinasia.com/,http-diff,https://explorer.ooni.org/m/20260514092300.179454_KR_webconnectivity_db5cafa97e741076
https://www.dating.com/,ok,https://explorer.ooni.org/m/20260514092302.361356_KR_webconnectivity_7e51b32d01e604aa
http://www.dekaron.co.kr/,http-diff,https://explorer.ooni.org/m/20260514092306.575206_KR_webconnectivity_6e4cf9b85f730951
http://www.delicates.co.uk/,ok,https://explorer.ooni.org/m/20260514092311.593909_KR_webconnectivity_f2ded5aa2f8f1a7a
https://www.dextroverse.org/,ok,https://explorer.ooni.org/m/20260514092314.630694_KR_webconnectivity_1589404dfa048e5d
https://www.drugsdata.org/,tcp_ip,https://explorer.ooni.org/m/20260514092345.283218_KR_webconnectivity_9bdd05a182d3dccf
http://www.drugsense.org/,ok,https://explorer.ooni.org/m/20260514092349.049973_KR_webconnectivity_206d46b923067c2f
http://www.dsnet.co.kr/,ok,https://explorer.ooni.org/m/20260514092404.915252_KR_webconnectivity_850e63f3ccd30582
https://www.eharmony.com/,ok,https://explorer.ooni.org/m/20260514092407.185750_KR_webconnectivity_3a6a755e1e6d753d
https://www.erowid.org/,tcp_ip,https://explorer.ooni.org/m/20260514092438.028255_KR_webconnectivity_49cbaf6eb690179e
http://www.exploitedteensasia.com/,confirmed,https://explorer.ooni.org/m/20260514092442.222849_KR_webconnectivity_38e9523928c0bf95
http://www.forbiddenasian.com/,error,https://explorer.ooni.org/m/20260514092459.331642_KR_webconnectivity_4fc6b03ee743f49e
http://www.freshpair.com/,error,https://explorer.ooni.org/m/20260514092515.538658_KR_webconnectivity_263a1252d7255c45
http://www.fuckingfreemovies.com/,error,https://explorer.ooni.org/m/20260514092532.205912_KR_webconnectivity_a390975c5b5871cf
https://www.gambling.com/,ok,https://explorer.ooni.org/m/20260514092538.226441_KR_webconnectivity_3963f63405524958
http://www.gamemeca.com/,http-diff,https://explorer.ooni.org/m/20260514092541.468837_KR_webconnectivity_925f0efc00534d16
http://www.gamespot.co.kr/,http-diff,https://explorer.ooni.org/m/20260514092543.536418_KR_webconnectivity_a318912226cfa971
http://www.gayapatal.com/,http-diff,https://explorer.ooni.org/m/20260514092545.550784_KR_webconnectivity_11461e1295bbd05e
http://www.gayasianamateurs.com/,http-diff,https://explorer.ooni.org/m/20260514092547.480342_KR_webconnectivity_aa6a9e599ddf7520
http://www.globalfire.tv/,ok,https://explorer.ooni.org/m/20260514092551.189106_KR_webconnectivity_81240ec0b296943b
https://www.goldenpalace.com/,ok,https://explorer.ooni.org/m/20260514092555.020218_KR_webconnectivity_ca19fb6ef12b5a81
http://www.goldenrivieracasino.com/,http-diff,https://explorer.ooni.org/m/20260514092556.777270_KR_webconnectivity_9e193242bf5402b0
http://www.gotgayporn.com/,http-diff,https://explorer.ooni.org/m/20260514092558.690190_KR_webconnectivity_d4afbde032282afc
http://www.hanes.com/,ok,https://explorer.ooni.org/m/20260514092559.658249_KR_webconnectivity_a0979fe0a237a7d6
https://www.happn.com/,ok,https://explorer.ooni.org/m/20260514092601.843669_KR_webconnectivity_5ea8651d9f6808ef
http://www.hiliq.net/,ok,https://explorer.ooni.org/m/20260514092607.446395_KR_webconnectivity_12efb4e59fb65509
http://www.i-um.com/,http-diff,https://explorer.ooni.org/m/20260514092608.854181_KR_webconnectivity_dda6ffbd1493e61a
http://www.ilbe.com/,dns,https://explorer.ooni.org/m/20260514092611.224673_KR_webconnectivity_ab2763b518cd1bdb
http://www.indianporngirls.com/,http-diff,https://explorer.ooni.org/m/20260514092613.288138_KR_webconnectivity_49a5f46252363107
https://www.ipair.com/,ok,https://explorer.ooni.org/m/20260514092615.288632_KR_webconnectivity_57be3b90f6af72ad
http://www.jackdaniels.com/,ok,https://explorer.ooni.org/m/20260514092617.230725_KR_webconnectivity_617252f274be56af
https://www.jackpotcitycasino1.com/,ok,https://explorer.ooni.org/m/20260514092622.268600_KR_webconnectivity_3dfc48583300a6cd
https://www.jdate.com/,ok,https://explorer.ooni.org/m/20260514092623.113824_KR_webconnectivity_849ec3616218bef1
http://www.joyhunting.com/,http-diff,https://explorer.ooni.org/m/20260514092639.352206_KR_webconnectivity_53b3a7f149a32328
http://www.jupae.com/,ok,https://explorer.ooni.org/m/20260514092656.214670_KR_webconnectivity_d2933bd5089c03b6
http://www.koreancupid.com/,dns,https://explorer.ooni.org/m/20260514092658.740427_KR_webconnectivity_581f726bebe71494
http://www.lasenza.com/,ok,https://explorer.ooni.org/m/20260514092701.769785_KR_webconnectivity_15e582ef303b693b
http://www.lesbiansubmission.com/,http-diff,https://explorer.ooni.org/m/20260514092705.544051_KR_webconnectivity_fcd54beb1e80f4d0
http://www.lineage.co.kr/,error,https://explorer.ooni.org/m/20260514092709.280686_KR_webconnectivity_b137aa1cab7d1d05
https://www.lovoo.com/,ok,https://explorer.ooni.org/m/20260514092711.353867_KR_webconnectivity_a5b31e6cc0897ac4
http://www.luckynugget.com/,http-diff,https://explorer.ooni.org/m/20260514092713.273843_KR_webconnectivity_66c71981f7eec660
http://www.marijuanatravels.com/,confirmed,https://explorer.ooni.org/m/20260514092714.608296_KR_webconnectivity_24e0c7bdec7f0c5f
https://www.match.com/,ok,https://explorer.ooni.org/m/20260514092715.752393_KR_webconnectivity_14045484c50f2ac5
http://www.mgame.com/,http-diff,https://explorer.ooni.org/m/20260514092717.693972_KR_webconnectivity_5a3a67201d8d49cd
http://www.moderndrunkardmagazine.com/,ok,https://explorer.ooni.org/m/20260514092736.839083_KR_webconnectivity_bcd0bdc2452c0a3b
http://www.monacogoldcasino.com/,http-diff,https://explorer.ooni.org/m/20260514092738.579378_KR_webconnectivity_d7b904740b8920d6
http://www.mrchewsasianbeaver.com/,confirmed,https://explorer.ooni.org/m/20260514092755.061468_KR_webconnectivity_cad4eef5ca075b2c
http://www.neonjoint.com/,error,https://explorer.ooni.org/m/20260514092756.330412_KR_webconnectivity_80ee5c39886cc4ae
https://www.okcupid.com/,ok,https://explorer.ooni.org/m/20260514092757.441716_KR_webconnectivity_e82b5d8129fe3ce0
http://www.online-dating.org/,http-diff,https://explorer.ooni.org/m/20260514092758.529179_KR_webconnectivity_bead9bd7751c48b9
https://www.onlinegambling.com/,ok,https://explorer.ooni.org/m/20260514092804.092439_KR_webconnectivity_0104c279471c59a1
http://www.originalelf.com/,error,https://explorer.ooni.org/m/20260514092809.248107_KR_webconnectivity_20e2bd1425440b09
http://www.partypoker.com/,http-diff,https://explorer.ooni.org/m/20260514092809.979499_KR_webconnectivity_cd4cbf5bd5d40597
https://www.partypoker.net/,ok,https://explorer.ooni.org/m/20260514092812.795954_KR_webconnectivity_145d106a09d18f64
https://www.playboy.com/,ok,https://explorer.ooni.org/m/20260514092816.048683_KR_webconnectivity_7e04b5de1b4156d1
https://www.pmi.com/,ok,https://explorer.ooni.org/m/20260514092819.947494_KR_webconnectivity_da6a3b651556f10c
http://www.pof.com/,ok,https://explorer.ooni.org/m/20260514092822.359178_KR_webconnectivity_67febf4028465dea
http://www.poker.com/,http-diff,https://explorer.ooni.org/m/20260514092823.247146_KR_webconnectivity_0c11f2a3681e1cb6
http://www.pokerstars.com/,ok,https://explorer.ooni.org/m/20260514092828.398581_KR_webconnectivity_7c994c333c8e0fa6
http://www.ranking.co.kr/,error,https://explorer.ooni.org/m/20260514092846.652048_KR_webconnectivity_bdb6412f7097e9ed
http://www.realbeer.com/,ok,https://explorer.ooni.org/m/20260514092848.095123_KR_webconnectivity_0f32ba12c6d9e0c3
http://www.ricefever.com/,dns,https://explorer.ooni.org/m/20260514092850.775942_KR_webconnectivity_f297e5d70fe99873
http://www.riverbelle.com/,http-diff,https://explorer.ooni.org/m/20260514092851.606384_KR_webconnectivity_a89e5f82ff6a5c88
http://www.rollitup.org/,http-diff,https://explorer.ooni.org/m/20260514092852.401211_KR_webconnectivity_6b709c064c57cae4
http://www.royalvegas-casino-kr.com/,dns,https://explorer.ooni.org/m/20260514092854.095656_KR_webconnectivity_f96d094fd101902f
http://www.royalvegas.com/,http-diff,https://explorer.ooni.org/m/20260514092854.955640_KR_webconnectivity_61890f3b23ac3140
http://www.rxmarijuana.com/,ok,https://explorer.ooni.org/m/20260514092856.575767_KR_webconnectivity_6e6c2fffffcaf508
http://www.satp.org/,ok,https://explorer.ooni.org/m/20260514092902.012194_KR_webconnectivity_a97a8854535062ef
http://www.sex.com/,http-diff,https://explorer.ooni.org/m/20260514092903.583707_KR_webconnectivity_2223062730872431
https://www.shroomery.org/,ok,https://explorer.ooni.org/m/20260514092905.600107_KR_webconnectivity_97ec7f5a5403a101
http://www.slotland.com/,http-diff,https://explorer.ooni.org/m/20260514092908.138756_KR_webconnectivity_3550546f80fab2df
http://www.soramall.kr/,error,https://explorer.ooni.org/m/20260514092924.568540_KR_webconnectivity_bf7d48b957ea85ab
https://www.spark.com/,ok,https://explorer.ooni.org/m/20260514092926.337824_KR_webconnectivity_1b78fedee82e4277
http://www.speeddater.co.uk/,ok,https://explorer.ooni.org/m/20260514092928.595186_KR_webconnectivity_92278816fd95961c
http://www.spinpalace.com/,http-diff,https://explorer.ooni.org/m/20260514092929.464360_KR_webconnectivity_3e99e44cb31b45f6
http://www.sportingbet.com/,http-diff,https://explorer.ooni.org/m/20260514092930.473829_KR_webconnectivity_745165dabe83659b
http://www.sportsinteraction.com/,http-diff,https://explorer.ooni.org/m/20260514092931.358991_KR_webconnectivity_2c71dd8c9b7a5ceb
http://www.taima.org/,http-diff,https://explorer.ooni.org/m/20260514092932.840268_KR_webconnectivity_fcab8e0e213db7e6
http://www.thaichix.com/,confirmed,https://explorer.ooni.org/m/20260514092935.055107_KR_webconnectivity_70df4ce0c10fa211
http://www.thaicuties.com/,http-diff,https://explorer.ooni.org/m/20260514092937.254725_KR_webconnectivity_964d40b67cef3126
http://www.thegooddrugsguide.com/,http-diff,https://explorer.ooni.org/m/20260514092938.180074_KR_webconnectivity_c0abb54fc229d72d
http://www.tobacco.org/,ok,https://explorer.ooni.org/m/20260514092939.505211_KR_webconnectivity_762ed7111b6df269
http://www.topdrawers.com/,http-diff,https://explorer.ooni.org/m/20260514092940.477209_KR_webconnectivity_b917239c09ada7ab
http://www.vanguardnewsnetwork.com/,ok,https://explorer.ooni.org/m/20260514092943.118882_KR_webconnectivity_54c725fec8460f4f
http://www.venus.com/,http-diff,https://explorer.ooni.org/m/20260514092944.115958_KR_webconnectivity_b056fd459ae470e9
https://www.victoriassecret.com/,ok,https://explorer.ooni.org/m/20260514092946.593126_KR_webconnectivity_9ce616390095ffe1
http://www.wegames.net/,http-diff,https://explorer.ooni.org/m/20260514092948.266061_KR_webconnectivity_5a498d9b82ebf385
http://www.winespectator.com/,ok,https://explorer.ooni.org/m/20260514092950.055803_KR_webconnectivity_4ecbb16d6f48268c
https://www.xnxx.com/,http-failure,https://explorer.ooni.org/m/20260514092953.105419_KR_webconnectivity_26e5a25b269c1fa1
http://www.xvideos.com/,http-diff,https://explorer.ooni.org/m/20260514092956.200165_KR_webconnectivity_029211864407c202
https://www.xvideos.com/,http-failure,https://explorer.ooni.org/m/20260514092959.325204_KR_webconnectivity_2ecfbaf7694d074a
https://www.youporn.com/,http-failure,https://explorer.ooni.org/m/20260514093000.360699_KR_webconnectivity_49d72d5c76ae550a
https://xhamster.com/,ok,https://explorer.ooni.org/m/20260514093003.257570_KR_webconnectivity_18649624c984ea8b
http://ywoos.com/,confirmed,https://explorer.ooni.org/m/20260514093019.924384_KR_webconnectivity_53c60c14fd6ef52f
http://adb.org/,ok,https://explorer.ooni.org/m/20260514093025.991334_KR_webconnectivity_83aae1ff8ea2cb47
https://albiononline.com/,ok,https://explorer.ooni.org/m/20260514093026.844047_KR_webconnectivity_ddc6f36d4788e276
https://alignpay.com/,ok,https://explorer.ooni.org/m/20260514093047.721053_KR_webconnectivity_85e6e3e01f126f62
https://api.revenuecat.com/,ok,https://explorer.ooni.org/m/20260514093053.239930_KR_webconnectivity_f751d9d4eb53dc83
https://apis.google.com/robots.txt,ok,https://explorer.ooni.org/m/20260514093058.520884_KR_webconnectivity_1373ab14ca95f95a
http://archive.ubuntu.com/,ok,https://explorer.ooni.org/m/20260514093059.602345_KR_webconnectivity_f22f99fd351f357d
https://astalavista.box.sk/,ok,https://explorer.ooni.org/m/20260514093104.937137_KR_webconnectivity_391af4edccd0024f
https://attrition.org/,ok,https://explorer.ooni.org/m/20260514093108.075377_KR_webconnectivity_91f3a0cf54bcab1c
https://beacondb.net/,ok,https://explorer.ooni.org/m/20260514093110.695393_KR_webconnectivity_0c4fda68a8612594
https://bitcoin.org/,ok,https://explorer.ooni.org/m/20260514093113.486346_KR_webconnectivity_5a2fd5802a4b83a9
https://bitcoin.sipa.be/,ok,https://explorer.ooni.org/m/20260514093116.638936_KR_webconnectivity_f07f1c20ba5278ef
https://blockdx.co/,error,https://explorer.ooni.org/m/20260514093118.514414_KR_webconnectivity_28364e613c4b6fcf
https://blog.counter-strike.net/,ok,https://explorer.ooni.org/m/20260514093120.809445_KR_webconnectivity_f8a36803b916e5fe
https://blog.mozilla.org/,ok,https://explorer.ooni.org/m/20260514093123.535045_KR_webconnectivity_b0ee60a029d35238
https://bogus.d2a8n1.rootcanary.net/,dns,https://explorer.ooni.org/m/20260514093125.270650_KR_webconnectivity_ed8d1da86978bcfe
https://brave.com/,ok,https://explorer.ooni.org/m/20260514093128.990892_KR_webconnectivity_c6306376f6b19704
https://bughunters.google.com/,ok,https://explorer.ooni.org/m/20260514093131.725732_KR_webconnectivity_3a16d7249f4e60b9
https://cdnjs.com/,ok,https://explorer.ooni.org/m/20260514093133.547865_KR_webconnectivity_0f6c54bcb9c8b2ba
http://clients3.google.com/generate_204,ok,https://explorer.ooni.org/m/20260514093135.595667_KR_webconnectivity_1287428ac4b519b7
https://clients5.google.com/robots.txt,ok,https://explorer.ooni.org/m/20260514093138.221715_KR_webconnectivity_9789ebfad9d7fd98
https://coinmarketcap.com/,ok,https://explorer.ooni.org/m/20260514093140.431893_KR_webconnectivity_81926414e00dc033
https://company.wizards.com/,ok,https://explorer.ooni.org/m/20260514093143.599522_KR_webconnectivity_ff89da5b81bf8cc4
http://connect.rom.miui.com/generate_204,ok,https://explorer.ooni.org/m/20260514093145.242885_KR_webconnectivity_e9016fa2a228e5f3
http://connectivitycheck.android.com/generate_204,ok,https://explorer.ooni.org/m/20260514093146.751575_KR_webconnectivity_c3873348130e9e26
http://connectivitycheck.gstatic.com/generate_204,ok,https://explorer.ooni.org/m/20260514093148.348702_KR_webconnectivity_c40eac4924b758a2
https://cultdeadcow.com/,ok,https://explorer.ooni.org/m/20260514093150.846194_KR_webconnectivity_c3088c4be8428a0d
https://dashjr.org/,ok,https://explorer.ooni.org/m/20260514093153.136931_KR_webconnectivity_a39aceaee44c6c84
https://defcon.org/,ok,https://explorer.ooni.org/m/20260514093156.502529_KR_webconnectivity_7faffb14abe51cd9
http://detectportal.firefox.com/success.txt,ok,https://explorer.ooni.org/m/20260514093157.188181_KR_webconnectivity_b6c96c4ed4962ec1
https://dnsleaktest.com/,ok,https://explorer.ooni.org/m/20260514093200.496740_KR_webconnectivity_fbef0488eb066225
https://dnsviz.net/,ok,https://explorer.ooni.org/m/20260514093203.057400_KR_webconnectivity_24868a0300fcf8e5
https://doubleclick.net/,ok,https://explorer.ooni.org/m/20260514093206.783824_KR_webconnectivity_4bfcb0c112424d1f
https://earth.google.com/web/,ok,https://explorer.ooni.org/m/20260514093209.345040_KR_webconnectivity_5442046a9da445af
https://electrum.org/,ok,https://explorer.ooni.org/m/20260514093211.449667_KR_webconnectivity_6c636372364cc31b
https://en.miui.com/,ok,https://explorer.ooni.org/m/20260514093216.104767_KR_webconnectivity_634ea48bfc4cad32
https://epicgames.com/,ok,https://explorer.ooni.org/m/20260514093219.070545_KR_webconnectivity_09d08ce5b26563e4
https://etherscan.io/,ok,https://explorer.ooni.org/m/20260514093221.545814_KR_webconnectivity_ef94746106d2e9ce
https://fedoramagazine.org/,ok,https://explorer.ooni.org/m/20260514093224.666235_KR_webconnectivity_9ce3caf5897c9dab
https://gamersclub.gg/,ok,https://explorer.ooni.org/m/20260514093225.640369_KR_webconnectivity_a209653427e12d8d
https://giganews.com/,ok,https://explorer.ooni.org/m/20260514093228.116654_KR_webconnectivity_9d7395042fd40221
http://gmarket.co.kr/,ok,https://explorer.ooni.org/m/20260514093230.386610_KR_webconnectivity_9d549ed168c21155
https://hodlhodl.com/,ok,https://explorer.ooni.org/m/20260514093233.637441_KR_webconnectivity_fec99b68338dbbba
https://insecure.org/,ok,https://explorer.ooni.org/m/20260514093236.522119_KR_webconnectivity_3d15c32fc1a74043
https://kh.google.com/rt/earth/PlanetoidMetadata,ok,https://explorer.ooni.org/m/20260514093238.661894_KR_webconnectivity_c913856e63811a39
https://khms0.google.com/kh/v=908?x=81&y=103&z=8,ok,https://explorer.ooni.org/m/20260514093241.220009_KR_webconnectivity_4ff2519815fd7c54
https://khms1.google.com/kh/v=908?x=327&y=414&z=10,ok,https://explorer.ooni.org/m/20260514093243.729875_KR_webconnectivity_afbb1eff083264e6
http://knic.com.kp/,tcp_ip,https://explorer.ooni.org/m/20260514093335.268748_KR_webconnectivity_230766c3dd625615
https://krunker.io/,ok,https://explorer.ooni.org/m/20260514093337.641138_KR_webconnectivity_4193e4d4be1948b0
https://localmonero.co/,ok,https://explorer.ooni.org/m/20260514093340.874273_KR_webconnectivity_ddd7d2b4092d7e04
https://maps.gstatic.com/tactile/basepage/grid-image.png,ok,https://explorer.ooni.org/m/20260514093342.949439_KR_webconnectivity_f521cbbb750510d6
https://matcha.xyz/,ok,https://explorer.ooni.org/m/20260514093343.980059_KR_webconnectivity_86e53e1bf40081e7
https://metasploit.com/,ok,https://explorer.ooni.org/m/20260514093347.165836_KR_webconnectivity_011214e52c62881a
https://moodle.org/,ok,https://explorer.ooni.org/m/20260514093350.813502_KR_webconnectivity_debae116fb762cb1
https://nemtudo.me/,ok,https://explorer.ooni.org/m/20260514093353.055895_KR_webconnectivity_f4fe51f4c3fd64bb
http://networkcheck.kde.org/,ok,https://explorer.ooni.org/m/20260514093353.815338_KR_webconnectivity_5e8bc01f1c89d780
https://nmap.org/,ok,https://explorer.ooni.org/m/20260514093356.968494_KR_webconnectivity_13a40f6c0fa6df61
http://nmcheck.gnome.org/check_network_status.txt,ok,https://explorer.ooni.org/m/20260514093357.747625_KR_webconnectivity_7a86f181f70159d8
https://o0.ingest.sentry.io/api/0,ok,https://explorer.ooni.org/m/20260514093359.050488_KR_webconnectivity_dacf23e76ea131ce
http://opportunity.org/,ok,https://explorer.ooni.org/m/20260514093402.478873_KR_webconnectivity_6606693ed416f3b2
https://packetstormsecurity.com/,ok,https://explorer.ooni.org/m/20260514093405.909479_KR_webconnectivity_ddf6133d79d422b8
http://phrack.org/,http-diff,https://explorer.ooni.org/m/20260514093406.891302_KR_webconnectivity_1983fcca787f425e
http://ping.archlinux.org/,ok,https://explorer.ooni.org/m/20260514093408.556359_KR_webconnectivity_05c8ac1785ed05ff
https://plan-uk.org/,ok,https://explorer.ooni.org/m/20260514093411.894811_KR_webconnectivity_da385ef2ed6cfefc
https://poki.com/,ok,https://explorer.ooni.org/m/20260514093413.593902_KR_webconnectivity_e716f39e5189021f
https://repo1.maven.org/,ok,https://explorer.ooni.org/m/20260514093414.378588_KR_webconnectivity_06471f0ff509fecb
https://root-key-sentinel-is-ta-20326.d2a8n3.rootcanary.net/,ok,https://explorer.ooni.org/m/20260514093418.474570_KR_webconnectivity_d0a871f96fdd685c
https://root-key-sentinel-is-ta-38696.d2a8n3.rootcanary.net/,ok,https://explorer.ooni.org/m/20260514093422.662132_KR_webconnectivity_f490bb226db7411d
https://root-key-sentinel-not-ta-20326.d2a8n3.rootcanary.net/,ok,https://explorer.ooni.org/m/20260514093426.843173_KR_webconnectivity_6560464d38f94a34
https://root-key-sentinel-not-ta-38696.d2a8n3.rootcanary.net/,ok,https://explorer.ooni.org/m/20260514093430.877773_KR_webconnectivity_b4daf92a6a878582
https://s3.amazonaws.com/ooni-data/archives-raw/yaml_tar_vault.json,ok,https://explorer.ooni.org/m/20260514093435.487065_KR_webconnectivity_2ab2f81d1fea1dbb
https://seclists.org/,ok,https://explorer.ooni.org/m/20260514093438.734848_KR_webconnectivity_a62a08997830f529
https://sentry.io/api/0/,ok,https://explorer.ooni.org/m/20260514093439.787777_KR_webconnectivity_edd754703d45c831
https://sourceforge.net/projects/loic/,ok,https://explorer.ooni.org/m/20260514093441.159381_KR_webconnectivity_e0513d09125e12e6
http://start.ubuntu.com/connectivity-check.html,ok,https://explorer.ooni.org/m/20260514093443.128989_KR_webconnectivity_13ac40ec95d0d45e
https://store.epicgames.com/,ok,https://explorer.ooni.org/m/20260514093444.460506_KR_webconnectivity_7189f19e7a0a8187
https://store.steampowered.com/,ok,https://explorer.ooni.org/m/20260514093447.452481_KR_webconnectivity_57f67243677e4a22
https://swift.org/,ok,https://explorer.ooni.org/m/20260514093449.153137_KR_webconnectivity_dd3b85f7ca7ff70a
https://thehackernews.com/,ok,https://explorer.ooni.org/m/20260514093451.207071_KR_webconnectivity_2bc51e75014dc47f
https://tigerweb.ru/,ok,https://explorer.ooni.org/m/20260514093455.932205_KR_webconnectivity_77505a71faf6df9c
https://tlauncher.org/,ok,https://explorer.ooni.org/m/20260514093459.486681_KR_webconnectivity_acab7d03d9403dec
https://toolbox.googleapps.com/,ok,https://explorer.ooni.org/m/20260514093503.395162_KR_webconnectivity_bd7532c7af0a1de4
https://totaljerkface.com/,ok,https://explorer.ooni.org/m/20260514093504.737344_KR_webconnectivity_09fe50fbbf98c1b3
https://trisquel.info/,ok,https://explorer.ooni.org/m/20260514093508.929625_KR_webconnectivity_87faa8dedcdacb03
https://uphold.com/,ok,https://explorer.ooni.org/m/20260514093510.876823_KR_webconnectivity_6ba4da1f9d1d6692
https://use-application-dns.net/,ok,https://explorer.ooni.org/m/20260514093513.691903_KR_webconnectivity_b1854e3cd55fb153
https://wasabiwallet.io/,ok,https://explorer.ooni.org/m/20260514093517.737546_KR_webconnectivity_74ed978ad2c6237b
https://wkkf.org/,ok,https://explorer.ooni.org/m/20260514093520.714474_KR_webconnectivity_2be598bc6400498d
https://worldofwarcraft.com/,ok,https://explorer.ooni.org/m/20260514093524.831844_KR_webconnectivity_86aca202419a6279
http://wowbogo.net/,ok,https://explorer.ooni.org/m/20260514093525.591034_KR_webconnectivity_289a3a05095ac8c9
http://www.11st.co.kr/,ok,https://explorer.ooni.org/m/20260514093527.389761_KR_webconnectivity_e0fa3c28b4bd8b9f
https://www.2600.com/,ok,https://explorer.ooni.org/m/20260514093532.127900_KR_webconnectivity_4d660ea6189ea3b0
https://www.airbnb.co.kr/,ok,https://explorer.ooni.org/m/20260514093536.859336_KR_webconnectivity_b649e99d7699662c
https://www.akdn.org/,ok,https://explorer.ooni.org/m/20260514093543.352276_KR_webconnectivity_27d3f196f82651be
https://www.amazon.com/,ok,https://explorer.ooni.org/m/20260514093545.208194_KR_webconnectivity_a5797ee9a4508713
http://www.apple.com/library/test/success.html,ok,https://explorer.ooni.org/m/20260514093546.641946_KR_webconnectivity_98c95c77da80b959
https://www.apple.com/,ok,https://explorer.ooni.org/m/20260514093548.985834_KR_webconnectivity_9c1119aa02d73de6
http://www.auction.co.kr/,ok,https://explorer.ooni.org/m/20260514093549.910951_KR_webconnectivity_d44316d418577825
https://www.babbel.com/,ok,https://explorer.ooni.org/m/20260514093552.436292_KR_webconnectivity_b83d01afb4af457f
http://www.barnesandnoble.com/,ok,https://explorer.ooni.org/m/20260514093553.786885_KR_webconnectivity_0f14ed4ff228df96
https://www.binance.com/,ok,https://explorer.ooni.org/m/20260514093555.550561_KR_webconnectivity_1ca01f018683ed3a
https://www.bitfinex.com/,ok,https://explorer.ooni.org/m/20260514093557.743096_KR_webconnectivity_435e3700f3840f55
http://www.blackhat.be/,http-diff,https://explorer.ooni.org/m/20260514093559.855147_KR_webconnectivity_421ffe7f6ee36d46
https://www.blizzard.com/,ok,https://explorer.ooni.org/m/20260514093602.767499_KR_webconnectivity_fe547d264aea91ed
https://www.blockchain.com/,ok,https://explorer.ooni.org/m/20260514093603.727826_KR_webconnectivity_1d4d634d657a0dad
http://www.bobaedream.co.kr/,ok,https://explorer.ooni.org/m/20260514093607.435330_KR_webconnectivity_8f281d47b61300f2
https://www.care.org/,ok,https://explorer.ooni.org/m/20260514093612.274377_KR_webconnectivity_9f43b860e9d1bf04
https://www.ccc.de/,ok,https://explorer.ooni.org/m/20260514093616.072195_KR_webconnectivity_919c0b469279b855
http://www.ccej.or.kr/,ok,https://explorer.ooni.org/m/20260514093621.681294_KR_webconnectivity_42b88b10e574ed44
https://www.chess.com/,ok,https://explorer.ooni.org/m/20260514093624.066010_KR_webconnectivity_fcd0aeb458b74d03
https://www.chromium.org/,ok,https://explorer.ooni.org/m/20260514093625.011730_KR_webconnectivity_63fb9b6c4ea35765
https://www.coinbase.com/,ok,https://explorer.ooni.org/m/20260514093626.606996_KR_webconnectivity_f0f55df30916d280
https://www.coinex.com/,ok,https://explorer.ooni.org/m/20260514093629.164197_KR_webconnectivity_1d140c461624f0f8
https://www.common-fund.org/,ok,https://explorer.ooni.org/m/20260514093633.786451_KR_webconnectivity_53d468ecaf5514b5
https://www.concern.net/,ok,https://explorer.ooni.org/m/20260514093636.601916_KR_webconnectivity_33eddcfbd7b30254
https://www.coolmathgames.com/,ok,https://explorer.ooni.org/m/20260514093638.692821_KR_webconnectivity_23d80582f4de92cd
https://www.craigslist.org/,ok,https://explorer.ooni.org/m/20260514093646.574972_KR_webconnectivity_9943396279641a65
https://www.crs.org/,ok,https://explorer.ooni.org/m/20260514093647.767662_KR_webconnectivity_53ccaf784df5d6c3
http://www.cyber-pirates.org/,dns,https://explorer.ooni.org/m/20260514093656.027068_KR_webconnectivity_1c24d64800958797
https://www.darknet.org.uk/,ok,https://explorer.ooni.org/m/20260514093659.755547_KR_webconnectivity_b61b46f50e2e8882
https://www.ddo.com/,ok,https://explorer.ooni.org/m/20260514093705.804752_KR_webconnectivity_dc29d7f78596f1dd
https://www.ea.com/,ok,https://explorer.ooni.org/m/20260514093708.763962_KR_webconnectivity_0b1e03b0f23fbe2d
https://www.ebay.com/,ok,https://explorer.ooni.org/m/20260514093713.255277_KR_webconnectivity_5339fbfb6993b81c
https://www.eccouncil.org/,ok,https://explorer.ooni.org/m/20260514093716.584064_KR_webconnectivity_71bdcdf722aa74fc
https://www.episcopalrelief.org/,ok,https://explorer.ooni.org/m/20260514093717.697756_KR_webconnectivity_ca82218f93e16626
https://www.eveonline.com/,ok,https://explorer.ooni.org/m/20260514093721.695682_KR_webconnectivity_94d2b19e192eaa69
https://www.exploit-db.com/,ok,https://explorer.ooni.org/m/20260514093725.222835_KR_webconnectivity_d5d2d5117508209a
https://www.f-list.net/,ok,https://explorer.ooni.org/m/20260514093727.525953_KR_webconnectivity_a3cbf5086c798cf4
http://www.feedtheminds.org/,tcp_ip,https://explorer.ooni.org/m/20260514093728.806844_KR_webconnectivity_d9d9dd64c024e5be
http://www.fki.or.kr/,ok,https://explorer.ooni.org/m/20260514093731.159185_KR_webconnectivity_7e021f05c5f1ee86
https://www.g5.com/,ok,https://explorer.ooni.org/m/20260514093738.210773_KR_webconnectivity_944f365a3498b890
https://www.gamespot.com/,ok,https://explorer.ooni.org/m/20260514093739.155229_KR_webconnectivity_3c6f69770d65b972
https://www.gazprombank.ru/,ok,https://explorer.ooni.org/m/20260514093746.187540_KR_webconnectivity_1ff5d13f16eb434f
https://www.genymotion.com/,ok,https://explorer.ooni.org/m/20260514093748.445245_KR_webconnectivity_9e4f437e4b827f8a
https://www.globalgiving.org/,ok,https://explorer.ooni.org/m/20260514093750.100137_KR_webconnectivity_2a9c3fae38496c4b
https://www.gofundme.com/,ok,https://explorer.ooni.org/m/20260514093755.187427_KR_webconnectivity_4e56662a8093eb3e
https://www.gog.com/,ok,https://explorer.ooni.org/m/20260514093759.023160_KR_webconnectivity_ce0f55e1a464ff23
https://www.groupon.com/,ok,https://explorer.ooni.org/m/20260514093804.412321_KR_webconnectivity_f05492c8345fd9e2
https://www.guildwars.com/,ok,https://explorer.ooni.org/m/20260514093809.830901_KR_webconnectivity_64babd4aba330679
https://www.habbo.com/,ok,https://explorer.ooni.org/m/20260514093812.611684_KR_webconnectivity_85043c89f77939a6
http://www.hackforums.net/,http-diff,https://explorer.ooni.org/m/20260514093813.739055_KR_webconnectivity_c2c1001a46ac411f
http://www.hackhull.com/,http-diff,https://explorer.ooni.org/m/20260514093815.011729_KR_webconnectivity_919bc536c12d41d9
http://www.hackinthebox.org/,tcp_ip,https://explorer.ooni.org/m/20260514093825.078797_KR_webconnectivity_925ad38b2b1ff1c0
http://www.hacktivismo.com/,http-diff,https://explorer.ooni.org/m/20260514093826.615363_KR_webconnectivity_6e311767c1302768
https://www.helvetas.ch/,ok,https://explorer.ooni.org/m/20260514093835.618953_KR_webconnectivity_9fdd997bd131bb79
https://www.idrc.ca/,ok,https://explorer.ooni.org/m/20260514093840.729871_KR_webconnectivity_0e3d83900f857e7d
http://www.idsoftware.com/,ok,https://explorer.ooni.org/m/20260514093841.781810_KR_webconnectivity_5bc90ad287950a4e
https://www.ifad.org/,ok,https://explorer.ooni.org/m/20260514093843.163057_KR_webconnectivity_6983036fa6e183b9
https://www.ifc.org/,ok,https://explorer.ooni.org/m/20260514093844.840533_KR_webconnectivity_acd59a5f4059e808
https://www.imf.org/,ok,https://explorer.ooni.org/m/20260514093846.634861_KR_webconnectivity_e0c178527dd3f7ff
https://www.international.gc.ca/,ok,https://explorer.ooni.org/m/20260514093850.244887_KR_webconnectivity_77add72ba2a4c602
https://www.internetsociety.org/,ok,https://explorer.ooni.org/m/20260514093854.021689_KR_webconnectivity_642c8dae446935b7
http://www.inven.co.kr/,http-diff,https://explorer.ooni.org/m/20260514093857.698051_KR_webconnectivity_57e17e4f3da31808
https://www.kali.org/,ok,https://explorer.ooni.org/m/20260514093900.705208_KR_webconnectivity_482bc26e9c55d913
https://www.kbs-frb.be/,ok,https://explorer.ooni.org/m/20260514093905.310575_KR_webconnectivity_fc3ec13e54c3b463
https://www.kraken.com/,ok,https://explorer.ooni.org/m/20260514093907.370473_KR_webconnectivity_c3e274ebf9cd0581
https://www.kucoin.com/,ok,https://explorer.ooni.org/m/20260514093908.968212_KR_webconnectivity_9ea50c2b1254c988
https://www.lastwar.com/,ok,https://explorer.ooni.org/m/20260514093911.080566_KR_webconnectivity_17ed5a261054980b
https://www.macfound.org/,ok,https://explorer.ooni.org/m/20260514093914.364438_KR_webconnectivity_870fb60c1c1131c3
https://www.malwares.com/,ok,https://explorer.ooni.org/m/20260514093917.571286_KR_webconnectivity_b2eff8003df3d7f6
https://www.minecraft.net/,ok,https://explorer.ooni.org/m/20260514093920.826030_KR_webconnectivity_1cc9b7119c224c1d
http://www.msftconnecttest.com/connecttest.txt,ok,https://explorer.ooni.org/m/20260514093922.159610_KR_webconnectivity_e7ec6bf1505ff553
http://www.msftncsi.com/ncsi.txt,ok,https://explorer.ooni.org/m/20260514093923.462701_KR_webconnectivity_1a9f1ab68f014d9e
http://www.netmarble.net/,ok,https://explorer.ooni.org/m/20260514093927.573016_KR_webconnectivity_13e72f66dec98831
http://www.nexon.com/,http-diff,https://explorer.ooni.org/m/20260514093929.113353_KR_webconnectivity_303118e18d0f5755
http://www.nmrc.org/,http-diff,https://explorer.ooni.org/m/20260514093930.328997_KR_webconnectivity_91e8a713dbdea28c
https://www.origin.com/,ok,https://explorer.ooni.org/m/20260514093935.141047_KR_webconnectivity_89401443b4e43342
https://www.oxfam.org/,ok,https://explorer.ooni.org/m/20260514093939.730871_KR_webconnectivity_56a7f6902ed32c15
https://www.paralleleconomy.com/,ok,https://explorer.ooni.org/m/20260514093944.473369_KR_webconnectivity_50f23561d1f0e1e7
https://www.paypal.com/,ok,https://explorer.ooni.org/m/20260514093947.682357_KR_webconnectivity_404679fc33d9e5b7
http://www.pcgamer.com/,http-diff,https://explorer.ooni.org/m/20260514093948.518418_KR_webconnectivity_c42c9b406bcc5d8c
https://www.playstation.com/,ok,https://explorer.ooni.org/m/20260514093951.453904_KR_webconnectivity_bca375ff71aa7c30
http://www.pmang.com/,http-diff,https://explorer.ooni.org/m/20260514093953.717934_KR_webconnectivity_5138635490d262d7
https://www.pogo.com/,ok,https://explorer.ooni.org/m/20260514093959.308709_KR_webconnectivity_92fddfac4fe58797
https://www.progressio.org.uk/,ok,https://explorer.ooni.org/m/20260514094002.037542_KR_webconnectivity_76ea6decb296bd65
https://www.pubg.com/,ok,https://explorer.ooni.org/m/20260514094005.817683_KR_webconnectivity_5df6c26ce87a5fa2
https://www.rbf.org/,ok,https://explorer.ooni.org/m/20260514094006.861202_KR_webconnectivity_48a47dde13bbea50
http://www.riftgame.com/,ok,https://explorer.ooni.org/m/20260514094010.004606_KR_webconnectivity_5961eb9c8ce31675
https://www.roblox.com/,ok,https://explorer.ooni.org/m/20260514094013.201887_KR_webconnectivity_893ae058d7f92ad0
http://www.rockstargames.com/,http-diff,https://explorer.ooni.org/m/20260514094014.504094_KR_webconnectivity_5f5797c0b84340bf
http://www.runescape.com/,http-diff,https://explorer.ooni.org/m/20260514094015.995083_KR_webconnectivity_4efd94ba7c1b0863
http://www.sida.se/,ok,https://explorer.ooni.org/m/20260514094021.146317_KR_webconnectivity_b01277cbe2dcb36e
http://www.square-enix.com/,http-diff,https://explorer.ooni.org/m/20260514094022.838683_KR_webconnectivity_6380926eaed30dfc
https://www.thegeekdiary.com/,ok,https://explorer.ooni.org/m/20260514094023.689453_KR_webconnectivity_30bcf7e462b88351
https://www.uber.com/,ok,https://explorer.ooni.org/m/20260514094028.158493_KR_webconnectivity_d6379b0ec80c61ad
https://www.ubisoft.com/,ok,https://explorer.ooni.org/m/20260514094033.768201_KR_webconnectivity_56b6cde26d37a086
http://www.unescap.org/,ok,https://explorer.ooni.org/m/20260514094037.476260_KR_webconnectivity_4e2c2a8a8092415c
http://www.unlockme.co.uk/,ok,https://explorer.ooni.org/m/20260514094039.124158_KR_webconnectivity_446c797c31317f3f
https://www.usaid.gov/,ok,https://explorer.ooni.org/m/20260514094042.060222_KR_webconnectivity_f41f16522fe3006b
https://www.walmart.com/,ok,https://explorer.ooni.org/m/20260514094044.612350_KR_webconnectivity_7452ff34755fbd1f
https://www.weforum.org/,ok,https://explorer.ooni.org/m/20260514094047.170694_KR_webconnectivity_24ab1ecebcd50381
https://www.westernunion.com/,ok,https://explorer.ooni.org/m/20260514094051.198985_KR_webconnectivity_ff3dbe8e8e19f753
https://www.wmtransfer.com/,ok,https://explorer.ooni.org/m/20260514094055.760073_KR_webconnectivity_65eaeb90591fd9f8
https://www.worldbank.org/,ok,https://explorer.ooni.org/m/20260514094057.383326_KR_webconnectivity_beb2fd3aa9bea62a
https://www.xbox.com/,ok,https://explorer.ooni.org/m/20260514094100.818508_KR_webconnectivity_28c71940091b74c8
http://www.zone-h.org/,ok,https://explorer.ooni.org/m/20260514094102.629227_KR_webconnectivity_45891c06a58b154e
https://xe.com/,ok,https://explorer.ooni.org/m/20260514094108.489563_KR_webconnectivity_2449181cd4888fca
http://zipbogo.net/,confirmed,https://explorer.ooni.org/m/20260514094110.671977_KR_webconnectivity_d5d6b46db72b3ab6
https://cc.bingj.com/cache.aspx?q=nothing,dns,https://explorer.ooni.org/m/20260514094111.742467_KR_webconnectivity_04863c8a4f6986de
http://www.dprk-stamp.com/,ok,https://explorer.ooni.org/m/20260514094112.631526_KR_webconnectivity_24b93baffff5da35
https://vpn-api.proton.me/,http-failure,https://explorer.ooni.org/m/20260514094133.985100_KR_webconnectivity_82c2b917dbd1fcd8
https://www.premaritalsex.info/,dns,https://explorer.ooni.org/m/20260514094135.120220_KR_webconnectivity_2731f5d6f0b1dc02
https://www.ipredator.se/,ok,https://explorer.ooni.org/m/20260514094135.868692_KR_webconnectivity_13aaabc2df5a894f
https://www.scruff.com/,ok,https://explorer.ooni.org/m/20260514094137.367198_KR_webconnectivity_080ac6a57b2ed600
http://www.ppca.co.kr/,ok,https://explorer.ooni.org/m/20260514094138.651628_KR_webconnectivity_c223e036dcd0351b
https://www.economist.com/,ok,https://explorer.ooni.org/m/20260514094139.996504_KR_webconnectivity_e366f30d090aa770
https://1.0.0.3/dns-query?dns=q80BAAABAAAAAAAAA3d3dwdleGFtcGxlA2NvbQAAAQAB,ok,https://explorer.ooni.org/m/20260514094140.881321_KR_webconnectivity_cf7cb37fc2cf88ac
http://www.0ubada.net/,ok,https://explorer.ooni.org/m/20260514094141.845896_KR_webconnectivity_fee19a29cfc3bbcf
https://family.cloudflare-dns.com/dns-query?dns=q80BAAABAAAAAAAAA3d3dwdleGFtcGxlA2NvbQAAAQAB,ok,https://explorer.ooni.org/m/20260514094157.862862_KR_webconnectivity_98682fd8ce48d982
https://www.pornhub.com/,http-failure,https://explorer.ooni.org/m/20260514094159.002449_KR_webconnectivity_162b311846668a67
ok,dns,tcp_ip,http-diff,http-failure,confirmed,error,no_data,http(legacy)
1871,38,62,121,35,37,59,0,0
2223/2223 (expected)
