https://twitter.com/,ok,https://explorer.ooni.org/m/20260407101921.565053_KR_webconnectivity_6ee5891f28ec2d33
https://www.facebook.com/,ok,https://explorer.ooni.org/m/20260407101933.085126_KR_webconnectivity_654cdf87d918290d
https://www.instagram.com/,ok,https://explorer.ooni.org/m/20260407101944.022214_KR_webconnectivity_7b823d92c25ed8f3
https://www.youtube.com/,ok,https://explorer.ooni.org/m/20260407102008.419496_KR_webconnectivity_ddedf37650c3f12f
https://dn42.dev/,ok,https://explorer.ooni.org/m/20260407102013.630089_KR_webconnectivity_122b378ae00351b1
https://docs.mvt.re/,ok,https://explorer.ooni.org/m/20260407102019.096856_KR_webconnectivity_310885b22137fe24
https://edition.cnn.com/,ok,https://explorer.ooni.org/m/20260407102033.038227_KR_webconnectivity_a7a64d0fddbb2179
http://fteproxy.org/,http-diff,https://explorer.ooni.org/m/20260407102034.510851_KR_webconnectivity_be07c68b59bd864a
https://i2pd.website/,ok,https://explorer.ooni.org/m/20260407102039.330789_KR_webconnectivity_41cecf9ca08bb8c4
https://ij.org/,ok,https://explorer.ooni.org/m/20260407102041.730258_KR_webconnectivity_7f4786cfc4f96d65
https://indymedia.org/,ok,https://explorer.ooni.org/m/20260407102044.971187_KR_webconnectivity_9510dcdca420c4db
https://itgetsbetter.org/,ok,https://explorer.ooni.org/m/20260407102057.410374_KR_webconnectivity_099e85fe47f10930
http://justicewomen.com/,ok,https://explorer.ooni.org/m/20260407102100.044445_KR_webconnectivity_49c80fb996f9069c
https://massbrowser.cs.umass.edu/,ok,https://explorer.ooni.org/m/20260407102103.686373_KR_webconnectivity_43a268794cddbc7c
http://proxy.org/,error,https://explorer.ooni.org/m/20260407102105.135905_KR_webconnectivity_b490119968b531ff
http://proxytools.sourceforge.net/,ok,https://explorer.ooni.org/m/20260407102107.844991_KR_webconnectivity_67451c1b0f3fa367
http://samugol.net/,ok,https://explorer.ooni.org/m/20260407102110.892216_KR_webconnectivity_3b3b2b6e4fc46c8b
https://www.buzzfeed.com/,ok,https://explorer.ooni.org/m/20260407102122.988622_KR_webconnectivity_ad0fd35a36b6e476
http://www.depdc.org/,ok,https://explorer.ooni.org/m/20260407102123.633101_KR_webconnectivity_12c9edd8a3b7fa5c
https://www.dw.com/,ok,https://explorer.ooni.org/m/20260407102126.616356_KR_webconnectivity_78368c54cdbb3e10
https://www.eff.org/,ok,https://explorer.ooni.org/m/20260407102131.975749_KR_webconnectivity_72deca4adf5bee5a
http://www.forum-asia.org/,ok,https://explorer.ooni.org/m/20260407102134.823840_KR_webconnectivity_7bc93ad674968cf3
http://www.freedominfo.org/,ok,https://explorer.ooni.org/m/20260407102136.170727_KR_webconnectivity_9e599f1d09f6fb36
http://www.hizb-ut-tahrir.org/,dns,https://explorer.ooni.org/m/20260407102222.852485_KR_webconnectivity_625565ff5fc9a006
http://www.ilga.info/,ok,https://explorer.ooni.org/m/20260407102229.570911_KR_webconnectivity_06bcbe4f29eb3397
http://www.ilga.org/asia/,ok,https://explorer.ooni.org/m/20260407102240.630138_KR_webconnectivity_76dbffae8ad2fe72
http://www.ilo.org/public/english/region/asro/bangkok/child/trafficking/index.htm,ok,https://explorer.ooni.org/m/20260407102251.818976_KR_webconnectivity_c99660c27f14237d
https://www.indiatimes.com/,ok,https://explorer.ooni.org/m/20260407102309.792873_KR_webconnectivity_40bfcb935432803e
http://www.inews24.com/,ok,https://explorer.ooni.org/m/20260407102322.566500_KR_webconnectivity_1bc4d25a562b22d3
https://www.infowars.com/,ok,https://explorer.ooni.org/m/20260407102335.005741_KR_webconnectivity_267e6e718f2ec8bb
http://www.inkwon.or.kr/,ok,https://explorer.ooni.org/m/20260407102345.906906_KR_webconnectivity_5c3097a6d780abd2
http://www.inminds.co.uk/,ok,https://explorer.ooni.org/m/20260407102356.223238_KR_webconnectivity_5c5f71444a28bc8a
https://www.ipetitions.com/,ok,https://explorer.ooni.org/m/20260407102405.570154_KR_webconnectivity_0aa1f96aea3492d0
http://www.irna.ir/,ok,https://explorer.ooni.org/m/20260407102410.509882_KR_webconnectivity_909d037edf192945
http://www.isiswomen.org/,ok,https://explorer.ooni.org/m/20260407102414.853640_KR_webconnectivity_d22b1aff38238a68
http://www.islamawareness.net/,ok,https://explorer.ooni.org/m/20260407102421.037886_KR_webconnectivity_d0a2dd3b297eaa1e
http://www.islamawareness.net/Asia/KoreaSouth/,ok,https://explorer.ooni.org/m/20260407102426.366659_KR_webconnectivity_95e2abed278dab5e
http://www.islamkorea.com/,ok,https://explorer.ooni.org/m/20260407102445.409059_KR_webconnectivity_93fd9aa3f19403e1
http://www.iwraw-ap.org/,ok,https://explorer.ooni.org/m/20260407102454.935920_KR_webconnectivity_d8f93615716178c5
https://www.iwraw-ap.org/,ok,https://explorer.ooni.org/m/20260407102501.044812_KR_webconnectivity_8e45ca547daacaaa
http://www.japantimes.co.jp/,ok,https://explorer.ooni.org/m/20260407102513.465895_KR_webconnectivity_1ddebaa19178ee76
http://www.jcmk.org/,ok,https://explorer.ooni.org/m/20260407102528.022689_KR_webconnectivity_56a7bf4a707fc3fe
http://www.jhr.ca/,ok,https://explorer.ooni.org/m/20260407102544.646626_KR_webconnectivity_d0239c59e7936e57
http://www.jinbocorea.org/,ok,https://explorer.ooni.org/m/20260407102601.696187_KR_webconnectivity_bb6c11fd64befb4d
http://www.jmarshall.com/,ok,https://explorer.ooni.org/m/20260407102605.385148_KR_webconnectivity_5a853e4ddcbfd305
https://www.jmarshall.com/,ok,https://explorer.ooni.org/m/20260407102608.340500_KR_webconnectivity_dbf10288e25901bf
http://www.kcna.co.jp/,confirmed,https://explorer.ooni.org/m/20260407102611.475872_KR_webconnectivity_1ebd007d3acad7d1
http://www.kctu.org/,ok,https://explorer.ooni.org/m/20260407102618.088671_KR_webconnectivity_1a1eea62c8d8c7f2
http://www.kdawu.org/,ok,https://explorer.ooni.org/m/20260407102624.320190_KR_webconnectivity_f863c3b017ac6cc1
http://www.kdlp.org/,ok,https://explorer.ooni.org/m/20260407102629.149459_KR_webconnectivity_7402d3a243342424
http://www.khan.co.kr/,ok,https://explorer.ooni.org/m/20260407102638.113303_KR_webconnectivity_8d6258eba1d653cf
http://www.kita.net/,ok,https://explorer.ooni.org/m/20260407102657.505432_KR_webconnectivity_44f40031d4ff4ff7
http://www.kncc.or.kr/,ok,https://explorer.ooni.org/m/20260407102709.888408_KR_webconnectivity_dbdd4507b265b4d8
http://www.kngo.net/,dns,https://explorer.ooni.org/m/20260407102717.324821_KR_webconnectivity_7215a9886f80543d
http://www.koreaherald.co.kr/,ok,https://explorer.ooni.org/m/20260407102728.318265_KR_webconnectivity_97b2e29530ba7b69
http://www.korealiberator.org/,ok,https://explorer.ooni.org/m/20260407102736.327046_KR_webconnectivity_9d6930821274fb27
http://www.korva.or.kr/,ok,https://explorer.ooni.org/m/20260407102750.951936_KR_webconnectivity_658750befc21d139
http://www.kpil.org/,ok,https://explorer.ooni.org/m/20260407102758.346372_KR_webconnectivity_15af5bba1a55b2f9
http://www.kwdi.re.kr/,ok,https://explorer.ooni.org/m/20260407102830.956375_KR_webconnectivity_5193243c3dc02546
http://www.kwpa.org/,ok,https://explorer.ooni.org/m/20260407102842.608799_KR_webconnectivity_aa0b7aa94f15ebe6
http://www.kwwnet.org/,ok,https://explorer.ooni.org/m/20260407102858.644987_KR_webconnectivity_ac904bc1c404ed5f
http://www.laborrightsnow.org/,ok,https://explorer.ooni.org/m/20260407102903.311380_KR_webconnectivity_b37ad07d71043816
http://www.lanacion.com.ar/,ok,https://explorer.ooni.org/m/20260407102917.405537_KR_webconnectivity_b4148e528f3955c7
https://www.laquadrature.net/,ok,https://explorer.ooni.org/m/20260407102927.614817_KR_webconnectivity_723c638210d45358
http://www.latimes.com/,ok,https://explorer.ooni.org/m/20260407102936.431767_KR_webconnectivity_5df0975a980e510c
https://www.lds.org/,ok,https://explorer.ooni.org/m/20260407102949.151615_KR_webconnectivity_8c59d753301a1c33
http://www.learningpartnership.org/,ok,https://explorer.ooni.org/m/20260407102955.734793_KR_webconnectivity_d29658469d0eff8e
https://www.lemonde.fr/,ok,https://explorer.ooni.org/m/20260407103007.917180_KR_webconnectivity_15cd12abbad7f49b
https://www.lgbtmap.org/,ok,https://explorer.ooni.org/m/20260407103022.716232_KR_webconnectivity_7165d4fd8e697bb8
http://www.lgbtpride.or.kr/,ok,https://explorer.ooni.org/m/20260407103036.533501_KR_webconnectivity_324ff6c46b5c7853
https://www.lgbtqnation.com/,ok,https://explorer.ooni.org/m/20260407103048.600343_KR_webconnectivity_265c20132db902d8
https://www.lilithfund.org/,ok,https://explorer.ooni.org/m/20260407103101.133094_KR_webconnectivity_3ed0164f8be25896
http://www.littlespeck.com/,ok,https://explorer.ooni.org/m/20260407103109.348612_KR_webconnectivity_bdd965a130c88c22
https://www.logmein.com/,ok,https://explorer.ooni.org/m/20260407103112.113253_KR_webconnectivity_6303a6bc4f651c10
https://www.madre.org/,ok,https://explorer.ooni.org/m/20260407103123.182822_KR_webconnectivity_e0c1452128954434
http://www.mainichi.co.jp/,ok,https://explorer.ooni.org/m/20260407103129.933719_KR_webconnectivity_70401344a778b35b
https://www.mamacash.org/,ok,https://explorer.ooni.org/m/20260407103141.419800_KR_webconnectivity_511e13b643f72ce4
https://www.martus.org/,ok,https://explorer.ooni.org/m/20260407103146.185415_KR_webconnectivity_282f96d9b04cb122
https://www.mc-doualiya.com/,ok,https://explorer.ooni.org/m/20260407103149.334352_KR_webconnectivity_22ba7f3c5bdf85eb
http://www.mediareform.co.kr/,ok,https://explorer.ooni.org/m/20260407103157.738835_KR_webconnectivity_c91b7015771da1a8
http://www.mediatoday.co.kr/,ok,https://explorer.ooni.org/m/20260407103209.096606_KR_webconnectivity_2f11b5dddf49bf72
http://www.mediaus.co.kr/,ok,https://explorer.ooni.org/m/20260407103224.929300_KR_webconnectivity_f28cac4f59218975
http://www.migrant114.org/,dns,https://explorer.ooni.org/m/20260407103227.268024_KR_webconnectivity_0d385e3bf0fdd70c
http://www.mongu.net/,ok,https://explorer.ooni.org/m/20260407103234.141422_KR_webconnectivity_1a6a7e63f74858f2
https://www.mormon.org/,ok,https://explorer.ooni.org/m/20260407103240.948656_KR_webconnectivity_f1853baeb10c3733
https://www.muckrock.com/,ok,https://explorer.ooni.org/m/20260407103255.469742_KR_webconnectivity_d33bf379ea027a33
https://www.musalaha.org/,ok,https://explorer.ooni.org/m/20260407103311.757803_KR_webconnectivity_56d6bfbf579f1a88
http://www.naeil.com/,ok,https://explorer.ooni.org/m/20260407103319.058612_KR_webconnectivity_8d28a4619034a3f9
https://www.namecoin.org/,ok,https://explorer.ooni.org/m/20260407103325.712601_KR_webconnectivity_14c6e10ba97fb030
https://www.nbc.com/,ok,https://explorer.ooni.org/m/20260407103338.505437_KR_webconnectivity_07b369456f8e8bb3
https://www.nbcnews.com/,ok,https://explorer.ooni.org/m/20260407103349.409768_KR_webconnectivity_3bd1ba6f2351a59c
https://www.nbcnewyork.com/,ok,https://explorer.ooni.org/m/20260407103401.696388_KR_webconnectivity_9491ab4b4d41bd34
http://www.nclrights.org/,ok,https://explorer.ooni.org/m/20260407103413.897806_KR_webconnectivity_108f1bed647c2f6f
https://www.ndi.org/,ok,https://explorer.ooni.org/m/20260407103431.254888_KR_webconnectivity_9889ed669537bdaa
https://www.ned.org/,ok,https://explorer.ooni.org/m/20260407103442.096466_KR_webconnectivity_a2c5db60d77bee25
http://www.newnownext.com/,ok,https://explorer.ooni.org/m/20260407103455.737051_KR_webconnectivity_a5bd82dbe488b42d
http://www.newnownext.com/franchise/the-backlot/,ok,https://explorer.ooni.org/m/20260407103504.249921_KR_webconnectivity_9f1bf4638f1eea12
http://www.newscham.net/,ok,https://explorer.ooni.org/m/20260407103510.864423_KR_webconnectivity_58b27bc68d2f0746
https://www.njal.la/,ok,https://explorer.ooni.org/m/20260407103517.536081_KR_webconnectivity_fc56ed11a25ed132
http://www.nkzone.org/,tcp_ip,https://explorer.ooni.org/m/20260407103604.027782_KR_webconnectivity_5cf19d93260cee89
http://www.nocutnews.co.kr/,ok,https://explorer.ooni.org/m/20260407103616.888901_KR_webconnectivity_bc51df2ef80c7d90
http://www.nodong.org/,ok,https://explorer.ooni.org/m/20260407103630.589489_KR_webconnectivity_a0bd1edc0f8aafec
http://www.nonghyup.com/,ok,https://explorer.ooni.org/m/20260407103634.725981_KR_webconnectivity_215cbfc8524c4d11
https://www.nostraightnews.com/,ok,https://explorer.ooni.org/m/20260407103646.821400_KR_webconnectivity_b7d60ad56095b677
https://www.npr.org/,ok,https://explorer.ooni.org/m/20260407103657.511841_KR_webconnectivity_f16ac755e09df5a7
https://www.ntv.ru/,ok,https://explorer.ooni.org/m/20260407103715.757909_KR_webconnectivity_b9e800a250f44f42
https://www.nwci.ie/,ok,https://explorer.ooni.org/m/20260407103724.618985_KR_webconnectivity_5708fe599c3aac47
https://www.oas.org/,ok,https://explorer.ooni.org/m/20260407103734.281668_KR_webconnectivity_2caf2e6731f85d05
https://www.occrp.org/,ok,https://explorer.ooni.org/m/20260407103744.956914_KR_webconnectivity_061b420cbc93eb10
http://www.ohmynews.com/,ok,https://explorer.ooni.org/m/20260407103758.911448_KR_webconnectivity_d34a09a907bb8535
http://www.omct.org/,ok,https://explorer.ooni.org/m/20260407103814.039043_KR_webconnectivity_d365930688afaea4
https://www.omct.org/,ok,https://explorer.ooni.org/m/20260407103830.243936_KR_webconnectivity_253fec99efa7c1f8
https://www.opendns.com/,ok,https://explorer.ooni.org/m/20260407103833.421307_KR_webconnectivity_b2b9927836f2c8f4
https://www.openpgp.org/,ok,https://explorer.ooni.org/m/20260407103837.214724_KR_webconnectivity_fdc91ab46e5e7d21
https://www.ou.org/,ok,https://explorer.ooni.org/m/20260407103850.317151_KR_webconnectivity_ff688040d7e25f70
http://www.pcusa.org/,ok,https://explorer.ooni.org/m/20260407103901.991548_KR_webconnectivity_cd5881c82158e505
http://www.people.com.cn/,ok,https://explorer.ooni.org/m/20260407103916.588649_KR_webconnectivity_0f87e03f0f08220e
http://www.peoplepower21.org/,ok,https://explorer.ooni.org/m/20260407103925.709725_KR_webconnectivity_c5a6a19ad3f9ff31
https://www.phpmyadmin.net/,ok,https://explorer.ooni.org/m/20260407103933.693354_KR_webconnectivity_036f194855e48cc2
http://www.pikicast.com/,tcp_ip,https://explorer.ooni.org/m/20260407104019.543481_KR_webconnectivity_f7d5bf9d21fb98d5
https://www.pinknews.co.uk/,ok,https://explorer.ooni.org/m/20260407104030.153484_KR_webconnectivity_adbad2e025a4270f
https://www.piratenpartei.ch/,ok,https://explorer.ooni.org/m/20260407104040.823949_KR_webconnectivity_1823cfbd85cb8ea4
http://www.piratpartiet.se/,ok,https://explorer.ooni.org/m/20260407104107.366753_KR_webconnectivity_cbea17e419c7eb26
https://www.plancpills.org/,ok,https://explorer.ooni.org/m/20260407104122.346551_KR_webconnectivity_46f3a485d5e8841d
http://www.poweroftruth.net/,ok,https://explorer.ooni.org/m/20260407104132.690714_KR_webconnectivity_c8a3a49b7e5aa2db
https://www.pravda.ru/,ok,https://explorer.ooni.org/m/20260407104203.713483_KR_webconnectivity_026c48f405592293
http://www.pressian.com/,ok,https://explorer.ooni.org/m/20260407104217.574038_KR_webconnectivity_d06a3b41aa961c1d
https://www.pridemedia.com/,ok,https://explorer.ooni.org/m/20260407104232.489118_KR_webconnectivity_b39e58b3e70895cf
https://www.privacidade.digital/,ok,https://explorer.ooni.org/m/20260407104240.043618_KR_webconnectivity_abab7a279b45ebdd
https://www.privacyguides.org/,ok,https://explorer.ooni.org/m/20260407104246.061995_KR_webconnectivity_f90d2f59f52d3d0a
https://www.privacyinternational.org/,ok,https://explorer.ooni.org/m/20260407104254.992790_KR_webconnectivity_802c6e3a424543d3
https://www.privacytools.io/,ok,https://explorer.ooni.org/m/20260407104302.119254_KR_webconnectivity_a5a3049c92f9f989
http://www.privaterra.org/,ok,https://explorer.ooni.org/m/20260407104312.116459_KR_webconnectivity_4c05865b310a9d09
https://www.projectveritas.com/,ok,https://explorer.ooni.org/m/20260407104323.929052_KR_webconnectivity_24dd41f081d6cc98
https://www.propublica.org/,ok,https://explorer.ooni.org/m/20260407104338.983389_KR_webconnectivity_ca7869d6610c5177
https://www.protectioninternational.org/,ok,https://explorer.ooni.org/m/20260407104355.310746_KR_webconnectivity_f0d8f83d2984b62d
http://www.qhnews.com/,ok,https://explorer.ooni.org/m/20260407104409.723441_KR_webconnectivity_53445f8c5313c574
http://www.radicalparty.org/,ok,https://explorer.ooni.org/m/20260407104423.352321_KR_webconnectivity_a93e55f60a7662e7
http://www.rainbowfoundation.co.kr/,ok,https://explorer.ooni.org/m/20260407104438.900756_KR_webconnectivity_fc443106f28adb63
https://www.rambler.ru/,ok,https://explorer.ooni.org/m/20260407104450.643515_KR_webconnectivity_c78381deda603b58
https://www.rawa.org/,ok,https://explorer.ooni.org/m/20260407104454.601660_KR_webconnectivity_cebbed9c36b33e2f
http://www.redian.org/,ok,https://explorer.ooni.org/m/20260407104507.587871_KR_webconnectivity_84f6b1aba773d2d5
https://www.redstateaccess.com/,ok,https://explorer.ooni.org/m/20260407104511.235832_KR_webconnectivity_46be96b76e39b2e7
http://www.repubblica.com/,ok,https://explorer.ooni.org/m/20260407104525.837019_KR_webconnectivity_ef92e619959e909c
https://www.reuters.com/,ok,https://explorer.ooni.org/m/20260407104530.233187_KR_webconnectivity_0cebdc90112aab2c
https://www.rfa.org/,ok,https://explorer.ooni.org/m/20260407104542.426223_KR_webconnectivity_aa880a801527ce10
https://www.rferl.org/,ok,https://explorer.ooni.org/m/20260407104554.411089_KR_webconnectivity_4e3e12e4b133b94a
http://www.rights.or.kr/,ok,https://explorer.ooni.org/m/20260407104557.013173_KR_webconnectivity_883f57b3bee13b12
http://www.righttodie.ca/,ok,https://explorer.ooni.org/m/20260407104559.877242_KR_webconnectivity_b918ddce0eecd060
http://www.rsf.org/article.php3?id_article=17361,ok,https://explorer.ooni.org/m/20260407104615.192587_KR_webconnectivity_6691b4979a8d5038
https://www.rt.com/,ok,https://explorer.ooni.org/m/20260407104627.211284_KR_webconnectivity_2f7c84fd6d830456
https://www.rtarabic.com/,ok,https://explorer.ooni.org/m/20260407104658.975726_KR_webconnectivity_bf97c10deb83867c
https://www.savethechildren.net/,ok,https://explorer.ooni.org/m/20260407104711.346610_KR_webconnectivity_ffbecf5788fafa7e
https://www.sbs.com.au/language/coronavirus?cid=infocus,ok,https://explorer.ooni.org/m/20260407104724.300157_KR_webconnectivity_050fd84ecf4df022
https://www.scmp.com/,ok,https://explorer.ooni.org/m/20260407104732.963016_KR_webconnectivity_d80f3ef97645e133
https://www.secfirst.org/,error,https://explorer.ooni.org/m/20260407104738.603719_KR_webconnectivity_3778b66d356cb8d4
https://www.securityinabox.org/,ok,https://explorer.ooni.org/m/20260407104742.236644_KR_webconnectivity_c7ee3d012853b6bc
http://www.sisters.or.kr/,ok,https://explorer.ooni.org/m/20260407104803.414567_KR_webconnectivity_f18db3582b8f5627
https://www.spiegel.de/,ok,https://explorer.ooni.org/m/20260407104823.453949_KR_webconnectivity_6be75d12d416c05a
http://www.state.gov/g/drl/rls/hrrpt/2004/41647.htm,ok,https://explorer.ooni.org/m/20260407104837.378887_KR_webconnectivity_c148eac2a077a953
https://www.stonewall.org.uk/,ok,https://explorer.ooni.org/m/20260407104849.937998_KR_webconnectivity_20a521ec1bf6bb8f
http://www.stopstreetharassment.org/,ok,https://explorer.ooni.org/m/20260407104859.674906_KR_webconnectivity_9b439dfd495ec7e0
https://www.techlore.tech/,ok,https://explorer.ooni.org/m/20260407104910.536521_KR_webconnectivity_0ca86ac063c8f8de
https://www.terredeshommes.nl/,ok,https://explorer.ooni.org/m/20260407104923.802839_KR_webconnectivity_176fe2752133deba
https://www.theguardian.com/,ok,https://explorer.ooni.org/m/20260407104933.203745_KR_webconnectivity_c95f2de9ceda5f72
https://www.thetrevorproject.org/,ok,https://explorer.ooni.org/m/20260407104948.225270_KR_webconnectivity_00c65f3423a8fb2d
http://www.tongilnews.com/,ok,https://explorer.ooni.org/m/20260407105003.275923_KR_webconnectivity_9a344f8d2e30ed6a
https://www.tvc.ru/,ok,https://explorer.ooni.org/m/20260407105006.459799_KR_webconnectivity_4ca0ec54f040de36
http://www.u4.no/,ok,https://explorer.ooni.org/m/20260407105018.218871_KR_webconnectivity_ddcbaff8f68287c3
https://www.upi.com/Top_News/World-News/2019/07/11/Amnesty-International-LGBT-soldiers-face-abuse-in-South-Korea-military/1461562819145/,ok,https://explorer.ooni.org/m/20260407105032.588229_KR_webconnectivity_43a116982f6b59a7
https://www.urduvoa.com/,ok,https://explorer.ooni.org/m/20260407105041.736445_KR_webconnectivity_16b4b0475dcf4eb2
https://www.usatoday.com/,ok,https://explorer.ooni.org/m/20260407105057.156812_KR_webconnectivity_a0573e27b8a7813e
https://www.vesti.ru/,ok,https://explorer.ooni.org/m/20260407105106.133333_KR_webconnectivity_e7cba6e318691cef
https://www.vice.com/,ok,https://explorer.ooni.org/m/20260407105117.313486_KR_webconnectivity_e1364414cb3a00cf
https://www.voanews.com/,ok,https://explorer.ooni.org/m/20260407105125.398852_KR_webconnectivity_8533af83a0ea2746
https://www.vpngate.net/,ok,https://explorer.ooni.org/m/20260407105141.249429_KR_webconnectivity_487f0cff48566568
https://www.warchild.net/,ok,https://explorer.ooni.org/m/20260407105149.899415_KR_webconnectivity_b79113d622aeb357
https://www.washingtontimes.com/,ok,https://explorer.ooni.org/m/20260407105159.421910_KR_webconnectivity_2ca2d291ece1aa4c
http://www.well.com/,ok,https://explorer.ooni.org/m/20260407105211.564710_KR_webconnectivity_7faab78a93073a74
http://www.well.com/user/queerjhd/,ok,https://explorer.ooni.org/m/20260407105215.997684_KR_webconnectivity_e6a2a443af707e2a
http://www.wftucentral.org/,ok,https://explorer.ooni.org/m/20260407105224.105718_KR_webconnectivity_18603f3f6a18866c
https://www.wiesenthal.com/,ok,https://explorer.ooni.org/m/20260407105234.314245_KR_webconnectivity_9e09dce908886b76
https://www.wilpf.org/,ok,https://explorer.ooni.org/m/20260407105249.249445_KR_webconnectivity_8bc0124001d8ef7a
http://www.withoutwar.org/,ok,https://explorer.ooni.org/m/20260407105306.382940_KR_webconnectivity_982a01f4b3db2ada
https://www.witness.org/,ok,https://explorer.ooni.org/m/20260407105331.597318_KR_webconnectivity_06d2bd477c60b0f6
http://www.wluml.org/,ok,https://explorer.ooni.org/m/20260407105348.781306_KR_webconnectivity_fa6cf475938d8ff0
http://www.wnd.com/,ok,https://explorer.ooni.org/m/20260407105402.781438_KR_webconnectivity_210300732eb5c6ae
https://www.womankind.org.uk/,ok,https://explorer.ooni.org/m/20260407105406.230191_KR_webconnectivity_6b7bcb045095b40a
http://www.women21.or.kr/,ok,https://explorer.ooni.org/m/20260407105411.555605_KR_webconnectivity_c836738f897f2284
https://www.womenforafghanwomen.org/,ok,https://explorer.ooni.org/m/20260407105423.973877_KR_webconnectivity_de585cddf5cc443d
http://www.womenlink.or.kr/,ok,https://explorer.ooni.org/m/20260407105438.037129_KR_webconnectivity_bbe86e54dc9809d7
http://www.womennews.co.kr/,ok,https://explorer.ooni.org/m/20260407105456.282288_KR_webconnectivity_2f45c89eca49c22a
https://www.womenpeacemakersprogram.org/,ok,https://explorer.ooni.org/m/20260407105513.526596_KR_webconnectivity_efe3c4177ed3b28d
http://www.womensmediacenter.com/,ok,https://explorer.ooni.org/m/20260407105522.680451_KR_webconnectivity_7e0cd2eb97f6464b
http://www.worldcoalition.org/,ok,https://explorer.ooni.org/m/20260407105533.398464_KR_webconnectivity_a54518c7f9e92dd1
https://www.wsj.com/,ok,https://explorer.ooni.org/m/20260407105537.166595_KR_webconnectivity_dc235d230997c904
http://www.xinhuanet.com/,ok,https://explorer.ooni.org/m/20260407105548.590823_KR_webconnectivity_95b91878a87adba7
https://www.yellowhammerfund.org/,ok,https://explorer.ooni.org/m/20260407105557.200883_KR_webconnectivity_3adee4245caf4345
http://www.yonhapnews.co.kr/,ok,https://explorer.ooni.org/m/20260407105611.490235_KR_webconnectivity_72c2309a265867f9
http://www.zeit.de/,ok,https://explorer.ooni.org/m/20260407105623.137532_KR_webconnectivity_6c443856f24cd9a5
http://xxx.lanl.gov/,tcp_ip,https://explorer.ooni.org/m/20260407105654.669034_KR_webconnectivity_fdb5edf78d4d687e
http://yolsa.org/,ok,https://explorer.ooni.org/m/20260407105659.284666_KR_webconnectivity_f1fb21766c191086
http://ytimes.org/,ok,https://explorer.ooni.org/m/20260407105708.156695_KR_webconnectivity_20659dbc20472df7
https://safeabortionpills.org/,http-failure,https://explorer.ooni.org/m/20260407105710.640281_KR_webconnectivity_5f0688a6b6dff7a7
https://a.slack-edge.com/f70ec/img/test_cdn_pixel.gif,ok,https://explorer.ooni.org/m/20260407105712.980028_KR_webconnectivity_aed582d67d85a437
https://about.riot.im/,ok,https://explorer.ooni.org/m/20260407105728.325950_KR_webconnectivity_b3b6c27d927cb1d7
http://abpr2.railfan.net/,ok,https://explorer.ooni.org/m/20260407105739.176252_KR_webconnectivity_07799c074debadd2
https://account.proton.me/,ok,https://explorer.ooni.org/m/20260407105742.778741_KR_webconnectivity_408a8a4e1f84fda9
https://app.developer.here.com/coronavirus/,ok,https://explorer.ooni.org/m/20260407105746.960321_KR_webconnectivity_bedfcdee70b18f58
https://app.simplelogin.io/,ok,https://explorer.ooni.org/m/20260407105750.646670_KR_webconnectivity_9de6c7154a49593d
https://app.slack.com/robots.txt,ok,https://explorer.ooni.org/m/20260407105754.431262_KR_webconnectivity_a29cc1b39fbb9601
https://app.wire.com/,ok,https://explorer.ooni.org/m/20260407105758.424249_KR_webconnectivity_93cbc07e3e073ed6
https://archive.ph/,ok,https://explorer.ooni.org/m/20260407105805.288254_KR_webconnectivity_7d04f8f948b15b1b
https://avatars.mds.yandex.net/robots.txt,http-failure,https://explorer.ooni.org/m/20260407105827.193138_KR_webconnectivity_c5529637e4bfa593
http://bizLGU.com/,error,https://explorer.ooni.org/m/20260407105829.244323_KR_webconnectivity_85255585eaa6af2a
http://bizmessage.kakao.com/,ok,https://explorer.ooni.org/m/20260407105835.199445_KR_webconnectivity_fc5f8380cf5ea434
https://briarproject.org/,ok,https://explorer.ooni.org/m/20260407105838.685144_KR_webconnectivity_974bad6b43201351
http://bric.postech.ac.kr/,ok,https://explorer.ooni.org/m/20260407105854.403181_KR_webconnectivity_84d6f9515c11ad1d
http://cafe.daum.net/ahyoomee,ok,https://explorer.ooni.org/m/20260407105858.222081_KR_webconnectivity_45676f5c41fdcbd9
http://caramasia.gn.apc.org/,tcp_ip,https://explorer.ooni.org/m/20260407105944.930860_KR_webconnectivity_5c3705ee84178cce
https://censored.tv/,ok,https://explorer.ooni.org/m/20260407105955.842695_KR_webconnectivity_2bb88e2d30767ad4
https://chat-gpt.org/,ok,https://explorer.ooni.org/m/20260407110007.147349_KR_webconnectivity_0b93cedc1fa1dd2b
https://cid.contact/,ok,https://explorer.ooni.org/m/20260407110010.301408_KR_webconnectivity_54df6744bcddaead
https://cinemata.org/,ok,https://explorer.ooni.org/m/20260407110014.619305_KR_webconnectivity_b2d3fda4f398a466
https://circumcision.org/,ok,https://explorer.ooni.org/m/20260407110022.262592_KR_webconnectivity_48d6be524d6f18ae
https://covidtracking.com/,ok,https://explorer.ooni.org/m/20260407110033.939156_KR_webconnectivity_1428d0555e0da4b8
https://cwtch.im/,ok,https://explorer.ooni.org/m/20260407110042.223445_KR_webconnectivity_57329c5d0ec2b264
https://delta.chat/,ok,https://explorer.ooni.org/m/20260407110045.981676_KR_webconnectivity_4a6d1a86c3b2a06d
https://dl.acm.org/,ok,https://explorer.ooni.org/m/20260407110049.283318_KR_webconnectivity_13341d6d8835dff0
https://duckduckgo.com/,http-failure,https://explorer.ooni.org/m/20260407110111.156274_KR_webconnectivity_3b5d8e2db6191503
https://element.io/,ok,https://explorer.ooni.org/m/20260407110126.923872_KR_webconnectivity_4274df953058c71d
https://espiv.net/,ok,https://explorer.ooni.org/m/20260407110136.633710_KR_webconnectivity_b097b459c320cb58
https://evernote.com/,ok,https://explorer.ooni.org/m/20260407110152.570976_KR_webconnectivity_d53f9a0dd004bcee
https://external-content.duckduckgo.com/robots.txt,http-failure,https://explorer.ooni.org/m/20260407110214.445807_KR_webconnectivity_cdac1eb047b4e5b0
http://gall.dcinside.com/board/lists/?id=disease,ok,https://explorer.ooni.org/m/20260407110232.911370_KR_webconnectivity_95210783184ab22d
https://gemini.google.com/,ok,https://explorer.ooni.org/m/20260407110249.102565_KR_webconnectivity_7a71d687dbe493ab
https://getsession.org/,ok,https://explorer.ooni.org/m/20260407110257.720292_KR_webconnectivity_b10cf2f57b80290f
https://gisanddata.maps.arcgis.com/apps/dashboards/bda7594740fd40299423467b48e9ecf6,ok,https://explorer.ooni.org/m/20260407110301.059003_KR_webconnectivity_6efac67d5cdd5b68
http://giveu.net/,ok,https://explorer.ooni.org/m/20260407110317.222756_KR_webconnectivity_94e46551db7fd472
https://go-text.me/,ok,https://explorer.ooni.org/m/20260407110323.228813_KR_webconnectivity_de03f599c4afb477
https://icao.maps.arcgis.com/apps/opsdashboard/index.html#/977dde48256b489fb48fa98e724721e8,ok,https://explorer.ooni.org/m/20260407110332.938768_KR_webconnectivity_3ec53cbe61cd5852
https://icao.maps.arcgis.com/apps/webappviewer3d/index.html?id=d9d3f8fa9a23425c8f0889baab626186,ok,https://explorer.ooni.org/m/20260407110337.681251_KR_webconnectivity_3e65474f0f1bf6cf
https://icq.com/,ok,https://explorer.ooni.org/m/20260407110345.896257_KR_webconnectivity_f349a42b89a4fb3a
https://ifacetimeapp.com/,ok,https://explorer.ooni.org/m/20260407110356.988235_KR_webconnectivity_5973448a8fa5efa0
https://im0-tub-com.yandex.net/i?id=462f375c96139f1e41d919b44be2d780&n=13&exp=1,tcp_ip,https://explorer.ooni.org/m/20260407110458.017850_KR_webconnectivity_03f05147993da9ec
https://imageshack.com/,ok,https://explorer.ooni.org/m/20260407110502.499280_KR_webconnectivity_7e243f8528954244
https://imgur.com/,ok,https://explorer.ooni.org/m/20260407110507.748842_KR_webconnectivity_c8853e8283232646
https://imp.free.fr/,ok,https://explorer.ooni.org/m/20260407110515.670548_KR_webconnectivity_80c6e31e6955e18f
https://jami.net/,ok,https://explorer.ooni.org/m/20260407110529.015628_KR_webconnectivity_4b38a5f4b7473e65
https://kidshealth.org/,ok,https://explorer.ooni.org/m/20260407110538.130721_KR_webconnectivity_375c310cc24d9058
http://kr.yahoo.com/,ok,https://explorer.ooni.org/m/20260407110554.187443_KR_webconnectivity_0702f0abd4cc6518
https://lens.google.com/uploadbyurl?url=https%3A%2F%2Fwww.google.com%2Fimages%2Fbranding%2Fgooglelogo%2F1x%2Fgooglelogo_color_150x54dp.png&hl=en-US&ep=gisb,ok,https://explorer.ooni.org/m/20260407110612.008126_KR_webconnectivity_ecfb6c7a85bb7feb
http://lifeline.or.kr/,error,https://explorer.ooni.org/m/20260407110620.999474_KR_webconnectivity_a0c16fe34d012ed1
https://login.live.com/,ok,https://explorer.ooni.org/m/20260407110635.504006_KR_webconnectivity_b694d7ef5fd664ef
http://mail.daum.net/,ok,https://explorer.ooni.org/m/20260407110641.947017_KR_webconnectivity_51f1467ccbe04071
https://mail.google.com/,ok,https://explorer.ooni.org/m/20260407110656.552321_KR_webconnectivity_c6e516a5073a60a5
http://mail.naver.com/,ok,https://explorer.ooni.org/m/20260407110702.102812_KR_webconnectivity_aa39664551a4207f
https://mail.proton.me/,ok,https://explorer.ooni.org/m/20260407110706.625804_KR_webconnectivity_be19147eecac9a22
https://mail.ru/,ok,https://explorer.ooni.org/m/20260407110714.495294_KR_webconnectivity_7bacbd7231a3e55d
https://mail.yahoo.com/,ok,https://explorer.ooni.org/m/20260407110719.889813_KR_webconnectivity_cf92efc8ed0af4e1
https://media.fevn1-1.fna.whatsapp.net/robots.txt,ok,https://explorer.ooni.org/m/20260407110723.334600_KR_webconnectivity_e8ae6387d3b94660
https://messages.google.com/,ok,https://explorer.ooni.org/m/20260407110729.107196_KR_webconnectivity_be1ee4fb8081ad22
https://mmg.whatsapp.net/robots.txt,ok,https://explorer.ooni.org/m/20260407110731.147739_KR_webconnectivity_48389b5127efa9b8
https://mobile.element.io/,ok,https://explorer.ooni.org/m/20260407110733.061013_KR_webconnectivity_88e55249dd416d02
https://msh.org/,ok,https://explorer.ooni.org/m/20260407110743.530975_KR_webconnectivity_753d2bb3b865e998
https://mytrans.com.tw/,ok,https://explorer.ooni.org/m/20260407110746.366290_KR_webconnectivity_b63cddce0e0af562
https://nextstrain.org/ncov,ok,https://explorer.ooni.org/m/20260407110757.215778_KR_webconnectivity_42ffbf93ff035909
https://nostr.com/,ok,https://explorer.ooni.org/m/20260407110805.443375_KR_webconnectivity_b53c106074ff9507
https://obsproject.com/,ok,https://explorer.ooni.org/m/20260407110813.038765_KR_webconnectivity_c074134518fb7e68
https://opera.com/,ok,https://explorer.ooni.org/m/20260407110830.247480_KR_webconnectivity_76850c0c975b46c3
https://outlook.live.com/,ok,https://explorer.ooni.org/m/20260407110834.381440_KR_webconnectivity_120ec91f577d4f3f
https://photos.google.com/,ok,https://explorer.ooni.org/m/20260407110845.115690_KR_webconnectivity_9b8dd5314f8cb315
https://posteo.de/,ok,https://explorer.ooni.org/m/20260407110856.509791_KR_webconnectivity_1cf520ccb478c1cd
https://presearch.org/,ok,https://explorer.ooni.org/m/20260407110900.937545_KR_webconnectivity_5df9edaabdf8436d
https://rumble.com/,ok,https://explorer.ooni.org/m/20260407110913.643854_KR_webconnectivity_349e4c3318483393
https://search.aol.com/,ok,https://explorer.ooni.org/m/20260407110920.314693_KR_webconnectivity_3274194613553b51
https://search.brave.com/,ok,https://explorer.ooni.org/m/20260407110933.025486_KR_webconnectivity_663bafa05e24c1e5
https://secure.hi5.com/,ok,https://explorer.ooni.org/m/20260407110949.965892_KR_webconnectivity_b7d9530823e4de50
https://spideroak.com/,ok,https://explorer.ooni.org/m/20260407111003.788259_KR_webconnectivity_34a5e8403ac202dd
https://startpage.com/,ok,https://explorer.ooni.org/m/20260407111018.226001_KR_webconnectivity_edb1119e8734efc9
https://status.im/,ok,https://explorer.ooni.org/m/20260407111030.090477_KR_webconnectivity_0f2d66817720c3fb
https://storymaps.arcgis.com/,ok,https://explorer.ooni.org/m/20260407111038.681464_KR_webconnectivity_23d821df83000d7e
https://support.delta.chat/,ok,https://explorer.ooni.org/m/20260407111051.865140_KR_webconnectivity_c1553a186bc0a5e7
https://tamtam.chat/,ok,https://explorer.ooni.org/m/20260407111057.149544_KR_webconnectivity_62776e6855600c7e
http://tcafek.com/,confirmed,https://explorer.ooni.org/m/20260407111114.265622_KR_webconnectivity_00102572fb4490fa
https://teams.microsoft.com/,ok,https://explorer.ooni.org/m/20260407111131.560618_KR_webconnectivity_fbc7478f0f59df88
https://test-ipv6.com/,ok,https://explorer.ooni.org/m/20260407111137.117421_KR_webconnectivity_8ed44c0cbc46a2ad
https://th.bing.com/th/id/OIP.YnpdokcN_OQYn3n41AlqZAHaEe?w=250&h=180&c=7&o=5&pid=1.7,ok,https://explorer.ooni.org/m/20260407111144.605251_KR_webconnectivity_4ad7501db931215a
https://translate.google.com/,ok,https://explorer.ooni.org/m/20260407111159.759662_KR_webconnectivity_d38f146438112ede
https://translation2.paralink.com/,ok,https://explorer.ooni.org/m/20260407111206.156634_KR_webconnectivity_582ebe3c8655be97
https://transparencyreport.google.com/,ok,https://explorer.ooni.org/m/20260407111215.109217_KR_webconnectivity_e431fcbafae1036b
https://tuta.com/,ok,https://explorer.ooni.org/m/20260407111227.582472_KR_webconnectivity_da27a214092fd06d
http://tvcast.naver.com/,ok,https://explorer.ooni.org/m/20260407111237.386598_KR_webconnectivity_dc67e93b849482bb
https://tx.me/,ok,https://explorer.ooni.org/m/20260407111240.509583_KR_webconnectivity_041900c59c37642c
https://vector.im/_matrix/identity/api/v1,ok,https://explorer.ooni.org/m/20260407111242.190320_KR_webconnectivity_eca0dbe7c95afa56
https://video-preview.s3.yandex.net/robots.txt,http-failure,https://explorer.ooni.org/m/20260407111303.781924_KR_webconnectivity_b0414c80c0459796
https://web.wechat.com/,ok,https://explorer.ooni.org/m/20260407111316.247942_KR_webconnectivity_0ab7b65191b63f59
https://worldhealth.net/,ok,https://explorer.ooni.org/m/20260407111327.734326_KR_webconnectivity_429ff5c29456154c
http://www.aids.or.kr/,ok,https://explorer.ooni.org/m/20260407111332.330380_KR_webconnectivity_75be0dda89eee3e6
https://www.ananzi.co.za/,ok,https://explorer.ooni.org/m/20260407111337.434540_KR_webconnectivity_f55e49eddfe9c7f1
http://www.asiansexgazette.com/,http-diff,https://explorer.ooni.org/m/20260407111340.712426_KR_webconnectivity_18fb14435f57514b
http://www.asiansexgazette.com/asg/asian_health.htm,http-diff,https://explorer.ooni.org/m/20260407111343.787534_KR_webconnectivity_a9d9c16ec05c5175
https://www.baidu.com/,ok,https://explorer.ooni.org/m/20260407111356.342269_KR_webconnectivity_b7df72c3458ae729
https://www.bbm.com/,ok,https://explorer.ooni.org/m/20260407111412.753817_KR_webconnectivity_49b307fc0beb7403
https://www.bing.com/,ok,https://explorer.ooni.org/m/20260407111425.376212_KR_webconnectivity_3e5ea8f1024b6083
https://www.broadvoice.com/,ok,https://explorer.ooni.org/m/20260407111443.441075_KR_webconnectivity_3d968197ba75ec13
https://www.cdc.gov/,ok,https://explorer.ooni.org/m/20260407111450.260320_KR_webconnectivity_39a9036aedb0e235
http://www.cirp.org/,ok,https://explorer.ooni.org/m/20260407111454.925910_KR_webconnectivity_f71720a3b86a8cb2
http://www.dailymotion.com/kr,ok,https://explorer.ooni.org/m/20260407111505.837954_KR_webconnectivity_14e8bd6efe5a8994
http://www.daum.net/,ok,https://explorer.ooni.org/m/20260407111522.210451_KR_webconnectivity_5f32efee279e234d
https://www.doctorswithoutborders.org/,ok,https://explorer.ooni.org/m/20260407111535.485516_KR_webconnectivity_64b5bf3ab706e128
http://www.dogpile.com/,ok,https://explorer.ooni.org/m/20260407111537.255755_KR_webconnectivity_ddc5be6d3139455b
http://www.dreamwiz.com/,ok,https://explorer.ooni.org/m/20260407111558.144309_KR_webconnectivity_0e929b3202fe9dc9
https://www.ecdc.europa.eu/,ok,https://explorer.ooni.org/m/20260407111609.876439_KR_webconnectivity_4a7596019858edc5
https://www.engenderhealth.org/,ok,https://explorer.ooni.org/m/20260407111622.246144_KR_webconnectivity_33e1b48a18695319
http://www.euthanasia.cc/,ok,https://explorer.ooni.org/m/20260407111628.758458_KR_webconnectivity_d44069d9cf91d8e6
https://www.fotki.com/,ok,https://explorer.ooni.org/m/20260407111634.049305_KR_webconnectivity_ef777dc45a8430ee
http://www.fotolog.com/,ok,https://explorer.ooni.org/m/20260407111646.691521_KR_webconnectivity_36d9160211aab9c7
https://www.freepik.com/,ok,https://explorer.ooni.org/m/20260407111651.689830_KR_webconnectivity_56f327815f6dd846
https://www.gatesfoundation.org/,ok,https://explorer.ooni.org/m/20260407111704.780673_KR_webconnectivity_0577611132534920
http://www.getdrupe.com/,ok,https://explorer.ooni.org/m/20260407111714.029882_KR_webconnectivity_7ebeed800a3a22a7
https://www.google.co.kr/,ok,https://explorer.ooni.org/m/20260407111728.534038_KR_webconnectivity_f486fb71e87482ea
https://www.google.com/,ok,https://explorer.ooni.org/m/20260407111743.414631_KR_webconnectivity_aedf080ca336042e
https://www.health.com/,ok,https://explorer.ooni.org/m/20260407111745.577461_KR_webconnectivity_1a3bdcfdfa7d864a
https://www.healthmap.org/covid-19/,ok,https://explorer.ooni.org/m/20260407111749.501764_KR_webconnectivity_a5fbaa1cab5a43aa
https://www.hightail.com/,ok,https://explorer.ooni.org/m/20260407111754.556386_KR_webconnectivity_0e48af2c95d28b36
https://www.hotbot.com/,ok,https://explorer.ooni.org/m/20260407111807.245685_KR_webconnectivity_0981cf66bf0bbb21
https://www.hushmail.com/,ok,https://explorer.ooni.org/m/20260407111820.758076_KR_webconnectivity_2d5883169107e4f8
https://www.iconnecthere.com/,ok,https://explorer.ooni.org/m/20260407111825.899093_KR_webconnectivity_04aebbbf33dd47c2
http://www.implantinfo.com/,ok,https://explorer.ooni.org/m/20260407111839.994658_KR_webconnectivity_bcce6cdc21a4d321
http://www.inbox.com/,ok,https://explorer.ooni.org/m/20260407111849.276100_KR_webconnectivity_e320fcb0253a25d3
http://www.internet-phone.co.kr/,tcp_ip,https://explorer.ooni.org/m/20260407111936.411404_KR_webconnectivity_47d3236db2fc030c
http://www.isscr.org/,ok,https://explorer.ooni.org/m/20260407111947.221141_KR_webconnectivity_a4a0a8b3fe95ce51
https://www.jabber.ru/,ok,https://explorer.ooni.org/m/20260407111953.612052_KR_webconnectivity_8527025535526594
http://www.kakao.com/services/8,ok,https://explorer.ooni.org/m/20260407112007.303593_KR_webconnectivity_0822a5a4cae77c8b
http://www.keptprivate.com/,ok,https://explorer.ooni.org/m/20260407112009.297430_KR_webconnectivity_d9d1264b1203ab7d
https://www.kff.org/,ok,https://explorer.ooni.org/m/20260407112023.180912_KR_webconnectivity_ae1d1d07b7ce2e19
http://www.kftel.com/,ok,https://explorer.ooni.org/m/20260407112027.455756_KR_webconnectivity_bae959ce35b5f62a
https://www.last.fm/,ok,https://explorer.ooni.org/m/20260407112040.497206_KR_webconnectivity_412d269b51e7a638
http://www.lingo.com/,http-failure,https://explorer.ooni.org/m/20260407112045.436974_KR_webconnectivity_e01e3c4868a8ece1
http://www.linphone.org/,ok,https://explorer.ooni.org/m/20260407112100.436064_KR_webconnectivity_1b0d90f8b04e63a7
http://www.love4one.com/,ok,https://explorer.ooni.org/m/20260407112113.035604_KR_webconnectivity_0a1d3d86af0da94f
http://www.lycos.com/,ok,https://explorer.ooni.org/m/20260407112116.743562_KR_webconnectivity_55d71542271d7c4d
http://www.magicjack.com/,ok,https://explorer.ooni.org/m/20260407112125.430331_KR_webconnectivity_fa833b4331e731a6
https://www.mail.com/,ok,https://explorer.ooni.org/m/20260407112139.756667_KR_webconnectivity_d29f15fab98837a7
http://www.mail.lycos.com/,ok,https://explorer.ooni.org/m/20260407112151.427079_KR_webconnectivity_f84d49614da62c40
http://www.mail2web.com/,ok,https://explorer.ooni.org/m/20260407112201.667172_KR_webconnectivity_80474b9252652a04
http://www.mailinator.com/,ok,https://explorer.ooni.org/m/20260407112212.180960_KR_webconnectivity_aabd48bb4b73cbb5
https://www.mamma.com/,ok,https://explorer.ooni.org/m/20260407112226.960303_KR_webconnectivity_b99748f75709822b
https://www.mariestopes.org.uk/,ok,https://explorer.ooni.org/m/20260407112238.895519_KR_webconnectivity_e4a68ae6eb4ea211
http://www.medecinsdumonde.org/,ok,https://explorer.ooni.org/m/20260407112256.099825_KR_webconnectivity_fc490522b32073f0
https://www.mediafire.com/,ok,https://explorer.ooni.org/m/20260407112303.576044_KR_webconnectivity_542cbadab9c52451
http://www.medicinenet.com/,ok,https://explorer.ooni.org/m/20260407112316.598198_KR_webconnectivity_39c0bfba6985505e
http://www.mersjido.com/,ok,https://explorer.ooni.org/m/20260407112318.829869_KR_webconnectivity_ea651cc468466fd5
https://www.messenger.com/,ok,https://explorer.ooni.org/m/20260407112331.275887_KR_webconnectivity_ad3e0230fd588f31
http://www.metacrawler.com/,dns,https://explorer.ooni.org/m/20260407112337.180121_KR_webconnectivity_3513dc6f207f0a9e
https://www.microsoft.com/,ok,https://explorer.ooni.org/m/20260407112350.890012_KR_webconnectivity_ad1063c67b94e0e7
http://www.microsofttranslator.com/,ok,https://explorer.ooni.org/m/20260407112400.524872_KR_webconnectivity_2557a09edc456670
https://www.mojeek.com/,ok,https://explorer.ooni.org/m/20260407112403.722142_KR_webconnectivity_a6c43ba7d784ec31
http://www.moohan.net/,http-diff,https://explorer.ooni.org/m/20260407112407.859850_KR_webconnectivity_0a8e06e4f77611bf
https://www.msf.org/,ok,https://explorer.ooni.org/m/20260407112410.037235_KR_webconnectivity_3c6e95c8f30bffdf
https://www.msn.com/,ok,https://explorer.ooni.org/m/20260407112420.078132_KR_webconnectivity_b23606735eb80b74
http://www.munjanara.co.kr/,error,https://explorer.ooni.org/m/20260407112441.392101_KR_webconnectivity_55f514fe63f33ede
http://www.naver.com/,ok,https://explorer.ooni.org/m/20260407112453.195640_KR_webconnectivity_65f432ba75871ede
http://www.netaddress.com/,ok,https://explorer.ooni.org/m/20260407112458.629271_KR_webconnectivity_01d0b1ca032375bd
https://www.netaddress.com/,ok,https://explorer.ooni.org/m/20260407112503.430127_KR_webconnectivity_a54576575b4a5f37
https://www.netflix.com/,ok,https://explorer.ooni.org/m/20260407112519.306250_KR_webconnectivity_9fe72af57e40a777
http://www.nicesms.co.kr/,ok,https://explorer.ooni.org/m/20260407112523.858515_KR_webconnectivity_263430dca9cfd6f3
http://www.olleh-kt.kr/,ok,https://explorer.ooni.org/m/20260407112527.464879_KR_webconnectivity_6d3df215894837bc
http://www.online-translator.com/,ok,https://explorer.ooni.org/m/20260407112538.038525_KR_webconnectivity_85d62d16722d1584
http://www.oovoo.com/,ok,https://explorer.ooni.org/m/20260407112549.668919_KR_webconnectivity_9bd4a33f7492efe6
https://www.openstreetmap.org/,ok,https://explorer.ooni.org/m/20260407112554.884011_KR_webconnectivity_17c2e6e95afbd878
http://www.orgio.com/,ok,https://explorer.ooni.org/m/20260407112558.747191_KR_webconnectivity_9bd3df362fbe6510
http://www.paltalk.com/,ok,https://explorer.ooni.org/m/20260407112602.474945_KR_webconnectivity_72189cf5e0bbd686
http://www.pandora.com/,ok,https://explorer.ooni.org/m/20260407112607.601837_KR_webconnectivity_f5a656b9567cbcf9
https://www.perplexity.ai/,ok,https://explorer.ooni.org/m/20260407112611.755871_KR_webconnectivity_0451b37f4c9f1fa5
https://www.pinterest.com/,ok,https://explorer.ooni.org/m/20260407112623.443823_KR_webconnectivity_54df231a10b0debe
https://www.postmaster.co.uk/,ok,https://explorer.ooni.org/m/20260407112627.482982_KR_webconnectivity_af1fe4c623d11076
http://www.ppurio.com/,ok,https://explorer.ooni.org/m/20260407112643.272648_KR_webconnectivity_cf723c35815cf505
https://www.projectbaseline.com/studies/covid-research/,ok,https://explorer.ooni.org/m/20260407112653.310358_KR_webconnectivity_062650fbac4a2b9f
https://www.proton.me/,ok,https://explorer.ooni.org/m/20260407112711.298406_KR_webconnectivity_cd7ce6fb9256f00e
https://www.rki.de/,ok,https://explorer.ooni.org/m/20260407112734.571307_KR_webconnectivity_4bf881e7ba13e584
https://www.search.com/,ok,https://explorer.ooni.org/m/20260407112747.459517_KR_webconnectivity_46fe5bcc118e10bf
http://www.searchindia.com/,ok,https://explorer.ooni.org/m/20260407112759.056781_KR_webconnectivity_3317c0ef3ff07804
http://www.securenym.net/,ok,https://explorer.ooni.org/m/20260407112802.223857_KR_webconnectivity_ce00a568855d5dac
https://www.sendthisfile.com/,ok,https://explorer.ooni.org/m/20260407112813.688645_KR_webconnectivity_dbbc2fa08282eb5f
http://www.shinbiro.com/,tcp_ip,https://explorer.ooni.org/m/20260407112859.889873_KR_webconnectivity_88755e32cb852f91
http://www.sina.com.cn/,ok,https://explorer.ooni.org/m/20260407112910.865887_KR_webconnectivity_c6af4e0366f4668c
https://www.skype.com/,ok,https://explorer.ooni.org/m/20260407112915.320496_KR_webconnectivity_638885da241e02a6
http://www.skysms.co.kr/,ok,https://explorer.ooni.org/m/20260407112917.683174_KR_webconnectivity_0dd30a422028fdfe
http://www.slideshare.net/,ok,https://explorer.ooni.org/m/20260407112929.984391_KR_webconnectivity_dcc81f0ff926182d
https://www.startmail.com/,ok,https://explorer.ooni.org/m/20260407112944.116039_KR_webconnectivity_a5f03ab898e9d41e
https://www.subscribestar.com/,ok,https://explorer.ooni.org/m/20260407112954.557109_KR_webconnectivity_5d5509b5e36e5627
http://www.talkyou.me/,ok,https://explorer.ooni.org/m/20260407112959.301451_KR_webconnectivity_bd60fd8bb2ed401d
http://www.tango.me/,ok,https://explorer.ooni.org/m/20260407113003.241633_KR_webconnectivity_49ed9ae705f2d4d6
https://www.tawk.to/,error,https://explorer.ooni.org/m/20260407113019.739910_KR_webconnectivity_f7c5ad7f64fcd5b2
https://www.ted.com/,error,https://explorer.ooni.org/m/20260407113035.814992_KR_webconnectivity_a57c688a99818f0f
https://www.textra.me/,error,https://explorer.ooni.org/m/20260407113057.947375_KR_webconnectivity_c5700f9189dd0a6c
https://www.theglobalfund.org/,ok,https://explorer.ooni.org/m/20260407113105.809873_KR_webconnectivity_17c7864de35fb44c
http://www.tialsoft.com/download/,ok,https://explorer.ooni.org/m/20260407113110.501634_KR_webconnectivity_3680e041d9d7f7d5
http://www.tialsoft.com/multitranse/,ok,https://explorer.ooni.org/m/20260407113129.173518_KR_webconnectivity_c1a5795491bbc16e
https://www.transferbigfiles.com/,ok,https://explorer.ooni.org/m/20260407113132.996709_KR_webconnectivity_1390dec6079a8871
http://www.translate.ru/,ok,https://explorer.ooni.org/m/20260407113142.348321_KR_webconnectivity_d213cd8689917bdf
http://www.transwhiz.com/,ok,https://explorer.ooni.org/m/20260407113146.681099_KR_webconnectivity_e12af2345f7df8d6
https://www.truecaller.com/,ok,https://explorer.ooni.org/m/20260407113156.519801_KR_webconnectivity_0c93c878b1354462
https://www.unaids.org/,ok,https://explorer.ooni.org/m/20260407113211.381155_KR_webconnectivity_512668f8964bc17e
http://www.vtv.co.kr/,ok,https://explorer.ooni.org/m/20260407113215.187441_KR_webconnectivity_30f7f112bdafd919
https://www.vyke.com/,ok,https://explorer.ooni.org/m/20260407113227.806952_KR_webconnectivity_27e812ded91f5598
http://www.wevo.co.kr/,error,https://explorer.ooni.org/m/20260407113243.954026_KR_webconnectivity_f1bf8f0778ab0f9d
http://www.whitepages.com/,ok,https://explorer.ooni.org/m/20260407113250.635237_KR_webconnectivity_50b2c134a37aefcb
https://www.who.int/,ok,https://explorer.ooni.org/m/20260407113303.196105_KR_webconnectivity_b85918d9dd190518
https://www.worldometers.info/coronavirus/,ok,https://explorer.ooni.org/m/20260407113310.622481_KR_webconnectivity_6559b10f3c55e67b
http://www.yahoo.co.kr/,ok,https://explorer.ooni.org/m/20260407113327.315951_KR_webconnectivity_037fb6959ce47620
https://www.yahoo.com/,ok,https://explorer.ooni.org/m/20260407113338.626137_KR_webconnectivity_6283ab484ccf1c4a
https://yandex.com/,http-failure,https://explorer.ooni.org/m/20260407113401.331293_KR_webconnectivity_108f50e0da20732e
https://yandexwebcache.net/robots.txt,ok,https://explorer.ooni.org/m/20260407113406.126982_KR_webconnectivity_f957dc7dbb8c274c
https://zoom.us/,ok,https://explorer.ooni.org/m/20260407113416.862367_KR_webconnectivity_7b5530eec11011d0
https://1.0.0.1/dns-query?dns=q80BAAABAAAAAAAAA3d3dwdleGFtcGxlA2NvbQAAAQAB,ok,https://explorer.ooni.org/m/20260407113417.703954_KR_webconnectivity_67d0c52e10e192a7
https://1.1.1.1/dns-query?dns=q80BAAABAAAAAAAAA3d3dwdleGFtcGxlA2NvbQAAAQAB,tcp_ip,https://explorer.ooni.org/m/20260407113448.495721_KR_webconnectivity_910d1cdb829bbdf7
https://1.1.1.3/dns-query?dns=q80BAAABAAAAAAAAA3d3dwdleGFtcGxlA2NvbQAAAQAB,tcp_ip,https://explorer.ooni.org/m/20260407113519.199900_KR_webconnectivity_ac69127c01aee03b
https://149.112.112.9/dns-query?dns=q80BAAABAAAAAAAAA3d3dwdleGFtcGxlA2NvbQAAAQAB,ok,https://explorer.ooni.org/m/20260407113520.248396_KR_webconnectivity_13893cd54d4119dd
https://350.org/,ok,https://explorer.ooni.org/m/20260407113531.049297_KR_webconnectivity_c5d7650908c8f7f2
https://8.8.4.4/dns-query?dns=q80BAAABAAAAAAAAA3d3dwdleGFtcGxlA2NvbQAAAQAB,ok,https://explorer.ooni.org/m/20260407113532.879861_KR_webconnectivity_93cab8aa0274bb52
https://8.8.8.8/dns-query?dns=q80BAAABAAAAAAAAA3d3dwdleGFtcGxlA2NvbQAAAQAB,ok,https://explorer.ooni.org/m/20260407113534.285368_KR_webconnectivity_64b2abbed4f51ab6
https://8kun.top/,http-diff,https://explorer.ooni.org/m/20260407113537.233573_KR_webconnectivity_0d1c7125061a82a3
https://abortion-korea.org/,http-failure,https://explorer.ooni.org/m/20260407113539.847982_KR_webconnectivity_d14847c7301367dc
https://abortion.eu/,ok,https://explorer.ooni.org/m/20260407113551.622638_KR_webconnectivity_c9b2159a5fae0fed
https://abortion.kr/,http-failure,https://explorer.ooni.org/m/20260407113554.831259_KR_webconnectivity_d509e50cf219a7da
https://abortionfunds.org/,ok,https://explorer.ooni.org/m/20260407113609.414050_KR_webconnectivity_32a2d44deee84edd
https://abortionnetwork.amsterdam/,error,https://explorer.ooni.org/m/20260407113612.018888_KR_webconnectivity_9d964f2c9a1de325
https://abortionpillinfo.org/,ok,https://explorer.ooni.org/m/20260407113619.885147_KR_webconnectivity_19626f2d320ea0dc
https://aidaccess.org/,ok,https://explorer.ooni.org/m/20260407113626.615017_KR_webconnectivity_a9502a223878e17f
https://ajax.aspnetcdn.com/ajax/4.5.2/1/MicrosoftAjax.js,ok,https://explorer.ooni.org/m/20260407113635.882751_KR_webconnectivity_a8d373bca95d7b0e
https://amp.cloudflare.com/v0/amp-iframe-0.1.js,ok,https://explorer.ooni.org/m/20260407113637.956302_KR_webconnectivity_0ef2765dc42214de
https://android.apis.google.com/robots.txt,ok,https://explorer.ooni.org/m/20260407113643.383641_KR_webconnectivity_a7e6ef202fa6cce1
https://android.googleapis.com/robots.txt,ok,https://explorer.ooni.org/m/20260407113648.901486_KR_webconnectivity_96c1a66532011ab1
https://api.github.com/,ok,https://explorer.ooni.org/m/20260407113651.681977_KR_webconnectivity_c3eb55470d3bc78c
https://apps.apple.com/us/developer/apple/id284417353/,ok,https://explorer.ooni.org/m/20260407113709.417534_KR_webconnectivity_29bb40f51daa1874
https://archive.is/,ok,https://explorer.ooni.org/m/20260407113716.633452_KR_webconnectivity_7947908331eb9a74
https://archive.org/,ok,https://explorer.ooni.org/m/20260407113719.146133_KR_webconnectivity_43bb020c66951d87
http://bestiz.net/,ok,https://explorer.ooni.org/m/20260407113721.845671_KR_webconnectivity_10ac8aec7b89e632
https://bit.ly/,ok,https://explorer.ooni.org/m/20260407113734.093783_KR_webconnectivity_dc28d6e4e1846272
https://bitbucket.org/,ok,https://explorer.ooni.org/m/20260407113747.447554_KR_webconnectivity_9b8e3691cbc687d3
https://bitly.com/,ok,https://explorer.ooni.org/m/20260407113759.942217_KR_webconnectivity_e46427b41f788d85
http://blog.naver.com/,ok,https://explorer.ooni.org/m/20260407113806.453096_KR_webconnectivity_4128734db132445c
http://cafe.daum.net/Kgreens,ok,https://explorer.ooni.org/m/20260407113810.069857_KR_webconnectivity_cd220b12b93e6218
http://cafe.daum.net/chiwoo/,ok,https://explorer.ooni.org/m/20260407113813.925904_KR_webconnectivity_a623746a68c67f21
http://cafe.daum.net/ok1221,ok,https://explorer.ooni.org/m/20260407113817.437798_KR_webconnectivity_6ae54774b2ee65c8
http://cafe.daum.net/ssaumjil,ok,https://explorer.ooni.org/m/20260407113820.064324_KR_webconnectivity_ce1b06769fe87971
http://cafe.daum.net/subdued20club/,ok,https://explorer.ooni.org/m/20260407113823.068542_KR_webconnectivity_601076993f24260f
http://cafe.daum.net/truepicture/,ok,https://explorer.ooni.org/m/20260407113826.842365_KR_webconnectivity_26dca13dcf905f74
http://cafe.naver.com/imsanbu,ok,https://explorer.ooni.org/m/20260407113844.750935_KR_webconnectivity_23de6c4b55a52a13
https://cdn-client.medium.com/lite/static/js/manifest.ef5f44d2.js,ok,https://explorer.ooni.org/m/20260407113847.255145_KR_webconnectivity_903bce4395c32b4a
https://cdn.ampproject.org/v0/amp-iframe-0.1.js,ok,https://explorer.ooni.org/m/20260407113852.139176_KR_webconnectivity_967908760f862786
https://cdn.jsdelivr.net/favicon.ico,ok,https://explorer.ooni.org/m/20260407113855.482537_KR_webconnectivity_ef8504aa66bbd7ad
https://cdn.sstatic.net/Img/home/open-source.svg,ok,https://explorer.ooni.org/m/20260407113856.862041_KR_webconnectivity_fdc001d8fbe671b6
https://cdnjs.cloudflare.com/,ok,https://explorer.ooni.org/m/20260407113858.928427_KR_webconnectivity_d4d45cc243c42d9e
https://churchofgodinchristmennonite.net/,ok,https://explorer.ooni.org/m/20260407113901.947578_KR_webconnectivity_d8a8216e9436d7cc
https://cites.org/,ok,https://explorer.ooni.org/m/20260407113905.161427_KR_webconnectivity_3ef2dc146c61fa36
https://citizensclimatelobby.org/,ok,https://explorer.ooni.org/m/20260407113915.270362_KR_webconnectivity_8496aa4a24d74693
http://cloud.naver.com/,ok,https://explorer.ooni.org/m/20260407113920.725105_KR_webconnectivity_28f5ae62f15c13f7
https://cloudflare-dns.com/dns-query?dns=q80BAAABAAAAAAAAA3d3dwdleGFtcGxlA2NvbQAAAQAB,tcp_ip,https://explorer.ooni.org/m/20260407113921.898438_KR_webconnectivity_1a08754c6731bb4d
https://cloudflare-ech.com/,ok,https://explorer.ooni.org/m/20260407113930.759018_KR_webconnectivity_7fb9db84b73706d1
http://clparty.kr/,ok,https://explorer.ooni.org/m/20260407113933.752332_KR_webconnectivity_73b9793c24faf413
https://code.jquery.com/,ok,https://explorer.ooni.org/m/20260407113941.725777_KR_webconnectivity_ece3991f0b6eee42
https://codeberg.org/,ok,https://explorer.ooni.org/m/20260407113946.612688_KR_webconnectivity_815a673cce24878d
https://codeload.github.com/github/rally/tar.gz/v1.0.1,ok,https://explorer.ooni.org/m/20260407113959.092677_KR_webconnectivity_b3205bc34e976b99
http://cyworld.nate.com/,ok,https://explorer.ooni.org/m/20260407114000.455996_KR_webconnectivity_18eac2fabdac3f16
https://data.worldbank.org/topic/environment,ok,https://explorer.ooni.org/m/20260407114011.113136_KR_webconnectivity_142ad7f27223f0eb
http://debate.org.uk/,ok,https://explorer.ooni.org/m/20260407114019.727951_KR_webconnectivity_fd7072e332df3a5f
https://dharmanet.org/,ok,https://explorer.ooni.org/m/20260407114035.364714_KR_webconnectivity_3275b2d6b007b564
https://digital.globalclimatestrike.net/,ok,https://explorer.ooni.org/m/20260407114044.703965_KR_webconnectivity_7dd9bada529fdfb5
https://dl.bintray.com/jfrog/xray/,ok,https://explorer.ooni.org/m/20260407114055.040453_KR_webconnectivity_adabf801a8d78444
https://dl.google.com/robots.txt,ok,https://explorer.ooni.org/m/20260407114058.625496_KR_webconnectivity_3ae82cba79337876
https://dlive.tv/,ok,https://explorer.ooni.org/m/20260407114104.312043_KR_webconnectivity_8de8601a2f9c2d0f
https://dns.google/,ok,https://explorer.ooni.org/m/20260407114106.409146_KR_webconnectivity_b88fc2c089c8b312
https://dns.quad9.net/dns-query?dns=q80BAAABAAAAAAAAA3d3dwdleGFtcGxlA2NvbQAAAQAB,tcp_ip,https://explorer.ooni.org/m/20260407114107.283800_KR_webconnectivity_e76d51f17a78f6b7
https://docs.github.com/,ok,https://explorer.ooni.org/m/20260407114120.184626_KR_webconnectivity_59a54f15ec3713c0
https://doh-fi.blahdns.com/dns-query?dns=q80BAAABAAAAAAAAA3d3dwdleGFtcGxlA2NvbQAAAQAB,dns,https://explorer.ooni.org/m/20260407114120.950179_KR_webconnectivity_414728999f0d41dd
https://doh.dns.sb/dns-query?dns=q80BAAABAAAAAAAAA3d3dwdleGFtcGxlA2NvbQAAAQAB,dns,https://explorer.ooni.org/m/20260407114136.947871_KR_webconnectivity_cf5b9c49ea7a70d1
https://download-installer.cdn.mozilla.net/,ok,https://explorer.ooni.org/m/20260407114138.967452_KR_webconnectivity_bd71abf41bc14106
https://dzen.ru/,http-failure,https://explorer.ooni.org/m/20260407114221.629054_KR_webconnectivity_7e8a07fb63f98fe2
https://earthobservatory.nasa.gov/global-maps,ok,https://explorer.ooni.org/m/20260407114234.781528_KR_webconnectivity_c0972545f8e832b9
https://earthwatch.org/,ok,https://explorer.ooni.org/m/20260407114240.667869_KR_webconnectivity_d4dcc889391822f5
https://emchurch.org/,ok,https://explorer.ooni.org/m/20260407114244.653591_KR_webconnectivity_74b3960cd2e927d6
https://espivblogs.net/,ok,https://explorer.ooni.org/m/20260407114257.238861_KR_webconnectivity_6f0536c7f938eeb3
https://family.cloudflare-dns.com/dns-query?dns=q80BAAABAAAAAAAAA3d3dwdleGFtcGxlA2NvbQAAAQAB,ok,https://explorer.ooni.org/m/20260407114314.605944_KR_webconnectivity_2b227fa1d8b20ba1
https://fcm.googleapis.com/$discovery/rest?version=v1,ok,https://explorer.ooni.org/m/20260407114319.784244_KR_webconnectivity_480f8da421a827b6
https://findmymethod.org/,ok,https://explorer.ooni.org/m/20260407114328.188647_KR_webconnectivity_7daea7c5d7e990e1
https://firebaseinstallations.googleapis.com/robots.txt,ok,https://explorer.ooni.org/m/20260407114334.255158_KR_webconnectivity_fbc58e7a3101f65a
https://fosfeminista.org/,ok,https://explorer.ooni.org/m/20260407114336.948503_KR_webconnectivity_be33f324c469000d
https://freedns.afraid.org/,ok,https://explorer.ooni.org/m/20260407114341.846253_KR_webconnectivity_60b2ee77e529c7ed
https://fridaysforfuture.org/,ok,https://explorer.ooni.org/m/20260407114357.589337_KR_webconnectivity_ced152f112ba1d97
https://friendsoftheearth.uk/,ok,https://explorer.ooni.org/m/20260407114404.829468_KR_webconnectivity_afd3e61f3bc86812
https://frontlineaids.org/,ok,https://explorer.ooni.org/m/20260407114419.420366_KR_webconnectivity_b3252827d5e2e3b4
https://gaggaalliance.org/,ok,https://explorer.ooni.org/m/20260407114430.407581_KR_webconnectivity_3c0b144fadbf1731
http://gall.dcinside.com/,ok,https://explorer.ooni.org/m/20260407114446.928865_KR_webconnectivity_86f1ce53cdf2ee85
http://gesomoon.com/Ver2/,ok,https://explorer.ooni.org/m/20260407114449.429311_KR_webconnectivity_45b5aba5b6ffb7c3
https://ghost.org/,ok,https://explorer.ooni.org/m/20260407114500.378622_KR_webconnectivity_e44d1d7205554e74
https://gist.github.com/,ok,https://explorer.ooni.org/m/20260407114511.655904_KR_webconnectivity_ac4f737f8e0a2cb8
https://git.io/,ok,https://explorer.ooni.org/m/20260407114514.725258_KR_webconnectivity_8baa8500016cd178
https://github.com/,ok,https://explorer.ooni.org/m/20260407114528.719786_KR_webconnectivity_5df0c0085f7b7d5e
https://github.com/twbs/bootstrap/releases/download/v4.5.3/bootstrap-4.5.3-examples.zip,ok,https://explorer.ooni.org/m/20260407114544.097964_KR_webconnectivity_ca49f668459c2cca
https://github.githubassets.com/images/modules/open_graph/github-logo.png,ok,https://explorer.ooni.org/m/20260407114549.402281_KR_webconnectivity_bfb1851f4ed3389b
https://globalconservation.org/,ok,https://explorer.ooni.org/m/20260407114605.074774_KR_webconnectivity_ecc61675d6964cc4
https://goaskalice.columbia.edu/,ok,https://explorer.ooni.org/m/20260407114615.680245_KR_webconnectivity_9eea4d29627afa12
https://greenhost.net/,ok,https://explorer.ooni.org/m/20260407114621.545258_KR_webconnectivity_bf8bf9a49db3ec98
https://i.ytimg.com/vi/JBRf3nEqfZ8/hq720.jpg,ok,https://explorer.ooni.org/m/20260407114626.509483_KR_webconnectivity_76eb65c1d02c3109
https://iarf.net/,ok,https://explorer.ooni.org/m/20260407114640.816248_KR_webconnectivity_6df0e5a8f18e1291
https://impactlab.org/,ok,https://explorer.ooni.org/m/20260407114652.718082_KR_webconnectivity_0abd4b2798d1ee43
https://isaalmasih.net/,ok,https://explorer.ooni.org/m/20260407114656.413399_KR_webconnectivity_c1b2defad7ccbb35
https://islamic-relief.org/,ok,https://explorer.ooni.org/m/20260407114708.919662_KR_webconnectivity_033c3f1f96135216
https://islamonline.net/,ok,https://explorer.ooni.org/m/20260407114720.036885_KR_webconnectivity_c460c6b10572e329
https://jainworld.com/,ok,https://explorer.ooni.org/m/20260407114731.590667_KR_webconnectivity_c1fd1623b62a8a34
https://joturl.com/,ok,https://explorer.ooni.org/m/20260407114736.360384_KR_webconnectivity_edfa6e325f55e2a6
https://krishna.com/,ok,https://explorer.ooni.org/m/20260407114744.210962_KR_webconnectivity_5cf297028d491568
https://letsencrypt.org/,ok,https://explorer.ooni.org/m/20260407114751.563761_KR_webconnectivity_8add0f8c74a7ee23
https://lh3.ggpht.com/_mm3cDcdhxkc/SzkPLt_zDUI/AAAAAAAAAZM/UplZlTSCVQc/s800/DSC_5305.jpg,ok,https://explorer.ooni.org/m/20260407114804.839200_KR_webconnectivity_c768ffc7d532dcb7
https://lh3.googleusercontent.com/favicon.ico,ok,https://explorer.ooni.org/m/20260407114807.834125_KR_webconnectivity_6eb1f5246da2aab0
https://lh4.ggpht.com/_PvLDsC2pRvk/ShwiscZujVI/AAAAAAAAFIQ/4q-TYiQ13-k/s512/DSC01330.jpg,ok,https://explorer.ooni.org/m/20260407114818.397918_KR_webconnectivity_ef3caabb94a1ce75
https://media0.giphy.com/robots.txt,ok,https://explorer.ooni.org/m/20260407114821.010812_KR_webconnectivity_c456f8a619ac1577
https://media3.giphy.com/robots.txt,ok,https://explorer.ooni.org/m/20260407114823.581875_KR_webconnectivity_968733bb8a2b6c4d
https://medium.com/,ok,https://explorer.ooni.org/m/20260407114827.339732_KR_webconnectivity_8a3230cbfdfd45cc
https://miro.medium.com/robots.txt,ok,https://explorer.ooni.org/m/20260407114830.411810_KR_webconnectivity_628d7d9647a77215
http://mlbpark.donga.com/,ok,https://explorer.ooni.org/m/20260407114841.431319_KR_webconnectivity_c39e96de61763c8e
https://moodle.com/,ok,https://explorer.ooni.org/m/20260407114852.016500_KR_webconnectivity_73324a00ed123e5f
https://movabletype.com/,ok,https://explorer.ooni.org/m/20260407114858.270387_KR_webconnectivity_9975f3ffbcecd63a
https://myabortionstory.tumblr.com/,ok,https://explorer.ooni.org/m/20260407114911.419488_KR_webconnectivity_1a40439e18ae0136
https://nazarene.org/,ok,https://explorer.ooni.org/m/20260407114926.549537_KR_webconnectivity_097a606aa4076c46
http://ndrive.naver.com/,ok,https://explorer.ooni.org/m/20260407114930.778413_KR_webconnectivity_c85fa86469a6c504
https://noblogs.org/,ok,https://explorer.ooni.org/m/20260407114940.040001_KR_webconnectivity_0eb8fa87c3c41805
https://notifications-pa.googleapis.com/robots.txt,ok,https://explorer.ooni.org/m/20260407114945.096756_KR_webconnectivity_88ef6666d9df816f
https://oceanconservancy.org/,ok,https://explorer.ooni.org/m/20260407114956.236150_KR_webconnectivity_ff3108cbaded566a
https://ooni.github.io/,ok,https://explorer.ooni.org/m/20260407115001.773007_KR_webconnectivity_3f83c5eba5569737
https://ow.ly/,ok,https://explorer.ooni.org/m/20260407115006.157336_KR_webconnectivity_03702e44da8f49ca
https://pastebin.com/,ok,https://explorer.ooni.org/m/20260407115014.320737_KR_webconnectivity_8b816b6e4d5de80d
http://peta.xxx/,http-diff,https://explorer.ooni.org/m/20260407115016.461995_KR_webconnectivity_d6dc7ecf984691c5
https://pingomatic.com/,ok,https://explorer.ooni.org/m/20260407115019.436279_KR_webconnectivity_e4bbf554692e0f6f
https://play-lh.googleusercontent.com/SZ7vNaa9txw_JsYsiOOP4_4fOaKfJVMQ-_aM10MW7x93IPDYoqdIkHSw-ffCgBABFSM=s256-rw,ok,https://explorer.ooni.org/m/20260407115023.992581_KR_webconnectivity_aa469c32712255a1
https://play.google.com/,ok,https://explorer.ooni.org/m/20260407115038.002306_KR_webconnectivity_5691025a66147392
https://play.googleapis.com/robots.txt,ok,https://explorer.ooni.org/m/20260407115040.788390_KR_webconnectivity_8aeef8d58570a844
https://private.canadianshield.cira.ca/dns-query?dns=q80BAAABAAAAAAAAA3d3dwdleGFtcGxlA2NvbQAAAQAB,ok,https://explorer.ooni.org/m/20260407115043.582880_KR_webconnectivity_ec710610accbd6a3
https://prolife.com/,ok,https://explorer.ooni.org/m/20260407115054.120890_KR_webconnectivity_38219173b7d9d783
https://prq.se/,ok,https://explorer.ooni.org/m/20260407115102.361777_KR_webconnectivity_b5a05e0f0699a39c
https://quran.com/,ok,https://explorer.ooni.org/m/20260407115112.384881_KR_webconnectivity_b9990e22ef13acef
https://raw.githubusercontent.com/ooni/spec/master/README.md,ok,https://explorer.ooni.org/m/20260407115116.667272_KR_webconnectivity_475893ea7c0824f0
https://rebellion.global/,ok,https://explorer.ooni.org/m/20260407115124.508573_KR_webconnectivity_16067e87731223ab
https://redapes.org/,ok,https://explorer.ooni.org/m/20260407115137.164115_KR_webconnectivity_cd88cc9ea2ac5da7
https://replug.io/,ok,https://explorer.ooni.org/m/20260407115147.150950_KR_webconnectivity_a76911a2fb3e6f0b
http://ruliweb.daum.net/,ok,https://explorer.ooni.org/m/20260407115201.218157_KR_webconnectivity_7c9bdd91a2bcd2a3
https://rutube.ru/,ok,https://explorer.ooni.org/m/20260407115216.560392_KR_webconnectivity_c912b2a7d455f0ba
https://safe2choose.org/,ok,https://explorer.ooni.org/m/20260407115229.393677_KR_webconnectivity_bdaf7065783673c5
http://sex.clinic.co.kr/,dns,https://explorer.ooni.org/m/20260407115234.344905_KR_webconnectivity_9da3436f25e425d7
https://sexetc.org/,ok,https://explorer.ooni.org/m/20260407115241.927689_KR_webconnectivity_0c703e695d39e78f
http://shamash.org/,error,https://explorer.ooni.org/m/20260407115244.589634_KR_webconnectivity_8b4f14c976ef6c59
http://shia.org/,tcp_ip,https://explorer.ooni.org/m/20260407115315.746920_KR_webconnectivity_eb5e9dac4fb3e9dd
https://short.io/,ok,https://explorer.ooni.org/m/20260407115326.547184_KR_webconnectivity_7503db4a36f3f763
https://sites.google.com/,ok,https://explorer.ooni.org/m/20260407115343.757147_KR_webconnectivity_c14ef69313553378
https://sniply.io/,ok,https://explorer.ooni.org/m/20260407115355.223638_KR_webconnectivity_60d1342184554e97
https://solar-aid.org/,ok,https://explorer.ooni.org/m/20260407115405.579306_KR_webconnectivity_d3a7a7dd824b3d0e
https://srhrforall.org/,ok,https://explorer.ooni.org/m/20260407115408.488766_KR_webconnectivity_8337dead5a5172bd
https://stackexchange.com/,ok,https://explorer.ooni.org/m/20260407115410.452169_KR_webconnectivity_e73378270485a551
https://stackoverflow.com/,ok,https://explorer.ooni.org/m/20260407115413.027546_KR_webconnectivity_a4747f32a2028f87
https://t2mio.com/,ok,https://explorer.ooni.org/m/20260407115423.855030_KR_webconnectivity_6308b05c97968db3
http://tanzil.net/,ok,https://explorer.ooni.org/m/20260407115430.044570_KR_webconnectivity_45bdd403578ff0df
https://technorati.com/,ok,https://explorer.ooni.org/m/20260407115433.592953_KR_webconnectivity_30e0336361e56df9
https://thereisnoearthb.org/,ok,https://explorer.ooni.org/m/20260407115438.415968_KR_webconnectivity_873513d485b20f83
https://tiny.cc/,ok,https://explorer.ooni.org/m/20260407115442.807053_KR_webconnectivity_95d1e9f28f411db3
https://tinyurl.com/,ok,https://explorer.ooni.org/m/20260407115446.673226_KR_webconnectivity_515abd6b3d60e5c8
https://torah.org/,ok,https://explorer.ooni.org/m/20260407115449.029006_KR_webconnectivity_cdf645df3ffd45b1
https://turbobit.net/,ok,https://explorer.ooni.org/m/20260407115452.778006_KR_webconnectivity_2e9eadb595c488a8
https://vesselthefilm.com/,ok,https://explorer.ooni.org/m/20260407115508.099434_KR_webconnectivity_f9c94aac9600bb70
https://we.riseup.net/,ok,https://explorer.ooni.org/m/20260407115512.725221_KR_webconnectivity_93b03aefa4cc93d7
http://web.humoruniv.com/main.html,ok,https://explorer.ooni.org/m/20260407115525.658571_KR_webconnectivity_9dc9afe7b40c04b2
http://web.khu.ac.kr/,ok,https://explorer.ooni.org/m/20260407115527.898356_KR_webconnectivity_6cbfdc04b4870b1c
http://weblogs.us/,ok,https://explorer.ooni.org/m/20260407115536.762311_KR_webconnectivity_da05e0ba46c88e8f
https://womenfirstdigital.org/,ok,https://explorer.ooni.org/m/20260407115548.800228_KR_webconnectivity_97eaac9449e775ea
https://womenonweb.kr/,http-failure,https://explorer.ooni.org/m/20260407115552.416055_KR_webconnectivity_d9a6e337f8361f04
https://wordpress.com/,ok,https://explorer.ooni.org/m/20260407115600.626447_KR_webconnectivity_5766026c5f80c6b1
https://wordpress.org/,ok,https://explorer.ooni.org/m/20260407115609.308396_KR_webconnectivity_47ede002391ad6b6
https://write.as/,ok,https://explorer.ooni.org/m/20260407115613.773531_KR_webconnectivity_705b577b408168de
https://wupj.org/,ok,https://explorer.ooni.org/m/20260407115621.509206_KR_webconnectivity_d6a77b0175d49d4a
https://wwf.panda.org/,ok,https://explorer.ooni.org/m/20260407115640.057848_KR_webconnectivity_ca6603952f9d829d
https://www.100webspace.com/,ok,https://explorer.ooni.org/m/20260407115652.694988_KR_webconnectivity_73e22aaa699436f5
https://www.1800respect.org.au/languages/,ok,https://explorer.ooni.org/m/20260407115703.853810_KR_webconnectivity_2224a8eb465d128e
https://www.abortionno.org/,ok,https://explorer.ooni.org/m/20260407115717.167334_KR_webconnectivity_be0274381181a255
https://www.abortoinfosegura.com/,ok,https://explorer.ooni.org/m/20260407115721.423243_KR_webconnectivity_7c13fd61525210a8
https://www.adl.org/,ok,https://explorer.ooni.org/m/20260407115731.272510_KR_webconnectivity_257b6e0f30bfb1a9
https://www.adventist.org/,ok,https://explorer.ooni.org/m/20260407115735.216798_KR_webconnectivity_43d6746218407355
https://www.advocatesforyouth.org/,ok,https://explorer.ooni.org/m/20260407115737.607030_KR_webconnectivity_7cc5099b02cf2894
http://www.afreeca.com/,ok,https://explorer.ooni.org/m/20260407115742.420742_KR_webconnectivity_ea45bed625bb745b
http://www.ahsex.org/,error,https://explorer.ooni.org/m/20260407115758.935579_KR_webconnectivity_a9dd3e3221a8e492
https://www.angelfire.lycos.com/,ok,https://explorer.ooni.org/m/20260407115841.948899_KR_webconnectivity_8e9377c485f81385
https://www.anglicancommunion.org/,ok,https://explorer.ooni.org/m/20260407115858.749322_KR_webconnectivity_85f982d2367f6f6e
http://www.arder.co.kr/,dns,https://explorer.ooni.org/m/20260407115913.591913_KR_webconnectivity_17607b5162006816
http://www.asiatour.com/,ok,https://explorer.ooni.org/m/20260407115917.274571_KR_webconnectivity_657643f91a8060a8
https://www.atheistalliance.org/,ok,https://explorer.ooni.org/m/20260407115932.749131_KR_webconnectivity_943390c14b6f68b5
https://www.atheists.org/,ok,https://explorer.ooni.org/m/20260407115943.093199_KR_webconnectivity_e9f0e6ec8bd596d7
http://www.auduboninternational.org/,ok,https://explorer.ooni.org/m/20260407115953.950341_KR_webconnectivity_50e8dd5c5d832a7a
https://www.autistici.org/,ok,https://explorer.ooni.org/m/20260407115959.653361_KR_webconnectivity_146ad589cd478fa7
http://www.bahai.org/,ok,https://explorer.ooni.org/m/20260407120011.204235_KR_webconnectivity_9cbb1932ee3d42c5
https://www.bing-amp.com/v0/amp-iframe-0.1.js,error,https://explorer.ooni.org/m/20260407120017.897749_KR_webconnectivity_9446c8dc4e81ba5a
https://www.birthcontrol.com/,error,https://explorer.ooni.org/m/20260407120019.544555_KR_webconnectivity_152302cf2dcc5dec
http://www.biz.ly/,ok,https://explorer.ooni.org/m/20260407120024.462332_KR_webconnectivity_20cd8ab13e886529
https://www.bl.ink/,ok,https://explorer.ooni.org/m/20260407120032.568181_KR_webconnectivity_f9bce20fbdf103e6
http://www.blogeasy.com/,ok,https://explorer.ooni.org/m/20260407120034.996676_KR_webconnectivity_72fcde9c068913e0
https://www.blogger.com/,ok,https://explorer.ooni.org/m/20260407120047.313763_KR_webconnectivity_65843ab8bdb24bdd
http://www.blogsome.com/,ok,https://explorer.ooni.org/m/20260407120051.964949_KR_webconnectivity_b7255594b4d0350e
https://www.brinkster.com/,ok,https://explorer.ooni.org/m/20260407120058.990016_KR_webconnectivity_f370c8cb6e840268
http://www.buddhanet.net/,ok,https://explorer.ooni.org/m/20260407120116.789167_KR_webconnectivity_989d48abe0e78320
http://www.cafe24.com/,ok,https://explorer.ooni.org/m/20260407120129.095094_KR_webconnectivity_ba5591cb83c60e34
https://www.carbonbrief.org/,ok,https://explorer.ooni.org/m/20260407120144.217068_KR_webconnectivity_f73c09f122ac25b9
https://www.carbonmap.org/,ok,https://explorer.ooni.org/m/20260407120151.686733_KR_webconnectivity_e2e3d4336c08afbc
https://www.catholic.org/,ok,https://explorer.ooni.org/m/20260407120206.804016_KR_webconnectivity_2ea83f0c39924f47
https://www.catholicsforchoice.org/,ok,https://explorer.ooni.org/m/20260407120222.199251_KR_webconnectivity_7eba69ce8080a758
https://www.ccel.org/,ok,https://explorer.ooni.org/m/20260407120230.766670_KR_webconnectivity_3f9bcd86613348f7
https://www.ceceurope.org/,ok,https://explorer.ooni.org/m/20260407120242.595355_KR_webconnectivity_ece53be3d6237bc9
https://www.christianity.com/,ok,https://explorer.ooni.org/m/20260407120255.679023_KR_webconnectivity_f7dca11b8d8d7037
https://www.christianitytoday.com/,ok,https://explorer.ooni.org/m/20260407120308.940690_KR_webconnectivity_835d1242b67def97
https://www.cleanwateraction.org/,ok,https://explorer.ooni.org/m/20260407120321.419754_KR_webconnectivity_741776fc1d717e90
https://www.climaterealityproject.org/,ok,https://explorer.ooni.org/m/20260407120336.016966_KR_webconnectivity_6703bc465a7d4272
https://www.coolearth.org/,ok,https://explorer.ooni.org/m/20260407120353.754588_KR_webconnectivity_7ca0f7280b34fd97
https://www.copticchurch.net/,ok,https://explorer.ooni.org/m/20260407120403.457344_KR_webconnectivity_61e7b529c8eaa0f7
https://www.cseindia.org/,ok,https://explorer.ooni.org/m/20260407120417.472899_KR_webconnectivity_059efb63234c8b5d
http://www.dogdrip.net/,http-diff,https://explorer.ooni.org/m/20260407120419.215588_KR_webconnectivity_f36d769b061543c8
https://www.dotster.com/,ok,https://explorer.ooni.org/m/20260407120421.818381_KR_webconnectivity_63e8b07e36c42f12
https://www.dreamhost.com/,ok,https://explorer.ooni.org/m/20260407120434.881814_KR_webconnectivity_06613ca8e2d46065
https://www.earthaction.org/,ok,https://explorer.ooni.org/m/20260407120446.215784_KR_webconnectivity_d6e48032e80b58a2
https://www.earthrights.org/,ok,https://explorer.ooni.org/m/20260407120455.516065_KR_webconnectivity_c044c0cff3339d78
http://www.ebaumsworld.com/,ok,https://explorer.ooni.org/m/20260407120503.783998_KR_webconnectivity_f8b73d058ff4a65e
http://www.eco.or.kr/,ok,https://explorer.ooni.org/m/20260407120522.380210_KR_webconnectivity_288938164c131bc2
https://www.edf.org/,ok,https://explorer.ooni.org/m/20260407120537.308542_KR_webconnectivity_3afee2169076beec
https://www.eea.europa.eu/,ok,https://explorer.ooni.org/m/20260407120558.817293_KR_webconnectivity_d266a58ed12c3a2a
https://www.emailaddresses.com/,ok,https://explorer.ooni.org/m/20260407120603.654196_KR_webconnectivity_789e3e97ed452e65
https://www.enom.com/,ok,https://explorer.ooni.org/m/20260407120612.965005_KR_webconnectivity_59eb806a973510c8
https://www.epik.com/,ok,https://explorer.ooni.org/m/20260407120624.007823_KR_webconnectivity_a81dbfe7e64f9d82
https://www.episcopalchurch.org/,ok,https://explorer.ooni.org/m/20260407120634.583324_KR_webconnectivity_c3e4bc2950009ab3
https://www.ewg.org/,ok,https://explorer.ooni.org/m/20260407120644.433882_KR_webconnectivity_ba10d6a9413c7000
https://www.exmormon.org/,tcp_ip,https://explorer.ooni.org/m/20260407120715.530619_KR_webconnectivity_2d4972d3f24550db
https://www.fandom.com/,ok,https://explorer.ooni.org/m/20260407120717.949071_KR_webconnectivity_7bea9e73c84a02c1
http://www.fark.com/,http-diff,https://explorer.ooni.org/m/20260407120719.823581_KR_webconnectivity_f2af493a3dd62a8f
https://www.fhi360.org/,ok,https://explorer.ooni.org/m/20260407120734.342017_KR_webconnectivity_97df257da7d18fb9
http://www.fmkorea.com/,ok,https://explorer.ooni.org/m/20260407120740.468647_KR_webconnectivity_06e98750f3847a1c
https://www.footprintnetwork.org/,ok,https://explorer.ooni.org/m/20260407120755.229661_KR_webconnectivity_9f35f57c218e06d9
http://www.formercatholic.com/,ok,https://explorer.ooni.org/m/20260407120801.782560_KR_webconnectivity_4932fb02fa78748e
https://www.frc.org/,ok,https://explorer.ooni.org/m/20260407120806.761561_KR_webconnectivity_4796e58d1842e70c
http://www.freehomepage.com/,ok,https://explorer.ooni.org/m/20260407120811.466251_KR_webconnectivity_277e0fb7c41abdf1
http://www.freeservers.com/,ok,https://explorer.ooni.org/m/20260407120814.051787_KR_webconnectivity_cd625844e7710c41
http://www.freewebspace.com/,ok,https://explorer.ooni.org/m/20260407120819.966064_KR_webconnectivity_2bf62c7bfe76e905
http://www.gabia.com/,error,https://explorer.ooni.org/m/20260407120823.787680_KR_webconnectivity_179919ce492eee57
https://www.globalwitness.org/,ok,https://explorer.ooni.org/m/20260407120835.846562_KR_webconnectivity_9f93979c84fb16d4
https://www.goarch.org/,ok,https://explorer.ooni.org/m/20260407120838.295177_KR_webconnectivity_10f92cc73f271ae4
https://www.godaddy.com/,ok,https://explorer.ooni.org/m/20260407120840.478570_KR_webconnectivity_97043ca0a433de1c
http://www.godalone.org/,ok,https://explorer.ooni.org/m/20260407120851.174933_KR_webconnectivity_4440b11cde3137c7
https://www.googleapis.com/auth/cloud-platform,ok,https://explorer.ooni.org/m/20260407120855.440268_KR_webconnectivity_0a5bff50c4bffbcc
http://www.greenkorea.org/,ok,https://explorer.ooni.org/m/20260407120903.115843_KR_webconnectivity_77476c319435d93c
http://www.greennet.org.uk/,ok,https://explorer.ooni.org/m/20260407120910.747257_KR_webconnectivity_2d1da26d567c7ac2
https://www.greenpeace.org/,ok,https://explorer.ooni.org/m/20260407120913.279407_KR_webconnectivity_4622a256704de063
https://www.gstatic.com/robots.txt,ok,https://explorer.ooni.org/m/20260407120916.014689_KR_webconnectivity_946e9f87d89c13e5
http://www.hostgator.com/,ok,https://explorer.ooni.org/m/20260407120917.891407_KR_webconnectivity_e7a0f6250d9ae5ac
http://www.hotge.co.kr/,ok,https://explorer.ooni.org/m/20260407120924.001532_KR_webconnectivity_404221e7ec167106
https://www.howtouseabortionpill.org/,ok,https://explorer.ooni.org/m/20260407120933.451822_KR_webconnectivity_f3f83323c02e806d
https://www.iaea.org/,ok,https://explorer.ooni.org/m/20260407120942.828635_KR_webconnectivity_ffa6469148b660ad
http://www.iavi.org/,ok,https://explorer.ooni.org/m/20260407120955.603221_KR_webconnectivity_e9957fefb4edeb5e
http://www.iico.org/,ok,https://explorer.ooni.org/m/20260407120959.814131_KR_webconnectivity_a9c39f1d8cf3b786
https://www.internationalrivers.org/,ok,https://explorer.ooni.org/m/20260407121011.849840_KR_webconnectivity_a9a985a43fa15729
https://www.ipcc.ch/,ok,https://explorer.ooni.org/m/20260407121023.710898_KR_webconnectivity_b5cc77ef253e2a0b
https://www.iskcon.org/,ok,https://explorer.ooni.org/m/20260407121030.634120_KR_webconnectivity_1e92d0bd433961e0
http://www.islameyat.com/,ok,https://explorer.ooni.org/m/20260407121046.224495_KR_webconnectivity_a9836c5538619d90
http://www.islamicity.com/,ok,https://explorer.ooni.org/m/20260407121048.482960_KR_webconnectivity_1b1e661d245a0ccf
https://www.islaminstitut.de/en/,ok,https://explorer.ooni.org/m/20260407121056.273518_KR_webconnectivity_68ba5fe859c26866
https://www.iucn.org/,ok,https://explorer.ooni.org/m/20260407121107.334674_KR_webconnectivity_0a2c09cee3025056
http://www.jinbo.net/,ok,https://explorer.ooni.org/m/20260407121113.245668_KR_webconnectivity_7c2cd1f37686baf8
http://www.judaism.com/,ok,https://explorer.ooni.org/m/20260407121119.769045_KR_webconnectivity_11da1247c73d37a2
http://www.judaismconversion.org/,ok,https://explorer.ooni.org/m/20260407121132.646931_KR_webconnectivity_81d57214c01cab59
https://www.jw.org/,error,https://explorer.ooni.org/m/20260407121134.969273_KR_webconnectivity_7b07f1bc270941cf
http://www.kfem.or.kr/,ok,https://explorer.ooni.org/m/20260407121149.942824_KR_webconnectivity_eb5929290bbd887d
http://www.kgreens.org/,ok,https://explorer.ooni.org/m/20260407121206.468112_KR_webconnectivity_95fa7fad058f7a47
http://www.krts.or.kr/,ok,https://explorer.ooni.org/m/20260407121220.204948_KR_webconnectivity_4e1e18468c7c2163
https://www.leaseweb.com/,ok,https://explorer.ooni.org/m/20260407121236.576862_KR_webconnectivity_5a216f226dd5f4d8
https://www.livejournal.com/,ok,https://explorer.ooni.org/m/20260407121249.272099_KR_webconnectivity_333db0ba9ed21ac0
http://www.mgoon.com/,error,https://explorer.ooni.org/m/20260407121308.365887_KR_webconnectivity_232182756940b580
http://www.muhammadanism.com/,ok,https://explorer.ooni.org/m/20260407121325.614406_KR_webconnectivity_3a2127adb750d373
https://www.namecheap.com/,ok,https://explorer.ooni.org/m/20260407121328.176118_KR_webconnectivity_5af627e8156aec2d
http://www.nate.com/,ok,https://explorer.ooni.org/m/20260407121330.070813_KR_webconnectivity_41103a35c762d9d4
http://www.nate.com/?f=pann,ok,https://explorer.ooni.org/m/20260407121331.896962_KR_webconnectivity_61b474012e931725
http://www.nature.org/,ok,https://explorer.ooni.org/m/20260407121343.671657_KR_webconnectivity_d32f006bc4e13770
http://www.no-ip.com/,ok,https://explorer.ooni.org/m/20260407121356.278069_KR_webconnectivity_07c19c47cd1cb8d6
https://www.oca.org/,ok,https://explorer.ooni.org/m/20260407121402.228476_KR_webconnectivity_349a574be6d2ca30
http://www.oicc.org/,ok,https://explorer.ooni.org/m/20260407121412.109521_KR_webconnectivity_cf68fa1ecf5d8ecf
http://www.oikoumene.org/,ok,https://explorer.ooni.org/m/20260407121422.716087_KR_webconnectivity_a035f7804baf90b7
https://www.om.org/,ok,https://explorer.ooni.org/m/20260407121425.446997_KR_webconnectivity_cbd29106338cb2f3
https://www.orangewebsite.com/,ok,https://explorer.ooni.org/m/20260407121434.197280_KR_webconnectivity_cb491f0e78d34244
http://www.orthodoxconvert.info/,ok,https://explorer.ooni.org/m/20260407121437.278894_KR_webconnectivity_04596862eb53b03d
https://www.paganpride.org/,ok,https://explorer.ooni.org/m/20260407121448.602425_KR_webconnectivity_8e6831c994d34d9a
https://www.persecution.org/,ok,https://explorer.ooni.org/m/20260407121504.083621_KR_webconnectivity_8db3803bca32e857
https://www.peta.org/,ok,https://explorer.ooni.org/m/20260407121517.092804_KR_webconnectivity_8489081e04fe9f1b
https://www.petside.com/,ok,https://explorer.ooni.org/m/20260407121554.457664_KR_webconnectivity_3bc95acea1f6c2af
http://www.podbbang.com/,ok,https://explorer.ooni.org/m/20260407121609.103028_KR_webconnectivity_362d1980e5b25449
http://www.ppfk.or.kr/,ok,https://explorer.ooni.org/m/20260407121621.807478_KR_webconnectivity_210c87a7923ce20b
http://www.ppomppu.co.kr/zboard/zboard.php?id=freeboard,ok,https://explorer.ooni.org/m/20260407121623.637070_KR_webconnectivity_058851c17c51d68e
http://www.ppomppu.co.kr/zboard/zboard.php?id=issue,ok,https://explorer.ooni.org/m/20260407121625.489121_KR_webconnectivity_d9f35ba0b2fcd52a
https://www.privex.io/,ok,https://explorer.ooni.org/m/20260407121633.626220_KR_webconnectivity_26738358fcc8fad2
http://www.prolife.or.kr/,ok,https://explorer.ooni.org/m/20260407121645.098892_KR_webconnectivity_3388101634f8f054
http://www.pullbbang.com/,http-diff,https://explorer.ooni.org/m/20260407121647.199973_KR_webconnectivity_8e4d5757ad46e2f8
https://www.rackspace.com/,ok,https://explorer.ooni.org/m/20260407121701.325505_KR_webconnectivity_a6b32cb8b69c6b94
http://www.ran.org/,ok,https://explorer.ooni.org/m/20260407121713.587249_KR_webconnectivity_9f04afe8e4770815
https://www.ran.org/,ok,https://explorer.ooni.org/m/20260407121724.272985_KR_webconnectivity_1f02f4436ee26cb3
https://www.rebrandly.com/,ok,https://explorer.ooni.org/m/20260407121732.017294_KR_webconnectivity_a02219063dfb87f6
https://www.reprouncensored.org/,ok,https://explorer.ooni.org/m/20260407121744.205536_KR_webconnectivity_26a45dc6c56fffb0
https://www.resourcematters.org/,ok,https://explorer.ooni.org/m/20260407121752.580484_KR_webconnectivity_67e90ba1badd130a
https://www.salvationarmy.org/,ok,https://explorer.ooni.org/m/20260407121805.921792_KR_webconnectivity_a6ef2ff53b494f09
http://www.sangsaeng.org/,ok,https://explorer.ooni.org/m/20260407121809.226729_KR_webconnectivity_6c7185111653180f
https://www.sbc.net/,ok,https://explorer.ooni.org/m/20260407121819.596319_KR_webconnectivity_cdf1855fb0bb4aae
http://www.scientology.org/,ok,https://explorer.ooni.org/m/20260407121832.597232_KR_webconnectivity_47a62c47578a54b0
http://www.sex-academy.com/,ok,https://explorer.ooni.org/m/20260407121840.962896_KR_webconnectivity_c778f2bfdee2c732
http://www.sexandu.ca/,http-diff,https://explorer.ooni.org/m/20260407121842.499311_KR_webconnectivity_fdb16f7ae5d2c89b
http://www.sexandu.ca/fr/,http-diff,https://explorer.ooni.org/m/20260407121846.902785_KR_webconnectivity_99dac71db8dbb7a4
https://www.sfsi.org/,ok,https://explorer.ooni.org/m/20260407121849.400868_KR_webconnectivity_e8096d868f6fb0a2
http://www.shinto.org/,ok,https://explorer.ooni.org/m/20260407121900.057401_KR_webconnectivity_c64082f0a83611cb
https://www.sierraclub.org/,ok,https://explorer.ooni.org/m/20260407121901.874720_KR_webconnectivity_ceaf693adcee245e
http://www.submission.org/,ok,https://explorer.ooni.org/m/20260407121905.907328_KR_webconnectivity_999c8234b0094a6d
http://www.survive.org.uk/,ok,https://explorer.ooni.org/m/20260407121909.546833_KR_webconnectivity_f5709f65dee1c4e8
http://www.suyongso.com/,ok,https://explorer.ooni.org/m/20260407121910.477019_KR_webconnectivity_cae2fcb35660b9a2
http://www.tcloud.co.kr/,ok,https://explorer.ooni.org/m/20260407121928.264040_KR_webconnectivity_4df6996744ed1a5a
http://www.teenhealthfx.com/,ok,https://explorer.ooni.org/m/20260407121937.820387_KR_webconnectivity_5ea446e2bf6ff44c
http://www.teensource.org/,http-diff,https://explorer.ooni.org/m/20260407121938.982528_KR_webconnectivity_8990c61213d0c62e
http://www.themwl.org/,ok,https://explorer.ooni.org/m/20260407121954.494107_KR_webconnectivity_793bc099399c2437
http://www.tistory.com/,ok,https://explorer.ooni.org/m/20260407122006.227509_KR_webconnectivity_118e16c1bf8baed5
http://www.todayhumor.co.kr/,ok,https://explorer.ooni.org/m/20260407122015.895663_KR_webconnectivity_28295e02ecf204c1
http://www.tripod.lycos.com/,ok,https://explorer.ooni.org/m/20260407122020.333351_KR_webconnectivity_4bb2ac06dd567a46
http://www.truthnet.org/,ok,https://explorer.ooni.org/m/20260407122029.514906_KR_webconnectivity_6b5411876f9e9f91
http://www.typepad.com/,ok,https://explorer.ooni.org/m/20260407122033.155727_KR_webconnectivity_37f03617cecfcadd
https://www.ucc.org/,ok,https://explorer.ooni.org/m/20260407122045.082981_KR_webconnectivity_18bf4636604ffa7a
https://www.ucsusa.org/,ok,https://explorer.ooni.org/m/20260407122056.443112_KR_webconnectivity_71d3bbef5d82bc38
http://www.ultimatebirthcontrol.com/,http-diff,https://explorer.ooni.org/m/20260407122057.581307_KR_webconnectivity_74d592618309767f
http://www.umc.org/,ok,https://explorer.ooni.org/m/20260407122109.127436_KR_webconnectivity_a65db8700bc187e5
https://www.unep.org/,ok,https://explorer.ooni.org/m/20260407122122.197906_KR_webconnectivity_187f376e4911fd37
http://www.upci.org/,ok,https://explorer.ooni.org/m/20260407122134.444526_KR_webconnectivity_b2738ad259e937cb
http://www.vatican.va/,ok,https://explorer.ooni.org/m/20260407122136.986864_KR_webconnectivity_2f2f2234d92ad669
http://www.wcicc.org/,ok,https://explorer.ooni.org/m/20260407122140.339177_KR_webconnectivity_6547234151d146c7
https://www.weebly.com/,ok,https://explorer.ooni.org/m/20260407122149.521370_KR_webconnectivity_9b95c2b1ec09573f
http://www.whois.co.kr/,ok,https://explorer.ooni.org/m/20260407122208.286561_KR_webconnectivity_1e4e4f7d2ddceda8
http://www.wix.com/,ok,https://explorer.ooni.org/m/20260407122219.922186_KR_webconnectivity_dd7e71b11fae7098
http://www.worldjewishcongress.org/,ok,https://explorer.ooni.org/m/20260407122236.150423_KR_webconnectivity_0a3eab7b4c9c7fe5
https://www.xenu.net/,ok,https://explorer.ooni.org/m/20260407122245.476253_KR_webconnectivity_23d9e502f5400659
http://www.xyinlove.co.kr/,error,https://explorer.ooni.org/m/20260407122302.079438_KR_webconnectivity_2b21a4f5fcad3b72
http://www.ymca.int/,http-diff,https://explorer.ooni.org/m/20260407122304.231888_KR_webconnectivity_61707d43d9cf780b
https://www.yola.com/,ok,https://explorer.ooni.org/m/20260407122314.174772_KR_webconnectivity_0987567898a62216
https://www.zanzu.nl/,ok,https://explorer.ooni.org/m/20260407122329.740190_KR_webconnectivity_2a86e5ccfe937869
https://www.zoomshare.com/,ok,https://explorer.ooni.org/m/20260407122335.699794_KR_webconnectivity_f1fa5c08d4e317c0
http://xanga.com/,ok,https://explorer.ooni.org/m/20260407122338.634522_KR_webconnectivity_6835034994abbdbd
https://xda-developers.com/,ok,https://explorer.ooni.org/m/20260407122354.344487_KR_webconnectivity_ff3ab2018da97d8c
https://yourls.org/,ok,https://explorer.ooni.org/m/20260407122400.454172_KR_webconnectivity_c4cf99bd333d38a3
https://yt3.ggpht.com/a-/AOh14GhGCI1dxtHOY_TDQfmxDBK_S7CHTPJ3U6zOUw=s480-c-k-c0x00ffffff-no-rj-mo,ok,https://explorer.ooni.org/m/20260407122410.760536_KR_webconnectivity_c12d3a20e7bf2387
https://yt4.ggpht.com/a-/AOh14GhOiUxI-RcMC-Vfl2i15v3xewMr8bt2yNXTfw=s480-c-k-c0x00ffffff-no-rj-mo,ok,https://explorer.ooni.org/m/20260407122420.221472_KR_webconnectivity_6d5f4f06ba538518
https://www.tiktok.com/,ok,https://explorer.ooni.org/m/20260407122424.025853_KR_webconnectivity_5af9a9964fba2857
https://x.com/,ok,https://explorer.ooni.org/m/20260407122438.579334_KR_webconnectivity_0edcd94f952f4b85
https://discord.com/,ok,https://explorer.ooni.org/m/20260407122452.147306_KR_webconnectivity_61702f4cd46fefe7
https://1337x.st/,ok,https://explorer.ooni.org/m/20260407122455.440066_KR_webconnectivity_aca43c34c38928fe
http://4shared.com/,confirmed,https://explorer.ooni.org/m/20260407122458.354851_KR_webconnectivity_30c9df2558d81c69
https://911truth.org/,ok,https://explorer.ooni.org/m/20260407122513.978864_KR_webconnectivity_50d439f13b16f4dd
https://addons.mozilla.org/,ok,https://explorer.ooni.org/m/20260407122529.824285_KR_webconnectivity_513adb6a8ef97d49
https://addons.opera.com/,ok,https://explorer.ooni.org/m/20260407122539.000903_KR_webconnectivity_6b5e34174eadb061
https://addons.opera.com/en/extensions/,ok,https://explorer.ooni.org/m/20260407122550.453880_KR_webconnectivity_aaa60dbc396bf779
http://applefile.com/,http-diff,https://explorer.ooni.org/m/20260407122553.205599_KR_webconnectivity_e65240d99eed9f53
https://ar.m.wikipedia.org/,ok,https://explorer.ooni.org/m/20260407122609.137617_KR_webconnectivity_b900b39c6e55f7b5
https://ar.wikipedia.org/,ok,https://explorer.ooni.org/m/20260407122621.941412_KR_webconnectivity_3f107260c7ac6303
https://archiveofourown.org/,ok,https://explorer.ooni.org/m/20260407122625.862916_KR_webconnectivity_b3709ff2b88c3504
https://arxiv.org/,ok,https://explorer.ooni.org/m/20260407122632.464264_KR_webconnectivity_f1db876a70e47a0b
https://asean.org/,ok,https://explorer.ooni.org/m/20260407122634.358668_KR_webconnectivity_f178ee3fc33dcb8b
https://bintray.com/,ok,https://explorer.ooni.org/m/20260407122648.343070_KR_webconnectivity_2ffa80f3e24a436d
http://bommin.net/,confirmed,https://explorer.ooni.org/m/20260407122650.762214_KR_webconnectivity_3f28c392dec46c1d
https://ca.wikipedia.org/,ok,https://explorer.ooni.org/m/20260407122706.552863_KR_webconnectivity_c7129791b9e1412d
http://cafe.daum.net/seoulminart,ok,https://explorer.ooni.org/m/20260407122709.634925_KR_webconnectivity_d219fc8c10cdef96
http://cafe.naver.com/newartcafe,ok,https://explorer.ooni.org/m/20260407122722.408895_KR_webconnectivity_4a2ec5c4e5085802
https://catbox.moe/,ok,https://explorer.ooni.org/m/20260407122725.921274_KR_webconnectivity_217132ff62b8c1a9
https://chat.openai.com/,ok,https://explorer.ooni.org/m/20260407122728.117394_KR_webconnectivity_3a830266c48ad2a6
http://chongryon.com/,confirmed,https://explorer.ooni.org/m/20260407122744.525947_KR_webconnectivity_158f63392c9b7d77
https://chrome.google.com/webstore/category/extensions,ok,https://explorer.ooni.org/m/20260407122802.947490_KR_webconnectivity_921547fcda4a4a4b
https://chromewebstore.google.com/,ok,https://explorer.ooni.org/m/20260407122816.772037_KR_webconnectivity_045c17de944086fa
https://code.org/,ok,https://explorer.ooni.org/m/20260407122829.978493_KR_webconnectivity_373f3b20fb87a051
https://commons.wikimedia.org/,ok,https://explorer.ooni.org/m/20260407122845.646657_KR_webconnectivity_f4a97e1265ff98ff
https://credibilitycoalition.org/,ok,https://explorer.ooni.org/m/20260407122848.890122_KR_webconnectivity_620ca6317092a282
https://crypt.ee/,ok,https://explorer.ooni.org/m/20260407122852.603358_KR_webconnectivity_9836e1955dc9622b
http://data.donkeyhote.co.kr/,ok,https://explorer.ooni.org/m/20260407122853.518302_KR_webconnectivity_f9bf04da6369f6b9
https://de.wikipedia.org/,ok,https://explorer.ooni.org/m/20260407122906.293559_KR_webconnectivity_5718c06bc4967886
https://dfiles.eu/,ok,https://explorer.ooni.org/m/20260407122915.794592_KR_webconnectivity_f6b7c742bc451089
https://digg.com/,ok,https://explorer.ooni.org/m/20260407122919.684622_KR_webconnectivity_0b14bc284a1ed049
https://docs.google.com/,ok,https://explorer.ooni.org/m/20260407122935.003239_KR_webconnectivity_f74462cb1affcf4a
https://download.cnet.com/,ok,https://explorer.ooni.org/m/20260407122948.533331_KR_webconnectivity_5d6b737919292555
https://drive.google.com/,ok,https://explorer.ooni.org/m/20260407123007.445789_KR_webconnectivity_e3d8846fd0e30a49
https://en.m.wikipedia.org/,ok,https://explorer.ooni.org/m/20260407123022.476996_KR_webconnectivity_343ce274b0d730d6
https://en.wikipedia.org/,ok,https://explorer.ooni.org/m/20260407123039.924122_KR_webconnectivity_e595ff10e763900b
https://ente.io/,ok,https://explorer.ooni.org/m/20260407123053.232368_KR_webconnectivity_9e48f168affafdcc
https://es.m.wikipedia.org/,ok,https://explorer.ooni.org/m/20260407123106.376220_KR_webconnectivity_2c2ecd314d41abb3
https://es.wikipedia.org/,ok,https://explorer.ooni.org/m/20260407123121.249947_KR_webconnectivity_4dec185c83767b0d
https://eztv.re/,ok,https://explorer.ooni.org/m/20260407123126.309489_KR_webconnectivity_31678408c95a6d56
https://f-droid.org/,ok,https://explorer.ooni.org/m/20260407123131.793961_KR_webconnectivity_311dd164328aee46
https://fdroid.tetaneutral.net/fdroid/repo,ok,https://explorer.ooni.org/m/20260407123136.975869_KR_webconnectivity_c3484aeee3c6128f
http://file.daum.net/,ok,https://explorer.ooni.org/m/20260407123138.467162_KR_webconnectivity_979b746530651d03
http://filecast.co.kr/,ok,https://explorer.ooni.org/m/20260407123148.479171_KR_webconnectivity_54f13c340434e515
https://filen.io/,ok,https://explorer.ooni.org/m/20260407123204.254351_KR_webconnectivity_7fae1602bfa4334e
https://files.pythonhosted.org/,ok,https://explorer.ooni.org/m/20260407123206.818611_KR_webconnectivity_5aac183f476a0a48
https://fr.wikipedia.org/,ok,https://explorer.ooni.org/m/20260407123221.510571_KR_webconnectivity_e63fd3523cb4fda0
https://ftp.fau.de/fdroid/repo,ok,https://explorer.ooni.org/m/20260407123226.738272_KR_webconnectivity_3f921401da43a5c4
http://gnu.rep.kp/,dns,https://explorer.ooni.org/m/20260407123232.807747_KR_webconnectivity_e2f60ea8fc611ee6
https://hackerspaces.org/,ok,https://explorer.ooni.org/m/20260407123237.337529_KR_webconnectivity_de58b77538a9ee5e
http://historyedu.or.kr/,ok,https://explorer.ooni.org/m/20260407123252.989657_KR_webconnectivity_b0b17da1fc87a7b4
http://hksh.koreanhistory.or.kr/,ok,https://explorer.ooni.org/m/20260407123253.890655_KR_webconnectivity_6818aeb9fcd588d7
https://i.gr-assets.com/robots.txt,ok,https://explorer.ooni.org/m/20260407123256.923858_KR_webconnectivity_14aebbc220695097
https://infidels.org/,ok,https://explorer.ooni.org/m/20260407123307.636062_KR_webconnectivity_f0f03fc337c3da88
https://int.soccerway.com/,ok,https://explorer.ooni.org/m/20260407123321.204518_KR_webconnectivity_3833046af000a24a
https://intelligence.weforum.org/,ok,https://explorer.ooni.org/m/20260407123328.372314_KR_webconnectivity_fa93463b10929b34
https://isa.gov.ly/,ok,https://explorer.ooni.org/m/20260407123331.017614_KR_webconnectivity_2decf65b3f965ce6
https://it.wikipedia.org/,ok,https://explorer.ooni.org/m/20260407123348.098047_KR_webconnectivity_c22aa653ce30b682
https://ja.wikipedia.org/,ok,https://explorer.ooni.org/m/20260407123400.708239_KR_webconnectivity_8a1e15b638e5b917
http://kancc.org/,confirmed,https://explorer.ooni.org/m/20260407123409.668456_KR_webconnectivity_6947da824b718076
http://kass.org.kp/,tcp_ip,https://explorer.ooni.org/m/20260407123458.109805_KR_webconnectivity_40419340d1b2dd23
https://kat.am/,ok,https://explorer.ooni.org/m/20260407123511.429622_KR_webconnectivity_eb666279debe7b77
https://katcr.to/,ok,https://explorer.ooni.org/m/20260407123514.138011_KR_webconnectivity_ce5d11131f82d9e7
http://kcnawatch.co/,confirmed,https://explorer.ooni.org/m/20260407123515.953775_KR_webconnectivity_8171dacc5177b918
http://kicc-dprk.org/,confirmed,https://explorer.ooni.org/m/20260407123518.385903_KR_webconnectivity_9eb8a97770063a45
http://kiyctc.com.kp/,tcp_ip,https://explorer.ooni.org/m/20260407123609.013886_KR_webconnectivity_35b87ba5dd60e150
http://ko.internationalism.org/,ok,https://explorer.ooni.org/m/20260407123618.869349_KR_webconnectivity_ff239433a4d0be8f
https://ko.wiktionary.org/,ok,https://explorer.ooni.org/m/20260407123632.970629_KR_webconnectivity_3d102dd26662797b
http://korfilm.com.kp/,tcp_ip,https://explorer.ooni.org/m/20260407123733.558199_KR_webconnectivity_1a660bad0b3aea06
http://kremlin.ru/,ok,https://explorer.ooni.org/m/20260407123740.430384_KR_webconnectivity_29502955f72f467a
https://libgen.fun/,error,https://explorer.ooni.org/m/20260407123742.078198_KR_webconnectivity_891b55a492ec7b27
https://libgen.is/,tcp_ip,https://explorer.ooni.org/m/20260407123827.820143_KR_webconnectivity_ba2072589d24301f
http://libgen.lc/,ok,https://explorer.ooni.org/m/20260407123830.024703_KR_webconnectivity_912d1e970e07e91b
http://libgen.li/,http-diff,https://explorer.ooni.org/m/20260407123832.177024_KR_webconnectivity_b53bf6b25e67c49e
https://libgen.life/,tcp_ip,https://explorer.ooni.org/m/20260407123903.258202_KR_webconnectivity_496de81fa8b45569
https://libgen.me/,error,https://explorer.ooni.org/m/20260407123905.750734_KR_webconnectivity_0609df657be9057f
http://libgen.rs/,tcp_ip,https://explorer.ooni.org/m/20260407123951.789805_KR_webconnectivity_9be8b7925ad71e65
https://libgen.space/,error,https://explorer.ooni.org/m/20260407123953.863401_KR_webconnectivity_b2208b018eb41068
http://libgen.st/,tcp_ip,https://explorer.ooni.org/m/20260407124025.282563_KR_webconnectivity_3ef929b0696fa631
https://limetorrents.pro/,ok,https://explorer.ooni.org/m/20260407124034.665933_KR_webconnectivity_7138119e0bb352d9
https://login.infomaniak.com/,ok,https://explorer.ooni.org/m/20260407124041.301955_KR_webconnectivity_21d01bd636a88af3
https://login.tailscale.com/,ok,https://explorer.ooni.org/m/20260407124057.804159_KR_webconnectivity_c8896371afd257b8
http://ma.gov.kp/,tcp_ip,https://explorer.ooni.org/m/20260407124133.292312_KR_webconnectivity_f74ce1c786fe8ba9
https://mashable.com/,ok,https://explorer.ooni.org/m/20260407124146.238442_KR_webconnectivity_329f80a3ecb4c1ed
https://microsoftedge.microsoft.com/,error,https://explorer.ooni.org/m/20260407124147.453619_KR_webconnectivity_d0c5e5337fc3189a
https://mirror.cyberbits.eu/fdroid/repo,ok,https://explorer.ooni.org/m/20260407124151.587599_KR_webconnectivity_dd0d924dd87cde6e
https://mymemory.translated.net/,ok,https://explorer.ooni.org/m/20260407124205.620928_KR_webconnectivity_b7f7715655b78ec1
http://naenara.com/,ok,https://explorer.ooni.org/m/20260407124209.733916_KR_webconnectivity_8b39a09c9285a257
https://newalbumreleases.net/,ok,https://explorer.ooni.org/m/20260407124212.860836_KR_webconnectivity_60396bcc41dabbc7
https://notesnook.com/,ok,https://explorer.ooni.org/m/20260407124223.695696_KR_webconnectivity_e85eb2750f9fca09
https://nsw2u.com/,ok,https://explorer.ooni.org/m/20260407124232.908788_KR_webconnectivity_ea3c6c708687a1bf
http://onekorea.org/,ok,https://explorer.ooni.org/m/20260407124237.487853_KR_webconnectivity_a982293b3c108c35
https://openverse.org/,ok,https://explorer.ooni.org/m/20260407124241.072826_KR_webconnectivity_485c48376c4e946a
http://osaka.korea-htr.com/,ok,https://explorer.ooni.org/m/20260407124241.926188_KR_webconnectivity_22ce979c8e0c3bd5
https://plug-mirror.rcac.purdue.edu/fdroid/repo,ok,https://explorer.ooni.org/m/20260407124246.328697_KR_webconnectivity_816c05b802b5f553
https://pt.m.wikipedia.org/,ok,https://explorer.ooni.org/m/20260407124300.188010_KR_webconnectivity_12c1923ad954087d
https://pulse.internetsociety.org/,ok,https://explorer.ooni.org/m/20260407124307.554148_KR_webconnectivity_17ef0fa5182d9a3e
https://put.io/,ok,https://explorer.ooni.org/m/20260407124315.766168_KR_webconnectivity_2e37958c0efa8070
https://radiofreetexas.com/,ok,https://explorer.ooni.org/m/20260407124328.832102_KR_webconnectivity_cf65b0063e1bae69
https://rapidgator.net/,error,https://explorer.ooni.org/m/20260407124344.549081_KR_webconnectivity_037b4eacfdfdfb54
https://ru.wikipedia.org/,error,https://explorer.ooni.org/m/20260407124400.869778_KR_webconnectivity_85df5587fdb9bc16
https://s.gr-assets.com/robots.txt,error,https://explorer.ooni.org/m/20260407124416.675028_KR_webconnectivity_5fb165d0daa17ee5
https://savefrom.net/,ok,https://explorer.ooni.org/m/20260407124432.771699_KR_webconnectivity_d9a08433f1f3d6ed
http://sdprk.org.kp/,tcp_ip,https://explorer.ooni.org/m/20260407124511.035073_KR_webconnectivity_7346845dcd3de800
http://sfkuk.freeservers.com/,ok,https://explorer.ooni.org/m/20260407124513.661051_KR_webconnectivity_4eadce200cdfff2a
http://simfile.uplusbox.co.kr/,tcp_ip,https://explorer.ooni.org/m/20260407124614.125987_KR_webconnectivity_bbf111fefcafd291
https://simple.wikipedia.org/,ok,https://explorer.ooni.org/m/20260407124627.059423_KR_webconnectivity_7fecb452265e1b53
https://skiff.com/,ok,https://explorer.ooni.org/m/20260407124639.623999_KR_webconnectivity_038ecc5959b83fb0
https://soundcloud.com/,ok,https://explorer.ooni.org/m/20260407124647.187175_KR_webconnectivity_0d8fee0611498d62
https://sourceforge.net/,ok,https://explorer.ooni.org/m/20260407124659.188443_KR_webconnectivity_33ad48346d505f41
https://standardnotes.com/,ok,https://explorer.ooni.org/m/20260407124709.630174_KR_webconnectivity_3e3bae48e4c54422
https://subscene.com/,ok,https://explorer.ooni.org/m/20260407124712.204826_KR_webconnectivity_d72f791c7ce8a0a0
https://thepiratebay.org/,http-diff,https://explorer.ooni.org/m/20260407124714.429113_KR_webconnectivity_46e957b764d2e100
http://torrentdada.com/,ok,https://explorer.ooni.org/m/20260407124715.410453_KR_webconnectivity_f709a5435f77b54b
http://torrenters.com/,confirmed,https://explorer.ooni.org/m/20260407124718.451927_KR_webconnectivity_c4fe9c8d5003d886
http://torrentgogo.com/,ok,https://explorer.ooni.org/m/20260407124719.531653_KR_webconnectivity_409aa987373e1fff
http://torters.com/,ok,https://explorer.ooni.org/m/20260407124720.573918_KR_webconnectivity_f6eeebdcfc85ece8
https://uea.org/,ok,https://explorer.ooni.org/m/20260407124803.301162_KR_webconnectivity_50c687e224097dc7
https://upload.wikimedia.org/wikipedia/commons/thumb/3/37/Generic_Camera_Icon.svg/100px-Generic_Camera_Icon.svg.png,ok,https://explorer.ooni.org/m/20260407124805.948281_KR_webconnectivity_d729d1479a2bf88f
http://usacrime.or.kr/,ok,https://explorer.ooni.org/m/20260407124809.976126_KR_webconnectivity_a56fedfc4926cbfd
https://w3schools.com/,ok,https://explorer.ooni.org/m/20260407124824.515465_KR_webconnectivity_5db64cdfdbb49065
https://web.archive.org/,ok,https://explorer.ooni.org/m/20260407124837.489134_KR_webconnectivity_1d703e0f60b9ea1b
https://wikidata.org/,ok,https://explorer.ooni.org/m/20260407124849.405936_KR_webconnectivity_eb2705cd257238a0
https://wikihow.com/,ok,https://explorer.ooni.org/m/20260407124900.167804_KR_webconnectivity_e904501c8a9fedc6
https://wikimapia.org/,ok,https://explorer.ooni.org/m/20260407124903.359013_KR_webconnectivity_3ba9c311b3988fab
http://www.0ubada.net/,ok,https://explorer.ooni.org/m/20260407124904.361383_KR_webconnectivity_93e2d24629689519
http://www.1koreannews.com/,ok,https://explorer.ooni.org/m/20260407124905.137214_KR_webconnectivity_35fac2c4120a47b2
https://www.2shared.com/,ok,https://explorer.ooni.org/m/20260407124916.595651_KR_webconnectivity_6422bdede6f3e518
https://www.4shared.com/,ok,https://explorer.ooni.org/m/20260407124929.015632_KR_webconnectivity_d6530158fe3215e7
https://www.911memorial.org/,ok,https://explorer.ooni.org/m/20260407124940.172270_KR_webconnectivity_7ecb00e2b12edb70
http://www.acquisitionx.com/,http-failure,https://explorer.ooni.org/m/20260407124956.523310_KR_webconnectivity_8b3505a6157aa8d3
https://www.af.mil/,ok,https://explorer.ooni.org/m/20260407125002.392206_KR_webconnectivity_380fa95d90a1322d
http://www.aha.ru/,ok,https://explorer.ooni.org/m/20260407125023.899850_KR_webconnectivity_0064fbf191c6476f
http://www.aha.ru/~zentsov/korea.htm,ok,https://explorer.ooni.org/m/20260407125041.097442_KR_webconnectivity_3266e9567704e38b
http://www.arirang.dprkorea.com/,dns,https://explorer.ooni.org/m/20260407125052.481995_KR_webconnectivity_29f04b503c7de421
https://www.army.mil/,ok,https://explorer.ooni.org/m/20260407125104.704482_KR_webconnectivity_183b2cbee9a9554f
https://www.auswaertiges-amt.de/,ok,https://explorer.ooni.org/m/20260407125120.838502_KR_webconnectivity_ba816710efe61ba1
http://www.big.or.jp/,ok,https://explorer.ooni.org/m/20260407125123.214703_KR_webconnectivity_ff0d99f8598b1db6
http://www.bitcomet.com/,http-diff,https://explorer.ooni.org/m/20260407125124.773391_KR_webconnectivity_b2823166de323a3b
http://www.bittornado.com/,tcp_ip,https://explorer.ooni.org/m/20260407125155.831814_KR_webconnectivity_5f3361186c8b9693
https://www.bme.com/,ok,https://explorer.ooni.org/m/20260407125207.326168_KR_webconnectivity_512fad015bd4abab
http://www.bommin.net/,confirmed,https://explorer.ooni.org/m/20260407125211.392584_KR_webconnectivity_7dbf71543998e14f
http://www.centcom.mil/,tcp_ip,https://explorer.ooni.org/m/20260407125218.726330_KR_webconnectivity_48f8d1f9fc3b3620
http://www.chaju.org/,ok,https://explorer.ooni.org/m/20260407125219.970300_KR_webconnectivity_fed596f4a3c599b5
http://www.chongryon.com/,confirmed,https://explorer.ooni.org/m/20260407125237.104429_KR_webconnectivity_dd1929b6d4ce6d01
https://www.cia.gov/,ok,https://explorer.ooni.org/m/20260407125250.491669_KR_webconnectivity_572fe20cd12d6fec
http://www.cinetown.co.kr/,ok,https://explorer.ooni.org/m/20260407125308.382046_KR_webconnectivity_b43d9a53760720f6
http://www.cinewel.com/,http-diff,https://explorer.ooni.org/m/20260407125310.984197_KR_webconnectivity_575e019e7b138f15
https://www.cis.minsk.by/,ok,https://explorer.ooni.org/m/20260407125325.180606_KR_webconnectivity_0a86ef7dfca4d249
http://www.cizel.co.kr/,ok,https://explorer.ooni.org/m/20260407125326.291701_KR_webconnectivity_5d6e1a77ac462651
http://www.cnet-ta.ne.jp/,ok,https://explorer.ooni.org/m/20260407125330.465267_KR_webconnectivity_fc29a9fd108b81d9
http://www.collegehumor.com/,http-diff,https://explorer.ooni.org/m/20260407125332.403927_KR_webconnectivity_37785c8cd3ccb1bb
http://www.coreaone-news.com/,confirmed,https://explorer.ooni.org/m/20260407125340.637797_KR_webconnectivity_fbd331619d804ef8
https://www.darpa.mil/,ok,https://explorer.ooni.org/m/20260407125358.004880_KR_webconnectivity_175f2e8acab7e163
https://www.datpiff.com/,ok,https://explorer.ooni.org/m/20260407125402.059224_KR_webconnectivity_6ae4f701a6e300cb
https://www.dea.gov/,ok,https://explorer.ooni.org/m/20260407125404.339713_KR_webconnectivity_58d548216743469f
https://www.deathmetal.org/,ok,https://explorer.ooni.org/m/20260407125412.014735_KR_webconnectivity_489466fc78d88abb
https://www.defense.gov/,ok,https://explorer.ooni.org/m/20260407125414.732146_KR_webconnectivity_f7602f97ee803c49
https://www.dia.mil/,ok,https://explorer.ooni.org/m/20260407125423.711589_KR_webconnectivity_c2065bb4e2257072
https://www.dictionary.com/,ok,https://explorer.ooni.org/m/20260407125428.993482_KR_webconnectivity_c8f1529258f8087b
http://www.dklotto.com/,http-diff,https://explorer.ooni.org/m/20260407125432.089666_KR_webconnectivity_504614937d9150f8
http://www.dprk-book.com/,tcp_ip,https://explorer.ooni.org/m/20260407125518.315980_KR_webconnectivity_8cb437ba0cd4673c
http://www.dprk-stamp.com/,ok,https://explorer.ooni.org/m/20260407125519.332555_KR_webconnectivity_b33907686c2f5e90
http://www.dprkorea.com/,dns,https://explorer.ooni.org/m/20260407125528.799092_KR_webconnectivity_022253b96be25921
http://www.dprkstudies.org/,dns,https://explorer.ooni.org/m/20260407125530.928030_KR_webconnectivity_d747e40a03d18d09
https://www.dropbox.com/,ok,https://explorer.ooni.org/m/20260407125540.476836_KR_webconnectivity_58338bb9fa16de7c
http://www.elufa.net/,confirmed,https://explorer.ooni.org/m/20260407125543.762433_KR_webconnectivity_d291014fb1fc9c52
http://www.enppy.com/,http-diff,https://explorer.ooni.org/m/20260407125547.025097_KR_webconnectivity_a5c506cb593adf52
https://www.epa.gov/,ok,https://explorer.ooni.org/m/20260407125553.933654_KR_webconnectivity_30f3ec307d0275ce
https://www.eventbrite.com/,ok,https://explorer.ooni.org/m/20260407125608.304918_KR_webconnectivity_0ec93779605795e8
http://www.ez0u.co.kr/,ok,https://explorer.ooni.org/m/20260407125610.295028_KR_webconnectivity_02f7d7e93c70ba6d
https://www.fanfiction.net/,ok,https://explorer.ooni.org/m/20260407125613.314210_KR_webconnectivity_541170c17b8ce2cb
http://www.fileguri.com/,http-diff,https://explorer.ooni.org/m/20260407125617.790689_KR_webconnectivity_5709597636308a60
http://www.filenara.co.kr/,ok,https://explorer.ooni.org/m/20260407125618.656801_KR_webconnectivity_0263b3ec7a239b5f
http://www.filenori.com/,ok,https://explorer.ooni.org/m/20260407125623.373739_KR_webconnectivity_e061b9d91657dcc3
http://www.foreignaffairs.org/,ok,https://explorer.ooni.org/m/20260407125632.962980_KR_webconnectivity_183441043f877eb1
http://www.fsb.ru/,tcp_ip,https://explorer.ooni.org/m/20260407125653.785924_KR_webconnectivity_496760e934199bce
https://www.fsf.org/,error,https://explorer.ooni.org/m/20260407125656.903835_KR_webconnectivity_3235382a5af0b5b7
https://www.gawker.com/,ok,https://explorer.ooni.org/m/20260407125702.780596_KR_webconnectivity_978690db6b67d9b0
https://www.givesendgo.com/,ok,https://explorer.ooni.org/m/20260407125706.770655_KR_webconnectivity_33681cf75c2c5a62
https://www.globalpolicy.org/,ok,https://explorer.ooni.org/m/20260407125717.500239_KR_webconnectivity_2e443d5f6be7842d
https://www.goodreads.com/,ok,https://explorer.ooni.org/m/20260407125726.718296_KR_webconnectivity_763f70aa933f5c75
https://www.gov.uk/,ok,https://explorer.ooni.org/m/20260407125735.504836_KR_webconnectivity_46537bd3bf95965d
https://www.gutenberg.org/,ok,https://explorer.ooni.org/m/20260407125754.057778_KR_webconnectivity_f15ce6aeda7872d3
http://www.hanguksa.org/,ok,https://explorer.ooni.org/m/20260407125801.155805_KR_webconnectivity_c950526f5399540a
http://www.hisedu.or.kr/,ok,https://explorer.ooni.org/m/20260407125812.261756_KR_webconnectivity_36cf1db2475bbdb0
http://www.honamhistory.org/,ok,https://explorer.ooni.org/m/20260407125817.271884_KR_webconnectivity_2faf6e0787a2357e
http://www.honduras.com/,ok,https://explorer.ooni.org/m/20260407125830.640210_KR_webconnectivity_67e8be607323138c
https://www.iaru.org/,ok,https://explorer.ooni.org/m/20260407125842.639721_KR_webconnectivity_2b6300e90f52553a
https://www.ibe.unesco.org/,ok,https://explorer.ooni.org/m/20260407125903.160040_KR_webconnectivity_f3d817bd0effe231
https://www.icrc.org/,ok,https://explorer.ooni.org/m/20260407125913.465529_KR_webconnectivity_2b4c69cf2e203b96
https://www.ideasbeyondborders.org/,ok,https://explorer.ooni.org/m/20260407125925.804802_KR_webconnectivity_d723f658cb5e8585
http://www.iea.org/,ok,https://explorer.ooni.org/m/20260407125943.282400_KR_webconnectivity_343a81c7ba0cd371
https://www.ifrc.org/,ok,https://explorer.ooni.org/m/20260407125948.791796_KR_webconnectivity_b882f2bcf06c6092
http://www.ihr.org/,ok,https://explorer.ooni.org/m/20260407130004.209711_KR_webconnectivity_e0ed92a287b75866
http://www.iias.nl/,tcp_ip,https://explorer.ooni.org/m/20260407130006.691507_KR_webconnectivity_f9fdefee5d5ce3cc
https://www.ilo.org/,ok,https://explorer.ooni.org/m/20260407130016.374416_KR_webconnectivity_e5ad1af378770f5a
http://www.imdb.com/,ok,https://explorer.ooni.org/m/20260407130020.353428_KR_webconnectivity_f0a661ccaf8ad95b
http://www.inhard.com/,ok,https://explorer.ooni.org/m/20260407130024.109886_KR_webconnectivity_84231bab9ba7d069
https://www.interpol.int/,ok,https://explorer.ooni.org/m/20260407130034.997196_KR_webconnectivity_65bf2adf4eb6641a
https://www.isa.org.jm/,ok,https://explorer.ooni.org/m/20260407130058.834620_KR_webconnectivity_bbe506c977401a91
http://www.isj.org.uk/,ok,https://explorer.ooni.org/m/20260407130109.521296_KR_webconnectivity_e575eb93e27a6493
http://www.jjangfile.net/,error,https://explorer.ooni.org/m/20260407130126.499001_KR_webconnectivity_55964b39e9e50674
https://www.jsf.mil/,dns,https://explorer.ooni.org/m/20260407130133.175913_KR_webconnectivity_75449b71c990a614
http://www.kancc.org/,confirmed,https://explorer.ooni.org/m/20260407130141.550982_KR_webconnectivity_46581b993b4b165f
http://www.kcckp.net/,confirmed,https://explorer.ooni.org/m/20260407130145.951655_KR_webconnectivity_20b2c0d0a6e2b500
http://www.kdvr.de/,ok,https://explorer.ooni.org/m/20260407130147.987016_KR_webconnectivity_8588c4dbaa02500b
https://www.khanacademy.org/,ok,https://explorer.ooni.org/m/20260407130159.679732_KR_webconnectivity_482e38ee6cd2a059
http://www.kickassclassical.com/,tcp_ip,https://explorer.ooni.org/m/20260407130230.536042_KR_webconnectivity_65142c727ac4d02d
http://www.korea-dpr.com/,confirmed,https://explorer.ooni.org/m/20260407130234.121020_KR_webconnectivity_a552b623cc249d02
http://www.korea-dpr.com/cgi-bin/simpleforum.cgi,confirmed,https://explorer.ooni.org/m/20260407130235.557806_KR_webconnectivity_13cd297d15d412c0
http://www.korea-dpr.com/library/entrance.htm,confirmed,https://explorer.ooni.org/m/20260407130238.303533_KR_webconnectivity_32e19367e086dcbd
http://www.korea-dpr.com/menu.htm,confirmed,https://explorer.ooni.org/m/20260407130240.449947_KR_webconnectivity_111ce04f2d8b3d45
http://www.korea-dpr.com/users/jisge/,confirmed,https://explorer.ooni.org/m/20260407130242.823724_KR_webconnectivity_d7de531572de5947
http://www.korea-is-one.org/,ok,https://explorer.ooni.org/m/20260407130300.772614_KR_webconnectivity_2882ac160e1903c2
http://www.korea-is-one.org/rubrique.php3?id_rubrique=5,ok,https://explorer.ooni.org/m/20260407130316.256022_KR_webconnectivity_3daf3b1bb7e9d07f
http://www.korea-np.co.jp/,tcp_ip,https://explorer.ooni.org/m/20260407130326.927374_KR_webconnectivity_32f2b088898ef7df
http://www.koreanhistory.org/,ok,https://explorer.ooni.org/m/20260407130331.712166_KR_webconnectivity_e84230d725abd4cc
http://www.krbook.net/,ok,https://explorer.ooni.org/m/20260407130334.011981_KR_webconnectivity_26068fe769317353
https://www.libgen.tw/,ok,https://explorer.ooni.org/m/20260407130336.057127_KR_webconnectivity_93c66c7aa2f86afb
https://www.limetorrents.lol/,ok,https://explorer.ooni.org/m/20260407130341.865663_KR_webconnectivity_79fd12b32e013db2
https://www.literotica.com/,ok,https://explorer.ooni.org/m/20260407130357.197957_KR_webconnectivity_db6574d7e6e54a3d
https://www.lushstories.com/,http-failure,https://explorer.ooni.org/m/20260407130359.190988_KR_webconnectivity_34bf56f12d55767c
https://www.marxists.org/,ok,https://explorer.ooni.org/m/20260407130403.275276_KR_webconnectivity_88960f1dd0bebbec
http://www.metal-archives.com/,ok,https://explorer.ooni.org/m/20260407130405.797603_KR_webconnectivity_dfe24e3fc196b4ed
http://www.minjok.com/,confirmed,https://explorer.ooni.org/m/20260407130410.222011_KR_webconnectivity_519281471d23ec28
http://www.mnr.gov.cn/,ok,https://explorer.ooni.org/m/20260407130426.788544_KR_webconnectivity_270ea573467e0c8c
http://www.monkey3.co.kr/,ok,https://explorer.ooni.org/m/20260407130443.666297_KR_webconnectivity_bf08e52cc902f26f
https://www.mozilla.org/,ok,https://explorer.ooni.org/m/20260407130452.964961_KR_webconnectivity_29298be4ca86c6bb
https://www.mp3.com/,tcp_ip,https://explorer.ooni.org/m/20260407130539.177996_KR_webconnectivity_eceb25408ffd8446
https://www.musixmatch.com/,ok,https://explorer.ooni.org/m/20260407130543.848398_KR_webconnectivity_7ae03cad7099958b
http://www.nato.int/,ok,https://explorer.ooni.org/m/20260407130557.575656_KR_webconnectivity_ef584372abb410b0
http://www.navy.mil/,tcp_ip,https://explorer.ooni.org/m/20260407130604.799363_KR_webconnectivity_934afa6bf1e58b70
http://www.nkland.org/,ok,https://explorer.ooni.org/m/20260407130608.107255_KR_webconnectivity_c1348744ec517153
https://www.nsa.gov/,ok,https://explorer.ooni.org/m/20260407130610.367483_KR_webconnectivity_8c5a9669f3d93ce3
http://www.nzeen.com/,ok,https://explorer.ooni.org/m/20260407130622.300387_KR_webconnectivity_d936233c690f79e4
http://www.onekorea.org/,ok,https://explorer.ooni.org/m/20260407130633.254012_KR_webconnectivity_236681f1746db581
http://www.onfile.co.kr/,ok,https://explorer.ooni.org/m/20260407130634.489150_KR_webconnectivity_e5b8ab7667eb353a
http://www.opec.org/,ok,https://explorer.ooni.org/m/20260407130648.817282_KR_webconnectivity_51d74d00bed0ce9e
http://www.openart.or.kr/,ok,https://explorer.ooni.org/m/20260407130655.437912_KR_webconnectivity_65f8a8d4352fc650
http://www.orangefile.com/,http-diff,https://explorer.ooni.org/m/20260407130659.406382_KR_webconnectivity_815ffe9d9fc1c1c6
https://www.osce.org/,ok,https://explorer.ooni.org/m/20260407130702.909205_KR_webconnectivity_371127f324d3ebfb
http://www.ournation-school.com/,confirmed,https://explorer.ooni.org/m/20260407130705.903613_KR_webconnectivity_4ca31d698cc086a7
https://www.overdrive.com/,ok,https://explorer.ooni.org/m/20260407130708.891581_KR_webconnectivity_76fe583511f633cc
http://www.pacom.mil/,dns,https://explorer.ooni.org/m/20260407130715.385961_KR_webconnectivity_abf73500785805a2
http://www.pic-international.com/,ok,https://explorer.ooni.org/m/20260407130716.945127_KR_webconnectivity_c4df0b5c778e0885
http://www.pruna.com/,http-diff,https://explorer.ooni.org/m/20260407130719.885691_KR_webconnectivity_2504c826bbaccf6f
http://www.quantico.marines.mil/,ok,https://explorer.ooni.org/m/20260407130724.962884_KR_webconnectivity_98803eb695dce62e
https://www.researchgate.net/,ok,https://explorer.ooni.org/m/20260407130726.142070_KR_webconnectivity_93f6f140295aed2d
http://www.ryongnamsan.edu.kp/,tcp_ip,https://explorer.ooni.org/m/20260407130801.098102_KR_webconnectivity_5c4eee5f4ca287a8
http://www.schwarzreport.org/,ok,https://explorer.ooni.org/m/20260407130805.303497_KR_webconnectivity_b9f03826c5d76c95
https://www.scribd.com/,ok,https://explorer.ooni.org/m/20260407130807.419978_KR_webconnectivity_731fd314d5c2aaff
http://www.sealswcc.com/,ok,https://explorer.ooni.org/m/20260407130812.590676_KR_webconnectivity_3babe47fd8125ba2
https://www.shazam.com/,ok,https://explorer.ooni.org/m/20260407130818.069430_KR_webconnectivity_b368e9599525372d
http://www.silibank.com/,ok,https://explorer.ooni.org/m/20260407130820.004673_KR_webconnectivity_a981fef35453687b
http://www.slsknet.org/,ok,https://explorer.ooni.org/m/20260407130821.719347_KR_webconnectivity_cebb0fd965fe0944
http://www.socom.mil/,dns,https://explorer.ooni.org/m/20260407130842.931520_KR_webconnectivity_32450cff9f414c17
http://www.songunpoliticsstudygroup.org/,dns,https://explorer.ooni.org/m/20260407130844.028754_KR_webconnectivity_99f114b4e77e90e5
http://www.soribada.com/,ok,https://explorer.ooni.org/m/20260407130848.728428_KR_webconnectivity_21a49260f8b06865
http://www.southcom.mil/,dns,https://explorer.ooni.org/m/20260407130853.692682_KR_webconnectivity_8d418cac0c6b6081
https://www.spotify.com/,ok,https://explorer.ooni.org/m/20260407130855.946527_KR_webconnectivity_e7e12fed38ee3269
https://www.state.gov/,ok,https://explorer.ooni.org/m/20260407130900.472671_KR_webconnectivity_e65c8d402bd61648
http://www.stratcom.mil/,tcp_ip,https://explorer.ooni.org/m/20260407130907.196257_KR_webconnectivity_abb268a2fb4b2e72
http://www.syccr.com/,tcp_ip,https://explorer.ooni.org/m/20260407130928.265312_KR_webconnectivity_0e803a8f0827409b
https://www.timeout.com/,ok,https://explorer.ooni.org/m/20260407130935.279591_KR_webconnectivity_4d0d47733cefbe4a
http://www.tmz.com/,ok,https://explorer.ooni.org/m/20260407130939.550558_KR_webconnectivity_fef982856e20df24
https://www.un.int/,ok,https://explorer.ooni.org/m/20260407130947.261557_KR_webconnectivity_bd545a193192e921
https://www.un.org/,ok,https://explorer.ooni.org/m/20260407130950.216014_KR_webconnectivity_167f70bc61022292
https://www.undp.org/,ok,https://explorer.ooni.org/m/20260407130952.056831_KR_webconnectivity_e230ce04532fe611
https://www.unwomen.org/,ok,https://explorer.ooni.org/m/20260407130956.059413_KR_webconnectivity_1b5e4593ffda6a9b
http://www.uriminzokkiri.com/,tcp_ip,https://explorer.ooni.org/m/20260407131041.871452_KR_webconnectivity_f0789d7b960a455f
http://www.usafa.af.mil/,dns,https://explorer.ooni.org/m/20260407131048.590367_KR_webconnectivity_cda88bee7843be34
http://www.uscg.mil/,tcp_ip,https://explorer.ooni.org/m/20260407131053.265613_KR_webconnectivity_9abfa0a6acfc4402
https://www.ushmm.org/,ok,https://explorer.ooni.org/m/20260407131058.180324_KR_webconnectivity_3ce9e71e5b54f1a0
https://www.utorrent.com/,ok,https://explorer.ooni.org/m/20260407131102.525569_KR_webconnectivity_53b697d0830b5553
http://www.vibe.com/,ok,https://explorer.ooni.org/m/20260407131106.629516_KR_webconnectivity_2cd8bce441a1a87d
https://www.videolan.org/,ok,https://explorer.ooni.org/m/20260407131111.583238_KR_webconnectivity_dfd27d245867275e
https://www.wfp.org/,ok,https://explorer.ooni.org/m/20260407131118.033133_KR_webconnectivity_ea8f6843176167d4
https://www.wikipedia.org/,ok,https://explorer.ooni.org/m/20260407131123.001426_KR_webconnectivity_f14d2f8f07dedab0
https://www.wiktionary.org/,ok,https://explorer.ooni.org/m/20260407131126.942876_KR_webconnectivity_7572c8db2c00485e
http://www.worldcorea.net/,confirmed,https://explorer.ooni.org/m/20260407131129.886641_KR_webconnectivity_404eae25e3498e97
https://www.xinjiang.gov.cn/,ok,https://explorer.ooni.org/m/20260407131135.602289_KR_webconnectivity_407abc635a488394
http://www.xxlmag.com/,ok,https://explorer.ooni.org/m/20260407131141.434742_KR_webconnectivity_dc94080750e365bf
https://www.zoho.com/,ok,https://explorer.ooni.org/m/20260407131145.214208_KR_webconnectivity_dd3f4ebf5d3b3982
https://x1337x.eu/,ok,https://explorer.ooni.org/m/20260407131147.583796_KR_webconnectivity_b00d31a7688b8f0f
http://yesfile.com/,http-diff,https://explorer.ooni.org/m/20260407131149.272122_KR_webconnectivity_281fd1afbb7ddcf6
https://z-lib.org/,error,https://explorer.ooni.org/m/20260407131152.168240_KR_webconnectivity_bb9c80454faeb65b
https://zh.wikipedia.org/,ok,https://explorer.ooni.org/m/20260407131158.280179_KR_webconnectivity_9862ccbdd8d1f345
https://www.reddit.com/,ok,https://explorer.ooni.org/m/20260407131159.540128_KR_webconnectivity_77ba10929608087b
https://adium.im/,ok,https://explorer.ooni.org/m/20260407131204.110474_KR_webconnectivity_ffc51f4b1744c585
https://ebuddy.com/,ok,https://explorer.ooni.org/m/20260407131207.429947_KR_webconnectivity_5e537bb0eaff90bb
https://elpha.com/,error,https://explorer.ooni.org/m/20260407131209.178892_KR_webconnectivity_65c5424c73512473
https://foursquare.com/,ok,https://explorer.ooni.org/m/20260407131211.550243_KR_webconnectivity_36c4f3394850a8ec
http://friend.com.kp/,tcp_ip,https://explorer.ooni.org/m/20260407131301.616143_KR_webconnectivity_ea0b5b40b2aa9043
https://gab.com/,ok,https://explorer.ooni.org/m/20260407131304.987944_KR_webconnectivity_1d579d999eb1fd1d
https://groups.google.com/,ok,https://explorer.ooni.org/m/20260407131310.534113_KR_webconnectivity_9474575349f9c6c2
https://instagram.fsaw1-13.fna.fbcdn.net/favicon.ico,ok,https://explorer.ooni.org/m/20260407131313.989314_KR_webconnectivity_1e58c2df1547b368
https://lookaside.facebook.com/robots.txt,ok,https://explorer.ooni.org/m/20260407131317.068079_KR_webconnectivity_edb5304d75982a24
https://mastodon.sdf.org/,ok,https://explorer.ooni.org/m/20260407131320.293286_KR_webconnectivity_205790be9180be7f
https://mastodon.xyz/,ok,https://explorer.ooni.org/m/20260407131325.057309_KR_webconnectivity_f52999a4ab71d617
https://plus.im/,ok,https://explorer.ooni.org/m/20260407131327.972972_KR_webconnectivity_fd9349e0b46447c9
https://scontent-ams4-1.cdninstagram.com/favicon.ico,ok,https://explorer.ooni.org/m/20260407131332.881308_KR_webconnectivity_b7cd2b0e4e9f7919
https://static.xx.fbcdn.net/favicon.ico,ok,https://explorer.ooni.org/m/20260407131337.864767_KR_webconnectivity_36db92d6a229eca0
https://vk.com/,ok,https://explorer.ooni.org/m/20260407131359.069817_KR_webconnectivity_be4149f5a6e8a11d
https://weibo.com/,ok,https://explorer.ooni.org/m/20260407131405.151739_KR_webconnectivity_453d375b7f5a3dbc
https://www.douyin.com/,ok,https://explorer.ooni.org/m/20260407131409.753711_KR_webconnectivity_a70623409f2418c1
https://www.ning.com/,ok,https://explorer.ooni.org/m/20260407131416.838475_KR_webconnectivity_da68d1de34585077
https://www.yelp.com/,ok,https://explorer.ooni.org/m/20260407131420.512577_KR_webconnectivity_071082a480751caf
https://telegram.org/,ok,https://explorer.ooni.org/m/20260407131423.520668_KR_webconnectivity_ed1fc02e85f880f7
https://adultfriendfinder.com/,http-failure,https://explorer.ooni.org/m/20260407131426.731665_KR_webconnectivity_6cc35f2351b872b6
https://alt.com/,ok,https://explorer.ooni.org/m/20260407131431.640233_KR_webconnectivity_184e3aa48d941a1a
https://amphetamines.com/,ok,https://explorer.ooni.org/m/20260407131433.719806_KR_webconnectivity_3860e59bffafa9ca
http://asiafriendfinder.com/,http-diff,https://explorer.ooni.org/m/20260407131436.993074_KR_webconnectivity_453bb4cdc8dd8894
http://asiansmaster.com/,confirmed,https://explorer.ooni.org/m/20260407131448.931948_KR_webconnectivity_f9bfb6b01c82e3de
https://beeg.com/,http-failure,https://explorer.ooni.org/m/20260407131449.901123_KR_webconnectivity_eee5e4e23475ca90
http://betasia.com/,http-diff,https://explorer.ooni.org/m/20260407131451.172893_KR_webconnectivity_827a2f936e34b414
https://btggaming.com/,ok,https://explorer.ooni.org/m/20260407131456.813051_KR_webconnectivity_c1ceab3bfe144791
http://cafe.daum.net/amc21,ok,https://explorer.ooni.org/m/20260407131459.850436_KR_webconnectivity_8589a714269633c4
http://cafe.daum.net/dacultureNO,ok,https://explorer.ooni.org/m/20260407131502.824379_KR_webconnectivity_6ed9a5455451934a
http://cafe.naver.com/mansdotcom,ok,https://explorer.ooni.org/m/20260407131506.231205_KR_webconnectivity_13124a306bd7d999
http://cafe.naver.com/rtbnmm/,ok,https://explorer.ooni.org/m/20260407131512.432510_KR_webconnectivity_a21b8355e42fb2ce
http://creamasia.com/,confirmed,https://explorer.ooni.org/m/20260407131514.682276_KR_webconnectivity_3f3fa97ec2004a10
https://dailystormer.in/,ok,https://explorer.ooni.org/m/20260407131515.510578_KR_webconnectivity_7f7ed9cdf418e2be
https://drugs-forum.com/,ok,https://explorer.ooni.org/m/20260407131518.767368_KR_webconnectivity_b9ba60d8a99295b6
https://eln-voces.net/,ok,https://explorer.ooni.org/m/20260407131523.952214_KR_webconnectivity_2778b40bce70e879
https://forum.grasscity.com/,ok,https://explorer.ooni.org/m/20260407131529.329749_KR_webconnectivity_1239102913d4f65c
https://friendfinder.com/,http-failure,https://explorer.ooni.org/m/20260407131533.940923_KR_webconnectivity_f828611bcf18aa03
https://godhatesfags.com/,ok,https://explorer.ooni.org/m/20260407131535.463361_KR_webconnectivity_7c6f4d7fc7dde811
https://heroin.org/,ok,https://explorer.ooni.org/m/20260407131538.078642_KR_webconnectivity_b36c1ac996e3130c
https://hightimes.com/,error,https://explorer.ooni.org/m/20260407131540.659001_KR_webconnectivity_05ac63e221f3b018
https://hitomi.la/,http-failure,https://explorer.ooni.org/m/20260407131542.416941_KR_webconnectivity_248004271b828d2f
http://hotgaylist.com/,http-diff,https://explorer.ooni.org/m/20260407131544.485435_KR_webconnectivity_0a53330e09023165
https://howtogrowmarijuana.com/,error,https://explorer.ooni.org/m/20260407131645.015825_KR_webconnectivity_3675ad87978a02b0
https://hustler.com/,ok,https://explorer.ooni.org/m/20260407131647.820645_KR_webconnectivity_5da0892bc60d6536
http://indianfriendfinder.com/,http-diff,https://explorer.ooni.org/m/20260407131649.895583_KR_webconnectivity_d8603a66672a8eb4
https://kiwifarms.net/,error,https://explorer.ooni.org/m/20260407131750.785992_KR_webconnectivity_12262ea45a588368
http://koreanfriendfinder.com/,http-diff,https://explorer.ooni.org/m/20260407131754.231606_KR_webconnectivity_85f8f3f38a1150e1
http://makemodel.net/,ok,https://explorer.ooni.org/m/20260407131757.129762_KR_webconnectivity_df5da9a5019d7bed
https://maps.org/,ok,https://explorer.ooni.org/m/20260407131800.277767_KR_webconnectivity_1a43380eeef3f327
http://mingky.org/,confirmed,https://explorer.ooni.org/m/20260407131801.584013_KR_webconnectivity_0302df878e5ac325
http://ndfsk.dyndns.org/,ok,https://explorer.ooni.org/m/20260407131803.230607_KR_webconnectivity_89fc2dfe6e9c2a09
http://ndfsk.dyndns.org/kuguk8/Title1.htm,ok,https://explorer.ooni.org/m/20260407131803.910683_KR_webconnectivity_f4c5cddbb1e6baa0
https://norml.org/,ok,https://explorer.ooni.org/m/20260407131808.817972_KR_webconnectivity_1817347eb3ea80db
https://nsdapao.info/,ok,https://explorer.ooni.org/m/20260407131827.021636_KR_webconnectivity_0d64c13a0351b425
http://onlybingo.com/,http-diff,https://explorer.ooni.org/m/20260407131843.458328_KR_webconnectivity_fb23ffb733357a60
https://onlyfans.com/,ok,https://explorer.ooni.org/m/20260407131844.853840_KR_webconnectivity_3f39b6e1f08aa7e2
https://panties.com/,error,https://explorer.ooni.org/m/20260407131847.572804_KR_webconnectivity_40ac1ed2c0507fb1
http://sexkorea.net/,confirmed,https://explorer.ooni.org/m/20260407131853.802132_KR_webconnectivity_d16157341226313e
http://thaigirls.net/,http-diff,https://explorer.ooni.org/m/20260407131855.593164_KR_webconnectivity_812bdedaae398ae2
https://trashy.com/,ok,https://explorer.ooni.org/m/20260407131859.515890_KR_webconnectivity_477b33916fa61b6f
http://user.chollian.net/,dns,https://explorer.ooni.org/m/20260407131902.231280_KR_webconnectivity_685cee1aad86aa72
http://user.chollian.net/~yesooj/mincho/deama.htm,dns,https://explorer.ooni.org/m/20260407131905.647225_KR_webconnectivity_3de166aa73f9ca3d
http://via89.kr/,ok,https://explorer.ooni.org/m/20260407131906.705602_KR_webconnectivity_909ba08c84d0925b
http://video.fc2.com/ko/a/,http-diff,https://explorer.ooni.org/m/20260407131909.520767_KR_webconnectivity_183f3c714330e8d1
https://weedmaps.com/,ok,https://explorer.ooni.org/m/20260407131911.270693_KR_webconnectivity_becb9b727f7f73c9
https://worldsingles.com/,ok,https://explorer.ooni.org/m/20260407131915.735420_KR_webconnectivity_bf0429281262bffb
https://www.3wishes.com/,ok,https://explorer.ooni.org/m/20260407131919.782165_KR_webconnectivity_375183470c16320f
http://www.4online-gambling.com/,http-diff,https://explorer.ooni.org/m/20260407131921.690502_KR_webconnectivity_95057da09e3dd9c9
http://www.888casino.com/,ok,https://explorer.ooni.org/m/20260407131925.400102_KR_webconnectivity_98da8b3c8dc94d09
http://www.abcunderwear.com/,ok,https://explorer.ooni.org/m/20260407131929.249733_KR_webconnectivity_ee1e4fdbe905a4c2
http://www.absinth.com/,ok,https://explorer.ooni.org/m/20260407131932.400423_KR_webconnectivity_cc542c40825a660f
http://www.absolut.com/,ok,https://explorer.ooni.org/m/20260407131933.698401_KR_webconnectivity_8de1ae91edc9b425
https://www.agentprovocateur.com/,ok,https://explorer.ooni.org/m/20260407131935.239949_KR_webconnectivity_cdde8aa338e2bce4
https://www.americannaziparty.com/,ok,https://explorer.ooni.org/m/20260407131937.747491_KR_webconnectivity_d0b922b80e0fa100
https://www.ariannelingerie.com/,ok,https://explorer.ooni.org/m/20260407131941.600483_KR_webconnectivity_b775b2bc73dbf87d
https://www.ashleymadison.com/,ok,https://explorer.ooni.org/m/20260407131942.917096_KR_webconnectivity_24980c4322e95c69
http://www.asiabynight.com/,tcp_ip,https://explorer.ooni.org/m/20260407132028.826851_KR_webconnectivity_0d7f8f0daf4f00e5
https://www.bacardi.com/,ok,https://explorer.ooni.org/m/20260407132032.387795_KR_webconnectivity_f2b353c3a2b6c8c7
http://www.barmeister.com/,ok,https://explorer.ooni.org/m/20260407132034.846074_KR_webconnectivity_7cbb01db3c932298
https://www.bat.com/,ok,https://explorer.ooni.org/m/20260407132039.142708_KR_webconnectivity_dd537a5771cf6618
http://www.beer.com/,ok,https://explorer.ooni.org/m/20260407132045.437619_KR_webconnectivity_ff9439f4e657d577
https://www.beerinfo.com/,ok,https://explorer.ooni.org/m/20260407132051.941985_KR_webconnectivity_d286b7c3665f5134
http://www.betfair.com/,http-diff,https://explorer.ooni.org/m/20260407132052.827151_KR_webconnectivity_adc00bdca651f099
http://www.bglad.com/,http-diff,https://explorer.ooni.org/m/20260407132053.853619_KR_webconnectivity_e7c5980578dd6197
http://www.blackjackinfo.com/,http-diff,https://explorer.ooni.org/m/20260407132055.176480_KR_webconnectivity_9e909423ca5654fb
https://www.bravoporn.com/,http-failure,https://explorer.ooni.org/m/20260407132056.885326_KR_webconnectivity_293be39b7e8b1ca1
http://www.budweiser.com/,ok,https://explorer.ooni.org/m/20260407132101.462434_KR_webconnectivity_31a50f61ac91163e
https://www.buydutchseeds.com/,ok,https://explorer.ooni.org/m/20260407132105.708790_KR_webconnectivity_e130c55b16d60c65
https://www.cannaweed.com/,ok,https://explorer.ooni.org/m/20260407132107.243160_KR_webconnectivity_9af0cfdd7287d04f
https://www.casino.com/,ok,https://explorer.ooni.org/m/20260407132110.017650_KR_webconnectivity_f38f5ae59a6cace2
http://www.casinotropez.com/,http-diff,https://explorer.ooni.org/m/20260407132110.974459_KR_webconnectivity_5ddc05ce7e443825
http://www.chantelle.com/,http-diff,https://explorer.ooni.org/m/20260407132113.036283_KR_webconnectivity_98ffb46195118f2c
https://www.churchofeuthanasia.org/,ok,https://explorer.ooni.org/m/20260407132115.837766_KR_webconnectivity_6f3185f320f90f5c
http://www.columbus25.com/,ok,https://explorer.ooni.org/m/20260407132116.672275_KR_webconnectivity_1fae6a4278091a45
http://www.coquette.com/,http-diff,https://explorer.ooni.org/m/20260407132117.804059_KR_webconnectivity_f22ddb5ff0eb9b52
http://www.date.com/,http-diff,https://explorer.ooni.org/m/20260407132120.356138_KR_webconnectivity_e7eb12fcf2b816ad
https://www.dating.com/,ok,https://explorer.ooni.org/m/20260407132122.680106_KR_webconnectivity_e187aa896585657e
http://www.dekaron.co.kr/,http-diff,https://explorer.ooni.org/m/20260407132126.974269_KR_webconnectivity_0516e7d59607b181
http://www.delicates.co.uk/,ok,https://explorer.ooni.org/m/20260407132147.381275_KR_webconnectivity_3a410ef4e5c54126
https://www.dextroverse.org/,ok,https://explorer.ooni.org/m/20260407132150.865165_KR_webconnectivity_6130025932dc99f7
https://www.drugsdata.org/,tcp_ip,https://explorer.ooni.org/m/20260407132227.640464_KR_webconnectivity_bd6496285327bbe9
http://www.drugsense.org/,ok,https://explorer.ooni.org/m/20260407132233.256870_KR_webconnectivity_a6a4f69bc846e12f
http://www.dsnet.co.kr/,ok,https://explorer.ooni.org/m/20260407132249.203937_KR_webconnectivity_4d0c9b88e8e31f54
https://www.eharmony.com/,ok,https://explorer.ooni.org/m/20260407132252.776313_KR_webconnectivity_c4dfd899191eb08f
https://www.erowid.org/,tcp_ip,https://explorer.ooni.org/m/20260407132325.110842_KR_webconnectivity_886ee6f64cb57168
http://www.forbiddenasian.com/,http-diff,https://explorer.ooni.org/m/20260407132328.700561_KR_webconnectivity_25d7058a64598645
http://www.freshpair.com/,http-diff,https://explorer.ooni.org/m/20260407132330.022408_KR_webconnectivity_f7d29e4f11f2280c
http://www.fuckingfreemovies.com/,confirmed,https://explorer.ooni.org/m/20260407132331.294960_KR_webconnectivity_3a9242efb727a902
https://www.gambling.com/,ok,https://explorer.ooni.org/m/20260407132334.009663_KR_webconnectivity_2a5902051c338a6b
http://www.gamemeca.com/,http-diff,https://explorer.ooni.org/m/20260407132337.694648_KR_webconnectivity_9de0bfe1fd44d2c0
http://www.gamespot.co.kr/,http-diff,https://explorer.ooni.org/m/20260407132340.328947_KR_webconnectivity_19ac7cde214491a3
http://www.gayapatal.com/,http-diff,https://explorer.ooni.org/m/20260407132342.140356_KR_webconnectivity_dcff6a278bf83469
http://www.globalfire.tv/,ok,https://explorer.ooni.org/m/20260407132345.503602_KR_webconnectivity_be7dd174dce25ac3
https://www.goldenpalace.com/,ok,https://explorer.ooni.org/m/20260407132350.071280_KR_webconnectivity_9bfedc3df20c3665
http://www.goldenrivieracasino.com/,http-diff,https://explorer.ooni.org/m/20260407132351.150074_KR_webconnectivity_b8fde1ceadc1bfcb
http://www.gotgayporn.com/,http-diff,https://explorer.ooni.org/m/20260407132352.864867_KR_webconnectivity_c1115f5148dcde43
http://www.hanes.com/,ok,https://explorer.ooni.org/m/20260407132353.796957_KR_webconnectivity_5ead10c8925067ed
https://www.happn.com/,ok,https://explorer.ooni.org/m/20260407132356.356027_KR_webconnectivity_765d3dc6ac324e27
http://www.hiliq.net/,ok,https://explorer.ooni.org/m/20260407132403.279767_KR_webconnectivity_701ee4d70e6bda4a
http://www.i-um.com/,http-diff,https://explorer.ooni.org/m/20260407132404.869729_KR_webconnectivity_2edac11bf3c5c06a
http://www.ilbe.com/,dns,https://explorer.ooni.org/m/20260407132407.241638_KR_webconnectivity_cd8dc6f55573cd75
http://www.indianporngirls.com/,http-diff,https://explorer.ooni.org/m/20260407132410.475581_KR_webconnectivity_8a46547d950c9020
https://www.ipair.com/,ok,https://explorer.ooni.org/m/20260407132412.949808_KR_webconnectivity_e7c15e186f20ada5
http://www.jackdaniels.com/,ok,https://explorer.ooni.org/m/20260407132416.340189_KR_webconnectivity_2cb137afa9661e72
https://www.jackpotcitycasino1.com/,ok,https://explorer.ooni.org/m/20260407132421.149261_KR_webconnectivity_e50db2a7e2084f45
https://www.jdate.com/,ok,https://explorer.ooni.org/m/20260407132422.981405_KR_webconnectivity_ef9d8110d69a9a04
http://www.joyhunting.com/,http-diff,https://explorer.ooni.org/m/20260407132439.374564_KR_webconnectivity_a6029fae8f10b6fb
http://www.jupae.com/,ok,https://explorer.ooni.org/m/20260407132456.163935_KR_webconnectivity_5f79309c47f20014
http://www.lesbiansubmission.com/,http-diff,https://explorer.ooni.org/m/20260407132500.237021_KR_webconnectivity_5f091561fd0fdc96
http://www.lineage.co.kr/,error,https://explorer.ooni.org/m/20260407132504.666364_KR_webconnectivity_f44d76240a31d83e
https://www.lovoo.com/,ok,https://explorer.ooni.org/m/20260407132506.609563_KR_webconnectivity_bbd892e3d2c9bd4f
http://www.luckynugget.com/,http-diff,https://explorer.ooni.org/m/20260407132507.406166_KR_webconnectivity_34361de43d686a8e
http://www.marijuanatravels.com/,confirmed,https://explorer.ooni.org/m/20260407132523.454944_KR_webconnectivity_7668401b0d0d07a9
http://www.mgame.com/,http-diff,https://explorer.ooni.org/m/20260407132525.428524_KR_webconnectivity_6583146dbaffecb6
http://www.moderndrunkardmagazine.com/,ok,https://explorer.ooni.org/m/20260407132558.008593_KR_webconnectivity_3cc04f0a082d9085
http://www.monacogoldcasino.com/,http-diff,https://explorer.ooni.org/m/20260407132600.146603_KR_webconnectivity_59bf64f39a3abc18
http://www.mrchewsasianbeaver.com/,confirmed,https://explorer.ooni.org/m/20260407132605.074612_KR_webconnectivity_662c42dafc69bfcb
http://www.neonjoint.com/,error,https://explorer.ooni.org/m/20260407132606.081291_KR_webconnectivity_e6fe22aa68de3c03
https://www.okcupid.com/,ok,https://explorer.ooni.org/m/20260407132607.241681_KR_webconnectivity_2092e7b0dbf36331
http://www.online-dating.org/,http-diff,https://explorer.ooni.org/m/20260407132608.690405_KR_webconnectivity_e5a8d87047c15239
https://www.onlinegambling.com/,ok,https://explorer.ooni.org/m/20260407132615.089067_KR_webconnectivity_5e0ff9391859b24e
http://www.originalelf.com/,error,https://explorer.ooni.org/m/20260407132620.330357_KR_webconnectivity_9f961686705b9391
http://www.partypoker.com/,http-diff,https://explorer.ooni.org/m/20260407132621.290704_KR_webconnectivity_73a695ef2741b14d
https://www.partypoker.net/,ok,https://explorer.ooni.org/m/20260407132624.653529_KR_webconnectivity_6b3e0ecbcccc256b
https://www.playboy.com/,ok,https://explorer.ooni.org/m/20260407132628.498771_KR_webconnectivity_b8bb802e3152c296
https://www.pmi.com/,ok,https://explorer.ooni.org/m/20260407132633.345147_KR_webconnectivity_928723e87dc5ed34
http://www.pof.com/,http-diff,https://explorer.ooni.org/m/20260407132634.254548_KR_webconnectivity_0616fc3f3b21f1e6
http://www.poker.com/,http-diff,https://explorer.ooni.org/m/20260407132635.207679_KR_webconnectivity_b45d043cc74d8a52
http://www.pokerstars.com/,ok,https://explorer.ooni.org/m/20260407132641.319744_KR_webconnectivity_435d0d9bac207c62
http://www.ranking.co.kr/,http-diff,https://explorer.ooni.org/m/20260407132648.482066_KR_webconnectivity_df9e2d2f60d36a8b
http://www.realbeer.com/,ok,https://explorer.ooni.org/m/20260407132650.383908_KR_webconnectivity_958efa5e39bd7bbf
http://www.ricefever.com/,dns,https://explorer.ooni.org/m/20260407132653.038038_KR_webconnectivity_1b00a4b90a9d215e
http://www.riverbelle.com/,http-diff,https://explorer.ooni.org/m/20260407132653.894260_KR_webconnectivity_cdbf4dd548314bae
http://www.rollitup.org/,http-diff,https://explorer.ooni.org/m/20260407132654.927583_KR_webconnectivity_b219fe3aba118127
http://www.royalvegas-casino-kr.com/,dns,https://explorer.ooni.org/m/20260407132658.082101_KR_webconnectivity_cc8e40e07fc7ca5e
http://www.royalvegas.com/,http-diff,https://explorer.ooni.org/m/20260407132659.034049_KR_webconnectivity_3b0d6d1cb68ca3aa
http://www.rxmarijuana.com/,ok,https://explorer.ooni.org/m/20260407132700.088682_KR_webconnectivity_a8923ee199a81bb7
http://www.satp.org/,ok,https://explorer.ooni.org/m/20260407132704.887384_KR_webconnectivity_d2312e48e3db7cd1
https://www.shroomery.org/,ok,https://explorer.ooni.org/m/20260407132707.592364_KR_webconnectivity_8137d4a22846b8fd
http://www.slotland.com/,http-diff,https://explorer.ooni.org/m/20260407132709.616221_KR_webconnectivity_9a5a2523a357b05b
http://www.soramall.kr/,error,https://explorer.ooni.org/m/20260407132726.791247_KR_webconnectivity_6dec99ecc8241fdb
https://www.spark.com/,ok,https://explorer.ooni.org/m/20260407132728.533789_KR_webconnectivity_5828cc3edd2024ef
http://www.speeddater.co.uk/,ok,https://explorer.ooni.org/m/20260407132731.553972_KR_webconnectivity_092a9c6e1953470f
http://www.spinpalace.com/,http-diff,https://explorer.ooni.org/m/20260407132735.627792_KR_webconnectivity_9cabfe0c520a06b7
http://www.sportingbet.com/,http-diff,https://explorer.ooni.org/m/20260407132736.698620_KR_webconnectivity_fc7a7523b80a285d
http://www.sportsinteraction.com/,http-diff,https://explorer.ooni.org/m/20260407132737.545175_KR_webconnectivity_78832eafb6e47b5d
http://www.taima.org/,ok,https://explorer.ooni.org/m/20260407132738.932614_KR_webconnectivity_084ea53bc3d5be4b
http://www.tobacco.org/,ok,https://explorer.ooni.org/m/20260407132740.652592_KR_webconnectivity_ac21cea5cbebd64d
http://www.topdrawers.com/,http-diff,https://explorer.ooni.org/m/20260407132741.684249_KR_webconnectivity_0fde57b784d4ffbc
http://www.vanguardnewsnetwork.com/,ok,https://explorer.ooni.org/m/20260407132745.005460_KR_webconnectivity_197fe1d1e0db57b7
http://www.venus.com/,http-diff,https://explorer.ooni.org/m/20260407132746.226796_KR_webconnectivity_880f22699014a488
https://www.victoriassecret.com/,ok,https://explorer.ooni.org/m/20260407132749.305674_KR_webconnectivity_1edcb116c86fc146
http://www.wegames.net/,http-diff,https://explorer.ooni.org/m/20260407132751.136404_KR_webconnectivity_3f02d905260caeec
http://www.winespectator.com/,ok,https://explorer.ooni.org/m/20260407132754.449064_KR_webconnectivity_0f0ce1b230740212
https://www.xnxx.com/,http-failure,https://explorer.ooni.org/m/20260407132757.514103_KR_webconnectivity_29b2f7de58b677cc
http://www.xvideos.com/,http-diff,https://explorer.ooni.org/m/20260407132800.482884_KR_webconnectivity_133fc1cd588878c5
https://www.xvideos.com/,http-failure,https://explorer.ooni.org/m/20260407132803.558815_KR_webconnectivity_59aa58d54f3bb9a0
https://www.youporn.com/,http-failure,https://explorer.ooni.org/m/20260407132804.620050_KR_webconnectivity_877b36ce87535bc5
https://xhamster.com/,ok,https://explorer.ooni.org/m/20260407132808.389553_KR_webconnectivity_98bb7fca3fe3dfa0
http://ywoos.com/,confirmed,https://explorer.ooni.org/m/20260407132824.923758_KR_webconnectivity_8d0f798fd952e0c4
https://1.1.1.1/,tcp_ip,https://explorer.ooni.org/m/20260407132855.749662_KR_webconnectivity_4eb54d25f79b8d52
http://2015peoplepower.tistory.com/,ok,https://explorer.ooni.org/m/20260407132858.166751_KR_webconnectivity_749fe36e5c5b7084
https://4genderjustice.org/,ok,https://explorer.ooni.org/m/20260407132902.796728_KR_webconnectivity_95470d4f129454c0
https://76crimes.com/,ok,https://explorer.ooni.org/m/20260407132907.765700_KR_webconnectivity_267bbbfcf3e54578
http://abc.go.com/,ok,https://explorer.ooni.org/m/20260407132913.705726_KR_webconnectivity_dc5f8af1de3c5262
http://act.jinbo.net/,ok,https://explorer.ooni.org/m/20260407132923.532190_KR_webconnectivity_78c60764b5d26c01
https://actionaid.org/,ok,https://explorer.ooni.org/m/20260407132927.983378_KR_webconnectivity_f00b78a210f9c536
https://advox.globalvoices.org/,error,https://explorer.ooni.org/m/20260407132931.756972_KR_webconnectivity_7a8e3eb251ce9afc
https://amnezia.org/,ok,https://explorer.ooni.org/m/20260407132937.057477_KR_webconnectivity_e4c8c00c0bcdf48b
http://anonymizer.secuser.com/,http-diff,https://explorer.ooni.org/m/20260407132940.087776_KR_webconnectivity_1b70f6f91506c01c
http://anonymouse.org/,http-diff,https://explorer.ooni.org/m/20260407132941.620668_KR_webconnectivity_5ba4d7f73dad1c8f
https://antivigilancia.org/,ok,https://explorer.ooni.org/m/20260407132945.866353_KR_webconnectivity_8df0dd680c8db549
https://arc-international.net/,ok,https://explorer.ooni.org/m/20260407132951.804613_KR_webconnectivity_9f3cfb345fce3ee2
https://asiatimes.com/,ok,https://explorer.ooni.org/m/20260407132954.470138_KR_webconnectivity_a842086dd03ae14f
https://atlasofsurveillance.org/,ok,https://explorer.ooni.org/m/20260407132957.317553_KR_webconnectivity_27f43739442c0832
https://banthis.tv/,ok,https://explorer.ooni.org/m/20260407133000.725109_KR_webconnectivity_191d8171f3cc5b2a
http://base21.jinbo.net/,ok,https://explorer.ooni.org/m/20260407133009.734191_KR_webconnectivity_295c292899003661
https://blog.genderwatchdog.org/,ok,https://explorer.ooni.org/m/20260407133012.223057_KR_webconnectivity_5d45b2de6b0d9d51
http://blog.jinbo.net/,ok,https://explorer.ooni.org/m/20260407133020.514205_KR_webconnectivity_c75fdfa4172f8605
https://bouncer.ooni.io/,ok,https://explorer.ooni.org/m/20260407133024.540055_KR_webconnectivity_5108bda37ffbe6e3
https://brothersroad.org/,ok,https://explorer.ooni.org/m/20260407133027.279973_KR_webconnectivity_6d876be0d70cd2f9
https://btguard.com/,ok,https://explorer.ooni.org/m/20260407133032.618048_KR_webconnectivity_894bc40a10558a9c
http://cafe.daum.net/,ok,https://explorer.ooni.org/m/20260407133036.535719_KR_webconnectivity_7d1d16477751687a
http://cafe.daum.net/antimb,ok,https://explorer.ooni.org/m/20260407133040.137549_KR_webconnectivity_6f844069f674acd0
http://cafe.daum.net/libertyofthepress,ok,https://explorer.ooni.org/m/20260407133043.412045_KR_webconnectivity_80da444537024052
http://cafe.daum.net/pridecare,ok,https://explorer.ooni.org/m/20260407133045.752597_KR_webconnectivity_3515eaf175e769fa
http://cafe.daum.net/stopcjd,ok,https://explorer.ooni.org/m/20260407133048.953067_KR_webconnectivity_106d2b08315b27a2
http://cafe.naver.com/asunaro/,ok,https://explorer.ooni.org/m/20260407133054.781732_KR_webconnectivity_8fbfbbc855464d18
https://carnegieendowment.org/,ok,https://explorer.ooni.org/m/20260407133058.053924_KR_webconnectivity_5a0beef326b2ed4a
https://certbot.eff.org/,ok,https://explorer.ooni.org/m/20260407133101.737004_KR_webconnectivity_4fa533890e4c49ca
https://citizenlab.ca/,ok,https://explorer.ooni.org/m/20260407133106.296323_KR_webconnectivity_ed61db61f331b1a2
https://cpj.org/,ok,https://explorer.ooni.org/m/20260407133109.422018_KR_webconnectivity_59f174fa85ac0c6b
https://cryptpad.fr/,ok,https://explorer.ooni.org/m/20260407133112.757263_KR_webconnectivity_cc7c1630534350f1
https://cryptpad.org/instances/,ok,https://explorer.ooni.org/m/20260407133117.189948_KR_webconnectivity_a29930c887c413c5
https://csid-online.org/,ok,https://explorer.ooni.org/m/20260407133121.092729_KR_webconnectivity_ea890002f2271dbd
https://cyber.harvard.edu/,ok,https://explorer.ooni.org/m/20260407133125.025857_KR_webconnectivity_33cf6799dd682d32
https://ddosecrets.com/,ok,https://explorer.ooni.org/m/20260407133145.643479_KR_webconnectivity_719dbfbdfefe21c4
https://disclose.ngo/,ok,https://explorer.ooni.org/m/20260407133148.222341_KR_webconnectivity_d60b0a1aaa98b767
http://english.eduhope.net/,ok,https://explorer.ooni.org/m/20260407133151.319821_KR_webconnectivity_aaa2707101c38d01
http://english.hani.co.kr/,ok,https://explorer.ooni.org/m/20260407133155.003934_KR_webconnectivity_eb9869fe95b78817
http://english.yna.co.kr/,error,https://explorer.ooni.org/m/20260407133157.057960_KR_webconnectivity_291390251c730c1e
https://epic.org/,ok,https://explorer.ooni.org/m/20260407133200.973407_KR_webconnectivity_d4f973257c61aeed
https://feminist.org/,ok,https://explorer.ooni.org/m/20260407133205.755740_KR_webconnectivity_414c3a6693966a8e
https://fleegle.mixmin.net/,ok,https://explorer.ooni.org/m/20260407133208.408558_KR_webconnectivity_d3917c82f3955118
https://fondfbr.ru/,ok,https://explorer.ooni.org/m/20260407133218.738032_KR_webconnectivity_9f7bb6ac5a9aedf4
https://freedomhouse.org/,ok,https://explorer.ooni.org/m/20260407133222.326044_KR_webconnectivity_489485e20a1adab3
https://freemuse.org/,ok,https://explorer.ooni.org/m/20260407133231.847279_KR_webconnectivity_3df3983665665c3d
https://freespeechdebate.com/,tcp_ip,https://explorer.ooni.org/m/20260407133317.763165_KR_webconnectivity_5b5ffcb7905f9f4f
https://fronterafundrgv.org/,ok,https://explorer.ooni.org/m/20260407133324.700807_KR_webconnectivity_0d46b1be5ad1f647
https://fundtexaschoice.org/,ok,https://explorer.ooni.org/m/20260407133328.272887_KR_webconnectivity_b7663532195ed56f
https://gaymenshealth.org/,ok,https://explorer.ooni.org/m/20260407133334.368062_KR_webconnectivity_7662d507d3c74106
https://genderandaids.unwomen.org/,ok,https://explorer.ooni.org/m/20260407133336.561741_KR_webconnectivity_e9e4095cd3c455c7
https://globalpressjournal.com/,ok,https://explorer.ooni.org/m/20260407133340.810392_KR_webconnectivity_e3f01b2a6866410a
https://globalvoices.org/,tcp_ip,https://explorer.ooni.org/m/20260407133342.203040_KR_webconnectivity_91d3926be99351f6
http://go.jinbo.net/,ok,https://explorer.ooni.org/m/20260407133346.189408_KR_webconnectivity_356942947984c0a9
https://gpgtools.org/,ok,https://explorer.ooni.org/m/20260407133351.097912_KR_webconnectivity_09144704928799b3
https://guardianproject.info/,ok,https://explorer.ooni.org/m/20260407133356.641427_KR_webconnectivity_7dd837a2a91ce6ab
http://hbyd.org/,ok,https://explorer.ooni.org/m/20260407133407.847992_KR_webconnectivity_a1b0060a6ce38b94
https://help.unhcr.org/,ok,https://explorer.ooni.org/m/20260407133411.681795_KR_webconnectivity_677b9efc25d5fa92
http://hotzone.yahoo.com/,ok,https://explorer.ooni.org/m/20260407133414.448728_KR_webconnectivity_281706ac08215870
http://hrights.or.kr/,ok,https://explorer.ooni.org/m/20260407133424.182012_KR_webconnectivity_9134a7761980c94c
http://hrlibrary.umn.edu/iwraw/,ok,https://explorer.ooni.org/m/20260407133428.238762_KR_webconnectivity_76333553532ecffa
http://humanmed.org/,ok,https://explorer.ooni.org/m/20260407133432.724366_KR_webconnectivity_ef9482e37840def8
https://i2p2.de/,error,https://explorer.ooni.org/m/20260407133439.216859_KR_webconnectivity_fd8d35617c2bc8f1
https://i2pforum.net/,ok,https://explorer.ooni.org/m/20260407133444.457709_KR_webconnectivity_061bf314fe41d147
https://i2pgit.org/,ok,https://explorer.ooni.org/m/20260407133447.024027_KR_webconnectivity_2eab91890d475aed
https://ifeminists.com/,ok,https://explorer.ooni.org/m/20260407133452.858633_KR_webconnectivity_56d8b1b782b8c677
http://ijunnong.net/,ok,https://explorer.ooni.org/m/20260407133456.745076_KR_webconnectivity_4085b76962145acc
https://ikhwanonline.com/,ok,https://explorer.ooni.org/m/20260407133501.053065_KR_webconnectivity_f19eec2abdfa3659
https://ilga.org/,ok,https://explorer.ooni.org/m/20260407133504.681054_KR_webconnectivity_f2148de617d038b2
http://impeter.tistory.com/,ok,https://explorer.ooni.org/m/20260407133507.236491_KR_webconnectivity_e23823088a36849c
http://instinctmagazine.com/,ok,https://explorer.ooni.org/m/20260407133514.202990_KR_webconnectivity_4e285264da41403d
https://internationalfamilyequalityday.org/,ok,https://explorer.ooni.org/m/20260407133521.268958_KR_webconnectivity_bd78ecbfe21d2564
https://ipi.media/,ok,https://explorer.ooni.org/m/20260407133528.183522_KR_webconnectivity_dcfbabd6a0ace081
http://ivancity.com/,http-diff,https://explorer.ooni.org/m/20260407133531.932895_KR_webconnectivity_5aba5013e8e780a4
https://janesdueprocess.org/,ok,https://explorer.ooni.org/m/20260407133535.364541_KR_webconnectivity_a86ec5824771d1c5
https://jezebel.com/,ok,https://explorer.ooni.org/m/20260407133539.755288_KR_webconnectivity_59c052d74d335c31
http://joins.com/,ok,https://explorer.ooni.org/m/20260407133555.537651_KR_webconnectivity_edacf0805dc0d233
http://joongang.joins.com/,ok,https://explorer.ooni.org/m/20260407133558.128099_KR_webconnectivity_3d232a75e7f78f5c
http://joongangdaily.joins.com/,ok,https://explorer.ooni.org/m/20260407133603.411730_KR_webconnectivity_05f16bd1f1141d8d
http://jtbc.joins.com/,ok,https://explorer.ooni.org/m/20260407133610.271130_KR_webconnectivity_a653538d2a18ec8e
https://justassociates.org/,ok,https://explorer.ooni.org/m/20260407133618.105050_KR_webconnectivity_65df04d50588414c
https://justthepill.com/,ok,https://explorer.ooni.org/m/20260407133619.991327_KR_webconnectivity_73bb8fa3db9c9c0c
https://kaleidoscopetrust.com/,ok,https://explorer.ooni.org/m/20260407133626.240925_KR_webconnectivity_c151917ef8b9c180
https://keys.openpgp.org/,ok,https://explorer.ooni.org/m/20260407133628.722487_KR_webconnectivity_1327d3452f80be6e
http://kfcitu.org/,ok,https://explorer.ooni.org/m/20260407133637.234934_KR_webconnectivity_a3af7673cd760d9a
http://khilafah.net/,ok,https://explorer.ooni.org/m/20260407133649.182872_KR_webconnectivity_14a9a0c313b88546
http://kieu.or.kr/,ok,https://explorer.ooni.org/m/20260407133652.869672_KR_webconnectivity_95ee575c2d0b70c8
http://koreapinkmap.com/,dns,https://explorer.ooni.org/m/20260407133700.090380_KR_webconnectivity_400ead5cf55bbf81
http://koredufund.org.kp/,tcp_ip,https://explorer.ooni.org/m/20260407133752.004361_KR_webconnectivity_c137f2c394c578f7
http://korelcfund.org.kp/,tcp_ip,https://explorer.ooni.org/m/20260407133842.566491_KR_webconnectivity_896bfe5fe08e72f8
http://ktu.or.kr/,tcp_ip,https://explorer.ooni.org/m/20260407133914.426874_KR_webconnectivity_2b418e5e81d08e4c
https://laborrights.org/,ok,https://explorer.ooni.org/m/20260407133920.937804_KR_webconnectivity_17f155ed850d3ae6
http://leftworkers.org/,ok,https://explorer.ooni.org/m/20260407133925.491966_KR_webconnectivity_86ead9247894a616
https://lgbt.foundation/,ok,https://explorer.ooni.org/m/20260407133929.799560_KR_webconnectivity_cdc9972ac049fc1a
http://lgbtact.org/,error,https://explorer.ooni.org/m/20260407133946.561743_KR_webconnectivity_66dfeb72137d23be
https://lgbtqia.space/,ok,https://explorer.ooni.org/m/20260407133950.089457_KR_webconnectivity_4395eff35f3390ef
https://liveuamap.com/,ok,https://explorer.ooni.org/m/20260407133955.285068_KR_webconnectivity_f786258044609c28
https://lokinet.org/,ok,https://explorer.ooni.org/m/20260407133958.731518_KR_webconnectivity_ebe0bde221c6e47b
https://makeamazonpay.com/,ok,https://explorer.ooni.org/m/20260407134002.560032_KR_webconnectivity_32a43255af935b3d
https://mask-api.icloud.com/,ok,https://explorer.ooni.org/m/20260407134005.735757_KR_webconnectivity_2fe461282068d205
https://mask.icloud.com/,error,https://explorer.ooni.org/m/20260407134008.494698_KR_webconnectivity_0e5cd6575742762b
http://media.daum.net/,ok,https://explorer.ooni.org/m/20260407134016.151387_KR_webconnectivity_5c8104fd87aacaff
http://media.nodong.org/,ok,https://explorer.ooni.org/m/20260407134020.480982_KR_webconnectivity_23e2bad7a378b0de
https://mega.nz/,ok,https://explorer.ooni.org/m/20260407134023.618730_KR_webconnectivity_29f452b00b843b71
http://members.tripod.com/~INDIA_RESOURCE/savoice.html,error,https://explorer.ooni.org/m/20260407134040.185798_KR_webconnectivity_8682ca520eda1617
https://messagevortex.net/,ok,https://explorer.ooni.org/m/20260407134045.462016_KR_webconnectivity_e3233740dbf33266
http://migrant.nodong.net/,ok,https://explorer.ooni.org/m/20260407134048.429825_KR_webconnectivity_f6caee8702f1bc1a
http://minbyun.jinbo.net/,ok,https://explorer.ooni.org/m/20260407134054.638409_KR_webconnectivity_ef1db448b09e3ef3
https://moscow.rtrs.ru/,ok,https://explorer.ooni.org/m/20260407134058.355307_KR_webconnectivity_d5472b7c6e4e211d
http://naenara.com.kp/,tcp_ip,https://explorer.ooni.org/m/20260407134134.300133_KR_webconnectivity_7234575a587c6f26
https://ncac.org/,ok,https://explorer.ooni.org/m/20260407134139.182729_KR_webconnectivity_974998c98f244cbe
https://neilalexander.s3.dualstack.eu-west-2.amazonaws.com/deb/key.txt,ok,https://explorer.ooni.org/m/20260407134143.878738_KR_webconnectivity_408013737eb1b71c
http://news.bbc.co.uk/2/hi/asia-pacific/,ok,https://explorer.ooni.org/m/20260407134149.925497_KR_webconnectivity_12fd8cfa4bffc7df
https://news.google.com/,ok,https://explorer.ooni.org/m/20260407134155.723360_KR_webconnectivity_53388aeb45d4f879
http://news.naver.com/,ok,https://explorer.ooni.org/m/20260407134200.117189_KR_webconnectivity_1c9a6a256920f532
http://newstapa.org/,ok,https://explorer.ooni.org/m/20260407134204.679472_KR_webconnectivity_3a4551fbeb308723
http://nodong.org/,ok,https://explorer.ooni.org/m/20260407134210.260112_KR_webconnectivity_4a60e0172449b4eb
http://noneis.jinbo.net/,ok,https://explorer.ooni.org/m/20260407134215.424183_KR_webconnectivity_98018701b67f594a
https://now.org/,ok,https://explorer.ooni.org/m/20260407134218.202595_KR_webconnectivity_7d2b309bd6d463a7
https://numun.fund/,ok,https://explorer.ooni.org/m/20260407134225.877704_KR_webconnectivity_292b89e5174ce22b
https://nypost.com/,ok,https://explorer.ooni.org/m/20260407134230.481257_KR_webconnectivity_8f705d3543e5b2fb
https://onionshare.org/,ok,https://explorer.ooni.org/m/20260407134233.042751_KR_webconnectivity_3227b6887fcee7e5
https://ooni.torproject.org/,ok,https://explorer.ooni.org/m/20260407134237.546536_KR_webconnectivity_3230ea27dc8f9ccd
https://opennet.net/,ok,https://explorer.ooni.org/m/20260407134243.013964_KR_webconnectivity_68f534eece77d7a1
http://opennet.or.kr/,ok,https://explorer.ooni.org/m/20260407134252.249081_KR_webconnectivity_9017b31b3db1496f
https://openvpn.net/,ok,https://explorer.ooni.org/m/20260407134254.396961_KR_webconnectivity_39fbb1df85191cf5
https://otr.cypherpunks.ca/,ok,https://explorer.ooni.org/m/20260407134258.069958_KR_webconnectivity_3693ebd2493224e8
http://outpridekorea.com/,http-diff,https://explorer.ooni.org/m/20260407134314.850996_KR_webconnectivity_9bd85ac4ac24f7e9
https://outrightinternational.org/,ok,https://explorer.ooni.org/m/20260407134318.215829_KR_webconnectivity_e0c01acf2d269409
http://peacekorea.org/,ok,https://explorer.ooni.org/m/20260407134322.189708_KR_webconnectivity_7e0caeaeddc19b3f
https://pirateparty.org.au/,ok,https://explorer.ooni.org/m/20260407134324.239657_KR_webconnectivity_844eba43eb4ac3f8
http://poor.jinbo.net/,ok,https://explorer.ooni.org/m/20260407134327.564124_KR_webconnectivity_d433d2f2c2d3e19e
http://ppss.kr/,ok,https://explorer.ooni.org/m/20260407134334.690523_KR_webconnectivity_ac1f4a24241c3c61
https://pridesource.com/,ok,https://explorer.ooni.org/m/20260407134338.680628_KR_webconnectivity_0516b79137f6cc4b
https://proton.me/,ok,https://explorer.ooni.org/m/20260407134345.021113_KR_webconnectivity_2295a2a21222e2d4
https://protonvpn.com/,http-failure,https://explorer.ooni.org/m/20260407134406.490591_KR_webconnectivity_d4eaec6727560025
https://psiphon.ca/,ok,https://explorer.ooni.org/m/20260407134412.877198_KR_webconnectivity_e911e12df7d2a48e
http://pssp.org/,ok,https://explorer.ooni.org/m/20260407134417.734008_KR_webconnectivity_070e33695e4ee96f
https://queernet-rlp.de/,ok,https://explorer.ooni.org/m/20260407134424.593610_KR_webconnectivity_89f5d3e395f31eef
https://radiofreel.github.io/,ok,https://explorer.ooni.org/m/20260407134426.855857_KR_webconnectivity_70e7994268a91b4b
https://radiofreel.gitlab.io/,ok,https://explorer.ooni.org/m/20260407134430.390515_KR_webconnectivity_131b98be09a39f43
https://reclaimthenet.org/,ok,https://explorer.ooni.org/m/20260407134435.619304_KR_webconnectivity_714934a7a5023cf1
https://reliefweb.int/,ok,https://explorer.ooni.org/m/20260407134442.216120_KR_webconnectivity_c849bc54c647785d
https://remailer.paranoici.org/,ok,https://explorer.ooni.org/m/20260407134446.053055_KR_webconnectivity_5050d6c130159804
https://ren.tv/,ok,https://explorer.ooni.org/m/20260407134449.957811_KR_webconnectivity_98c44b22c7e57321
https://reproductiverights.org/,ok,https://explorer.ooni.org/m/20260407134452.724477_KR_webconnectivity_18ed670fa3ed2073
https://ria.ru/,ok,https://explorer.ooni.org/m/20260407134500.158602_KR_webconnectivity_d25f176469aa8ee3
http://rodong.rep.kp/,tcp_ip,https://explorer.ooni.org/m/20260407134547.560645_KR_webconnectivity_51bb2ca46f120821
https://rsf.org/,ok,https://explorer.ooni.org/m/20260407134553.033692_KR_webconnectivity_010838eb5dba357e
https://rtr-planeta.com/,ok,https://explorer.ooni.org/m/20260407134612.840250_KR_webconnectivity_995adc0d103d4265
http://russia.tv/,ok,https://explorer.ooni.org/m/20260407134618.718547_KR_webconnectivity_c9996e656b334ab0
http://sadd.or.kr/,ok,https://explorer.ooni.org/m/20260407134624.262834_KR_webconnectivity_63eb067ec2ee2696
https://safeabortionpill.org/,ok,https://explorer.ooni.org/m/20260407134628.553618_KR_webconnectivity_836b26b9b9c4d40b
https://safeabortionpills.com/,ok,https://explorer.ooni.org/m/20260407134632.881990_KR_webconnectivity_1ae43c10003ca717
https://sandbox.cryptpad.info/,ok,https://explorer.ooni.org/m/20260407134635.951514_KR_webconnectivity_4e1e9c5270db7f53
https://sea-watch.org/,ok,https://explorer.ooni.org/m/20260407134641.569539_KR_webconnectivity_a5db00be7e293db6
https://secfirst.org/,error,https://explorer.ooni.org/m/20260407134644.221926_KR_webconnectivity_765e465981d16b33
https://securevpn.im/,ok,https://explorer.ooni.org/m/20260407134648.219700_KR_webconnectivity_4ec7957105bbdf14
http://seoul.nodong.org/,ok,https://explorer.ooni.org/m/20260407134651.549099_KR_webconnectivity_c7f791811f73e971
http://service.nodong.org/,ok,https://explorer.ooni.org/m/20260407134701.493084_KR_webconnectivity_c5754ed162da4ae0
http://sewolho416.org/,ok,https://explorer.ooni.org/m/20260407134705.529214_KR_webconnectivity_a8d4328c1528df8a
https://slate.com/,ok,https://explorer.ooni.org/m/20260407134711.371768_KR_webconnectivity_ffa3959bde27cdaf
https://southfeministfutures.org/,ok,https://explorer.ooni.org/m/20260407134716.302488_KR_webconnectivity_abba3dd1eeea4368
https://sputniknews.cn/,ok,https://explorer.ooni.org/m/20260407134719.670958_KR_webconnectivity_312e509ba6df6d45
http://surprise.or.kr/board/,ok,https://explorer.ooni.org/m/20260407134723.243718_KR_webconnectivity_b1f7cc0e3d03af1d
https://tacticaltech.org/,ok,https://explorer.ooni.org/m/20260407134737.638321_KR_webconnectivity_aa4034521d98fd4b
https://tails.net/,ok,https://explorer.ooni.org/m/20260407134741.970817_KR_webconnectivity_a8d2289279aa5a92
https://theglobalobservatory.org/,ok,https://explorer.ooni.org/m/20260407134747.823872_KR_webconnectivity_1c4c2b72d7ee32cc
http://theimpeter.com/,error,https://explorer.ooni.org/m/20260407134805.743971_KR_webconnectivity_d0a1b513f4bbd621
https://threema.ch/,ok,https://explorer.ooni.org/m/20260407134814.349155_KR_webconnectivity_2e3a34752f5842e6
https://timcast.com/,ok,https://explorer.ooni.org/m/20260407134817.939176_KR_webconnectivity_4c9410c1fd76fe51
http://times.hankooki.com/,http-diff,https://explorer.ooni.org/m/20260407134819.949163_KR_webconnectivity_b64700463f863580
https://timesofindia.indiatimes.com/,ok,https://explorer.ooni.org/m/20260407134822.857515_KR_webconnectivity_28621828345da43f
https://transequality.org/,ok,https://explorer.ooni.org/m/20260407134826.932955_KR_webconnectivity_ee447e8d77f5c36c
http://transparency.or.kr/,ok,https://explorer.ooni.org/m/20260407134834.051994_KR_webconnectivity_0baa373c0048f195
http://twokoreas.blogspot.com/,ok,https://explorer.ooni.org/m/20260407134838.155969_KR_webconnectivity_2a991c10641a2bbb
https://tyt.com/,error,https://explorer.ooni.org/m/20260407134854.894608_KR_webconnectivity_4241b632ef55a172
https://unpo.org/,error,https://explorer.ooni.org/m/20260407134911.823065_KR_webconnectivity_9efc573a94f2dcda
https://urgentactionfund.org/,error,https://explorer.ooni.org/m/20260407134928.908569_KR_webconnectivity_73a0e2ddd62b70f0
https://veracrypt.fr/,ok,https://explorer.ooni.org/m/20260407134938.561263_KR_webconnectivity_4bdc105bdede1074
https://vgtrk.ru/,ok,https://explorer.ooni.org/m/20260407134943.654036_KR_webconnectivity_cb0de8669f92a032
http://viewsnnews.com/,ok,https://explorer.ooni.org/m/20260407134952.800991_KR_webconnectivity_361f5e01a51655e9
http://vok.rep.kp/,tcp_ip,https://explorer.ooni.org/m/20260407135030.571243_KR_webconnectivity_ae07e490257bc17a
https://vuejs.org/,ok,https://explorer.ooni.org/m/20260407135033.410248_KR_webconnectivity_cb1553fb1777802e
http://wcollar.tistory.com/308,ok,https://explorer.ooni.org/m/20260407135035.657169_KR_webconnectivity_4594bcbf827627c2
https://wearechange.org/,ok,https://explorer.ooni.org/m/20260407135038.891835_KR_webconnectivity_eb1639d27195e797
https://wedo.org/,ok,https://explorer.ooni.org/m/20260407135045.345847_KR_webconnectivity_bb264e9269afa051
https://wfrtds.org/,ok,https://explorer.ooni.org/m/20260407135049.188507_KR_webconnectivity_686bd50dc4907fbb
https://whrdic.org/,ok,https://explorer.ooni.org/m/20260407135054.401840_KR_webconnectivity_fc825c538e6541e4
https://wickr.com/,ok,https://explorer.ooni.org/m/20260407135057.689731_KR_webconnectivity_b16c4337a2b1b48e
https://wikileaks.org/,ok,https://explorer.ooni.org/m/20260407135101.772248_KR_webconnectivity_681bf43fc07a9759
https://women-on-web.kr/,ok,https://explorer.ooni.org/m/20260407135106.375770_KR_webconnectivity_436a90708024f0a7
https://womeninblack.org/,ok,https://explorer.ooni.org/m/20260407135112.114494_KR_webconnectivity_b9010f6863af8a14
http://workingvoice.net/,ok,https://explorer.ooni.org/m/20260407135116.831923_KR_webconnectivity_1098356ca514c3b2
https://world.internationalism.org/,ok,https://explorer.ooni.org/m/20260407135124.958078_KR_webconnectivity_ac8ec0566a128b0f
https://www.1tv.ru/,ok,https://explorer.ooni.org/m/20260407135129.885022_KR_webconnectivity_49a15c75a64a0b49
http://www.2016change.net/,ok,https://explorer.ooni.org/m/20260407135137.570869_KR_webconnectivity_d1acfd3345231cbd
https://www.access-unlocked.org/,ok,https://explorer.ooni.org/m/20260407135140.419091_KR_webconnectivity_3615d5b18425ba9f
https://www.accessnow.org/,ok,https://explorer.ooni.org/m/20260407135146.531816_KR_webconnectivity_88d78926c610fa9a
https://www.afp.com/,ok,https://explorer.ooni.org/m/20260407135150.315662_KR_webconnectivity_7469c397fafc2ca6
https://www.ahram.org.eg/,ok,https://explorer.ooni.org/m/20260407135233.767453_KR_webconnectivity_2e2cce3328fbf195
https://www.alhurra.com/,ok,https://explorer.ooni.org/m/20260407135237.016682_KR_webconnectivity_c61ec8bb3c0df878
https://www.aljazeera.com/,ok,https://explorer.ooni.org/m/20260407135240.395085_KR_webconnectivity_3ce6fe65acd39a56
https://www.aljazeera.net/,ok,https://explorer.ooni.org/m/20260407135244.386496_KR_webconnectivity_16bda39b4fd1cbf9
https://www.almanar.com.lb/,ok,https://explorer.ooni.org/m/20260407135249.498709_KR_webconnectivity_e393f53df1ad178b
http://www.amnesty.or.kr/,ok,https://explorer.ooni.org/m/20260407135255.905755_KR_webconnectivity_625ca3ebc6fe97dc
https://www.amnesty.org/,ok,https://explorer.ooni.org/m/20260407135259.131631_KR_webconnectivity_c0be990a7a7a6c0a
https://www.amnestyusa.org/,ok,https://explorer.ooni.org/m/20260407135301.898112_KR_webconnectivity_267fe32295d6e12f
http://www.amrc.org.hk/,ok,https://explorer.ooni.org/m/20260407135306.079670_KR_webconnectivity_56a88abafb1b8aa2
https://www.apt.ch/,ok,https://explorer.ooni.org/m/20260407135310.938341_KR_webconnectivity_b11cf693c2f0dcdb
http://www.apwld.org/,ok,https://explorer.ooni.org/m/20260407135322.788007_KR_webconnectivity_9b3243b62e399ff0
http://www.arrc-hre.com/,ok,https://explorer.ooni.org/m/20260407135343.210436_KR_webconnectivity_e907cbf07ac684c6
http://www.asia-daily.com/,ok,https://explorer.ooni.org/m/20260407135348.116169_KR_webconnectivity_0124c11d07f4a285
http://www.asiamedia.ucla.edu/,tcp_ip,https://explorer.ooni.org/m/20260407135434.097468_KR_webconnectivity_9c5cd6c6314121fe
http://www.asian-migrants.org/,ok,https://explorer.ooni.org/m/20260407135441.327468_KR_webconnectivity_709b2eb8618dfa82
http://www.asiapacificnews.com/,ok,https://explorer.ooni.org/m/20260407135442.883207_KR_webconnectivity_9eee1e57ed6252a6
https://www.awid.org/,ok,https://explorer.ooni.org/m/20260407135444.700188_KR_webconnectivity_33e6ad811637cf19
https://www.bbc.com/,ok,https://explorer.ooni.org/m/20260407135447.413824_KR_webconnectivity_3917f7253cc3b5b8
https://www.benarnews.org/,ok,https://explorer.ooni.org/m/20260407135450.946362_KR_webconnectivity_472d619e87ae1a95
https://www.benedelman.org/,ok,https://explorer.ooni.org/m/20260407135456.327741_KR_webconnectivity_5f62c4784fbbecb2
http://www.bicommunitynews.co.uk/,ok,https://explorer.ooni.org/m/20260407135502.772463_KR_webconnectivity_268367915fa99d91
https://www.bitmask.net/,ok,https://explorer.ooni.org/m/20260407135505.987724_KR_webconnectivity_faf4a226df6d6a92
https://www.btselem.org/,ok,https://explorer.ooni.org/m/20260407135510.040700_KR_webconnectivity_aaae9535db3c67ec
http://www.buddy79.com/,ok,https://explorer.ooni.org/m/20260407135513.881872_KR_webconnectivity_d33faef4a1bfe3c9
https://www.caritas.org/,ok,https://explorer.ooni.org/m/20260407135518.489687_KR_webconnectivity_ab9c66a3bd26dc6a
https://www.cartercenter.org/,ok,https://explorer.ooni.org/m/20260407135523.100216_KR_webconnectivity_274b2b461f7a853d
https://www.cbc.ca/,ok,https://explorer.ooni.org/m/20260407135527.348270_KR_webconnectivity_8ae3d4a211e04e0e
https://www.cbsnews.com/,ok,https://explorer.ooni.org/m/20260407135532.526129_KR_webconnectivity_2c9c4580f261af87
http://www.ccdm.or.kr/,ok,https://explorer.ooni.org/m/20260407135536.719861_KR_webconnectivity_cd5560f9dd6babd5
http://www.cesr.org/,ok,https://explorer.ooni.org/m/20260407135541.224707_KR_webconnectivity_6731d1334db85986
https://www.cfr.org/,ok,https://explorer.ooni.org/m/20260407135544.913390_KR_webconnectivity_489ffc6afdf8a7a7
https://www.cgtn.com/,ok,https://explorer.ooni.org/m/20260407135549.525141_KR_webconnectivity_cb1bc99cb0eb434a
https://www.change.org/,ok,https://explorer.ooni.org/m/20260407135552.897973_KR_webconnectivity_44d4e1c88b9ad3f4
http://www.channelnewsasia.com/,ok,https://explorer.ooni.org/m/20260407135556.293826_KR_webconnectivity_5c110e4258887849
https://www.chinadaily.com.cn/,ok,https://explorer.ooni.org/m/20260407135600.410179_KR_webconnectivity_f0c58e4b9a8c42d4
http://www.chingusai.net/,ok,https://explorer.ooni.org/m/20260407135606.358191_KR_webconnectivity_d07b9db3e989b93e
http://www.chosun.com/,ok,https://explorer.ooni.org/m/20260407135610.426136_KR_webconnectivity_501cccc856ee76e3
https://www.cnbc.com/,ok,https://explorer.ooni.org/m/20260407135614.094246_KR_webconnectivity_16c56f6f1620e394
http://www.cnnasiapacific.com/,tcp_ip,https://explorer.ooni.org/m/20260407135700.100892_KR_webconnectivity_9817c09368788c06
https://www.crisisgroup.org/,ok,https://explorer.ooni.org/m/20260407135704.730313_KR_webconnectivity_c7d62e403a322a08
https://www.csmonitor.com/,ok,https://explorer.ooni.org/m/20260407135709.646034_KR_webconnectivity_21a06372ce680709
https://www.currenttime.tv/,ok,https://explorer.ooni.org/m/20260407135717.213515_KR_webconnectivity_d7c73e427ab27d62
http://www.cwgl.rutgers.edu/,ok,https://explorer.ooni.org/m/20260407135727.761514_KR_webconnectivity_cb62b4c8f1d3a97c
https://www.dailymail.co.uk/,ok,https://explorer.ooni.org/m/20260407135732.687724_KR_webconnectivity_184998089c983d08
https://www.dailysabah.com/,ok,https://explorer.ooni.org/m/20260407135740.213153_KR_webconnectivity_af78834009e43587
https://www.dd-rd.ca/,ok,https://explorer.ooni.org/m/20260407135742.865152_KR_webconnectivity_f0a8aaf26bc12426
http://www.ddanzi.com/,ok,https://explorer.ooni.org/m/20260407135746.768133_KR_webconnectivity_660215726ba101c7
https://www.democracycaucus.net/,ok,https://explorer.ooni.org/m/20260407135750.855307_KR_webconnectivity_0577dca24283205d
https://www.democracynow.org/,ok,https://explorer.ooni.org/m/20260407135754.972871_KR_webconnectivity_3b5ec07b4d801d6d
https://www.derechos.org/,ok,https://explorer.ooni.org/m/20260407135758.840225_KR_webconnectivity_5bc4bf94cd42255e
http://www.donga.com/,ok,https://explorer.ooni.org/m/20260407135803.877699_KR_webconnectivity_15c2317aa2c8ad9d
https://www.dopplr.com/,ok,https://explorer.ooni.org/m/20260407135807.247712_KR_webconnectivity_a0c7c17797457e61
http://www.drudgereport.com/,ok,https://explorer.ooni.org/m/20260407135810.167969_KR_webconnectivity_d686c26c7abe9ac2
http://www.ebn.co.kr/,ok,https://explorer.ooni.org/m/20260407135814.833373_KR_webconnectivity_0f8f790d31039781
http://www.ecequality.org/,ok,https://explorer.ooni.org/m/20260407135818.515463_KR_webconnectivity_872ad432962e5abc
http://www.eduhope.net/,ok,https://explorer.ooni.org/m/20260407135825.579015_KR_webconnectivity_fb0093032c1d8039
https://www.eluniversal.com/,ok,https://explorer.ooni.org/m/20260407135829.579262_KR_webconnectivity_92bc818c6196345d
https://www.endfgm.eu/,ok,https://explorer.ooni.org/m/20260407135834.278486_KR_webconnectivity_bffad431082e43c6
http://www.equaline.or.kr/,ok,https://explorer.ooni.org/m/20260407135841.656454_KR_webconnectivity_66899afca5a9afb2
https://www.eurobicon.org/,ok,https://explorer.ooni.org/m/20260407135846.581092_KR_webconnectivity_894e97a33f513f50
https://www.euronews.com/,ok,https://explorer.ooni.org/m/20260407135848.424640_KR_webconnectivity_701691236aff9a3d
https://www.exitinternational.net/,ok,https://explorer.ooni.org/m/20260407135852.611121_KR_webconnectivity_81a8cf0da926ac8b
https://www.expressvpn.com/,ok,https://explorer.ooni.org/m/20260407135857.181248_KR_webconnectivity_a8672aea51a28e5b
https://www.f-secure.com/,http-failure,https://explorer.ooni.org/m/20260407135918.768513_KR_webconnectivity_c79642e04d1add72
https://www.familyequality.org/,ok,https://explorer.ooni.org/m/20260407135922.422203_KR_webconnectivity_e96913b24cf51079
https://www.feminist.com/,ok,https://explorer.ooni.org/m/20260407135926.983101_KR_webconnectivity_c4b7f559f78ac268
https://www.fidh.org/,ok,https://explorer.ooni.org/m/20260407135931.257871_KR_webconnectivity_3e8540bab86f8c9d
http://www.fktu.or.kr/,ok,https://explorer.ooni.org/m/20260407135935.107516_KR_webconnectivity_b60e00db144a3d4b
https://www.fondationdefrance.org/,ok,https://explorer.ooni.org/m/20260407135939.624956_KR_webconnectivity_0de5a77705b0e65e
https://www.forbes.com/,ok,https://explorer.ooni.org/m/20260407135943.301573_KR_webconnectivity_fab8e03c71b89417
https://www.fordfoundation.org/,ok,https://explorer.ooni.org/m/20260407135946.626505_KR_webconnectivity_2ca6f2cc1df8d775
https://www.forum18.org/,ok,https://explorer.ooni.org/m/20260407135957.410017_KR_webconnectivity_1ec2f4b2389f5b6a
https://www.france24.com/,ok,https://explorer.ooni.org/m/20260407135959.368070_KR_webconnectivity_09751af3cd388729
https://www.francemediasmonde.com/,ok,https://explorer.ooni.org/m/20260407140004.616972_KR_webconnectivity_97f9bf0699978cc6
http://www.freeexpression.org/,ok,https://explorer.ooni.org/m/20260407140010.599405_KR_webconnectivity_92a321afeaf8b932
https://www.freespeech.com/,ok,https://explorer.ooni.org/m/20260407140024.418770_KR_webconnectivity_e6c4d75fd3133c53
https://www.frontlinedefenders.org/,ok,https://explorer.ooni.org/m/20260407140028.193333_KR_webconnectivity_4f70da55943a7040
http://www.ftchinese.com/,http-diff,https://explorer.ooni.org/m/20260407140030.541037_KR_webconnectivity_8c54b75370f45d0c
http://www.gayegypt.com/,http-diff,https://explorer.ooni.org/m/20260407140032.806624_KR_webconnectivity_c918650fbff60afc
http://www.gayrice.com/,ok,https://explorer.ooni.org/m/20260407140033.630354_KR_webconnectivity_c6c1c4c14f5dacc9
http://www.gayrice.com/gayplaces/country.php?cid=126,ok,https://explorer.ooni.org/m/20260407140034.364085_KR_webconnectivity_e1f72a69f7296de7
http://www.gayscape.com/,http-diff,https://explorer.ooni.org/m/20260407140035.710232_KR_webconnectivity_c2509d62e98aa114
https://www.gearthblog.com/,ok,https://explorer.ooni.org/m/20260407140038.999665_KR_webconnectivity_2dd57c93a90c6803
https://www.genderit.org/,ok,https://explorer.ooni.org/m/20260407140042.994105_KR_webconnectivity_4879a1a3e909b86a
https://www.getoutline.org/,ok,https://explorer.ooni.org/m/20260407140045.913379_KR_webconnectivity_2ae38435159898dc
https://www.girlsnotbrides.org/,ok,https://explorer.ooni.org/m/20260407140050.998777_KR_webconnectivity_2d7ba1d31db492d0
http://www.glaad.org/,ok,https://explorer.ooni.org/m/20260407140058.057748_KR_webconnectivity_29c17eb09152e96d
https://www.globaleaks.org/,ok,https://explorer.ooni.org/m/20260407140104.356595_KR_webconnectivity_de148cfe67259baa
https://www.globalfundforwomen.org/,ok,https://explorer.ooni.org/m/20260407140107.425891_KR_webconnectivity_48849f740d5b0716
http://www.globalgayz.com/g-korea.html,ok,https://explorer.ooni.org/m/20260407140113.618027_KR_webconnectivity_090f986edd5de135
http://www.globalr2p.org/,ok,https://explorer.ooni.org/m/20260407140117.920725_KR_webconnectivity_c035fe69b80c1803
https://www.glsen.org/,ok,https://explorer.ooni.org/m/20260407140122.634299_KR_webconnectivity_7c97bc910a126fab
http://www.gmhc.org/,ok,https://explorer.ooni.org/m/20260407140127.848258_KR_webconnectivity_ed2919bb2bc5abb4
https://www.gnu.org/,error,https://explorer.ooni.org/m/20260407140209.902769_KR_webconnectivity_9cadd243fc9b5fcf
https://www.gnupg.org/,ok,https://explorer.ooni.org/m/20260407140214.433929_KR_webconnectivity_e0b578825d43bd56
http://www.gobalnews.com/,ok,https://explorer.ooni.org/m/20260407140220.074574_KR_webconnectivity_821a50c2874aa8ba
http://www.granma.cu/,ok,https://explorer.ooni.org/m/20260407140242.352035_KR_webconnectivity_55c861ff9f86224f
https://www.guerrillagirls.com/,ok,https://explorer.ooni.org/m/20260407140246.088826_KR_webconnectivity_5cb483c5f2657cfc
https://www.haaretz.com/,ok,https://explorer.ooni.org/m/20260407140249.260800_KR_webconnectivity_1126a335be3564d5
http://www.hani.co.kr/,ok,https://explorer.ooni.org/m/20260407140253.257341_KR_webconnectivity_e3d7d21d75eac732
http://www.hankooki.com/,ok,https://explorer.ooni.org/m/20260407140259.548121_KR_webconnectivity_f52e865291fe7d2c
http://www.hellodd.com/,ok,https://explorer.ooni.org/m/20260407140307.288412_KR_webconnectivity_96d66672eb0f69ab
https://www.herdict.org/,ok,https://explorer.ooni.org/m/20260407140313.983359_KR_webconnectivity_240e40a36836162c
https://www.heritage.org/,ok,https://explorer.ooni.org/m/20260407140317.518032_KR_webconnectivity_358afd93d012dfb7
https://www.heyjane.com/,ok,https://explorer.ooni.org/m/20260407140319.875613_KR_webconnectivity_0d495525efa6c6a4
http://www.hopeandlaw.org/,ok,https://explorer.ooni.org/m/20260407140324.135038_KR_webconnectivity_67f0c16dc7a0cfd5
http://www.hotline.or.kr/,ok,https://explorer.ooni.org/m/20260407140330.123488_KR_webconnectivity_3f023661d7ccdd3e
http://www.hrc.org/,ok,https://explorer.ooni.org/m/20260407140336.415898_KR_webconnectivity_35809cdd85b3bc40
http://www.hrea.org/,ok,https://explorer.ooni.org/m/20260407140340.724510_KR_webconnectivity_684beba1fb17b4bb
https://www.huffpost.com/,ok,https://explorer.ooni.org/m/20260407140344.094343_KR_webconnectivity_7d6f20bb7a4686b3
https://www.humanrightsconnected.org/,ok,https://explorer.ooni.org/m/20260407140347.585724_KR_webconnectivity_afe6c13a2d5d377d
http://www.humanrightsfirst.org/,ok,https://explorer.ooni.org/m/20260407140351.777467_KR_webconnectivity_7e65ca5a26f2ff12
http://www.i615.net/,error,https://explorer.ooni.org/m/20260407140356.988131_KR_webconnectivity_9ce5d503abf39e88
http://www.iaffe.org/,ok,https://explorer.ooni.org/m/20260407140359.910865_KR_webconnectivity_f30e73140e152ece
https://www.icij.org/,ok,https://explorer.ooni.org/m/20260407140405.757132_KR_webconnectivity_73d3dfbe3d211097
http://www.icrw.org/,ok,https://explorer.ooni.org/m/20260407140408.520346_KR_webconnectivity_37a0f0b2bdbb7cdf
https://www.ictj.org/,ok,https://explorer.ooni.org/m/20260407140411.485302_KR_webconnectivity_629f76311758f924
http://www.idea.int/,ok,https://explorer.ooni.org/m/20260407140422.959816_KR_webconnectivity_1057a4bbbb68de6e
http://www.ifj-asia.org/,tcp_ip,https://explorer.ooni.org/m/20260407140509.097470_KR_webconnectivity_b34715ef6dc17563
http://www.ifj.org/,ok,https://explorer.ooni.org/m/20260407140513.340977_KR_webconnectivity_973ce943af26e226
https://www.ihrc.org.uk/,ok,https://explorer.ooni.org/m/20260407140521.534090_KR_webconnectivity_0f1e4c4f10691c5a
https://www.ijm.org/,ok,https://explorer.ooni.org/m/20260407140524.395160_KR_webconnectivity_e261570938670102
https://www.iknowpolitics.org/,ok,https://explorer.ooni.org/m/20260407140532.691276_KR_webconnectivity_634d318c96dbb2ba
https://www.ilga-europe.org/,ok,https://explorer.ooni.org/m/20260407140541.649902_KR_webconnectivity_59ba4593feb84561
http://www.mfasia.org/,ok,https://explorer.ooni.org/m/20260407140543.713876_KR_webconnectivity_22538502eeb78975
http://www.newsweekasia.com/,ok,https://explorer.ooni.org/m/20260407140602.444605_KR_webconnectivity_1ff2b0d032bfa3d5
http://www.publiuspundit.com/,ok,https://explorer.ooni.org/m/20260407140604.017398_KR_webconnectivity_8e3013ab6695e2d9
http://www.seapa.org/,tcp_ip,https://explorer.ooni.org/m/20260407140605.298559_KR_webconnectivity_06faa8dbeb28b703
http://www.seapabkk.org/,http-diff,https://explorer.ooni.org/m/20260407140610.023251_KR_webconnectivity_c112cfe710dea0d7
http://www.taipeitimes.com/,ok,https://explorer.ooni.org/m/20260407140613.243713_KR_webconnectivity_4d0525e79b5436f4
https://www.theatlantic.com/,ok,https://explorer.ooni.org/m/20260407140616.269297_KR_webconnectivity_bd236b3614bc09f2
http://www.zdnetasia.com/,ok,https://explorer.ooni.org/m/20260407140622.455362_KR_webconnectivity_99edb086a4f3fe43
"http://www.zdnetasia.com/downloads/pc/swinfo/0,39043052,39222404s,00.htm",ok,https://explorer.ooni.org/m/20260407140628.754729_KR_webconnectivity_0c4e328beede36d0
http://adb.org/,ok,https://explorer.ooni.org/m/20260407140636.127817_KR_webconnectivity_4922dec2c1e0b383
https://albiononline.com/,ok,https://explorer.ooni.org/m/20260407140637.270481_KR_webconnectivity_cd0df322ba583fbf
https://alignpay.com/,ok,https://explorer.ooni.org/m/20260407140713.750770_KR_webconnectivity_be710f141eeaba7c
https://api.revenuecat.com/,ok,https://explorer.ooni.org/m/20260407140720.721197_KR_webconnectivity_9f29d0640d56bfb6
https://apis.google.com/robots.txt,ok,https://explorer.ooni.org/m/20260407140727.184670_KR_webconnectivity_879018b3d25895ed
http://archive.ubuntu.com/,ok,https://explorer.ooni.org/m/20260407140735.125257_KR_webconnectivity_d699a7dc5a131634
https://astalavista.box.sk/,ok,https://explorer.ooni.org/m/20260407140741.056349_KR_webconnectivity_a739eec3047e75b1
https://attrition.org/,ok,https://explorer.ooni.org/m/20260407140744.992478_KR_webconnectivity_9a3440b83938299a
https://beacondb.net/,ok,https://explorer.ooni.org/m/20260407140748.267789_KR_webconnectivity_6ad9e85fee818025
https://bitcoin.org/,ok,https://explorer.ooni.org/m/20260407140750.618825_KR_webconnectivity_ba5710d81f9b241d
https://bitcoin.sipa.be/,ok,https://explorer.ooni.org/m/20260407140753.062116_KR_webconnectivity_292c748bfcfbaad8
https://blockdx.co/,error,https://explorer.ooni.org/m/20260407140755.151714_KR_webconnectivity_b8f6c8e722c2f872
https://blog.counter-strike.net/,ok,https://explorer.ooni.org/m/20260407140757.582720_KR_webconnectivity_6f1be537fd01966c
https://blog.mozilla.org/,ok,https://explorer.ooni.org/m/20260407140800.461551_KR_webconnectivity_03273560a5aeab27
https://bogus.d2a8n1.rootcanary.net/,dns,https://explorer.ooni.org/m/20260407140802.331558_KR_webconnectivity_08756a1f9e4573af
https://brave.com/,ok,https://explorer.ooni.org/m/20260407140807.532460_KR_webconnectivity_286a209b3d282c7a
https://bughunters.google.com/,ok,https://explorer.ooni.org/m/20260407140810.585471_KR_webconnectivity_ab6d7d00387158e5
https://cdnjs.com/,ok,https://explorer.ooni.org/m/20260407140813.201251_KR_webconnectivity_b20978b93c1c3c12
http://clients3.google.com/generate_204,ok,https://explorer.ooni.org/m/20260407140815.190687_KR_webconnectivity_20fdb87e2dd97816
https://clients5.google.com/robots.txt,ok,https://explorer.ooni.org/m/20260407140818.266989_KR_webconnectivity_d0c79530fd0a11db
https://coinmarketcap.com/,ok,https://explorer.ooni.org/m/20260407140821.808513_KR_webconnectivity_6930cabc6300d6a9
https://company.wizards.com/,ok,https://explorer.ooni.org/m/20260407140825.546180_KR_webconnectivity_ca953f0de9b056d4
http://connect.rom.miui.com/generate_204,ok,https://explorer.ooni.org/m/20260407140827.975304_KR_webconnectivity_f2367e7f41353dd7
http://connectivitycheck.android.com/generate_204,ok,https://explorer.ooni.org/m/20260407140829.481835_KR_webconnectivity_7f33331117a9caa1
http://connectivitycheck.gstatic.com/generate_204,ok,https://explorer.ooni.org/m/20260407140831.004332_KR_webconnectivity_5db04a9bd06ae0ad
https://cultdeadcow.com/,ok,https://explorer.ooni.org/m/20260407140833.146825_KR_webconnectivity_2cc4ddf8aa8d7a43
https://dashjr.org/,ok,https://explorer.ooni.org/m/20260407140835.571698_KR_webconnectivity_55196d1837a9988c
https://defcon.org/,ok,https://explorer.ooni.org/m/20260407140840.085956_KR_webconnectivity_ceea5702bd7595ae
https://dnsleaktest.com/,ok,https://explorer.ooni.org/m/20260407140843.432861_KR_webconnectivity_2caf1201871e8aef
https://dnsviz.net/,ok,https://explorer.ooni.org/m/20260407140845.996182_KR_webconnectivity_9029d01bd4784ff8
https://doubleclick.net/,ok,https://explorer.ooni.org/m/20260407140851.040823_KR_webconnectivity_62f32a75b1b87e4a
https://earth.google.com/web/,ok,https://explorer.ooni.org/m/20260407140854.413445_KR_webconnectivity_39385345ad0b0831
https://en.miui.com/,ok,https://explorer.ooni.org/m/20260407140902.822260_KR_webconnectivity_c05bcb11f3377aac
https://epicgames.com/,ok,https://explorer.ooni.org/m/20260407140906.027484_KR_webconnectivity_05b45194dbbfa520
https://etherscan.io/,ok,https://explorer.ooni.org/m/20260407140909.575775_KR_webconnectivity_5e0ab6803b0ccd47
https://fedoramagazine.org/,ok,https://explorer.ooni.org/m/20260407140913.874108_KR_webconnectivity_d14b6b72d31fa700
https://gamersclub.gg/,ok,https://explorer.ooni.org/m/20260407140915.305048_KR_webconnectivity_a3b183f323ae0e9b
https://giganews.com/,ok,https://explorer.ooni.org/m/20260407140918.482917_KR_webconnectivity_122cee63ec3daca1
http://gmarket.co.kr/,ok,https://explorer.ooni.org/m/20260407140921.393551_KR_webconnectivity_ef6d760fe71c4d33
https://hodlhodl.com/,ok,https://explorer.ooni.org/m/20260407140925.700932_KR_webconnectivity_fda1baf86f490225
https://insecure.org/,ok,https://explorer.ooni.org/m/20260407140929.129062_KR_webconnectivity_970979992e652082
https://kh.google.com/rt/earth/PlanetoidMetadata,ok,https://explorer.ooni.org/m/20260407140931.309021_KR_webconnectivity_c9fb43b45db152b7
https://khms0.google.com/kh/v=908?x=81&y=103&z=8,ok,https://explorer.ooni.org/m/20260407140933.729599_KR_webconnectivity_42b4b0fd1eb21656
https://khms1.google.com/kh/v=908?x=327&y=414&z=10,ok,https://explorer.ooni.org/m/20260407140935.876452_KR_webconnectivity_b1d47767a38798cd
http://knic.com.kp/,tcp_ip,https://explorer.ooni.org/m/20260407141032.866034_KR_webconnectivity_234dd573cffa1363
https://krunker.io/,ok,https://explorer.ooni.org/m/20260407141035.892169_KR_webconnectivity_f70ea9c853302d49
https://localmonero.co/,ok,https://explorer.ooni.org/m/20260407141040.815552_KR_webconnectivity_0e9e36b518e02aee
https://maps.gstatic.com/tactile/basepage/grid-image.png,ok,https://explorer.ooni.org/m/20260407141042.755616_KR_webconnectivity_ef005985069725bd
https://matcha.xyz/,ok,https://explorer.ooni.org/m/20260407141044.193094_KR_webconnectivity_4909993b2ab0633b
https://metasploit.com/,ok,https://explorer.ooni.org/m/20260407141048.352698_KR_webconnectivity_20372bb9c34976d1
https://moodle.org/,ok,https://explorer.ooni.org/m/20260407141055.867502_KR_webconnectivity_9f00fe3912900921
https://nemtudo.me/,ok,https://explorer.ooni.org/m/20260407141058.166516_KR_webconnectivity_8e305b62a810e9ab
http://networkcheck.kde.org/,ok,https://explorer.ooni.org/m/20260407141058.996323_KR_webconnectivity_b37824f64c9fd771
https://nmap.org/,ok,https://explorer.ooni.org/m/20260407141102.513795_KR_webconnectivity_58e16292767060e3
http://nmcheck.gnome.org/check_network_status.txt,ok,https://explorer.ooni.org/m/20260407141103.373631_KR_webconnectivity_c9293ae77cd4be13
https://o0.ingest.sentry.io/api/0,ok,https://explorer.ooni.org/m/20260407141104.568820_KR_webconnectivity_6808720aa5e6f57f
http://opportunity.org/,ok,https://explorer.ooni.org/m/20260407141108.300717_KR_webconnectivity_1e5fd91fd9512012
https://packetstormsecurity.com/,ok,https://explorer.ooni.org/m/20260407141113.215774_KR_webconnectivity_3b603dd6b40bd03c
http://phrack.org/,http-diff,https://explorer.ooni.org/m/20260407141114.124974_KR_webconnectivity_44806e22dc231aac
http://ping.archlinux.org/,ok,https://explorer.ooni.org/m/20260407141115.768590_KR_webconnectivity_cd20b6d90316a344
https://plan-uk.org/,ok,https://explorer.ooni.org/m/20260407141120.904113_KR_webconnectivity_90c4f95b30d34438
https://poki.com/,ok,https://explorer.ooni.org/m/20260407141122.813033_KR_webconnectivity_f9f32d7e21e82387
https://repo1.maven.org/,ok,https://explorer.ooni.org/m/20260407141123.658587_KR_webconnectivity_994ee752af46d631
https://root-key-sentinel-is-ta-20326.d2a8n3.rootcanary.net/,ok,https://explorer.ooni.org/m/20260407141128.047155_KR_webconnectivity_2c72112e90da7f54
https://root-key-sentinel-is-ta-38696.d2a8n3.rootcanary.net/,ok,https://explorer.ooni.org/m/20260407141132.669484_KR_webconnectivity_f7fc533da76fe6ff
https://root-key-sentinel-not-ta-20326.d2a8n3.rootcanary.net/,ok,https://explorer.ooni.org/m/20260407141136.348890_KR_webconnectivity_af4e8f2ea66c9e5f
https://root-key-sentinel-not-ta-38696.d2a8n3.rootcanary.net/,ok,https://explorer.ooni.org/m/20260407141139.967193_KR_webconnectivity_4cd1d0158a68953b
https://s3.amazonaws.com/ooni-data/archives-raw/yaml_tar_vault.json,ok,https://explorer.ooni.org/m/20260407141146.093674_KR_webconnectivity_fff4f3fc7fe1dde5
https://seclists.org/,ok,https://explorer.ooni.org/m/20260407141151.369390_KR_webconnectivity_cf405b9177a3c156
https://sentry.io/api/0/,ok,https://explorer.ooni.org/m/20260407141153.000709_KR_webconnectivity_3439963503e7c05d
https://sourceforge.net/projects/loic/,ok,https://explorer.ooni.org/m/20260407141156.842738_KR_webconnectivity_6336010d0a33fc86
http://start.ubuntu.com/connectivity-check.html,ok,https://explorer.ooni.org/m/20260407141158.871570_KR_webconnectivity_304c13184952fdff
https://store.steampowered.com/,ok,https://explorer.ooni.org/m/20260407141202.386414_KR_webconnectivity_f55d477f7d48e499
https://swift.org/,ok,https://explorer.ooni.org/m/20260407141204.880120_KR_webconnectivity_3c9c4458e2f186d4
https://thehackernews.com/,ok,https://explorer.ooni.org/m/20260407141207.758195_KR_webconnectivity_5d8aab068ca995f0
https://tigerweb.ru/,http-failure,https://explorer.ooni.org/m/20260407141224.399207_KR_webconnectivity_8c87c152a5b44cd0
https://toolbox.googleapps.com/,ok,https://explorer.ooni.org/m/20260407141228.024488_KR_webconnectivity_e0c1d03bc7eef041
https://totaljerkface.com/,ok,https://explorer.ooni.org/m/20260407141229.865464_KR_webconnectivity_6298e7f243e73823
https://trisquel.info/,ok,https://explorer.ooni.org/m/20260407141234.931855_KR_webconnectivity_4b09ea9d38015345
https://use-application-dns.net/,ok,https://explorer.ooni.org/m/20260407141238.373779_KR_webconnectivity_fb4269843a67655b
https://wasabiwallet.io/,ok,https://explorer.ooni.org/m/20260407141243.236600_KR_webconnectivity_cb4fe7f2108fd490
https://wkkf.org/,ok,https://explorer.ooni.org/m/20260407141246.309034_KR_webconnectivity_84051c2999b6aad5
https://worldofwarcraft.com/,ok,https://explorer.ooni.org/m/20260407141251.986489_KR_webconnectivity_57e91a038e604425
http://wowbogo.net/,ok,https://explorer.ooni.org/m/20260407141252.803557_KR_webconnectivity_9c9132d5a44d521b
http://www.11st.co.kr/,ok,https://explorer.ooni.org/m/20260407141254.535325_KR_webconnectivity_a7d7f543f7cd1d0f
https://www.2600.com/,ok,https://explorer.ooni.org/m/20260407141258.751699_KR_webconnectivity_f15041d82581b34b
https://www.airbnb.co.kr/,ok,https://explorer.ooni.org/m/20260407141302.644186_KR_webconnectivity_212345cec7f5fa77
https://www.akdn.org/,ok,https://explorer.ooni.org/m/20260407141308.579687_KR_webconnectivity_842f4266771248b4
https://www.amazon.com/,ok,https://explorer.ooni.org/m/20260407141310.416624_KR_webconnectivity_204b1d61314849be
http://www.apple.com/library/test/success.html,ok,https://explorer.ooni.org/m/20260407141314.492490_KR_webconnectivity_e13ff04d80026c7a
https://www.apple.com/,ok,https://explorer.ooni.org/m/20260407141325.684161_KR_webconnectivity_33167793ecaa542b
http://www.auction.co.kr/,ok,https://explorer.ooni.org/m/20260407141327.002356_KR_webconnectivity_27b1473043eb7e36
https://www.babbel.com/,ok,https://explorer.ooni.org/m/20260407141330.293419_KR_webconnectivity_a2533cc875710454
http://www.barnesandnoble.com/,error,https://explorer.ooni.org/m/20260407141430.626810_KR_webconnectivity_cfcdc13de6b31f92
https://www.bitfinex.com/,ok,https://explorer.ooni.org/m/20260407141432.593301_KR_webconnectivity_ba2625dae3f93c52
http://www.blackhat.be/,http-diff,https://explorer.ooni.org/m/20260407141434.521916_KR_webconnectivity_4bb24577da38388a
https://www.blizzard.com/,ok,https://explorer.ooni.org/m/20260407141437.816016_KR_webconnectivity_144daea75a7ce501
https://www.blockchain.com/,ok,https://explorer.ooni.org/m/20260407141439.550279_KR_webconnectivity_19e5cbcb7a487178
http://www.bobaedream.co.kr/,ok,https://explorer.ooni.org/m/20260407141443.806612_KR_webconnectivity_c9ed5702cf66ac82
https://www.care.org/,ok,https://explorer.ooni.org/m/20260407141450.159808_KR_webconnectivity_9d32193e96b89b08
https://www.ccc.de/,ok,https://explorer.ooni.org/m/20260407141453.285314_KR_webconnectivity_c59c1d9083ea1fc7
http://www.ccej.or.kr/,ok,https://explorer.ooni.org/m/20260407141459.067598_KR_webconnectivity_aa26573bf689bcdb
https://www.chess.com/,ok,https://explorer.ooni.org/m/20260407141502.439221_KR_webconnectivity_e013567958cc48f6
https://www.chromium.org/,ok,https://explorer.ooni.org/m/20260407141503.666032_KR_webconnectivity_3c7a6efa0b8ce9de
https://www.coinbase.com/,ok,https://explorer.ooni.org/m/20260407141504.906704_KR_webconnectivity_9377d832f7a6222c
https://www.coinex.com/,ok,https://explorer.ooni.org/m/20260407141507.161271_KR_webconnectivity_fdab38b8ff250159
https://www.common-fund.org/,ok,https://explorer.ooni.org/m/20260407141511.967492_KR_webconnectivity_05d93617d1582e94
https://www.concern.net/,ok,https://explorer.ooni.org/m/20260407141514.845445_KR_webconnectivity_f604cee84ab71b12
https://www.craigslist.org/,ok,https://explorer.ooni.org/m/20260407141523.054825_KR_webconnectivity_f3027cb875ae2b74
https://www.crs.org/,ok,https://explorer.ooni.org/m/20260407141524.563517_KR_webconnectivity_e3a5b9b69a13e111
http://www.cyber-pirates.org/,ok,https://explorer.ooni.org/m/20260407141550.315152_KR_webconnectivity_85aac329a3f85cd1
https://www.darknet.org.uk/,ok,https://explorer.ooni.org/m/20260407141555.146903_KR_webconnectivity_14451982a16e245e
https://www.ddo.com/,ok,https://explorer.ooni.org/m/20260407141605.064499_KR_webconnectivity_08b979217ac5427b
https://www.ea.com/,ok,https://explorer.ooni.org/m/20260407141608.910759_KR_webconnectivity_eba00336d75b430a
https://www.ebay.com/,ok,https://explorer.ooni.org/m/20260407141614.283192_KR_webconnectivity_1f31516f2ffafb89
https://www.eccouncil.org/,ok,https://explorer.ooni.org/m/20260407141617.204245_KR_webconnectivity_e23409a84fd363e4
https://www.episcopalrelief.org/,ok,https://explorer.ooni.org/m/20260407141620.582387_KR_webconnectivity_35581ee16e038b76
https://www.eveonline.com/,ok,https://explorer.ooni.org/m/20260407141624.169484_KR_webconnectivity_1fd132ebd509f0ca
https://www.exploit-db.com/,ok,https://explorer.ooni.org/m/20260407141628.111140_KR_webconnectivity_327b2f47257d5f6f
https://www.f-list.net/,ok,https://explorer.ooni.org/m/20260407141630.708761_KR_webconnectivity_8e54375696c5955e
http://www.feedtheminds.org/,tcp_ip,https://explorer.ooni.org/m/20260407141632.220757_KR_webconnectivity_b466974ca9f11d0d
http://www.fki.or.kr/,ok,https://explorer.ooni.org/m/20260407141634.792245_KR_webconnectivity_e65ac537d40d2816
https://www.g5.com/,ok,https://explorer.ooni.org/m/20260407141643.932368_KR_webconnectivity_b755aee093cadc00
https://www.gamespot.com/,ok,https://explorer.ooni.org/m/20260407141645.212140_KR_webconnectivity_bc752caec1b90331
https://www.gazprombank.ru/,ok,https://explorer.ooni.org/m/20260407141651.610833_KR_webconnectivity_756c9c0d9f52a97c
https://www.genymotion.com/,ok,https://explorer.ooni.org/m/20260407141655.234689_KR_webconnectivity_83320e9cff6a7223
https://www.globalgiving.org/,ok,https://explorer.ooni.org/m/20260407141657.585682_KR_webconnectivity_365c9b38a14aecb5
https://www.gofundme.com/,ok,https://explorer.ooni.org/m/20260407141705.278706_KR_webconnectivity_391e97d340cee7a4
https://www.gog.com/,ok,https://explorer.ooni.org/m/20260407141709.735936_KR_webconnectivity_4d32d9dbdfd500e5
https://www.groupon.com/,ok,https://explorer.ooni.org/m/20260407141714.648575_KR_webconnectivity_1e76f2386365b4a5
https://www.guildwars.com/,ok,https://explorer.ooni.org/m/20260407141719.971231_KR_webconnectivity_c9cac835b16e7475
https://www.habbo.com/,ok,https://explorer.ooni.org/m/20260407141722.472648_KR_webconnectivity_97c3dd3a6742b84c
http://www.hackforums.net/,http-diff,https://explorer.ooni.org/m/20260407141723.585653_KR_webconnectivity_fb57ad35a987ad49
http://www.hackhull.com/,http-diff,https://explorer.ooni.org/m/20260407141725.002147_KR_webconnectivity_36706752e69a89f4
http://www.hackinthebox.org/,tcp_ip,https://explorer.ooni.org/m/20260407141740.663001_KR_webconnectivity_218aae216d113f36
http://www.hacktivismo.com/,http-diff,https://explorer.ooni.org/m/20260407141742.754239_KR_webconnectivity_877a5ce0ff1edf1f
https://www.helvetas.ch/,ok,https://explorer.ooni.org/m/20260407141753.557732_KR_webconnectivity_035f30191b931f5a
https://www.idrc.ca/,ok,https://explorer.ooni.org/m/20260407141800.641623_KR_webconnectivity_e802c81d9a922610
http://www.idsoftware.com/,http-diff,https://explorer.ooni.org/m/20260407141801.655393_KR_webconnectivity_bb3e9f4c43707416
https://www.ifad.org/,ok,https://explorer.ooni.org/m/20260407141803.076280_KR_webconnectivity_84f4f395953c6c17
https://www.ifc.org/,ok,https://explorer.ooni.org/m/20260407141805.646413_KR_webconnectivity_afa5d3de74ef2693
https://www.imf.org/,ok,https://explorer.ooni.org/m/20260407141807.632269_KR_webconnectivity_55ea32f010ec94fb
https://www.international.gc.ca/,ok,https://explorer.ooni.org/m/20260407141811.735653_KR_webconnectivity_e57e341c33b58bdf
https://www.internetsociety.org/,ok,https://explorer.ooni.org/m/20260407141816.908603_KR_webconnectivity_7ca508dff8ad9286
http://www.inven.co.kr/,http-diff,https://explorer.ooni.org/m/20260407141822.465984_KR_webconnectivity_8c34c26c4df18788
https://www.kali.org/,ok,https://explorer.ooni.org/m/20260407141826.527555_KR_webconnectivity_d091ce7aa336acbf
https://www.kbs-frb.be/,ok,https://explorer.ooni.org/m/20260407141832.220124_KR_webconnectivity_17fc7053f7b819bb
https://www.kraken.com/,ok,https://explorer.ooni.org/m/20260407141835.444017_KR_webconnectivity_68aa7b5f25fb8d1d
https://www.kucoin.com/,ok,https://explorer.ooni.org/m/20260407141839.338012_KR_webconnectivity_9528a23bfbf296b7
https://www.lastwar.com/,ok,https://explorer.ooni.org/m/20260407141842.704429_KR_webconnectivity_af7dc7471a3dbcd6
https://www.macfound.org/,ok,https://explorer.ooni.org/m/20260407141847.019849_KR_webconnectivity_aa96d44e48c942ab
https://www.malwares.com/,ok,https://explorer.ooni.org/m/20260407141848.845971_KR_webconnectivity_69e8972339ee1932
https://www.minecraft.net/,ok,https://explorer.ooni.org/m/20260407141852.803038_KR_webconnectivity_353e73342281059d
http://www.msftconnecttest.com/connecttest.txt,ok,https://explorer.ooni.org/m/20260407141854.345147_KR_webconnectivity_0a749e4c5c5eab32
http://www.msftncsi.com/ncsi.txt,ok,https://explorer.ooni.org/m/20260407141855.884136_KR_webconnectivity_5282925e58f71c67
http://www.netmarble.net/,http-diff,https://explorer.ooni.org/m/20260407141857.324637_KR_webconnectivity_dfe1c25b36ca2a9f
http://www.nexon.com/,http-diff,https://explorer.ooni.org/m/20260407141858.998036_KR_webconnectivity_51b5406c69ff55a4
http://www.nmrc.org/,http-diff,https://explorer.ooni.org/m/20260407141901.222359_KR_webconnectivity_6b736664c659411e
https://www.oxfam.org/,ok,https://explorer.ooni.org/m/20260407141907.292543_KR_webconnectivity_e4bf6c41dec2b660
https://www.paralleleconomy.com/,ok,https://explorer.ooni.org/m/20260407141913.126434_KR_webconnectivity_5f249d3f2f5baabb
https://www.paypal.com/,ok,https://explorer.ooni.org/m/20260407141917.121292_KR_webconnectivity_568808d9e682648e
http://www.pcgamer.com/,http-diff,https://explorer.ooni.org/m/20260407141918.050442_KR_webconnectivity_7987083d2363365f
https://www.playstation.com/,ok,https://explorer.ooni.org/m/20260407141921.984479_KR_webconnectivity_3defc463b28ad98f
http://www.pmang.com/,http-diff,https://explorer.ooni.org/m/20260407141922.882253_KR_webconnectivity_4f16b5fe308ae2c8
https://www.pogo.com/,ok,https://explorer.ooni.org/m/20260407141925.708812_KR_webconnectivity_08db7132d640ef1b
https://www.progressio.org.uk/,ok,https://explorer.ooni.org/m/20260407141928.924769_KR_webconnectivity_e80fb6eef1beff3c
https://www.rbf.org/,ok,https://explorer.ooni.org/m/20260407141930.942340_KR_webconnectivity_dc648fe741a684bf
https://www.roblox.com/,ok,https://explorer.ooni.org/m/20260407141934.012803_KR_webconnectivity_c8e4d1f3d1d70fd4
http://www.rockstargames.com/,http-diff,https://explorer.ooni.org/m/20260407141935.484210_KR_webconnectivity_828fecc99f84e683
http://www.runescape.com/,http-diff,https://explorer.ooni.org/m/20260407141937.799780_KR_webconnectivity_726cd52445e3a910
http://www.sida.se/,ok,https://explorer.ooni.org/m/20260407141946.861416_KR_webconnectivity_7fca44ac882b42d1
http://www.square-enix.com/,http-diff,https://explorer.ooni.org/m/20260407141948.695263_KR_webconnectivity_14e9f00f0a0098e1
https://www.thegeekdiary.com/,ok,https://explorer.ooni.org/m/20260407141949.640255_KR_webconnectivity_074472c994b1016e
https://www.uber.com/,ok,https://explorer.ooni.org/m/20260407142002.343659_KR_webconnectivity_5a90db0d4e0d5deb
https://www.ubisoft.com/,ok,https://explorer.ooni.org/m/20260407142010.411867_KR_webconnectivity_59c53e66b6728619
http://www.unlockme.co.uk/,ok,https://explorer.ooni.org/m/20260407142012.620849_KR_webconnectivity_48c10ea5836482c0
https://www.usaid.gov/,ok,https://explorer.ooni.org/m/20260407142015.732887_KR_webconnectivity_b005b3c5e3b40a1a
https://www.walmart.com/,ok,https://explorer.ooni.org/m/20260407142018.515510_KR_webconnectivity_ce5b7169a45902c4
https://www.weforum.org/,ok,https://explorer.ooni.org/m/20260407142019.855121_KR_webconnectivity_28deefa51c5debaa
https://www.westernunion.com/,ok,https://explorer.ooni.org/m/20260407142023.784527_KR_webconnectivity_88c3ec3e5ed8eeae
https://www.wmtransfer.com/,ok,https://explorer.ooni.org/m/20260407142045.536224_KR_webconnectivity_8cfaa755c16ce3b1
https://www.worldbank.org/,ok,https://explorer.ooni.org/m/20260407142047.538487_KR_webconnectivity_1256dd191ff42746
http://www.zone-h.org/,ok,https://explorer.ooni.org/m/20260407142050.084694_KR_webconnectivity_dfa6c61843e0bfb9
https://xe.com/,ok,https://explorer.ooni.org/m/20260407142059.539775_KR_webconnectivity_e8b3df0389550b24
http://zipbogo.net/,confirmed,https://explorer.ooni.org/m/20260407142102.038640_KR_webconnectivity_dfaf574d705448c1
https://vimeo.com/,ok,https://explorer.ooni.org/m/20260407142104.748498_KR_webconnectivity_981f026285211f64
https://www.wechat.com/,ok,https://explorer.ooni.org/m/20260407142105.734016_KR_webconnectivity_1f6727cfdb8f6777
https://secondlife.com/,ok,https://explorer.ooni.org/m/20260407142108.578868_KR_webconnectivity_24783d0d5fd422b5
https://tinder.com/,ok,https://explorer.ooni.org/m/20260407142111.101093_KR_webconnectivity_e8355cff32064643
https://doh.opendns.com/dns-query?dns=q80BAAABAAAAAAAAA3d3dwdleGFtcGxlA2NvbQAAAQAB,tcp_ip,https://explorer.ooni.org/m/20260407142111.930893_KR_webconnectivity_d98d7f76685184e0
http://r3.o.lencr.org/,ok,https://explorer.ooni.org/m/20260407142112.727285_KR_webconnectivity_c726dce992cb4780
https://www.premaritalsex.info/,dns,https://explorer.ooni.org/m/20260407142113.742156_KR_webconnectivity_d62b5e45cefdf1fa
https://bricspress.live/,ok,https://explorer.ooni.org/m/20260407142117.027373_KR_webconnectivity_cb4e513bf4373ef3
https://carafem.org/,ok,https://explorer.ooni.org/m/20260407142119.190119_KR_webconnectivity_4a6c2484a98aedea
https://googleweblight.com/i?u=https%3A%2F%2Fexample.com%2F,ok,https://explorer.ooni.org/m/20260407142121.418104_KR_webconnectivity_a2131df1f4ad24ad
http://guardster.com/,http-diff,https://explorer.ooni.org/m/20260407142122.400006_KR_webconnectivity_fb35cbf5dd057d49
https://mullvad.net/,ok,https://explorer.ooni.org/m/20260407142126.554120_KR_webconnectivity_b589a3484aea5425
https://proxy.i2phides.me/,error,https://explorer.ooni.org/m/20260407142128.861213_KR_webconnectivity_3f6ca5591b0a4462
https://spys.one/,ok,https://explorer.ooni.org/m/20260407142131.984610_KR_webconnectivity_50af46e78708977e
http://www.asiantribune.com/,dns,https://explorer.ooni.org/m/20260407142132.925066_KR_webconnectivity_aa82744049bfefea
https://www.cyberghostvpn.com/,ok,https://explorer.ooni.org/m/20260407142136.597816_KR_webconnectivity_df8202efcd8cc13d
https://www.gaystarnews.com/,ok,https://explorer.ooni.org/m/20260407142137.761584_KR_webconnectivity_a93a05456248e41e
https://www.hotspotshield.com/,ok,https://explorer.ooni.org/m/20260407142140.084696_KR_webconnectivity_21ed1f47a2fa53cf
http://www.inetprivacy.com/,dns,https://explorer.ooni.org/m/20260407142140.996449_KR_webconnectivity_a956a7ffff81e7d1
http://www.korea-htr.com/,confirmed,https://explorer.ooni.org/m/20260407142142.186428_KR_webconnectivity_49ee6245da67341a
https://www.out.com/,ok,https://explorer.ooni.org/m/20260407142145.137337_KR_webconnectivity_6d7dbc40940ad089
https://www.planetromeo.com/,ok,https://explorer.ooni.org/m/20260407142148.573189_KR_webconnectivity_d8e6ca90d0057e85
http://www.protest.net/,http-diff,https://explorer.ooni.org/m/20260407142149.624018_KR_webconnectivity_8b216b5dabc62c50
https://www.purevpn.com/,http-failure,https://explorer.ooni.org/m/20260407142210.372486_KR_webconnectivity_e2d05ec60a7ef5e6
https://www.reprolegalhelpline.org/,ok,https://explorer.ooni.org/m/20260407142214.390620_KR_webconnectivity_9ab68e7f612f388c
http://www.samesexmarriage.ca/,http-diff,https://explorer.ooni.org/m/20260407142215.766610_KR_webconnectivity_87dd255bdcbacf14
https://www.scruff.com/,ok,https://explorer.ooni.org/m/20260407142217.238565_KR_webconnectivity_f69622ed3a582cc0
http://www.sisainlive.com/,ok,https://explorer.ooni.org/m/20260407142218.100104_KR_webconnectivity_45dd8e288e6a9859
https://www.surfeasy.com/,ok,https://explorer.ooni.org/m/20260407142221.442958_KR_webconnectivity_9c05fd5d5ae064ea
https://www.tunnelbear.com/,http-failure,https://explorer.ooni.org/m/20260407142242.201999_KR_webconnectivity_d6629a602cdc88b0
https://www.uproxy.org/,ok,https://explorer.ooni.org/m/20260407142243.857410_KR_webconnectivity_597ae3d1a5cf66a9
http://www.utopia-asia.com/,http-diff,https://explorer.ooni.org/m/20260407142246.801377_KR_webconnectivity_9c9aa1b9ec902e6f
https://www.vpnunlimited.com/,ok,https://explorer.ooni.org/m/20260407142249.706427_KR_webconnectivity_efd68608d82393a2
http://www.womenforpeaceandjustice.org/,ok,https://explorer.ooni.org/m/20260407142255.330835_KR_webconnectivity_c0aba1655ff8bdae
https://www.womenonwaves.org/,ok,https://explorer.ooni.org/m/20260407142259.567104_KR_webconnectivity_8bd90df9dccbeaf5
https://yggdrasil-network.github.io/,ok,https://explorer.ooni.org/m/20260407142301.064418_KR_webconnectivity_d09327eb2c53c7b7
https://signal.org/,ok,https://explorer.ooni.org/m/20260407142302.906447_KR_webconnectivity_300269a7e6294445
https://www.snapchat.com/,ok,https://explorer.ooni.org/m/20260407142305.318820_KR_webconnectivity_82fbd0701d0da0d6
https://www.viber.com/,ok,https://explorer.ooni.org/m/20260407142307.847941_KR_webconnectivity_d041fdae5aefcfc2
https://www.whatsapp.com/,ok,https://explorer.ooni.org/m/20260407142311.523375_KR_webconnectivity_b705ca1291585b43
https://ko.wikipedia.org/,ok,https://explorer.ooni.org/m/20260407142315.303992_KR_webconnectivity_48c5d9d660c19b44
https://theonion.com/,ok,https://explorer.ooni.org/m/20260407142317.836457_KR_webconnectivity_e2a336313bdfeb6d
https://www.douban.com/,ok,https://explorer.ooni.org/m/20260407142324.833121_KR_webconnectivity_d70acc84bf2450da
http://imagebingo.naver.com/,ok,https://explorer.ooni.org/m/20260407142325.894971_KR_webconnectivity_24bcdc1f5605f6bc
https://t.me/,ok,https://explorer.ooni.org/m/20260407142346.165135_KR_webconnectivity_5dec72f81060b3b1
https://www.doctissimo.fr/,ok,https://explorer.ooni.org/m/20260407142350.027022_KR_webconnectivity_2eac8ceab38be63b
https://www.gmx.com/,ok,https://explorer.ooni.org/m/20260407142400.094843_KR_webconnectivity_adc351c288e8c6db
http://www.ppca.co.kr/,ok,https://explorer.ooni.org/m/20260407142401.382586_KR_webconnectivity_a3b6bdf66bccdc20
https://www.twitch.tv/,ok,https://explorer.ooni.org/m/20260407142403.853922_KR_webconnectivity_a90c0af28144db77
http://www.webbox.com/index.php,ok,https://explorer.ooni.org/m/20260407142404.873287_KR_webconnectivity_2a32f4942429bff6
https://www.y2mate.com/,ok,https://explorer.ooni.org/m/20260407142405.832794_KR_webconnectivity_a391c1fca797f024
https://cdn.fbsbx.com/favicon.ico,ok,https://explorer.ooni.org/m/20260407142407.718449_KR_webconnectivity_199ffa1047e02d0a
https://myspace.com/,error,https://explorer.ooni.org/m/20260407142408.550450_KR_webconnectivity_960391bb3d7fe21d
https://upload.twitter.com/robots.txt,ok,https://explorer.ooni.org/m/20260407142409.698034_KR_webconnectivity_d078329568967439
https://www.4chan.org/,ok,https://explorer.ooni.org/m/20260407142411.208396_KR_webconnectivity_5b7ca944dcf9fbd5
https://www.meetup.com/,ok,https://explorer.ooni.org/m/20260407142415.208612_KR_webconnectivity_477da4af5f2e2d31
https://www.trendsmap.com/,tcp_ip,https://explorer.ooni.org/m/20260407142416.644634_KR_webconnectivity_4f43eefa48c30fd9
http://streetmeatasia.com/,http-diff,https://explorer.ooni.org/m/20260407142422.352896_KR_webconnectivity_fecb696ab96f955b
http://www.88square.com/,tcp_ip,https://explorer.ooni.org/m/20260407142508.242986_KR_webconnectivity_df08482fced562f9
http://www.asiangirlsnextdoor.com/,http-diff,https://explorer.ooni.org/m/20260407142509.266930_KR_webconnectivity_988fd1380058e6fe
http://www.asianthumbs.org/,http-diff,https://explorer.ooni.org/m/20260407142512.125184_KR_webconnectivity_53038313bc9a2501
http://www.bangkokstreetwhores.com/,http-diff,https://explorer.ooni.org/m/20260407142514.827765_KR_webconnectivity_9dad05e7ad462b0f
http://www.dateinasia.com/,http-diff,https://explorer.ooni.org/m/20260407142516.294717_KR_webconnectivity_01cb4daf38988acd
http://www.exploitedteensasia.com/,confirmed,https://explorer.ooni.org/m/20260407142520.227489_KR_webconnectivity_d7fb50e6d6cf9186
http://www.gayasianamateurs.com/,ok,https://explorer.ooni.org/m/20260407142522.481710_KR_webconnectivity_1e6e0aee66890185
https://allthefallen.moe/,ok,https://explorer.ooni.org/m/20260407142526.467515_KR_webconnectivity_f4c28d15dc2193c9
https://anon.inf.tu-dresden.de/,tcp_ip,https://explorer.ooni.org/m/20260407142557.330936_KR_webconnectivity_22733739e979087b
https://cdns.grindr.com/,ok,https://explorer.ooni.org/m/20260407142600.132970_KR_webconnectivity_6d38d9b652c980a9
https://freenetproject.org/,ok,https://explorer.ooni.org/m/20260407142603.955039_KR_webconnectivity_700d1283c433e325
https://freespeech.org/,ok,https://explorer.ooni.org/m/20260407142606.638503_KR_webconnectivity_f2d36f86aeb7e91a
https://genderdysphoria.fyi/,ok,https://explorer.ooni.org/m/20260407142609.486021_KR_webconnectivity_b1c5638c44e2d76d
https://geti2p.net/,ok,https://explorer.ooni.org/m/20260407142614.071043_KR_webconnectivity_d3490871f2bd2ec9
https://getlantern.org/,ok,https://explorer.ooni.org/m/20260407142616.631060_KR_webconnectivity_4ee6697b6a8527ff
https://hide.me/,ok,https://explorer.ooni.org/m/20260407142621.376276_KR_webconnectivity_173f63ac398ad90e
https://hornet.com/,ok,https://explorer.ooni.org/m/20260407142625.059695_KR_webconnectivity_2aec5d30184b55f5
http://lgbt.kdlp.org/,ok,https://explorer.ooni.org/m/20260407142625.907778_KR_webconnectivity_03243a567e4ef574
https://mega.io/,ok,https://explorer.ooni.org/m/20260407142632.737638_KR_webconnectivity_52b203d957d58b34
http://northkoreatech.org/,ok,https://explorer.ooni.org/m/20260407142633.807205_KR_webconnectivity_ea574b1f70b37619
https://privatevpn.com/,http-failure,https://explorer.ooni.org/m/20260407142654.602886_KR_webconnectivity_ab6e9e140d159def
https://proxify.com/,ok,https://explorer.ooni.org/m/20260407142657.074726_KR_webconnectivity_2cd3b4ad15eea49f
https://resurj.org/,ok,https://explorer.ooni.org/m/20260407142700.650143_KR_webconnectivity_610729052a5ca289
https://safervpn.com/,ok,https://explorer.ooni.org/m/20260407142701.616834_KR_webconnectivity_0dd1df7c8eb5c3b4
https://shadowsocks.org/,ok,https://explorer.ooni.org/m/20260407142704.058553_KR_webconnectivity_e20db4d8bb499063
https://smotrim.ru/,ok,https://explorer.ooni.org/m/20260407142710.165590_KR_webconnectivity_3bae6749771e6e46
https://speedify.com/,ok,https://explorer.ooni.org/m/20260407142712.680136_KR_webconnectivity_3325f427bbc9dbd0
https://strongvpn.com/,ok,https://explorer.ooni.org/m/20260407142716.002461_KR_webconnectivity_0f83e16c9d121da0
https://surfshark.com/,ok,https://explorer.ooni.org/m/20260407142718.452586_KR_webconnectivity_ece3189662fc7468
https://thegailygrind.com/,ok,https://explorer.ooni.org/m/20260407142721.190174_KR_webconnectivity_001fd411cd06257d
http://transsexual.org/,http-diff,https://explorer.ooni.org/m/20260407142722.507834_KR_webconnectivity_cffee778ad880e8e
https://trustvpn.me/,ok,https://explorer.ooni.org/m/20260407142724.339612_KR_webconnectivity_00e6ea8727b7cc0f
https://ultrasurf.us/,ok,https://explorer.ooni.org/m/20260407142726.587746_KR_webconnectivity_a6022665ad61718b
https://www.advocate.com/,ok,https://explorer.ooni.org/m/20260407142729.520296_KR_webconnectivity_35d24d511109291f
http://www.anonymsurfen.com/,http-diff,https://explorer.ooni.org/m/20260407142731.425424_KR_webconnectivity_ed55b5b21f3324b3
http://www.feer.com/,ok,https://explorer.ooni.org/m/20260407142732.265039_KR_webconnectivity_6c8d3d621d13ee6e
https://www.feministfrequency.com/,ok,https://explorer.ooni.org/m/20260407142735.203128_KR_webconnectivity_56d71e475e57707b
https://www.grindr.com/,ok,https://explorer.ooni.org/m/20260407142736.729595_KR_webconnectivity_b37a618a2e94f5d1
https://www.ipredator.se/,ok,https://explorer.ooni.org/m/20260407142737.485975_KR_webconnectivity_9710bada2b5a68b7
http://www.migrantsinkorea.net/,ok,https://explorer.ooni.org/m/20260407142738.281471_KR_webconnectivity_71ccc19bea3b44e6
http://www.naral.org/,ok,https://explorer.ooni.org/m/20260407142739.074515_KR_webconnectivity_d3044b5ed15a4471
https://www.opentech.fund/,ok,https://explorer.ooni.org/m/20260407142741.796733_KR_webconnectivity_8605206b29e25667
http://www.qhtyzx.com/,ok,https://explorer.ooni.org/m/20260407142743.668733_KR_webconnectivity_be4ea3b60188d55f
https://www.queerty.com/,ok,https://explorer.ooni.org/m/20260407142746.463319_KR_webconnectivity_191055f61ed2bb54
http://www.theregister.co.uk/,ok,https://explorer.ooni.org/m/20260407142748.416255_KR_webconnectivity_21c01abe4c240c83
http://www.ultimate-anonymity.com/,http-diff,https://explorer.ooni.org/m/20260407142749.569376_KR_webconnectivity_9effa075c4bc12bc
https://www.washingtonpost.com/,error,https://explorer.ooni.org/m/20260407142751.067131_KR_webconnectivity_8c60378d535c7db0
https://1.0.0.3/dns-query?dns=q80BAAABAAAAAAAAA3d3dwdleGFtcGxlA2NvbQAAAQAB,ok,https://explorer.ooni.org/m/20260407142751.871364_KR_webconnectivity_64a8df2fc4acc930
https://9.9.9.9/dns-query?dns=q80BAAABAAAAAAAAA3d3dwdleGFtcGxlA2NvbQAAAQAB,tcp_ip,https://explorer.ooni.org/m/20260407142752.565478_KR_webconnectivity_50dd4b33c59d304b
https://assets.gitlab-static.net/robots.txt,ok,https://explorer.ooni.org/m/20260407142753.305337_KR_webconnectivity_81589e9b770c3a88
https://gitlab.com/,ok,https://explorer.ooni.org/m/20260407142756.556228_KR_webconnectivity_3620eda852e9beaa
https://mozilla.cloudflare-dns.com/dns-query?dns=q80BAAABAAAAAAAAA3d3dwdleGFtcGxlA2NvbQAAAQAB,ok,https://explorer.ooni.org/m/20260407142757.544015_KR_webconnectivity_6cf336d8ff464581
https://telegra.ph/,ok,https://explorer.ooni.org/m/20260407142800.154249_KR_webconnectivity_601bca9464a677f7
https://www.pubg.com/,ok,https://explorer.ooni.org/m/20260407142803.774061_KR_webconnectivity_cbf5e307e45feaf6
http://www.unescap.org/,ok,https://explorer.ooni.org/m/20260407142805.315201_KR_webconnectivity_a19f4f7a4fbbf3ef
https://9gag.com/,ok,https://explorer.ooni.org/m/20260407142807.765114_KR_webconnectivity_bfff441b885b31b7
https://abs.twimg.com/sticky/default_profile_images/default_profile_normal.png,ok,https://explorer.ooni.org/m/20260407142808.683170_KR_webconnectivity_62e86db313efe0b3
https://badoo.com/,ok,https://explorer.ooni.org/m/20260407142813.285860_KR_webconnectivity_2f3262922d9a0e3d
http://blogmarks.net/,http-diff,https://explorer.ooni.org/m/20260407142814.347893_KR_webconnectivity_a8901dcdc166e44f
https://edge-chat.instagram.com/robots.txt,ok,https://explorer.ooni.org/m/20260407142816.356555_KR_webconnectivity_1714637c2309aca9
https://edge-mqtt.facebook.com/favicon.ico,ok,https://explorer.ooni.org/m/20260407142818.133064_KR_webconnectivity_de6b784e96a79f59
https://fbcdn.net/robots.txt,ok,https://explorer.ooni.org/m/20260407142820.239829_KR_webconnectivity_c30d37e71c28b8da
https://ntc.party/,tcp_ip,https://explorer.ooni.org/m/20260407142821.014154_KR_webconnectivity_a83f16543fbf5b57
https://qph.fs.quoracdn.net/main-thumb-1117688072-200-uijiqfjcmlvaxczdrlawbgyaomfocdnt.jpeg,ok,https://explorer.ooni.org/m/20260407142822.394463_KR_webconnectivity_391e3fb2e8573c42
https://qsbr.fs.quoracdn.net/-4-web.entry.js.out-34-8f7d03da0b7a24ae.webpack,ok,https://explorer.ooni.org/m/20260407142824.497435_KR_webconnectivity_e0c53f4da327470c
https://scontent-frt3-2.cdninstagram.com/favicon.ico,ok,https://explorer.ooni.org/m/20260407142825.259940_KR_webconnectivity_576455ccfe2062ba
https://scontent.cdninstagram.com/robots.txt,ok,https://explorer.ooni.org/m/20260407142827.103858_KR_webconnectivity_88d8e317c2f89593
https://styles.redditmedia.com/robots.txt,ok,https://explorer.ooni.org/m/20260407142828.333305_KR_webconnectivity_3a91158fc0e55a02
https://triller.co/,error,https://explorer.ooni.org/m/20260407142829.565970_KR_webconnectivity_9605a552088751cf
https://video.cdninstagram.com/favicon.ico,ok,https://explorer.ooni.org/m/20260407142831.409963_KR_webconnectivity_e78ca4ed290b131a
https://www.clubhouseapi.com/,ok,https://explorer.ooni.org/m/20260407142832.560135_KR_webconnectivity_cbaec9926c887399
https://www.meetme.com/,ok,https://explorer.ooni.org/m/20260407142834.074799_KR_webconnectivity_71ad1e95fb77b129
https://www.quora.com/,ok,https://explorer.ooni.org/m/20260407142834.926348_KR_webconnectivity_a7b74b29912406e2
https://www.redditstatic.com/robots.txt,ok,https://explorer.ooni.org/m/20260407142836.165646_KR_webconnectivity_49d8aa835576ef5d
https://www.yubo.live/,ok,https://explorer.ooni.org/m/20260407142838.167995_KR_webconnectivity_0288c2dbeedd2f3f
https://cc.bingj.com/cache.aspx?q=nothing,ok,https://explorer.ooni.org/m/20260407142838.869862_KR_webconnectivity_7dd63265aa547149
http://chakantv.co.kr/,ok,https://explorer.ooni.org/m/20260407142839.849551_KR_webconnectivity_7b89eb27ba203c30
https://cocaine.org/,ok,https://explorer.ooni.org/m/20260407142842.314213_KR_webconnectivity_4103efc9e4b1e5f6
https://coronavirus.app/,ok,https://explorer.ooni.org/m/20260407142844.003120_KR_webconnectivity_7fff8c7f0a4e0516
https://deepseek.ai/,ok,https://explorer.ooni.org/m/20260407142845.377912_KR_webconnectivity_516538cffeee1168
https://dweb.link/,ok,https://explorer.ooni.org/m/20260407142847.377729_KR_webconnectivity_ce65aae4a909e0b7
http://h50030.www5.hp.com/,ok,https://explorer.ooni.org/m/20260407142848.571220_KR_webconnectivity_d41fcd975f57db6e
http://internetphone114.com/,ok,https://explorer.ooni.org/m/20260407142849.445307_KR_webconnectivity_cbc0d171d2e345e9
https://ipfs.io/,ok,https://explorer.ooni.org/m/20260407142851.218954_KR_webconnectivity_0690d74d240e8945
https://pps.whatsapp.net/robots.txt,ok,https://explorer.ooni.org/m/20260407142853.052976_KR_webconnectivity_787a50fe50e390d2
https://support.therapytribe.com/hivaids-support-group/,ok,https://explorer.ooni.org/m/20260407142854.598274_KR_webconnectivity_fde5c6d7838787f7
https://tse1.explicit.bing.net/robots.txt,ok,https://explorer.ooni.org/m/20260407142855.875241_KR_webconnectivity_17fc36695d2f0036
http://tvpot.media.daum.net/,ok,https://explorer.ooni.org/m/20260407142857.417018_KR_webconnectivity_3868859ad711dc81
https://www.bittorrent.com/,ok,https://explorer.ooni.org/m/20260407142900.147528_KR_webconnectivity_6fe1f2729ca21b08
https://www.ectaco.com/,ok,https://explorer.ooni.org/m/20260407142902.235294_KR_webconnectivity_b886a5477a8bc46a
http://www.lsinc.co.kr/,ok,https://explorer.ooni.org/m/20260407142903.874166_KR_webconnectivity_0c4457449b6094de
http://www.photobucket.com/,http-diff,https://explorer.ooni.org/m/20260407142905.540175_KR_webconnectivity_6747da0ff3749e9d
https://www.sendspace.com/,error,https://explorer.ooni.org/m/20260407142907.318883_KR_webconnectivity_81e07f4443b7106b
https://www.tumblr.com/,ok,https://explorer.ooni.org/m/20260407142910.639329_KR_webconnectivity_0eef94bcac38b1e0
http://www.veoh.com/,ok,https://explorer.ooni.org/m/20260407142915.968539_KR_webconnectivity_feec9b72e4128d24
https://www.vonage.com/,ok,https://explorer.ooni.org/m/20260407142917.220938_KR_webconnectivity_015017e644137630
https://ya.ru/,ok,https://explorer.ooni.org/m/20260407142923.187020_KR_webconnectivity_7e238d0aac02b120
https://airvpn.org/,error,https://explorer.ooni.org/m/20260407142925.447146_KR_webconnectivity_1cbd525d24814e51
https://allout.org/,ok,https://explorer.ooni.org/m/20260407142930.597365_KR_webconnectivity_81cdb123106beaf7
https://api.protonvpn.ch/tests/ping,http-failure,https://explorer.ooni.org/m/20260407142952.286001_KR_webconnectivity_b00b957221264526
http://beyondexgay.com/,http-diff,https://explorer.ooni.org/m/20260407142954.013372_KR_webconnectivity_803a3fff967c73c3
https://bi.org/,ok,https://explorer.ooni.org/m/20260407142957.341063_KR_webconnectivity_228005c9f840a75c
http://bitsnoop.com/,confirmed,https://explorer.ooni.org/m/20260407142958.313180_KR_webconnectivity_75b0a912caad53c3
https://boingboing.net/,ok,https://explorer.ooni.org/m/20260407143000.341298_KR_webconnectivity_c5d9bc60f3b9209d
https://bridges.torproject.org/,ok,https://explorer.ooni.org/m/20260407143003.041064_KR_webconnectivity_827a4d5b5426ba7d
https://ccrjustice.org/,ok,https://explorer.ooni.org/m/20260407143004.495473_KR_webconnectivity_404bdc4ea9a92e07
https://censorship.no/,ok,https://explorer.ooni.org/m/20260407143006.841288_KR_webconnectivity_a929336a0cfe9a08
http://comingout.narun.net/,ok,https://explorer.ooni.org/m/20260407143011.456816_KR_webconnectivity_9d76ebfe26f60db1
https://creativecommons.org/,ok,https://explorer.ooni.org/m/20260407143013.428602_KR_webconnectivity_dadf43e2bb0b50a1
https://dartcenter.org/,ok,https://explorer.ooni.org/m/20260407143014.936523_KR_webconnectivity_69e3fde40ef6fd38
http://english.chosun.com/,ok,https://explorer.ooni.org/m/20260407143016.583244_KR_webconnectivity_2b39df8e4321611d
https://explorer.ooni.org/,ok,https://explorer.ooni.org/m/20260407143018.471789_KR_webconnectivity_422bb7f6b7bcded2
https://forum.mhut.org/,error,https://explorer.ooni.org/m/20260407143021.283058_KR_webconnectivity_9f3575061018a857
https://freesocks.org/,ok,https://explorer.ooni.org/m/20260407143023.432404_KR_webconnectivity_7c0a587df5ba641b
http://gaytoday.com/,http-diff,https://explorer.ooni.org/m/20260407143025.047879_KR_webconnectivity_3560abc48720db2e
https://gijn.org/,ok,https://explorer.ooni.org/m/20260407143026.601604_KR_webconnectivity_9e8af42dff845ad0
https://grindr.mobi/,ok,https://explorer.ooni.org/m/20260407143027.728844_KR_webconnectivity_3df310bd503b0e2e
http://inter.kdlp.org/,ok,https://explorer.ooni.org/m/20260407143028.535402_KR_webconnectivity_63f3a3cf8c034fcd
https://kickasstorrents.to/,ok,https://explorer.ooni.org/m/20260407143031.743704_KR_webconnectivity_0477fcace5a848bf
https://lantern.io/,ok,https://explorer.ooni.org/m/20260407143033.888049_KR_webconnectivity_44806d5696c58719
https://multiproxy.org/,ok,https://explorer.ooni.org/m/20260407143036.601372_KR_webconnectivity_918b28b17f381c7a
http://nkhumanrights.or.kr/,ok,https://explorer.ooni.org/m/20260407143039.184571_KR_webconnectivity_81e5d52889654d73
https://nordvpn.com/,ok,https://explorer.ooni.org/m/20260407143040.884047_KR_webconnectivity_8301daef65f483f3
https://ooni.org/,ok,https://explorer.ooni.org/m/20260407143042.274337_KR_webconnectivity_78b5d8e09f11839f
https://sci-hub.se/,ok,https://explorer.ooni.org/m/20260407143043.126009_KR_webconnectivity_7d0f9fa9c11588f6
https://securevpn.com/,ok,https://explorer.ooni.org/m/20260407143046.645798_KR_webconnectivity_3a7b0cc43e45645f
http://software.naver.com/,ok,https://explorer.ooni.org/m/20260407143047.602091_KR_webconnectivity_eb2fabe3aec294a3
https://thunder.free-signal.com/,ok,https://explorer.ooni.org/m/20260407143050.935114_KR_webconnectivity_1017f6e39ed1d38b
http://tongil-i.net/,ok,https://explorer.ooni.org/m/20260407143051.849792_KR_webconnectivity_c4428f61e989d07d
http://torrent82.com/,ok,https://explorer.ooni.org/m/20260407143052.619699_KR_webconnectivity_3543945619fa4a2e
https://ultravpn.com/,ok,https://explorer.ooni.org/m/20260407143055.038131_KR_webconnectivity_4d30698960a49cf5
http://www.anonymizer.ru/,http-diff,https://explorer.ooni.org/m/20260407143056.971697_KR_webconnectivity_5147d9fe1808fb97
https://www.arabnews.com/,ok,https://explorer.ooni.org/m/20260407143058.095635_KR_webconnectivity_5b3559f184b8914d
https://www.article19.org/,ok,https://explorer.ooni.org/m/20260407143059.472490_KR_webconnectivity_b5fdb718b6c68b18
https://www.betternet.co/,ok,https://explorer.ooni.org/m/20260407143101.845549_KR_webconnectivity_a98fab3f84a85d1d
https://www.business-humanrights.org/,ok,https://explorer.ooni.org/m/20260407143103.313030_KR_webconnectivity_d9fe7576eaaa2581
http://www.cawinfo.org/,ok,https://explorer.ooni.org/m/20260407143140.657794_KR_webconnectivity_17f0746508b95d4f
https://www.clintonfoundation.org/,ok,https://explorer.ooni.org/m/20260407143142.074156_KR_webconnectivity_d35663aedb4c50aa
http://www.dit-inc.us/,http-diff,https://explorer.ooni.org/m/20260407143143.133838_KR_webconnectivity_c6be75ec2a8ca9ff
http://www.e-ju.net/,ok,https://explorer.ooni.org/m/20260407143144.026317_KR_webconnectivity_27f49684d3772a55
https://www.echr.coe.int/,ok,https://explorer.ooni.org/m/20260407143145.404019_KR_webconnectivity_2c248f06ccda57ae
http://www.globalgayz.com/,ok,https://explorer.ooni.org/m/20260407143155.233062_KR_webconnectivity_0e2f66233c53cdd0
https://www.hidemyass.com/,ok,https://explorer.ooni.org/m/20260407143159.519336_KR_webconnectivity_831ce27c35a36b0d
https://www.hyphanet.org/,ok,https://explorer.ooni.org/m/20260407143201.394782_KR_webconnectivity_3b0a0335da6fe8d6
https://www.icj.org/,ok,https://explorer.ooni.org/m/20260407143204.845986_KR_webconnectivity_9d3981299ab0e39e
https://www.ipvanish.com/,ok,https://explorer.ooni.org/m/20260407143207.221650_KR_webconnectivity_d04076a3746ab445
https://www.ivpn.net/,ok,https://explorer.ooni.org/m/20260407143210.325854_KR_webconnectivity_ffcc2b4980379dee
https://www.jihadwatch.org/,ok,https://explorer.ooni.org/m/20260407143211.675961_KR_webconnectivity_45e8d6436d8e1054
https://www.knapsackforhope.org/,ok,https://explorer.ooni.org/m/20260407143212.865563_KR_webconnectivity_a036010375d960fb
http://www.korea-htr.com/chuo/,confirmed,https://explorer.ooni.org/m/20260407143214.001807_KR_webconnectivity_1514ae8977af7452
https://www.megaproxy.com/,http-failure,https://explorer.ooni.org/m/20260407143235.846575_KR_webconnectivity_57d88032c4072659
https://www.msichoices.org/,ok,https://explorer.ooni.org/m/20260407143238.814863_KR_webconnectivity_ed2b7d753a8dfe48
https://www.nifty.org/,ok,https://explorer.ooni.org/m/20260407143241.232336_KR_webconnectivity_d95c1a6487001b79
http://www.pangari.net/,ok,https://explorer.ooni.org/m/20260407143242.064105_KR_webconnectivity_773fbf2089ae1093
http://www.peacefire.org/circumventor/simple-circumventor-instructions.html,http-diff,https://explorer.ooni.org/m/20260407143243.855709_KR_webconnectivity_99658099cc70d3d5
https://www.pinkcupid.com/,ok,https://explorer.ooni.org/m/20260407143247.163414_KR_webconnectivity_e4ea3a2e5d024360
https://www.privateinternetaccess.com/,ok,https://explorer.ooni.org/m/20260407143251.617595_KR_webconnectivity_8bab5b9ac2e30ba1
https://www.rollingstone.com/,ok,https://explorer.ooni.org/m/20260407143255.300858_KR_webconnectivity_fc6791a413769d39
https://www.shoe.org/,ok,https://explorer.ooni.org/m/20260407143259.037121_KR_webconnectivity_e90acf753ebd8b25
https://www.teafund.org/,ok,https://explorer.ooni.org/m/20260407143302.885213_KR_webconnectivity_5e3cf0c1a7682440
https://www.torproject.org/,ok,https://explorer.ooni.org/m/20260407143306.600612_KR_webconnectivity_5d85feb2a1a9d64a
https://www.unfe.org/,ok,https://explorer.ooni.org/m/20260407143307.948329_KR_webconnectivity_08f166939dfaee86
https://www.unicef.org/,ok,https://explorer.ooni.org/m/20260407143309.106135_KR_webconnectivity_8a33f9effb024ab2
https://www.womenonweb.org/,http-failure,https://explorer.ooni.org/m/20260407143310.559615_KR_webconnectivity_9cab2ea0938584ac
https://zenvpn.net/,http-failure,https://explorer.ooni.org/m/20260407143331.834092_KR_webconnectivity_90e54828b1fbb208
https://bsky.app/,ok,https://explorer.ooni.org/m/20260407143334.165212_KR_webconnectivity_593cbb127cc12ad3
https://clubhouse.pubnub.com/,ok,https://explorer.ooni.org/m/20260407143335.686807_KR_webconnectivity_a5f439e6473d4164
https://external.xx.fbcdn.net/robots.txt,ok,https://explorer.ooni.org/m/20260407143337.566338_KR_webconnectivity_5ac4000f82ee46e3
https://gettr.com/,ok,https://explorer.ooni.org/m/20260407143341.214167_KR_webconnectivity_fec40254ea093b91
https://i.instagram.com/robots.txt,ok,https://explorer.ooni.org/m/20260407143343.211059_KR_webconnectivity_8e313c32bc35716e
https://mastodon.social/,ok,https://explorer.ooni.org/m/20260407143345.476066_KR_webconnectivity_b6dc4a4e39d970e0
https://preview.redd.it/robots.txt,ok,https://explorer.ooni.org/m/20260407143346.723991_KR_webconnectivity_9f4bf14c40ca7771
https://scontent.xx.fbcdn.net/robots.txt,ok,https://explorer.ooni.org/m/20260407143349.053625_KR_webconnectivity_bb2831a6d0001fc6
https://static.cdninstagram.com/robots.txt,ok,https://explorer.ooni.org/m/20260407143350.898497_KR_webconnectivity_9782eff45be1178b
https://staticxx.facebook.com/robots.txt,ok,https://explorer.ooni.org/m/20260407143352.733836_KR_webconnectivity_97abf1decb207a72
https://valence.community/,ok,https://explorer.ooni.org/m/20260407143405.118448_KR_webconnectivity_bd9db020dcc74af3
https://web.facebook.com/robots.txt,ok,https://explorer.ooni.org/m/20260407143407.974027_KR_webconnectivity_4cb3760b196f88b6
https://www.clubhouse.com/,ok,https://explorer.ooni.org/m/20260407143410.101109_KR_webconnectivity_94a6591ee7c8e352
https://www.imqq.com/,ok,https://explorer.ooni.org/m/20260407143411.991183_KR_webconnectivity_f2b070a0a8a37a9c
https://www.joinclubhouse.com/,ok,https://explorer.ooni.org/m/20260407143413.468205_KR_webconnectivity_f9ae1d12179a7105
https://www.worldpulse.com/,ok,https://explorer.ooni.org/m/20260407143415.007597_KR_webconnectivity_893129b5ad919019
https://dns.adguard.com/dns-query?dns=q80BAAABAAAAAAAAA3d3dwdleGFtcGxlA2NvbQAAAQAB,tcp_ip,https://explorer.ooni.org/m/20260407143415.706469_KR_webconnectivity_5271f7c482c4106c
https://doh.centraleu.pi-dns.com/dns-query?dns=q80BAAABAAAAAAAAA3d3dwdleGFtcGxlA2NvbQAAAQAB,dns,https://explorer.ooni.org/m/20260407143416.674588_KR_webconnectivity_a8847940d168749d
https://www.beintheknow.org/,ok,https://explorer.ooni.org/m/20260407143419.471225_KR_webconnectivity_7b9d683f8582ae90
http://www.pandora.tv/,ok,https://explorer.ooni.org/m/20260407143421.491927_KR_webconnectivity_5d72ec5a537e018c
http://www.scarleteen.com/,http-diff,https://explorer.ooni.org/m/20260407143423.296541_KR_webconnectivity_53efd8d5411262b0
https://uk.match.com/,ok,https://explorer.ooni.org/m/20260407143424.300489_KR_webconnectivity_7de7f1efabc659ab
https://www.blueskyswimwear.com/,ok,https://explorer.ooni.org/m/20260407143426.642785_KR_webconnectivity_d76fa3ad48e727c0
http://www.thaichix.com/,confirmed,https://explorer.ooni.org/m/20260407143428.195009_KR_webconnectivity_8c6546d4e8b18826
http://www.thaicuties.com/,http-diff,https://explorer.ooni.org/m/20260407143430.686944_KR_webconnectivity_f6413091bdb3d747
http://baykoreans.net/,confirmed,https://explorer.ooni.org/m/20260407143432.616624_KR_webconnectivity_a238664e6c4ba21f
https://chika.aangat.lahat.computer/,ok,https://explorer.ooni.org/m/20260407143435.187235_KR_webconnectivity_cfa1e4531e9e3860
https://kick.com/,ok,https://explorer.ooni.org/m/20260407143436.371973_KR_webconnectivity_bdde8580f568e3bb
https://mail.yandex.ru/,http-failure,https://explorer.ooni.org/m/20260407143459.598132_KR_webconnectivity_1334e0684afe747d
https://presearch.com/,ok,https://explorer.ooni.org/m/20260407143501.405249_KR_webconnectivity_fd84fabb78b45acb
http://www.kissphoto.net/,ok,https://explorer.ooni.org/m/20260407143503.082116_KR_webconnectivity_9d8cf325cdeec02c
https://afterellen.com/,ok,https://explorer.ooni.org/m/20260407143507.234610_KR_webconnectivity_c31c22eb61c8e493
https://cdt.org/,ok,https://explorer.ooni.org/m/20260407143509.298881_KR_webconnectivity_c36369a366d30aab
https://cryptome.org/,error,https://explorer.ooni.org/m/20260407143512.066972_KR_webconnectivity_031f8920cd81ebe5
http://freedom.jinbo.net/,ok,https://explorer.ooni.org/m/20260407143515.215529_KR_webconnectivity_b6f4deac02914281
https://getintra.org/,ok,https://explorer.ooni.org/m/20260407143520.221897_KR_webconnectivity_9cd83bd1079e6243
https://getoutline.org/,ok,https://explorer.ooni.org/m/20260407143525.292422_KR_webconnectivity_8b5723f588421bd7
https://hola.org/,ok,https://explorer.ooni.org/m/20260407143539.531985_KR_webconnectivity_d89c764c17fbbeb5
http://hrnet.jinbo.net/,ok,https://explorer.ooni.org/m/20260407143541.486751_KR_webconnectivity_dd61233acfece032
https://iyfglobal.org/,ok,https://explorer.ooni.org/m/20260407143543.952734_KR_webconnectivity_0abc26e2a38de8d2
http://kscrc.org/,ok,https://explorer.ooni.org/m/20260407143546.859278_KR_webconnectivity_2db8fdd9ddde2e6d
https://lalgbtcenter.org/,ok,https://explorer.ooni.org/m/20260407143549.771943_KR_webconnectivity_6a85f220063a62ee
https://leap.se/,ok,https://explorer.ooni.org/m/20260407143554.805500_KR_webconnectivity_c2d267788c24134e
https://lgbtnewsnow.org/,ok,https://explorer.ooni.org/m/20260407143608.989696_KR_webconnectivity_c0057b0733629460
https://mask-h2.icloud.com/,error,https://explorer.ooni.org/m/20260407143611.785407_KR_webconnectivity_e6c4d60743de07b8
https://minorityrights.org/,ok,https://explorer.ooni.org/m/20260407143613.593480_KR_webconnectivity_e60471e40735db5a
http://nocensor.org/,ok,https://explorer.ooni.org/m/20260407143615.735916_KR_webconnectivity_99fbb225510db6a4
http://nodongsarang.org/,ok,https://explorer.ooni.org/m/20260407143616.671246_KR_webconnectivity_a313336cfc1ae25e
https://orbot.app/,ok,https://explorer.ooni.org/m/20260407143619.759194_KR_webconnectivity_031a697c6cfd04d2
https://pflag.org/,ok,https://explorer.ooni.org/m/20260407143631.723950_KR_webconnectivity_4622913dc5be4375
https://riseup.net/,error,https://explorer.ooni.org/m/20260407143634.574963_KR_webconnectivity_b87fe55dfd51e32c
https://sputnikglobe.com/,ok,https://explorer.ooni.org/m/20260407143649.573924_KR_webconnectivity_2213dd986b129257
https://tor.eff.org/,ok,https://explorer.ooni.org/m/20260407143655.369971_KR_webconnectivity_f28fa6021a4451f9
https://transfemscience.org/,ok,https://explorer.ooni.org/m/20260407143658.804771_KR_webconnectivity_d4039e1aefc0290d
https://triplebit.org/,ok,https://explorer.ooni.org/m/20260407143705.111043_KR_webconnectivity_0477e159404cfef2
https://unredacted.org/,ok,https://explorer.ooni.org/m/20260407143707.757728_KR_webconnectivity_f0446c07426c3f97
https://womenhelp.org/,http-failure,https://explorer.ooni.org/m/20260407143709.992135_KR_webconnectivity_8462634466aefbe5
https://www.bnaibrith.org/,ok,https://explorer.ooni.org/m/20260407143712.119254_KR_webconnectivity_ebf90c9d81feb81a
https://www.cato.org/,ok,https://explorer.ooni.org/m/20260407143718.405842_KR_webconnectivity_bca9687a8e279fbd
https://www.economist.com/,ok,https://explorer.ooni.org/m/20260407143719.949376_KR_webconnectivity_2eec7b7bfdd7004f
https://www.exgay.com/,ok,https://explorer.ooni.org/m/20260407143721.637189_KR_webconnectivity_ebf333a3ce96e34f
https://www.freespeechcoalition.com/,ok,https://explorer.ooni.org/m/20260407143727.518194_KR_webconnectivity_b7c5d89e4be60fcf
http://www.fridae.com/,http-diff,https://explorer.ooni.org/m/20260407143730.117278_KR_webconnectivity_b494bdaf882dda3c
https://www.ft.com/,ok,https://explorer.ooni.org/m/20260407143737.243752_KR_webconnectivity_6593baa185bc787d
http://www.glbtqarchive.com/,ok,https://explorer.ooni.org/m/20260407143740.625537_KR_webconnectivity_ec9ed9a034555d4f
http://www.goodasyou.net/,ok,https://explorer.ooni.org/m/20260407143742.613117_KR_webconnectivity_6ec5476bb55427c3
http://www.http-tunnel.com/,http-diff,https://explorer.ooni.org/m/20260407143744.272672_KR_webconnectivity_1b5ff1c9f783651b
http://www.ifex.org/,ok,https://explorer.ooni.org/m/20260407143746.409622_KR_webconnectivity_5a20ac762e356e8b
http://www.ifge.org/,http-diff,https://explorer.ooni.org/m/20260407143748.226507_KR_webconnectivity_24bc7d7eee91a0c9
https://www.ineedana.com/,ok,https://explorer.ooni.org/m/20260407143802.040407_KR_webconnectivity_e5610f21fa37736f
https://www.infomigrants.net/,ok,https://explorer.ooni.org/m/20260407143805.107498_KR_webconnectivity_b235f9efa1a1d251
http://www.inochong.org/,ok,https://explorer.ooni.org/m/20260407143808.838265_KR_webconnectivity_e284027e2bbad46a
http://www.kcna.kp/,tcp_ip,https://explorer.ooni.org/m/20260407143854.672626_KR_webconnectivity_bffa3f95b31eebf1
http://www.kqcf.org/,ok,https://explorer.ooni.org/m/20260407143858.418435_KR_webconnectivity_0fdcfe85b9eac655
http://www.mizzima.com/,ok,https://explorer.ooni.org/m/20260407143900.401317_KR_webconnectivity_f1b6eea8dbdd8835
https://www.ohchr.org/,ok,https://explorer.ooni.org/m/20260407143902.242281_KR_webconnectivity_3b4be8fe8e254820
http://www.oneworld.net/,ok,https://explorer.ooni.org/m/20260407143925.239797_KR_webconnectivity_19af62d3f35da905
https://www.rfi.fr/,ok,https://explorer.ooni.org/m/20260407143928.042858_KR_webconnectivity_524445e597c4f322
http://www.snumaum.org/,ok,https://explorer.ooni.org/m/20260407143934.549452_KR_webconnectivity_1ccef69af68d1d45
http://www.sp.or.kr/,dns,https://explorer.ooni.org/m/20260407143936.506114_KR_webconnectivity_9db3cf80d62cdfc0
https://www.telegraph.co.uk/,ok,https://explorer.ooni.org/m/20260407143939.722834_KR_webconnectivity_dc0ab8d07958fb9f
http://www.towleroad.com/,http-diff,https://explorer.ooni.org/m/20260407143941.627601_KR_webconnectivity_bc1feb9f97946eb5
https://www.unhcr.org/,ok,https://explorer.ooni.org/m/20260407143944.791962_KR_webconnectivity_723fd37e6d32b58d
http://www.upschool.net/xe/,ok,https://explorer.ooni.org/m/20260407143952.074278_KR_webconnectivity_5570ac26fc7ff789
http://www.vop.co.kr/,error,https://explorer.ooni.org/m/20260407143954.516001_KR_webconnectivity_145e9bb91e790a99
https://i.pinimg.com/236x/78/6e/00/786e00eab219eca59803d118fbe0feb3.jpg,ok,https://explorer.ooni.org/m/20260407143958.461374_KR_webconnectivity_80e2f8e7951913f7
https://joinmastodon.org/,ok,https://explorer.ooni.org/m/20260407144014.761848_KR_webconnectivity_68ea7a1f9181ccd8
https://locals.com/,ok,https://explorer.ooni.org/m/20260407144026.145765_KR_webconnectivity_fed2d0b9ba2d03c3
https://mastodon.cloud/,ok,https://explorer.ooni.org/m/20260407144030.004417_KR_webconnectivity_36cfedc34ec10420
https://mstdn.io/,ok,https://explorer.ooni.org/m/20260407144037.021518_KR_webconnectivity_68885d6645ea36ac
https://mstdn.jp/,ok,https://explorer.ooni.org/m/20260407144041.237405_KR_webconnectivity_ef1ccdd7f263a5eb
https://pbs.twimg.com/profile_images/941658150889054208/lFeD3554_200x200.jpg,ok,https://explorer.ooni.org/m/20260407144043.929254_KR_webconnectivity_d30053160ea6746c
https://pixelfed.social/,ok,https://explorer.ooni.org/m/20260407144047.616792_KR_webconnectivity_fbab25ae19db138b
https://s.pinimg.com/robots.txt,ok,https://explorer.ooni.org/m/20260407144050.124845_KR_webconnectivity_b49dc2b586e56047
https://scontent-vie1-1.cdninstagram.com/favicon.ico,ok,https://explorer.ooni.org/m/20260407144053.514786_KR_webconnectivity_421a3d355803e82a
https://untappd.com/,ok,https://explorer.ooni.org/m/20260407144105.199117_KR_webconnectivity_b17439599641c277
https://video.twimg.com/tweet_video/EC6DSXDXsAEhHAa.mp4,ok,https://explorer.ooni.org/m/20260407144110.569321_KR_webconnectivity_7ab75cd78f22ca1a
https://www.hootsuite.com/,ok,https://explorer.ooni.org/m/20260407144119.079695_KR_webconnectivity_480bfccbb2bbddf4
https://www.linkedin.com/,ok,https://explorer.ooni.org/m/20260407144142.974161_KR_webconnectivity_a6c264512b8662dd
https://www.minds.com/,ok,https://explorer.ooni.org/m/20260407144155.265460_KR_webconnectivity_ec35d96fe80cad80
https://www.patreon.com/,ok,https://explorer.ooni.org/m/20260407144209.799739_KR_webconnectivity_ec82db6a88cee224
http://detectportal.firefox.com/success.txt,ok,https://explorer.ooni.org/m/20260407144211.340765_KR_webconnectivity_547964d275b7d41d
https://electrum.org/,ok,https://explorer.ooni.org/m/20260407144216.585190_KR_webconnectivity_88d9a86dd14e9761
https://uphold.com/,ok,https://explorer.ooni.org/m/20260407144225.929796_KR_webconnectivity_e442edd0bfb33f79
https://www.coolmathgames.com/,ok,https://explorer.ooni.org/m/20260407144238.220720_KR_webconnectivity_bfff5ff3ede7e354
https://www.xbox.com/,ok,https://explorer.ooni.org/m/20260407144247.177854_KR_webconnectivity_90f3e4b9cd0019ff
https://1337x.to/,ok,https://explorer.ooni.org/m/20260407144249.269111_KR_webconnectivity_13b2b140b1f0a7de
https://annas-archive.org/,ok,https://explorer.ooni.org/m/20260407144250.182344_KR_webconnectivity_315687115bf8056f
http://canna.to/,http-diff,https://explorer.ooni.org/m/20260407144251.485125_KR_webconnectivity_ccd9fc1ec5a61b15
https://eztv.ag/,ok,https://explorer.ooni.org/m/20260407144253.613637_KR_webconnectivity_b729b777e5bb0b15
https://microsoftedge.microsoft.com/addons/Microsoft-Edge-Extensions-Home,error,https://explorer.ooni.org/m/20260407144254.858885_KR_webconnectivity_29e075a27b10ca36
https://yts.lt/,ok,https://explorer.ooni.org/m/20260407144257.612898_KR_webconnectivity_7f1da7b65f8619ce
https://t.co/,ok,https://explorer.ooni.org/m/20260407144300.326142_KR_webconnectivity_c66b01e65cedc708
https://www.plannedparenthood.org/,ok,https://explorer.ooni.org/m/20260407144315.213019_KR_webconnectivity_1829fd4c87bde506
https://app.element.io/,ok,https://explorer.ooni.org/m/20260407144317.688856_KR_webconnectivity_9112c22942bf5c56
https://bcc.chat/,ok,https://explorer.ooni.org/m/20260407144321.404614_KR_webconnectivity_64429618523122f0
https://chatgpt.com/,ok,https://explorer.ooni.org/m/20260407144323.606882_KR_webconnectivity_1d00f97ef58755e1
https://claude.ai/,ok,https://explorer.ooni.org/m/20260407144325.233948_KR_webconnectivity_25154c6a0424592c
http://cyworld.nate.com/club/clubsection/clubSection4_main.asp,ok,https://explorer.ooni.org/m/20260407144327.115829_KR_webconnectivity_85c7fe376e1d6a97
https://dit.whatsapp.net/robots.txt,ok,https://explorer.ooni.org/m/20260407144329.228659_KR_webconnectivity_0b4cefdfb1a98f91
http://dongyoungsang.com/,dns,https://explorer.ooni.org/m/20260407144330.340126_KR_webconnectivity_5fa97baa68f569b7
https://journals.lww.com/,ok,https://explorer.ooni.org/m/20260407144333.966503_KR_webconnectivity_74f1991eb420c8a3
https://matrix-client.matrix.org/_matrix/client/versions,ok,https://explorer.ooni.org/m/20260407144335.711101_KR_webconnectivity_2c1431f1abe4a6f1
https://odysee.com/,ok,https://explorer.ooni.org/m/20260407144338.474061_KR_webconnectivity_2123968e7ae9068c
http://onairkorean.tv/,http-diff,https://explorer.ooni.org/m/20260407144343.052715_KR_webconnectivity_956838ccf92b0812
https://openai.com/,ok,https://explorer.ooni.org/m/20260407144345.947668_KR_webconnectivity_b5906d19d0bcef23
https://st1.zoom.us/zoom.ico,ok,https://explorer.ooni.org/m/20260407144350.231722_KR_webconnectivity_bd40f4c53769efa6
https://www.bitchute.com/,ok,https://explorer.ooni.org/m/20260407144354.018489_KR_webconnectivity_c1d15cbfcad76aeb
https://www.deepseek.com/,ok,https://explorer.ooni.org/m/20260407144401.917709_KR_webconnectivity_51f51f0ee3da6725
http://www.zzn.com/,ok,https://explorer.ooni.org/m/20260407144404.569074_KR_webconnectivity_a2cc92ddb96c2c2b
http://416family.org/,ok,https://explorer.ooni.org/m/20260407144407.002805_KR_webconnectivity_5d35385b2e63a08f
https://abortion-pills.org/,http-failure,https://explorer.ooni.org/m/20260407144409.703156_KR_webconnectivity_0c02ab858720066e
https://defenddefenders.org/,ok,https://explorer.ooni.org/m/20260407144412.365827_KR_webconnectivity_c5c447b3bbc109db
https://equal-eyes.org/,ok,https://explorer.ooni.org/m/20260407144422.908029_KR_webconnectivity_9d10c63abda755d4
https://foreignpolicy.com/,ok,https://explorer.ooni.org/m/20260407144449.012819_KR_webconnectivity_79937e6666899316
http://hcy.jinbo.net/,ok,https://explorer.ooni.org/m/20260407144451.754360_KR_webconnectivity_40c1d90651ff502d
http://lambdalegal.org/,ok,https://explorer.ooni.org/m/20260407144500.880398_KR_webconnectivity_70b952c090de9952
https://lgbtvacationplanners.com/,error,https://explorer.ooni.org/m/20260407144503.664396_KR_webconnectivity_052ed634b9606123
http://napo.jinbo.net/,ok,https://explorer.ooni.org/m/20260407144506.025012_KR_webconnectivity_76ed14f0fe6083ce
https://ourworldindata.org/,ok,https://explorer.ooni.org/m/20260407144518.007348_KR_webconnectivity_7df5af10c840c083
https://prism-break.org/,ok,https://explorer.ooni.org/m/20260407144520.853789_KR_webconnectivity_1c480ac625ec2132
http://seapa.wordpress.com/,ok,https://explorer.ooni.org/m/20260407144531.740935_KR_webconnectivity_c3c8410f25d0d8b1
https://secure.avaaz.org/,ok,https://explorer.ooni.org/m/20260407144538.914609_KR_webconnectivity_9af5be3e7391bf2f
https://slashdot.org/,ok,https://explorer.ooni.org/m/20260407144550.991726_KR_webconnectivity_b60d8b13d84a0ad1
http://slownews.kr/,ok,https://explorer.ooni.org/m/20260407144600.709533_KR_webconnectivity_52bed9b3706b7787
https://sputniknews.com/,ok,https://explorer.ooni.org/m/20260407144614.626761_KR_webconnectivity_baa7539c613ebaca
https://ssd.eff.org/,ok,https://explorer.ooni.org/m/20260407144619.706262_KR_webconnectivity_574639fd539a61b4
https://substack.com/,ok,https://explorer.ooni.org/m/20260407144626.101261_KR_webconnectivity_214743277447fe65
https://tdov.org/,ok,https://explorer.ooni.org/m/20260407144634.811416_KR_webconnectivity_dd9df08b4a27d1e2
https://theintercept.com/,ok,https://explorer.ooni.org/m/20260407144643.870030_KR_webconnectivity_09623debfdc95a8b
https://unwatch.org/,ok,https://explorer.ooni.org/m/20260407144656.112369_KR_webconnectivity_8d041e854cfda2d3
https://www.404media.co/,ok,https://explorer.ooni.org/m/20260407144703.931895_KR_webconnectivity_bd473a15fc81bdd8
https://www.alarabiya.net/,ok,https://explorer.ooni.org/m/20260407144715.996271_KR_webconnectivity_71ec6e277fae27b0
http://www.anarclan.net/,ok,https://explorer.ooni.org/m/20260407144718.542563_KR_webconnectivity_e828cbcf913abe8b
http://www.asiafoundation.org/,ok,https://explorer.ooni.org/m/20260407144720.990486_KR_webconnectivity_73af0944b2a18864
https://www.bbc.co.uk/,ok,https://explorer.ooni.org/m/20260407144734.976972_KR_webconnectivity_b5f83e86ad6a4575
https://www.brookings.edu/,ok,https://explorer.ooni.org/m/20260407144747.931212_KR_webconnectivity_5ee619f84a8dc309
https://www.childrensdefense.org/,ok,https://explorer.ooni.org/m/20260407144758.132765_KR_webconnectivity_d10566683bf5b916
https://www.chinatimes.com/,ok,https://explorer.ooni.org/m/20260407144812.911409_KR_webconnectivity_ef0ac697de73118e
https://www.cpj.org/,ok,https://explorer.ooni.org/m/20260407144824.663972_KR_webconnectivity_58973b84591d1b19
https://www.dailywire.com/,ok,https://explorer.ooni.org/m/20260407144837.104685_KR_webconnectivity_e9ef7ea1adf7f33c
https://www.disabilityrightsfund.org/,ok,https://explorer.ooni.org/m/20260407144849.182406_KR_webconnectivity_67666a7804188c98
https://www.doriafeministfund.org/,ok,https://explorer.ooni.org/m/20260407144852.690445_KR_webconnectivity_0ba7d6f3a6f97469
https://www.foxnews.com/,ok,https://explorer.ooni.org/m/20260407144901.744303_KR_webconnectivity_f907707681c94018
https://www.hrw.org/,ok,https://explorer.ooni.org/m/20260407144914.359038_KR_webconnectivity_23aa8c8e6b03adca
https://www.hrw.org/asia/south-korea,ok,https://explorer.ooni.org/m/20260407144926.367311_KR_webconnectivity_70b53b57126f353a
https://www.icc-cpi.int/,ok,https://explorer.ooni.org/m/20260407144936.743471_KR_webconnectivity_7d372dafc185f25a
http://www.khrp.org/,ok,https://explorer.ooni.org/m/20260407144940.996262_KR_webconnectivity_04d6f349d6aa81da
https://www.mideastyouth.com/,ok,https://explorer.ooni.org/m/20260407144949.369803_KR_webconnectivity_205d585ad3d59913
https://www.mombian.com/,ok,https://explorer.ooni.org/m/20260407144950.814256_KR_webconnectivity_b4fe2eba57ca8e92
http://www.nkhumanrights.or.kr/,ok,https://explorer.ooni.org/m/20260407144954.038148_KR_webconnectivity_1ad132535e503123
https://www.nytimes.com/,ok,https://explorer.ooni.org/m/20260407145008.884161_KR_webconnectivity_aefcb6ffdabbc531
https://www.opensocietyfoundations.org/,ok,https://explorer.ooni.org/m/20260407145022.090502_KR_webconnectivity_a4432cf592a9e003
https://www.refugeesinternational.org/,ok,https://explorer.ooni.org/m/20260407145031.308655_KR_webconnectivity_c5d967eaea81526b
https://www.rescue.org/,ok,https://explorer.ooni.org/m/20260407145041.750226_KR_webconnectivity_4e9f6066cacd8dbf
http://www.sarangbang.or.kr/,ok,https://explorer.ooni.org/m/20260407145048.903990_KR_webconnectivity_8f904e89f69e2c0d
http://www.scmp.com/,ok,https://explorer.ooni.org/m/20260407145057.912309_KR_webconnectivity_429bdc0fda3e74f9
https://www.starlink.com/,ok,https://explorer.ooni.org/m/20260407145100.768142_KR_webconnectivity_848bc40bd1bd7d74
http://www.theepochtimes.com/,ok,https://explorer.ooni.org/m/20260407145113.865031_KR_webconnectivity_dbf0715e6c5ea4fd
https://www.transgendermap.com/,ok,https://explorer.ooni.org/m/20260407145124.378483_KR_webconnectivity_c9ff49ef5f0eae27
https://www.transparency.org/,ok,https://explorer.ooni.org/m/20260407145131.796577_KR_webconnectivity_c492ad9e5198a8c6
https://www.unfpa.org/,ok,https://explorer.ooni.org/m/20260407145141.096190_KR_webconnectivity_979b0240ed81e9b4
https://www.womenforwomen.org/,ok,https://explorer.ooni.org/m/20260407145154.306251_KR_webconnectivity_16d0b2a5042459d3
http://www.womenvoters.or.kr/,ok,https://explorer.ooni.org/m/20260407145200.129942_KR_webconnectivity_02f142b60789ce1e
https://europedatingonline.com/,ok,https://explorer.ooni.org/m/20260407145201.001270_KR_webconnectivity_b02bcd241284c1ab
http://www.koreancupid.com/,http-diff,https://explorer.ooni.org/m/20260407145203.462417_KR_webconnectivity_0e85e2873ec7a424
http://www.lasenza.com/,ok,https://explorer.ooni.org/m/20260407145214.889377_KR_webconnectivity_49af1e92affc1b17
https://www.match.com/,ok,https://explorer.ooni.org/m/20260407145217.900197_KR_webconnectivity_7c53c4d55c7b8e17
https://www.pornhub.com/,http-failure,https://explorer.ooni.org/m/20260407145219.188019_KR_webconnectivity_d9a5cb70712da01c
http://www.sex.com/,http-diff,https://explorer.ooni.org/m/20260407145221.320791_KR_webconnectivity_b04b2def404882a2
http://www.thegooddrugsguide.com/,http-diff,https://explorer.ooni.org/m/20260407145222.545143_KR_webconnectivity_b1b9b5dbe735e143
http://cafe.naver.com/gjhlk,ok,https://explorer.ooni.org/m/20260407145225.315342_KR_webconnectivity_5763d7bb64c9a76f
https://coronavirus.jhu.edu/map.html,ok,https://explorer.ooni.org/m/20260407145228.756987_KR_webconnectivity_121c4cac6361b104
https://disqus.com/,ok,https://explorer.ooni.org/m/20260407145232.385134_KR_webconnectivity_0d61df189c1d5cdf
https://encrypted-tbn0.gstatic.com/robots.txt,ok,https://explorer.ooni.org/m/20260407145237.254720_KR_webconnectivity_0ebbc901fb7a88af
https://experience.arcgis.com/experience/685d0ace521648f8a5beeeee1b9125cd,ok,https://explorer.ooni.org/m/20260407145240.809851_KR_webconnectivity_c7ee7561d55ae1f0
https://hgis.uw.edu/virus/,ok,https://explorer.ooni.org/m/20260407145248.732552_KR_webconnectivity_ab0bd2b7c01fc1fe
http://imo.im/,ok,https://explorer.ooni.org/m/20260407145251.849811_KR_webconnectivity_26001bed3460b679
https://lbry.com/,ok,https://explorer.ooni.org/m/20260407145255.941117_KR_webconnectivity_adaae9ad0e98278d
https://lbry.org/,ok,https://explorer.ooni.org/m/20260407145259.037661_KR_webconnectivity_66d9ba20c1b14067
https://line.me/,ok,https://explorer.ooni.org/m/20260407145302.553652_KR_webconnectivity_5c0d49edb355d41b
https://livestream.com/,ok,https://explorer.ooni.org/m/20260407145310.031173_KR_webconnectivity_7e7dd9304bd7a70e
https://matrix.org/,ok,https://explorer.ooni.org/m/20260407145313.559993_KR_webconnectivity_245db8fd199c6029
https://matrix.to/,ok,https://explorer.ooni.org/m/20260407145315.575624_KR_webconnectivity_e013160cfda83025
https://mattermost.com/,ok,https://explorer.ooni.org/m/20260407145329.531058_KR_webconnectivity_8ca3f7303aa56070
https://media-arn2-1.cdn.whatsapp.net/robots.txt,error,https://explorer.ooni.org/m/20260407145345.260265_KR_webconnectivity_35f5dd5444c6c956
https://meet.jit.si/,error,https://explorer.ooni.org/m/20260407145400.940773_KR_webconnectivity_02d0d0e30b08adf5
https://openobservatory.slack.com/,error,https://explorer.ooni.org/m/20260407145416.957051_KR_webconnectivity_3f524d375cad775b
https://pinboard.in/,ok,https://explorer.ooni.org/m/20260407145428.312066_KR_webconnectivity_161240c477ea38af
https://postimage.io/,ok,https://explorer.ooni.org/m/20260407145435.977010_KR_webconnectivity_1aa647cadb07f9a9
http://sakhr.com/,ok,https://explorer.ooni.org/m/20260407145438.136178_KR_webconnectivity_15b09edfae2ec8ef
https://simplex.chat/,ok,https://explorer.ooni.org/m/20260407145446.860691_KR_webconnectivity_a08a92e3372eefd5
https://slack-imgs.com/,ok,https://explorer.ooni.org/m/20260407145450.274519_KR_webconnectivity_5da5fdeec36cb546
https://slack.com/,ok,https://explorer.ooni.org/m/20260407145511.531274_KR_webconnectivity_d923241f5378d169
https://telegram.me/,ok,https://explorer.ooni.org/m/20260407145520.991177_KR_webconnectivity_76db9c6abfebb1a5
https://trello.com/,ok,https://explorer.ooni.org/m/20260407145535.817857_KR_webconnectivity_72d24ced133ffcd8
http://tvpot.daum.net/,dns,https://explorer.ooni.org/m/20260407145536.972018_KR_webconnectivity_2c081ee214a214a3
https://tvzil.com/,ok,https://explorer.ooni.org/m/20260407145545.585142_KR_webconnectivity_fb2c2e1ede060011
https://webcache.googleusercontent.com/robots.txt,ok,https://explorer.ooni.org/m/20260407145548.070524_KR_webconnectivity_b2365ea6a36d33d0
https://wire.com/,ok,https://explorer.ooni.org/m/20260407145559.821583_KR_webconnectivity_0a42b7c23981cfb2
http://www.ask.com/,ok,https://explorer.ooni.org/m/20260407145607.636705_KR_webconnectivity_0ffa9cf66c5fb792
https://www.asterisk.org/,ok,https://explorer.ooni.org/m/20260407145611.633890_KR_webconnectivity_d2057ded54f6dd48
https://www.blackberry.com/,ok,https://explorer.ooni.org/m/20260407145627.444222_KR_webconnectivity_8971e8a79946f3b5
https://www.cdc.go.kr/board/board.es?mid=&bid=0030,error,https://explorer.ooni.org/m/20260407145630.158367_KR_webconnectivity_5a221856c895dd71
http://www.chol.com/,dns,https://explorer.ooni.org/m/20260407145632.628159_KR_webconnectivity_ba8161e2e64f30bc
https://www.dailymotion.com/,ok,https://explorer.ooni.org/m/20260407145642.402717_KR_webconnectivity_deead61115bb0dd8
http://www.empas.com/,ok,https://explorer.ooni.org/m/20260407145644.970484_KR_webconnectivity_cfe788bcd3b4c508
https://www.excite.com/,ok,https://explorer.ooni.org/m/20260407145653.154709_KR_webconnectivity_bcc744acd38ac876
https://www.fastmail.com/,ok,https://explorer.ooni.org/m/20260407145700.419792_KR_webconnectivity_04c0c291d5dd48a2
https://www.flickr.com/,ok,https://explorer.ooni.org/m/20260407145710.946934_KR_webconnectivity_3bfb6fc3b9e46374
http://www.lets070.net/,ok,https://explorer.ooni.org/m/20260407145715.620085_KR_webconnectivity_c85ca687531ae25d
https://www.liveleak.com/,error,https://explorer.ooni.org/m/20260407145719.128284_KR_webconnectivity_0b0358593c329d33
http://www.lxnetworks.co.kr/,error,https://explorer.ooni.org/m/20260407145723.123586_KR_webconnectivity_b92a026febe4efc3
https://www.ushareit.com/,ok,https://explorer.ooni.org/m/20260407145731.889383_KR_webconnectivity_2e86053803176328
https://www.wordreference.com/,ok,https://explorer.ooni.org/m/20260407145733.872149_KR_webconnectivity_7a6f3fff3cecc940
http://www.siecus.org/,http-diff,https://explorer.ooni.org/m/20260407145736.210468_KR_webconnectivity_e6c443e4d25a3e72
http://libgen.gs/,ok,https://explorer.ooni.org/m/20260407145737.010897_KR_webconnectivity_003095580d9838de
https://libgen.xyz/,ok,https://explorer.ooni.org/m/20260407145739.497381_KR_webconnectivity_7f73e68b65db0d02
https://rargb.to/,ok,https://explorer.ooni.org/m/20260407145749.115745_KR_webconnectivity_c47b905d63d609ab
https://www.binance.com/,ok,https://explorer.ooni.org/m/20260407145752.135848_KR_webconnectivity_f6a3dad6a6b49403
http://www.riftgame.com/,ok,https://explorer.ooni.org/m/20260407145802.897183_KR_webconnectivity_48562842762804f0
http://www.jesussaves.cc/,ok,https://explorer.ooni.org/m/20260407145813.058230_KR_webconnectivity_b7ecf90bc6b4d067
https://www.worldwildlife.org/,ok,https://explorer.ooni.org/m/20260407145822.763819_KR_webconnectivity_3a54427298c67cb9
http://www.dprkstudies.org/documents/nkpics/picgal.html,dns,https://explorer.ooni.org/m/20260407145824.610228_KR_webconnectivity_4a899655be816878
https://yts.mx/,ok,https://explorer.ooni.org/m/20260407145825.667105_KR_webconnectivity_607155195cae1f07
https://store.epicgames.com/,ok,https://explorer.ooni.org/m/20260407145828.260965_KR_webconnectivity_9cb39b00e0e456e3
https://tlauncher.org/,ok,https://explorer.ooni.org/m/20260407145837.317903_KR_webconnectivity_d300cfb2545fd343
https://www.origin.com/,ok,https://explorer.ooni.org/m/20260407145848.786560_KR_webconnectivity_fe88fd56c49c7f50
http://www.secularislam.org/,ok,https://explorer.ooni.org/m/20260407145853.321719_KR_webconnectivity_c5fb44c2704d6978
https://alqassam.ps/,ok,https://explorer.ooni.org/m/20260407145901.009413_KR_webconnectivity_efc055f0f1399ab7
https://en.wiktionary.org/,ok,https://explorer.ooni.org/m/20260407145915.702188_KR_webconnectivity_85734fc3efb6b191
ok,dns,tcp_ip,http-diff,http-failure,confirmed,error,no_data,http(legacy)
1850,34,65,128,35,38,71,0,0
2221/2221 (expected)
